{
  "image": {
    "width": 5472,
    "height": 3648,
    "filename": "00000060.JPG",
    "original_filename": "EP-00-00012_0119_0017.JPG",
    "url": "https://darwin.v7labs.com/api/images/1221661/original?token=43ffe058-ebd2-4afa-8955-89cf45e925a6",
    "thumbnail_url": "https://darwin.v7labs.com/api/images/1221661/thumbnail?token=43ffe058-ebd2-4afa-8955-89cf45e925a6",
    "workview_url": "https://darwin.v7labs.com/workview?dataset=1190&image=60"
  },
  "dataset": "Mapping_1",
  "annotated": true,
  "annotations": [
    {
      "annotator": {
        "email": "order@bex.kg",
        "full_name": "Zhaparova  Nurzhan"
      },
      "name": "Vehicle Polygon ",
      "polygon": {
        "path": [
          {
            "x": 322,
            "y": 320
          },
          {
            "x": 321,
            "y": 321
          },
          {
            "x": 320,
            "y": 321
          },
          {
            "x": 319,
            "y": 322
          },
          {
            "x": 312,
            "y": 322
          },
          {
            "x": 311,
            "y": 323
          },
          {
            "x": 309,
            "y": 323
          },
          {
            "x": 308,
            "y": 324
          },
          {
            "x": 305,
            "y": 324
          },
          {
            "x": 304,
            "y": 325
          },
          {
            "x": 299,
            "y": 325
          },
          {
            "x": 298,
            "y": 326
          },
          {
            "x": 294,
            "y": 326
          },
          {
            "x": 293,
            "y": 327
          },
          {
            "x": 291,
            "y": 327
          },
          {
            "x": 290,
            "y": 328
          },
          {
            "x": 289,
            "y": 328
          },
          {
            "x": 289,
            "y": 329
          },
          {
            "x": 287,
            "y": 331
          },
          {
            "x": 287,
            "y": 332
          },
          {
            "x": 286,
            "y": 333
          },
          {
            "x": 286,
            "y": 336
          },
          {
            "x": 285,
            "y": 337
          },
          {
            "x": 285,
            "y": 339
          },
          {
            "x": 284,
            "y": 340
          },
          {
            "x": 284,
            "y": 345
          },
          {
            "x": 283,
            "y": 346
          },
          {
            "x": 283,
            "y": 352
          },
          {
            "x": 282,
            "y": 353
          },
          {
            "x": 282,
            "y": 364
          },
          {
            "x": 281,
            "y": 365
          },
          {
            "x": 281,
            "y": 372
          },
          {
            "x": 280,
            "y": 373
          },
          {
            "x": 280,
            "y": 413.0
          },
          {
            "x": 281,
            "y": 414
          },
          {
            "x": 281,
            "y": 419.0
          },
          {
            "x": 282,
            "y": 420
          },
          {
            "x": 282,
            "y": 425.0
          },
          {
            "x": 283,
            "y": 426
          },
          {
            "x": 283,
            "y": 430
          },
          {
            "x": 284,
            "y": 431
          },
          {
            "x": 284,
            "y": 445
          },
          {
            "x": 285,
            "y": 446.0
          },
          {
            "x": 285,
            "y": 448.0
          },
          {
            "x": 284,
            "y": 449
          },
          {
            "x": 284,
            "y": 458.0
          },
          {
            "x": 285,
            "y": 459
          },
          {
            "x": 285,
            "y": 470.0
          },
          {
            "x": 286,
            "y": 471
          },
          {
            "x": 286,
            "y": 477
          },
          {
            "x": 287,
            "y": 478.0
          },
          {
            "x": 287,
            "y": 481
          },
          {
            "x": 288,
            "y": 482
          },
          {
            "x": 288,
            "y": 484
          },
          {
            "x": 289,
            "y": 485
          },
          {
            "x": 289,
            "y": 486
          },
          {
            "x": 290,
            "y": 487
          },
          {
            "x": 290,
            "y": 488
          },
          {
            "x": 291,
            "y": 489
          },
          {
            "x": 291,
            "y": 490
          },
          {
            "x": 292,
            "y": 491
          },
          {
            "x": 292,
            "y": 493.0
          },
          {
            "x": 293,
            "y": 494
          },
          {
            "x": 293,
            "y": 495.0
          },
          {
            "x": 295,
            "y": 497.0
          },
          {
            "x": 295,
            "y": 498
          },
          {
            "x": 300,
            "y": 503.0
          },
          {
            "x": 301,
            "y": 503.0
          },
          {
            "x": 303,
            "y": 505.0
          },
          {
            "x": 304,
            "y": 505.0
          },
          {
            "x": 306,
            "y": 507.0
          },
          {
            "x": 307,
            "y": 507.0
          },
          {
            "x": 308,
            "y": 508
          },
          {
            "x": 309,
            "y": 508
          },
          {
            "x": 312,
            "y": 511.0
          },
          {
            "x": 313,
            "y": 511.0
          },
          {
            "x": 314,
            "y": 512
          },
          {
            "x": 315,
            "y": 512
          },
          {
            "x": 316,
            "y": 513
          },
          {
            "x": 318,
            "y": 513
          },
          {
            "x": 319,
            "y": 514
          },
          {
            "x": 324,
            "y": 514
          },
          {
            "x": 325,
            "y": 515
          },
          {
            "x": 328,
            "y": 515
          },
          {
            "x": 329,
            "y": 516
          },
          {
            "x": 340,
            "y": 516
          },
          {
            "x": 341,
            "y": 515
          },
          {
            "x": 343,
            "y": 515
          },
          {
            "x": 344,
            "y": 514
          },
          {
            "x": 348,
            "y": 514
          },
          {
            "x": 349,
            "y": 513
          },
          {
            "x": 352,
            "y": 513
          },
          {
            "x": 353,
            "y": 512
          },
          {
            "x": 355,
            "y": 512
          },
          {
            "x": 356,
            "y": 511.0
          },
          {
            "x": 359,
            "y": 511.0
          },
          {
            "x": 360,
            "y": 510
          },
          {
            "x": 361,
            "y": 510
          },
          {
            "x": 362,
            "y": 509.0
          },
          {
            "x": 363,
            "y": 509.0
          },
          {
            "x": 370,
            "y": 502
          },
          {
            "x": 370,
            "y": 501.0
          },
          {
            "x": 371,
            "y": 500
          },
          {
            "x": 372,
            "y": 500
          },
          {
            "x": 372,
            "y": 499.0
          },
          {
            "x": 373,
            "y": 498
          },
          {
            "x": 373,
            "y": 496
          },
          {
            "x": 374,
            "y": 495.0
          },
          {
            "x": 374,
            "y": 490
          },
          {
            "x": 375,
            "y": 489
          },
          {
            "x": 375,
            "y": 483
          },
          {
            "x": 376,
            "y": 482
          },
          {
            "x": 376,
            "y": 478.0
          },
          {
            "x": 375,
            "y": 477
          },
          {
            "x": 375,
            "y": 465
          },
          {
            "x": 376,
            "y": 464.0
          },
          {
            "x": 376,
            "y": 463
          },
          {
            "x": 377,
            "y": 462.0
          },
          {
            "x": 377,
            "y": 459
          },
          {
            "x": 378,
            "y": 458.0
          },
          {
            "x": 378,
            "y": 455
          },
          {
            "x": 377,
            "y": 454.0
          },
          {
            "x": 377,
            "y": 439
          },
          {
            "x": 378,
            "y": 438
          },
          {
            "x": 378,
            "y": 420
          },
          {
            "x": 379,
            "y": 419.0
          },
          {
            "x": 379,
            "y": 392
          },
          {
            "x": 380,
            "y": 391
          },
          {
            "x": 380,
            "y": 389
          },
          {
            "x": 381,
            "y": 388
          },
          {
            "x": 381,
            "y": 385
          },
          {
            "x": 382,
            "y": 384
          },
          {
            "x": 382,
            "y": 377
          },
          {
            "x": 383,
            "y": 376
          },
          {
            "x": 383,
            "y": 372
          },
          {
            "x": 384,
            "y": 371
          },
          {
            "x": 384,
            "y": 369
          },
          {
            "x": 386,
            "y": 367
          },
          {
            "x": 386,
            "y": 366
          },
          {
            "x": 387,
            "y": 365
          },
          {
            "x": 387,
            "y": 358
          },
          {
            "x": 386,
            "y": 357
          },
          {
            "x": 386,
            "y": 355
          },
          {
            "x": 385,
            "y": 354
          },
          {
            "x": 385,
            "y": 353
          },
          {
            "x": 383,
            "y": 351
          },
          {
            "x": 383,
            "y": 349
          },
          {
            "x": 381,
            "y": 347
          },
          {
            "x": 381,
            "y": 346
          },
          {
            "x": 379,
            "y": 344
          },
          {
            "x": 379,
            "y": 343
          },
          {
            "x": 378,
            "y": 342
          },
          {
            "x": 378,
            "y": 341
          },
          {
            "x": 377,
            "y": 340
          },
          {
            "x": 377,
            "y": 339
          },
          {
            "x": 376,
            "y": 338
          },
          {
            "x": 376,
            "y": 337
          },
          {
            "x": 366,
            "y": 327
          },
          {
            "x": 365,
            "y": 327
          },
          {
            "x": 364,
            "y": 326
          },
          {
            "x": 362,
            "y": 326
          },
          {
            "x": 361,
            "y": 325
          },
          {
            "x": 355,
            "y": 325
          },
          {
            "x": 354,
            "y": 324
          },
          {
            "x": 352,
            "y": 324
          },
          {
            "x": 351,
            "y": 323
          },
          {
            "x": 349,
            "y": 323
          },
          {
            "x": 348,
            "y": 322
          },
          {
            "x": 346,
            "y": 322
          },
          {
            "x": 345,
            "y": 321
          },
          {
            "x": 342,
            "y": 321
          },
          {
            "x": 341,
            "y": 320
          }
        ]
      }
    },
    {
      "annotator": {
        "email": "order@bex.kg",
        "full_name": "Zhaparova  Nurzhan"
      },
      "name": "Vehicle Polygon ",
      "polygon": {
        "path": [
          {
            "x": 526,
            "y": 274
          },
          {
            "x": 521,
            "y": 274
          },
          {
            "x": 520,
            "y": 273
          },
          {
            "x": 508,
            "y": 273
          },
          {
            "x": 507,
            "y": 274
          },
          {
            "x": 506,
            "y": 274
          },
          {
            "x": 505,
            "y": 273
          },
          {
            "x": 501.0,
            "y": 273
          },
          {
            "x": 500,
            "y": 272
          },
          {
            "x": 496,
            "y": 272
          },
          {
            "x": 495.0,
            "y": 273
          },
          {
            "x": 494,
            "y": 273
          },
          {
            "x": 493,
            "y": 274
          },
          {
            "x": 491,
            "y": 274
          },
          {
            "x": 489,
            "y": 276
          },
          {
            "x": 487,
            "y": 276
          },
          {
            "x": 486,
            "y": 277
          },
          {
            "x": 485,
            "y": 277
          },
          {
            "x": 484,
            "y": 276
          },
          {
            "x": 483,
            "y": 276
          },
          {
            "x": 482,
            "y": 275
          },
          {
            "x": 480,
            "y": 275
          },
          {
            "x": 479,
            "y": 274
          },
          {
            "x": 478,
            "y": 274
          },
          {
            "x": 477,
            "y": 275
          },
          {
            "x": 477,
            "y": 276
          },
          {
            "x": 476,
            "y": 277
          },
          {
            "x": 475,
            "y": 277
          },
          {
            "x": 474,
            "y": 278
          },
          {
            "x": 467.0,
            "y": 278
          },
          {
            "x": 466,
            "y": 279
          },
          {
            "x": 464.0,
            "y": 279
          },
          {
            "x": 463,
            "y": 280
          },
          {
            "x": 462,
            "y": 280
          },
          {
            "x": 458,
            "y": 284
          },
          {
            "x": 458,
            "y": 285
          },
          {
            "x": 457,
            "y": 286
          },
          {
            "x": 457,
            "y": 295
          },
          {
            "x": 456,
            "y": 296
          },
          {
            "x": 456,
            "y": 299
          },
          {
            "x": 455,
            "y": 300
          },
          {
            "x": 455,
            "y": 302
          },
          {
            "x": 454,
            "y": 303
          },
          {
            "x": 454,
            "y": 304
          },
          {
            "x": 452,
            "y": 306
          },
          {
            "x": 452,
            "y": 307
          },
          {
            "x": 451,
            "y": 308
          },
          {
            "x": 451,
            "y": 311
          },
          {
            "x": 450,
            "y": 312.0
          },
          {
            "x": 450,
            "y": 318.0
          },
          {
            "x": 449,
            "y": 319
          },
          {
            "x": 449,
            "y": 321.0
          },
          {
            "x": 448,
            "y": 322
          },
          {
            "x": 447,
            "y": 322
          },
          {
            "x": 447,
            "y": 323
          },
          {
            "x": 446,
            "y": 324
          },
          {
            "x": 446,
            "y": 325
          },
          {
            "x": 445,
            "y": 326
          },
          {
            "x": 445,
            "y": 330
          },
          {
            "x": 446,
            "y": 331
          },
          {
            "x": 446,
            "y": 335
          },
          {
            "x": 445,
            "y": 336
          },
          {
            "x": 445,
            "y": 346.0
          },
          {
            "x": 444,
            "y": 347
          },
          {
            "x": 444,
            "y": 427
          },
          {
            "x": 445,
            "y": 428
          },
          {
            "x": 445,
            "y": 433.0
          },
          {
            "x": 446,
            "y": 434
          },
          {
            "x": 446,
            "y": 436.0
          },
          {
            "x": 447,
            "y": 437
          },
          {
            "x": 447,
            "y": 440
          },
          {
            "x": 449,
            "y": 442.0
          },
          {
            "x": 449,
            "y": 443
          },
          {
            "x": 450,
            "y": 444
          },
          {
            "x": 450,
            "y": 446
          },
          {
            "x": 451,
            "y": 447
          },
          {
            "x": 451,
            "y": 449
          },
          {
            "x": 454,
            "y": 452
          },
          {
            "x": 454,
            "y": 454
          },
          {
            "x": 455,
            "y": 455
          },
          {
            "x": 455,
            "y": 457
          },
          {
            "x": 456,
            "y": 458
          },
          {
            "x": 456,
            "y": 459
          },
          {
            "x": 457,
            "y": 459
          },
          {
            "x": 459,
            "y": 461.0
          },
          {
            "x": 460,
            "y": 461.0
          },
          {
            "x": 462,
            "y": 463
          },
          {
            "x": 464.0,
            "y": 463
          },
          {
            "x": 466,
            "y": 465
          },
          {
            "x": 467.0,
            "y": 465
          },
          {
            "x": 468,
            "y": 466
          },
          {
            "x": 470.0,
            "y": 466
          },
          {
            "x": 471,
            "y": 467.0
          },
          {
            "x": 480,
            "y": 467.0
          },
          {
            "x": 481,
            "y": 466
          },
          {
            "x": 487,
            "y": 466
          },
          {
            "x": 488,
            "y": 465
          },
          {
            "x": 507,
            "y": 465
          },
          {
            "x": 508,
            "y": 464.0
          },
          {
            "x": 518,
            "y": 464.0
          },
          {
            "x": 519,
            "y": 463
          },
          {
            "x": 522,
            "y": 463
          },
          {
            "x": 523,
            "y": 464.0
          },
          {
            "x": 524,
            "y": 463
          },
          {
            "x": 526,
            "y": 463
          },
          {
            "x": 529,
            "y": 460
          },
          {
            "x": 529,
            "y": 458
          },
          {
            "x": 530,
            "y": 457
          },
          {
            "x": 530,
            "y": 456
          },
          {
            "x": 534,
            "y": 452
          },
          {
            "x": 535,
            "y": 452
          },
          {
            "x": 538,
            "y": 449
          },
          {
            "x": 539,
            "y": 449
          },
          {
            "x": 540,
            "y": 448
          },
          {
            "x": 542,
            "y": 448
          },
          {
            "x": 545,
            "y": 445
          },
          {
            "x": 545,
            "y": 444
          },
          {
            "x": 546,
            "y": 443
          },
          {
            "x": 546,
            "y": 437
          },
          {
            "x": 545,
            "y": 436.0
          },
          {
            "x": 545,
            "y": 433.0
          },
          {
            "x": 544,
            "y": 432
          },
          {
            "x": 544,
            "y": 431
          },
          {
            "x": 542,
            "y": 429
          },
          {
            "x": 542,
            "y": 428
          },
          {
            "x": 538,
            "y": 424
          },
          {
            "x": 537,
            "y": 424
          },
          {
            "x": 536,
            "y": 423
          },
          {
            "x": 535,
            "y": 423
          },
          {
            "x": 534,
            "y": 422
          },
          {
            "x": 533,
            "y": 422
          },
          {
            "x": 532,
            "y": 421
          },
          {
            "x": 532,
            "y": 420
          },
          {
            "x": 530,
            "y": 418
          },
          {
            "x": 530,
            "y": 417
          },
          {
            "x": 529,
            "y": 416
          },
          {
            "x": 529,
            "y": 413
          },
          {
            "x": 528,
            "y": 412
          },
          {
            "x": 528,
            "y": 407
          },
          {
            "x": 527,
            "y": 406
          },
          {
            "x": 527,
            "y": 392
          },
          {
            "x": 528,
            "y": 391
          },
          {
            "x": 528,
            "y": 387
          },
          {
            "x": 529,
            "y": 386
          },
          {
            "x": 529,
            "y": 380.0
          },
          {
            "x": 530,
            "y": 379
          },
          {
            "x": 530,
            "y": 368
          },
          {
            "x": 531,
            "y": 367
          },
          {
            "x": 531,
            "y": 366
          },
          {
            "x": 532,
            "y": 365
          },
          {
            "x": 532,
            "y": 361
          },
          {
            "x": 533,
            "y": 360
          },
          {
            "x": 533,
            "y": 353
          },
          {
            "x": 534,
            "y": 352.0
          },
          {
            "x": 534,
            "y": 347
          },
          {
            "x": 535,
            "y": 346.0
          },
          {
            "x": 535,
            "y": 345
          },
          {
            "x": 536,
            "y": 344
          },
          {
            "x": 536,
            "y": 343.0
          },
          {
            "x": 537,
            "y": 342
          },
          {
            "x": 537,
            "y": 341
          },
          {
            "x": 538,
            "y": 340.0
          },
          {
            "x": 538,
            "y": 336
          },
          {
            "x": 539,
            "y": 335
          },
          {
            "x": 539,
            "y": 334
          },
          {
            "x": 540,
            "y": 333
          },
          {
            "x": 540,
            "y": 332
          },
          {
            "x": 541,
            "y": 331
          },
          {
            "x": 541,
            "y": 330
          },
          {
            "x": 544,
            "y": 327
          },
          {
            "x": 545,
            "y": 327
          },
          {
            "x": 546,
            "y": 326
          },
          {
            "x": 549,
            "y": 326
          },
          {
            "x": 550,
            "y": 325
          },
          {
            "x": 551,
            "y": 325
          },
          {
            "x": 551,
            "y": 324
          },
          {
            "x": 552,
            "y": 323
          },
          {
            "x": 552,
            "y": 317
          },
          {
            "x": 551,
            "y": 316
          },
          {
            "x": 551,
            "y": 312.0
          },
          {
            "x": 550,
            "y": 311
          },
          {
            "x": 550,
            "y": 308
          },
          {
            "x": 549,
            "y": 307
          },
          {
            "x": 549,
            "y": 303
          },
          {
            "x": 548,
            "y": 302
          },
          {
            "x": 548,
            "y": 301
          },
          {
            "x": 547,
            "y": 300
          },
          {
            "x": 547,
            "y": 299
          },
          {
            "x": 546,
            "y": 298
          },
          {
            "x": 546,
            "y": 296
          },
          {
            "x": 545,
            "y": 295
          },
          {
            "x": 545,
            "y": 293
          },
          {
            "x": 544,
            "y": 292
          },
          {
            "x": 544,
            "y": 291
          },
          {
            "x": 543,
            "y": 290
          },
          {
            "x": 543,
            "y": 288
          },
          {
            "x": 542,
            "y": 287
          },
          {
            "x": 542,
            "y": 286
          },
          {
            "x": 541,
            "y": 285
          },
          {
            "x": 541,
            "y": 284
          },
          {
            "x": 540,
            "y": 283
          },
          {
            "x": 539,
            "y": 283
          },
          {
            "x": 537,
            "y": 281
          },
          {
            "x": 537,
            "y": 280
          },
          {
            "x": 534,
            "y": 277
          },
          {
            "x": 532,
            "y": 277
          },
          {
            "x": 531,
            "y": 276
          },
          {
            "x": 530,
            "y": 276
          },
          {
            "x": 529,
            "y": 275
          },
          {
            "x": 527,
            "y": 275
          }
        ]
      }
    },
    {
      "annotator": {
        "email": "order@bex.kg",
        "full_name": "Zhaparova  Nurzhan"
      },
      "name": "Vehicle Polygon ",
      "polygon": {
        "path": [
          {
            "x": 279,
            "y": 1364
          },
          {
            "x": 278,
            "y": 1365
          },
          {
            "x": 277,
            "y": 1365
          },
          {
            "x": 276,
            "y": 1366
          },
          {
            "x": 273,
            "y": 1366
          },
          {
            "x": 272,
            "y": 1367
          },
          {
            "x": 269,
            "y": 1367
          },
          {
            "x": 268,
            "y": 1368
          },
          {
            "x": 266,
            "y": 1368
          },
          {
            "x": 265,
            "y": 1369
          },
          {
            "x": 263,
            "y": 1369
          },
          {
            "x": 262,
            "y": 1370
          },
          {
            "x": 257,
            "y": 1370
          },
          {
            "x": 256,
            "y": 1371
          },
          {
            "x": 253,
            "y": 1371
          },
          {
            "x": 251,
            "y": 1373
          },
          {
            "x": 248,
            "y": 1373
          },
          {
            "x": 247.0,
            "y": 1374
          },
          {
            "x": 246,
            "y": 1374
          },
          {
            "x": 243,
            "y": 1377
          },
          {
            "x": 242.0,
            "y": 1377
          },
          {
            "x": 240,
            "y": 1379
          },
          {
            "x": 239.0,
            "y": 1379
          },
          {
            "x": 239.0,
            "y": 1380
          },
          {
            "x": 238,
            "y": 1381
          },
          {
            "x": 238,
            "y": 1382
          },
          {
            "x": 236,
            "y": 1384
          },
          {
            "x": 236,
            "y": 1386
          },
          {
            "x": 235,
            "y": 1387
          },
          {
            "x": 235,
            "y": 1389
          },
          {
            "x": 234.0,
            "y": 1390
          },
          {
            "x": 234.0,
            "y": 1391
          },
          {
            "x": 233,
            "y": 1392
          },
          {
            "x": 233,
            "y": 1397
          },
          {
            "x": 232.0,
            "y": 1398
          },
          {
            "x": 232.0,
            "y": 1406
          },
          {
            "x": 231,
            "y": 1407
          },
          {
            "x": 231,
            "y": 1416
          },
          {
            "x": 230,
            "y": 1417
          },
          {
            "x": 230,
            "y": 1421
          },
          {
            "x": 229.0,
            "y": 1422
          },
          {
            "x": 229.0,
            "y": 1437
          },
          {
            "x": 228,
            "y": 1438
          },
          {
            "x": 228,
            "y": 1474
          },
          {
            "x": 227,
            "y": 1475
          },
          {
            "x": 227,
            "y": 1478
          },
          {
            "x": 226,
            "y": 1479
          },
          {
            "x": 226,
            "y": 1501
          },
          {
            "x": 223,
            "y": 1504.0
          },
          {
            "x": 223,
            "y": 1505.0
          },
          {
            "x": 225,
            "y": 1507.0
          },
          {
            "x": 225,
            "y": 1508.0
          },
          {
            "x": 227,
            "y": 1510
          },
          {
            "x": 227,
            "y": 1511
          },
          {
            "x": 228,
            "y": 1512
          },
          {
            "x": 228,
            "y": 1546.0
          },
          {
            "x": 227,
            "y": 1547.0
          },
          {
            "x": 227,
            "y": 1554
          },
          {
            "x": 228,
            "y": 1555
          },
          {
            "x": 228,
            "y": 1561
          },
          {
            "x": 229.0,
            "y": 1562
          },
          {
            "x": 229.0,
            "y": 1564.0
          },
          {
            "x": 230,
            "y": 1565.0
          },
          {
            "x": 230,
            "y": 1566.0
          },
          {
            "x": 231,
            "y": 1567.0
          },
          {
            "x": 231,
            "y": 1569.0
          },
          {
            "x": 232.0,
            "y": 1570
          },
          {
            "x": 232.0,
            "y": 1571
          },
          {
            "x": 233,
            "y": 1572
          },
          {
            "x": 233,
            "y": 1573
          },
          {
            "x": 242.0,
            "y": 1582
          },
          {
            "x": 243,
            "y": 1582
          },
          {
            "x": 246,
            "y": 1585.0
          },
          {
            "x": 247.0,
            "y": 1585.0
          },
          {
            "x": 248,
            "y": 1586.0
          },
          {
            "x": 249,
            "y": 1586.0
          },
          {
            "x": 251,
            "y": 1588.0
          },
          {
            "x": 253,
            "y": 1588.0
          },
          {
            "x": 254,
            "y": 1589.0
          },
          {
            "x": 257,
            "y": 1589.0
          },
          {
            "x": 258,
            "y": 1590.0
          },
          {
            "x": 260,
            "y": 1590.0
          },
          {
            "x": 261,
            "y": 1591
          },
          {
            "x": 267,
            "y": 1591
          },
          {
            "x": 268,
            "y": 1592
          },
          {
            "x": 277,
            "y": 1592
          },
          {
            "x": 278,
            "y": 1593
          },
          {
            "x": 280,
            "y": 1593
          },
          {
            "x": 281,
            "y": 1594
          },
          {
            "x": 286,
            "y": 1594
          },
          {
            "x": 287,
            "y": 1593
          },
          {
            "x": 290,
            "y": 1593
          },
          {
            "x": 291,
            "y": 1592
          },
          {
            "x": 296,
            "y": 1592
          },
          {
            "x": 297,
            "y": 1591
          },
          {
            "x": 301,
            "y": 1591
          },
          {
            "x": 302,
            "y": 1590.0
          },
          {
            "x": 304,
            "y": 1590.0
          },
          {
            "x": 305,
            "y": 1589.0
          },
          {
            "x": 308,
            "y": 1589.0
          },
          {
            "x": 309,
            "y": 1588.0
          },
          {
            "x": 311,
            "y": 1588.0
          },
          {
            "x": 313,
            "y": 1586.0
          },
          {
            "x": 314,
            "y": 1586.0
          },
          {
            "x": 315,
            "y": 1585.0
          },
          {
            "x": 315,
            "y": 1584.0
          },
          {
            "x": 316,
            "y": 1583
          },
          {
            "x": 317,
            "y": 1583
          },
          {
            "x": 317,
            "y": 1582
          },
          {
            "x": 318,
            "y": 1581
          },
          {
            "x": 318,
            "y": 1580
          },
          {
            "x": 320,
            "y": 1578
          },
          {
            "x": 320,
            "y": 1572
          },
          {
            "x": 321,
            "y": 1571
          },
          {
            "x": 321,
            "y": 1570
          },
          {
            "x": 322,
            "y": 1569.0
          },
          {
            "x": 322,
            "y": 1568.0
          },
          {
            "x": 324,
            "y": 1566.0
          },
          {
            "x": 324,
            "y": 1565.0
          },
          {
            "x": 329,
            "y": 1560
          },
          {
            "x": 329,
            "y": 1558
          },
          {
            "x": 330,
            "y": 1557
          },
          {
            "x": 330,
            "y": 1552
          },
          {
            "x": 329,
            "y": 1551
          },
          {
            "x": 329,
            "y": 1548.0
          },
          {
            "x": 327,
            "y": 1546.0
          },
          {
            "x": 327,
            "y": 1544.0
          },
          {
            "x": 323,
            "y": 1540
          },
          {
            "x": 323,
            "y": 1528.0
          },
          {
            "x": 322,
            "y": 1527.0
          },
          {
            "x": 322,
            "y": 1525.0
          },
          {
            "x": 321,
            "y": 1524.0
          },
          {
            "x": 321,
            "y": 1520
          },
          {
            "x": 320,
            "y": 1519
          },
          {
            "x": 320,
            "y": 1514
          },
          {
            "x": 321,
            "y": 1513
          },
          {
            "x": 321,
            "y": 1501
          },
          {
            "x": 322,
            "y": 1500
          },
          {
            "x": 322,
            "y": 1484
          },
          {
            "x": 323,
            "y": 1483
          },
          {
            "x": 323,
            "y": 1479
          },
          {
            "x": 324,
            "y": 1478
          },
          {
            "x": 324,
            "y": 1474
          },
          {
            "x": 325,
            "y": 1473
          },
          {
            "x": 325,
            "y": 1467
          },
          {
            "x": 326,
            "y": 1466
          },
          {
            "x": 326,
            "y": 1456
          },
          {
            "x": 325,
            "y": 1455
          },
          {
            "x": 325,
            "y": 1446
          },
          {
            "x": 326,
            "y": 1445
          },
          {
            "x": 326,
            "y": 1441
          },
          {
            "x": 325,
            "y": 1440
          },
          {
            "x": 325,
            "y": 1439
          },
          {
            "x": 324,
            "y": 1438
          },
          {
            "x": 324,
            "y": 1435
          },
          {
            "x": 328,
            "y": 1431
          },
          {
            "x": 329,
            "y": 1431
          },
          {
            "x": 332,
            "y": 1428
          },
          {
            "x": 332,
            "y": 1427
          },
          {
            "x": 333,
            "y": 1426
          },
          {
            "x": 333,
            "y": 1423
          },
          {
            "x": 334,
            "y": 1422
          },
          {
            "x": 334,
            "y": 1414
          },
          {
            "x": 333,
            "y": 1413
          },
          {
            "x": 333,
            "y": 1411
          },
          {
            "x": 332,
            "y": 1410
          },
          {
            "x": 332,
            "y": 1408
          },
          {
            "x": 329,
            "y": 1405
          },
          {
            "x": 329,
            "y": 1401
          },
          {
            "x": 330,
            "y": 1400
          },
          {
            "x": 330,
            "y": 1398
          },
          {
            "x": 328,
            "y": 1398
          },
          {
            "x": 324,
            "y": 1394
          },
          {
            "x": 324,
            "y": 1387
          },
          {
            "x": 323,
            "y": 1386
          },
          {
            "x": 323,
            "y": 1382
          },
          {
            "x": 322,
            "y": 1381
          },
          {
            "x": 322,
            "y": 1380
          },
          {
            "x": 320,
            "y": 1378
          },
          {
            "x": 320,
            "y": 1377
          },
          {
            "x": 319,
            "y": 1376
          },
          {
            "x": 318,
            "y": 1376
          },
          {
            "x": 317,
            "y": 1375
          },
          {
            "x": 317,
            "y": 1374
          },
          {
            "x": 316,
            "y": 1374
          },
          {
            "x": 314,
            "y": 1372
          },
          {
            "x": 313,
            "y": 1372
          },
          {
            "x": 311,
            "y": 1370
          },
          {
            "x": 310,
            "y": 1370
          },
          {
            "x": 308,
            "y": 1368
          },
          {
            "x": 305,
            "y": 1368
          },
          {
            "x": 304,
            "y": 1367
          },
          {
            "x": 300,
            "y": 1367
          },
          {
            "x": 299,
            "y": 1366
          },
          {
            "x": 291,
            "y": 1366
          },
          {
            "x": 290,
            "y": 1367
          },
          {
            "x": 289,
            "y": 1366
          },
          {
            "x": 286,
            "y": 1366
          },
          {
            "x": 285,
            "y": 1365
          },
          {
            "x": 284,
            "y": 1365
          },
          {
            "x": 283,
            "y": 1364
          }
        ]
      }
    },
    {
      "annotator": {
        "email": "order@bex.kg",
        "full_name": "Zhaparova  Nurzhan"
      },
      "name": "Vehicle Polygon ",
      "polygon": {
        "path": [
          {
            "x": 226.0,
            "y": 3332.0
          },
          {
            "x": 222.0,
            "y": 3332.0
          },
          {
            "x": 221.0,
            "y": 3331
          },
          {
            "x": 207.0,
            "y": 3331
          },
          {
            "x": 206.0,
            "y": 3330
          },
          {
            "x": 187.0,
            "y": 3330
          },
          {
            "x": 186,
            "y": 3331
          },
          {
            "x": 178,
            "y": 3331
          },
          {
            "x": 177,
            "y": 3332.0
          },
          {
            "x": 173,
            "y": 3332.0
          },
          {
            "x": 172.0,
            "y": 3333
          },
          {
            "x": 169.0,
            "y": 3333
          },
          {
            "x": 168.0,
            "y": 3334
          },
          {
            "x": 167,
            "y": 3334
          },
          {
            "x": 166,
            "y": 3335
          },
          {
            "x": 162,
            "y": 3335
          },
          {
            "x": 161.0,
            "y": 3336
          },
          {
            "x": 159,
            "y": 3336
          },
          {
            "x": 157.0,
            "y": 3338
          },
          {
            "x": 156.0,
            "y": 3338
          },
          {
            "x": 155,
            "y": 3339
          },
          {
            "x": 154,
            "y": 3339
          },
          {
            "x": 154,
            "y": 3340
          },
          {
            "x": 153.0,
            "y": 3341
          },
          {
            "x": 152.0,
            "y": 3341
          },
          {
            "x": 151,
            "y": 3342
          },
          {
            "x": 151,
            "y": 3343.0
          },
          {
            "x": 149.0,
            "y": 3345
          },
          {
            "x": 148,
            "y": 3345
          },
          {
            "x": 147,
            "y": 3346
          },
          {
            "x": 147,
            "y": 3347
          },
          {
            "x": 145.0,
            "y": 3349
          },
          {
            "x": 145.0,
            "y": 3350
          },
          {
            "x": 144,
            "y": 3351
          },
          {
            "x": 144,
            "y": 3352
          },
          {
            "x": 142.0,
            "y": 3354
          },
          {
            "x": 142.0,
            "y": 3356
          },
          {
            "x": 141.0,
            "y": 3357
          },
          {
            "x": 141.0,
            "y": 3360
          },
          {
            "x": 140,
            "y": 3361
          },
          {
            "x": 140,
            "y": 3363
          },
          {
            "x": 139,
            "y": 3364
          },
          {
            "x": 139,
            "y": 3365
          },
          {
            "x": 138.0,
            "y": 3366
          },
          {
            "x": 138.0,
            "y": 3370
          },
          {
            "x": 137.0,
            "y": 3371
          },
          {
            "x": 137.0,
            "y": 3380
          },
          {
            "x": 136,
            "y": 3381
          },
          {
            "x": 136,
            "y": 3383
          },
          {
            "x": 135,
            "y": 3384
          },
          {
            "x": 135,
            "y": 3391
          },
          {
            "x": 134.0,
            "y": 3392
          },
          {
            "x": 134.0,
            "y": 3445
          },
          {
            "x": 133.0,
            "y": 3446
          },
          {
            "x": 133.0,
            "y": 3461
          },
          {
            "x": 132,
            "y": 3462.0
          },
          {
            "x": 132,
            "y": 3466
          },
          {
            "x": 133.0,
            "y": 3467
          },
          {
            "x": 133.0,
            "y": 3470
          },
          {
            "x": 134.0,
            "y": 3471
          },
          {
            "x": 134.0,
            "y": 3476
          },
          {
            "x": 135,
            "y": 3477
          },
          {
            "x": 135,
            "y": 3481
          },
          {
            "x": 136,
            "y": 3482
          },
          {
            "x": 136,
            "y": 3484.0
          },
          {
            "x": 137.0,
            "y": 3485
          },
          {
            "x": 137.0,
            "y": 3489
          },
          {
            "x": 138.0,
            "y": 3490
          },
          {
            "x": 138.0,
            "y": 3493
          },
          {
            "x": 139,
            "y": 3494
          },
          {
            "x": 139,
            "y": 3495
          },
          {
            "x": 140,
            "y": 3496
          },
          {
            "x": 140,
            "y": 3498
          },
          {
            "x": 141.0,
            "y": 3499
          },
          {
            "x": 141.0,
            "y": 3500
          },
          {
            "x": 142.0,
            "y": 3501
          },
          {
            "x": 142.0,
            "y": 3505
          },
          {
            "x": 144,
            "y": 3507
          },
          {
            "x": 144,
            "y": 3508
          },
          {
            "x": 145.0,
            "y": 3509
          },
          {
            "x": 145.0,
            "y": 3511
          },
          {
            "x": 148,
            "y": 3514
          },
          {
            "x": 148,
            "y": 3515
          },
          {
            "x": 149.0,
            "y": 3515
          },
          {
            "x": 151,
            "y": 3517
          },
          {
            "x": 151,
            "y": 3518
          },
          {
            "x": 159,
            "y": 3526
          },
          {
            "x": 160.0,
            "y": 3526
          },
          {
            "x": 161.0,
            "y": 3527.0
          },
          {
            "x": 161.0,
            "y": 3528
          },
          {
            "x": 163,
            "y": 3528
          },
          {
            "x": 165.0,
            "y": 3530
          },
          {
            "x": 166,
            "y": 3530
          },
          {
            "x": 167,
            "y": 3531
          },
          {
            "x": 172.0,
            "y": 3531
          },
          {
            "x": 173,
            "y": 3532
          },
          {
            "x": 194.0,
            "y": 3532
          },
          {
            "x": 195.0,
            "y": 3531
          },
          {
            "x": 201,
            "y": 3531
          },
          {
            "x": 202.0,
            "y": 3530
          },
          {
            "x": 205,
            "y": 3530
          },
          {
            "x": 206.0,
            "y": 3529
          },
          {
            "x": 210.0,
            "y": 3529
          },
          {
            "x": 211.0,
            "y": 3528
          },
          {
            "x": 212,
            "y": 3528
          },
          {
            "x": 214.0,
            "y": 3526
          },
          {
            "x": 216,
            "y": 3526
          },
          {
            "x": 217.0,
            "y": 3525
          },
          {
            "x": 218.0,
            "y": 3525
          },
          {
            "x": 221.0,
            "y": 3522
          },
          {
            "x": 222.0,
            "y": 3522
          },
          {
            "x": 223,
            "y": 3521
          },
          {
            "x": 223,
            "y": 3520
          },
          {
            "x": 224,
            "y": 3519
          },
          {
            "x": 225.0,
            "y": 3519
          },
          {
            "x": 227,
            "y": 3517
          },
          {
            "x": 228,
            "y": 3517
          },
          {
            "x": 232,
            "y": 3513
          },
          {
            "x": 232,
            "y": 3512
          },
          {
            "x": 233.0,
            "y": 3511
          },
          {
            "x": 233.0,
            "y": 3510
          },
          {
            "x": 235,
            "y": 3508
          },
          {
            "x": 235,
            "y": 3507
          },
          {
            "x": 236.0,
            "y": 3506
          },
          {
            "x": 236.0,
            "y": 3505
          },
          {
            "x": 237.0,
            "y": 3504
          },
          {
            "x": 237.0,
            "y": 3503
          },
          {
            "x": 238,
            "y": 3502
          },
          {
            "x": 238,
            "y": 3501
          },
          {
            "x": 239,
            "y": 3500
          },
          {
            "x": 239,
            "y": 3498
          },
          {
            "x": 240.0,
            "y": 3497
          },
          {
            "x": 240.0,
            "y": 3493
          },
          {
            "x": 241.0,
            "y": 3492
          },
          {
            "x": 241.0,
            "y": 3489
          },
          {
            "x": 242,
            "y": 3488
          },
          {
            "x": 242,
            "y": 3487
          },
          {
            "x": 241.0,
            "y": 3486
          },
          {
            "x": 241.0,
            "y": 3483
          },
          {
            "x": 240.0,
            "y": 3482
          },
          {
            "x": 240.0,
            "y": 3481
          },
          {
            "x": 239,
            "y": 3480
          },
          {
            "x": 239,
            "y": 3478
          },
          {
            "x": 238,
            "y": 3477
          },
          {
            "x": 238,
            "y": 3476
          },
          {
            "x": 237.0,
            "y": 3476
          },
          {
            "x": 236.0,
            "y": 3475
          },
          {
            "x": 236.0,
            "y": 3473.0
          },
          {
            "x": 237.0,
            "y": 3472
          },
          {
            "x": 237.0,
            "y": 3470
          },
          {
            "x": 238,
            "y": 3469
          },
          {
            "x": 238,
            "y": 3463
          },
          {
            "x": 239,
            "y": 3462.0
          },
          {
            "x": 239,
            "y": 3458
          },
          {
            "x": 238,
            "y": 3457
          },
          {
            "x": 238,
            "y": 3453
          },
          {
            "x": 239,
            "y": 3452
          },
          {
            "x": 239,
            "y": 3407
          },
          {
            "x": 240.0,
            "y": 3406
          },
          {
            "x": 240.0,
            "y": 3401
          },
          {
            "x": 239,
            "y": 3400
          },
          {
            "x": 239,
            "y": 3398
          },
          {
            "x": 240.0,
            "y": 3397.0
          },
          {
            "x": 240.0,
            "y": 3390
          },
          {
            "x": 241.0,
            "y": 3389
          },
          {
            "x": 241.0,
            "y": 3377
          },
          {
            "x": 242,
            "y": 3376
          },
          {
            "x": 242,
            "y": 3373
          },
          {
            "x": 243,
            "y": 3372
          },
          {
            "x": 243,
            "y": 3370
          },
          {
            "x": 245.0,
            "y": 3368
          },
          {
            "x": 245.0,
            "y": 3367
          },
          {
            "x": 246,
            "y": 3366
          },
          {
            "x": 246,
            "y": 3359
          },
          {
            "x": 248.0,
            "y": 3357
          },
          {
            "x": 248.0,
            "y": 3354
          },
          {
            "x": 247,
            "y": 3354
          },
          {
            "x": 241.0,
            "y": 3348
          },
          {
            "x": 240.0,
            "y": 3348
          },
          {
            "x": 235,
            "y": 3343.0
          },
          {
            "x": 235,
            "y": 3342
          },
          {
            "x": 233.0,
            "y": 3340
          },
          {
            "x": 233.0,
            "y": 3337
          },
          {
            "x": 232,
            "y": 3336
          },
          {
            "x": 232,
            "y": 3335
          },
          {
            "x": 231,
            "y": 3335
          },
          {
            "x": 229.0,
            "y": 3333
          },
          {
            "x": 227,
            "y": 3333
          }
        ]
      }
    },
    {
      "annotator": {
        "email": "order@bex.kg",
        "full_name": "Zhaparova  Nurzhan"
      },
      "name": "Spring field Polygon ",
      "polygon": {
        "path": [
          {
            "x": 670.74,
            "y": 9.23
          },
          {
            "x": 646.49,
            "y": 647.6
          },
          {
            "x": 606.09,
            "y": 1221.32
          },
          {
            "x": 581.85,
            "y": 1988.98
          },
          {
            "x": 565.69,
            "y": 2514.22
          },
          {
            "x": 533.36,
            "y": 3055.62
          },
          {
            "x": 509.12,
            "y": 3653.59
          },
          {
            "x": 5470.63,
            "y": 3637.43
          },
          {
            "x": 5470.63,
            "y": -6.93
          }
        ]
      }
    },
    {
      "annotator": {
        "email": "order@bex.kg",
        "full_name": "Zhaparova  Nurzhan"
      },
      "name": "Building Polygon",
      "polygon": {
        "path": [
          {
            "x": 299.03,
            "y": 1.15
          },
          {
            "x": 258.62,
            "y": 542.55
          },
          {
            "x": 234.38,
            "y": 978.9
          },
          {
            "x": 202.06,
            "y": 1649.6
          },
          {
            "x": 185.9,
            "y": 2199.08
          },
          {
            "x": 145.49,
            "y": 2659.67
          },
          {
            "x": 145.49,
            "y": 3015.22
          },
          {
            "x": 113.17,
            "y": 3273.8
          },
          {
            "x": 88.93,
            "y": 3645.51
          },
          {
            "x": 428.32,
            "y": 3653.59
          },
          {
            "x": 436.4,
            "y": 3322.28
          },
          {
            "x": 468.72,
            "y": 2869.77
          },
          {
            "x": 492.96,
            "y": 2247.56
          },
          {
            "x": 517.2,
            "y": 1738.48
          },
          {
            "x": 525.28,
            "y": 1310.21
          },
          {
            "x": 557.61,
            "y": 817.29
          },
          {
            "x": 606.09,
            "y": 292.05
          },
          {
            "x": 598.01,
            "y": 9.23
          }
        ]
      }
    }
  ]
}