{
  "image": {
    "width": 5472,
    "height": 3648,
    "filename": "00000074.JPG",
    "original_filename": "EP-00-00012_0119_0031.JPG",
    "url": "https://darwin.v7labs.com/api/images/1221675/original?token=43ffe058-ebd2-4afa-8955-89cf45e925a6",
    "thumbnail_url": "https://darwin.v7labs.com/api/images/1221675/thumbnail?token=43ffe058-ebd2-4afa-8955-89cf45e925a6",
    "workview_url": "https://darwin.v7labs.com/workview?dataset=1190&image=74"
  },
  "dataset": "Mapping_1",
  "annotated": true,
  "annotations": [
    {
      "annotator": {
        "email": "order@bex.kg",
        "full_name": "Zhaparova  Nurzhan"
      },
      "bounding_box": {
        "h": 205.61,
        "w": 467.3,
        "x": 347.33,
        "y": 796.4
      },
      "name": "Vehicle "
    },
    {
      "annotator": {
        "email": "order@bex.kg",
        "full_name": "Zhaparova  Nurzhan"
      },
      "name": "Building Polygon",
      "polygon": {
        "path": [
          {
            "x": 1632.5,
            "y": 3642.96
          },
          {
            "x": 1071.74,
            "y": 2801.83
          },
          {
            "x": 1871.34,
            "y": 2106.08
          },
          {
            "x": 2006.34,
            "y": 2095.69
          },
          {
            "x": 1674.04,
            "y": 1659.55
          },
          {
            "x": 2484.02,
            "y": 1005.34
          },
          {
            "x": 2297.1,
            "y": 797.65
          },
          {
            "x": 3179.77,
            "y": -1.94
          },
          {
            "x": 3771.67,
            "y": -12.33
          },
          {
            "x": 5474.71,
            "y": -1.94
          },
          {
            "x": 5474.71,
            "y": 2199.54
          },
          {
            "x": 5267.02,
            "y": 2334.53
          },
          {
            "x": 5267.02,
            "y": 2386.46
          },
          {
            "x": 3678.22,
            "y": 3653.35
          }
        ]
      }
    },
    {
      "annotator": {
        "email": "order@bex.kg",
        "full_name": "Zhaparova  Nurzhan"
      },
      "bounding_box": {
        "h": 210.5,
        "w": 132.94,
        "x": 5309.36,
        "y": 2236.42
      },
      "name": "Vehicle "
    },
    {
      "annotator": {
        "email": "order@bex.kg",
        "full_name": "Zhaparova  Nurzhan"
      },
      "bounding_box": {
        "h": 206.8,
        "w": 140.33,
        "x": 4921.61,
        "y": 2539.24
      },
      "name": "Vehicle "
    },
    {
      "annotator": {
        "email": "order@bex.kg",
        "full_name": "Zhaparova  Nurzhan"
      },
      "bounding_box": {
        "h": 184.65,
        "w": 137.17,
        "x": 4358.79,
        "y": 2995.92
      },
      "name": "Vehicle "
    },
    {
      "annotator": {
        "email": "order@bex.kg",
        "full_name": "Zhaparova  Nurzhan"
      },
      "bounding_box": {
        "h": 195.2,
        "w": 131.89,
        "x": 4664.78,
        "y": 2747.97
      },
      "name": "Vehicle "
    },
    {
      "annotator": {
        "email": "order@bex.kg",
        "full_name": "Zhaparova  Nurzhan"
      },
      "bounding_box": {
        "h": 48.99,
        "w": 165.8,
        "x": 897.32,
        "y": 2528.65
      },
      "name": "Street light"
    },
    {
      "annotator": {
        "email": "order@bex.kg",
        "full_name": "Zhaparova  Nurzhan"
      },
      "bounding_box": {
        "h": 62.8,
        "w": 175.85,
        "x": 862.15,
        "y": 3248.39
      },
      "name": "Street light"
    },
    {
      "annotator": {
        "email": "order@bex.kg",
        "full_name": "Zhaparova  Nurzhan"
      },
      "bounding_box": {
        "h": 150.73,
        "w": 175.85,
        "x": 1559.28,
        "y": 780.17
      },
      "name": "Street light"
    }
  ]
}