{
  "image": {
    "width": 5472,
    "height": 3648,
    "filename": "00000062.JPG",
    "original_filename": "EP-00-00012_0119_0019.JPG",
    "url": "https://darwin.v7labs.com/api/images/1221663/original?token=43ffe058-ebd2-4afa-8955-89cf45e925a6",
    "thumbnail_url": "https://darwin.v7labs.com/api/images/1221663/thumbnail?token=43ffe058-ebd2-4afa-8955-89cf45e925a6",
    "workview_url": "https://darwin.v7labs.com/workview?dataset=1190&image=62"
  },
  "dataset": "Mapping_1",
  "annotated": true,
  "annotations": [
    {
      "annotator": {
        "email": "order@bex.kg",
        "full_name": "Zhaparova  Nurzhan"
      },
      "bounding_box": {
        "h": 217.14,
        "w": 137.52,
        "x": 86.86,
        "y": 629.71
      },
      "name": "Vehicle "
    },
    {
      "annotator": {
        "email": "order@bex.kg",
        "full_name": "Zhaparova  Nurzhan"
      },
      "bounding_box": {
        "h": 130.29,
        "w": 238.86,
        "x": 2077.33,
        "y": 651.43
      },
      "name": "Vehicle "
    },
    {
      "annotator": {
        "email": "order@bex.kg",
        "full_name": "Zhaparova  Nurzhan"
      },
      "bounding_box": {
        "h": 238.86,
        "w": 123.05,
        "x": 1925.33,
        "y": 1621.33
      },
      "name": "Vehicle "
    },
    {
      "annotator": {
        "email": "order@bex.kg",
        "full_name": "Zhaparova  Nurzhan"
      },
      "bounding_box": {
        "h": 231.62,
        "w": 130.29,
        "x": 1078.48,
        "y": 1758.86
      },
      "name": "Vehicle "
    },
    {
      "annotator": {
        "email": "order@bex.kg",
        "full_name": "Zhaparova  Nurzhan"
      },
      "bounding_box": {
        "h": 195.43,
        "w": 173.71,
        "x": 1396.95,
        "y": 267.81
      },
      "name": "Vehicle "
    },
    {
      "annotator": {
        "email": "order@bex.kg",
        "full_name": "Zhaparova  Nurzhan"
      },
      "name": "Building Polygon",
      "polygon": {
        "path": [
          {
            "x": 2282.43,
            "y": 1.22
          },
          {
            "x": 2339.58,
            "y": 221.03
          },
          {
            "x": 2146.14,
            "y": 282.58
          },
          {
            "x": 2242.86,
            "y": 436.45
          },
          {
            "x": 2387.94,
            "y": 414.47
          },
          {
            "x": 2449.49,
            "y": 572.74
          },
          {
            "x": 2484.66,
            "y": 590.32
          },
          {
            "x": 2506.64,
            "y": 669.46
          },
          {
            "x": 2801.19,
            "y": 603.51
          },
          {
            "x": 2871.53,
            "y": 752.99
          },
          {
            "x": 3566.15,
            "y": 581.53
          },
          {
            "x": 3539.77,
            "y": 427.66
          },
          {
            "x": 3799.16,
            "y": 366.11
          },
          {
            "x": 3975.01,
            "y": 330.94
          },
          {
            "x": 4225.6,
            "y": 278.18
          },
          {
            "x": 4234.39,
            "y": 308.96
          },
          {
            "x": 4489.38,
            "y": 260.6
          },
          {
            "x": 4537.74,
            "y": 216.64
          },
          {
            "x": 4735.57,
            "y": 168.28
          },
          {
            "x": 4783.93,
            "y": 122.85
          },
          {
            "x": 4879.18,
            "y": 144.83
          },
          {
            "x": 5296.83,
            "y": 49.58
          },
          {
            "x": 5452.25,
            "y": 12.59
          }
        ]
      }
    },
    {
      "annotator": {
        "email": "order@bex.kg",
        "full_name": "Zhaparova  Nurzhan"
      },
      "name": "Spring field Polygon ",
      "polygon": {
        "path": [
          {
            "x": 3.74,
            "y": 1912.16
          },
          {
            "x": 55.44,
            "y": 1788.08
          },
          {
            "x": 965.37,
            "y": 1508.89
          },
          {
            "x": 996.39,
            "y": 1539.91
          },
          {
            "x": 1130.81,
            "y": 2315.42
          },
          {
            "x": 1089.45,
            "y": 2387.8
          },
          {
            "x": 1120.47,
            "y": 2822.09
          },
          {
            "x": 1306.6,
            "y": 2780.73
          },
          {
            "x": 1534.08,
            "y": 2708.35
          },
          {
            "x": 1813.26,
            "y": 2666.99
          },
          {
            "x": 2330.27,
            "y": 2542.91
          },
          {
            "x": 2268.23,
            "y": 1953.52
          },
          {
            "x": 2185.51,
            "y": 1601.95
          },
          {
            "x": 2485.37,
            "y": 1529.57
          },
          {
            "x": 2857.62,
            "y": 1426.17
          },
          {
            "x": 3209.18,
            "y": 1343.45
          },
          {
            "x": 3550.41,
            "y": 1271.07
          },
          {
            "x": 4346.6,
            "y": 1043.59
          },
          {
            "x": 5070.41,
            "y": 898.82
          },
          {
            "x": 5463.33,
            "y": 816.1
          },
          {
            "x": 5473.67,
            "y": 3638.96
          },
          {
            "x": 14.08,
            "y": 3659.64
          }
        ]
      }
    }
  ]
}