{
  "image": {
    "width": 5472,
    "height": 3648,
    "filename": "00000045.JPG",
    "original_filename": "EP-00-00012_0119_0105.JPG",
    "url": "https://darwin.v7labs.com/api/images/1221771/original?token=b19ef416-03ed-4ae6-a438-a83286cfedf7",
    "thumbnail_url": "https://darwin.v7labs.com/api/images/1221771/thumbnail?token=b19ef416-03ed-4ae6-a438-a83286cfedf7",
    "workview_url": "https://darwin.v7labs.com/workview?dataset=1192&image=45"
  },
  "dataset": "Mapping_3",
  "annotated": true,
  "annotations": [
    {
      "annotator": {
        "email": "corporate@bex.kg",
        "full_name": "Aizada Tynchybek kyzy"
      },
      "name": "Spring field Polygon ",
      "polygon": {
        "path": [
          {
            "x": 0,
            "y": 0
          },
          {
            "x": 0,
            "y": 3646
          },
          {
            "x": 2094,
            "y": 3646
          },
          {
            "x": 2094,
            "y": 3644.0
          },
          {
            "x": 2095,
            "y": 3643.0
          },
          {
            "x": 2101.0,
            "y": 3643.0
          },
          {
            "x": 2101.0,
            "y": 3637.0
          },
          {
            "x": 2102.0,
            "y": 3636.0
          },
          {
            "x": 2108,
            "y": 3636.0
          },
          {
            "x": 2108,
            "y": 3630.0
          },
          {
            "x": 2109,
            "y": 3629.0
          },
          {
            "x": 2115.0,
            "y": 3629.0
          },
          {
            "x": 2115.0,
            "y": 3601.0
          },
          {
            "x": 2116.0,
            "y": 3.6e3
          },
          {
            "x": 2122,
            "y": 3.6e3
          },
          {
            "x": 2122,
            "y": 3587.0
          },
          {
            "x": 2123,
            "y": 3586.0
          },
          {
            "x": 2129.0,
            "y": 3586.0
          },
          {
            "x": 2129.0,
            "y": 3566.0
          },
          {
            "x": 2130.0,
            "y": 3565.0
          },
          {
            "x": 2137,
            "y": 3565.0
          },
          {
            "x": 2137,
            "y": 3530.0
          },
          {
            "x": 2138,
            "y": 3529.0
          },
          {
            "x": 2144.0,
            "y": 3529.0
          },
          {
            "x": 2144.0,
            "y": 3175
          },
          {
            "x": 2145.0,
            "y": 3174.0
          },
          {
            "x": 2151,
            "y": 3174.0
          },
          {
            "x": 2151,
            "y": 2997
          },
          {
            "x": 2152,
            "y": 2996.0
          },
          {
            "x": 2158.0,
            "y": 2996.0
          },
          {
            "x": 2158.0,
            "y": 2784
          },
          {
            "x": 2159.0,
            "y": 2783
          },
          {
            "x": 2165,
            "y": 2783
          },
          {
            "x": 2165,
            "y": 2542
          },
          {
            "x": 2166,
            "y": 2541.0
          },
          {
            "x": 2172.0,
            "y": 2541.0
          },
          {
            "x": 2172.0,
            "y": 2315
          },
          {
            "x": 2173.0,
            "y": 2314
          },
          {
            "x": 2179,
            "y": 2314
          },
          {
            "x": 2179,
            "y": 2151
          },
          {
            "x": 2180,
            "y": 2150
          },
          {
            "x": 2186.0,
            "y": 2150
          },
          {
            "x": 2186.0,
            "y": 2002
          },
          {
            "x": 2187.0,
            "y": 2001
          },
          {
            "x": 2193,
            "y": 2001
          },
          {
            "x": 2193,
            "y": 1803
          },
          {
            "x": 2194,
            "y": 1802
          },
          {
            "x": 2201.0,
            "y": 1802
          },
          {
            "x": 2201.0,
            "y": 1660
          },
          {
            "x": 2202.0,
            "y": 1659
          },
          {
            "x": 2208,
            "y": 1659
          },
          {
            "x": 2208,
            "y": 1312
          },
          {
            "x": 2209,
            "y": 1311
          },
          {
            "x": 2215.0,
            "y": 1311
          },
          {
            "x": 2215.0,
            "y": 786.0
          },
          {
            "x": 2209,
            "y": 786.0
          },
          {
            "x": 2208,
            "y": 785.0
          },
          {
            "x": 2208,
            "y": 281.0
          },
          {
            "x": 2209,
            "y": 280.0
          },
          {
            "x": 2215.0,
            "y": 280.0
          },
          {
            "x": 2215.0,
            "y": 260
          },
          {
            "x": 2209,
            "y": 260
          },
          {
            "x": 2208,
            "y": 259.0
          },
          {
            "x": 2208,
            "y": 4.0
          },
          {
            "x": 2202.0,
            "y": 4.0
          },
          {
            "x": 2201.0,
            "y": 3.0
          },
          {
            "x": 2201.0,
            "y": 0
          }
        ]
      }
    },
    {
      "annotator": {
        "email": "corporate@bex.kg",
        "full_name": "Aizada Tynchybek kyzy"
      },
      "name": "Spring field Polygon ",
      "polygon": {
        "path": [
          {
            "x": 2569.0,
            "y": 4.0
          },
          {
            "x": 2569.0,
            "y": 10.0
          },
          {
            "x": 2568.0,
            "y": 11.0
          },
          {
            "x": 2562,
            "y": 11.0
          },
          {
            "x": 2562,
            "y": 53.0
          },
          {
            "x": 2561.0,
            "y": 54.0
          },
          {
            "x": 2555.0,
            "y": 54.0
          },
          {
            "x": 2555.0,
            "y": 295.0
          },
          {
            "x": 2561.0,
            "y": 295.0
          },
          {
            "x": 2562,
            "y": 296.0
          },
          {
            "x": 2562,
            "y": 1603
          },
          {
            "x": 2561.0,
            "y": 1604
          },
          {
            "x": 2555.0,
            "y": 1604
          },
          {
            "x": 2555.0,
            "y": 1866
          },
          {
            "x": 2554.0,
            "y": 1867
          },
          {
            "x": 2548,
            "y": 1867
          },
          {
            "x": 2548,
            "y": 2150
          },
          {
            "x": 2547.0,
            "y": 2151
          },
          {
            "x": 2540.0,
            "y": 2151
          },
          {
            "x": 2540.0,
            "y": 2427.0
          },
          {
            "x": 2539.0,
            "y": 2428
          },
          {
            "x": 2533.0,
            "y": 2428
          },
          {
            "x": 2533.0,
            "y": 2484.0
          },
          {
            "x": 2539.0,
            "y": 2484.0
          },
          {
            "x": 2540.0,
            "y": 2485
          },
          {
            "x": 2540.0,
            "y": 2605
          },
          {
            "x": 2539.0,
            "y": 2606
          },
          {
            "x": 2533.0,
            "y": 2606
          },
          {
            "x": 2533.0,
            "y": 2825.0
          },
          {
            "x": 2532.0,
            "y": 2826
          },
          {
            "x": 2526.0,
            "y": 2826
          },
          {
            "x": 2526.0,
            "y": 2996.0
          },
          {
            "x": 2532.0,
            "y": 2996.0
          },
          {
            "x": 2533.0,
            "y": 2997
          },
          {
            "x": 2533.0,
            "y": 3088.0
          },
          {
            "x": 2532.0,
            "y": 3089
          },
          {
            "x": 2526.0,
            "y": 3089
          },
          {
            "x": 2526.0,
            "y": 3167.0
          },
          {
            "x": 2525.0,
            "y": 3168
          },
          {
            "x": 2519.0,
            "y": 3168
          },
          {
            "x": 2519.0,
            "y": 3358.0
          },
          {
            "x": 2518.0,
            "y": 3359.0
          },
          {
            "x": 2512.0,
            "y": 3359.0
          },
          {
            "x": 2512.0,
            "y": 3451.0
          },
          {
            "x": 2511.0,
            "y": 3452.0
          },
          {
            "x": 2505,
            "y": 3452.0
          },
          {
            "x": 2505,
            "y": 3643.0
          },
          {
            "x": 2511.0,
            "y": 3643.0
          },
          {
            "x": 2512.0,
            "y": 3644.0
          },
          {
            "x": 2512.0,
            "y": 3646
          },
          {
            "x": 5470,
            "y": 3646
          },
          {
            "x": 5470,
            "y": 4.0
          },
          {
            "x": 5469,
            "y": 4.0
          },
          {
            "x": 5468,
            "y": 3.0
          },
          {
            "x": 5468,
            "y": 0
          },
          {
            "x": 2583.0,
            "y": 0
          },
          {
            "x": 2583.0,
            "y": 3.0
          },
          {
            "x": 2582.0,
            "y": 4.0
          }
        ]
      }
    },
    {
      "annotator": {
        "email": "corporate@bex.kg",
        "full_name": "Aizada Tynchybek kyzy"
      },
      "name": "Road ",
      "polygon": {
        "path": [
          {
            "x": 2211,
            "y": 0
          },
          {
            "x": 2211,
            "y": 3.0
          },
          {
            "x": 2210,
            "y": 4.0
          },
          {
            "x": 2204,
            "y": 4.0
          },
          {
            "x": 2204,
            "y": 10.0
          },
          {
            "x": 2203,
            "y": 11.0
          },
          {
            "x": 2197,
            "y": 11.0
          },
          {
            "x": 2197,
            "y": 231.0
          },
          {
            "x": 2203,
            "y": 231.0
          },
          {
            "x": 2204,
            "y": 232.0
          },
          {
            "x": 2204,
            "y": 344
          },
          {
            "x": 2203,
            "y": 345.0
          },
          {
            "x": 2197,
            "y": 345.0
          },
          {
            "x": 2197,
            "y": 351.0
          },
          {
            "x": 2203,
            "y": 351.0
          },
          {
            "x": 2204,
            "y": 352.0
          },
          {
            "x": 2204,
            "y": 1098
          },
          {
            "x": 2210,
            "y": 1098
          },
          {
            "x": 2211,
            "y": 1099
          },
          {
            "x": 2211,
            "y": 1190
          },
          {
            "x": 2210,
            "y": 1191
          },
          {
            "x": 2204,
            "y": 1191
          },
          {
            "x": 2204,
            "y": 1560
          },
          {
            "x": 2203,
            "y": 1561
          },
          {
            "x": 2197,
            "y": 1561
          },
          {
            "x": 2197,
            "y": 1795
          },
          {
            "x": 2196,
            "y": 1796
          },
          {
            "x": 2190,
            "y": 1796
          },
          {
            "x": 2190,
            "y": 1958
          },
          {
            "x": 2189,
            "y": 1959
          },
          {
            "x": 2183,
            "y": 1959
          },
          {
            "x": 2183,
            "y": 2065
          },
          {
            "x": 2182,
            "y": 2066
          },
          {
            "x": 2175,
            "y": 2066
          },
          {
            "x": 2175,
            "y": 2299
          },
          {
            "x": 2174,
            "y": 2300
          },
          {
            "x": 2168,
            "y": 2300
          },
          {
            "x": 2168,
            "y": 2491
          },
          {
            "x": 2167,
            "y": 2492
          },
          {
            "x": 2161,
            "y": 2492
          },
          {
            "x": 2161,
            "y": 2704
          },
          {
            "x": 2160,
            "y": 2705
          },
          {
            "x": 2154,
            "y": 2705
          },
          {
            "x": 2154,
            "y": 2825
          },
          {
            "x": 2153,
            "y": 2826
          },
          {
            "x": 2147,
            "y": 2826
          },
          {
            "x": 2147,
            "y": 3060
          },
          {
            "x": 2146,
            "y": 3061
          },
          {
            "x": 2140,
            "y": 3061
          },
          {
            "x": 2140,
            "y": 3223
          },
          {
            "x": 2139,
            "y": 3224
          },
          {
            "x": 2133,
            "y": 3224
          },
          {
            "x": 2133,
            "y": 3373
          },
          {
            "x": 2132,
            "y": 3374
          },
          {
            "x": 2126,
            "y": 3374
          },
          {
            "x": 2126,
            "y": 3501
          },
          {
            "x": 2125,
            "y": 3502
          },
          {
            "x": 2119,
            "y": 3502
          },
          {
            "x": 2119,
            "y": 3558
          },
          {
            "x": 2118,
            "y": 3559
          },
          {
            "x": 2112,
            "y": 3559
          },
          {
            "x": 2112,
            "y": 3579
          },
          {
            "x": 2111,
            "y": 3580
          },
          {
            "x": 2104,
            "y": 3580
          },
          {
            "x": 2104,
            "y": 3593
          },
          {
            "x": 2103,
            "y": 3594
          },
          {
            "x": 2097,
            "y": 3594
          },
          {
            "x": 2097,
            "y": 3607
          },
          {
            "x": 2096,
            "y": 3608
          },
          {
            "x": 2090,
            "y": 3608
          },
          {
            "x": 2090,
            "y": 3643
          },
          {
            "x": 2096,
            "y": 3643
          },
          {
            "x": 2097,
            "y": 3644
          },
          {
            "x": 2097,
            "y": 3646
          },
          {
            "x": 2516,
            "y": 3646
          },
          {
            "x": 2516,
            "y": 3644
          },
          {
            "x": 2517,
            "y": 3643
          },
          {
            "x": 2523,
            "y": 3643
          },
          {
            "x": 2523,
            "y": 3359
          },
          {
            "x": 2524,
            "y": 3358
          },
          {
            "x": 2530,
            "y": 3358
          },
          {
            "x": 2530,
            "y": 3139
          },
          {
            "x": 2531,
            "y": 3138
          },
          {
            "x": 2537,
            "y": 3138
          },
          {
            "x": 2537,
            "y": 2947
          },
          {
            "x": 2531,
            "y": 2947
          },
          {
            "x": 2530,
            "y": 2946
          },
          {
            "x": 2530,
            "y": 2876
          },
          {
            "x": 2531,
            "y": 2875
          },
          {
            "x": 2537,
            "y": 2875
          },
          {
            "x": 2537,
            "y": 2748
          },
          {
            "x": 2538,
            "y": 2747
          },
          {
            "x": 2544,
            "y": 2747
          },
          {
            "x": 2544,
            "y": 2570
          },
          {
            "x": 2545,
            "y": 2569
          },
          {
            "x": 2551,
            "y": 2569
          },
          {
            "x": 2551,
            "y": 2499
          },
          {
            "x": 2545,
            "y": 2499
          },
          {
            "x": 2544,
            "y": 2498
          },
          {
            "x": 2544,
            "y": 2393
          },
          {
            "x": 2545,
            "y": 2392
          },
          {
            "x": 2551,
            "y": 2392
          },
          {
            "x": 2551,
            "y": 2315
          },
          {
            "x": 2545,
            "y": 2315
          },
          {
            "x": 2544,
            "y": 2314
          },
          {
            "x": 2544,
            "y": 2251
          },
          {
            "x": 2545,
            "y": 2250
          },
          {
            "x": 2551,
            "y": 2250
          },
          {
            "x": 2551,
            "y": 2023
          },
          {
            "x": 2552,
            "y": 2022.0
          },
          {
            "x": 2558,
            "y": 2022.0
          },
          {
            "x": 2558,
            "y": 1852
          },
          {
            "x": 2559,
            "y": 1851
          },
          {
            "x": 2565,
            "y": 1851
          },
          {
            "x": 2565,
            "y": 1618
          },
          {
            "x": 2566,
            "y": 1617
          },
          {
            "x": 2573,
            "y": 1617
          },
          {
            "x": 2573,
            "y": 1049
          },
          {
            "x": 2574,
            "y": 1048
          },
          {
            "x": 2580,
            "y": 1048
          },
          {
            "x": 2580,
            "y": 957
          },
          {
            "x": 2574,
            "y": 957
          },
          {
            "x": 2573,
            "y": 956
          },
          {
            "x": 2573,
            "y": 694
          },
          {
            "x": 2574,
            "y": 693.0
          },
          {
            "x": 2580,
            "y": 693.0
          },
          {
            "x": 2580,
            "y": 630
          },
          {
            "x": 2574,
            "y": 630
          },
          {
            "x": 2573,
            "y": 629.0
          },
          {
            "x": 2573,
            "y": 552
          },
          {
            "x": 2566,
            "y": 552
          },
          {
            "x": 2565,
            "y": 551.0
          },
          {
            "x": 2565,
            "y": 82.0
          },
          {
            "x": 2566,
            "y": 81.0
          },
          {
            "x": 2573,
            "y": 81.0
          },
          {
            "x": 2573,
            "y": 4.0
          },
          {
            "x": 2559,
            "y": 4.0
          },
          {
            "x": 2558,
            "y": 3.0
          },
          {
            "x": 2558,
            "y": 0
          }
        ]
      }
    }
  ]
}