{
  "image": {
    "width": 5472,
    "height": 3648,
    "filename": "00000029.JPG",
    "original_filename": "EP-00-00012_0119_0063.JPG",
    "url": "https://darwin.v7labs.com/api/images/1221708/original?token=352cf892-311a-4ca4-80fd-3f05fb7d64b8",
    "thumbnail_url": "https://darwin.v7labs.com/api/images/1221708/thumbnail?token=352cf892-311a-4ca4-80fd-3f05fb7d64b8",
    "workview_url": "https://darwin.v7labs.com/workview?dataset=1191&image=29"
  },
  "dataset": "Mapping_2",
  "annotated": true,
  "annotations": [
    {
      "annotator": {
        "email": "begimbaeva.s95@gmail.com",
        "full_name": "Saltanat Begimbaeva"
      },
      "name": "Building Polygon ",
      "polygon": {
        "path": [
          {
            "x": -2.61,
            "y": -1.77
          },
          {
            "x": 680.6,
            "y": 0
          },
          {
            "x": 1104.34,
            "y": -1.21
          },
          {
            "x": 1690.3,
            "y": 1.12
          },
          {
            "x": 1924.04,
            "y": -0.48
          },
          {
            "x": 1915.01,
            "y": 35.47
          },
          {
            "x": 2089.43,
            "y": 68.06
          },
          {
            "x": 2454.42,
            "y": 131.54
          },
          {
            "x": 2879.83,
            "y": 208.65
          },
          {
            "x": 2797.36,
            "y": 663.03
          },
          {
            "x": 2972.4,
            "y": 694.91
          },
          {
            "x": 2881.91,
            "y": 1187.39
          },
          {
            "x": 2766.13,
            "y": 1825.77
          },
          {
            "x": 2664.4,
            "y": 2397.47
          },
          {
            "x": 2504.6,
            "y": 3280.48
          },
          {
            "x": 2438.03,
            "y": 3648.56
          },
          {
            "x": 2104.82,
            "y": 3647.44
          },
          {
            "x": 1402.03,
            "y": 3648.0
          },
          {
            "x": 932.42,
            "y": 3648.0
          },
          {
            "x": 268.41,
            "y": 3645.95
          },
          {
            "x": 2.98,
            "y": 3647.72
          },
          {
            "x": -5.03,
            "y": 3141.1
          },
          {
            "x": 0.0,
            "y": 2470.57
          },
          {
            "x": 0.0,
            "y": 1776.36
          },
          {
            "x": 3.26,
            "y": 1441.37
          },
          {
            "x": -1.21,
            "y": 692.72
          },
          {
            "x": -3.26,
            "y": 210.99
          }
        ]
      }
    },
    {
      "annotator": {
        "email": "begimbaeva.s95@gmail.com",
        "full_name": "Saltanat Begimbaeva"
      },
      "name": "Road Polygon ",
      "polygon": {
        "path": [
          {
            "x": 5468.95,
            "y": 498.74
          },
          {
            "x": 5348.49,
            "y": 607.59
          },
          {
            "x": 5046.03,
            "y": 888.71
          },
          {
            "x": 5046.03,
            "y": 888.71
          },
          {
            "x": 5046.03,
            "y": 888.71
          },
          {
            "x": 4814.73,
            "y": 1116.45
          },
          {
            "x": 4672.39,
            "y": 1251.67
          },
          {
            "x": 4199.12,
            "y": 1917.1
          },
          {
            "x": 4056.78,
            "y": 2156.7
          },
          {
            "x": 3929.21,
            "y": 2339.95
          },
          {
            "x": 3835.4,
            "y": 2460.98
          },
          {
            "x": 3720.42,
            "y": 2642.54
          },
          {
            "x": 3647.07,
            "y": 2749.77
          },
          {
            "x": 3593.33,
            "y": 2863.43
          },
          {
            "x": 3566.1,
            "y": 2987.49
          },
          {
            "x": 3566.1,
            "y": 3051.03
          },
          {
            "x": 3667.28,
            "y": 3265.75
          },
          {
            "x": 3805.14,
            "y": 3582.58
          },
          {
            "x": 3832.44,
            "y": 3649.07
          },
          {
            "x": 4152.4,
            "y": 3648.86
          },
          {
            "x": 3860.62,
            "y": 3011.26
          },
          {
            "x": 3871.43,
            "y": 3004.06
          },
          {
            "x": 3882.23,
            "y": 2935.62
          },
          {
            "x": 3906.04,
            "y": 2891.63
          },
          {
            "x": 3994.42,
            "y": 2837.27
          },
          {
            "x": 4070.06,
            "y": 2794.64
          },
          {
            "x": 4354.79,
            "y": 2670.41
          },
          {
            "x": 4329.49,
            "y": 2607.1
          },
          {
            "x": 4412.48,
            "y": 2610.61
          },
          {
            "x": 4625.33,
            "y": 2335.07
          },
          {
            "x": 4689.65,
            "y": 2250.16
          },
          {
            "x": 4689.65,
            "y": 2250.16
          },
          {
            "x": 4689.65,
            "y": 2250.16
          },
          {
            "x": 4634.43,
            "y": 2138.88
          },
          {
            "x": 4721.42,
            "y": 2102.2
          },
          {
            "x": 4744.22,
            "y": 2103.58
          },
          {
            "x": 4780.83,
            "y": 2174.81
          },
          {
            "x": 4802.77,
            "y": 2164.81
          },
          {
            "x": 4782.89,
            "y": 2115.61
          },
          {
            "x": 4815.43,
            "y": 2093.76
          },
          {
            "x": 4770.59,
            "y": 2003.98
          },
          {
            "x": 4747.12,
            "y": 1951.41
          },
          {
            "x": 4726.11,
            "y": 1907.72
          },
          {
            "x": 4991.79,
            "y": 1798.33
          },
          {
            "x": 5346.03,
            "y": 1636.83
          },
          {
            "x": 5468.88,
            "y": 1577.65
          },
          {
            "x": 5467.0,
            "y": 1074.22
          },
          {
            "x": 5468.45,
            "y": 701.74
          }
        ]
      }
    },
    {
      "annotator": {
        "email": "begimbaeva.s95@gmail.com",
        "full_name": "Saltanat Begimbaeva"
      },
      "name": "Building Polygon ",
      "polygon": {
        "path": [
          {
            "x": 2831.36,
            "y": 4.82
          },
          {
            "x": 2771.39,
            "y": 77.89
          },
          {
            "x": 2814.0,
            "y": 108.99
          },
          {
            "x": 2957.86,
            "y": 228.05
          },
          {
            "x": 2957.86,
            "y": 228.05
          },
          {
            "x": 3163.72,
            "y": 389.27
          },
          {
            "x": 3313.45,
            "y": 505.4
          },
          {
            "x": 3449.42,
            "y": 337.41
          },
          {
            "x": 3551.77,
            "y": 216.32
          },
          {
            "x": 3558.09,
            "y": 208.19
          },
          {
            "x": 3615.35,
            "y": 140.78
          },
          {
            "x": 3439.04,
            "y": -0.14
          }
        ]
      }
    },
    {
      "annotator": {
        "email": "begimbaeva.s95@gmail.com",
        "full_name": "Saltanat Begimbaeva"
      },
      "bounding_box": {
        "h": 360.49,
        "w": 495.76,
        "x": 3341.78,
        "y": 376.39
      },
      "name": "Vehicle "
    }
  ]
}