{
  "image": {
    "width": 1280,
    "height": 1656,
    "filename": "00000084.jpg",
    "original_filename": "person-walking-on-the-road-1563256.jpg",
    "url": "https://darwin.v7labs.com/api/images/1221785/original?token=43ffe058-ebd2-4afa-8955-89cf45e925a6",
    "thumbnail_url": "https://darwin.v7labs.com/api/images/1221785/thumbnail?token=43ffe058-ebd2-4afa-8955-89cf45e925a6",
    "workview_url": "https://darwin.v7labs.com/workview?dataset=1190&image=84"
  },
  "dataset": "Mapping_1",
  "annotated": true,
  "annotations": [
    {
      "annotator": {
        "email": "order@bex.kg",
        "full_name": "Zhaparova  Nurzhan"
      },
      "bounding_box": {
        "h": 488.16,
        "w": 82.14,
        "x": 60.78,
        "y": 826.59
      },
      "name": "Street light"
    },
    {
      "annotator": {
        "email": "order@bex.kg",
        "full_name": "Zhaparova  Nurzhan"
      },
      "bounding_box": {
        "h": 445.92,
        "w": 79.8,
        "x": 1091.08,
        "y": 868.84
      },
      "name": "Street light"
    },
    {
      "annotator": {
        "email": "order@bex.kg",
        "full_name": "Zhaparova  Nurzhan"
      },
      "name": "Building Polygon",
      "polygon": {
        "path": [
          {
            "x": 1045.71,
            "y": 8.29
          },
          {
            "x": 1057.44,
            "y": 278.19
          },
          {
            "x": 1073.09,
            "y": 548.09
          },
          {
            "x": 1065.27,
            "y": 618.5
          },
          {
            "x": 1057.44,
            "y": 665.44
          },
          {
            "x": 1065.27,
            "y": 681.08
          },
          {
            "x": 1065.27,
            "y": 712.37
          },
          {
            "x": 1049.62,
            "y": 747.58
          },
          {
            "x": 1065.27,
            "y": 798.43
          },
          {
            "x": 1069.18,
            "y": 868.84
          },
          {
            "x": 1078.39,
            "y": 880.14
          },
          {
            "x": 1084.5,
            "y": 988.07
          },
          {
            "x": 1099.3,
            "y": 1008.09
          },
          {
            "x": 1108.36,
            "y": 1008.85
          },
          {
            "x": 1103.83,
            "y": 910.01
          },
          {
            "x": 1097.8,
            "y": 894.16
          },
          {
            "x": 1099.3,
            "y": 880.58
          },
          {
            "x": 1105.34,
            "y": 873.79
          },
          {
            "x": 1109.87,
            "y": 870.02
          },
          {
            "x": 1118.17,
            "y": 875.3
          },
          {
            "x": 1124.96,
            "y": 883.6
          },
          {
            "x": 1128.73,
            "y": 900.96
          },
          {
            "x": 1124.96,
            "y": 911.52
          },
          {
            "x": 1118.92,
            "y": 922.08
          },
          {
            "x": 1118.92,
            "y": 928.12
          },
          {
            "x": 1131.75,
            "y": 927.36
          },
          {
            "x": 1128.73,
            "y": 919.06
          },
          {
            "x": 1134.01,
            "y": 911.52
          },
          {
            "x": 1142.31,
            "y": 919.06
          },
          {
            "x": 1143.06,
            "y": 925.1
          },
          {
            "x": 1153.63,
            "y": 926.61
          },
          {
            "x": 1151.36,
            "y": 919.06
          },
          {
            "x": 1145.33,
            "y": 911.52
          },
          {
            "x": 1149.1,
            "y": 909.25
          },
          {
            "x": 1143.06,
            "y": 900.2
          },
          {
            "x": 1140.8,
            "y": 888.13
          },
          {
            "x": 1146.84,
            "y": 881.34
          },
          {
            "x": 1149.85,
            "y": 874.55
          },
          {
            "x": 1149.85,
            "y": 865.49
          },
          {
            "x": 1156.65,
            "y": 866.25
          },
          {
            "x": 1164.94,
            "y": 881.34
          },
          {
            "x": 1171.74,
            "y": 895.67
          },
          {
            "x": 1166.45,
            "y": 905.48
          },
          {
            "x": 1164.19,
            "y": 922.84
          },
          {
            "x": 1168.72,
            "y": 934.15
          },
          {
            "x": 1161.17,
            "y": 937.92
          },
          {
            "x": 1164.19,
            "y": 949.24
          },
          {
            "x": 1164.19,
            "y": 959.05
          },
          {
            "x": 1155.89,
            "y": 962.07
          },
          {
            "x": 1154.38,
            "y": 949.24
          },
          {
            "x": 1150.61,
            "y": 944.72
          },
          {
            "x": 1146.08,
            "y": 951.51
          },
          {
            "x": 1149.85,
            "y": 983.19
          },
          {
            "x": 1150.14,
            "y": 1010.72
          },
          {
            "x": 1191.35,
            "y": 1008.85
          },
          {
            "x": 1200.8,
            "y": 1120.03
          },
          {
            "x": 1159.16,
            "y": 1123.51
          },
          {
            "x": 1157.64,
            "y": 1191.7
          },
          {
            "x": 1158.74,
            "y": 1237.26
          },
          {
            "x": 1174.08,
            "y": 1239.45
          },
          {
            "x": 1185.04,
            "y": 1213.15
          },
          {
            "x": 1191.61,
            "y": 1197.81
          },
          {
            "x": 1203.67,
            "y": 1198.9
          },
          {
            "x": 1210.24,
            "y": 1215.34
          },
          {
            "x": 1210.24,
            "y": 1244.93
          },
          {
            "x": 1278.18,
            "y": 1250.04
          },
          {
            "x": 1284.1,
            "y": 1.96
          }
        ]
      }
    },
    {
      "annotator": {
        "email": "order@bex.kg",
        "full_name": "Zhaparova  Nurzhan"
      },
      "name": "Building Polygon",
      "polygon": {
        "path": [
          {
            "x": 212.0,
            "y": 0
          },
          {
            "x": 212.0,
            "y": 1.0
          },
          {
            "x": 211.0,
            "y": 2.0
          },
          {
            "x": 208.0,
            "y": 2.0
          },
          {
            "x": 208.0,
            "y": 12.0
          },
          {
            "x": 209.0,
            "y": 12.0
          },
          {
            "x": 210.0,
            "y": 13.0
          },
          {
            "x": 210.0,
            "y": 21.0
          },
          {
            "x": 211.0,
            "y": 21.0
          },
          {
            "x": 212.0,
            "y": 22
          },
          {
            "x": 212.0,
            "y": 50.0
          },
          {
            "x": 214.0,
            "y": 50.0
          },
          {
            "x": 215.0,
            "y": 51.0
          },
          {
            "x": 215.0,
            "y": 72.0
          },
          {
            "x": 214.0,
            "y": 73.0
          },
          {
            "x": 212.0,
            "y": 73.0
          },
          {
            "x": 212.0,
            "y": 81.0
          },
          {
            "x": 211.0,
            "y": 82.0
          },
          {
            "x": 210.0,
            "y": 82.0
          },
          {
            "x": 210.0,
            "y": 99
          },
          {
            "x": 211.0,
            "y": 99
          },
          {
            "x": 212.0,
            "y": 100
          },
          {
            "x": 212.0,
            "y": 110
          },
          {
            "x": 214.0,
            "y": 110
          },
          {
            "x": 215.0,
            "y": 111
          },
          {
            "x": 215.0,
            "y": 168.0
          },
          {
            "x": 214.0,
            "y": 169.0
          },
          {
            "x": 212.0,
            "y": 169.0
          },
          {
            "x": 212.0,
            "y": 219.0
          },
          {
            "x": 211.0,
            "y": 220
          },
          {
            "x": 210.0,
            "y": 220
          },
          {
            "x": 210.0,
            "y": 270
          },
          {
            "x": 209.0,
            "y": 271
          },
          {
            "x": 208.0,
            "y": 271
          },
          {
            "x": 208.0,
            "y": 379
          },
          {
            "x": 207.0,
            "y": 380
          },
          {
            "x": 206.0,
            "y": 380
          },
          {
            "x": 206.0,
            "y": 453.0
          },
          {
            "x": 205.0,
            "y": 454.0
          },
          {
            "x": 204.0,
            "y": 454.0
          },
          {
            "x": 204.0,
            "y": 509
          },
          {
            "x": 203,
            "y": 510
          },
          {
            "x": 201,
            "y": 510
          },
          {
            "x": 201,
            "y": 540
          },
          {
            "x": 203,
            "y": 540
          },
          {
            "x": 204.0,
            "y": 541
          },
          {
            "x": 204.0,
            "y": 555
          },
          {
            "x": 203,
            "y": 556
          },
          {
            "x": 201,
            "y": 556
          },
          {
            "x": 201,
            "y": 567
          },
          {
            "x": 200.0,
            "y": 568
          },
          {
            "x": 199,
            "y": 568
          },
          {
            "x": 199,
            "y": 602.0
          },
          {
            "x": 198.0,
            "y": 603
          },
          {
            "x": 197.0,
            "y": 603
          },
          {
            "x": 197.0,
            "y": 640.0
          },
          {
            "x": 196.0,
            "y": 641
          },
          {
            "x": 195.0,
            "y": 641
          },
          {
            "x": 195.0,
            "y": 649
          },
          {
            "x": 194.0,
            "y": 650.0
          },
          {
            "x": 192.0,
            "y": 650.0
          },
          {
            "x": 192.0,
            "y": 660
          },
          {
            "x": 194.0,
            "y": 660
          },
          {
            "x": 195.0,
            "y": 661.0
          },
          {
            "x": 195.0,
            "y": 671.0
          },
          {
            "x": 196.0,
            "y": 671.0
          },
          {
            "x": 197.0,
            "y": 672
          },
          {
            "x": 197.0,
            "y": 709.0
          },
          {
            "x": 198.0,
            "y": 709.0
          },
          {
            "x": 199,
            "y": 710
          },
          {
            "x": 199,
            "y": 714
          },
          {
            "x": 200.0,
            "y": 714
          },
          {
            "x": 201,
            "y": 715.0
          },
          {
            "x": 201,
            "y": 718
          },
          {
            "x": 203,
            "y": 718
          },
          {
            "x": 204.0,
            "y": 719.0
          },
          {
            "x": 204.0,
            "y": 723.0
          },
          {
            "x": 205.0,
            "y": 723.0
          },
          {
            "x": 206.0,
            "y": 724
          },
          {
            "x": 206.0,
            "y": 727
          },
          {
            "x": 207.0,
            "y": 727
          },
          {
            "x": 208.0,
            "y": 728.0
          },
          {
            "x": 208.0,
            "y": 729
          },
          {
            "x": 209.0,
            "y": 729
          },
          {
            "x": 210.0,
            "y": 730.0
          },
          {
            "x": 210.0,
            "y": 734.0
          },
          {
            "x": 211.0,
            "y": 734.0
          },
          {
            "x": 212.0,
            "y": 735
          },
          {
            "x": 212.0,
            "y": 738.0
          },
          {
            "x": 214.0,
            "y": 738.0
          },
          {
            "x": 215.0,
            "y": 739
          },
          {
            "x": 215.0,
            "y": 751.0
          },
          {
            "x": 214.0,
            "y": 752
          },
          {
            "x": 212.0,
            "y": 752
          },
          {
            "x": 212.0,
            "y": 756
          },
          {
            "x": 211.0,
            "y": 757.0
          },
          {
            "x": 210.0,
            "y": 757.0
          },
          {
            "x": 210.0,
            "y": 758
          },
          {
            "x": 209.0,
            "y": 759.0
          },
          {
            "x": 206.0,
            "y": 759.0
          },
          {
            "x": 206.0,
            "y": 760
          },
          {
            "x": 205.0,
            "y": 761.0
          },
          {
            "x": 204.0,
            "y": 761.0
          },
          {
            "x": 204.0,
            "y": 763.0
          },
          {
            "x": 203,
            "y": 764
          },
          {
            "x": 199,
            "y": 764
          },
          {
            "x": 199,
            "y": 767
          },
          {
            "x": 198.0,
            "y": 768
          },
          {
            "x": 197.0,
            "y": 768
          },
          {
            "x": 197.0,
            "y": 769
          },
          {
            "x": 196.0,
            "y": 770.0
          },
          {
            "x": 195.0,
            "y": 770.0
          },
          {
            "x": 195.0,
            "y": 774.0
          },
          {
            "x": 194.0,
            "y": 775
          },
          {
            "x": 192.0,
            "y": 775
          },
          {
            "x": 192.0,
            "y": 778.0
          },
          {
            "x": 191.0,
            "y": 779
          },
          {
            "x": 190.0,
            "y": 779
          },
          {
            "x": 190.0,
            "y": 807.0
          },
          {
            "x": 189.0,
            "y": 808
          },
          {
            "x": 188.0,
            "y": 808
          },
          {
            "x": 188.0,
            "y": 847.0
          },
          {
            "x": 187.0,
            "y": 848
          },
          {
            "x": 186.0,
            "y": 848
          },
          {
            "x": 186.0,
            "y": 856
          },
          {
            "x": 185.0,
            "y": 857.0
          },
          {
            "x": 183.0,
            "y": 857.0
          },
          {
            "x": 183.0,
            "y": 907
          },
          {
            "x": 182.0,
            "y": 908.0
          },
          {
            "x": 181.0,
            "y": 908.0
          },
          {
            "x": 181.0,
            "y": 927.0
          },
          {
            "x": 182.0,
            "y": 927.0
          },
          {
            "x": 183.0,
            "y": 928
          },
          {
            "x": 183.0,
            "y": 936
          },
          {
            "x": 185.0,
            "y": 936
          },
          {
            "x": 186.0,
            "y": 937.0
          },
          {
            "x": 186.0,
            "y": 941.0
          },
          {
            "x": 187.0,
            "y": 941.0
          },
          {
            "x": 188.0,
            "y": 942
          },
          {
            "x": 188.0,
            "y": 943.0
          },
          {
            "x": 189.0,
            "y": 943.0
          },
          {
            "x": 190.0,
            "y": 944
          },
          {
            "x": 190.0,
            "y": 945
          },
          {
            "x": 191.0,
            "y": 945
          },
          {
            "x": 192.0,
            "y": 946
          },
          {
            "x": 192.0,
            "y": 948
          },
          {
            "x": 196.0,
            "y": 948
          },
          {
            "x": 196.0,
            "y": 946
          },
          {
            "x": 197.0,
            "y": 945
          },
          {
            "x": 211.0,
            "y": 945
          },
          {
            "x": 212.0,
            "y": 946
          },
          {
            "x": 212.0,
            "y": 948
          },
          {
            "x": 238.0,
            "y": 948
          },
          {
            "x": 238.0,
            "y": 946
          },
          {
            "x": 239.0,
            "y": 945
          },
          {
            "x": 243,
            "y": 945
          },
          {
            "x": 243,
            "y": 944
          },
          {
            "x": 244.0,
            "y": 943.0
          },
          {
            "x": 249.0,
            "y": 943.0
          },
          {
            "x": 249.0,
            "y": 942
          },
          {
            "x": 250.0,
            "y": 941.0
          },
          {
            "x": 265.0,
            "y": 941.0
          },
          {
            "x": 265.0,
            "y": 940
          },
          {
            "x": 266,
            "y": 939.0
          },
          {
            "x": 278.0,
            "y": 939.0
          },
          {
            "x": 278.0,
            "y": 937.0
          },
          {
            "x": 279.0,
            "y": 936
          },
          {
            "x": 283,
            "y": 936
          },
          {
            "x": 283,
            "y": 931.0
          },
          {
            "x": 282.0,
            "y": 931.0
          },
          {
            "x": 281.0,
            "y": 930
          },
          {
            "x": 281.0,
            "y": 926
          },
          {
            "x": 282.0,
            "y": 925
          },
          {
            "x": 283,
            "y": 925
          },
          {
            "x": 283,
            "y": 924
          },
          {
            "x": 284.0,
            "y": 923
          },
          {
            "x": 289,
            "y": 923
          },
          {
            "x": 289,
            "y": 922
          },
          {
            "x": 290.0,
            "y": 921
          },
          {
            "x": 303.0,
            "y": 921
          },
          {
            "x": 303.0,
            "y": 920.0
          },
          {
            "x": 304.0,
            "y": 919
          },
          {
            "x": 307.0,
            "y": 919
          },
          {
            "x": 307.0,
            "y": 917
          },
          {
            "x": 308,
            "y": 916.0
          },
          {
            "x": 309.0,
            "y": 916.0
          },
          {
            "x": 309.0,
            "y": 915
          },
          {
            "x": 310,
            "y": 914.0
          },
          {
            "x": 314,
            "y": 914.0
          },
          {
            "x": 314,
            "y": 913
          },
          {
            "x": 315.0,
            "y": 912.0
          },
          {
            "x": 321.0,
            "y": 912.0
          },
          {
            "x": 321.0,
            "y": 911
          },
          {
            "x": 322.0,
            "y": 910.0
          },
          {
            "x": 327.0,
            "y": 910.0
          },
          {
            "x": 328.0,
            "y": 911
          },
          {
            "x": 328.0,
            "y": 912.0
          },
          {
            "x": 330.0,
            "y": 912.0
          },
          {
            "x": 331,
            "y": 913
          },
          {
            "x": 331,
            "y": 916.0
          },
          {
            "x": 332.0,
            "y": 916.0
          },
          {
            "x": 333,
            "y": 917
          },
          {
            "x": 333,
            "y": 930
          },
          {
            "x": 334.0,
            "y": 930
          },
          {
            "x": 335,
            "y": 931.0
          },
          {
            "x": 335,
            "y": 936
          },
          {
            "x": 336.0,
            "y": 936
          },
          {
            "x": 337,
            "y": 937.0
          },
          {
            "x": 337,
            "y": 939.0
          },
          {
            "x": 338.0,
            "y": 939.0
          },
          {
            "x": 339,
            "y": 940
          },
          {
            "x": 339,
            "y": 941.0
          },
          {
            "x": 341.0,
            "y": 941.0
          },
          {
            "x": 342.0,
            "y": 942
          },
          {
            "x": 342.0,
            "y": 943.0
          },
          {
            "x": 343.0,
            "y": 943.0
          },
          {
            "x": 344.0,
            "y": 944
          },
          {
            "x": 344.0,
            "y": 948
          },
          {
            "x": 345.0,
            "y": 948
          },
          {
            "x": 346.0,
            "y": 949
          },
          {
            "x": 346.0,
            "y": 950.0
          },
          {
            "x": 347.0,
            "y": 950.0
          },
          {
            "x": 348.0,
            "y": 951
          },
          {
            "x": 348.0,
            "y": 954.0
          },
          {
            "x": 350,
            "y": 954.0
          },
          {
            "x": 351.0,
            "y": 955
          },
          {
            "x": 351.0,
            "y": 961
          },
          {
            "x": 352,
            "y": 961
          },
          {
            "x": 353.0,
            "y": 962.0
          },
          {
            "x": 353.0,
            "y": 970
          },
          {
            "x": 354,
            "y": 970
          },
          {
            "x": 355.0,
            "y": 971.0
          },
          {
            "x": 355.0,
            "y": 985.0
          },
          {
            "x": 356,
            "y": 985.0
          },
          {
            "x": 357.0,
            "y": 986
          },
          {
            "x": 357.0,
            "y": 1005
          },
          {
            "x": 359.0,
            "y": 1005
          },
          {
            "x": 360,
            "y": 1006.0
          },
          {
            "x": 360,
            "y": 1014
          },
          {
            "x": 361.0,
            "y": 1014
          },
          {
            "x": 362,
            "y": 1015.0
          },
          {
            "x": 362,
            "y": 1019.0
          },
          {
            "x": 363.0,
            "y": 1019.0
          },
          {
            "x": 364.0,
            "y": 1020
          },
          {
            "x": 364.0,
            "y": 1028
          },
          {
            "x": 365.0,
            "y": 1028
          },
          {
            "x": 366.0,
            "y": 1029
          },
          {
            "x": 366.0,
            "y": 1054
          },
          {
            "x": 365.0,
            "y": 1055
          },
          {
            "x": 364.0,
            "y": 1055
          },
          {
            "x": 364.0,
            "y": 1061
          },
          {
            "x": 363.0,
            "y": 1062
          },
          {
            "x": 362,
            "y": 1062
          },
          {
            "x": 362,
            "y": 1072
          },
          {
            "x": 361.0,
            "y": 1073
          },
          {
            "x": 360,
            "y": 1073
          },
          {
            "x": 360,
            "y": 1079
          },
          {
            "x": 361.0,
            "y": 1079
          },
          {
            "x": 362,
            "y": 1080
          },
          {
            "x": 362,
            "y": 1081
          },
          {
            "x": 363.0,
            "y": 1081
          },
          {
            "x": 364.0,
            "y": 1082
          },
          {
            "x": 364.0,
            "y": 1083
          },
          {
            "x": 365.0,
            "y": 1083
          },
          {
            "x": 366.0,
            "y": 1084
          },
          {
            "x": 366.0,
            "y": 1086
          },
          {
            "x": 372.0,
            "y": 1086
          },
          {
            "x": 373,
            "y": 1087
          },
          {
            "x": 373,
            "y": 1088
          },
          {
            "x": 383,
            "y": 1088
          },
          {
            "x": 383,
            "y": 1087
          },
          {
            "x": 384.0,
            "y": 1086
          },
          {
            "x": 390.0,
            "y": 1086
          },
          {
            "x": 390.0,
            "y": 1084
          },
          {
            "x": 391.0,
            "y": 1083
          },
          {
            "x": 394.0,
            "y": 1083
          },
          {
            "x": 394.0,
            "y": 1082
          },
          {
            "x": 395.0,
            "y": 1081
          },
          {
            "x": 399.0,
            "y": 1081
          },
          {
            "x": 399.0,
            "y": 1080
          },
          {
            "x": 400,
            "y": 1079
          },
          {
            "x": 403.0,
            "y": 1079
          },
          {
            "x": 403.0,
            "y": 1078
          },
          {
            "x": 404,
            "y": 1077
          },
          {
            "x": 405.0,
            "y": 1077
          },
          {
            "x": 405.0,
            "y": 1076
          },
          {
            "x": 406,
            "y": 1075
          },
          {
            "x": 408.0,
            "y": 1075
          },
          {
            "x": 408.0,
            "y": 1071
          },
          {
            "x": 409.0,
            "y": 1070
          },
          {
            "x": 410.0,
            "y": 1070
          },
          {
            "x": 410.0,
            "y": 1067
          },
          {
            "x": 411.0,
            "y": 1066
          },
          {
            "x": 412.0,
            "y": 1066
          },
          {
            "x": 412.0,
            "y": 1062
          },
          {
            "x": 413.0,
            "y": 1061
          },
          {
            "x": 414.0,
            "y": 1061
          },
          {
            "x": 414.0,
            "y": 1060
          },
          {
            "x": 415.0,
            "y": 1059
          },
          {
            "x": 416.0,
            "y": 1059
          },
          {
            "x": 416.0,
            "y": 1058
          },
          {
            "x": 417,
            "y": 1057
          },
          {
            "x": 419,
            "y": 1057
          },
          {
            "x": 419,
            "y": 1055
          },
          {
            "x": 420.0,
            "y": 1054
          },
          {
            "x": 421,
            "y": 1054
          },
          {
            "x": 421,
            "y": 1051
          },
          {
            "x": 422.0,
            "y": 1050
          },
          {
            "x": 423,
            "y": 1050
          },
          {
            "x": 423,
            "y": 1049
          },
          {
            "x": 424.0,
            "y": 1048
          },
          {
            "x": 428.0,
            "y": 1048
          },
          {
            "x": 428.0,
            "y": 1047
          },
          {
            "x": 429,
            "y": 1046
          },
          {
            "x": 432.0,
            "y": 1046
          },
          {
            "x": 432.0,
            "y": 1042
          },
          {
            "x": 433.0,
            "y": 1041
          },
          {
            "x": 434.0,
            "y": 1041
          },
          {
            "x": 434.0,
            "y": 1040
          },
          {
            "x": 435.0,
            "y": 1039
          },
          {
            "x": 436.0,
            "y": 1039
          },
          {
            "x": 436.0,
            "y": 1035
          },
          {
            "x": 437.0,
            "y": 1034
          },
          {
            "x": 439.0,
            "y": 1034
          },
          {
            "x": 439.0,
            "y": 1033
          },
          {
            "x": 440,
            "y": 1032
          },
          {
            "x": 441.0,
            "y": 1032
          },
          {
            "x": 441.0,
            "y": 1029
          },
          {
            "x": 442,
            "y": 1028
          },
          {
            "x": 443.0,
            "y": 1028
          },
          {
            "x": 443.0,
            "y": 1024
          },
          {
            "x": 444,
            "y": 1023.0
          },
          {
            "x": 445.0,
            "y": 1023.0
          },
          {
            "x": 445.0,
            "y": 1022
          },
          {
            "x": 446,
            "y": 1021.0
          },
          {
            "x": 448,
            "y": 1021.0
          },
          {
            "x": 448,
            "y": 1020
          },
          {
            "x": 449.0,
            "y": 1019.0
          },
          {
            "x": 450,
            "y": 1019.0
          },
          {
            "x": 450,
            "y": 1018
          },
          {
            "x": 451.0,
            "y": 1017.0
          },
          {
            "x": 452.0,
            "y": 1017.0
          },
          {
            "x": 452.0,
            "y": 1015.0
          },
          {
            "x": 453.0,
            "y": 1014
          },
          {
            "x": 454.0,
            "y": 1014
          },
          {
            "x": 454.0,
            "y": 1011
          },
          {
            "x": 455.0,
            "y": 1010.0
          },
          {
            "x": 457.0,
            "y": 1010.0
          },
          {
            "x": 457.0,
            "y": 1006.0
          },
          {
            "x": 458.0,
            "y": 1005
          },
          {
            "x": 459.0,
            "y": 1005
          },
          {
            "x": 459.0,
            "y": 993
          },
          {
            "x": 458.0,
            "y": 993
          },
          {
            "x": 457.0,
            "y": 992
          },
          {
            "x": 457.0,
            "y": 991
          },
          {
            "x": 455.0,
            "y": 991
          },
          {
            "x": 454.0,
            "y": 990
          },
          {
            "x": 454.0,
            "y": 986
          },
          {
            "x": 453.0,
            "y": 986
          },
          {
            "x": 452.0,
            "y": 985.0
          },
          {
            "x": 452.0,
            "y": 982
          },
          {
            "x": 451.0,
            "y": 982
          },
          {
            "x": 450,
            "y": 981.0
          },
          {
            "x": 450,
            "y": 980
          },
          {
            "x": 451.0,
            "y": 979.0
          },
          {
            "x": 461,
            "y": 979.0
          },
          {
            "x": 461,
            "y": 978
          },
          {
            "x": 462.0,
            "y": 977.0
          },
          {
            "x": 468.0,
            "y": 977.0
          },
          {
            "x": 469,
            "y": 978
          },
          {
            "x": 469,
            "y": 979.0
          },
          {
            "x": 470.0,
            "y": 979.0
          },
          {
            "x": 471,
            "y": 980
          },
          {
            "x": 471,
            "y": 983.0
          },
          {
            "x": 472.0,
            "y": 983.0
          },
          {
            "x": 473,
            "y": 984
          },
          {
            "x": 473,
            "y": 985.0
          },
          {
            "x": 474.0,
            "y": 985.0
          },
          {
            "x": 475.0,
            "y": 986
          },
          {
            "x": 475.0,
            "y": 988
          },
          {
            "x": 479.0,
            "y": 988
          },
          {
            "x": 480.0,
            "y": 989
          },
          {
            "x": 480.0,
            "y": 990
          },
          {
            "x": 481.0,
            "y": 990
          },
          {
            "x": 482.0,
            "y": 991
          },
          {
            "x": 482.0,
            "y": 992
          },
          {
            "x": 494,
            "y": 992
          },
          {
            "x": 494,
            "y": 991
          },
          {
            "x": 495.0,
            "y": 990
          },
          {
            "x": 497.0,
            "y": 990
          },
          {
            "x": 497.0,
            "y": 984
          },
          {
            "x": 498.0,
            "y": 983.0
          },
          {
            "x": 499.0,
            "y": 983.0
          },
          {
            "x": 499.0,
            "y": 971.0
          },
          {
            "x": 500.0,
            "y": 970
          },
          {
            "x": 501.0,
            "y": 970
          },
          {
            "x": 501.0,
            "y": 681
          },
          {
            "x": 502.0,
            "y": 680.0
          },
          {
            "x": 503.0,
            "y": 680.0
          },
          {
            "x": 503.0,
            "y": 585.0
          },
          {
            "x": 504.0,
            "y": 584
          },
          {
            "x": 506.0,
            "y": 584
          },
          {
            "x": 506.0,
            "y": 579
          },
          {
            "x": 504.0,
            "y": 579
          },
          {
            "x": 503.0,
            "y": 578
          },
          {
            "x": 503.0,
            "y": 543
          },
          {
            "x": 504.0,
            "y": 542
          },
          {
            "x": 506.0,
            "y": 542
          },
          {
            "x": 506.0,
            "y": 516
          },
          {
            "x": 504.0,
            "y": 516
          },
          {
            "x": 503.0,
            "y": 515
          },
          {
            "x": 503.0,
            "y": 429
          },
          {
            "x": 504.0,
            "y": 428
          },
          {
            "x": 506.0,
            "y": 428
          },
          {
            "x": 506.0,
            "y": 247
          },
          {
            "x": 507,
            "y": 246
          },
          {
            "x": 508.0,
            "y": 246
          },
          {
            "x": 508.0,
            "y": 68
          },
          {
            "x": 509,
            "y": 67
          },
          {
            "x": 510.0,
            "y": 67
          },
          {
            "x": 510.0,
            "y": 4.0
          },
          {
            "x": 509,
            "y": 4.0
          },
          {
            "x": 508.0,
            "y": 3.0
          },
          {
            "x": 508.0,
            "y": 2.0
          },
          {
            "x": 507,
            "y": 2.0
          },
          {
            "x": 506.0,
            "y": 1.0
          },
          {
            "x": 506.0,
            "y": 0
          }
        ]
      }
    },
    {
      "annotator": {
        "email": "order@bex.kg",
        "full_name": "Zhaparova  Nurzhan"
      },
      "name": "Building Polygon",
      "polygon": {
        "path": [
          {
            "x": 213,
            "y": 0
          },
          {
            "x": 2.0,
            "y": 0
          },
          {
            "x": 2.0,
            "y": 1.0
          },
          {
            "x": 1.0,
            "y": 2.0
          },
          {
            "x": 0,
            "y": 2.0
          },
          {
            "x": 0,
            "y": 1216
          },
          {
            "x": 9.0,
            "y": 1216
          },
          {
            "x": 10.0,
            "y": 1217
          },
          {
            "x": 10.0,
            "y": 1219
          },
          {
            "x": 25.0,
            "y": 1219
          },
          {
            "x": 26.0,
            "y": 1220
          },
          {
            "x": 26.0,
            "y": 1222
          },
          {
            "x": 33,
            "y": 1222
          },
          {
            "x": 33,
            "y": 1220
          },
          {
            "x": 34.0,
            "y": 1219
          },
          {
            "x": 36.0,
            "y": 1219
          },
          {
            "x": 36.0,
            "y": 1212
          },
          {
            "x": 34.0,
            "y": 1212
          },
          {
            "x": 33,
            "y": 1211
          },
          {
            "x": 33,
            "y": 1190
          },
          {
            "x": 34.0,
            "y": 1189
          },
          {
            "x": 36.0,
            "y": 1189
          },
          {
            "x": 36.0,
            "y": 1179
          },
          {
            "x": 34.0,
            "y": 1179
          },
          {
            "x": 33,
            "y": 1178
          },
          {
            "x": 33,
            "y": 1174
          },
          {
            "x": 31,
            "y": 1174
          },
          {
            "x": 30.0,
            "y": 1173
          },
          {
            "x": 30.0,
            "y": 1171
          },
          {
            "x": 29,
            "y": 1171
          },
          {
            "x": 28.0,
            "y": 1170
          },
          {
            "x": 28.0,
            "y": 1168
          },
          {
            "x": 26.0,
            "y": 1168
          },
          {
            "x": 25.0,
            "y": 1167
          },
          {
            "x": 25.0,
            "y": 1166
          },
          {
            "x": 23.0,
            "y": 1166
          },
          {
            "x": 22.0,
            "y": 1165
          },
          {
            "x": 22.0,
            "y": 1163
          },
          {
            "x": 21.0,
            "y": 1163
          },
          {
            "x": 20.0,
            "y": 1162
          },
          {
            "x": 20.0,
            "y": 1139
          },
          {
            "x": 21.0,
            "y": 1138
          },
          {
            "x": 22.0,
            "y": 1138
          },
          {
            "x": 22.0,
            "y": 1128
          },
          {
            "x": 23.0,
            "y": 1127
          },
          {
            "x": 25.0,
            "y": 1127
          },
          {
            "x": 25.0,
            "y": 1117
          },
          {
            "x": 26.0,
            "y": 1116
          },
          {
            "x": 28.0,
            "y": 1116
          },
          {
            "x": 28.0,
            "y": 1106
          },
          {
            "x": 29,
            "y": 1105
          },
          {
            "x": 30.0,
            "y": 1105
          },
          {
            "x": 30.0,
            "y": 1054
          },
          {
            "x": 31,
            "y": 1053
          },
          {
            "x": 33,
            "y": 1053
          },
          {
            "x": 33,
            "y": 1027
          },
          {
            "x": 34.0,
            "y": 1026
          },
          {
            "x": 36.0,
            "y": 1026
          },
          {
            "x": 36.0,
            "y": 984.0
          },
          {
            "x": 37,
            "y": 983.0
          },
          {
            "x": 39,
            "y": 983.0
          },
          {
            "x": 39,
            "y": 973.0
          },
          {
            "x": 40.0,
            "y": 972.0
          },
          {
            "x": 41.0,
            "y": 972.0
          },
          {
            "x": 41.0,
            "y": 967.0
          },
          {
            "x": 42.0,
            "y": 966
          },
          {
            "x": 44.0,
            "y": 966
          },
          {
            "x": 44.0,
            "y": 959
          },
          {
            "x": 45.0,
            "y": 958
          },
          {
            "x": 47.0,
            "y": 958
          },
          {
            "x": 47.0,
            "y": 943
          },
          {
            "x": 48.0,
            "y": 942.0
          },
          {
            "x": 50.0,
            "y": 942.0
          },
          {
            "x": 50.0,
            "y": 935
          },
          {
            "x": 51.0,
            "y": 934
          },
          {
            "x": 52.0,
            "y": 934
          },
          {
            "x": 52.0,
            "y": 921
          },
          {
            "x": 53.0,
            "y": 920
          },
          {
            "x": 55.0,
            "y": 920
          },
          {
            "x": 55.0,
            "y": 902
          },
          {
            "x": 56,
            "y": 901
          },
          {
            "x": 58,
            "y": 901
          },
          {
            "x": 58,
            "y": 856
          },
          {
            "x": 59.0,
            "y": 855
          },
          {
            "x": 60,
            "y": 855
          },
          {
            "x": 60,
            "y": 850
          },
          {
            "x": 61.0,
            "y": 849
          },
          {
            "x": 63.0,
            "y": 849
          },
          {
            "x": 63.0,
            "y": 848
          },
          {
            "x": 64,
            "y": 847
          },
          {
            "x": 69.0,
            "y": 847
          },
          {
            "x": 69.0,
            "y": 845
          },
          {
            "x": 70,
            "y": 844
          },
          {
            "x": 98.0,
            "y": 844
          },
          {
            "x": 99.0,
            "y": 845
          },
          {
            "x": 99.0,
            "y": 847
          },
          {
            "x": 109,
            "y": 847
          },
          {
            "x": 109,
            "y": 845
          },
          {
            "x": 110.0,
            "y": 844
          },
          {
            "x": 112,
            "y": 844
          },
          {
            "x": 112,
            "y": 842
          },
          {
            "x": 113,
            "y": 841
          },
          {
            "x": 117.0,
            "y": 841
          },
          {
            "x": 117.0,
            "y": 839
          },
          {
            "x": 118.0,
            "y": 838
          },
          {
            "x": 126.0,
            "y": 838
          },
          {
            "x": 126.0,
            "y": 837
          },
          {
            "x": 127.0,
            "y": 836
          },
          {
            "x": 145.0,
            "y": 836
          },
          {
            "x": 146.0,
            "y": 837
          },
          {
            "x": 146.0,
            "y": 838
          },
          {
            "x": 147,
            "y": 838
          },
          {
            "x": 148,
            "y": 839
          },
          {
            "x": 148,
            "y": 847
          },
          {
            "x": 150.0,
            "y": 847
          },
          {
            "x": 151,
            "y": 848
          },
          {
            "x": 151,
            "y": 890
          },
          {
            "x": 150.0,
            "y": 891
          },
          {
            "x": 148,
            "y": 891
          },
          {
            "x": 148,
            "y": 904
          },
          {
            "x": 150.0,
            "y": 904
          },
          {
            "x": 151,
            "y": 905
          },
          {
            "x": 151,
            "y": 920
          },
          {
            "x": 153.0,
            "y": 920
          },
          {
            "x": 154.0,
            "y": 921
          },
          {
            "x": 154.0,
            "y": 928
          },
          {
            "x": 156,
            "y": 928
          },
          {
            "x": 157.0,
            "y": 929
          },
          {
            "x": 157.0,
            "y": 934
          },
          {
            "x": 158.0,
            "y": 934
          },
          {
            "x": 159,
            "y": 935
          },
          {
            "x": 159,
            "y": 942.0
          },
          {
            "x": 161.0,
            "y": 942.0
          },
          {
            "x": 162,
            "y": 943
          },
          {
            "x": 162,
            "y": 972.0
          },
          {
            "x": 164.0,
            "y": 972.0
          },
          {
            "x": 165.0,
            "y": 973.0
          },
          {
            "x": 165.0,
            "y": 980
          },
          {
            "x": 166,
            "y": 980
          },
          {
            "x": 167,
            "y": 981
          },
          {
            "x": 167,
            "y": 983.0
          },
          {
            "x": 169.0,
            "y": 983.0
          },
          {
            "x": 170,
            "y": 984.0
          },
          {
            "x": 170,
            "y": 988.0
          },
          {
            "x": 175,
            "y": 988.0
          },
          {
            "x": 175,
            "y": 981
          },
          {
            "x": 176.0,
            "y": 980
          },
          {
            "x": 177.0,
            "y": 980
          },
          {
            "x": 177.0,
            "y": 948
          },
          {
            "x": 176.0,
            "y": 948
          },
          {
            "x": 175,
            "y": 947
          },
          {
            "x": 175,
            "y": 940.0
          },
          {
            "x": 176.0,
            "y": 939.0
          },
          {
            "x": 177.0,
            "y": 939.0
          },
          {
            "x": 177.0,
            "y": 913
          },
          {
            "x": 178,
            "y": 912
          },
          {
            "x": 180.0,
            "y": 912
          },
          {
            "x": 180.0,
            "y": 894
          },
          {
            "x": 181.0,
            "y": 893
          },
          {
            "x": 183,
            "y": 893
          },
          {
            "x": 183,
            "y": 872
          },
          {
            "x": 184.0,
            "y": 871
          },
          {
            "x": 185.0,
            "y": 871
          },
          {
            "x": 185.0,
            "y": 861
          },
          {
            "x": 186,
            "y": 860
          },
          {
            "x": 188.0,
            "y": 860
          },
          {
            "x": 188.0,
            "y": 856
          },
          {
            "x": 189.0,
            "y": 855
          },
          {
            "x": 191,
            "y": 855
          },
          {
            "x": 191,
            "y": 845
          },
          {
            "x": 192.0,
            "y": 844
          },
          {
            "x": 194,
            "y": 844
          },
          {
            "x": 194,
            "y": 788
          },
          {
            "x": 195.0,
            "y": 787
          },
          {
            "x": 196.0,
            "y": 787
          },
          {
            "x": 196.0,
            "y": 780
          },
          {
            "x": 197,
            "y": 779
          },
          {
            "x": 199.0,
            "y": 779
          },
          {
            "x": 199.0,
            "y": 774
          },
          {
            "x": 200.0,
            "y": 773
          },
          {
            "x": 202,
            "y": 773
          },
          {
            "x": 202,
            "y": 771
          },
          {
            "x": 203.0,
            "y": 770
          },
          {
            "x": 205,
            "y": 770
          },
          {
            "x": 205,
            "y": 769
          },
          {
            "x": 206,
            "y": 768
          },
          {
            "x": 210,
            "y": 768
          },
          {
            "x": 210,
            "y": 766
          },
          {
            "x": 211.0,
            "y": 765
          },
          {
            "x": 213,
            "y": 765
          },
          {
            "x": 213,
            "y": 763
          },
          {
            "x": 214,
            "y": 762
          },
          {
            "x": 215.0,
            "y": 762
          },
          {
            "x": 215.0,
            "y": 761
          },
          {
            "x": 216.0,
            "y": 760
          },
          {
            "x": 218,
            "y": 760
          },
          {
            "x": 218,
            "y": 758
          },
          {
            "x": 219.0,
            "y": 757
          },
          {
            "x": 221,
            "y": 757
          },
          {
            "x": 221,
            "y": 739
          },
          {
            "x": 219.0,
            "y": 739
          },
          {
            "x": 218,
            "y": 738
          },
          {
            "x": 218,
            "y": 736
          },
          {
            "x": 216.0,
            "y": 736
          },
          {
            "x": 215.0,
            "y": 735
          },
          {
            "x": 215.0,
            "y": 731
          },
          {
            "x": 214,
            "y": 731
          },
          {
            "x": 213,
            "y": 730
          },
          {
            "x": 213,
            "y": 728
          },
          {
            "x": 211.0,
            "y": 728
          },
          {
            "x": 210,
            "y": 727
          },
          {
            "x": 210,
            "y": 725
          },
          {
            "x": 208.0,
            "y": 725
          },
          {
            "x": 207.0,
            "y": 724
          },
          {
            "x": 207.0,
            "y": 720
          },
          {
            "x": 206,
            "y": 720
          },
          {
            "x": 205,
            "y": 719
          },
          {
            "x": 205,
            "y": 717
          },
          {
            "x": 203.0,
            "y": 717
          },
          {
            "x": 202,
            "y": 716
          },
          {
            "x": 202,
            "y": 712
          },
          {
            "x": 200.0,
            "y": 712
          },
          {
            "x": 199.0,
            "y": 711
          },
          {
            "x": 199.0,
            "y": 706
          },
          {
            "x": 197,
            "y": 706
          },
          {
            "x": 196.0,
            "y": 705
          },
          {
            "x": 196.0,
            "y": 701
          },
          {
            "x": 195.0,
            "y": 701
          },
          {
            "x": 194,
            "y": 700
          },
          {
            "x": 194,
            "y": 695
          },
          {
            "x": 192.0,
            "y": 695
          },
          {
            "x": 191,
            "y": 694
          },
          {
            "x": 191,
            "y": 690
          },
          {
            "x": 189.0,
            "y": 690
          },
          {
            "x": 188.0,
            "y": 689
          },
          {
            "x": 188.0,
            "y": 668
          },
          {
            "x": 189.0,
            "y": 667
          },
          {
            "x": 191,
            "y": 667
          },
          {
            "x": 191,
            "y": 663
          },
          {
            "x": 192.0,
            "y": 662
          },
          {
            "x": 194,
            "y": 662
          },
          {
            "x": 194,
            "y": 654
          },
          {
            "x": 195.0,
            "y": 653
          },
          {
            "x": 196.0,
            "y": 653
          },
          {
            "x": 196.0,
            "y": 644
          },
          {
            "x": 197,
            "y": 643
          },
          {
            "x": 199.0,
            "y": 643
          },
          {
            "x": 199.0,
            "y": 627
          },
          {
            "x": 200.0,
            "y": 626
          },
          {
            "x": 202,
            "y": 626
          },
          {
            "x": 202,
            "y": 578
          },
          {
            "x": 203.0,
            "y": 577
          },
          {
            "x": 205,
            "y": 577
          },
          {
            "x": 205,
            "y": 562
          },
          {
            "x": 206,
            "y": 561
          },
          {
            "x": 207.0,
            "y": 561
          },
          {
            "x": 207.0,
            "y": 540
          },
          {
            "x": 206,
            "y": 540
          },
          {
            "x": 205,
            "y": 539
          },
          {
            "x": 205,
            "y": 483
          },
          {
            "x": 206,
            "y": 482
          },
          {
            "x": 207.0,
            "y": 482
          },
          {
            "x": 207.0,
            "y": 453.0
          },
          {
            "x": 208.0,
            "y": 452
          },
          {
            "x": 210,
            "y": 452
          },
          {
            "x": 210,
            "y": 366
          },
          {
            "x": 211.0,
            "y": 365
          },
          {
            "x": 213,
            "y": 365
          },
          {
            "x": 213,
            "y": 312
          },
          {
            "x": 214,
            "y": 311
          },
          {
            "x": 215.0,
            "y": 311
          },
          {
            "x": 215.0,
            "y": 184.0
          },
          {
            "x": 214,
            "y": 184.0
          },
          {
            "x": 213,
            "y": 183.0
          },
          {
            "x": 213,
            "y": 165.0
          },
          {
            "x": 214,
            "y": 164.0
          },
          {
            "x": 215.0,
            "y": 164.0
          },
          {
            "x": 215.0,
            "y": 151.0
          },
          {
            "x": 216.0,
            "y": 150.0
          },
          {
            "x": 218,
            "y": 150.0
          },
          {
            "x": 218,
            "y": 119.0
          },
          {
            "x": 219.0,
            "y": 118.0
          },
          {
            "x": 221,
            "y": 118.0
          },
          {
            "x": 221,
            "y": 64.0
          },
          {
            "x": 222,
            "y": 63.0
          },
          {
            "x": 224,
            "y": 63.0
          },
          {
            "x": 224,
            "y": 34.0
          },
          {
            "x": 222,
            "y": 34.0
          },
          {
            "x": 221,
            "y": 33.0
          },
          {
            "x": 221,
            "y": 7.0
          },
          {
            "x": 219.0,
            "y": 7.0
          },
          {
            "x": 218,
            "y": 6.0
          },
          {
            "x": 218,
            "y": 2.0
          },
          {
            "x": 214,
            "y": 2.0
          },
          {
            "x": 213,
            "y": 1.0
          }
        ]
      }
    }
  ]
}