{
  "image": {
    "width": 5472,
    "height": 3648,
    "filename": "00000008.JPG",
    "original_filename": "EP-00-00012_0119_0042.JPG",
    "url": "https://darwin.v7labs.com/api/images/1221687/original?token=352cf892-311a-4ca4-80fd-3f05fb7d64b8",
    "thumbnail_url": "https://darwin.v7labs.com/api/images/1221687/thumbnail?token=352cf892-311a-4ca4-80fd-3f05fb7d64b8",
    "workview_url": "https://darwin.v7labs.com/workview?dataset=1191&image=8"
  },
  "dataset": "Mapping_2",
  "annotated": true,
  "annotations": [
    {
      "annotator": {
        "email": "begimbaeva.s95@gmail.com",
        "full_name": "Saltanat Begimbaeva"
      },
      "name": "Spring Field Polygon ",
      "polygon": {
        "path": [
          {
            "x": 1446.17,
            "y": 3644.82
          },
          {
            "x": 1524.34,
            "y": 3611.07
          },
          {
            "x": 1521.74,
            "y": 3535.1
          },
          {
            "x": 1620.75,
            "y": 3485.29
          },
          {
            "x": 1673.95,
            "y": 3552.34
          },
          {
            "x": 1881.29,
            "y": 3453.53
          },
          {
            "x": 1862.31,
            "y": 3378.37
          },
          {
            "x": 2021.18,
            "y": 3299.87
          },
          {
            "x": 2043.02,
            "y": 3329.89
          },
          {
            "x": 2089.42,
            "y": 3332.62
          },
          {
            "x": 2146.16,
            "y": 3260.71
          },
          {
            "x": 2236.84,
            "y": 3209.78
          },
          {
            "x": 2553.5,
            "y": 3056.91
          },
          {
            "x": 2582.81,
            "y": 3075.01
          },
          {
            "x": 2659.41,
            "y": 3034.62
          },
          {
            "x": 2749.94,
            "y": 2988.66
          },
          {
            "x": 2770.83,
            "y": 2960.8
          },
          {
            "x": 2777.8,
            "y": 2948.27
          },
          {
            "x": 2790.33,
            "y": 2941.31
          },
          {
            "x": 2882.26,
            "y": 2987.27
          },
          {
            "x": 3021.53,
            "y": 2914.84
          },
          {
            "x": 3256.92,
            "y": 2797.85
          },
          {
            "x": 3442.62,
            "y": 2708.86
          },
          {
            "x": 3738.95,
            "y": 2559.08
          },
          {
            "x": 3956.07,
            "y": 2459.6
          },
          {
            "x": 3992.0,
            "y": 2448.55
          },
          {
            "x": 4080.43,
            "y": 2473.42
          },
          {
            "x": 4215.84,
            "y": 2522.57
          },
          {
            "x": 4436.92,
            "y": 2606.06
          },
          {
            "x": 4588.91,
            "y": 2664.1
          },
          {
            "x": 4677.34,
            "y": 2694.49
          },
          {
            "x": 4995.14,
            "y": 2807.8
          },
          {
            "x": 5125.02,
            "y": 2854.78
          },
          {
            "x": 5329.6,
            "y": 2845.2
          },
          {
            "x": 5465.3,
            "y": 2780.58
          },
          {
            "x": 5464.54,
            "y": 3231.53
          },
          {
            "x": 5464.4,
            "y": 3649.08
          },
          {
            "x": 3896.86,
            "y": 3643.94
          },
          {
            "x": 3237.57,
            "y": 3646.31
          },
          {
            "x": 2034.73,
            "y": 3646.33
          }
        ]
      }
    },
    {
      "annotator": {
        "email": "begimbaeva.s95@gmail.com",
        "full_name": "Saltanat Begimbaeva"
      },
      "name": "Spring Field Polygon ",
      "polygon": {
        "path": [
          {
            "x": 2.08,
            "y": 3645.33
          },
          {
            "x": 528.58,
            "y": 3648.66
          },
          {
            "x": 839.43,
            "y": 3506.17
          },
          {
            "x": 1255.88,
            "y": 3306.92
          },
          {
            "x": 1516.41,
            "y": 3181.85
          },
          {
            "x": 1856.11,
            "y": 3021.99
          },
          {
            "x": 1856.11,
            "y": 3021.99
          },
          {
            "x": 2165.06,
            "y": 2884.53
          },
          {
            "x": 2277.58,
            "y": 2810.9
          },
          {
            "x": 2275.73,
            "y": 2765.55
          },
          {
            "x": 2259.64,
            "y": 2729.33
          },
          {
            "x": 2232.79,
            "y": 2691.57
          },
          {
            "x": 2049.27,
            "y": 2778.88
          },
          {
            "x": 1954.02,
            "y": 2820.17
          },
          {
            "x": 1836.84,
            "y": 2884.17
          },
          {
            "x": 1782.84,
            "y": 2748.9
          },
          {
            "x": 1646.3,
            "y": 2492.47
          },
          {
            "x": 1646.3,
            "y": 2492.47
          },
          {
            "x": 1233.44,
            "y": 1592.22
          },
          {
            "x": 803.93,
            "y": 693.55
          },
          {
            "x": 552.83,
            "y": 125.28
          },
          {
            "x": 526.4,
            "y": 6.34
          },
          {
            "x": -2.23,
            "y": -13.49
          },
          {
            "x": -15.44,
            "y": 891.79
          },
          {
            "x": -8.83,
            "y": 1942.43
          },
          {
            "x": -2.23,
            "y": 2629.65
          }
        ]
      }
    },
    {
      "annotator": {
        "email": "begimbaeva.s95@gmail.com",
        "full_name": "Saltanat Begimbaeva"
      },
      "name": "Building Polygon ",
      "polygon": {
        "path": [
          {
            "x": 4094.0,
            "y": 2.0
          },
          {
            "x": 4094.0,
            "y": 12.0
          },
          {
            "x": 4095,
            "y": 12.0
          },
          {
            "x": 4096,
            "y": 13.0
          },
          {
            "x": 4096,
            "y": 18.0
          },
          {
            "x": 4098,
            "y": 18.0
          },
          {
            "x": 4099,
            "y": 19.0
          },
          {
            "x": 4099,
            "y": 24.0
          },
          {
            "x": 4101,
            "y": 24.0
          },
          {
            "x": 4102,
            "y": 25.0
          },
          {
            "x": 4102,
            "y": 29.0
          },
          {
            "x": 4104,
            "y": 29.0
          },
          {
            "x": 4105,
            "y": 30.0
          },
          {
            "x": 4105,
            "y": 35.0
          },
          {
            "x": 4107,
            "y": 35.0
          },
          {
            "x": 4108,
            "y": 36.0
          },
          {
            "x": 4108,
            "y": 41.0
          },
          {
            "x": 4110,
            "y": 41.0
          },
          {
            "x": 4111,
            "y": 42.0
          },
          {
            "x": 4111,
            "y": 47.0
          },
          {
            "x": 4113,
            "y": 47.0
          },
          {
            "x": 4114,
            "y": 48.0
          },
          {
            "x": 4114,
            "y": 52.0
          },
          {
            "x": 4116,
            "y": 52.0
          },
          {
            "x": 4117,
            "y": 53.0
          },
          {
            "x": 4117,
            "y": 58.0
          },
          {
            "x": 4119,
            "y": 58.0
          },
          {
            "x": 4120,
            "y": 59.0
          },
          {
            "x": 4120,
            "y": 64.0
          },
          {
            "x": 4121,
            "y": 64.0
          },
          {
            "x": 4122,
            "y": 65
          },
          {
            "x": 4122,
            "y": 70.0
          },
          {
            "x": 4124,
            "y": 70.0
          },
          {
            "x": 4125,
            "y": 71.0
          },
          {
            "x": 4125,
            "y": 76.0
          },
          {
            "x": 4127,
            "y": 76.0
          },
          {
            "x": 4128,
            "y": 77.0
          },
          {
            "x": 4128,
            "y": 81.0
          },
          {
            "x": 4130,
            "y": 81.0
          },
          {
            "x": 4131,
            "y": 82.0
          },
          {
            "x": 4131,
            "y": 84.0
          },
          {
            "x": 4133,
            "y": 84.0
          },
          {
            "x": 4134,
            "y": 85
          },
          {
            "x": 4134,
            "y": 90.0
          },
          {
            "x": 4136,
            "y": 90.0
          },
          {
            "x": 4137,
            "y": 91.0
          },
          {
            "x": 4137,
            "y": 93.0
          },
          {
            "x": 4139,
            "y": 93.0
          },
          {
            "x": 4140,
            "y": 94.0
          },
          {
            "x": 4140,
            "y": 99.0
          },
          {
            "x": 4142,
            "y": 99.0
          },
          {
            "x": 4143,
            "y": 100.0
          },
          {
            "x": 4143,
            "y": 104.0
          },
          {
            "x": 4145,
            "y": 104.0
          },
          {
            "x": 4146,
            "y": 105.0
          },
          {
            "x": 4146,
            "y": 107.0
          },
          {
            "x": 4147,
            "y": 107.0
          },
          {
            "x": 4148,
            "y": 108.0
          },
          {
            "x": 4148,
            "y": 110.0
          },
          {
            "x": 4150,
            "y": 110.0
          },
          {
            "x": 4151,
            "y": 111
          },
          {
            "x": 4151,
            "y": 116.0
          },
          {
            "x": 4153,
            "y": 116.0
          },
          {
            "x": 4154,
            "y": 117.0
          },
          {
            "x": 4154,
            "y": 125.0
          },
          {
            "x": 4156,
            "y": 125.0
          },
          {
            "x": 4157,
            "y": 126.0
          },
          {
            "x": 4157,
            "y": 127.0
          },
          {
            "x": 4162,
            "y": 127.0
          },
          {
            "x": 4163,
            "y": 128.0
          },
          {
            "x": 4163,
            "y": 133.0
          },
          {
            "x": 4165,
            "y": 133.0
          },
          {
            "x": 4166,
            "y": 134.0
          },
          {
            "x": 4166,
            "y": 145.0
          },
          {
            "x": 4168,
            "y": 145.0
          },
          {
            "x": 4169,
            "y": 146.0
          },
          {
            "x": 4169,
            "y": 151.0
          },
          {
            "x": 4170,
            "y": 151.0
          },
          {
            "x": 4171,
            "y": 152.0
          },
          {
            "x": 4171,
            "y": 156
          },
          {
            "x": 4173,
            "y": 156
          },
          {
            "x": 4174,
            "y": 157
          },
          {
            "x": 4174,
            "y": 159.0
          },
          {
            "x": 4176,
            "y": 159.0
          },
          {
            "x": 4177,
            "y": 160.0
          },
          {
            "x": 4177,
            "y": 168.0
          },
          {
            "x": 4182,
            "y": 168.0
          },
          {
            "x": 4183,
            "y": 169.0
          },
          {
            "x": 4183,
            "y": 171.0
          },
          {
            "x": 4188,
            "y": 171.0
          },
          {
            "x": 4189,
            "y": 172.0
          },
          {
            "x": 4189,
            "y": 174.0
          },
          {
            "x": 4194,
            "y": 174.0
          },
          {
            "x": 4194,
            "y": 172.0
          },
          {
            "x": 4195,
            "y": 171.0
          },
          {
            "x": 4202,
            "y": 171.0
          },
          {
            "x": 4203,
            "y": 172.0
          },
          {
            "x": 4203,
            "y": 174.0
          },
          {
            "x": 4205,
            "y": 174.0
          },
          {
            "x": 4206,
            "y": 175.0
          },
          {
            "x": 4206,
            "y": 177.0
          },
          {
            "x": 4208,
            "y": 177.0
          },
          {
            "x": 4209,
            "y": 178.0
          },
          {
            "x": 4209,
            "y": 188.0
          },
          {
            "x": 4211,
            "y": 188.0
          },
          {
            "x": 4212,
            "y": 189
          },
          {
            "x": 4212,
            "y": 194.0
          },
          {
            "x": 4214,
            "y": 194.0
          },
          {
            "x": 4215,
            "y": 195.0
          },
          {
            "x": 4215,
            "y": 202
          },
          {
            "x": 4214,
            "y": 203.0
          },
          {
            "x": 4209,
            "y": 203.0
          },
          {
            "x": 4209,
            "y": 205.0
          },
          {
            "x": 4208,
            "y": 206.0
          },
          {
            "x": 4206,
            "y": 206.0
          },
          {
            "x": 4206,
            "y": 217.0
          },
          {
            "x": 4208,
            "y": 217.0
          },
          {
            "x": 4209,
            "y": 218.0
          },
          {
            "x": 4209,
            "y": 228
          },
          {
            "x": 4211,
            "y": 228
          },
          {
            "x": 4212,
            "y": 229.0
          },
          {
            "x": 4212,
            "y": 240.0
          },
          {
            "x": 4214,
            "y": 240.0
          },
          {
            "x": 4215,
            "y": 241
          },
          {
            "x": 4215,
            "y": 246.0
          },
          {
            "x": 4217,
            "y": 246.0
          },
          {
            "x": 4218,
            "y": 247.0
          },
          {
            "x": 4218,
            "y": 251.0
          },
          {
            "x": 4219,
            "y": 251.0
          },
          {
            "x": 4220,
            "y": 252.0
          },
          {
            "x": 4220,
            "y": 257.0
          },
          {
            "x": 4222,
            "y": 257.0
          },
          {
            "x": 4223,
            "y": 258.0
          },
          {
            "x": 4223,
            "y": 263.0
          },
          {
            "x": 4225,
            "y": 263.0
          },
          {
            "x": 4226,
            "y": 264.0
          },
          {
            "x": 4226,
            "y": 269.0
          },
          {
            "x": 4228,
            "y": 269.0
          },
          {
            "x": 4229,
            "y": 270.0
          },
          {
            "x": 4229,
            "y": 275.0
          },
          {
            "x": 4231,
            "y": 275.0
          },
          {
            "x": 4232,
            "y": 276.0
          },
          {
            "x": 4232,
            "y": 280.0
          },
          {
            "x": 4234,
            "y": 280.0
          },
          {
            "x": 4235,
            "y": 281
          },
          {
            "x": 4235,
            "y": 286
          },
          {
            "x": 4237,
            "y": 286
          },
          {
            "x": 4238,
            "y": 287.0
          },
          {
            "x": 4238,
            "y": 289.0
          },
          {
            "x": 4240,
            "y": 289.0
          },
          {
            "x": 4241,
            "y": 290.0
          },
          {
            "x": 4241,
            "y": 295.0
          },
          {
            "x": 4243,
            "y": 295.0
          },
          {
            "x": 4244,
            "y": 296.0
          },
          {
            "x": 4244,
            "y": 301.0
          },
          {
            "x": 4245,
            "y": 301.0
          },
          {
            "x": 4246,
            "y": 302.0
          },
          {
            "x": 4246,
            "y": 309.0
          },
          {
            "x": 4248,
            "y": 309.0
          },
          {
            "x": 4249,
            "y": 310.0
          },
          {
            "x": 4249,
            "y": 312
          },
          {
            "x": 4251,
            "y": 312
          },
          {
            "x": 4252,
            "y": 313.0
          },
          {
            "x": 4252,
            "y": 318.0
          },
          {
            "x": 4254,
            "y": 318.0
          },
          {
            "x": 4255,
            "y": 319
          },
          {
            "x": 4255,
            "y": 326
          },
          {
            "x": 4257,
            "y": 326
          },
          {
            "x": 4258,
            "y": 327.0
          },
          {
            "x": 4258,
            "y": 332.0
          },
          {
            "x": 4260,
            "y": 332.0
          },
          {
            "x": 4261,
            "y": 333
          },
          {
            "x": 4261,
            "y": 335.0
          },
          {
            "x": 4263,
            "y": 335.0
          },
          {
            "x": 4264,
            "y": 336.0
          },
          {
            "x": 4264,
            "y": 341.0
          },
          {
            "x": 4266,
            "y": 341.0
          },
          {
            "x": 4267,
            "y": 342.0
          },
          {
            "x": 4267,
            "y": 347.0
          },
          {
            "x": 4269,
            "y": 347.0
          },
          {
            "x": 4270,
            "y": 348.0
          },
          {
            "x": 4270,
            "y": 355.0
          },
          {
            "x": 4271,
            "y": 355.0
          },
          {
            "x": 4272,
            "y": 356.0
          },
          {
            "x": 4272,
            "y": 361.0
          },
          {
            "x": 4274,
            "y": 361.0
          },
          {
            "x": 4275,
            "y": 362.0
          },
          {
            "x": 4275,
            "y": 367.0
          },
          {
            "x": 4277,
            "y": 367.0
          },
          {
            "x": 4278,
            "y": 368.0
          },
          {
            "x": 4278,
            "y": 373.0
          },
          {
            "x": 4280,
            "y": 373.0
          },
          {
            "x": 4281,
            "y": 374.0
          },
          {
            "x": 4281,
            "y": 378
          },
          {
            "x": 4283,
            "y": 378
          },
          {
            "x": 4284,
            "y": 379.0
          },
          {
            "x": 4284,
            "y": 384.0
          },
          {
            "x": 4286,
            "y": 384.0
          },
          {
            "x": 4287,
            "y": 385
          },
          {
            "x": 4287,
            "y": 390.0
          },
          {
            "x": 4289,
            "y": 390.0
          },
          {
            "x": 4290,
            "y": 391.0
          },
          {
            "x": 4290,
            "y": 396.0
          },
          {
            "x": 4292,
            "y": 396.0
          },
          {
            "x": 4293,
            "y": 397
          },
          {
            "x": 4293,
            "y": 401.0
          },
          {
            "x": 4294,
            "y": 401.0
          },
          {
            "x": 4295,
            "y": 402.0
          },
          {
            "x": 4295,
            "y": 407.0
          },
          {
            "x": 4297,
            "y": 407.0
          },
          {
            "x": 4298,
            "y": 408.0
          },
          {
            "x": 4298,
            "y": 413.0
          },
          {
            "x": 4300,
            "y": 413.0
          },
          {
            "x": 4301,
            "y": 414.0
          },
          {
            "x": 4301,
            "y": 419.0
          },
          {
            "x": 4303,
            "y": 419.0
          },
          {
            "x": 4304,
            "y": 420.0
          },
          {
            "x": 4304,
            "y": 425
          },
          {
            "x": 4306,
            "y": 425
          },
          {
            "x": 4307,
            "y": 426.0
          },
          {
            "x": 4307,
            "y": 427.0
          },
          {
            "x": 4309,
            "y": 427.0
          },
          {
            "x": 4310,
            "y": 428.0
          },
          {
            "x": 4310,
            "y": 436.0
          },
          {
            "x": 4312,
            "y": 436.0
          },
          {
            "x": 4313,
            "y": 437
          },
          {
            "x": 4313,
            "y": 442.0
          },
          {
            "x": 4315,
            "y": 442.0
          },
          {
            "x": 4316,
            "y": 443.0
          },
          {
            "x": 4316,
            "y": 445.0
          },
          {
            "x": 4318,
            "y": 445.0
          },
          {
            "x": 4319,
            "y": 446.0
          },
          {
            "x": 4319,
            "y": 451
          },
          {
            "x": 4320,
            "y": 451
          },
          {
            "x": 4321,
            "y": 452.0
          },
          {
            "x": 4321,
            "y": 456
          },
          {
            "x": 4323,
            "y": 456
          },
          {
            "x": 4324,
            "y": 457.0
          },
          {
            "x": 4324,
            "y": 462.0
          },
          {
            "x": 4326,
            "y": 462.0
          },
          {
            "x": 4327,
            "y": 463
          },
          {
            "x": 4327,
            "y": 468.0
          },
          {
            "x": 4329,
            "y": 468.0
          },
          {
            "x": 4330,
            "y": 469.0
          },
          {
            "x": 4330,
            "y": 474.0
          },
          {
            "x": 4332,
            "y": 474.0
          },
          {
            "x": 4333,
            "y": 475
          },
          {
            "x": 4333,
            "y": 476.0
          },
          {
            "x": 4335,
            "y": 476.0
          },
          {
            "x": 4336,
            "y": 477
          },
          {
            "x": 4336,
            "y": 485.0
          },
          {
            "x": 4338,
            "y": 485.0
          },
          {
            "x": 4339,
            "y": 486.0
          },
          {
            "x": 4339,
            "y": 491.0
          },
          {
            "x": 4341,
            "y": 491.0
          },
          {
            "x": 4342,
            "y": 492.0
          },
          {
            "x": 4342,
            "y": 497.0
          },
          {
            "x": 4344,
            "y": 497.0
          },
          {
            "x": 4345,
            "y": 498.0
          },
          {
            "x": 4345,
            "y": 502.0
          },
          {
            "x": 4346,
            "y": 502.0
          },
          {
            "x": 4347,
            "y": 503
          },
          {
            "x": 4347,
            "y": 508
          },
          {
            "x": 4349,
            "y": 508
          },
          {
            "x": 4350,
            "y": 509.0
          },
          {
            "x": 4350,
            "y": 514.0
          },
          {
            "x": 4352,
            "y": 514.0
          },
          {
            "x": 4353,
            "y": 515
          },
          {
            "x": 4353,
            "y": 520
          },
          {
            "x": 4355,
            "y": 520
          },
          {
            "x": 4356,
            "y": 521.0
          },
          {
            "x": 4356,
            "y": 525.0
          },
          {
            "x": 4358,
            "y": 525.0
          },
          {
            "x": 4359,
            "y": 526.0
          },
          {
            "x": 4359,
            "y": 531.0
          },
          {
            "x": 4361,
            "y": 531.0
          },
          {
            "x": 4362,
            "y": 532.0
          },
          {
            "x": 4362,
            "y": 537.0
          },
          {
            "x": 4364,
            "y": 537.0
          },
          {
            "x": 4365,
            "y": 538.0
          },
          {
            "x": 4365,
            "y": 543
          },
          {
            "x": 4367,
            "y": 543
          },
          {
            "x": 4368,
            "y": 544.0
          },
          {
            "x": 4368,
            "y": 549.0
          },
          {
            "x": 4369,
            "y": 549.0
          },
          {
            "x": 4370,
            "y": 550
          },
          {
            "x": 4370,
            "y": 554.0
          },
          {
            "x": 4372,
            "y": 554.0
          },
          {
            "x": 4373,
            "y": 555
          },
          {
            "x": 4373,
            "y": 560
          },
          {
            "x": 4375,
            "y": 560
          },
          {
            "x": 4376,
            "y": 561.0
          },
          {
            "x": 4376,
            "y": 566.0
          },
          {
            "x": 4378,
            "y": 566.0
          },
          {
            "x": 4379,
            "y": 567
          },
          {
            "x": 4379,
            "y": 572
          },
          {
            "x": 4381,
            "y": 572
          },
          {
            "x": 4382,
            "y": 573.0
          },
          {
            "x": 4382,
            "y": 577.0
          },
          {
            "x": 4384,
            "y": 577.0
          },
          {
            "x": 4385,
            "y": 578.0
          },
          {
            "x": 4385,
            "y": 580.0
          },
          {
            "x": 4387,
            "y": 580.0
          },
          {
            "x": 4388,
            "y": 581
          },
          {
            "x": 4388,
            "y": 589.0
          },
          {
            "x": 4390,
            "y": 589.0
          },
          {
            "x": 4391,
            "y": 590.0
          },
          {
            "x": 4391,
            "y": 592.0
          },
          {
            "x": 4393,
            "y": 592.0
          },
          {
            "x": 4394,
            "y": 593
          },
          {
            "x": 4394,
            "y": 598
          },
          {
            "x": 4395,
            "y": 598
          },
          {
            "x": 4396,
            "y": 599.0
          },
          {
            "x": 4396,
            "y": 603.0
          },
          {
            "x": 4398,
            "y": 603.0
          },
          {
            "x": 4399,
            "y": 604.0
          },
          {
            "x": 4399,
            "y": 609.0
          },
          {
            "x": 4401,
            "y": 609.0
          },
          {
            "x": 4402,
            "y": 610.0
          },
          {
            "x": 4402,
            "y": 615.0
          },
          {
            "x": 4404,
            "y": 615.0
          },
          {
            "x": 4405,
            "y": 616.0
          },
          {
            "x": 4405,
            "y": 621
          },
          {
            "x": 4407,
            "y": 621
          },
          {
            "x": 4408,
            "y": 622.0
          },
          {
            "x": 4408,
            "y": 626
          },
          {
            "x": 4410,
            "y": 626
          },
          {
            "x": 4411,
            "y": 627.0
          },
          {
            "x": 4411,
            "y": 629.0
          },
          {
            "x": 4413,
            "y": 629.0
          },
          {
            "x": 4414,
            "y": 630.0
          },
          {
            "x": 4414,
            "y": 635.0
          },
          {
            "x": 4416,
            "y": 635.0
          },
          {
            "x": 4417,
            "y": 636.0
          },
          {
            "x": 4417,
            "y": 641.0
          },
          {
            "x": 4419,
            "y": 641.0
          },
          {
            "x": 4420,
            "y": 642.0
          },
          {
            "x": 4420,
            "y": 647
          },
          {
            "x": 4421,
            "y": 647
          },
          {
            "x": 4422,
            "y": 648.0
          },
          {
            "x": 4422,
            "y": 652
          },
          {
            "x": 4424,
            "y": 652
          },
          {
            "x": 4425,
            "y": 653.0
          },
          {
            "x": 4425,
            "y": 658.0
          },
          {
            "x": 4427,
            "y": 658.0
          },
          {
            "x": 4428,
            "y": 659
          },
          {
            "x": 4428,
            "y": 661
          },
          {
            "x": 4430,
            "y": 661
          },
          {
            "x": 4431,
            "y": 662.0
          },
          {
            "x": 4431,
            "y": 667.0
          },
          {
            "x": 4433,
            "y": 667.0
          },
          {
            "x": 4434,
            "y": 668.0
          },
          {
            "x": 4434,
            "y": 673
          },
          {
            "x": 4436,
            "y": 673
          },
          {
            "x": 4437,
            "y": 674.0
          },
          {
            "x": 4437,
            "y": 678
          },
          {
            "x": 4439,
            "y": 678
          },
          {
            "x": 4440,
            "y": 679.0
          },
          {
            "x": 4440,
            "y": 684.0
          },
          {
            "x": 4442,
            "y": 684.0
          },
          {
            "x": 4443,
            "y": 685
          },
          {
            "x": 4443,
            "y": 690
          },
          {
            "x": 4444,
            "y": 690
          },
          {
            "x": 4445,
            "y": 691.0
          },
          {
            "x": 4445,
            "y": 696.0
          },
          {
            "x": 4447,
            "y": 696.0
          },
          {
            "x": 4448,
            "y": 697
          },
          {
            "x": 4448,
            "y": 701.0
          },
          {
            "x": 4450,
            "y": 701.0
          },
          {
            "x": 4451,
            "y": 702.0
          },
          {
            "x": 4451,
            "y": 707.0
          },
          {
            "x": 4453,
            "y": 707.0
          },
          {
            "x": 4454,
            "y": 708.0
          },
          {
            "x": 4454,
            "y": 716
          },
          {
            "x": 4456,
            "y": 716
          },
          {
            "x": 4457,
            "y": 717.0
          },
          {
            "x": 4457,
            "y": 722.0
          },
          {
            "x": 4459,
            "y": 722.0
          },
          {
            "x": 4460,
            "y": 723
          },
          {
            "x": 4460,
            "y": 727.0
          },
          {
            "x": 4462,
            "y": 727.0
          },
          {
            "x": 4463,
            "y": 728.0
          },
          {
            "x": 4463,
            "y": 733.0
          },
          {
            "x": 4465,
            "y": 733.0
          },
          {
            "x": 4466,
            "y": 734.0
          },
          {
            "x": 4466,
            "y": 739
          },
          {
            "x": 4468,
            "y": 739
          },
          {
            "x": 4469,
            "y": 740.0
          },
          {
            "x": 4469,
            "y": 742
          },
          {
            "x": 4470,
            "y": 742
          },
          {
            "x": 4471,
            "y": 743.0
          },
          {
            "x": 4471,
            "y": 748.0
          },
          {
            "x": 4473,
            "y": 748.0
          },
          {
            "x": 4474,
            "y": 749
          },
          {
            "x": 4474,
            "y": 753.0
          },
          {
            "x": 4476,
            "y": 753.0
          },
          {
            "x": 4477,
            "y": 754.0
          },
          {
            "x": 4477,
            "y": 759.0
          },
          {
            "x": 4479,
            "y": 759.0
          },
          {
            "x": 4480,
            "y": 760.0
          },
          {
            "x": 4480,
            "y": 765
          },
          {
            "x": 4482,
            "y": 765
          },
          {
            "x": 4483,
            "y": 766.0
          },
          {
            "x": 4483,
            "y": 771.0
          },
          {
            "x": 4485,
            "y": 771.0
          },
          {
            "x": 4486,
            "y": 772.0
          },
          {
            "x": 4486,
            "y": 776.0
          },
          {
            "x": 4488,
            "y": 776.0
          },
          {
            "x": 4489,
            "y": 777
          },
          {
            "x": 4489,
            "y": 779.0
          },
          {
            "x": 4491,
            "y": 779.0
          },
          {
            "x": 4492,
            "y": 780.0
          },
          {
            "x": 4492,
            "y": 785.0
          },
          {
            "x": 4493,
            "y": 785.0
          },
          {
            "x": 4494,
            "y": 786.0
          },
          {
            "x": 4494,
            "y": 794
          },
          {
            "x": 4496,
            "y": 794
          },
          {
            "x": 4497,
            "y": 795.0
          },
          {
            "x": 4497,
            "y": 797.0
          },
          {
            "x": 4499,
            "y": 797.0
          },
          {
            "x": 4500,
            "y": 798
          },
          {
            "x": 4500,
            "y": 805.0
          },
          {
            "x": 4502,
            "y": 805.0
          },
          {
            "x": 4503,
            "y": 806.0
          },
          {
            "x": 4503,
            "y": 811.0
          },
          {
            "x": 4505,
            "y": 811.0
          },
          {
            "x": 4506,
            "y": 812.0
          },
          {
            "x": 4506,
            "y": 817
          },
          {
            "x": 4508,
            "y": 817
          },
          {
            "x": 4509,
            "y": 818.0
          },
          {
            "x": 4509,
            "y": 823.0
          },
          {
            "x": 4511,
            "y": 823.0
          },
          {
            "x": 4512,
            "y": 824
          },
          {
            "x": 4512,
            "y": 825.0
          },
          {
            "x": 4514,
            "y": 825.0
          },
          {
            "x": 4515,
            "y": 826.0
          },
          {
            "x": 4515,
            "y": 831.0
          },
          {
            "x": 4517,
            "y": 831.0
          },
          {
            "x": 4518,
            "y": 832.0
          },
          {
            "x": 4518,
            "y": 837.0
          },
          {
            "x": 4519,
            "y": 837.0
          },
          {
            "x": 4520,
            "y": 838.0
          },
          {
            "x": 4520,
            "y": 843
          },
          {
            "x": 4522,
            "y": 843
          },
          {
            "x": 4523,
            "y": 844.0
          },
          {
            "x": 4523,
            "y": 849.0
          },
          {
            "x": 4525,
            "y": 849.0
          },
          {
            "x": 4526,
            "y": 850
          },
          {
            "x": 4526,
            "y": 851.0
          },
          {
            "x": 4528,
            "y": 851.0
          },
          {
            "x": 4529,
            "y": 852.0
          },
          {
            "x": 4529,
            "y": 857.0
          },
          {
            "x": 4531,
            "y": 857.0
          },
          {
            "x": 4532,
            "y": 858.0
          },
          {
            "x": 4532,
            "y": 863.0
          },
          {
            "x": 4534,
            "y": 863.0
          },
          {
            "x": 4535,
            "y": 864.0
          },
          {
            "x": 4535,
            "y": 869
          },
          {
            "x": 4537,
            "y": 869
          },
          {
            "x": 4538,
            "y": 870.0
          },
          {
            "x": 4538,
            "y": 874
          },
          {
            "x": 4540,
            "y": 874
          },
          {
            "x": 4541,
            "y": 875.0
          },
          {
            "x": 4541,
            "y": 880.0
          },
          {
            "x": 4543,
            "y": 880.0
          },
          {
            "x": 4544,
            "y": 881
          },
          {
            "x": 4544,
            "y": 883.0
          },
          {
            "x": 4545,
            "y": 883.0
          },
          {
            "x": 4546,
            "y": 884.0
          },
          {
            "x": 4546,
            "y": 889.0
          },
          {
            "x": 4548,
            "y": 889.0
          },
          {
            "x": 4549,
            "y": 890.0
          },
          {
            "x": 4549,
            "y": 895
          },
          {
            "x": 4551,
            "y": 895
          },
          {
            "x": 4552,
            "y": 896.0
          },
          {
            "x": 4552,
            "y": 900
          },
          {
            "x": 4554,
            "y": 900
          },
          {
            "x": 4555,
            "y": 901.0
          },
          {
            "x": 4555,
            "y": 906.0
          },
          {
            "x": 4557,
            "y": 906.0
          },
          {
            "x": 4558,
            "y": 907
          },
          {
            "x": 4558,
            "y": 909.0
          },
          {
            "x": 4560,
            "y": 909.0
          },
          {
            "x": 4561,
            "y": 910.0
          },
          {
            "x": 4561,
            "y": 915.0
          },
          {
            "x": 4563,
            "y": 915.0
          },
          {
            "x": 4564,
            "y": 916.0
          },
          {
            "x": 4564,
            "y": 921
          },
          {
            "x": 4566,
            "y": 921
          },
          {
            "x": 4567,
            "y": 922.0
          },
          {
            "x": 4567,
            "y": 926
          },
          {
            "x": 4568,
            "y": 926
          },
          {
            "x": 4569,
            "y": 927.0
          },
          {
            "x": 4569,
            "y": 935.0
          },
          {
            "x": 4571,
            "y": 935.0
          },
          {
            "x": 4572,
            "y": 936.0
          },
          {
            "x": 4572,
            "y": 941.0
          },
          {
            "x": 4574,
            "y": 941.0
          },
          {
            "x": 4575,
            "y": 942.0
          },
          {
            "x": 4575,
            "y": 947
          },
          {
            "x": 4577,
            "y": 947
          },
          {
            "x": 4578,
            "y": 948.0
          },
          {
            "x": 4578,
            "y": 949.0
          },
          {
            "x": 4580,
            "y": 949.0
          },
          {
            "x": 4581,
            "y": 950
          },
          {
            "x": 4581,
            "y": 952
          },
          {
            "x": 4583,
            "y": 952
          },
          {
            "x": 4584,
            "y": 953.0
          },
          {
            "x": 4584,
            "y": 955.0
          },
          {
            "x": 4586,
            "y": 955.0
          },
          {
            "x": 4587,
            "y": 956.0
          },
          {
            "x": 4587,
            "y": 958.0
          },
          {
            "x": 4589,
            "y": 958.0
          },
          {
            "x": 4590,
            "y": 959
          },
          {
            "x": 4590,
            "y": 961
          },
          {
            "x": 4597,
            "y": 961
          },
          {
            "x": 4598,
            "y": 962.0
          },
          {
            "x": 4598,
            "y": 964
          },
          {
            "x": 4609,
            "y": 964
          },
          {
            "x": 4609,
            "y": 962.0
          },
          {
            "x": 4610,
            "y": 961
          },
          {
            "x": 4618,
            "y": 961
          },
          {
            "x": 4618,
            "y": 959
          },
          {
            "x": 4619,
            "y": 958.0
          },
          {
            "x": 4623,
            "y": 958.0
          },
          {
            "x": 4623,
            "y": 956.0
          },
          {
            "x": 4624,
            "y": 955.0
          },
          {
            "x": 4629,
            "y": 955.0
          },
          {
            "x": 4629,
            "y": 953.0
          },
          {
            "x": 4630,
            "y": 952
          },
          {
            "x": 4635,
            "y": 952
          },
          {
            "x": 4635,
            "y": 950
          },
          {
            "x": 4636,
            "y": 949.0
          },
          {
            "x": 4641,
            "y": 949.0
          },
          {
            "x": 4641,
            "y": 948.0
          },
          {
            "x": 4642,
            "y": 947
          },
          {
            "x": 4646,
            "y": 947
          },
          {
            "x": 4646,
            "y": 945
          },
          {
            "x": 4647,
            "y": 944.0
          },
          {
            "x": 4652,
            "y": 944.0
          },
          {
            "x": 4652,
            "y": 942.0
          },
          {
            "x": 4653,
            "y": 941.0
          },
          {
            "x": 4658,
            "y": 941.0
          },
          {
            "x": 4658,
            "y": 939.0
          },
          {
            "x": 4659,
            "y": 938
          },
          {
            "x": 4664,
            "y": 938
          },
          {
            "x": 4664,
            "y": 936.0
          },
          {
            "x": 4665,
            "y": 935.0
          },
          {
            "x": 4667,
            "y": 935.0
          },
          {
            "x": 4667,
            "y": 933
          },
          {
            "x": 4668,
            "y": 932.0
          },
          {
            "x": 4672,
            "y": 932.0
          },
          {
            "x": 4672,
            "y": 930.0
          },
          {
            "x": 4673,
            "y": 929.0
          },
          {
            "x": 4678,
            "y": 929.0
          },
          {
            "x": 4678,
            "y": 927.0
          },
          {
            "x": 4679,
            "y": 926
          },
          {
            "x": 4684,
            "y": 926
          },
          {
            "x": 4684,
            "y": 925.0
          },
          {
            "x": 4685,
            "y": 924
          },
          {
            "x": 4690,
            "y": 924
          },
          {
            "x": 4690,
            "y": 922.0
          },
          {
            "x": 4691,
            "y": 921
          },
          {
            "x": 4695,
            "y": 921
          },
          {
            "x": 4695,
            "y": 919
          },
          {
            "x": 4696,
            "y": 918.0
          },
          {
            "x": 4704,
            "y": 918.0
          },
          {
            "x": 4704,
            "y": 916.0
          },
          {
            "x": 4705,
            "y": 915.0
          },
          {
            "x": 4710,
            "y": 915.0
          },
          {
            "x": 4710,
            "y": 913.0
          },
          {
            "x": 4711,
            "y": 912
          },
          {
            "x": 4716,
            "y": 912
          },
          {
            "x": 4716,
            "y": 910.0
          },
          {
            "x": 4717,
            "y": 909.0
          },
          {
            "x": 4721,
            "y": 909.0
          },
          {
            "x": 4721,
            "y": 907
          },
          {
            "x": 4722,
            "y": 906.0
          },
          {
            "x": 4727,
            "y": 906.0
          },
          {
            "x": 4727,
            "y": 904.0
          },
          {
            "x": 4728,
            "y": 903.0
          },
          {
            "x": 4733,
            "y": 903.0
          },
          {
            "x": 4733,
            "y": 901.0
          },
          {
            "x": 4734,
            "y": 900
          },
          {
            "x": 4739,
            "y": 900
          },
          {
            "x": 4739,
            "y": 899.0
          },
          {
            "x": 4740,
            "y": 898
          },
          {
            "x": 4744,
            "y": 898
          },
          {
            "x": 4744,
            "y": 896.0
          },
          {
            "x": 4745,
            "y": 895
          },
          {
            "x": 4750,
            "y": 895
          },
          {
            "x": 4750,
            "y": 893
          },
          {
            "x": 4751,
            "y": 892.0
          },
          {
            "x": 4756,
            "y": 892.0
          },
          {
            "x": 4756,
            "y": 890.0
          },
          {
            "x": 4757,
            "y": 889.0
          },
          {
            "x": 4762,
            "y": 889.0
          },
          {
            "x": 4762,
            "y": 887.0
          },
          {
            "x": 4763,
            "y": 886
          },
          {
            "x": 4767,
            "y": 886
          },
          {
            "x": 4767,
            "y": 884.0
          },
          {
            "x": 4768,
            "y": 883.0
          },
          {
            "x": 4773,
            "y": 883.0
          },
          {
            "x": 4773,
            "y": 881
          },
          {
            "x": 4774,
            "y": 880.0
          },
          {
            "x": 4779,
            "y": 880.0
          },
          {
            "x": 4779,
            "y": 878.0
          },
          {
            "x": 4780,
            "y": 877.0
          },
          {
            "x": 4788,
            "y": 877.0
          },
          {
            "x": 4788,
            "y": 875.0
          },
          {
            "x": 4789,
            "y": 874
          },
          {
            "x": 4793,
            "y": 874
          },
          {
            "x": 4793,
            "y": 873.0
          },
          {
            "x": 4794,
            "y": 872
          },
          {
            "x": 4799,
            "y": 872
          },
          {
            "x": 4799,
            "y": 870.0
          },
          {
            "x": 4800,
            "y": 869
          },
          {
            "x": 4805,
            "y": 869
          },
          {
            "x": 4805,
            "y": 867
          },
          {
            "x": 4806,
            "y": 866.0
          },
          {
            "x": 4811,
            "y": 866.0
          },
          {
            "x": 4811,
            "y": 864.0
          },
          {
            "x": 4812,
            "y": 863.0
          },
          {
            "x": 4817,
            "y": 863.0
          },
          {
            "x": 4817,
            "y": 861.0
          },
          {
            "x": 4818,
            "y": 860
          },
          {
            "x": 4822,
            "y": 860
          },
          {
            "x": 4822,
            "y": 858.0
          },
          {
            "x": 4823,
            "y": 857.0
          },
          {
            "x": 4831,
            "y": 857.0
          },
          {
            "x": 4831,
            "y": 855
          },
          {
            "x": 4832,
            "y": 854.0
          },
          {
            "x": 4837,
            "y": 854.0
          },
          {
            "x": 4837,
            "y": 852.0
          },
          {
            "x": 4838,
            "y": 851.0
          },
          {
            "x": 4845,
            "y": 851.0
          },
          {
            "x": 4845,
            "y": 850
          },
          {
            "x": 4846,
            "y": 849.0
          },
          {
            "x": 4851,
            "y": 849.0
          },
          {
            "x": 4851,
            "y": 847.0
          },
          {
            "x": 4852,
            "y": 846
          },
          {
            "x": 4860,
            "y": 846
          },
          {
            "x": 4860,
            "y": 844.0
          },
          {
            "x": 4861,
            "y": 843
          },
          {
            "x": 4866,
            "y": 843
          },
          {
            "x": 4866,
            "y": 841
          },
          {
            "x": 4867,
            "y": 840.0
          },
          {
            "x": 4871,
            "y": 840.0
          },
          {
            "x": 4871,
            "y": 838.0
          },
          {
            "x": 4872,
            "y": 837.0
          },
          {
            "x": 4880,
            "y": 837.0
          },
          {
            "x": 4880,
            "y": 835.0
          },
          {
            "x": 4881,
            "y": 834
          },
          {
            "x": 4886,
            "y": 834
          },
          {
            "x": 4886,
            "y": 832.0
          },
          {
            "x": 4887,
            "y": 831.0
          },
          {
            "x": 4892,
            "y": 831.0
          },
          {
            "x": 4892,
            "y": 829
          },
          {
            "x": 4893,
            "y": 828.0
          },
          {
            "x": 4897,
            "y": 828.0
          },
          {
            "x": 4897,
            "y": 826.0
          },
          {
            "x": 4898,
            "y": 825.0
          },
          {
            "x": 4903,
            "y": 825.0
          },
          {
            "x": 4903,
            "y": 824
          },
          {
            "x": 4904,
            "y": 823.0
          },
          {
            "x": 4912,
            "y": 823.0
          },
          {
            "x": 4912,
            "y": 821.0
          },
          {
            "x": 4913,
            "y": 820
          },
          {
            "x": 4917,
            "y": 820
          },
          {
            "x": 4917,
            "y": 818.0
          },
          {
            "x": 4918,
            "y": 817
          },
          {
            "x": 4923,
            "y": 817
          },
          {
            "x": 4923,
            "y": 815
          },
          {
            "x": 4924,
            "y": 814.0
          },
          {
            "x": 4929,
            "y": 814.0
          },
          {
            "x": 4929,
            "y": 812.0
          },
          {
            "x": 4930,
            "y": 811.0
          },
          {
            "x": 4935,
            "y": 811.0
          },
          {
            "x": 4935,
            "y": 809.0
          },
          {
            "x": 4936,
            "y": 808
          },
          {
            "x": 4943,
            "y": 808
          },
          {
            "x": 4943,
            "y": 806.0
          },
          {
            "x": 4944,
            "y": 805.0
          },
          {
            "x": 4949,
            "y": 805.0
          },
          {
            "x": 4949,
            "y": 803
          },
          {
            "x": 4950,
            "y": 802.0
          },
          {
            "x": 4958,
            "y": 802.0
          },
          {
            "x": 4958,
            "y": 800.0
          },
          {
            "x": 4959,
            "y": 799.0
          },
          {
            "x": 4964,
            "y": 799.0
          },
          {
            "x": 4964,
            "y": 798
          },
          {
            "x": 4965,
            "y": 797.0
          },
          {
            "x": 4969,
            "y": 797.0
          },
          {
            "x": 4969,
            "y": 795.0
          },
          {
            "x": 4970,
            "y": 794
          },
          {
            "x": 4972,
            "y": 794
          },
          {
            "x": 4972,
            "y": 792.0
          },
          {
            "x": 4973,
            "y": 791
          },
          {
            "x": 4978,
            "y": 791
          },
          {
            "x": 4978,
            "y": 789
          },
          {
            "x": 4979,
            "y": 788.0
          },
          {
            "x": 4984,
            "y": 788.0
          },
          {
            "x": 4984,
            "y": 786.0
          },
          {
            "x": 4985,
            "y": 785.0
          },
          {
            "x": 4987,
            "y": 785.0
          },
          {
            "x": 4987,
            "y": 783.0
          },
          {
            "x": 4988,
            "y": 782
          },
          {
            "x": 4992,
            "y": 782
          },
          {
            "x": 4992,
            "y": 780.0
          },
          {
            "x": 4993,
            "y": 779.0
          },
          {
            "x": 4998,
            "y": 779.0
          },
          {
            "x": 4998,
            "y": 777
          },
          {
            "x": 4999,
            "y": 776.0
          },
          {
            "x": 5001,
            "y": 776.0
          },
          {
            "x": 5001,
            "y": 775
          },
          {
            "x": 5002,
            "y": 774.0
          },
          {
            "x": 5007,
            "y": 774.0
          },
          {
            "x": 5007,
            "y": 772.0
          },
          {
            "x": 5008,
            "y": 771.0
          },
          {
            "x": 5013,
            "y": 771.0
          },
          {
            "x": 5013,
            "y": 769.0
          },
          {
            "x": 5014,
            "y": 768
          },
          {
            "x": 5016,
            "y": 768
          },
          {
            "x": 5016,
            "y": 766.0
          },
          {
            "x": 5017,
            "y": 765
          },
          {
            "x": 5021,
            "y": 765
          },
          {
            "x": 5021,
            "y": 763
          },
          {
            "x": 5022,
            "y": 762.0
          },
          {
            "x": 5027,
            "y": 762.0
          },
          {
            "x": 5027,
            "y": 760.0
          },
          {
            "x": 5028,
            "y": 759.0
          },
          {
            "x": 5036,
            "y": 759.0
          },
          {
            "x": 5036,
            "y": 757.0
          },
          {
            "x": 5037,
            "y": 756
          },
          {
            "x": 5041,
            "y": 756
          },
          {
            "x": 5041,
            "y": 754.0
          },
          {
            "x": 5042,
            "y": 753.0
          },
          {
            "x": 5047,
            "y": 753.0
          },
          {
            "x": 5047,
            "y": 751
          },
          {
            "x": 5048,
            "y": 750.0
          },
          {
            "x": 5053,
            "y": 750.0
          },
          {
            "x": 5053,
            "y": 749
          },
          {
            "x": 5054,
            "y": 748.0
          },
          {
            "x": 5062,
            "y": 748.0
          },
          {
            "x": 5062,
            "y": 746.0
          },
          {
            "x": 5063,
            "y": 745.0
          },
          {
            "x": 5070,
            "y": 745.0
          },
          {
            "x": 5070,
            "y": 743.0
          },
          {
            "x": 5071,
            "y": 742
          },
          {
            "x": 5076,
            "y": 742
          },
          {
            "x": 5076,
            "y": 740.0
          },
          {
            "x": 5077,
            "y": 739
          },
          {
            "x": 5085,
            "y": 739
          },
          {
            "x": 5085,
            "y": 737
          },
          {
            "x": 5086,
            "y": 736.0
          },
          {
            "x": 5091,
            "y": 736.0
          },
          {
            "x": 5091,
            "y": 734.0
          },
          {
            "x": 5092,
            "y": 733.0
          },
          {
            "x": 5096,
            "y": 733.0
          },
          {
            "x": 5096,
            "y": 731.0
          },
          {
            "x": 5097,
            "y": 730
          },
          {
            "x": 5105,
            "y": 730
          },
          {
            "x": 5105,
            "y": 728.0
          },
          {
            "x": 5106,
            "y": 727.0
          },
          {
            "x": 5111,
            "y": 727.0
          },
          {
            "x": 5111,
            "y": 726.0
          },
          {
            "x": 5112,
            "y": 725
          },
          {
            "x": 5116,
            "y": 725
          },
          {
            "x": 5116,
            "y": 723
          },
          {
            "x": 5117,
            "y": 722.0
          },
          {
            "x": 5122,
            "y": 722.0
          },
          {
            "x": 5122,
            "y": 720.0
          },
          {
            "x": 5123,
            "y": 719.0
          },
          {
            "x": 5128,
            "y": 719.0
          },
          {
            "x": 5128,
            "y": 717.0
          },
          {
            "x": 5129,
            "y": 716
          },
          {
            "x": 5131,
            "y": 716
          },
          {
            "x": 5131,
            "y": 714.0
          },
          {
            "x": 5132,
            "y": 713
          },
          {
            "x": 5140,
            "y": 713
          },
          {
            "x": 5140,
            "y": 711
          },
          {
            "x": 5141,
            "y": 710.0
          },
          {
            "x": 5145,
            "y": 710.0
          },
          {
            "x": 5145,
            "y": 708.0
          },
          {
            "x": 5146,
            "y": 707.0
          },
          {
            "x": 5148,
            "y": 707.0
          },
          {
            "x": 5148,
            "y": 705.0
          },
          {
            "x": 5149,
            "y": 704
          },
          {
            "x": 5154,
            "y": 704
          },
          {
            "x": 5154,
            "y": 702.0
          },
          {
            "x": 5155,
            "y": 701.0
          },
          {
            "x": 5157,
            "y": 701.0
          },
          {
            "x": 5157,
            "y": 700.0
          },
          {
            "x": 5158,
            "y": 699
          },
          {
            "x": 5163,
            "y": 699
          },
          {
            "x": 5163,
            "y": 697
          },
          {
            "x": 5164,
            "y": 696.0
          },
          {
            "x": 5168,
            "y": 696.0
          },
          {
            "x": 5168,
            "y": 694.0
          },
          {
            "x": 5169,
            "y": 693.0
          },
          {
            "x": 5171,
            "y": 693.0
          },
          {
            "x": 5171,
            "y": 691.0
          },
          {
            "x": 5172,
            "y": 690
          },
          {
            "x": 5177,
            "y": 690
          },
          {
            "x": 5177,
            "y": 688.0
          },
          {
            "x": 5178,
            "y": 687
          },
          {
            "x": 5183,
            "y": 687
          },
          {
            "x": 5183,
            "y": 685
          },
          {
            "x": 5184,
            "y": 684.0
          },
          {
            "x": 5186,
            "y": 684.0
          },
          {
            "x": 5186,
            "y": 682.0
          },
          {
            "x": 5187,
            "y": 681.0
          },
          {
            "x": 5191,
            "y": 681.0
          },
          {
            "x": 5191,
            "y": 679.0
          },
          {
            "x": 5192,
            "y": 678
          },
          {
            "x": 5194,
            "y": 678
          },
          {
            "x": 5194,
            "y": 676.0
          },
          {
            "x": 5195,
            "y": 675.0
          },
          {
            "x": 5203,
            "y": 675.0
          },
          {
            "x": 5203,
            "y": 674.0
          },
          {
            "x": 5204,
            "y": 673
          },
          {
            "x": 5206,
            "y": 673
          },
          {
            "x": 5206,
            "y": 668.0
          },
          {
            "x": 5207,
            "y": 667.0
          },
          {
            "x": 5209,
            "y": 667.0
          },
          {
            "x": 5209,
            "y": 662.0
          },
          {
            "x": 5210,
            "y": 661
          },
          {
            "x": 5212,
            "y": 661
          },
          {
            "x": 5212,
            "y": 659
          },
          {
            "x": 5210,
            "y": 659
          },
          {
            "x": 5209,
            "y": 658.0
          },
          {
            "x": 5209,
            "y": 653.0
          },
          {
            "x": 5207,
            "y": 653.0
          },
          {
            "x": 5206,
            "y": 652
          },
          {
            "x": 5206,
            "y": 636.0
          },
          {
            "x": 5204,
            "y": 636.0
          },
          {
            "x": 5203,
            "y": 635.0
          },
          {
            "x": 5203,
            "y": 633
          },
          {
            "x": 5198,
            "y": 633
          },
          {
            "x": 5197,
            "y": 632.0
          },
          {
            "x": 5197,
            "y": 630.0
          },
          {
            "x": 5195,
            "y": 630.0
          },
          {
            "x": 5194,
            "y": 629.0
          },
          {
            "x": 5194,
            "y": 627.0
          },
          {
            "x": 5192,
            "y": 627.0
          },
          {
            "x": 5191,
            "y": 626
          },
          {
            "x": 5191,
            "y": 625.0
          },
          {
            "x": 5190,
            "y": 625.0
          },
          {
            "x": 5189,
            "y": 624
          },
          {
            "x": 5189,
            "y": 622.0
          },
          {
            "x": 5187,
            "y": 622.0
          },
          {
            "x": 5186,
            "y": 621
          },
          {
            "x": 5186,
            "y": 613.0
          },
          {
            "x": 5184,
            "y": 613.0
          },
          {
            "x": 5183,
            "y": 612
          },
          {
            "x": 5183,
            "y": 599.0
          },
          {
            "x": 5181,
            "y": 599.0
          },
          {
            "x": 5180,
            "y": 598
          },
          {
            "x": 5180,
            "y": 593
          },
          {
            "x": 5178,
            "y": 593
          },
          {
            "x": 5177,
            "y": 592.0
          },
          {
            "x": 5177,
            "y": 584.0
          },
          {
            "x": 5175,
            "y": 584.0
          },
          {
            "x": 5174,
            "y": 583.0
          },
          {
            "x": 5174,
            "y": 581
          },
          {
            "x": 5172,
            "y": 581
          },
          {
            "x": 5171,
            "y": 580.0
          },
          {
            "x": 5171,
            "y": 578.0
          },
          {
            "x": 5169,
            "y": 578.0
          },
          {
            "x": 5168,
            "y": 577.0
          },
          {
            "x": 5168,
            "y": 573.0
          },
          {
            "x": 5167,
            "y": 573.0
          },
          {
            "x": 5166,
            "y": 572
          },
          {
            "x": 5166,
            "y": 570.0
          },
          {
            "x": 5167,
            "y": 569
          },
          {
            "x": 5168,
            "y": 569
          },
          {
            "x": 5168,
            "y": 567
          },
          {
            "x": 5169,
            "y": 566.0
          },
          {
            "x": 5171,
            "y": 566.0
          },
          {
            "x": 5171,
            "y": 564.0
          },
          {
            "x": 5172,
            "y": 563.0
          },
          {
            "x": 5174,
            "y": 563.0
          },
          {
            "x": 5174,
            "y": 561.0
          },
          {
            "x": 5175,
            "y": 560
          },
          {
            "x": 5177,
            "y": 560
          },
          {
            "x": 5177,
            "y": 558.0
          },
          {
            "x": 5178,
            "y": 557.0
          },
          {
            "x": 5180,
            "y": 557.0
          },
          {
            "x": 5180,
            "y": 555
          },
          {
            "x": 5181,
            "y": 554.0
          },
          {
            "x": 5186,
            "y": 554.0
          },
          {
            "x": 5186,
            "y": 552.0
          },
          {
            "x": 5187,
            "y": 551.0
          },
          {
            "x": 5189,
            "y": 551.0
          },
          {
            "x": 5189,
            "y": 550
          },
          {
            "x": 5190,
            "y": 549.0
          },
          {
            "x": 5191,
            "y": 549.0
          },
          {
            "x": 5191,
            "y": 547.0
          },
          {
            "x": 5192,
            "y": 546
          },
          {
            "x": 5197,
            "y": 546
          },
          {
            "x": 5197,
            "y": 544.0
          },
          {
            "x": 5198,
            "y": 543
          },
          {
            "x": 5203,
            "y": 543
          },
          {
            "x": 5203,
            "y": 541
          },
          {
            "x": 5204,
            "y": 540.0
          },
          {
            "x": 5209,
            "y": 540.0
          },
          {
            "x": 5209,
            "y": 538.0
          },
          {
            "x": 5210,
            "y": 537.0
          },
          {
            "x": 5215,
            "y": 537.0
          },
          {
            "x": 5215,
            "y": 535.0
          },
          {
            "x": 5216,
            "y": 534
          },
          {
            "x": 5220,
            "y": 534
          },
          {
            "x": 5220,
            "y": 532.0
          },
          {
            "x": 5221,
            "y": 531.0
          },
          {
            "x": 5232,
            "y": 531.0
          },
          {
            "x": 5232,
            "y": 529
          },
          {
            "x": 5233,
            "y": 528.0
          },
          {
            "x": 5246,
            "y": 528.0
          },
          {
            "x": 5246,
            "y": 526.0
          },
          {
            "x": 5247,
            "y": 525.0
          },
          {
            "x": 5249,
            "y": 525.0
          },
          {
            "x": 5250,
            "y": 526.0
          },
          {
            "x": 5250,
            "y": 528.0
          },
          {
            "x": 5266,
            "y": 528.0
          },
          {
            "x": 5266,
            "y": 526.0
          },
          {
            "x": 5267,
            "y": 525.0
          },
          {
            "x": 5272,
            "y": 525.0
          },
          {
            "x": 5272,
            "y": 524
          },
          {
            "x": 5273,
            "y": 523.0
          },
          {
            "x": 5275,
            "y": 523.0
          },
          {
            "x": 5275,
            "y": 518.0
          },
          {
            "x": 5276,
            "y": 517
          },
          {
            "x": 5278,
            "y": 517
          },
          {
            "x": 5278,
            "y": 512.0
          },
          {
            "x": 5279,
            "y": 511.0
          },
          {
            "x": 5281,
            "y": 511.0
          },
          {
            "x": 5281,
            "y": 509.0
          },
          {
            "x": 5282,
            "y": 508
          },
          {
            "x": 5284,
            "y": 508
          },
          {
            "x": 5284,
            "y": 506.0
          },
          {
            "x": 5285,
            "y": 505.0
          },
          {
            "x": 5290,
            "y": 505.0
          },
          {
            "x": 5290,
            "y": 503
          },
          {
            "x": 5291,
            "y": 502.0
          },
          {
            "x": 5292,
            "y": 502.0
          },
          {
            "x": 5292,
            "y": 501.0
          },
          {
            "x": 5293,
            "y": 500.0
          },
          {
            "x": 5295,
            "y": 500.0
          },
          {
            "x": 5295,
            "y": 498.0
          },
          {
            "x": 5296,
            "y": 497.0
          },
          {
            "x": 5301,
            "y": 497.0
          },
          {
            "x": 5301,
            "y": 495.0
          },
          {
            "x": 5302,
            "y": 494.0
          },
          {
            "x": 5307,
            "y": 494.0
          },
          {
            "x": 5307,
            "y": 492.0
          },
          {
            "x": 5308,
            "y": 491.0
          },
          {
            "x": 5313,
            "y": 491.0
          },
          {
            "x": 5313,
            "y": 489
          },
          {
            "x": 5314,
            "y": 488.0
          },
          {
            "x": 5318,
            "y": 488.0
          },
          {
            "x": 5318,
            "y": 486.0
          },
          {
            "x": 5319,
            "y": 485.0
          },
          {
            "x": 5324,
            "y": 485.0
          },
          {
            "x": 5324,
            "y": 483.0
          },
          {
            "x": 5325,
            "y": 482
          },
          {
            "x": 5333,
            "y": 482
          },
          {
            "x": 5333,
            "y": 480.0
          },
          {
            "x": 5334,
            "y": 479.0
          },
          {
            "x": 5339,
            "y": 479.0
          },
          {
            "x": 5339,
            "y": 477
          },
          {
            "x": 5340,
            "y": 476.0
          },
          {
            "x": 5344,
            "y": 476.0
          },
          {
            "x": 5344,
            "y": 475
          },
          {
            "x": 5345,
            "y": 474.0
          },
          {
            "x": 5350,
            "y": 474.0
          },
          {
            "x": 5350,
            "y": 472.0
          },
          {
            "x": 5351,
            "y": 471.0
          },
          {
            "x": 5359,
            "y": 471.0
          },
          {
            "x": 5359,
            "y": 469.0
          },
          {
            "x": 5360,
            "y": 468.0
          },
          {
            "x": 5362,
            "y": 468.0
          },
          {
            "x": 5362,
            "y": 466.0
          },
          {
            "x": 5363,
            "y": 465.0
          },
          {
            "x": 5367,
            "y": 465.0
          },
          {
            "x": 5367,
            "y": 463
          },
          {
            "x": 5368,
            "y": 462.0
          },
          {
            "x": 5373,
            "y": 462.0
          },
          {
            "x": 5373,
            "y": 460.0
          },
          {
            "x": 5374,
            "y": 459.0
          },
          {
            "x": 5379,
            "y": 459.0
          },
          {
            "x": 5379,
            "y": 457.0
          },
          {
            "x": 5380,
            "y": 456
          },
          {
            "x": 5385,
            "y": 456
          },
          {
            "x": 5385,
            "y": 454.0
          },
          {
            "x": 5386,
            "y": 453.0
          },
          {
            "x": 5390,
            "y": 453.0
          },
          {
            "x": 5390,
            "y": 452.0
          },
          {
            "x": 5391,
            "y": 451
          },
          {
            "x": 5396,
            "y": 451
          },
          {
            "x": 5396,
            "y": 449
          },
          {
            "x": 5397,
            "y": 448.0
          },
          {
            "x": 5405,
            "y": 448.0
          },
          {
            "x": 5405,
            "y": 446.0
          },
          {
            "x": 5406,
            "y": 445.0
          },
          {
            "x": 5411,
            "y": 445.0
          },
          {
            "x": 5411,
            "y": 443.0
          },
          {
            "x": 5412,
            "y": 442.0
          },
          {
            "x": 5416,
            "y": 442.0
          },
          {
            "x": 5416,
            "y": 440.0
          },
          {
            "x": 5417,
            "y": 439.0
          },
          {
            "x": 5428,
            "y": 439.0
          },
          {
            "x": 5428,
            "y": 437
          },
          {
            "x": 5429,
            "y": 436.0
          },
          {
            "x": 5434,
            "y": 436.0
          },
          {
            "x": 5434,
            "y": 434.0
          },
          {
            "x": 5435,
            "y": 433.0
          },
          {
            "x": 5442,
            "y": 433.0
          },
          {
            "x": 5442,
            "y": 431.0
          },
          {
            "x": 5443,
            "y": 430
          },
          {
            "x": 5451,
            "y": 430
          },
          {
            "x": 5451,
            "y": 428.0
          },
          {
            "x": 5452,
            "y": 427.0
          },
          {
            "x": 5468,
            "y": 427.0
          },
          {
            "x": 5468,
            "y": 423
          },
          {
            "x": 5469,
            "y": 422.0
          },
          {
            "x": 5470,
            "y": 422.0
          },
          {
            "x": 5470,
            "y": 0
          },
          {
            "x": 4768,
            "y": 0
          },
          {
            "x": 4768,
            "y": 1.0
          },
          {
            "x": 4767,
            "y": 2.0
          },
          {
            "x": 4763,
            "y": 2.0
          },
          {
            "x": 4763,
            "y": 3.0
          },
          {
            "x": 4762,
            "y": 4.0
          },
          {
            "x": 4757,
            "y": 4.0
          },
          {
            "x": 4757,
            "y": 9.0
          },
          {
            "x": 4759,
            "y": 9.0
          },
          {
            "x": 4760,
            "y": 10.0
          },
          {
            "x": 4760,
            "y": 12.0
          },
          {
            "x": 4762,
            "y": 12.0
          },
          {
            "x": 4763,
            "y": 13.0
          },
          {
            "x": 4763,
            "y": 15.0
          },
          {
            "x": 4765,
            "y": 15.0
          },
          {
            "x": 4766,
            "y": 16.0
          },
          {
            "x": 4766,
            "y": 18.0
          },
          {
            "x": 4765,
            "y": 19.0
          },
          {
            "x": 4754,
            "y": 19.0
          },
          {
            "x": 4754,
            "y": 21.0
          },
          {
            "x": 4753,
            "y": 22.0
          },
          {
            "x": 4751,
            "y": 22.0
          },
          {
            "x": 4751,
            "y": 24.0
          },
          {
            "x": 4750,
            "y": 25.0
          },
          {
            "x": 4748,
            "y": 25.0
          },
          {
            "x": 4748,
            "y": 35.0
          },
          {
            "x": 4747,
            "y": 36.0
          },
          {
            "x": 4745,
            "y": 36.0
          },
          {
            "x": 4745,
            "y": 44.0
          },
          {
            "x": 4744,
            "y": 45.0
          },
          {
            "x": 4743,
            "y": 45.0
          },
          {
            "x": 4743,
            "y": 47.0
          },
          {
            "x": 4742,
            "y": 48.0
          },
          {
            "x": 4740,
            "y": 48.0
          },
          {
            "x": 4739,
            "y": 47.0
          },
          {
            "x": 4739,
            "y": 45.0
          },
          {
            "x": 4737,
            "y": 45.0
          },
          {
            "x": 4736,
            "y": 44.0
          },
          {
            "x": 4736,
            "y": 42.0
          },
          {
            "x": 4731,
            "y": 42.0
          },
          {
            "x": 4730,
            "y": 41.0
          },
          {
            "x": 4730,
            "y": 36.0
          },
          {
            "x": 4728,
            "y": 36.0
          },
          {
            "x": 4727,
            "y": 35.0
          },
          {
            "x": 4727,
            "y": 30.0
          },
          {
            "x": 4725,
            "y": 30.0
          },
          {
            "x": 4724,
            "y": 29.0
          },
          {
            "x": 4724,
            "y": 28.0
          },
          {
            "x": 4722,
            "y": 28.0
          },
          {
            "x": 4721,
            "y": 27.0
          },
          {
            "x": 4721,
            "y": 25.0
          },
          {
            "x": 4719,
            "y": 25.0
          },
          {
            "x": 4718,
            "y": 24.0
          },
          {
            "x": 4718,
            "y": 22.0
          },
          {
            "x": 4714,
            "y": 22.0
          },
          {
            "x": 4713,
            "y": 21.0
          },
          {
            "x": 4713,
            "y": 19.0
          },
          {
            "x": 4711,
            "y": 19.0
          },
          {
            "x": 4710,
            "y": 18.0
          },
          {
            "x": 4710,
            "y": 10.0
          },
          {
            "x": 4708,
            "y": 10.0
          },
          {
            "x": 4707,
            "y": 9.0
          },
          {
            "x": 4707,
            "y": 4.0
          },
          {
            "x": 4691,
            "y": 4.0
          },
          {
            "x": 4690,
            "y": 3.0
          },
          {
            "x": 4690,
            "y": 2.0
          },
          {
            "x": 4673,
            "y": 2.0
          },
          {
            "x": 4672,
            "y": 1.0
          },
          {
            "x": 4672,
            "y": 0
          },
          {
            "x": 4096,
            "y": 0
          },
          {
            "x": 4096,
            "y": 1.0
          },
          {
            "x": 4095,
            "y": 2.0
          }
        ]
      }
    },
    {
      "annotator": {
        "email": "begimbaeva.s95@gmail.com",
        "full_name": "Saltanat Begimbaeva"
      },
      "name": "Road Polygon ",
      "polygon": {
        "path": [
          {
            "x": 554.49,
            "y": 3648.14
          },
          {
            "x": 1078.33,
            "y": 3398.27
          },
          {
            "x": 1564.57,
            "y": 3163.3
          },
          {
            "x": 1876.13,
            "y": 3018.93
          },
          {
            "x": 2291.38,
            "y": 2812.95
          },
          {
            "x": 2245.88,
            "y": 2694.7
          },
          {
            "x": 2406.21,
            "y": 2617.57
          },
          {
            "x": 2507.07,
            "y": 2710.3
          },
          {
            "x": 3059.28,
            "y": 2460.97
          },
          {
            "x": 3084.37,
            "y": 2385.71
          },
          {
            "x": 3048.43,
            "y": 2305.7
          },
          {
            "x": 3202.42,
            "y": 2231.76
          },
          {
            "x": 3295.11,
            "y": 2315.46
          },
          {
            "x": 3441.94,
            "y": 2270.81
          },
          {
            "x": 3548.6,
            "y": 2204.8
          },
          {
            "x": 3572.64,
            "y": 2166.26
          },
          {
            "x": 3585.32,
            "y": 2113.71
          },
          {
            "x": 3571.08,
            "y": 2049.53
          },
          {
            "x": 3816.94,
            "y": 1939.14
          },
          {
            "x": 3887.49,
            "y": 1984.84
          },
          {
            "x": 4071.55,
            "y": 2051.12
          },
          {
            "x": 4228.39,
            "y": 2070.14
          },
          {
            "x": 4377.32,
            "y": 1944.16
          },
          {
            "x": 4398.71,
            "y": 1797.87
          },
          {
            "x": 4353.56,
            "y": 1705.14
          },
          {
            "x": 4444.14,
            "y": 1663.17
          },
          {
            "x": 4631.15,
            "y": 1568.11
          },
          {
            "x": 4825.48,
            "y": 1944.16
          },
          {
            "x": 5066.33,
            "y": 1818.72
          },
          {
            "x": 5400.14,
            "y": 1659.21
          },
          {
            "x": 5425.73,
            "y": 1706.2
          },
          {
            "x": 5470.93,
            "y": 1668.7
          },
          {
            "x": 5472.76,
            "y": 2034.48
          },
          {
            "x": 5467.74,
            "y": 2586.41
          },
          {
            "x": 5468.07,
            "y": 2767.21
          },
          {
            "x": 5354.76,
            "y": 2829.19
          },
          {
            "x": 5156.65,
            "y": 2852.35
          },
          {
            "x": 4906.59,
            "y": 2772.07
          },
          {
            "x": 4753.27,
            "y": 2709.88
          },
          {
            "x": 4574.6,
            "y": 2656.66
          },
          {
            "x": 4292.72,
            "y": 2552.18
          },
          {
            "x": 4052.77,
            "y": 2450.94
          },
          {
            "x": 3972.49,
            "y": 2435.89
          },
          {
            "x": 3754.95,
            "y": 2551.11
          },
          {
            "x": 3437.33,
            "y": 2708.62
          },
          {
            "x": 2908.75,
            "y": 2967.75
          },
          {
            "x": 2780.13,
            "y": 2943.28
          },
          {
            "x": 2734.97,
            "y": 2881.61
          },
          {
            "x": 2639.73,
            "y": 2927.51
          },
          {
            "x": 2557.52,
            "y": 2962.74
          },
          {
            "x": 2534.02,
            "y": 2978.77
          },
          {
            "x": 2552.5,
            "y": 3047.43
          },
          {
            "x": 2357.8,
            "y": 3147.78
          },
          {
            "x": 2156.11,
            "y": 3243.72
          },
          {
            "x": 2074.61,
            "y": 3282.64
          },
          {
            "x": 1869.5,
            "y": 3381.64
          },
          {
            "x": 1832.41,
            "y": 3359.5
          },
          {
            "x": 1644.92,
            "y": 3446.87
          },
          {
            "x": 1634.92,
            "y": 3503.52
          },
          {
            "x": 1534.06,
            "y": 3533.05
          },
          {
            "x": 1449.41,
            "y": 3526.03
          },
          {
            "x": 1318.17,
            "y": 3645.13
          }
        ]
      }
    },
    {
      "annotator": {
        "email": "begimbaeva.s95@gmail.com",
        "full_name": "Saltanat Begimbaeva"
      },
      "name": "Spring Field Polygon ",
      "polygon": {
        "path": [
          {
            "x": 2897.63,
            "y": 1.56
          },
          {
            "x": 3059.0,
            "y": 326.37
          },
          {
            "x": 3194.33,
            "y": 602.24
          },
          {
            "x": 3360.9,
            "y": 935.38
          },
          {
            "x": 3491.03,
            "y": 1226.87
          },
          {
            "x": 3662.68,
            "y": 1590.51
          },
          {
            "x": 3839.78,
            "y": 1966.01
          },
          {
            "x": 4058.39,
            "y": 2054.5
          },
          {
            "x": 4261.4,
            "y": 2070.11
          },
          {
            "x": 4381.12,
            "y": 1934.78
          },
          {
            "x": 4407.14,
            "y": 1778.62
          },
          {
            "x": 4303.04,
            "y": 1580.82
          },
          {
            "x": 4094.83,
            "y": 1148.79
          },
          {
            "x": 4131.27,
            "y": 1086.33
          },
          {
            "x": 4100.57,
            "y": 1027.51
          },
          {
            "x": 4031.34,
            "y": 989.02
          },
          {
            "x": 3897.03,
            "y": 747.99
          },
          {
            "x": 3792.93,
            "y": 544.99
          },
          {
            "x": 3756.49,
            "y": 456.5
          },
          {
            "x": 3735.67,
            "y": 299.03
          },
          {
            "x": 3629.83,
            "y": 343.72
          },
          {
            "x": 3447.3,
            "y": 0.6
          }
        ]
      }
    },
    {
      "annotator": {
        "email": "begimbaeva.s95@gmail.com",
        "full_name": "Saltanat Begimbaeva"
      },
      "bounding_box": {
        "h": 137.11,
        "w": 231.2,
        "x": 1310.44,
        "y": 3507.91
      },
      "name": "Vehicle "
    },
    {
      "annotator": {
        "email": "begimbaeva.s95@gmail.com",
        "full_name": "Saltanat Begimbaeva"
      },
      "bounding_box": {
        "h": 185.5,
        "w": 236.58,
        "x": 1638.43,
        "y": 3362.74
      },
      "name": "Vehicle "
    },
    {
      "annotator": {
        "email": "begimbaeva.s95@gmail.com",
        "full_name": "Saltanat Begimbaeva"
      },
      "bounding_box": {
        "h": 185.5,
        "w": 239.27,
        "x": 2539.04,
        "y": 2886.89
      },
      "name": "Vehicle "
    },
    {
      "annotator": {
        "email": "begimbaeva.s95@gmail.com",
        "full_name": "Saltanat Begimbaeva"
      },
      "bounding_box": {
        "h": 168.99,
        "w": 247.72,
        "x": 1733.67,
        "y": 2566.97
      },
      "name": "Vehicle "
    },
    {
      "annotator": {
        "email": "begimbaeva.s95@gmail.com",
        "full_name": "Saltanat Begimbaeva"
      },
      "bounding_box": {
        "h": 158.72,
        "w": 219.46,
        "x": 1626.61,
        "y": 2339.16
      },
      "name": "Vehicle "
    },
    {
      "annotator": {
        "email": "begimbaeva.s95@gmail.com",
        "full_name": "Saltanat Begimbaeva"
      },
      "bounding_box": {
        "h": 155.91,
        "w": 207.68,
        "x": 2389.23,
        "y": 2272.24
      },
      "name": "Vehicle "
    },
    {
      "annotator": {
        "email": "begimbaeva.s95@gmail.com",
        "full_name": "Saltanat Begimbaeva"
      },
      "bounding_box": {
        "h": 173.42,
        "w": 240.58,
        "x": 2202.29,
        "y": 2060.99
      },
      "name": "Vehicle "
    },
    {
      "annotator": {
        "email": "begimbaeva.s95@gmail.com",
        "full_name": "Saltanat Begimbaeva"
      },
      "bounding_box": {
        "h": 159.4,
        "w": 227.41,
        "x": 2538.09,
        "y": 2056.31
      },
      "name": "Vehicle "
    },
    {
      "annotator": {
        "email": "begimbaeva.s95@gmail.com",
        "full_name": "Saltanat Begimbaeva"
      },
      "bounding_box": {
        "h": 153.61,
        "w": 219.88,
        "x": 3221.67,
        "y": 2016.34
      },
      "name": "Vehicle "
    },
    {
      "annotator": {
        "email": "begimbaeva.s95@gmail.com",
        "full_name": "Saltanat Begimbaeva"
      },
      "bounding_box": {
        "h": 243.93,
        "w": 180.77,
        "x": 3459.86,
        "y": 1340.29
      },
      "name": "Vehicle "
    },
    {
      "annotator": {
        "email": "begimbaeva.s95@gmail.com",
        "full_name": "Saltanat Begimbaeva"
      },
      "bounding_box": {
        "h": 214.78,
        "w": 155.48,
        "x": 3230.69,
        "y": 878.18
      },
      "name": "Vehicle "
    },
    {
      "annotator": {
        "email": "begimbaeva.s95@gmail.com",
        "full_name": "Saltanat Begimbaeva"
      },
      "bounding_box": {
        "h": 233.6,
        "w": 167.98,
        "x": 3095.89,
        "y": 597.2
      },
      "name": "Vehicle "
    },
    {
      "annotator": {
        "email": "begimbaeva.s95@gmail.com",
        "full_name": "Saltanat Begimbaeva"
      },
      "bounding_box": {
        "h": 254.6,
        "w": 174.98,
        "x": 2950.65,
        "y": 287.48
      },
      "name": "Vehicle "
    },
    {
      "annotator": {
        "email": "begimbaeva.s95@gmail.com",
        "full_name": "Saltanat Begimbaeva"
      },
      "bounding_box": {
        "h": 204.73,
        "w": 153.11,
        "x": 2841.29,
        "y": 35.51
      },
      "name": "Vehicle "
    },
    {
      "annotator": {
        "email": "begimbaeva.s95@gmail.com",
        "full_name": "Saltanat Begimbaeva"
      },
      "bounding_box": {
        "h": 187.43,
        "w": 259.1,
        "x": 2357.95,
        "y": 250.8
      },
      "name": "Vehicle "
    },
    {
      "annotator": {
        "email": "begimbaeva.s95@gmail.com",
        "full_name": "Saltanat Begimbaeva"
      },
      "bounding_box": {
        "h": 160.94,
        "w": 225.79,
        "x": 2477.83,
        "y": 500.24
      },
      "name": "Vehicle "
    }
  ]
}