{
  "image": {
    "width": 5472,
    "height": 3648,
    "filename": "00000038.JPG",
    "original_filename": "EP-00-00012_0119_0098.JPG",
    "url": "https://darwin.v7labs.com/api/images/1221764/original?token=b19ef416-03ed-4ae6-a438-a83286cfedf7",
    "thumbnail_url": "https://darwin.v7labs.com/api/images/1221764/thumbnail?token=b19ef416-03ed-4ae6-a438-a83286cfedf7",
    "workview_url": "https://darwin.v7labs.com/workview?dataset=1192&image=38"
  },
  "dataset": "Mapping_3",
  "annotated": true,
  "annotations": [
    {
      "annotator": {
        "email": "corporate@bex.kg",
        "full_name": "Aizada Tynchybek kyzy"
      },
      "name": "Building Polygon ",
      "polygon": {
        "path": [
          {
            "x": 5472.37,
            "y": 1933.76
          },
          {
            "x": 4964.39,
            "y": 1658.26
          },
          {
            "x": 4958.18,
            "y": 1662.5
          },
          {
            "x": 4935.86,
            "y": 1703.41
          },
          {
            "x": 4766.4,
            "y": 1741.48
          },
          {
            "x": 3763.27,
            "y": 3586.92
          },
          {
            "x": 3811.9,
            "y": 3647.06
          },
          {
            "x": 5472.33,
            "y": 3648.14
          }
        ]
      }
    },
    {
      "annotator": {
        "email": "corporate@bex.kg",
        "full_name": "Aizada Tynchybek kyzy"
      },
      "name": "Building Polygon ",
      "polygon": {
        "path": [
          {
            "x": 3056.91,
            "y": 2.07
          },
          {
            "x": 3035.78,
            "y": 15.3
          },
          {
            "x": 3029.3,
            "y": 71.41
          },
          {
            "x": 1617.91,
            "y": 1132.49
          },
          {
            "x": 1583.03,
            "y": 1101.31
          },
          {
            "x": 1565.88,
            "y": 1115.92
          },
          {
            "x": 1558.48,
            "y": 1108.71
          },
          {
            "x": 1555.75,
            "y": 1108.71
          },
          {
            "x": 989.5,
            "y": 391.29
          },
          {
            "x": 961.89,
            "y": 351.85
          },
          {
            "x": 710.0,
            "y": 0.26
          }
        ]
      }
    },
    {
      "annotator": {
        "email": "corporate@bex.kg",
        "full_name": "Aizada Tynchybek kyzy"
      },
      "name": "Spring field Polygon ",
      "polygon": {
        "path": [
          {
            "x": -0.9,
            "y": 1032.77
          },
          {
            "x": 142.3,
            "y": 953.22
          },
          {
            "x": 1394.17,
            "y": 1968.34
          },
          {
            "x": 2716.71,
            "y": 791.39
          },
          {
            "x": 3907.28,
            "y": 0.69
          },
          {
            "x": 5470.43,
            "y": 1.81
          },
          {
            "x": 5471.43,
            "y": 384.09
          },
          {
            "x": 5129.32,
            "y": 999.32
          },
          {
            "x": 4297.17,
            "y": 550.19
          },
          {
            "x": 2903.09,
            "y": 3069.91
          },
          {
            "x": 3716.9,
            "y": 3591.73
          },
          {
            "x": 3687.64,
            "y": 3646.91
          },
          {
            "x": 0.93,
            "y": 3647.66
          }
        ]
      }
    },
    {
      "annotator": {
        "email": "corporate@bex.kg",
        "full_name": "Aizada Tynchybek kyzy"
      },
      "name": "Spring field Polygon ",
      "polygon": {
        "path": [
          {
            "x": 5097.59,
            "y": 1043.18
          },
          {
            "x": 4323.28,
            "y": 594.12
          },
          {
            "x": 2945.78,
            "y": 3066.5
          },
          {
            "x": 3738.7,
            "y": 3562.49
          }
        ]
      }
    }
  ]
}