{
  "image": {
    "width": 5472,
    "height": 3648,
    "filename": "00000032.JPG",
    "original_filename": "EP-00-00012_0119_0092.JPG",
    "url": "https://darwin.v7labs.com/api/images/1221758/original?token=b19ef416-03ed-4ae6-a438-a83286cfedf7",
    "thumbnail_url": "https://darwin.v7labs.com/api/images/1221758/thumbnail?token=b19ef416-03ed-4ae6-a438-a83286cfedf7",
    "workview_url": "https://darwin.v7labs.com/workview?dataset=1192&image=32"
  },
  "dataset": "Mapping_3",
  "annotated": true,
  "annotations": [
    {
      "annotator": {
        "email": "corporate@bex.kg",
        "full_name": "Aizada Tynchybek kyzy"
      },
      "name": "Building Polygon ",
      "polygon": {
        "path": [
          {
            "x": 2171.37,
            "y": 1.35
          },
          {
            "x": 2821.93,
            "y": 1880.32
          },
          {
            "x": 2874.31,
            "y": 1926.28
          },
          {
            "x": 2880.6,
            "y": 1944.87
          },
          {
            "x": 2887.41,
            "y": 1946.18
          },
          {
            "x": 3445.9,
            "y": 1744.04
          },
          {
            "x": 3464.3,
            "y": 1797.17
          },
          {
            "x": 3466.91,
            "y": 1804.18
          },
          {
            "x": 3560.73,
            "y": 1762.42
          },
          {
            "x": 3634.32,
            "y": 1735.01
          },
          {
            "x": 3636.12,
            "y": 1722.08
          },
          {
            "x": 3618.87,
            "y": 1681.48
          },
          {
            "x": 4981.86,
            "y": 1188.66
          },
          {
            "x": 5022.24,
            "y": 1278.87
          },
          {
            "x": 5471.49,
            "y": 1112.33
          },
          {
            "x": 5472.0,
            "y": 0.27
          }
        ]
      }
    },
    {
      "annotator": {
        "email": "corporate@bex.kg",
        "full_name": "Aizada Tynchybek kyzy"
      },
      "name": "Road ",
      "polygon": {
        "path": [
          {
            "x": 1677.06,
            "y": 0.51
          },
          {
            "x": 2230.81,
            "y": 1722.17
          },
          {
            "x": 2301.79,
            "y": 1937.09
          },
          {
            "x": 2368.83,
            "y": 2153.98
          },
          {
            "x": 2386.25,
            "y": 2197.39
          },
          {
            "x": 2404.14,
            "y": 2234.66
          },
          {
            "x": 2639.7,
            "y": 2620.8
          },
          {
            "x": 2748.52,
            "y": 2797.59
          },
          {
            "x": 2823.45,
            "y": 2910.97
          },
          {
            "x": 2928.94,
            "y": 3061.81
          },
          {
            "x": 3337.47,
            "y": 3648.0
          },
          {
            "x": 3684.54,
            "y": 3648.0
          },
          {
            "x": 3462.21,
            "y": 3343.18
          },
          {
            "x": 3457.65,
            "y": 3313.84
          },
          {
            "x": 3464.09,
            "y": 3290.5
          },
          {
            "x": 3476.7,
            "y": 3275.74
          },
          {
            "x": 3494.42,
            "y": 3269.3
          },
          {
            "x": 5471.21,
            "y": 2625.49
          },
          {
            "x": 5469.11,
            "y": 2322.6
          },
          {
            "x": 5449.01,
            "y": 2328.79
          },
          {
            "x": 5433.54,
            "y": 2330.85
          },
          {
            "x": 5419.11,
            "y": 2329.82
          },
          {
            "x": 5413.95,
            "y": 2321.05
          },
          {
            "x": 3298.56,
            "y": 3025.75
          },
          {
            "x": 3282.71,
            "y": 3032.8
          },
          {
            "x": 3254.54,
            "y": 3034.56
          },
          {
            "x": 3230.77,
            "y": 3019.59
          },
          {
            "x": 2995.41,
            "y": 2690.1
          },
          {
            "x": 2988.95,
            "y": 2669.98
          },
          {
            "x": 2987.51,
            "y": 2653.45
          },
          {
            "x": 2993.26,
            "y": 2632.61
          },
          {
            "x": 3005.47,
            "y": 2621.84
          },
          {
            "x": 3024.87,
            "y": 2614.65
          },
          {
            "x": 3137.94,
            "y": 2574.76
          },
          {
            "x": 5470.56,
            "y": 1776.33
          },
          {
            "x": 5470.17,
            "y": 1474.08
          },
          {
            "x": 2856.95,
            "y": 2389.74
          },
          {
            "x": 2837.56,
            "y": 2395.83
          },
          {
            "x": 2822.37,
            "y": 2395.31
          },
          {
            "x": 2810.59,
            "y": 2391.9
          },
          {
            "x": 2800.64,
            "y": 2384.83
          },
          {
            "x": 2794.09,
            "y": 2376.19
          },
          {
            "x": 2652.55,
            "y": 2159.89
          },
          {
            "x": 2655.34,
            "y": 2156.73
          },
          {
            "x": 2609.72,
            "y": 2079.73
          },
          {
            "x": 1916.88,
            "y": -0.09
          }
        ]
      }
    },
    {
      "annotator": {
        "email": "corporate@bex.kg",
        "full_name": "Aizada Tynchybek kyzy"
      },
      "name": "Road ",
      "polygon": {
        "path": [
          {
            "x": 5469.97,
            "y": 3111.21
          },
          {
            "x": 5470.67,
            "y": 3529.43
          },
          {
            "x": 5057.26,
            "y": 3646.83
          },
          {
            "x": 3991.9,
            "y": 3646.83
          },
          {
            "x": 5365.18,
            "y": 3218.07
          },
          {
            "x": 5371.99,
            "y": 3220.69
          },
          {
            "x": 5379.84,
            "y": 3218.59
          },
          {
            "x": 5385.6,
            "y": 3211.52
          }
        ]
      }
    }
  ]
}