{
  "image": {
    "width": 5472,
    "height": 3648,
    "filename": "00000066.JPG",
    "original_filename": "EP-00-00012_0119_0023.JPG",
    "url": "https://darwin.v7labs.com/api/images/1221667/original?token=43ffe058-ebd2-4afa-8955-89cf45e925a6",
    "thumbnail_url": "https://darwin.v7labs.com/api/images/1221667/thumbnail?token=43ffe058-ebd2-4afa-8955-89cf45e925a6",
    "workview_url": "https://darwin.v7labs.com/workview?dataset=1190&image=66"
  },
  "dataset": "Mapping_1",
  "annotated": true,
  "annotations": [
    {
      "annotator": {
        "email": "order@bex.kg",
        "full_name": "Zhaparova  Nurzhan"
      },
      "name": "Vehicle Polygon ",
      "polygon": {
        "path": [
          {
            "x": 1425,
            "y": 363
          },
          {
            "x": 1424,
            "y": 364
          },
          {
            "x": 1423,
            "y": 364
          },
          {
            "x": 1422,
            "y": 365
          },
          {
            "x": 1420,
            "y": 365
          },
          {
            "x": 1418,
            "y": 367
          },
          {
            "x": 1417,
            "y": 367
          },
          {
            "x": 1415,
            "y": 369
          },
          {
            "x": 1414,
            "y": 369
          },
          {
            "x": 1413,
            "y": 370
          },
          {
            "x": 1413,
            "y": 371
          },
          {
            "x": 1407,
            "y": 377
          },
          {
            "x": 1407,
            "y": 378
          },
          {
            "x": 1406,
            "y": 379
          },
          {
            "x": 1406,
            "y": 380
          },
          {
            "x": 1405,
            "y": 381
          },
          {
            "x": 1405,
            "y": 383
          },
          {
            "x": 1404,
            "y": 384
          },
          {
            "x": 1404,
            "y": 386
          },
          {
            "x": 1403,
            "y": 387
          },
          {
            "x": 1403,
            "y": 410
          },
          {
            "x": 1404,
            "y": 411
          },
          {
            "x": 1404,
            "y": 417
          },
          {
            "x": 1403,
            "y": 418
          },
          {
            "x": 1403,
            "y": 419
          },
          {
            "x": 1397,
            "y": 425
          },
          {
            "x": 1397,
            "y": 426
          },
          {
            "x": 1396,
            "y": 427
          },
          {
            "x": 1398,
            "y": 429
          },
          {
            "x": 1402,
            "y": 429
          },
          {
            "x": 1404,
            "y": 431
          },
          {
            "x": 1404,
            "y": 453
          },
          {
            "x": 1403,
            "y": 454
          },
          {
            "x": 1403,
            "y": 460
          },
          {
            "x": 1404,
            "y": 461
          },
          {
            "x": 1404,
            "y": 463
          },
          {
            "x": 1405,
            "y": 464
          },
          {
            "x": 1405,
            "y": 484
          },
          {
            "x": 1406,
            "y": 485.0
          },
          {
            "x": 1406,
            "y": 495
          },
          {
            "x": 1405,
            "y": 496
          },
          {
            "x": 1405,
            "y": 504
          },
          {
            "x": 1406,
            "y": 505.0
          },
          {
            "x": 1406,
            "y": 515
          },
          {
            "x": 1407,
            "y": 516
          },
          {
            "x": 1407,
            "y": 526
          },
          {
            "x": 1408,
            "y": 527
          },
          {
            "x": 1408,
            "y": 530
          },
          {
            "x": 1409,
            "y": 531
          },
          {
            "x": 1409,
            "y": 535
          },
          {
            "x": 1410,
            "y": 536
          },
          {
            "x": 1410,
            "y": 541
          },
          {
            "x": 1411,
            "y": 542
          },
          {
            "x": 1411,
            "y": 545
          },
          {
            "x": 1412,
            "y": 546
          },
          {
            "x": 1412,
            "y": 550
          },
          {
            "x": 1413,
            "y": 551
          },
          {
            "x": 1413,
            "y": 554
          },
          {
            "x": 1414,
            "y": 555
          },
          {
            "x": 1414,
            "y": 557
          },
          {
            "x": 1415,
            "y": 557
          },
          {
            "x": 1416,
            "y": 558
          },
          {
            "x": 1416,
            "y": 559
          },
          {
            "x": 1421,
            "y": 564
          },
          {
            "x": 1422,
            "y": 564
          },
          {
            "x": 1423,
            "y": 565
          },
          {
            "x": 1424,
            "y": 565
          },
          {
            "x": 1425,
            "y": 566
          },
          {
            "x": 1427,
            "y": 566
          },
          {
            "x": 1429,
            "y": 568
          },
          {
            "x": 1430,
            "y": 568
          },
          {
            "x": 1431,
            "y": 569
          },
          {
            "x": 1434,
            "y": 569
          },
          {
            "x": 1435,
            "y": 570
          },
          {
            "x": 1440,
            "y": 570
          },
          {
            "x": 1441,
            "y": 571
          },
          {
            "x": 1468,
            "y": 571
          },
          {
            "x": 1469,
            "y": 570
          },
          {
            "x": 1473,
            "y": 570
          },
          {
            "x": 1474,
            "y": 569
          },
          {
            "x": 1477,
            "y": 569
          },
          {
            "x": 1478,
            "y": 568
          },
          {
            "x": 1479,
            "y": 568
          },
          {
            "x": 1480,
            "y": 567
          },
          {
            "x": 1481,
            "y": 567
          },
          {
            "x": 1482,
            "y": 566
          },
          {
            "x": 1483,
            "y": 566
          },
          {
            "x": 1486,
            "y": 563
          },
          {
            "x": 1486,
            "y": 562
          },
          {
            "x": 1488,
            "y": 560
          },
          {
            "x": 1488,
            "y": 559
          },
          {
            "x": 1489,
            "y": 558
          },
          {
            "x": 1489,
            "y": 556
          },
          {
            "x": 1490,
            "y": 555
          },
          {
            "x": 1490,
            "y": 552
          },
          {
            "x": 1491,
            "y": 551
          },
          {
            "x": 1491,
            "y": 544
          },
          {
            "x": 1492,
            "y": 543
          },
          {
            "x": 1492,
            "y": 534
          },
          {
            "x": 1493,
            "y": 533
          },
          {
            "x": 1493,
            "y": 527
          },
          {
            "x": 1492,
            "y": 526
          },
          {
            "x": 1492,
            "y": 427
          },
          {
            "x": 1491,
            "y": 426
          },
          {
            "x": 1491,
            "y": 425
          },
          {
            "x": 1490,
            "y": 424
          },
          {
            "x": 1490,
            "y": 422
          },
          {
            "x": 1489,
            "y": 421
          },
          {
            "x": 1489,
            "y": 400
          },
          {
            "x": 1488,
            "y": 399
          },
          {
            "x": 1488,
            "y": 391
          },
          {
            "x": 1487,
            "y": 390
          },
          {
            "x": 1487,
            "y": 389
          },
          {
            "x": 1486,
            "y": 388
          },
          {
            "x": 1486,
            "y": 386
          },
          {
            "x": 1485,
            "y": 385
          },
          {
            "x": 1485,
            "y": 384
          },
          {
            "x": 1484,
            "y": 383
          },
          {
            "x": 1484,
            "y": 382
          },
          {
            "x": 1483,
            "y": 381
          },
          {
            "x": 1483,
            "y": 379
          },
          {
            "x": 1482,
            "y": 378
          },
          {
            "x": 1482,
            "y": 377
          },
          {
            "x": 1481,
            "y": 376
          },
          {
            "x": 1481,
            "y": 375
          },
          {
            "x": 1477,
            "y": 371
          },
          {
            "x": 1477,
            "y": 370
          },
          {
            "x": 1476,
            "y": 370
          },
          {
            "x": 1474,
            "y": 368
          },
          {
            "x": 1473,
            "y": 368
          },
          {
            "x": 1472,
            "y": 367
          },
          {
            "x": 1471,
            "y": 367
          },
          {
            "x": 1470,
            "y": 366
          },
          {
            "x": 1469,
            "y": 366
          },
          {
            "x": 1468,
            "y": 365
          },
          {
            "x": 1465,
            "y": 365
          },
          {
            "x": 1464,
            "y": 364
          },
          {
            "x": 1463,
            "y": 364
          },
          {
            "x": 1462,
            "y": 363
          },
          {
            "x": 1455,
            "y": 363
          },
          {
            "x": 1454,
            "y": 362
          },
          {
            "x": 1433,
            "y": 362
          },
          {
            "x": 1432,
            "y": 363
          }
        ]
      }
    },
    {
      "annotator": {
        "email": "order@bex.kg",
        "full_name": "Zhaparova  Nurzhan"
      },
      "name": "Vehicle Polygon ",
      "polygon": {
        "path": [
          {
            "x": 1670,
            "y": 893
          },
          {
            "x": 1671,
            "y": 894
          },
          {
            "x": 1671,
            "y": 896
          },
          {
            "x": 1672,
            "y": 896
          },
          {
            "x": 1673,
            "y": 897
          },
          {
            "x": 1673,
            "y": 901
          },
          {
            "x": 1674,
            "y": 902
          },
          {
            "x": 1674,
            "y": 903
          },
          {
            "x": 1673,
            "y": 904
          },
          {
            "x": 1673,
            "y": 909
          },
          {
            "x": 1672,
            "y": 910
          },
          {
            "x": 1671,
            "y": 910
          },
          {
            "x": 1671,
            "y": 916
          },
          {
            "x": 1670,
            "y": 917
          },
          {
            "x": 1670,
            "y": 922
          },
          {
            "x": 1669,
            "y": 923
          },
          {
            "x": 1669,
            "y": 929
          },
          {
            "x": 1668,
            "y": 930
          },
          {
            "x": 1668,
            "y": 936
          },
          {
            "x": 1667,
            "y": 937
          },
          {
            "x": 1666,
            "y": 937
          },
          {
            "x": 1666,
            "y": 950
          },
          {
            "x": 1665,
            "y": 951
          },
          {
            "x": 1665,
            "y": 959
          },
          {
            "x": 1664,
            "y": 960
          },
          {
            "x": 1664,
            "y": 964.0
          },
          {
            "x": 1663,
            "y": 965
          },
          {
            "x": 1663,
            "y": 970.0
          },
          {
            "x": 1662,
            "y": 971.0
          },
          {
            "x": 1661,
            "y": 971.0
          },
          {
            "x": 1661,
            "y": 988.0
          },
          {
            "x": 1662,
            "y": 988.0
          },
          {
            "x": 1663,
            "y": 989.0
          },
          {
            "x": 1663,
            "y": 1001
          },
          {
            "x": 1664,
            "y": 1002.0
          },
          {
            "x": 1664,
            "y": 1005.0
          },
          {
            "x": 1665,
            "y": 1006
          },
          {
            "x": 1665,
            "y": 1007
          },
          {
            "x": 1666,
            "y": 1008
          },
          {
            "x": 1666,
            "y": 1009
          },
          {
            "x": 1667,
            "y": 1009
          },
          {
            "x": 1668,
            "y": 1010.0
          },
          {
            "x": 1668,
            "y": 1011.0
          },
          {
            "x": 1670,
            "y": 1013.0
          },
          {
            "x": 1670,
            "y": 1014
          },
          {
            "x": 1671,
            "y": 1015
          },
          {
            "x": 1672,
            "y": 1015
          },
          {
            "x": 1674,
            "y": 1017
          },
          {
            "x": 1676,
            "y": 1017
          },
          {
            "x": 1677,
            "y": 1018
          },
          {
            "x": 1677,
            "y": 1019.0
          },
          {
            "x": 1678,
            "y": 1019.0
          },
          {
            "x": 1679,
            "y": 1020.0
          },
          {
            "x": 1683,
            "y": 1020.0
          },
          {
            "x": 1684,
            "y": 1021.0
          },
          {
            "x": 1693,
            "y": 1021.0
          },
          {
            "x": 1694,
            "y": 1022
          },
          {
            "x": 1694,
            "y": 1023
          },
          {
            "x": 1701,
            "y": 1023
          },
          {
            "x": 1702,
            "y": 1024
          },
          {
            "x": 1712,
            "y": 1024
          },
          {
            "x": 1713,
            "y": 1025
          },
          {
            "x": 1719,
            "y": 1025
          },
          {
            "x": 1720,
            "y": 1026
          },
          {
            "x": 1724,
            "y": 1026
          },
          {
            "x": 1725,
            "y": 1027
          },
          {
            "x": 1725,
            "y": 1028
          },
          {
            "x": 1729,
            "y": 1028
          },
          {
            "x": 1730,
            "y": 1029
          },
          {
            "x": 1752,
            "y": 1029
          },
          {
            "x": 1753,
            "y": 1030
          },
          {
            "x": 1754,
            "y": 1030
          },
          {
            "x": 1755,
            "y": 1031
          },
          {
            "x": 1758,
            "y": 1031
          },
          {
            "x": 1759,
            "y": 1032
          },
          {
            "x": 1759,
            "y": 1033
          },
          {
            "x": 1773,
            "y": 1033
          },
          {
            "x": 1773,
            "y": 1032
          },
          {
            "x": 1774,
            "y": 1031
          },
          {
            "x": 1777,
            "y": 1031
          },
          {
            "x": 1778,
            "y": 1032
          },
          {
            "x": 1778,
            "y": 1033
          },
          {
            "x": 1787,
            "y": 1033
          },
          {
            "x": 1788,
            "y": 1034
          },
          {
            "x": 1796,
            "y": 1034
          },
          {
            "x": 1797,
            "y": 1035
          },
          {
            "x": 1804,
            "y": 1035
          },
          {
            "x": 1805,
            "y": 1036
          },
          {
            "x": 1805,
            "y": 1037
          },
          {
            "x": 1811,
            "y": 1037
          },
          {
            "x": 1812,
            "y": 1038
          },
          {
            "x": 1820,
            "y": 1038
          },
          {
            "x": 1821,
            "y": 1039
          },
          {
            "x": 1828,
            "y": 1039
          },
          {
            "x": 1829,
            "y": 1040
          },
          {
            "x": 1837,
            "y": 1040
          },
          {
            "x": 1838,
            "y": 1041
          },
          {
            "x": 1838,
            "y": 1042
          },
          {
            "x": 1844,
            "y": 1042
          },
          {
            "x": 1845,
            "y": 1043
          },
          {
            "x": 1855,
            "y": 1043
          },
          {
            "x": 1856,
            "y": 1044
          },
          {
            "x": 1862,
            "y": 1044
          },
          {
            "x": 1863,
            "y": 1045
          },
          {
            "x": 1874,
            "y": 1045
          },
          {
            "x": 1875,
            "y": 1046
          },
          {
            "x": 1875,
            "y": 1047
          },
          {
            "x": 1880,
            "y": 1047
          },
          {
            "x": 1881,
            "y": 1048
          },
          {
            "x": 1889,
            "y": 1048
          },
          {
            "x": 1890,
            "y": 1049
          },
          {
            "x": 1897,
            "y": 1049
          },
          {
            "x": 1898,
            "y": 1050
          },
          {
            "x": 1903,
            "y": 1050
          },
          {
            "x": 1904,
            "y": 1051
          },
          {
            "x": 1904,
            "y": 1052
          },
          {
            "x": 1911.0,
            "y": 1052
          },
          {
            "x": 1912.0,
            "y": 1053
          },
          {
            "x": 1918,
            "y": 1053
          },
          {
            "x": 1919,
            "y": 1054
          },
          {
            "x": 1922.0,
            "y": 1054
          },
          {
            "x": 1923.0,
            "y": 1055
          },
          {
            "x": 1923.0,
            "y": 1056
          },
          {
            "x": 1925.0,
            "y": 1056
          },
          {
            "x": 1926.0,
            "y": 1057
          },
          {
            "x": 1928.0,
            "y": 1057
          },
          {
            "x": 1929,
            "y": 1058
          },
          {
            "x": 1931,
            "y": 1058
          },
          {
            "x": 1932,
            "y": 1059
          },
          {
            "x": 1935,
            "y": 1059
          },
          {
            "x": 1936,
            "y": 1060
          },
          {
            "x": 1936,
            "y": 1061
          },
          {
            "x": 1949,
            "y": 1061
          },
          {
            "x": 1949,
            "y": 1060
          },
          {
            "x": 1950,
            "y": 1059
          },
          {
            "x": 1966,
            "y": 1059
          },
          {
            "x": 1967,
            "y": 1060
          },
          {
            "x": 1967,
            "y": 1061
          },
          {
            "x": 1974.0,
            "y": 1061
          },
          {
            "x": 1975.0,
            "y": 1062
          },
          {
            "x": 1979,
            "y": 1062
          },
          {
            "x": 1980,
            "y": 1063
          },
          {
            "x": 1984,
            "y": 1063
          },
          {
            "x": 1985,
            "y": 1064
          },
          {
            "x": 1988.0,
            "y": 1064
          },
          {
            "x": 1989.0,
            "y": 1065
          },
          {
            "x": 1989.0,
            "y": 1066
          },
          {
            "x": 1993.0,
            "y": 1066
          },
          {
            "x": 1994.0,
            "y": 1067
          },
          {
            "x": 1997,
            "y": 1067
          },
          {
            "x": 1998,
            "y": 1068
          },
          {
            "x": 2002,
            "y": 1068
          },
          {
            "x": 2003,
            "y": 1069
          },
          {
            "x": 2003,
            "y": 1070
          },
          {
            "x": 2020.0,
            "y": 1070
          },
          {
            "x": 2021.0,
            "y": 1071
          },
          {
            "x": 2022.0,
            "y": 1071
          },
          {
            "x": 2023.0,
            "y": 1072
          },
          {
            "x": 2024.0,
            "y": 1072
          },
          {
            "x": 2025.0,
            "y": 1073
          },
          {
            "x": 2030,
            "y": 1073
          },
          {
            "x": 2031,
            "y": 1072
          },
          {
            "x": 2032,
            "y": 1072
          },
          {
            "x": 2033,
            "y": 1071
          },
          {
            "x": 2035,
            "y": 1071
          },
          {
            "x": 2036,
            "y": 1070
          },
          {
            "x": 2038.0,
            "y": 1070
          },
          {
            "x": 2038.0,
            "y": 1069
          },
          {
            "x": 2039.0,
            "y": 1068
          },
          {
            "x": 2040.0,
            "y": 1068
          },
          {
            "x": 2041.0,
            "y": 1067
          },
          {
            "x": 2043.0,
            "y": 1067
          },
          {
            "x": 2044,
            "y": 1066
          },
          {
            "x": 2045,
            "y": 1066
          },
          {
            "x": 2045,
            "y": 1065
          },
          {
            "x": 2047,
            "y": 1063
          },
          {
            "x": 2048,
            "y": 1063
          },
          {
            "x": 2049,
            "y": 1062
          },
          {
            "x": 2050,
            "y": 1062
          },
          {
            "x": 2051,
            "y": 1061
          },
          {
            "x": 2052,
            "y": 1061
          },
          {
            "x": 2052,
            "y": 1060
          },
          {
            "x": 2054,
            "y": 1058
          },
          {
            "x": 2055,
            "y": 1058
          },
          {
            "x": 2056,
            "y": 1057
          },
          {
            "x": 2057,
            "y": 1057
          },
          {
            "x": 2058,
            "y": 1056
          },
          {
            "x": 2059,
            "y": 1056
          },
          {
            "x": 2059,
            "y": 1055
          },
          {
            "x": 2061,
            "y": 1053
          },
          {
            "x": 2062,
            "y": 1053
          },
          {
            "x": 2063,
            "y": 1052
          },
          {
            "x": 2063,
            "y": 1051
          },
          {
            "x": 2065,
            "y": 1049
          },
          {
            "x": 2066,
            "y": 1049
          },
          {
            "x": 2067,
            "y": 1048
          },
          {
            "x": 2068,
            "y": 1048
          },
          {
            "x": 2069,
            "y": 1047
          },
          {
            "x": 2071,
            "y": 1047
          },
          {
            "x": 2071,
            "y": 1046
          },
          {
            "x": 2072,
            "y": 1045
          },
          {
            "x": 2073,
            "y": 1045
          },
          {
            "x": 2075,
            "y": 1043
          },
          {
            "x": 2077,
            "y": 1043
          },
          {
            "x": 2078,
            "y": 1042
          },
          {
            "x": 2078,
            "y": 1041
          },
          {
            "x": 2079,
            "y": 1040
          },
          {
            "x": 2081,
            "y": 1040
          },
          {
            "x": 2084,
            "y": 1037
          },
          {
            "x": 2086,
            "y": 1037
          },
          {
            "x": 2086,
            "y": 1036
          },
          {
            "x": 2089,
            "y": 1033
          },
          {
            "x": 2090,
            "y": 1033
          },
          {
            "x": 2090,
            "y": 1032
          },
          {
            "x": 2091,
            "y": 1031
          },
          {
            "x": 2092,
            "y": 1031
          },
          {
            "x": 2094,
            "y": 1029
          },
          {
            "x": 2095,
            "y": 1029
          },
          {
            "x": 2096,
            "y": 1028
          },
          {
            "x": 2096,
            "y": 1027
          },
          {
            "x": 2097,
            "y": 1026
          },
          {
            "x": 2099,
            "y": 1026
          },
          {
            "x": 2102,
            "y": 1023
          },
          {
            "x": 2104,
            "y": 1023
          },
          {
            "x": 2104,
            "y": 1022
          },
          {
            "x": 2107,
            "y": 1019.0
          },
          {
            "x": 2107,
            "y": 1018
          },
          {
            "x": 2108,
            "y": 1017
          },
          {
            "x": 2109,
            "y": 1017
          },
          {
            "x": 2112,
            "y": 1014
          },
          {
            "x": 2112,
            "y": 1013.0
          },
          {
            "x": 2113,
            "y": 1012.0
          },
          {
            "x": 2114,
            "y": 1012.0
          },
          {
            "x": 2117,
            "y": 1009
          },
          {
            "x": 2118,
            "y": 1009
          },
          {
            "x": 2118,
            "y": 1007
          },
          {
            "x": 2119,
            "y": 1006
          },
          {
            "x": 2119,
            "y": 998
          },
          {
            "x": 2120,
            "y": 997.0
          },
          {
            "x": 2120,
            "y": 991
          },
          {
            "x": 2121,
            "y": 990
          },
          {
            "x": 2121,
            "y": 983
          },
          {
            "x": 2122,
            "y": 982
          },
          {
            "x": 2123,
            "y": 982
          },
          {
            "x": 2123,
            "y": 975
          },
          {
            "x": 2124,
            "y": 974
          },
          {
            "x": 2124,
            "y": 961.0
          },
          {
            "x": 2125,
            "y": 960
          },
          {
            "x": 2125,
            "y": 951
          },
          {
            "x": 2126,
            "y": 950
          },
          {
            "x": 2126,
            "y": 938
          },
          {
            "x": 2125,
            "y": 937
          },
          {
            "x": 2125,
            "y": 936
          },
          {
            "x": 2124,
            "y": 935
          },
          {
            "x": 2122,
            "y": 935
          },
          {
            "x": 2121,
            "y": 934
          },
          {
            "x": 2121,
            "y": 933
          },
          {
            "x": 2119,
            "y": 933
          },
          {
            "x": 2118,
            "y": 932
          },
          {
            "x": 2111,
            "y": 932
          },
          {
            "x": 2110,
            "y": 931
          },
          {
            "x": 2102,
            "y": 931
          },
          {
            "x": 2101,
            "y": 930
          },
          {
            "x": 2093,
            "y": 930
          },
          {
            "x": 2092,
            "y": 929
          },
          {
            "x": 2092,
            "y": 928
          },
          {
            "x": 2083,
            "y": 928
          },
          {
            "x": 2082,
            "y": 927
          },
          {
            "x": 2075,
            "y": 927
          },
          {
            "x": 2074,
            "y": 926
          },
          {
            "x": 2068,
            "y": 926
          },
          {
            "x": 2067,
            "y": 925
          },
          {
            "x": 2067,
            "y": 924
          },
          {
            "x": 2060,
            "y": 924
          },
          {
            "x": 2059,
            "y": 923
          },
          {
            "x": 2050,
            "y": 923
          },
          {
            "x": 2049,
            "y": 922
          },
          {
            "x": 2044,
            "y": 922
          },
          {
            "x": 2043.0,
            "y": 921
          },
          {
            "x": 2039.0,
            "y": 921
          },
          {
            "x": 2038.0,
            "y": 920
          },
          {
            "x": 2038.0,
            "y": 919
          },
          {
            "x": 2026.0,
            "y": 919
          },
          {
            "x": 2025.0,
            "y": 918
          },
          {
            "x": 2020.0,
            "y": 918
          },
          {
            "x": 2019,
            "y": 917
          },
          {
            "x": 2012,
            "y": 917
          },
          {
            "x": 2011,
            "y": 916
          },
          {
            "x": 2004.0,
            "y": 916
          },
          {
            "x": 2003,
            "y": 915
          },
          {
            "x": 2003,
            "y": 914
          },
          {
            "x": 1997,
            "y": 914
          },
          {
            "x": 1996,
            "y": 913
          },
          {
            "x": 1988.0,
            "y": 913
          },
          {
            "x": 1987.0,
            "y": 912
          },
          {
            "x": 1980,
            "y": 912
          },
          {
            "x": 1979,
            "y": 911
          },
          {
            "x": 1979,
            "y": 910
          },
          {
            "x": 1971.0,
            "y": 910
          },
          {
            "x": 1970,
            "y": 909
          },
          {
            "x": 1962,
            "y": 909
          },
          {
            "x": 1961.0,
            "y": 908
          },
          {
            "x": 1953,
            "y": 908
          },
          {
            "x": 1952,
            "y": 907
          },
          {
            "x": 1947,
            "y": 907
          },
          {
            "x": 1946,
            "y": 906
          },
          {
            "x": 1946,
            "y": 905
          },
          {
            "x": 1939.0,
            "y": 905
          },
          {
            "x": 1938.0,
            "y": 904
          },
          {
            "x": 1932,
            "y": 904
          },
          {
            "x": 1931,
            "y": 903
          },
          {
            "x": 1923.0,
            "y": 903
          },
          {
            "x": 1922.0,
            "y": 902
          },
          {
            "x": 1915,
            "y": 902
          },
          {
            "x": 1914,
            "y": 901
          },
          {
            "x": 1914,
            "y": 900
          },
          {
            "x": 1908.0,
            "y": 900
          },
          {
            "x": 1907.0,
            "y": 899
          },
          {
            "x": 1899,
            "y": 899
          },
          {
            "x": 1898,
            "y": 898
          },
          {
            "x": 1891.0,
            "y": 898
          },
          {
            "x": 1890,
            "y": 897
          },
          {
            "x": 1885,
            "y": 897
          },
          {
            "x": 1884,
            "y": 896
          },
          {
            "x": 1884,
            "y": 895
          },
          {
            "x": 1877,
            "y": 895
          },
          {
            "x": 1876,
            "y": 894
          },
          {
            "x": 1868,
            "y": 894
          },
          {
            "x": 1867,
            "y": 893
          },
          {
            "x": 1861,
            "y": 893
          },
          {
            "x": 1860,
            "y": 892
          },
          {
            "x": 1860,
            "y": 891
          },
          {
            "x": 1853,
            "y": 891
          },
          {
            "x": 1852,
            "y": 890
          },
          {
            "x": 1845,
            "y": 890
          },
          {
            "x": 1844,
            "y": 889
          },
          {
            "x": 1835,
            "y": 889
          },
          {
            "x": 1834,
            "y": 888
          },
          {
            "x": 1828,
            "y": 888
          },
          {
            "x": 1827,
            "y": 887
          },
          {
            "x": 1827,
            "y": 886
          },
          {
            "x": 1820,
            "y": 886
          },
          {
            "x": 1819,
            "y": 885
          },
          {
            "x": 1812,
            "y": 885
          },
          {
            "x": 1811,
            "y": 884
          },
          {
            "x": 1804,
            "y": 884
          },
          {
            "x": 1803,
            "y": 883
          },
          {
            "x": 1796,
            "y": 883
          },
          {
            "x": 1795,
            "y": 882
          },
          {
            "x": 1795,
            "y": 881
          },
          {
            "x": 1788,
            "y": 881
          },
          {
            "x": 1787,
            "y": 880
          },
          {
            "x": 1781,
            "y": 880
          },
          {
            "x": 1780,
            "y": 881
          },
          {
            "x": 1778,
            "y": 881
          },
          {
            "x": 1778,
            "y": 882
          },
          {
            "x": 1777,
            "y": 883
          },
          {
            "x": 1777,
            "y": 884
          },
          {
            "x": 1776,
            "y": 885
          },
          {
            "x": 1776,
            "y": 887
          },
          {
            "x": 1775,
            "y": 888
          },
          {
            "x": 1774,
            "y": 888
          },
          {
            "x": 1774,
            "y": 892
          },
          {
            "x": 1773,
            "y": 893
          },
          {
            "x": 1773,
            "y": 894
          },
          {
            "x": 1772,
            "y": 895
          },
          {
            "x": 1771,
            "y": 895
          },
          {
            "x": 1770,
            "y": 894
          },
          {
            "x": 1764,
            "y": 894
          },
          {
            "x": 1763,
            "y": 893
          },
          {
            "x": 1758,
            "y": 893
          },
          {
            "x": 1757,
            "y": 892
          },
          {
            "x": 1757,
            "y": 891
          },
          {
            "x": 1751,
            "y": 891
          },
          {
            "x": 1750,
            "y": 890
          },
          {
            "x": 1746,
            "y": 890
          },
          {
            "x": 1745,
            "y": 889
          },
          {
            "x": 1738,
            "y": 889
          },
          {
            "x": 1737,
            "y": 888
          },
          {
            "x": 1731,
            "y": 888
          },
          {
            "x": 1730,
            "y": 887
          },
          {
            "x": 1730,
            "y": 886
          },
          {
            "x": 1726,
            "y": 886
          },
          {
            "x": 1725,
            "y": 885
          },
          {
            "x": 1718,
            "y": 885
          },
          {
            "x": 1717,
            "y": 884
          },
          {
            "x": 1711,
            "y": 884
          },
          {
            "x": 1710,
            "y": 883
          },
          {
            "x": 1708,
            "y": 883
          },
          {
            "x": 1707,
            "y": 882
          },
          {
            "x": 1707,
            "y": 881
          },
          {
            "x": 1705,
            "y": 881
          },
          {
            "x": 1704,
            "y": 880
          },
          {
            "x": 1702,
            "y": 880
          },
          {
            "x": 1701,
            "y": 879
          },
          {
            "x": 1699,
            "y": 879
          },
          {
            "x": 1698,
            "y": 880
          },
          {
            "x": 1694,
            "y": 880
          },
          {
            "x": 1693,
            "y": 881
          },
          {
            "x": 1692,
            "y": 881
          },
          {
            "x": 1692,
            "y": 882
          },
          {
            "x": 1691,
            "y": 883
          },
          {
            "x": 1689,
            "y": 883
          },
          {
            "x": 1688,
            "y": 884
          },
          {
            "x": 1687,
            "y": 884
          },
          {
            "x": 1686,
            "y": 885
          },
          {
            "x": 1684,
            "y": 885
          },
          {
            "x": 1683,
            "y": 886
          },
          {
            "x": 1682,
            "y": 886
          },
          {
            "x": 1682,
            "y": 887
          },
          {
            "x": 1681,
            "y": 888
          },
          {
            "x": 1679,
            "y": 888
          },
          {
            "x": 1678,
            "y": 889
          },
          {
            "x": 1677,
            "y": 889
          },
          {
            "x": 1676,
            "y": 890
          },
          {
            "x": 1674,
            "y": 890
          },
          {
            "x": 1673,
            "y": 891
          },
          {
            "x": 1671,
            "y": 891
          },
          {
            "x": 1671,
            "y": 892
          }
        ]
      }
    },
    {
      "annotator": {
        "email": "order@bex.kg",
        "full_name": "Zhaparova  Nurzhan"
      },
      "name": "Vehicle Polygon ",
      "polygon": {
        "path": [
          {
            "x": 812,
            "y": 2244
          },
          {
            "x": 812,
            "y": 2245
          },
          {
            "x": 809,
            "y": 2248
          },
          {
            "x": 809,
            "y": 2252
          },
          {
            "x": 811,
            "y": 2254
          },
          {
            "x": 811,
            "y": 2255
          },
          {
            "x": 812,
            "y": 2256
          },
          {
            "x": 812,
            "y": 2258
          },
          {
            "x": 813,
            "y": 2259
          },
          {
            "x": 813,
            "y": 2260
          },
          {
            "x": 814,
            "y": 2261
          },
          {
            "x": 814,
            "y": 2263
          },
          {
            "x": 817,
            "y": 2266
          },
          {
            "x": 817,
            "y": 2267
          },
          {
            "x": 818,
            "y": 2268
          },
          {
            "x": 818,
            "y": 2269
          },
          {
            "x": 822,
            "y": 2273
          },
          {
            "x": 822,
            "y": 2274
          },
          {
            "x": 825,
            "y": 2277
          },
          {
            "x": 825,
            "y": 2278
          },
          {
            "x": 826,
            "y": 2278
          },
          {
            "x": 827,
            "y": 2279
          },
          {
            "x": 827,
            "y": 2280
          },
          {
            "x": 831,
            "y": 2284
          },
          {
            "x": 832,
            "y": 2284
          },
          {
            "x": 833,
            "y": 2285
          },
          {
            "x": 833,
            "y": 2286
          },
          {
            "x": 834,
            "y": 2286
          },
          {
            "x": 839,
            "y": 2291
          },
          {
            "x": 839,
            "y": 2292
          },
          {
            "x": 846,
            "y": 2299
          },
          {
            "x": 846,
            "y": 2300
          },
          {
            "x": 853,
            "y": 2307
          },
          {
            "x": 853,
            "y": 2308
          },
          {
            "x": 856,
            "y": 2311
          },
          {
            "x": 857,
            "y": 2311
          },
          {
            "x": 859,
            "y": 2313
          },
          {
            "x": 860,
            "y": 2313
          },
          {
            "x": 862,
            "y": 2315
          },
          {
            "x": 862,
            "y": 2316
          },
          {
            "x": 863,
            "y": 2317
          },
          {
            "x": 863,
            "y": 2318
          },
          {
            "x": 864,
            "y": 2319
          },
          {
            "x": 864,
            "y": 2320
          },
          {
            "x": 865,
            "y": 2321
          },
          {
            "x": 865,
            "y": 2322
          },
          {
            "x": 866,
            "y": 2323
          },
          {
            "x": 867,
            "y": 2323
          },
          {
            "x": 872,
            "y": 2328
          },
          {
            "x": 873,
            "y": 2328
          },
          {
            "x": 875,
            "y": 2330
          },
          {
            "x": 876,
            "y": 2330
          },
          {
            "x": 880,
            "y": 2334
          },
          {
            "x": 880,
            "y": 2335
          },
          {
            "x": 881,
            "y": 2336
          },
          {
            "x": 881,
            "y": 2337
          },
          {
            "x": 882,
            "y": 2338
          },
          {
            "x": 882,
            "y": 2339
          },
          {
            "x": 883,
            "y": 2340
          },
          {
            "x": 884,
            "y": 2340
          },
          {
            "x": 890,
            "y": 2346
          },
          {
            "x": 891,
            "y": 2346
          },
          {
            "x": 896,
            "y": 2351
          },
          {
            "x": 896,
            "y": 2352
          },
          {
            "x": 897,
            "y": 2353
          },
          {
            "x": 897,
            "y": 2355
          },
          {
            "x": 898,
            "y": 2356
          },
          {
            "x": 898,
            "y": 2357
          },
          {
            "x": 899,
            "y": 2358
          },
          {
            "x": 899,
            "y": 2359
          },
          {
            "x": 900,
            "y": 2360
          },
          {
            "x": 900,
            "y": 2361
          },
          {
            "x": 905,
            "y": 2366
          },
          {
            "x": 905,
            "y": 2367
          },
          {
            "x": 906,
            "y": 2368
          },
          {
            "x": 907,
            "y": 2368
          },
          {
            "x": 910,
            "y": 2371
          },
          {
            "x": 910,
            "y": 2372
          },
          {
            "x": 915,
            "y": 2377
          },
          {
            "x": 915,
            "y": 2378
          },
          {
            "x": 919,
            "y": 2382
          },
          {
            "x": 920,
            "y": 2382
          },
          {
            "x": 921,
            "y": 2383
          },
          {
            "x": 921,
            "y": 2384
          },
          {
            "x": 922,
            "y": 2385
          },
          {
            "x": 923,
            "y": 2385
          },
          {
            "x": 925,
            "y": 2387
          },
          {
            "x": 926,
            "y": 2387
          },
          {
            "x": 929,
            "y": 2390
          },
          {
            "x": 930,
            "y": 2390
          },
          {
            "x": 932,
            "y": 2392
          },
          {
            "x": 933,
            "y": 2392
          },
          {
            "x": 935,
            "y": 2394
          },
          {
            "x": 937,
            "y": 2394
          },
          {
            "x": 938,
            "y": 2395
          },
          {
            "x": 938,
            "y": 2396
          },
          {
            "x": 939,
            "y": 2396
          },
          {
            "x": 940,
            "y": 2397
          },
          {
            "x": 941,
            "y": 2397
          },
          {
            "x": 942,
            "y": 2398
          },
          {
            "x": 943,
            "y": 2398
          },
          {
            "x": 944,
            "y": 2399
          },
          {
            "x": 946,
            "y": 2399
          },
          {
            "x": 947,
            "y": 2400
          },
          {
            "x": 949,
            "y": 2400
          },
          {
            "x": 950,
            "y": 2401
          },
          {
            "x": 953,
            "y": 2401
          },
          {
            "x": 954,
            "y": 2402
          },
          {
            "x": 961,
            "y": 2402
          },
          {
            "x": 963,
            "y": 2400
          },
          {
            "x": 965,
            "y": 2400
          },
          {
            "x": 966,
            "y": 2399
          },
          {
            "x": 968,
            "y": 2399
          },
          {
            "x": 969,
            "y": 2398
          },
          {
            "x": 970,
            "y": 2398
          },
          {
            "x": 971,
            "y": 2397
          },
          {
            "x": 973,
            "y": 2397
          },
          {
            "x": 974,
            "y": 2396
          },
          {
            "x": 976,
            "y": 2396
          },
          {
            "x": 977,
            "y": 2395
          },
          {
            "x": 978,
            "y": 2395
          },
          {
            "x": 979,
            "y": 2394
          },
          {
            "x": 980,
            "y": 2394
          },
          {
            "x": 981,
            "y": 2393
          },
          {
            "x": 983,
            "y": 2393
          },
          {
            "x": 984,
            "y": 2392
          },
          {
            "x": 985,
            "y": 2392
          },
          {
            "x": 987,
            "y": 2390
          },
          {
            "x": 988,
            "y": 2390
          },
          {
            "x": 997.0,
            "y": 2381
          },
          {
            "x": 997.0,
            "y": 2380
          },
          {
            "x": 998,
            "y": 2379
          },
          {
            "x": 999.0,
            "y": 2379
          },
          {
            "x": 1.0e3,
            "y": 2378
          },
          {
            "x": 1.0e3,
            "y": 2377
          },
          {
            "x": 1006.0,
            "y": 2371
          },
          {
            "x": 1006.0,
            "y": 2370
          },
          {
            "x": 1008.0,
            "y": 2368
          },
          {
            "x": 1008.0,
            "y": 2367
          },
          {
            "x": 1009,
            "y": 2366
          },
          {
            "x": 1009,
            "y": 2365
          },
          {
            "x": 1011.0,
            "y": 2363
          },
          {
            "x": 1011.0,
            "y": 2361
          },
          {
            "x": 1012,
            "y": 2360
          },
          {
            "x": 1012,
            "y": 2357
          },
          {
            "x": 1013,
            "y": 2356
          },
          {
            "x": 1013,
            "y": 2354
          },
          {
            "x": 1014.0,
            "y": 2353
          },
          {
            "x": 1014.0,
            "y": 2351
          },
          {
            "x": 1013,
            "y": 2350
          },
          {
            "x": 1013,
            "y": 2348
          },
          {
            "x": 1012,
            "y": 2347
          },
          {
            "x": 1012,
            "y": 2346
          },
          {
            "x": 1011.0,
            "y": 2345
          },
          {
            "x": 1011.0,
            "y": 2344
          },
          {
            "x": 1008.0,
            "y": 2341
          },
          {
            "x": 1008.0,
            "y": 2340
          },
          {
            "x": 1006.0,
            "y": 2338
          },
          {
            "x": 1006.0,
            "y": 2337
          },
          {
            "x": 1005.0,
            "y": 2336
          },
          {
            "x": 1005.0,
            "y": 2335
          },
          {
            "x": 1002.0,
            "y": 2332
          },
          {
            "x": 1002.0,
            "y": 2331
          },
          {
            "x": 996,
            "y": 2325
          },
          {
            "x": 996,
            "y": 2324
          },
          {
            "x": 995,
            "y": 2324
          },
          {
            "x": 994,
            "y": 2323
          },
          {
            "x": 994,
            "y": 2322
          },
          {
            "x": 993,
            "y": 2322
          },
          {
            "x": 988,
            "y": 2317
          },
          {
            "x": 987,
            "y": 2317
          },
          {
            "x": 982,
            "y": 2312
          },
          {
            "x": 982,
            "y": 2311
          },
          {
            "x": 981,
            "y": 2311
          },
          {
            "x": 980,
            "y": 2310
          },
          {
            "x": 980,
            "y": 2309
          },
          {
            "x": 979,
            "y": 2308
          },
          {
            "x": 979,
            "y": 2307
          },
          {
            "x": 974,
            "y": 2302
          },
          {
            "x": 974,
            "y": 2301
          },
          {
            "x": 972,
            "y": 2299
          },
          {
            "x": 972,
            "y": 2298
          },
          {
            "x": 971,
            "y": 2297
          },
          {
            "x": 971,
            "y": 2296
          },
          {
            "x": 967,
            "y": 2292
          },
          {
            "x": 967,
            "y": 2291
          },
          {
            "x": 966,
            "y": 2291
          },
          {
            "x": 963,
            "y": 2288
          },
          {
            "x": 962,
            "y": 2288
          },
          {
            "x": 959,
            "y": 2285
          },
          {
            "x": 958,
            "y": 2285
          },
          {
            "x": 956,
            "y": 2283
          },
          {
            "x": 955,
            "y": 2283
          },
          {
            "x": 949,
            "y": 2277
          },
          {
            "x": 948,
            "y": 2277
          },
          {
            "x": 944,
            "y": 2273
          },
          {
            "x": 944,
            "y": 2272
          },
          {
            "x": 942,
            "y": 2270
          },
          {
            "x": 941,
            "y": 2270
          },
          {
            "x": 940,
            "y": 2269
          },
          {
            "x": 940,
            "y": 2268
          },
          {
            "x": 936,
            "y": 2264
          },
          {
            "x": 935,
            "y": 2264
          },
          {
            "x": 934,
            "y": 2263
          },
          {
            "x": 934,
            "y": 2262
          },
          {
            "x": 931,
            "y": 2259
          },
          {
            "x": 931,
            "y": 2258
          },
          {
            "x": 928,
            "y": 2255
          },
          {
            "x": 928,
            "y": 2254
          },
          {
            "x": 926,
            "y": 2252
          },
          {
            "x": 926,
            "y": 2251
          },
          {
            "x": 925,
            "y": 2250
          },
          {
            "x": 925,
            "y": 2249
          },
          {
            "x": 921,
            "y": 2245
          },
          {
            "x": 921,
            "y": 2244
          },
          {
            "x": 919,
            "y": 2242
          },
          {
            "x": 919,
            "y": 2241
          },
          {
            "x": 918,
            "y": 2241
          },
          {
            "x": 917,
            "y": 2240
          },
          {
            "x": 917,
            "y": 2239
          },
          {
            "x": 915,
            "y": 2237
          },
          {
            "x": 915,
            "y": 2236
          },
          {
            "x": 913,
            "y": 2234
          },
          {
            "x": 913,
            "y": 2233
          },
          {
            "x": 912,
            "y": 2233
          },
          {
            "x": 907,
            "y": 2228
          },
          {
            "x": 907,
            "y": 2227
          },
          {
            "x": 906,
            "y": 2227
          },
          {
            "x": 905,
            "y": 2226
          },
          {
            "x": 904,
            "y": 2226
          },
          {
            "x": 902,
            "y": 2224
          },
          {
            "x": 901,
            "y": 2224
          },
          {
            "x": 900,
            "y": 2223
          },
          {
            "x": 899,
            "y": 2223
          },
          {
            "x": 897,
            "y": 2221
          },
          {
            "x": 896,
            "y": 2221
          },
          {
            "x": 893,
            "y": 2218
          },
          {
            "x": 892,
            "y": 2218
          },
          {
            "x": 891,
            "y": 2217
          },
          {
            "x": 891,
            "y": 2216
          },
          {
            "x": 890,
            "y": 2215
          },
          {
            "x": 889,
            "y": 2215
          },
          {
            "x": 888,
            "y": 2214
          },
          {
            "x": 887,
            "y": 2214
          },
          {
            "x": 884,
            "y": 2211
          },
          {
            "x": 883,
            "y": 2211
          },
          {
            "x": 881,
            "y": 2209
          },
          {
            "x": 880,
            "y": 2209
          },
          {
            "x": 878,
            "y": 2207
          },
          {
            "x": 876,
            "y": 2207
          },
          {
            "x": 875,
            "y": 2206
          },
          {
            "x": 866,
            "y": 2206
          },
          {
            "x": 865,
            "y": 2207
          },
          {
            "x": 863,
            "y": 2207
          },
          {
            "x": 862,
            "y": 2208
          },
          {
            "x": 859,
            "y": 2208
          },
          {
            "x": 858,
            "y": 2209
          },
          {
            "x": 854,
            "y": 2209
          },
          {
            "x": 853,
            "y": 2210
          },
          {
            "x": 852,
            "y": 2210
          },
          {
            "x": 849,
            "y": 2213
          },
          {
            "x": 848,
            "y": 2213
          },
          {
            "x": 845,
            "y": 2216
          },
          {
            "x": 844,
            "y": 2216
          },
          {
            "x": 844,
            "y": 2217
          },
          {
            "x": 843,
            "y": 2218
          },
          {
            "x": 842,
            "y": 2218
          },
          {
            "x": 840,
            "y": 2220
          },
          {
            "x": 839,
            "y": 2220
          },
          {
            "x": 834,
            "y": 2225
          },
          {
            "x": 833,
            "y": 2225
          },
          {
            "x": 826,
            "y": 2232
          },
          {
            "x": 825,
            "y": 2232
          },
          {
            "x": 818,
            "y": 2239
          },
          {
            "x": 817,
            "y": 2239
          },
          {
            "x": 817,
            "y": 2240
          },
          {
            "x": 815,
            "y": 2242
          },
          {
            "x": 814,
            "y": 2242
          }
        ]
      }
    },
    {
      "annotator": {
        "email": "order@bex.kg",
        "full_name": "Zhaparova  Nurzhan"
      },
      "name": "Building Polygon",
      "polygon": {
        "path": [
          {
            "x": 2847.08,
            "y": 766.95
          },
          {
            "x": 2310.75,
            "y": 1196.02
          },
          {
            "x": 2146.01,
            "y": 1004.47
          },
          {
            "x": 1621.17,
            "y": 1360.75
          },
          {
            "x": 1452.61,
            "y": 1498.66
          },
          {
            "x": 1586.69,
            "y": 1663.39
          },
          {
            "x": 1655.65,
            "y": 1617.42
          },
          {
            "x": 2098.36,
            "y": 2131.81
          },
          {
            "x": 2968.77,
            "y": 3174.12
          },
          {
            "x": 3505.86,
            "y": 2685.85
          },
          {
            "x": 3669.41,
            "y": 2527.59
          },
          {
            "x": 3706.34,
            "y": 2522.31
          },
          {
            "x": 3933.19,
            "y": 2332.39
          },
          {
            "x": 4181.14,
            "y": 2617.27
          },
          {
            "x": 4233.89,
            "y": 2596.17
          },
          {
            "x": 4313.03,
            "y": 2691.13
          },
          {
            "x": 4392.16,
            "y": 2648.93
          },
          {
            "x": 4471.29,
            "y": 2643.65
          },
          {
            "x": 4497.67,
            "y": 2580.34
          },
          {
            "x": 4555.7,
            "y": 2638.37
          },
          {
            "x": 4719.25,
            "y": 2490.66
          },
          {
            "x": 4745.62,
            "y": 2474.83
          },
          {
            "x": 4845.86,
            "y": 2474.83
          },
          {
            "x": 4882.79,
            "y": 2453.73
          },
          {
            "x": 4940.82,
            "y": 2459.0
          },
          {
            "x": 5199.32,
            "y": 2205.78
          },
          {
            "x": 5236.25,
            "y": 2200.5
          },
          {
            "x": 5304.84,
            "y": 2147.75
          },
          {
            "x": 5347.04,
            "y": 2211.05
          },
          {
            "x": 5463.1,
            "y": 2205.78
          },
          {
            "x": 5482.1,
            "y": 719.24
          },
          {
            "x": 5407.33,
            "y": 617.77
          },
          {
            "x": 5471.42,
            "y": 559.02
          },
          {
            "x": 5471.42,
            "y": 324.04
          },
          {
            "x": 5364.61,
            "y": 163.82
          },
          {
            "x": 5284.5,
            "y": 174.5
          },
          {
            "x": 5141.94,
            "y": -2.52
          },
          {
            "x": 5039.66,
            "y": -5.21
          },
          {
            "x": 4697.83,
            "y": 263.95
          },
          {
            "x": 4676.29,
            "y": 261.26
          },
          {
            "x": 4652.07,
            "y": 274.72
          },
          {
            "x": 4595.55,
            "y": 196.66
          },
          {
            "x": 4557.86,
            "y": 223.58
          },
          {
            "x": 4506.72,
            "y": 153.59
          },
          {
            "x": 4652.07,
            "y": 27.09
          },
          {
            "x": 4637.12,
            "y": -10.3
          },
          {
            "x": 3724.96,
            "y": -10.3
          },
          {
            "x": 3523.08,
            "y": 124.29
          },
          {
            "x": 3448.32,
            "y": 57.0
          },
          {
            "x": 2775.89,
            "y": 555.23
          },
          {
            "x": 2751.37,
            "y": 626.08
          }
        ]
      }
    },
    {
      "annotator": {
        "email": "order@bex.kg",
        "full_name": "Zhaparova  Nurzhan"
      },
      "bounding_box": {
        "h": 188.48,
        "w": 151.71,
        "x": 813.79,
        "y": 441.21
      },
      "name": "Street light"
    },
    {
      "annotator": {
        "email": "order@bex.kg",
        "full_name": "Zhaparova  Nurzhan"
      },
      "bounding_box": {
        "h": 96.54,
        "w": 110.33,
        "x": 2537.73,
        "y": 188.36
      },
      "name": "Road Sign "
    },
    {
      "annotator": {
        "email": "order@bex.kg",
        "full_name": "Zhaparova  Nurzhan"
      },
      "name": "Road ",
      "polygon": {
        "path": [
          {
            "x": 2847.08,
            "y": 766.95
          },
          {
            "x": 2567.42,
            "y": 931.68
          },
          {
            "x": 2463.99,
            "y": 594.55
          }
        ]
      }
    }
  ]
}