{
  "image": {
    "width": 5472,
    "height": 3648,
    "filename": "00000072.JPG",
    "original_filename": "EP-00-00012_0119_0029.JPG",
    "url": "https://darwin.v7labs.com/api/images/1221673/original?token=43ffe058-ebd2-4afa-8955-89cf45e925a6",
    "thumbnail_url": "https://darwin.v7labs.com/api/images/1221673/thumbnail?token=43ffe058-ebd2-4afa-8955-89cf45e925a6",
    "workview_url": "https://darwin.v7labs.com/workview?dataset=1190&image=72"
  },
  "dataset": "Mapping_1",
  "annotated": true,
  "annotations": [
    {
      "annotator": {
        "email": "order@bex.kg",
        "full_name": "Zhaparova  Nurzhan"
      },
      "name": "Building Polygon",
      "polygon": {
        "path": [
          {
            "x": 1236.49,
            "y": 429.23
          },
          {
            "x": 2214.86,
            "y": 50.67
          },
          {
            "x": 2801.14,
            "y": 1230.48
          },
          {
            "x": 3047.24,
            "y": 1737.14
          },
          {
            "x": 3032.02,
            "y": 1763.29
          },
          {
            "x": 3087.42,
            "y": 1866.69
          },
          {
            "x": 2197.43,
            "y": 2324.61
          },
          {
            "x": 2130.95,
            "y": 2195.36
          },
          {
            "x": 2072.42,
            "y": 2076.81
          },
          {
            "x": 1820.75,
            "y": 2206.44
          },
          {
            "x": 1719.01,
            "y": 2013.85
          },
          {
            "x": 1964.77,
            "y": 1896.23
          },
          {
            "x": 1750.59,
            "y": 1456.78
          },
          {
            "x": 1511.22,
            "y": 1005.01
          }
        ]
      }
    },
    {
      "annotator": {
        "email": "order@bex.kg",
        "full_name": "Zhaparova  Nurzhan"
      },
      "bounding_box": {
        "h": 131.89,
        "w": 195.2,
        "x": 4349.78,
        "y": 1263.33
      },
      "name": "Vehicle "
    },
    {
      "annotator": {
        "email": "order@bex.kg",
        "full_name": "Zhaparova  Nurzhan"
      },
      "bounding_box": {
        "h": 137.17,
        "w": 158.27,
        "x": 4318.13,
        "y": 693.57
      },
      "name": "Vehicle "
    },
    {
      "annotator": {
        "email": "order@bex.kg",
        "full_name": "Zhaparova  Nurzhan"
      },
      "bounding_box": {
        "h": 174.09,
        "w": 200.47,
        "x": 3104.75,
        "y": 1221.13
      },
      "name": "Vehicle "
    },
    {
      "annotator": {
        "email": "order@bex.kg",
        "full_name": "Zhaparova  Nurzhan"
      },
      "name": "Tree Polygon ",
      "polygon": {
        "path": [
          {
            "x": 2165,
            "y": 3458
          },
          {
            "x": 2164,
            "y": 3458
          },
          {
            "x": 2163,
            "y": 3457
          },
          {
            "x": 2163,
            "y": 3456
          },
          {
            "x": 2162,
            "y": 3455
          },
          {
            "x": 2162,
            "y": 3454
          },
          {
            "x": 2160,
            "y": 3452.0
          },
          {
            "x": 2160,
            "y": 3450
          },
          {
            "x": 2156,
            "y": 3446
          },
          {
            "x": 2155,
            "y": 3446
          },
          {
            "x": 2151,
            "y": 3442
          },
          {
            "x": 2151,
            "y": 3441
          },
          {
            "x": 2150,
            "y": 3440
          },
          {
            "x": 2149,
            "y": 3440
          },
          {
            "x": 2147,
            "y": 3438
          },
          {
            "x": 2146,
            "y": 3438
          },
          {
            "x": 2143,
            "y": 3435.0
          },
          {
            "x": 2142,
            "y": 3435.0
          },
          {
            "x": 2140,
            "y": 3433
          },
          {
            "x": 2140,
            "y": 3432
          },
          {
            "x": 2138,
            "y": 3430
          },
          {
            "x": 2137,
            "y": 3430
          },
          {
            "x": 2135,
            "y": 3428
          },
          {
            "x": 2134,
            "y": 3428
          },
          {
            "x": 2132,
            "y": 3426
          },
          {
            "x": 2131,
            "y": 3426
          },
          {
            "x": 2129,
            "y": 3424
          },
          {
            "x": 2129,
            "y": 3423
          },
          {
            "x": 2127,
            "y": 3423
          },
          {
            "x": 2122,
            "y": 3418
          },
          {
            "x": 2122,
            "y": 3417.0
          },
          {
            "x": 2120,
            "y": 3415
          },
          {
            "x": 2120,
            "y": 3414
          },
          {
            "x": 2119,
            "y": 3414
          },
          {
            "x": 2116,
            "y": 3411
          },
          {
            "x": 2116,
            "y": 3410
          },
          {
            "x": 2112,
            "y": 3406
          },
          {
            "x": 2112,
            "y": 3404
          },
          {
            "x": 2111,
            "y": 3403
          },
          {
            "x": 2110,
            "y": 3403
          },
          {
            "x": 2108,
            "y": 3401
          },
          {
            "x": 2108,
            "y": 3400
          },
          {
            "x": 2105,
            "y": 3397
          },
          {
            "x": 2105,
            "y": 3396
          },
          {
            "x": 2104,
            "y": 3395
          },
          {
            "x": 2104,
            "y": 3394
          },
          {
            "x": 2102,
            "y": 3392
          },
          {
            "x": 2101,
            "y": 3392
          },
          {
            "x": 2098,
            "y": 3389
          },
          {
            "x": 2098,
            "y": 3387
          },
          {
            "x": 2094,
            "y": 3383
          },
          {
            "x": 2092,
            "y": 3383
          },
          {
            "x": 2090,
            "y": 3381.0
          },
          {
            "x": 2089,
            "y": 3381.0
          },
          {
            "x": 2087,
            "y": 3379
          },
          {
            "x": 2087,
            "y": 3378
          },
          {
            "x": 2086,
            "y": 3377
          },
          {
            "x": 2086,
            "y": 3376
          },
          {
            "x": 2085,
            "y": 3375
          },
          {
            "x": 2085,
            "y": 3374
          },
          {
            "x": 2084,
            "y": 3374
          },
          {
            "x": 2083,
            "y": 3373
          },
          {
            "x": 2083,
            "y": 3372
          },
          {
            "x": 2082,
            "y": 3371
          },
          {
            "x": 2082,
            "y": 3369
          },
          {
            "x": 2078,
            "y": 3365
          },
          {
            "x": 2077,
            "y": 3365
          },
          {
            "x": 2076,
            "y": 3364
          },
          {
            "x": 2075,
            "y": 3364
          },
          {
            "x": 2073,
            "y": 3362.0
          },
          {
            "x": 2073,
            "y": 3361
          },
          {
            "x": 2072,
            "y": 3361
          },
          {
            "x": 2067,
            "y": 3356
          },
          {
            "x": 2066,
            "y": 3356
          },
          {
            "x": 2063,
            "y": 3353
          },
          {
            "x": 2063,
            "y": 3352
          },
          {
            "x": 2061,
            "y": 3350
          },
          {
            "x": 2060,
            "y": 3350
          },
          {
            "x": 2058,
            "y": 3348
          },
          {
            "x": 2057,
            "y": 3348
          },
          {
            "x": 2053,
            "y": 3344.0
          },
          {
            "x": 2053,
            "y": 3343.0
          },
          {
            "x": 2049,
            "y": 3339
          },
          {
            "x": 2047,
            "y": 3339
          },
          {
            "x": 2046,
            "y": 3338
          },
          {
            "x": 2044,
            "y": 3338
          },
          {
            "x": 2043.0,
            "y": 3337
          },
          {
            "x": 2030,
            "y": 3337
          },
          {
            "x": 2029,
            "y": 3338
          },
          {
            "x": 2028,
            "y": 3338
          },
          {
            "x": 2027,
            "y": 3339
          },
          {
            "x": 2026,
            "y": 3339
          },
          {
            "x": 2024,
            "y": 3341
          },
          {
            "x": 2023,
            "y": 3341
          },
          {
            "x": 2022,
            "y": 3342
          },
          {
            "x": 2020,
            "y": 3342
          },
          {
            "x": 2019,
            "y": 3343.0
          },
          {
            "x": 2019,
            "y": 3344.0
          },
          {
            "x": 2017,
            "y": 3346
          },
          {
            "x": 2016.0,
            "y": 3346
          },
          {
            "x": 2013,
            "y": 3349
          },
          {
            "x": 2011,
            "y": 3349
          },
          {
            "x": 2009,
            "y": 3351
          },
          {
            "x": 2008,
            "y": 3351
          },
          {
            "x": 2007.0,
            "y": 3352
          },
          {
            "x": 2007.0,
            "y": 3354
          },
          {
            "x": 2005,
            "y": 3356
          },
          {
            "x": 2005,
            "y": 3357
          },
          {
            "x": 2004,
            "y": 3358
          },
          {
            "x": 2003,
            "y": 3358
          },
          {
            "x": 2000,
            "y": 3361
          },
          {
            "x": 1999,
            "y": 3361
          },
          {
            "x": 1999,
            "y": 3362.0
          },
          {
            "x": 1998.0,
            "y": 3363
          },
          {
            "x": 1997,
            "y": 3363
          },
          {
            "x": 1995,
            "y": 3365
          },
          {
            "x": 1993,
            "y": 3365
          },
          {
            "x": 1989.0,
            "y": 3369
          },
          {
            "x": 1989.0,
            "y": 3370
          },
          {
            "x": 1988,
            "y": 3371
          },
          {
            "x": 1986,
            "y": 3371
          },
          {
            "x": 1985,
            "y": 3372
          },
          {
            "x": 1984,
            "y": 3372
          },
          {
            "x": 1983,
            "y": 3373
          },
          {
            "x": 1982,
            "y": 3373
          },
          {
            "x": 1979,
            "y": 3376
          },
          {
            "x": 1977,
            "y": 3376
          },
          {
            "x": 1976,
            "y": 3377
          },
          {
            "x": 1975,
            "y": 3377
          },
          {
            "x": 1974,
            "y": 3378
          },
          {
            "x": 1958,
            "y": 3378
          },
          {
            "x": 1958,
            "y": 3379
          },
          {
            "x": 1957,
            "y": 3380.0
          },
          {
            "x": 1954,
            "y": 3380.0
          },
          {
            "x": 1953.0,
            "y": 3381.0
          },
          {
            "x": 1952,
            "y": 3381.0
          },
          {
            "x": 1951,
            "y": 3382
          },
          {
            "x": 1948,
            "y": 3382
          },
          {
            "x": 1947,
            "y": 3383
          },
          {
            "x": 1946,
            "y": 3383
          },
          {
            "x": 1945,
            "y": 3384
          },
          {
            "x": 1943,
            "y": 3384
          },
          {
            "x": 1942,
            "y": 3385
          },
          {
            "x": 1940,
            "y": 3385
          },
          {
            "x": 1939,
            "y": 3386
          },
          {
            "x": 1938,
            "y": 3386
          },
          {
            "x": 1937,
            "y": 3387
          },
          {
            "x": 1936,
            "y": 3387
          },
          {
            "x": 1936,
            "y": 3388
          },
          {
            "x": 1935.0,
            "y": 3389
          },
          {
            "x": 1934,
            "y": 3389
          },
          {
            "x": 1933,
            "y": 3390
          },
          {
            "x": 1931,
            "y": 3390
          },
          {
            "x": 1930,
            "y": 3391
          },
          {
            "x": 1929,
            "y": 3391
          },
          {
            "x": 1928,
            "y": 3392
          },
          {
            "x": 1927,
            "y": 3392
          },
          {
            "x": 1926.0,
            "y": 3393
          },
          {
            "x": 1925,
            "y": 3393
          },
          {
            "x": 1924,
            "y": 3394
          },
          {
            "x": 1922,
            "y": 3394
          },
          {
            "x": 1920,
            "y": 3396
          },
          {
            "x": 1919,
            "y": 3396
          },
          {
            "x": 1919,
            "y": 3397
          },
          {
            "x": 1918,
            "y": 3398.0
          },
          {
            "x": 1917.0,
            "y": 3398.0
          },
          {
            "x": 1915,
            "y": 3400
          },
          {
            "x": 1913,
            "y": 3400
          },
          {
            "x": 1912,
            "y": 3401
          },
          {
            "x": 1911,
            "y": 3401
          },
          {
            "x": 1910,
            "y": 3402
          },
          {
            "x": 1909,
            "y": 3402
          },
          {
            "x": 1906,
            "y": 3405
          },
          {
            "x": 1905,
            "y": 3405
          },
          {
            "x": 1905,
            "y": 3406
          },
          {
            "x": 1904,
            "y": 3407
          },
          {
            "x": 1903,
            "y": 3407
          },
          {
            "x": 1901,
            "y": 3409
          },
          {
            "x": 1900,
            "y": 3409
          },
          {
            "x": 1899,
            "y": 3410
          },
          {
            "x": 1898.0,
            "y": 3410
          },
          {
            "x": 1897,
            "y": 3411
          },
          {
            "x": 1896,
            "y": 3411
          },
          {
            "x": 1895,
            "y": 3412
          },
          {
            "x": 1894,
            "y": 3412
          },
          {
            "x": 1893,
            "y": 3413
          },
          {
            "x": 1892,
            "y": 3413
          },
          {
            "x": 1891,
            "y": 3414
          },
          {
            "x": 1890,
            "y": 3414
          },
          {
            "x": 1890,
            "y": 3415
          },
          {
            "x": 1889.0,
            "y": 3416.0
          },
          {
            "x": 1887,
            "y": 3416.0
          },
          {
            "x": 1886,
            "y": 3417.0
          },
          {
            "x": 1885,
            "y": 3417.0
          },
          {
            "x": 1884,
            "y": 3418
          },
          {
            "x": 1883,
            "y": 3418
          },
          {
            "x": 1881,
            "y": 3420
          },
          {
            "x": 1879,
            "y": 3420
          },
          {
            "x": 1878,
            "y": 3421
          },
          {
            "x": 1877,
            "y": 3421
          },
          {
            "x": 1875,
            "y": 3423
          },
          {
            "x": 1874,
            "y": 3423
          },
          {
            "x": 1874,
            "y": 3424
          },
          {
            "x": 1873,
            "y": 3425
          },
          {
            "x": 1872,
            "y": 3425
          },
          {
            "x": 1871.0,
            "y": 3426
          },
          {
            "x": 1870,
            "y": 3426
          },
          {
            "x": 1869,
            "y": 3427
          },
          {
            "x": 1868,
            "y": 3427
          },
          {
            "x": 1867,
            "y": 3428
          },
          {
            "x": 1866,
            "y": 3428
          },
          {
            "x": 1865,
            "y": 3429
          },
          {
            "x": 1864,
            "y": 3429
          },
          {
            "x": 1863,
            "y": 3430
          },
          {
            "x": 1861,
            "y": 3430
          },
          {
            "x": 1859,
            "y": 3432
          },
          {
            "x": 1858,
            "y": 3432
          },
          {
            "x": 1858,
            "y": 3433
          },
          {
            "x": 1856,
            "y": 3435.0
          },
          {
            "x": 1855,
            "y": 3435.0
          },
          {
            "x": 1854,
            "y": 3436
          },
          {
            "x": 1852,
            "y": 3436
          },
          {
            "x": 1851,
            "y": 3437
          },
          {
            "x": 1850,
            "y": 3437
          },
          {
            "x": 1848,
            "y": 3439
          },
          {
            "x": 1847,
            "y": 3439
          },
          {
            "x": 1845,
            "y": 3441
          },
          {
            "x": 1843,
            "y": 3441
          },
          {
            "x": 1843,
            "y": 3442
          },
          {
            "x": 1841,
            "y": 3444
          },
          {
            "x": 1840,
            "y": 3444
          },
          {
            "x": 1838,
            "y": 3446
          },
          {
            "x": 1837,
            "y": 3446
          },
          {
            "x": 1837,
            "y": 3447
          },
          {
            "x": 1835.0,
            "y": 3449
          },
          {
            "x": 1834,
            "y": 3449
          },
          {
            "x": 1833,
            "y": 3450
          },
          {
            "x": 1833,
            "y": 3457
          },
          {
            "x": 1832,
            "y": 3458
          },
          {
            "x": 1832,
            "y": 3465
          },
          {
            "x": 1831,
            "y": 3466
          },
          {
            "x": 1831,
            "y": 3470.0
          },
          {
            "x": 1830,
            "y": 3471.0
          },
          {
            "x": 1830,
            "y": 3473
          },
          {
            "x": 1829,
            "y": 3474
          },
          {
            "x": 1829,
            "y": 3475
          },
          {
            "x": 1828,
            "y": 3476
          },
          {
            "x": 1828,
            "y": 3478
          },
          {
            "x": 1827,
            "y": 3479
          },
          {
            "x": 1827,
            "y": 3480
          },
          {
            "x": 1826.0,
            "y": 3481
          },
          {
            "x": 1825,
            "y": 3481
          },
          {
            "x": 1825,
            "y": 3482
          },
          {
            "x": 1824,
            "y": 3483
          },
          {
            "x": 1824,
            "y": 3484
          },
          {
            "x": 1823,
            "y": 3485
          },
          {
            "x": 1823,
            "y": 3487
          },
          {
            "x": 1822,
            "y": 3488.0
          },
          {
            "x": 1822,
            "y": 3489.0
          },
          {
            "x": 1820,
            "y": 3491
          },
          {
            "x": 1820,
            "y": 3492
          },
          {
            "x": 1818,
            "y": 3494
          },
          {
            "x": 1818,
            "y": 3495
          },
          {
            "x": 1817.0,
            "y": 3496
          },
          {
            "x": 1816,
            "y": 3496
          },
          {
            "x": 1815,
            "y": 3497
          },
          {
            "x": 1814,
            "y": 3497
          },
          {
            "x": 1811,
            "y": 3500
          },
          {
            "x": 1810,
            "y": 3500
          },
          {
            "x": 1808.0,
            "y": 3502
          },
          {
            "x": 1807,
            "y": 3502
          },
          {
            "x": 1806,
            "y": 3503
          },
          {
            "x": 1806,
            "y": 3504
          },
          {
            "x": 1801,
            "y": 3509
          },
          {
            "x": 1801,
            "y": 3510
          },
          {
            "x": 1800,
            "y": 3511
          },
          {
            "x": 1800,
            "y": 3513
          },
          {
            "x": 1799.0,
            "y": 3514
          },
          {
            "x": 1798,
            "y": 3514
          },
          {
            "x": 1798,
            "y": 3515
          },
          {
            "x": 1795,
            "y": 3518
          },
          {
            "x": 1795,
            "y": 3519
          },
          {
            "x": 1793,
            "y": 3521
          },
          {
            "x": 1793,
            "y": 3522
          },
          {
            "x": 1792,
            "y": 3523
          },
          {
            "x": 1792,
            "y": 3524
          },
          {
            "x": 1790.0,
            "y": 3526.0
          },
          {
            "x": 1789,
            "y": 3526.0
          },
          {
            "x": 1789,
            "y": 3527
          },
          {
            "x": 1788,
            "y": 3528
          },
          {
            "x": 1788,
            "y": 3532
          },
          {
            "x": 1787,
            "y": 3533
          },
          {
            "x": 1787,
            "y": 3550
          },
          {
            "x": 1788,
            "y": 3551
          },
          {
            "x": 1788,
            "y": 3555
          },
          {
            "x": 1789,
            "y": 3556
          },
          {
            "x": 1789,
            "y": 3559
          },
          {
            "x": 1790.0,
            "y": 3559
          },
          {
            "x": 1791,
            "y": 3560
          },
          {
            "x": 1791,
            "y": 3562.0
          },
          {
            "x": 1792,
            "y": 3563
          },
          {
            "x": 1792,
            "y": 3565
          },
          {
            "x": 1793,
            "y": 3566
          },
          {
            "x": 1793,
            "y": 3568
          },
          {
            "x": 1794,
            "y": 3569
          },
          {
            "x": 1794,
            "y": 3570
          },
          {
            "x": 1795,
            "y": 3571
          },
          {
            "x": 1795,
            "y": 3572
          },
          {
            "x": 1796,
            "y": 3573
          },
          {
            "x": 1796,
            "y": 3574
          },
          {
            "x": 1797,
            "y": 3575
          },
          {
            "x": 1797,
            "y": 3576
          },
          {
            "x": 1798,
            "y": 3577
          },
          {
            "x": 1798,
            "y": 3579.0
          },
          {
            "x": 1799.0,
            "y": 3579.0
          },
          {
            "x": 1800,
            "y": 3580.0
          },
          {
            "x": 1800,
            "y": 3581
          },
          {
            "x": 1801,
            "y": 3582
          },
          {
            "x": 1801,
            "y": 3584
          },
          {
            "x": 1802,
            "y": 3585
          },
          {
            "x": 1802,
            "y": 3586
          },
          {
            "x": 1803,
            "y": 3587
          },
          {
            "x": 1803,
            "y": 3588
          },
          {
            "x": 1804,
            "y": 3589
          },
          {
            "x": 1804,
            "y": 3591
          },
          {
            "x": 1805,
            "y": 3592
          },
          {
            "x": 1805,
            "y": 3594
          },
          {
            "x": 1806,
            "y": 3595
          },
          {
            "x": 1806,
            "y": 3596
          },
          {
            "x": 1807,
            "y": 3597.0
          },
          {
            "x": 1807,
            "y": 3598.0
          },
          {
            "x": 1808.0,
            "y": 3598.0
          },
          {
            "x": 1809,
            "y": 3599
          },
          {
            "x": 1809,
            "y": 3600
          },
          {
            "x": 1810,
            "y": 3601
          },
          {
            "x": 1810,
            "y": 3603
          },
          {
            "x": 1811,
            "y": 3604
          },
          {
            "x": 1811,
            "y": 3606
          },
          {
            "x": 1812,
            "y": 3607
          },
          {
            "x": 1812,
            "y": 3608
          },
          {
            "x": 1813,
            "y": 3609
          },
          {
            "x": 1813,
            "y": 3613
          },
          {
            "x": 1814,
            "y": 3614
          },
          {
            "x": 1814,
            "y": 3616.0
          },
          {
            "x": 1815,
            "y": 3617
          },
          {
            "x": 1815,
            "y": 3618
          },
          {
            "x": 1816,
            "y": 3619
          },
          {
            "x": 1816,
            "y": 3622
          },
          {
            "x": 1817.0,
            "y": 3622
          },
          {
            "x": 1819,
            "y": 3624
          },
          {
            "x": 1819,
            "y": 3625
          },
          {
            "x": 1820,
            "y": 3626
          },
          {
            "x": 1820,
            "y": 3627
          },
          {
            "x": 1821,
            "y": 3628
          },
          {
            "x": 1821,
            "y": 3629
          },
          {
            "x": 1822,
            "y": 3630
          },
          {
            "x": 1822,
            "y": 3631
          },
          {
            "x": 1823,
            "y": 3632
          },
          {
            "x": 1823,
            "y": 3633.0
          },
          {
            "x": 1825,
            "y": 3635
          },
          {
            "x": 1825,
            "y": 3636
          },
          {
            "x": 1826.0,
            "y": 3636
          },
          {
            "x": 1827,
            "y": 3637
          },
          {
            "x": 1827,
            "y": 3638
          },
          {
            "x": 1829,
            "y": 3640
          },
          {
            "x": 1829,
            "y": 3641
          },
          {
            "x": 1832,
            "y": 3644
          },
          {
            "x": 1833,
            "y": 3644
          },
          {
            "x": 1834,
            "y": 3645
          },
          {
            "x": 1836,
            "y": 3645
          },
          {
            "x": 1837,
            "y": 3646
          },
          {
            "x": 2168,
            "y": 3646
          },
          {
            "x": 2171,
            "y": 3643
          },
          {
            "x": 2171,
            "y": 3642
          },
          {
            "x": 2172,
            "y": 3641
          },
          {
            "x": 2172,
            "y": 3640
          },
          {
            "x": 2173,
            "y": 3639
          },
          {
            "x": 2174,
            "y": 3639
          },
          {
            "x": 2174,
            "y": 3637
          },
          {
            "x": 2175,
            "y": 3636
          },
          {
            "x": 2175,
            "y": 3635
          },
          {
            "x": 2176,
            "y": 3634.0
          },
          {
            "x": 2176,
            "y": 3633.0
          },
          {
            "x": 2178,
            "y": 3631
          },
          {
            "x": 2178,
            "y": 3630
          },
          {
            "x": 2179,
            "y": 3629
          },
          {
            "x": 2179,
            "y": 3628
          },
          {
            "x": 2180,
            "y": 3627
          },
          {
            "x": 2180,
            "y": 3626
          },
          {
            "x": 2181,
            "y": 3625
          },
          {
            "x": 2181,
            "y": 3624
          },
          {
            "x": 2182,
            "y": 3623
          },
          {
            "x": 2183,
            "y": 3623
          },
          {
            "x": 2183,
            "y": 3621
          },
          {
            "x": 2184,
            "y": 3620
          },
          {
            "x": 2184,
            "y": 3615.0
          },
          {
            "x": 2185,
            "y": 3614
          },
          {
            "x": 2185,
            "y": 3609
          },
          {
            "x": 2186,
            "y": 3608
          },
          {
            "x": 2186,
            "y": 3605
          },
          {
            "x": 2187,
            "y": 3604
          },
          {
            "x": 2187,
            "y": 3601
          },
          {
            "x": 2188,
            "y": 3600
          },
          {
            "x": 2188,
            "y": 3599
          },
          {
            "x": 2189,
            "y": 3598.0
          },
          {
            "x": 2189,
            "y": 3595
          },
          {
            "x": 2190,
            "y": 3594
          },
          {
            "x": 2190,
            "y": 3566
          },
          {
            "x": 2189,
            "y": 3565
          },
          {
            "x": 2189,
            "y": 3562.0
          },
          {
            "x": 2188,
            "y": 3561.0
          },
          {
            "x": 2188,
            "y": 3557
          },
          {
            "x": 2187,
            "y": 3556
          },
          {
            "x": 2187,
            "y": 3553
          },
          {
            "x": 2186,
            "y": 3552
          },
          {
            "x": 2186,
            "y": 3550
          },
          {
            "x": 2185,
            "y": 3549
          },
          {
            "x": 2185,
            "y": 3546
          },
          {
            "x": 2184,
            "y": 3545
          },
          {
            "x": 2184,
            "y": 3543.0
          },
          {
            "x": 2183,
            "y": 3542
          },
          {
            "x": 2183,
            "y": 3539
          },
          {
            "x": 2182,
            "y": 3539
          },
          {
            "x": 2181,
            "y": 3538
          },
          {
            "x": 2181,
            "y": 3537
          },
          {
            "x": 2180,
            "y": 3536
          },
          {
            "x": 2180,
            "y": 3534
          },
          {
            "x": 2179,
            "y": 3533
          },
          {
            "x": 2179,
            "y": 3530
          },
          {
            "x": 2178,
            "y": 3529
          },
          {
            "x": 2178,
            "y": 3525.0
          },
          {
            "x": 2177,
            "y": 3524
          },
          {
            "x": 2177,
            "y": 3516
          },
          {
            "x": 2176,
            "y": 3515
          },
          {
            "x": 2176,
            "y": 3500
          },
          {
            "x": 2175,
            "y": 3499
          },
          {
            "x": 2175,
            "y": 3497
          },
          {
            "x": 2174,
            "y": 3496
          },
          {
            "x": 2174,
            "y": 3493
          },
          {
            "x": 2173,
            "y": 3493
          },
          {
            "x": 2172,
            "y": 3492
          },
          {
            "x": 2172,
            "y": 3490
          },
          {
            "x": 2171,
            "y": 3489.0
          },
          {
            "x": 2171,
            "y": 3487
          },
          {
            "x": 2170,
            "y": 3486
          },
          {
            "x": 2170,
            "y": 3482
          },
          {
            "x": 2169,
            "y": 3481
          },
          {
            "x": 2169,
            "y": 3473
          },
          {
            "x": 2168,
            "y": 3472
          },
          {
            "x": 2168,
            "y": 3467
          },
          {
            "x": 2167,
            "y": 3466
          },
          {
            "x": 2167,
            "y": 3464
          },
          {
            "x": 2166,
            "y": 3463
          },
          {
            "x": 2166,
            "y": 3461
          },
          {
            "x": 2165,
            "y": 3460
          }
        ]
      }
    }
  ]
}