{
  "image": {
    "width": 5472,
    "height": 3648,
    "filename": "00000051.JPG",
    "original_filename": "EP-00-00012_0119_0111.JPG",
    "url": "https://darwin.v7labs.com/api/images/1221777/original?token=b19ef416-03ed-4ae6-a438-a83286cfedf7",
    "thumbnail_url": "https://darwin.v7labs.com/api/images/1221777/thumbnail?token=b19ef416-03ed-4ae6-a438-a83286cfedf7",
    "workview_url": "https://darwin.v7labs.com/workview?dataset=1192&image=51"
  },
  "dataset": "Mapping_3",
  "annotated": true,
  "annotations": [
    {
      "annotator": {
        "email": "corporate@bex.kg",
        "full_name": "Aizada Tynchybek kyzy"
      },
      "name": "Spring field Polygon ",
      "polygon": {
        "path": [
          {
            "x": 2319.05,
            "y": 3645.93
          },
          {
            "x": 2216.72,
            "y": 3334.3
          },
          {
            "x": 2053.06,
            "y": 3095.72
          },
          {
            "x": 1996.08,
            "y": 3019.87
          },
          {
            "x": 1914.16,
            "y": 2893.4
          },
          {
            "x": 1733.13,
            "y": 2580.08
          },
          {
            "x": 1096.0,
            "y": 2804.03
          },
          {
            "x": 606.49,
            "y": 2989.37
          },
          {
            "x": -0.38,
            "y": 3149.29
          },
          {
            "x": 2.08,
            "y": 1588.44
          },
          {
            "x": 302.77,
            "y": 1395.21
          },
          {
            "x": 878.32,
            "y": 1032.42
          },
          {
            "x": 403.92,
            "y": 303.03
          },
          {
            "x": 527.17,
            "y": 221.27
          },
          {
            "x": 496.19,
            "y": 2.97
          },
          {
            "x": 5471.93,
            "y": 0.45
          },
          {
            "x": 5471.86,
            "y": 3647.9
          }
        ]
      }
    }
  ]
}