{
  "image": {
    "width": 5472,
    "height": 3648,
    "filename": "00000075.JPG",
    "original_filename": "EP-00-00012_0119_0032.JPG",
    "url": "https://darwin.v7labs.com/api/images/1221676/original?token=43ffe058-ebd2-4afa-8955-89cf45e925a6",
    "thumbnail_url": "https://darwin.v7labs.com/api/images/1221676/thumbnail?token=43ffe058-ebd2-4afa-8955-89cf45e925a6",
    "workview_url": "https://darwin.v7labs.com/workview?dataset=1190&image=75"
  },
  "dataset": "Mapping_1",
  "annotated": true,
  "annotations": [
    {
      "annotator": {
        "email": "order@bex.kg",
        "full_name": "Zhaparova  Nurzhan"
      },
      "name": "Building Polygon",
      "polygon": {
        "path": [
          {
            "x": 912.3,
            "y": 3646.03
          },
          {
            "x": 694.86,
            "y": 3290.92
          },
          {
            "x": 1795.05,
            "y": 2697.4
          },
          {
            "x": 1664.76,
            "y": 2407.87
          },
          {
            "x": 2729.84,
            "y": 1867.48
          },
          {
            "x": 2698.18,
            "y": 1841.11
          },
          {
            "x": 3136.06,
            "y": 1603.71
          },
          {
            "x": 3035.82,
            "y": 1429.61
          },
          {
            "x": 3093.85,
            "y": 1355.75
          },
          {
            "x": 3442.04,
            "y": 1186.94
          },
          {
            "x": 3325.98,
            "y": 991.74
          },
          {
            "x": 3420.94,
            "y": 902.05
          },
          {
            "x": 4301.96,
            "y": 458.91
          },
          {
            "x": 4528.81,
            "y": 870.4
          },
          {
            "x": 4877.0,
            "y": 1556.23
          },
          {
            "x": 5478.02,
            "y": 2747.49
          },
          {
            "x": 5463.55,
            "y": 3652.4
          }
        ]
      }
    },
    {
      "annotator": {
        "email": "order@bex.kg",
        "full_name": "Zhaparova  Nurzhan"
      },
      "bounding_box": {
        "h": 237.4,
        "w": 142.44,
        "x": 1866.65,
        "y": 871.5
      },
      "name": "Vehicle "
    },
    {
      "annotator": {
        "email": "order@bex.kg",
        "full_name": "Zhaparova  Nurzhan"
      },
      "bounding_box": {
        "h": 232.13,
        "w": 147.72,
        "x": 2072.4,
        "y": 702.68
      },
      "name": "Vehicle "
    },
    {
      "annotator": {
        "email": "order@bex.kg",
        "full_name": "Zhaparova  Nurzhan"
      },
      "bounding_box": {
        "h": 216.3,
        "w": 147.72,
        "x": 3095.86,
        "y": 1071.97
      },
      "name": "Vehicle "
    },
    {
      "annotator": {
        "email": "order@bex.kg",
        "full_name": "Zhaparova  Nurzhan"
      },
      "bounding_box": {
        "h": 131.89,
        "w": 290.16,
        "x": 5172.95,
        "y": 1339.17
      },
      "name": "Vehicle "
    },
    {
      "annotator": {
        "email": "order@bex.kg",
        "full_name": "Zhaparova  Nurzhan"
      },
      "bounding_box": {
        "h": 107.66,
        "w": 201.87,
        "x": 790.92,
        "y": 2130.93
      },
      "name": "Street light"
    }
  ]
}