{
  "image": {
    "width": 1280,
    "height": 853,
    "filename": "00000079.jpg",
    "original_filename": "architecture-booth-buildings-bus-374815.jpg",
    "url": "https://darwin.v7labs.com/api/images/1221780/original?token=43ffe058-ebd2-4afa-8955-89cf45e925a6",
    "thumbnail_url": "https://darwin.v7labs.com/api/images/1221780/thumbnail?token=43ffe058-ebd2-4afa-8955-89cf45e925a6",
    "workview_url": "https://darwin.v7labs.com/workview?dataset=1190&image=79"
  },
  "dataset": "Mapping_1",
  "annotated": true,
  "annotations": [
    {
      "annotator": {
        "email": "order@bex.kg",
        "full_name": "Zhaparova  Nurzhan"
      },
      "name": "Vehicle Polygon ",
      "polygon": {
        "path": [
          {
            "x": 389,
            "y": 505
          },
          {
            "x": 386,
            "y": 502
          },
          {
            "x": 385.0,
            "y": 502
          },
          {
            "x": 384,
            "y": 501
          },
          {
            "x": 383,
            "y": 501
          },
          {
            "x": 382.0,
            "y": 500.0
          },
          {
            "x": 381,
            "y": 500.0
          },
          {
            "x": 380.0,
            "y": 499
          },
          {
            "x": 377.0,
            "y": 499
          },
          {
            "x": 376,
            "y": 498.0
          },
          {
            "x": 375,
            "y": 498.0
          },
          {
            "x": 374.0,
            "y": 497
          },
          {
            "x": 372.0,
            "y": 497
          },
          {
            "x": 371,
            "y": 496
          },
          {
            "x": 364.0,
            "y": 496
          },
          {
            "x": 363,
            "y": 495.0
          },
          {
            "x": 359.0,
            "y": 495.0
          },
          {
            "x": 358,
            "y": 494
          },
          {
            "x": 351.0,
            "y": 494
          },
          {
            "x": 350,
            "y": 493.0
          },
          {
            "x": 344.0,
            "y": 493.0
          },
          {
            "x": 343.0,
            "y": 492
          },
          {
            "x": 337,
            "y": 492
          },
          {
            "x": 336.0,
            "y": 491
          },
          {
            "x": 314,
            "y": 491
          },
          {
            "x": 313.0,
            "y": 490.0
          },
          {
            "x": 299,
            "y": 490.0
          },
          {
            "x": 298,
            "y": 489
          },
          {
            "x": 272.0,
            "y": 489
          },
          {
            "x": 271.0,
            "y": 490.0
          },
          {
            "x": 261.0,
            "y": 490.0
          },
          {
            "x": 260,
            "y": 489
          },
          {
            "x": 257,
            "y": 489
          },
          {
            "x": 256.0,
            "y": 490.0
          },
          {
            "x": 247,
            "y": 490.0
          },
          {
            "x": 246.0,
            "y": 491
          },
          {
            "x": 232.0,
            "y": 491
          },
          {
            "x": 231.0,
            "y": 492
          },
          {
            "x": 228.0,
            "y": 492
          },
          {
            "x": 227.0,
            "y": 493.0
          },
          {
            "x": 223.0,
            "y": 493.0
          },
          {
            "x": 222.0,
            "y": 494
          },
          {
            "x": 215.0,
            "y": 494
          },
          {
            "x": 214.0,
            "y": 495.0
          },
          {
            "x": 211,
            "y": 495.0
          },
          {
            "x": 210.0,
            "y": 496
          },
          {
            "x": 206,
            "y": 496
          },
          {
            "x": 205.0,
            "y": 497
          },
          {
            "x": 204.0,
            "y": 497
          },
          {
            "x": 202.0,
            "y": 499
          },
          {
            "x": 199.0,
            "y": 499
          },
          {
            "x": 196.0,
            "y": 502
          },
          {
            "x": 194.0,
            "y": 502
          },
          {
            "x": 192.0,
            "y": 504
          },
          {
            "x": 191.0,
            "y": 504
          },
          {
            "x": 190.0,
            "y": 505
          },
          {
            "x": 189.0,
            "y": 505
          },
          {
            "x": 189.0,
            "y": 506.0
          },
          {
            "x": 187.0,
            "y": 508.0
          },
          {
            "x": 186.0,
            "y": 508.0
          },
          {
            "x": 184.0,
            "y": 510
          },
          {
            "x": 183,
            "y": 510
          },
          {
            "x": 183,
            "y": 511.0
          },
          {
            "x": 180,
            "y": 514
          },
          {
            "x": 180,
            "y": 515
          },
          {
            "x": 178.0,
            "y": 517
          },
          {
            "x": 178.0,
            "y": 518
          },
          {
            "x": 177.0,
            "y": 519
          },
          {
            "x": 177.0,
            "y": 520
          },
          {
            "x": 175,
            "y": 522
          },
          {
            "x": 175,
            "y": 523
          },
          {
            "x": 174.0,
            "y": 524
          },
          {
            "x": 174.0,
            "y": 525
          },
          {
            "x": 172.0,
            "y": 527
          },
          {
            "x": 172.0,
            "y": 529
          },
          {
            "x": 171.0,
            "y": 530
          },
          {
            "x": 171.0,
            "y": 531
          },
          {
            "x": 169.0,
            "y": 533
          },
          {
            "x": 169.0,
            "y": 535
          },
          {
            "x": 168.0,
            "y": 536
          },
          {
            "x": 168.0,
            "y": 537
          },
          {
            "x": 167,
            "y": 538
          },
          {
            "x": 167,
            "y": 539
          },
          {
            "x": 166.0,
            "y": 540
          },
          {
            "x": 166.0,
            "y": 543
          },
          {
            "x": 165,
            "y": 544
          },
          {
            "x": 165,
            "y": 545
          },
          {
            "x": 164.0,
            "y": 546
          },
          {
            "x": 164.0,
            "y": 547
          },
          {
            "x": 163.0,
            "y": 548
          },
          {
            "x": 163.0,
            "y": 551
          },
          {
            "x": 161.0,
            "y": 553
          },
          {
            "x": 161.0,
            "y": 554
          },
          {
            "x": 159.0,
            "y": 556
          },
          {
            "x": 159.0,
            "y": 557
          },
          {
            "x": 158.0,
            "y": 558
          },
          {
            "x": 158.0,
            "y": 559
          },
          {
            "x": 156.0,
            "y": 561
          },
          {
            "x": 155.0,
            "y": 561
          },
          {
            "x": 155.0,
            "y": 564
          },
          {
            "x": 154,
            "y": 565
          },
          {
            "x": 153.0,
            "y": 564
          },
          {
            "x": 153.0,
            "y": 559
          },
          {
            "x": 152,
            "y": 558
          },
          {
            "x": 152,
            "y": 556
          },
          {
            "x": 151.0,
            "y": 555
          },
          {
            "x": 148,
            "y": 555
          },
          {
            "x": 148,
            "y": 560
          },
          {
            "x": 147,
            "y": 561
          },
          {
            "x": 146.0,
            "y": 561
          },
          {
            "x": 145.0,
            "y": 562
          },
          {
            "x": 142.0,
            "y": 562
          },
          {
            "x": 140,
            "y": 560
          },
          {
            "x": 140,
            "y": 553
          },
          {
            "x": 137.0,
            "y": 556
          },
          {
            "x": 137.0,
            "y": 559
          },
          {
            "x": 139,
            "y": 561
          },
          {
            "x": 139,
            "y": 563
          },
          {
            "x": 141.0,
            "y": 563
          },
          {
            "x": 143,
            "y": 565
          },
          {
            "x": 146.0,
            "y": 565
          },
          {
            "x": 147,
            "y": 566
          },
          {
            "x": 149,
            "y": 566
          },
          {
            "x": 150.0,
            "y": 565
          },
          {
            "x": 151.0,
            "y": 565
          },
          {
            "x": 152,
            "y": 566
          },
          {
            "x": 152,
            "y": 571
          },
          {
            "x": 149,
            "y": 574
          },
          {
            "x": 149,
            "y": 575
          },
          {
            "x": 147,
            "y": 577
          },
          {
            "x": 147,
            "y": 578
          },
          {
            "x": 145.0,
            "y": 580
          },
          {
            "x": 144,
            "y": 580
          },
          {
            "x": 143,
            "y": 581
          },
          {
            "x": 142.0,
            "y": 581
          },
          {
            "x": 141.0,
            "y": 582
          },
          {
            "x": 140,
            "y": 582
          },
          {
            "x": 139,
            "y": 583
          },
          {
            "x": 135,
            "y": 583
          },
          {
            "x": 134,
            "y": 584
          },
          {
            "x": 133.0,
            "y": 584
          },
          {
            "x": 131,
            "y": 586
          },
          {
            "x": 129,
            "y": 586
          },
          {
            "x": 128.0,
            "y": 587
          },
          {
            "x": 127.0,
            "y": 587
          },
          {
            "x": 125.0,
            "y": 589
          },
          {
            "x": 122.0,
            "y": 589
          },
          {
            "x": 121,
            "y": 590
          },
          {
            "x": 120.0,
            "y": 590
          },
          {
            "x": 118.0,
            "y": 592
          },
          {
            "x": 116.0,
            "y": 592
          },
          {
            "x": 115.0,
            "y": 593
          },
          {
            "x": 114.0,
            "y": 593
          },
          {
            "x": 113.0,
            "y": 594
          },
          {
            "x": 111.0,
            "y": 594
          },
          {
            "x": 108,
            "y": 597
          },
          {
            "x": 107.0,
            "y": 597
          },
          {
            "x": 107.0,
            "y": 598
          },
          {
            "x": 104.0,
            "y": 601
          },
          {
            "x": 104.0,
            "y": 602
          },
          {
            "x": 102.0,
            "y": 604
          },
          {
            "x": 102.0,
            "y": 608
          },
          {
            "x": 101.0,
            "y": 609
          },
          {
            "x": 101.0,
            "y": 610
          },
          {
            "x": 100.0,
            "y": 611
          },
          {
            "x": 100.0,
            "y": 613
          },
          {
            "x": 99,
            "y": 614
          },
          {
            "x": 99,
            "y": 632
          },
          {
            "x": 96.0,
            "y": 635
          },
          {
            "x": 96.0,
            "y": 637
          },
          {
            "x": 94,
            "y": 639
          },
          {
            "x": 94,
            "y": 657
          },
          {
            "x": 95.0,
            "y": 658
          },
          {
            "x": 95.0,
            "y": 661
          },
          {
            "x": 96.0,
            "y": 662
          },
          {
            "x": 96.0,
            "y": 667
          },
          {
            "x": 97.0,
            "y": 668
          },
          {
            "x": 97.0,
            "y": 670
          },
          {
            "x": 98.0,
            "y": 671
          },
          {
            "x": 98.0,
            "y": 672
          },
          {
            "x": 99,
            "y": 673
          },
          {
            "x": 99,
            "y": 676
          },
          {
            "x": 100.0,
            "y": 677
          },
          {
            "x": 100.0,
            "y": 679
          },
          {
            "x": 101.0,
            "y": 680
          },
          {
            "x": 101.0,
            "y": 683
          },
          {
            "x": 102.0,
            "y": 684
          },
          {
            "x": 102.0,
            "y": 689
          },
          {
            "x": 103,
            "y": 690
          },
          {
            "x": 103,
            "y": 691
          },
          {
            "x": 104.0,
            "y": 692
          },
          {
            "x": 104.0,
            "y": 694
          },
          {
            "x": 105.0,
            "y": 695
          },
          {
            "x": 105.0,
            "y": 696
          },
          {
            "x": 107.0,
            "y": 698
          },
          {
            "x": 107.0,
            "y": 699
          },
          {
            "x": 108,
            "y": 700
          },
          {
            "x": 109.0,
            "y": 700
          },
          {
            "x": 110.0,
            "y": 701
          },
          {
            "x": 110.0,
            "y": 702
          },
          {
            "x": 111.0,
            "y": 703
          },
          {
            "x": 116.0,
            "y": 703
          },
          {
            "x": 117,
            "y": 704
          },
          {
            "x": 124.0,
            "y": 704
          },
          {
            "x": 125.0,
            "y": 705
          },
          {
            "x": 132.0,
            "y": 705
          },
          {
            "x": 133.0,
            "y": 704
          },
          {
            "x": 134,
            "y": 704
          },
          {
            "x": 135,
            "y": 703
          },
          {
            "x": 137.0,
            "y": 703
          },
          {
            "x": 137.0,
            "y": 702
          },
          {
            "x": 139,
            "y": 700
          },
          {
            "x": 139,
            "y": 697
          },
          {
            "x": 140,
            "y": 696
          },
          {
            "x": 140,
            "y": 691
          },
          {
            "x": 141.0,
            "y": 690
          },
          {
            "x": 141.0,
            "y": 687
          },
          {
            "x": 142.0,
            "y": 686
          },
          {
            "x": 142.0,
            "y": 680
          },
          {
            "x": 141.0,
            "y": 679
          },
          {
            "x": 141.0,
            "y": 671
          },
          {
            "x": 142.0,
            "y": 670
          },
          {
            "x": 142.0,
            "y": 668
          },
          {
            "x": 143,
            "y": 667
          },
          {
            "x": 143,
            "y": 665
          },
          {
            "x": 145.0,
            "y": 663
          },
          {
            "x": 145.0,
            "y": 662
          },
          {
            "x": 150.0,
            "y": 657
          },
          {
            "x": 151.0,
            "y": 657
          },
          {
            "x": 151.0,
            "y": 656
          },
          {
            "x": 152,
            "y": 655
          },
          {
            "x": 153.0,
            "y": 655
          },
          {
            "x": 156.0,
            "y": 652
          },
          {
            "x": 157,
            "y": 652
          },
          {
            "x": 160.0,
            "y": 649
          },
          {
            "x": 163.0,
            "y": 649
          },
          {
            "x": 164.0,
            "y": 650
          },
          {
            "x": 165,
            "y": 650
          },
          {
            "x": 166.0,
            "y": 651
          },
          {
            "x": 167,
            "y": 651
          },
          {
            "x": 168.0,
            "y": 652
          },
          {
            "x": 169.0,
            "y": 652
          },
          {
            "x": 170,
            "y": 653
          },
          {
            "x": 171.0,
            "y": 653
          },
          {
            "x": 172.0,
            "y": 654
          },
          {
            "x": 174.0,
            "y": 654
          },
          {
            "x": 175,
            "y": 655
          },
          {
            "x": 181.0,
            "y": 655
          },
          {
            "x": 183,
            "y": 657
          },
          {
            "x": 183,
            "y": 658
          },
          {
            "x": 185,
            "y": 658
          },
          {
            "x": 187.0,
            "y": 660
          },
          {
            "x": 190.0,
            "y": 660
          },
          {
            "x": 191.0,
            "y": 661
          },
          {
            "x": 193,
            "y": 661
          },
          {
            "x": 194.0,
            "y": 662
          },
          {
            "x": 192.0,
            "y": 664
          },
          {
            "x": 186.0,
            "y": 664
          },
          {
            "x": 183,
            "y": 667
          },
          {
            "x": 183,
            "y": 682
          },
          {
            "x": 184.0,
            "y": 683
          },
          {
            "x": 185,
            "y": 683
          },
          {
            "x": 186.0,
            "y": 684
          },
          {
            "x": 186.0,
            "y": 685
          },
          {
            "x": 187.0,
            "y": 686
          },
          {
            "x": 203,
            "y": 686
          },
          {
            "x": 204.0,
            "y": 687
          },
          {
            "x": 209.0,
            "y": 687
          },
          {
            "x": 210.0,
            "y": 688
          },
          {
            "x": 211,
            "y": 687
          },
          {
            "x": 216,
            "y": 687
          },
          {
            "x": 217.0,
            "y": 686
          },
          {
            "x": 252,
            "y": 686
          },
          {
            "x": 253.0,
            "y": 687
          },
          {
            "x": 261.0,
            "y": 687
          },
          {
            "x": 262,
            "y": 686
          },
          {
            "x": 263,
            "y": 686
          },
          {
            "x": 266.0,
            "y": 683
          },
          {
            "x": 266.0,
            "y": 656
          },
          {
            "x": 267,
            "y": 655
          },
          {
            "x": 267,
            "y": 652
          },
          {
            "x": 268,
            "y": 651
          },
          {
            "x": 268,
            "y": 648
          },
          {
            "x": 269.0,
            "y": 647
          },
          {
            "x": 269.0,
            "y": 642
          },
          {
            "x": 270,
            "y": 641
          },
          {
            "x": 273,
            "y": 641
          },
          {
            "x": 274.0,
            "y": 640
          },
          {
            "x": 277.0,
            "y": 640
          },
          {
            "x": 278,
            "y": 641
          },
          {
            "x": 291,
            "y": 641
          },
          {
            "x": 292.0,
            "y": 642
          },
          {
            "x": 293,
            "y": 642
          },
          {
            "x": 295.0,
            "y": 644
          },
          {
            "x": 299,
            "y": 644
          },
          {
            "x": 301,
            "y": 646
          },
          {
            "x": 302.0,
            "y": 646
          },
          {
            "x": 303,
            "y": 647
          },
          {
            "x": 305.0,
            "y": 647
          },
          {
            "x": 307.0,
            "y": 649
          },
          {
            "x": 308.0,
            "y": 649
          },
          {
            "x": 309,
            "y": 650
          },
          {
            "x": 309,
            "y": 653
          },
          {
            "x": 310.0,
            "y": 654
          },
          {
            "x": 310.0,
            "y": 662
          },
          {
            "x": 311,
            "y": 663
          },
          {
            "x": 311,
            "y": 668
          },
          {
            "x": 312,
            "y": 669
          },
          {
            "x": 312,
            "y": 676
          },
          {
            "x": 313.0,
            "y": 677
          },
          {
            "x": 313.0,
            "y": 678
          },
          {
            "x": 314,
            "y": 679
          },
          {
            "x": 315.0,
            "y": 679
          },
          {
            "x": 316,
            "y": 680
          },
          {
            "x": 317,
            "y": 680
          },
          {
            "x": 318.0,
            "y": 679
          },
          {
            "x": 320.0,
            "y": 679
          },
          {
            "x": 321,
            "y": 678
          },
          {
            "x": 322,
            "y": 678
          },
          {
            "x": 323.0,
            "y": 677
          },
          {
            "x": 328.0,
            "y": 677
          },
          {
            "x": 329,
            "y": 676
          },
          {
            "x": 331.0,
            "y": 676
          },
          {
            "x": 332,
            "y": 675
          },
          {
            "x": 347,
            "y": 675
          },
          {
            "x": 348,
            "y": 674
          },
          {
            "x": 349.0,
            "y": 674
          },
          {
            "x": 350,
            "y": 673
          },
          {
            "x": 351.0,
            "y": 673
          },
          {
            "x": 352,
            "y": 672
          },
          {
            "x": 356.0,
            "y": 672
          },
          {
            "x": 357,
            "y": 671
          },
          {
            "x": 360,
            "y": 671
          },
          {
            "x": 361.0,
            "y": 670
          },
          {
            "x": 372.0,
            "y": 670
          },
          {
            "x": 374.0,
            "y": 672
          },
          {
            "x": 375,
            "y": 672
          },
          {
            "x": 376,
            "y": 673
          },
          {
            "x": 376,
            "y": 677
          },
          {
            "x": 377.0,
            "y": 678
          },
          {
            "x": 377.0,
            "y": 680
          },
          {
            "x": 378,
            "y": 681
          },
          {
            "x": 378,
            "y": 683
          },
          {
            "x": 379.0,
            "y": 684
          },
          {
            "x": 379.0,
            "y": 685
          },
          {
            "x": 380.0,
            "y": 686
          },
          {
            "x": 382.0,
            "y": 686
          },
          {
            "x": 383,
            "y": 687
          },
          {
            "x": 384,
            "y": 687
          },
          {
            "x": 385.0,
            "y": 688
          },
          {
            "x": 395.0,
            "y": 688
          },
          {
            "x": 396,
            "y": 687
          },
          {
            "x": 398.0,
            "y": 687
          },
          {
            "x": 399,
            "y": 686
          },
          {
            "x": 400.0,
            "y": 686
          },
          {
            "x": 402,
            "y": 684
          },
          {
            "x": 403.0,
            "y": 684
          },
          {
            "x": 404,
            "y": 683
          },
          {
            "x": 404,
            "y": 682
          },
          {
            "x": 406,
            "y": 680
          },
          {
            "x": 406,
            "y": 676
          },
          {
            "x": 408.0,
            "y": 674
          },
          {
            "x": 408.0,
            "y": 672
          },
          {
            "x": 409,
            "y": 671
          },
          {
            "x": 409,
            "y": 666
          },
          {
            "x": 410.0,
            "y": 665
          },
          {
            "x": 410.0,
            "y": 664
          },
          {
            "x": 411.0,
            "y": 663
          },
          {
            "x": 411.0,
            "y": 662
          },
          {
            "x": 412,
            "y": 661
          },
          {
            "x": 412,
            "y": 654
          },
          {
            "x": 414,
            "y": 652
          },
          {
            "x": 414,
            "y": 650
          },
          {
            "x": 417,
            "y": 647
          },
          {
            "x": 417,
            "y": 643
          },
          {
            "x": 418.0,
            "y": 642
          },
          {
            "x": 418.0,
            "y": 641
          },
          {
            "x": 419,
            "y": 640
          },
          {
            "x": 419,
            "y": 639
          },
          {
            "x": 420,
            "y": 638
          },
          {
            "x": 420,
            "y": 634
          },
          {
            "x": 421.0,
            "y": 633
          },
          {
            "x": 421.0,
            "y": 630
          },
          {
            "x": 422,
            "y": 629
          },
          {
            "x": 422,
            "y": 628
          },
          {
            "x": 423.0,
            "y": 627
          },
          {
            "x": 423.0,
            "y": 620
          },
          {
            "x": 422,
            "y": 619
          },
          {
            "x": 422,
            "y": 615
          },
          {
            "x": 421.0,
            "y": 614
          },
          {
            "x": 421.0,
            "y": 604
          },
          {
            "x": 420,
            "y": 603
          },
          {
            "x": 420,
            "y": 597
          },
          {
            "x": 419,
            "y": 596
          },
          {
            "x": 419,
            "y": 594
          },
          {
            "x": 418.0,
            "y": 593
          },
          {
            "x": 418.0,
            "y": 592
          },
          {
            "x": 417,
            "y": 591
          },
          {
            "x": 417,
            "y": 583
          },
          {
            "x": 416.0,
            "y": 583
          },
          {
            "x": 415.0,
            "y": 582
          },
          {
            "x": 415.0,
            "y": 581
          },
          {
            "x": 414,
            "y": 580
          },
          {
            "x": 414,
            "y": 579
          },
          {
            "x": 412,
            "y": 577
          },
          {
            "x": 412,
            "y": 575
          },
          {
            "x": 410.0,
            "y": 573
          },
          {
            "x": 410.0,
            "y": 572
          },
          {
            "x": 409,
            "y": 571
          },
          {
            "x": 409,
            "y": 569
          },
          {
            "x": 408.0,
            "y": 569
          },
          {
            "x": 407,
            "y": 568
          },
          {
            "x": 407,
            "y": 567
          },
          {
            "x": 406,
            "y": 566
          },
          {
            "x": 406,
            "y": 560
          },
          {
            "x": 405.0,
            "y": 559
          },
          {
            "x": 405.0,
            "y": 555
          },
          {
            "x": 404,
            "y": 554
          },
          {
            "x": 404,
            "y": 552
          },
          {
            "x": 403.0,
            "y": 551
          },
          {
            "x": 403.0,
            "y": 544
          },
          {
            "x": 402,
            "y": 543
          },
          {
            "x": 402,
            "y": 541
          },
          {
            "x": 401,
            "y": 540
          },
          {
            "x": 401,
            "y": 538
          },
          {
            "x": 400.0,
            "y": 537
          },
          {
            "x": 400.0,
            "y": 532
          },
          {
            "x": 399,
            "y": 531
          },
          {
            "x": 399,
            "y": 529
          },
          {
            "x": 398.0,
            "y": 528
          },
          {
            "x": 398.0,
            "y": 524
          },
          {
            "x": 397.0,
            "y": 523
          },
          {
            "x": 397.0,
            "y": 522
          },
          {
            "x": 396,
            "y": 521
          },
          {
            "x": 396,
            "y": 520
          },
          {
            "x": 395.0,
            "y": 519
          },
          {
            "x": 395.0,
            "y": 517
          },
          {
            "x": 393,
            "y": 515
          },
          {
            "x": 393,
            "y": 514
          },
          {
            "x": 392.0,
            "y": 513
          },
          {
            "x": 392.0,
            "y": 510
          },
          {
            "x": 391,
            "y": 509
          },
          {
            "x": 391,
            "y": 508.0
          },
          {
            "x": 389,
            "y": 506.0
          }
        ]
      }
    },
    {
      "annotator": {
        "email": "order@bex.kg",
        "full_name": "Zhaparova  Nurzhan"
      },
      "name": "Vehicle Polygon ",
      "polygon": {
        "path": [
          {
            "x": 395.31,
            "y": 361.31
          },
          {
            "x": 391.31,
            "y": 357.31
          },
          {
            "x": 390.31,
            "y": 357.31
          },
          {
            "x": 389.31,
            "y": 356.31
          },
          {
            "x": 387.31,
            "y": 356.31
          },
          {
            "x": 386.31,
            "y": 355.31
          },
          {
            "x": 385.31,
            "y": 355.31
          },
          {
            "x": 384.31,
            "y": 354.31
          },
          {
            "x": 380.31,
            "y": 354.31
          },
          {
            "x": 379.31,
            "y": 353.31
          },
          {
            "x": 378.31,
            "y": 353.31
          },
          {
            "x": 377.31,
            "y": 352.31
          },
          {
            "x": 376.31,
            "y": 352.31
          },
          {
            "x": 375.31,
            "y": 351.31
          },
          {
            "x": 373.31,
            "y": 351.31
          },
          {
            "x": 372.31,
            "y": 350.31
          },
          {
            "x": 371.31,
            "y": 350.31
          },
          {
            "x": 370.31,
            "y": 349.31
          },
          {
            "x": 369.31,
            "y": 349.31
          },
          {
            "x": 368.31,
            "y": 348.31
          },
          {
            "x": 364.31,
            "y": 348.31
          },
          {
            "x": 363.31,
            "y": 347.31
          },
          {
            "x": 360.31,
            "y": 347.31
          },
          {
            "x": 359.31,
            "y": 346.31
          },
          {
            "x": 353.31,
            "y": 346.31
          },
          {
            "x": 352.31,
            "y": 345.31
          },
          {
            "x": 345.31,
            "y": 345.31
          },
          {
            "x": 344.31,
            "y": 344.31
          },
          {
            "x": 342.31,
            "y": 344.31
          },
          {
            "x": 341.31,
            "y": 343.31
          },
          {
            "x": 339.31,
            "y": 343.31
          },
          {
            "x": 338.31,
            "y": 342.31
          },
          {
            "x": 333.31,
            "y": 342.31
          },
          {
            "x": 332.31,
            "y": 341.31
          },
          {
            "x": 330.31,
            "y": 341.31
          },
          {
            "x": 329.31,
            "y": 340.31
          },
          {
            "x": 328.31,
            "y": 340.31
          },
          {
            "x": 327.31,
            "y": 339.31
          },
          {
            "x": 320.31,
            "y": 339.31
          },
          {
            "x": 319.31,
            "y": 338.31
          },
          {
            "x": 316.31,
            "y": 338.31
          },
          {
            "x": 315.31,
            "y": 337.31
          },
          {
            "x": 314.31,
            "y": 337.31
          },
          {
            "x": 313.31,
            "y": 336.31
          },
          {
            "x": 309.31,
            "y": 336.31
          },
          {
            "x": 308.31,
            "y": 335.31
          },
          {
            "x": 307.31,
            "y": 335.31
          },
          {
            "x": 306.31,
            "y": 334.31
          },
          {
            "x": 304.31,
            "y": 334.31
          },
          {
            "x": 303.31,
            "y": 333.31
          },
          {
            "x": 296.31,
            "y": 333.31
          },
          {
            "x": 295.31,
            "y": 332.31
          },
          {
            "x": 293.31,
            "y": 332.31
          },
          {
            "x": 292.31,
            "y": 331.31
          },
          {
            "x": 291.31,
            "y": 331.31
          },
          {
            "x": 290.31,
            "y": 330.31
          },
          {
            "x": 285.31,
            "y": 330.31
          },
          {
            "x": 284.31,
            "y": 329.31
          },
          {
            "x": 282.31,
            "y": 329.31
          },
          {
            "x": 281.31,
            "y": 328.31
          },
          {
            "x": 279.31,
            "y": 328.31
          },
          {
            "x": 278.31,
            "y": 327.31
          },
          {
            "x": 270.31,
            "y": 327.31
          },
          {
            "x": 269.31,
            "y": 326.31
          },
          {
            "x": 267.31,
            "y": 326.31
          },
          {
            "x": 266.31,
            "y": 325.31
          },
          {
            "x": 265.31,
            "y": 325.31
          },
          {
            "x": 264.31,
            "y": 324.31
          },
          {
            "x": 253.31,
            "y": 324.31
          },
          {
            "x": 252.31,
            "y": 323.31
          },
          {
            "x": 249.31,
            "y": 323.31
          },
          {
            "x": 248.31,
            "y": 322.31
          },
          {
            "x": 246.31,
            "y": 322.31
          },
          {
            "x": 245.31,
            "y": 321.31
          },
          {
            "x": 239.31,
            "y": 321.31
          },
          {
            "x": 238.31,
            "y": 322.31
          },
          {
            "x": 236.31,
            "y": 322.31
          },
          {
            "x": 235.31,
            "y": 323.31
          },
          {
            "x": 228.31,
            "y": 323.31
          },
          {
            "x": 227.31,
            "y": 322.31
          },
          {
            "x": 224.31,
            "y": 322.31
          },
          {
            "x": 223.31,
            "y": 321.31
          },
          {
            "x": 178.31,
            "y": 321.31
          },
          {
            "x": 177.31,
            "y": 322.31
          },
          {
            "x": 158.31,
            "y": 322.31
          },
          {
            "x": 157.31,
            "y": 323.31
          },
          {
            "x": 149.31,
            "y": 323.31
          },
          {
            "x": 148.31,
            "y": 324.31
          },
          {
            "x": 140.31,
            "y": 324.31
          },
          {
            "x": 139.31,
            "y": 325.31
          },
          {
            "x": 134.31,
            "y": 325.31
          },
          {
            "x": 133.31,
            "y": 326.31
          },
          {
            "x": 126.31,
            "y": 326.31
          },
          {
            "x": 125.31,
            "y": 325.31
          },
          {
            "x": 124.31,
            "y": 325.31
          },
          {
            "x": 123.31,
            "y": 324.31
          },
          {
            "x": 120.31,
            "y": 324.31
          },
          {
            "x": 119.31,
            "y": 323.31
          },
          {
            "x": 115.31,
            "y": 323.31
          },
          {
            "x": 114.31,
            "y": 324.31
          },
          {
            "x": 111.31,
            "y": 324.31
          },
          {
            "x": 110.31,
            "y": 325.31
          },
          {
            "x": 109.31,
            "y": 325.31
          },
          {
            "x": 108.31,
            "y": 326.31
          },
          {
            "x": 107.31,
            "y": 326.31
          },
          {
            "x": 106.31,
            "y": 327.31
          },
          {
            "x": 104.31,
            "y": 327.31
          },
          {
            "x": 103.31,
            "y": 328.31
          },
          {
            "x": 102.31,
            "y": 328.31
          },
          {
            "x": 100.31,
            "y": 330.31
          },
          {
            "x": 98.31,
            "y": 330.31
          },
          {
            "x": 98.31,
            "y": 331.31
          },
          {
            "x": 96.31,
            "y": 333.31
          },
          {
            "x": 95.31,
            "y": 333.31
          },
          {
            "x": 95.31,
            "y": 335.31
          },
          {
            "x": 94.31,
            "y": 336.31
          },
          {
            "x": 93.31,
            "y": 336.31
          },
          {
            "x": 93.31,
            "y": 337.31
          },
          {
            "x": 92.31,
            "y": 338.31
          },
          {
            "x": 92.31,
            "y": 339.31
          },
          {
            "x": 89.31,
            "y": 342.31
          },
          {
            "x": 89.31,
            "y": 344.31
          },
          {
            "x": 88.31,
            "y": 345.31
          },
          {
            "x": 87.31,
            "y": 345.31
          },
          {
            "x": 87.31,
            "y": 346.31
          },
          {
            "x": 86.31,
            "y": 347.31
          },
          {
            "x": 86.31,
            "y": 349.31
          },
          {
            "x": 84.31,
            "y": 351.31
          },
          {
            "x": 84.31,
            "y": 358.31
          },
          {
            "x": 83.31,
            "y": 359.31
          },
          {
            "x": 83.31,
            "y": 366.31
          },
          {
            "x": 82.31,
            "y": 367.31
          },
          {
            "x": 82.31,
            "y": 368.31
          },
          {
            "x": 81.31,
            "y": 369.31
          },
          {
            "x": 81.31,
            "y": 370.31
          },
          {
            "x": 80.31,
            "y": 371.31
          },
          {
            "x": 80.31,
            "y": 390.31
          },
          {
            "x": 79.31,
            "y": 391.31
          },
          {
            "x": 79.31,
            "y": 423.31
          },
          {
            "x": 80.31,
            "y": 424.31
          },
          {
            "x": 80.31,
            "y": 476.31
          },
          {
            "x": 79.31,
            "y": 477.31
          },
          {
            "x": 79.31,
            "y": 481.31
          },
          {
            "x": 78.31,
            "y": 482.31
          },
          {
            "x": 78.31,
            "y": 485.31
          },
          {
            "x": 77.31,
            "y": 486.31
          },
          {
            "x": 77.31,
            "y": 492.31
          },
          {
            "x": 76.31,
            "y": 493.31
          },
          {
            "x": 76.31,
            "y": 495.31
          },
          {
            "x": 75.31,
            "y": 496.31
          },
          {
            "x": 75.31,
            "y": 507.31
          },
          {
            "x": 76.31,
            "y": 508.31
          },
          {
            "x": 76.31,
            "y": 512.31
          },
          {
            "x": 75.31,
            "y": 513.31
          },
          {
            "x": 75.31,
            "y": 534.31
          },
          {
            "x": 74.31,
            "y": 535.31
          },
          {
            "x": 74.31,
            "y": 536.31
          },
          {
            "x": 75.31,
            "y": 537.31
          },
          {
            "x": 75.31,
            "y": 573.31
          },
          {
            "x": 74.31,
            "y": 574.31
          },
          {
            "x": 74.31,
            "y": 591.31
          },
          {
            "x": 73.31,
            "y": 592.31
          },
          {
            "x": 73.31,
            "y": 593.31
          },
          {
            "x": 74.31,
            "y": 594.31
          },
          {
            "x": 74.31,
            "y": 603.31
          },
          {
            "x": 75.31,
            "y": 604.31
          },
          {
            "x": 77.31,
            "y": 604.31
          },
          {
            "x": 78.31,
            "y": 603.31
          },
          {
            "x": 97.31,
            "y": 603.31
          },
          {
            "x": 97.31,
            "y": 602.31
          },
          {
            "x": 99.31,
            "y": 600.31
          },
          {
            "x": 100.31,
            "y": 600.31
          },
          {
            "x": 100.31,
            "y": 599.31
          },
          {
            "x": 102.31,
            "y": 597.31
          },
          {
            "x": 103.31,
            "y": 597.31
          },
          {
            "x": 103.31,
            "y": 596.31
          },
          {
            "x": 105.31,
            "y": 594.31
          },
          {
            "x": 106.31,
            "y": 594.31
          },
          {
            "x": 108.31,
            "y": 592.31
          },
          {
            "x": 109.31,
            "y": 592.31
          },
          {
            "x": 110.31,
            "y": 591.31
          },
          {
            "x": 111.31,
            "y": 591.31
          },
          {
            "x": 114.31,
            "y": 588.31
          },
          {
            "x": 117.31,
            "y": 588.31
          },
          {
            "x": 119.31,
            "y": 586.31
          },
          {
            "x": 121.31,
            "y": 586.31
          },
          {
            "x": 122.31,
            "y": 585.31
          },
          {
            "x": 124.31,
            "y": 585.31
          },
          {
            "x": 125.31,
            "y": 584.31
          },
          {
            "x": 126.31,
            "y": 584.31
          },
          {
            "x": 128.31,
            "y": 582.31
          },
          {
            "x": 130.31,
            "y": 582.31
          },
          {
            "x": 132.31,
            "y": 580.31
          },
          {
            "x": 133.31,
            "y": 580.31
          },
          {
            "x": 134.31,
            "y": 579.31
          },
          {
            "x": 137.31,
            "y": 579.31
          },
          {
            "x": 138.31,
            "y": 578.31
          },
          {
            "x": 139.31,
            "y": 578.31
          },
          {
            "x": 140.31,
            "y": 577.31
          },
          {
            "x": 141.31,
            "y": 577.31
          },
          {
            "x": 142.31,
            "y": 576.31
          },
          {
            "x": 143.31,
            "y": 576.31
          },
          {
            "x": 145.31,
            "y": 574.31
          },
          {
            "x": 145.31,
            "y": 573.31
          },
          {
            "x": 148.31,
            "y": 570.31
          },
          {
            "x": 148.31,
            "y": 567.31
          },
          {
            "x": 146.31,
            "y": 565.31
          },
          {
            "x": 143.31,
            "y": 565.31
          },
          {
            "x": 142.31,
            "y": 564.31
          },
          {
            "x": 141.31,
            "y": 564.31
          },
          {
            "x": 140.31,
            "y": 563.31
          },
          {
            "x": 139.31,
            "y": 563.31
          },
          {
            "x": 138.31,
            "y": 562.31
          },
          {
            "x": 137.31,
            "y": 562.31
          },
          {
            "x": 136.31,
            "y": 561.31
          },
          {
            "x": 136.31,
            "y": 560.31
          },
          {
            "x": 134.31,
            "y": 558.31
          },
          {
            "x": 134.31,
            "y": 555.31
          },
          {
            "x": 133.31,
            "y": 554.31
          },
          {
            "x": 133.31,
            "y": 553.31
          },
          {
            "x": 134.31,
            "y": 552.31
          },
          {
            "x": 134.31,
            "y": 550.31
          },
          {
            "x": 138.31,
            "y": 546.31
          },
          {
            "x": 145.31,
            "y": 546.31
          },
          {
            "x": 146.31,
            "y": 545.31
          },
          {
            "x": 148.31,
            "y": 545.31
          },
          {
            "x": 149.31,
            "y": 546.31
          },
          {
            "x": 152.31,
            "y": 546.31
          },
          {
            "x": 155.31,
            "y": 549.31
          },
          {
            "x": 158.31,
            "y": 549.31
          },
          {
            "x": 160.31,
            "y": 547.31
          },
          {
            "x": 160.31,
            "y": 543.31
          },
          {
            "x": 161.31,
            "y": 542.31
          },
          {
            "x": 161.31,
            "y": 541.31
          },
          {
            "x": 162.31,
            "y": 540.31
          },
          {
            "x": 162.31,
            "y": 538.31
          },
          {
            "x": 163.31,
            "y": 537.31
          },
          {
            "x": 163.31,
            "y": 535.31
          },
          {
            "x": 165.31,
            "y": 533.31
          },
          {
            "x": 165.31,
            "y": 532.31
          },
          {
            "x": 166.31,
            "y": 531.31
          },
          {
            "x": 166.31,
            "y": 530.31
          },
          {
            "x": 168.31,
            "y": 528.31
          },
          {
            "x": 168.31,
            "y": 527.31
          },
          {
            "x": 169.31,
            "y": 526.31
          },
          {
            "x": 169.31,
            "y": 524.31
          },
          {
            "x": 171.31,
            "y": 522.31
          },
          {
            "x": 171.31,
            "y": 521.31
          },
          {
            "x": 172.31,
            "y": 520.31
          },
          {
            "x": 172.31,
            "y": 519.31
          },
          {
            "x": 173.31,
            "y": 518.31
          },
          {
            "x": 173.31,
            "y": 517.31
          },
          {
            "x": 174.31,
            "y": 516.31
          },
          {
            "x": 175.31,
            "y": 516.31
          },
          {
            "x": 175.31,
            "y": 514.31
          },
          {
            "x": 177.31,
            "y": 512.31
          },
          {
            "x": 177.31,
            "y": 511.31
          },
          {
            "x": 182.31,
            "y": 506.31
          },
          {
            "x": 183.31,
            "y": 506.31
          },
          {
            "x": 186.31,
            "y": 503.31
          },
          {
            "x": 187.31,
            "y": 503.31
          },
          {
            "x": 187.31,
            "y": 502.31
          },
          {
            "x": 188.31,
            "y": 501.31
          },
          {
            "x": 190.31,
            "y": 501.31
          },
          {
            "x": 190.31,
            "y": 500.31
          },
          {
            "x": 191.31,
            "y": 499.31
          },
          {
            "x": 192.31,
            "y": 499.31
          },
          {
            "x": 193.31,
            "y": 498.31
          },
          {
            "x": 194.31,
            "y": 498.31
          },
          {
            "x": 195.31,
            "y": 497.31
          },
          {
            "x": 196.31,
            "y": 497.31
          },
          {
            "x": 198.31,
            "y": 495.31
          },
          {
            "x": 201.31,
            "y": 495.31
          },
          {
            "x": 202.31,
            "y": 494.31
          },
          {
            "x": 203.31,
            "y": 494.31
          },
          {
            "x": 204.31,
            "y": 493.31
          },
          {
            "x": 205.31,
            "y": 493.31
          },
          {
            "x": 206.31,
            "y": 492.31
          },
          {
            "x": 211.31,
            "y": 492.31
          },
          {
            "x": 212.31,
            "y": 491.31
          },
          {
            "x": 215.31,
            "y": 491.31
          },
          {
            "x": 216.31,
            "y": 490.31
          },
          {
            "x": 220.31,
            "y": 490.31
          },
          {
            "x": 221.31,
            "y": 489.31
          },
          {
            "x": 226.31,
            "y": 489.31
          },
          {
            "x": 227.31,
            "y": 488.31
          },
          {
            "x": 229.31,
            "y": 488.31
          },
          {
            "x": 230.31,
            "y": 487.31
          },
          {
            "x": 232.31,
            "y": 487.31
          },
          {
            "x": 233.31,
            "y": 486.31
          },
          {
            "x": 299.31,
            "y": 486.31
          },
          {
            "x": 300.31,
            "y": 485.31
          },
          {
            "x": 301.31,
            "y": 486.31
          },
          {
            "x": 314.31,
            "y": 486.31
          },
          {
            "x": 315.31,
            "y": 487.31
          },
          {
            "x": 332.31,
            "y": 487.31
          },
          {
            "x": 333.31,
            "y": 488.31
          },
          {
            "x": 339.31,
            "y": 488.31
          },
          {
            "x": 340.31,
            "y": 489.31
          },
          {
            "x": 347.31,
            "y": 489.31
          },
          {
            "x": 348.31,
            "y": 490.31
          },
          {
            "x": 352.31,
            "y": 490.31
          },
          {
            "x": 353.31,
            "y": 491.31
          },
          {
            "x": 357.31,
            "y": 491.31
          },
          {
            "x": 358.31,
            "y": 492.31
          },
          {
            "x": 368.31,
            "y": 492.31
          },
          {
            "x": 369.31,
            "y": 493.31
          },
          {
            "x": 371.31,
            "y": 493.31
          },
          {
            "x": 372.31,
            "y": 494.31
          },
          {
            "x": 373.31,
            "y": 494.31
          },
          {
            "x": 374.31,
            "y": 495.31
          },
          {
            "x": 377.31,
            "y": 495.31
          },
          {
            "x": 378.31,
            "y": 496.31
          },
          {
            "x": 379.31,
            "y": 496.31
          },
          {
            "x": 380.31,
            "y": 497.31
          },
          {
            "x": 383.31,
            "y": 497.31
          },
          {
            "x": 384.31,
            "y": 498.31
          },
          {
            "x": 386.31,
            "y": 498.31
          },
          {
            "x": 388.31,
            "y": 496.31
          },
          {
            "x": 388.31,
            "y": 495.31
          },
          {
            "x": 389.31,
            "y": 494.31
          },
          {
            "x": 389.31,
            "y": 493.31
          },
          {
            "x": 387.31,
            "y": 491.31
          },
          {
            "x": 387.31,
            "y": 484.31
          },
          {
            "x": 388.31,
            "y": 483.31
          },
          {
            "x": 388.31,
            "y": 480.31
          },
          {
            "x": 389.31,
            "y": 479.31
          },
          {
            "x": 389.31,
            "y": 475.31
          },
          {
            "x": 390.31,
            "y": 474.31
          },
          {
            "x": 393.31,
            "y": 474.31
          },
          {
            "x": 394.31,
            "y": 473.31
          },
          {
            "x": 395.31,
            "y": 473.31
          },
          {
            "x": 396.31,
            "y": 472.31
          },
          {
            "x": 397.31,
            "y": 472.31
          },
          {
            "x": 398.31,
            "y": 471.31
          },
          {
            "x": 400.31,
            "y": 471.31
          },
          {
            "x": 401.31,
            "y": 470.31
          },
          {
            "x": 401.31,
            "y": 469.31
          },
          {
            "x": 402.31,
            "y": 468.31
          },
          {
            "x": 403.31,
            "y": 468.31
          },
          {
            "x": 403.31,
            "y": 467.31
          },
          {
            "x": 404.31,
            "y": 466.31
          },
          {
            "x": 404.31,
            "y": 464.31
          },
          {
            "x": 406.31,
            "y": 462.31
          },
          {
            "x": 406.31,
            "y": 461.31
          },
          {
            "x": 407.31,
            "y": 460.31
          },
          {
            "x": 407.31,
            "y": 442.31
          },
          {
            "x": 406.31,
            "y": 441.31
          },
          {
            "x": 406.31,
            "y": 432.31
          },
          {
            "x": 407.31,
            "y": 431.31
          },
          {
            "x": 407.31,
            "y": 423.31
          },
          {
            "x": 406.31,
            "y": 422.31
          },
          {
            "x": 406.31,
            "y": 420.31
          },
          {
            "x": 405.31,
            "y": 419.31
          },
          {
            "x": 405.31,
            "y": 418.31
          },
          {
            "x": 404.31,
            "y": 417.31
          },
          {
            "x": 404.31,
            "y": 414.31
          },
          {
            "x": 403.31,
            "y": 413.31
          },
          {
            "x": 403.31,
            "y": 412.31
          },
          {
            "x": 402.31,
            "y": 411.31
          },
          {
            "x": 402.31,
            "y": 408.31
          },
          {
            "x": 401.31,
            "y": 407.31
          },
          {
            "x": 401.31,
            "y": 391.31
          },
          {
            "x": 400.31,
            "y": 390.31
          },
          {
            "x": 400.31,
            "y": 387.31
          },
          {
            "x": 399.31,
            "y": 386.31
          },
          {
            "x": 399.31,
            "y": 383.31
          },
          {
            "x": 398.31,
            "y": 382.31
          },
          {
            "x": 398.31,
            "y": 378.31
          },
          {
            "x": 399.31,
            "y": 377.31
          },
          {
            "x": 399.31,
            "y": 373.31
          },
          {
            "x": 398.31,
            "y": 372.31
          },
          {
            "x": 398.31,
            "y": 366.31
          },
          {
            "x": 397.31,
            "y": 365.31
          },
          {
            "x": 397.31,
            "y": 364.31
          },
          {
            "x": 395.31,
            "y": 362.31
          }
        ]
      }
    },
    {
      "annotator": {
        "email": "order@bex.kg",
        "full_name": "Zhaparova  Nurzhan"
      },
      "bounding_box": {
        "h": 640.31,
        "w": 42.31,
        "x": 710.52,
        "y": -2.26
      },
      "name": "Street light"
    }
  ]
}