{
  "image": {
    "width": 5472,
    "height": 3648,
    "filename": "00000005.JPG",
    "original_filename": "EP-00-00012_0119_0039.JPG",
    "url": "https://darwin.v7labs.com/api/images/1221684/original?token=352cf892-311a-4ca4-80fd-3f05fb7d64b8",
    "thumbnail_url": "https://darwin.v7labs.com/api/images/1221684/thumbnail?token=352cf892-311a-4ca4-80fd-3f05fb7d64b8",
    "workview_url": "https://darwin.v7labs.com/workview?dataset=1191&image=5"
  },
  "dataset": "Mapping_2",
  "annotated": true,
  "annotations": [
    {
      "annotator": {
        "email": "begimbaeva.s95@gmail.com",
        "full_name": "Saltanat Begimbaeva"
      },
      "name": "Spring Field Polygon ",
      "polygon": {
        "path": [
          {
            "x": 6.0,
            "y": 1387
          },
          {
            "x": 6.0,
            "y": 1407
          },
          {
            "x": 5.0,
            "y": 1408
          },
          {
            "x": 0,
            "y": 1408
          },
          {
            "x": 0,
            "y": 3646
          },
          {
            "x": 5470,
            "y": 3646
          },
          {
            "x": 5470,
            "y": 2624
          },
          {
            "x": 5466,
            "y": 2624
          },
          {
            "x": 5465,
            "y": 2623
          },
          {
            "x": 5465,
            "y": 2592
          },
          {
            "x": 5455,
            "y": 2592
          },
          {
            "x": 5454,
            "y": 2591
          },
          {
            "x": 5454,
            "y": 2581
          },
          {
            "x": 5434,
            "y": 2581
          },
          {
            "x": 5433,
            "y": 2580
          },
          {
            "x": 5433,
            "y": 2570
          },
          {
            "x": 5402,
            "y": 2570
          },
          {
            "x": 5401,
            "y": 2569
          },
          {
            "x": 5401,
            "y": 2560
          },
          {
            "x": 5380,
            "y": 2560
          },
          {
            "x": 5379,
            "y": 2559
          },
          {
            "x": 5379,
            "y": 2549
          },
          {
            "x": 5359,
            "y": 2549
          },
          {
            "x": 5358,
            "y": 2548
          },
          {
            "x": 5358,
            "y": 2538
          },
          {
            "x": 5348,
            "y": 2538
          },
          {
            "x": 5347,
            "y": 2537
          },
          {
            "x": 5347,
            "y": 2528
          },
          {
            "x": 5338,
            "y": 2528
          },
          {
            "x": 5337,
            "y": 2527
          },
          {
            "x": 5337,
            "y": 2517
          },
          {
            "x": 5316,
            "y": 2517
          },
          {
            "x": 5315,
            "y": 2516
          },
          {
            "x": 5315,
            "y": 2506
          },
          {
            "x": 5306,
            "y": 2506
          },
          {
            "x": 5305,
            "y": 2505
          },
          {
            "x": 5305,
            "y": 2496
          },
          {
            "x": 5284,
            "y": 2496
          },
          {
            "x": 5283,
            "y": 2495
          },
          {
            "x": 5283,
            "y": 2485
          },
          {
            "x": 5274,
            "y": 2485
          },
          {
            "x": 5273,
            "y": 2484
          },
          {
            "x": 5273,
            "y": 2474
          },
          {
            "x": 5253,
            "y": 2474
          },
          {
            "x": 5252,
            "y": 2473
          },
          {
            "x": 5252,
            "y": 2464
          },
          {
            "x": 5231,
            "y": 2464
          },
          {
            "x": 5230,
            "y": 2463
          },
          {
            "x": 5230,
            "y": 2453
          },
          {
            "x": 5210,
            "y": 2453
          },
          {
            "x": 5209,
            "y": 2452
          },
          {
            "x": 5209,
            "y": 2442
          },
          {
            "x": 5189,
            "y": 2442
          },
          {
            "x": 5188,
            "y": 2441
          },
          {
            "x": 5188,
            "y": 2432
          },
          {
            "x": 5167,
            "y": 2432
          },
          {
            "x": 5166,
            "y": 2431
          },
          {
            "x": 5166,
            "y": 2421
          },
          {
            "x": 5135,
            "y": 2421
          },
          {
            "x": 5134,
            "y": 2420
          },
          {
            "x": 5134,
            "y": 2410
          },
          {
            "x": 5125,
            "y": 2410
          },
          {
            "x": 5124,
            "y": 2409
          },
          {
            "x": 5124,
            "y": 2400
          },
          {
            "x": 5103,
            "y": 2400
          },
          {
            "x": 5102,
            "y": 2399
          },
          {
            "x": 5102,
            "y": 2389
          },
          {
            "x": 5082,
            "y": 2389
          },
          {
            "x": 5081,
            "y": 2388
          },
          {
            "x": 5081,
            "y": 2378
          },
          {
            "x": 5071,
            "y": 2378
          },
          {
            "x": 5070,
            "y": 2377
          },
          {
            "x": 5070,
            "y": 2368
          },
          {
            "x": 5061,
            "y": 2368
          },
          {
            "x": 5060,
            "y": 2367
          },
          {
            "x": 5060,
            "y": 2357
          },
          {
            "x": 5039,
            "y": 2357
          },
          {
            "x": 5038,
            "y": 2356
          },
          {
            "x": 5038,
            "y": 2346
          },
          {
            "x": 5029,
            "y": 2346
          },
          {
            "x": 5028,
            "y": 2345
          },
          {
            "x": 5028,
            "y": 2336
          },
          {
            "x": 5007,
            "y": 2336
          },
          {
            "x": 5006,
            "y": 2335
          },
          {
            "x": 5006,
            "y": 2325
          },
          {
            "x": 4986,
            "y": 2325
          },
          {
            "x": 4985,
            "y": 2324
          },
          {
            "x": 4985,
            "y": 2315
          },
          {
            "x": 4976.97,
            "y": 2327.59
          },
          {
            "x": 4974.79,
            "y": 2324.62
          },
          {
            "x": 4972.03,
            "y": 2324.45
          },
          {
            "x": 4969.33,
            "y": 2319.34
          },
          {
            "x": 4961.25,
            "y": 2318.73
          },
          {
            "x": 4958.1,
            "y": 2315.81
          },
          {
            "x": 4951.64,
            "y": 2313.06
          },
          {
            "x": 4940.81,
            "y": 2305.77
          },
          {
            "x": 4934.12,
            "y": 2299.14
          },
          {
            "x": 4921.37,
            "y": 2292.45
          },
          {
            "x": 4907.0,
            "y": 2283.59
          },
          {
            "x": 4942,
            "y": 2208
          },
          {
            "x": 4943,
            "y": 2207
          },
          {
            "x": 4953,
            "y": 2207
          },
          {
            "x": 4953,
            "y": 2187
          },
          {
            "x": 4954,
            "y": 2186
          },
          {
            "x": 4964,
            "y": 2186
          },
          {
            "x": 4964,
            "y": 2165
          },
          {
            "x": 4965,
            "y": 2164
          },
          {
            "x": 4974,
            "y": 2164
          },
          {
            "x": 4974,
            "y": 2144
          },
          {
            "x": 4975,
            "y": 2143
          },
          {
            "x": 4985,
            "y": 2143
          },
          {
            "x": 4985,
            "y": 2123
          },
          {
            "x": 4986,
            "y": 2122
          },
          {
            "x": 4996,
            "y": 2122
          },
          {
            "x": 4996,
            "y": 2101
          },
          {
            "x": 4997,
            "y": 2100
          },
          {
            "x": 5006,
            "y": 2100
          },
          {
            "x": 5006,
            "y": 2080
          },
          {
            "x": 5007,
            "y": 2079
          },
          {
            "x": 5017,
            "y": 2079
          },
          {
            "x": 5017,
            "y": 2059
          },
          {
            "x": 5018,
            "y": 2058
          },
          {
            "x": 5028,
            "y": 2058
          },
          {
            "x": 5028,
            "y": 2027
          },
          {
            "x": 5029,
            "y": 2026
          },
          {
            "x": 5038,
            "y": 2026
          },
          {
            "x": 5038,
            "y": 1995
          },
          {
            "x": 5039,
            "y": 1994.0
          },
          {
            "x": 5049,
            "y": 1994.0
          },
          {
            "x": 5049,
            "y": 1963.0
          },
          {
            "x": 5050,
            "y": 1962
          },
          {
            "x": 5060,
            "y": 1962
          },
          {
            "x": 5060,
            "y": 1931
          },
          {
            "x": 5061,
            "y": 1930
          },
          {
            "x": 5070,
            "y": 1930
          },
          {
            "x": 5070,
            "y": 1877.0
          },
          {
            "x": 5071,
            "y": 1876
          },
          {
            "x": 5081,
            "y": 1876
          },
          {
            "x": 5085.32,
            "y": 1867.66
          },
          {
            "x": 5091.71,
            "y": 1853.71
          },
          {
            "x": 5092,
            "y": 1844
          },
          {
            "x": 5092,
            "y": 1835
          },
          {
            "x": 5093,
            "y": 1834
          },
          {
            "x": 5102,
            "y": 1834
          },
          {
            "x": 5102,
            "y": 1824.0
          },
          {
            "x": 5103,
            "y": 1823
          },
          {
            "x": 5113,
            "y": 1823
          },
          {
            "x": 5113,
            "y": 1813
          },
          {
            "x": 5114,
            "y": 1812.0
          },
          {
            "x": 5134,
            "y": 1812.0
          },
          {
            "x": 5134,
            "y": 1803
          },
          {
            "x": 5135,
            "y": 1802.0
          },
          {
            "x": 5156,
            "y": 1802.0
          },
          {
            "x": 5156,
            "y": 1792
          },
          {
            "x": 5157,
            "y": 1791
          },
          {
            "x": 5166,
            "y": 1791
          },
          {
            "x": 5166,
            "y": 1771
          },
          {
            "x": 5167,
            "y": 1770
          },
          {
            "x": 5177,
            "y": 1770
          },
          {
            "x": 5185.63,
            "y": 1724.64
          },
          {
            "x": 5178,
            "y": 1674
          },
          {
            "x": 5188,
            "y": 1674
          },
          {
            "x": 5188,
            "y": 1643
          },
          {
            "x": 5189,
            "y": 1642.0
          },
          {
            "x": 5198,
            "y": 1642.0
          },
          {
            "x": 5198,
            "y": 1632
          },
          {
            "x": 5199,
            "y": 1631
          },
          {
            "x": 5209,
            "y": 1631
          },
          {
            "x": 5209,
            "y": 1621
          },
          {
            "x": 5210,
            "y": 1620.0
          },
          {
            "x": 5220,
            "y": 1620.0
          },
          {
            "x": 5220,
            "y": 1611.0
          },
          {
            "x": 5221,
            "y": 1610
          },
          {
            "x": 5230,
            "y": 1610
          },
          {
            "x": 5230,
            "y": 1579
          },
          {
            "x": 5231,
            "y": 1578
          },
          {
            "x": 5241,
            "y": 1578
          },
          {
            "x": 5241,
            "y": 1568.0
          },
          {
            "x": 5242,
            "y": 1567
          },
          {
            "x": 5252,
            "y": 1567
          },
          {
            "x": 5252,
            "y": 1557
          },
          {
            "x": 5253,
            "y": 1556
          },
          {
            "x": 5262,
            "y": 1556
          },
          {
            "x": 5262,
            "y": 1547
          },
          {
            "x": 5263,
            "y": 1546.0
          },
          {
            "x": 5273,
            "y": 1546.0
          },
          {
            "x": 5273,
            "y": 1536
          },
          {
            "x": 5274,
            "y": 1535
          },
          {
            "x": 5283,
            "y": 1535
          },
          {
            "x": 5283,
            "y": 1525
          },
          {
            "x": 5284,
            "y": 1524.0
          },
          {
            "x": 5294,
            "y": 1524.0
          },
          {
            "x": 5294,
            "y": 1515.0
          },
          {
            "x": 5295,
            "y": 1514
          },
          {
            "x": 5315,
            "y": 1514
          },
          {
            "x": 5315,
            "y": 1493
          },
          {
            "x": 5316,
            "y": 1492
          },
          {
            "x": 5326,
            "y": 1492
          },
          {
            "x": 5326,
            "y": 1483
          },
          {
            "x": 5327,
            "y": 1482
          },
          {
            "x": 5337,
            "y": 1482
          },
          {
            "x": 5337,
            "y": 1472.0
          },
          {
            "x": 5338,
            "y": 1471
          },
          {
            "x": 5347,
            "y": 1471
          },
          {
            "x": 5347,
            "y": 1461
          },
          {
            "x": 5348,
            "y": 1460
          },
          {
            "x": 5358,
            "y": 1460
          },
          {
            "x": 5358,
            "y": 1451
          },
          {
            "x": 5359,
            "y": 1450
          },
          {
            "x": 5369,
            "y": 1450
          },
          {
            "x": 5369,
            "y": 1440
          },
          {
            "x": 5370,
            "y": 1439
          },
          {
            "x": 5353.94,
            "y": 1430.32
          },
          {
            "x": 5351.2,
            "y": 1427.63
          },
          {
            "x": 5355.85,
            "y": 1424.8
          },
          {
            "x": 5355.29,
            "y": 1414.29
          },
          {
            "x": 5358.58,
            "y": 1422.15
          },
          {
            "x": 5358.58,
            "y": 1413.41
          },
          {
            "x": 5360.34,
            "y": 1410.22
          },
          {
            "x": 5367.65,
            "y": 1402.1
          },
          {
            "x": 5371.85,
            "y": 1395.61
          },
          {
            "x": 5377.28,
            "y": 1379.62
          },
          {
            "x": 5386.87,
            "y": 1355.42
          },
          {
            "x": 5442.7,
            "y": 1252.99
          },
          {
            "x": 5472.28,
            "y": 1248.88
          },
          {
            "x": 5470,
            "y": 0
          },
          {
            "x": 1286,
            "y": 0
          },
          {
            "x": 1285,
            "y": 1.0
          },
          {
            "x": 1264,
            "y": 1.0
          },
          {
            "x": 1264,
            "y": 10.0
          },
          {
            "x": 1263,
            "y": 11.0
          },
          {
            "x": 1243.0,
            "y": 11.0
          },
          {
            "x": 1243.0,
            "y": 21.0
          },
          {
            "x": 1242,
            "y": 22.0
          },
          {
            "x": 1232,
            "y": 22.0
          },
          {
            "x": 1232,
            "y": 42.0
          },
          {
            "x": 1231.0,
            "y": 43.0
          },
          {
            "x": 1222.0,
            "y": 43.0
          },
          {
            "x": 1222.0,
            "y": 64.0
          },
          {
            "x": 1221.0,
            "y": 65.0
          },
          {
            "x": 1211,
            "y": 65.0
          },
          {
            "x": 1211,
            "y": 85
          },
          {
            "x": 1210,
            "y": 86.0
          },
          {
            "x": 1201,
            "y": 86.0
          },
          {
            "x": 1201,
            "y": 96.0
          },
          {
            "x": 1.2e3,
            "y": 97.0
          },
          {
            "x": 1190,
            "y": 97.0
          },
          {
            "x": 1190,
            "y": 117.0
          },
          {
            "x": 1189,
            "y": 118.0
          },
          {
            "x": 1179,
            "y": 118.0
          },
          {
            "x": 1179,
            "y": 128.0
          },
          {
            "x": 1178.0,
            "y": 129.0
          },
          {
            "x": 1169.0,
            "y": 129.0
          },
          {
            "x": 1169.0,
            "y": 138.0
          },
          {
            "x": 1168,
            "y": 139
          },
          {
            "x": 1158,
            "y": 139
          },
          {
            "x": 1158,
            "y": 149.0
          },
          {
            "x": 1157.0,
            "y": 150.0
          },
          {
            "x": 1147.0,
            "y": 150.0
          },
          {
            "x": 1147.0,
            "y": 170
          },
          {
            "x": 1146,
            "y": 171.0
          },
          {
            "x": 1137,
            "y": 171.0
          },
          {
            "x": 1137,
            "y": 181.0
          },
          {
            "x": 1136,
            "y": 182.0
          },
          {
            "x": 1126.0,
            "y": 182.0
          },
          {
            "x": 1126.0,
            "y": 192.0
          },
          {
            "x": 1125,
            "y": 193
          },
          {
            "x": 1115,
            "y": 193
          },
          {
            "x": 1115,
            "y": 202.0
          },
          {
            "x": 1114.0,
            "y": 203.0
          },
          {
            "x": 1105,
            "y": 203.0
          },
          {
            "x": 1105,
            "y": 213.0
          },
          {
            "x": 1104.0,
            "y": 214.0
          },
          {
            "x": 1094,
            "y": 214.0
          },
          {
            "x": 1094,
            "y": 234.0
          },
          {
            "x": 1093,
            "y": 235.0
          },
          {
            "x": 1083.0,
            "y": 235.0
          },
          {
            "x": 1083.0,
            "y": 245.0
          },
          {
            "x": 1082,
            "y": 246.0
          },
          {
            "x": 1073.0,
            "y": 246.0
          },
          {
            "x": 1073.0,
            "y": 256.0
          },
          {
            "x": 1072,
            "y": 257.0
          },
          {
            "x": 1062,
            "y": 257.0
          },
          {
            "x": 1062,
            "y": 266.0
          },
          {
            "x": 1061.0,
            "y": 267
          },
          {
            "x": 1051,
            "y": 267
          },
          {
            "x": 1051,
            "y": 277.0
          },
          {
            "x": 1050,
            "y": 278
          },
          {
            "x": 1041,
            "y": 278
          },
          {
            "x": 1041,
            "y": 288.0
          },
          {
            "x": 1040.0,
            "y": 289
          },
          {
            "x": 1030.0,
            "y": 289
          },
          {
            "x": 1030.0,
            "y": 309
          },
          {
            "x": 1029,
            "y": 310.0
          },
          {
            "x": 1019,
            "y": 310.0
          },
          {
            "x": 1019,
            "y": 319.0
          },
          {
            "x": 1018.0,
            "y": 320.0
          },
          {
            "x": 1009.0,
            "y": 320.0
          },
          {
            "x": 1009.0,
            "y": 341.0
          },
          {
            "x": 1008.0,
            "y": 342.0
          },
          {
            "x": 998,
            "y": 342.0
          },
          {
            "x": 998,
            "y": 351.0
          },
          {
            "x": 997.0,
            "y": 352
          },
          {
            "x": 987.0,
            "y": 352
          },
          {
            "x": 987.0,
            "y": 373.0
          },
          {
            "x": 986.0,
            "y": 374
          },
          {
            "x": 977.0,
            "y": 374
          },
          {
            "x": 977.0,
            "y": 383
          },
          {
            "x": 976,
            "y": 384.0
          },
          {
            "x": 966.0,
            "y": 384.0
          },
          {
            "x": 966.0,
            "y": 394
          },
          {
            "x": 965.0,
            "y": 395.0
          },
          {
            "x": 955,
            "y": 395.0
          },
          {
            "x": 955,
            "y": 405.0
          },
          {
            "x": 954,
            "y": 406
          },
          {
            "x": 945,
            "y": 406
          },
          {
            "x": 945,
            "y": 415.0
          },
          {
            "x": 944.0,
            "y": 416.0
          },
          {
            "x": 934.0,
            "y": 416.0
          },
          {
            "x": 934.0,
            "y": 426.0
          },
          {
            "x": 933,
            "y": 427.0
          },
          {
            "x": 923.0,
            "y": 427.0
          },
          {
            "x": 923.0,
            "y": 437
          },
          {
            "x": 922.0,
            "y": 438.0
          },
          {
            "x": 902,
            "y": 438.0
          },
          {
            "x": 902,
            "y": 447.0
          },
          {
            "x": 901.0,
            "y": 448
          },
          {
            "x": 891.0,
            "y": 448
          },
          {
            "x": 891.0,
            "y": 458.0
          },
          {
            "x": 890,
            "y": 459.0
          },
          {
            "x": 870.0,
            "y": 459.0
          },
          {
            "x": 870.0,
            "y": 479
          },
          {
            "x": 869.0,
            "y": 480.0
          },
          {
            "x": 859,
            "y": 480.0
          },
          {
            "x": 859,
            "y": 490.0
          },
          {
            "x": 858.0,
            "y": 491
          },
          {
            "x": 849,
            "y": 491
          },
          {
            "x": 849,
            "y": 501.0
          },
          {
            "x": 848.0,
            "y": 502
          },
          {
            "x": 838.0,
            "y": 502
          },
          {
            "x": 838.0,
            "y": 511
          },
          {
            "x": 837,
            "y": 512.0
          },
          {
            "x": 827.0,
            "y": 512.0
          },
          {
            "x": 827.0,
            "y": 522
          },
          {
            "x": 826.0,
            "y": 523
          },
          {
            "x": 817.0,
            "y": 523
          },
          {
            "x": 817.0,
            "y": 533
          },
          {
            "x": 816,
            "y": 534
          },
          {
            "x": 806,
            "y": 534
          },
          {
            "x": 806,
            "y": 543
          },
          {
            "x": 805.0,
            "y": 544
          },
          {
            "x": 795.0,
            "y": 544
          },
          {
            "x": 795.0,
            "y": 554
          },
          {
            "x": 794,
            "y": 555
          },
          {
            "x": 785,
            "y": 555
          },
          {
            "x": 785,
            "y": 565
          },
          {
            "x": 784.0,
            "y": 566
          },
          {
            "x": 774.0,
            "y": 566
          },
          {
            "x": 774.0,
            "y": 575
          },
          {
            "x": 773.0,
            "y": 576
          },
          {
            "x": 763,
            "y": 576
          },
          {
            "x": 763,
            "y": 586
          },
          {
            "x": 762.0,
            "y": 587
          },
          {
            "x": 753.0,
            "y": 587
          },
          {
            "x": 753.0,
            "y": 597
          },
          {
            "x": 752.0,
            "y": 598
          },
          {
            "x": 742.0,
            "y": 598
          },
          {
            "x": 742.0,
            "y": 618
          },
          {
            "x": 741,
            "y": 619
          },
          {
            "x": 731.0,
            "y": 619
          },
          {
            "x": 731.0,
            "y": 629
          },
          {
            "x": 730.0,
            "y": 630
          },
          {
            "x": 721.0,
            "y": 630
          },
          {
            "x": 721.0,
            "y": 639
          },
          {
            "x": 720,
            "y": 640
          },
          {
            "x": 710,
            "y": 640
          },
          {
            "x": 710,
            "y": 650
          },
          {
            "x": 709.0,
            "y": 651
          },
          {
            "x": 699.0,
            "y": 651
          },
          {
            "x": 699.0,
            "y": 661
          },
          {
            "x": 698,
            "y": 662
          },
          {
            "x": 689,
            "y": 662
          },
          {
            "x": 689,
            "y": 671
          },
          {
            "x": 688.0,
            "y": 672
          },
          {
            "x": 678.0,
            "y": 672
          },
          {
            "x": 678.0,
            "y": 693
          },
          {
            "x": 677,
            "y": 694
          },
          {
            "x": 667,
            "y": 694
          },
          {
            "x": 667,
            "y": 703
          },
          {
            "x": 666.0,
            "y": 704
          },
          {
            "x": 657.0,
            "y": 704
          },
          {
            "x": 657.0,
            "y": 714
          },
          {
            "x": 656.0,
            "y": 715
          },
          {
            "x": 646,
            "y": 715
          },
          {
            "x": 646,
            "y": 725
          },
          {
            "x": 645.0,
            "y": 726
          },
          {
            "x": 635.0,
            "y": 726
          },
          {
            "x": 635.0,
            "y": 735
          },
          {
            "x": 634.0,
            "y": 736.0
          },
          {
            "x": 625.0,
            "y": 736.0
          },
          {
            "x": 625.0,
            "y": 746
          },
          {
            "x": 624,
            "y": 747
          },
          {
            "x": 614.0,
            "y": 747
          },
          {
            "x": 614.0,
            "y": 757
          },
          {
            "x": 613.0,
            "y": 758
          },
          {
            "x": 603.0,
            "y": 758
          },
          {
            "x": 603.0,
            "y": 767.0
          },
          {
            "x": 602,
            "y": 768
          },
          {
            "x": 593,
            "y": 768
          },
          {
            "x": 593,
            "y": 778
          },
          {
            "x": 592.0,
            "y": 779.0
          },
          {
            "x": 582.0,
            "y": 779.0
          },
          {
            "x": 582.0,
            "y": 789
          },
          {
            "x": 581,
            "y": 790.0
          },
          {
            "x": 571,
            "y": 790.0
          },
          {
            "x": 571,
            "y": 799
          },
          {
            "x": 570.0,
            "y": 800
          },
          {
            "x": 561.0,
            "y": 800
          },
          {
            "x": 561.0,
            "y": 810.0
          },
          {
            "x": 560.0,
            "y": 811
          },
          {
            "x": 550,
            "y": 811
          },
          {
            "x": 550,
            "y": 821.0
          },
          {
            "x": 549.0,
            "y": 822
          },
          {
            "x": 539.0,
            "y": 822
          },
          {
            "x": 539.0,
            "y": 831
          },
          {
            "x": 538,
            "y": 832
          },
          {
            "x": 529.0,
            "y": 832
          },
          {
            "x": 529.0,
            "y": 853
          },
          {
            "x": 528,
            "y": 854
          },
          {
            "x": 518.0,
            "y": 854
          },
          {
            "x": 518.0,
            "y": 863
          },
          {
            "x": 517.0,
            "y": 864.0
          },
          {
            "x": 507.0,
            "y": 864.0
          },
          {
            "x": 507.0,
            "y": 874
          },
          {
            "x": 506.0,
            "y": 875.0
          },
          {
            "x": 497.0,
            "y": 875.0
          },
          {
            "x": 497.0,
            "y": 885
          },
          {
            "x": 496.0,
            "y": 886
          },
          {
            "x": 486.0,
            "y": 886
          },
          {
            "x": 486.0,
            "y": 895.0
          },
          {
            "x": 485,
            "y": 896
          },
          {
            "x": 475.0,
            "y": 896
          },
          {
            "x": 475.0,
            "y": 906.0
          },
          {
            "x": 474.0,
            "y": 907
          },
          {
            "x": 465.0,
            "y": 907
          },
          {
            "x": 465.0,
            "y": 927
          },
          {
            "x": 464.0,
            "y": 928
          },
          {
            "x": 454,
            "y": 928
          },
          {
            "x": 454,
            "y": 938
          },
          {
            "x": 453.0,
            "y": 939
          },
          {
            "x": 443.0,
            "y": 939
          },
          {
            "x": 443.0,
            "y": 949.0
          },
          {
            "x": 442.0,
            "y": 950
          },
          {
            "x": 433.0,
            "y": 950
          },
          {
            "x": 433.0,
            "y": 959
          },
          {
            "x": 432.0,
            "y": 960.0
          },
          {
            "x": 422.0,
            "y": 960.0
          },
          {
            "x": 422.0,
            "y": 970
          },
          {
            "x": 421.0,
            "y": 971
          },
          {
            "x": 411,
            "y": 971
          },
          {
            "x": 411,
            "y": 981
          },
          {
            "x": 410.0,
            "y": 982
          },
          {
            "x": 401.0,
            "y": 982
          },
          {
            "x": 401.0,
            "y": 991.0
          },
          {
            "x": 400.0,
            "y": 992
          },
          {
            "x": 390.0,
            "y": 992
          },
          {
            "x": 390.0,
            "y": 1002
          },
          {
            "x": 389,
            "y": 1003.0
          },
          {
            "x": 379.0,
            "y": 1003.0
          },
          {
            "x": 379.0,
            "y": 1013
          },
          {
            "x": 378.0,
            "y": 1014.0
          },
          {
            "x": 369.0,
            "y": 1014.0
          },
          {
            "x": 369.0,
            "y": 1023.0
          },
          {
            "x": 368.0,
            "y": 1024
          },
          {
            "x": 358.0,
            "y": 1024
          },
          {
            "x": 358.0,
            "y": 1034
          },
          {
            "x": 357.0,
            "y": 1035
          },
          {
            "x": 347.0,
            "y": 1035
          },
          {
            "x": 347.0,
            "y": 1045
          },
          {
            "x": 346,
            "y": 1046
          },
          {
            "x": 337.0,
            "y": 1046
          },
          {
            "x": 337.0,
            "y": 1055
          },
          {
            "x": 336.0,
            "y": 1056
          },
          {
            "x": 326.0,
            "y": 1056
          },
          {
            "x": 326.0,
            "y": 1066
          },
          {
            "x": 325.0,
            "y": 1067
          },
          {
            "x": 315,
            "y": 1067
          },
          {
            "x": 315,
            "y": 1077
          },
          {
            "x": 314.0,
            "y": 1078
          },
          {
            "x": 305.0,
            "y": 1078
          },
          {
            "x": 305.0,
            "y": 1087
          },
          {
            "x": 304.0,
            "y": 1088
          },
          {
            "x": 294.0,
            "y": 1088
          },
          {
            "x": 294.0,
            "y": 1098
          },
          {
            "x": 293.0,
            "y": 1099
          },
          {
            "x": 283.0,
            "y": 1099
          },
          {
            "x": 283.0,
            "y": 1109
          },
          {
            "x": 282.0,
            "y": 1110
          },
          {
            "x": 273.0,
            "y": 1110
          },
          {
            "x": 273.0,
            "y": 1119
          },
          {
            "x": 272,
            "y": 1120
          },
          {
            "x": 262.0,
            "y": 1120
          },
          {
            "x": 262.0,
            "y": 1130
          },
          {
            "x": 261.0,
            "y": 1131
          },
          {
            "x": 251.0,
            "y": 1131
          },
          {
            "x": 251.0,
            "y": 1141
          },
          {
            "x": 250.0,
            "y": 1142
          },
          {
            "x": 241,
            "y": 1142
          },
          {
            "x": 241,
            "y": 1151
          },
          {
            "x": 240.0,
            "y": 1152
          },
          {
            "x": 230.0,
            "y": 1152
          },
          {
            "x": 230.0,
            "y": 1162
          },
          {
            "x": 229.0,
            "y": 1163
          },
          {
            "x": 219.0,
            "y": 1163
          },
          {
            "x": 219.0,
            "y": 1183
          },
          {
            "x": 218.0,
            "y": 1184
          },
          {
            "x": 209.0,
            "y": 1184
          },
          {
            "x": 209.0,
            "y": 1194
          },
          {
            "x": 208.0,
            "y": 1195
          },
          {
            "x": 198.0,
            "y": 1195
          },
          {
            "x": 198.0,
            "y": 1205
          },
          {
            "x": 197.0,
            "y": 1206
          },
          {
            "x": 188.0,
            "y": 1206
          },
          {
            "x": 188.0,
            "y": 1215
          },
          {
            "x": 187.0,
            "y": 1216
          },
          {
            "x": 177.0,
            "y": 1216
          },
          {
            "x": 177.0,
            "y": 1237
          },
          {
            "x": 176,
            "y": 1238
          },
          {
            "x": 166.0,
            "y": 1238
          },
          {
            "x": 166.0,
            "y": 1247
          },
          {
            "x": 165.0,
            "y": 1248
          },
          {
            "x": 156.0,
            "y": 1248
          },
          {
            "x": 156.0,
            "y": 1258
          },
          {
            "x": 155.0,
            "y": 1259
          },
          {
            "x": 145.0,
            "y": 1259
          },
          {
            "x": 145.0,
            "y": 1269
          },
          {
            "x": 144.0,
            "y": 1270
          },
          {
            "x": 134.0,
            "y": 1270
          },
          {
            "x": 134.0,
            "y": 1279
          },
          {
            "x": 133.0,
            "y": 1280
          },
          {
            "x": 124.0,
            "y": 1280
          },
          {
            "x": 124.0,
            "y": 1290
          },
          {
            "x": 123.0,
            "y": 1291
          },
          {
            "x": 113.0,
            "y": 1291
          },
          {
            "x": 113.0,
            "y": 1301
          },
          {
            "x": 112.0,
            "y": 1302
          },
          {
            "x": 102,
            "y": 1302
          },
          {
            "x": 102,
            "y": 1311
          },
          {
            "x": 101.0,
            "y": 1312
          },
          {
            "x": 92.0,
            "y": 1312
          },
          {
            "x": 92.0,
            "y": 1322
          },
          {
            "x": 91.0,
            "y": 1323
          },
          {
            "x": 70.0,
            "y": 1323
          },
          {
            "x": 70.0,
            "y": 1332
          },
          {
            "x": 69.0,
            "y": 1333
          },
          {
            "x": 60.0,
            "y": 1333
          },
          {
            "x": 60.0,
            "y": 1343
          },
          {
            "x": 59.0,
            "y": 1344
          },
          {
            "x": 38.0,
            "y": 1344
          },
          {
            "x": 38.0,
            "y": 1354
          },
          {
            "x": 37.0,
            "y": 1355
          },
          {
            "x": 28.0,
            "y": 1355
          },
          {
            "x": 28.0,
            "y": 1364
          },
          {
            "x": 27.0,
            "y": 1365
          },
          {
            "x": 17.0,
            "y": 1365
          },
          {
            "x": 17.0,
            "y": 1386
          },
          {
            "x": 16.0,
            "y": 1387
          }
        ]
      }
    },
    {
      "annotator": {
        "email": "begimbaeva.s95@gmail.com",
        "full_name": "Saltanat Begimbaeva"
      },
      "bounding_box": {
        "h": 282.01,
        "w": 282.84,
        "x": 5188.37,
        "y": 1699.35
      },
      "name": "Vehicle "
    },
    {
      "annotator": {
        "email": "begimbaeva.s95@gmail.com",
        "full_name": "Saltanat Begimbaeva"
      },
      "bounding_box": {
        "h": 153.54,
        "w": 90.78,
        "x": 5380.91,
        "y": 1245.48
      },
      "name": "Vehicle "
    }
  ]
}