{
  "image": {
    "width": 4000,
    "height": 3000,
    "filename": "00000042.JPG",
    "original_filename": "IMG_7726.JPG",
    "url": "https://darwin.v7labs.com/api/images/1221643/original?token=43ffe058-ebd2-4afa-8955-89cf45e925a6",
    "thumbnail_url": "https://darwin.v7labs.com/api/images/1221643/thumbnail?token=43ffe058-ebd2-4afa-8955-89cf45e925a6",
    "workview_url": "https://darwin.v7labs.com/workview?dataset=1190&image=42"
  },
  "dataset": "Mapping_1",
  "annotated": true,
  "annotations": [
    {
      "annotator": {
        "email": "order@bex.kg",
        "full_name": "Zhaparova  Nurzhan"
      },
      "name": "Road ",
      "polygon": {
        "path": [
          {
            "x": -1.41,
            "y": 1386.23
          },
          {
            "x": 38.89,
            "y": 1392.3
          },
          {
            "x": 96.93,
            "y": 1394.48
          },
          {
            "x": 162.28,
            "y": 1394.48
          },
          {
            "x": 230.75,
            "y": 1397.59
          },
          {
            "x": 336.56,
            "y": 1397.59
          },
          {
            "x": 429.93,
            "y": 1391.37
          },
          {
            "x": 507.73,
            "y": 1394.48
          },
          {
            "x": 591.76,
            "y": 1394.48
          },
          {
            "x": 678.9,
            "y": 1400.7
          },
          {
            "x": 784.71,
            "y": 1391.37
          },
          {
            "x": 859.41,
            "y": 1388.25
          },
          {
            "x": 943.43,
            "y": 1382.03
          },
          {
            "x": 1018.13,
            "y": 1366.47
          },
          {
            "x": 1083.48,
            "y": 1354.02
          },
          {
            "x": 1111.49,
            "y": 1332.24
          },
          {
            "x": 1189.29,
            "y": 1282.44
          },
          {
            "x": 1254.65,
            "y": 1245.1
          },
          {
            "x": 1276.44,
            "y": 1192.19
          },
          {
            "x": 1284.19,
            "y": 1186.52
          },
          {
            "x": 1292.29,
            "y": 1189.76
          },
          {
            "x": 1310.93,
            "y": 1184.09
          },
          {
            "x": 1317.41,
            "y": 1188.14
          },
          {
            "x": 1330.37,
            "y": 1269.15
          },
          {
            "x": 1316.6,
            "y": 1291.02
          },
          {
            "x": 1314.98,
            "y": 1308.04
          },
          {
            "x": 1327.13,
            "y": 1325.05
          },
          {
            "x": 1353.86,
            "y": 1338.01
          },
          {
            "x": 1408.95,
            "y": 1346.92
          },
          {
            "x": 1481.86,
            "y": 1347.73
          },
          {
            "x": 1552.34,
            "y": 1346.11
          },
          {
            "x": 1666.57,
            "y": 1341.25
          },
          {
            "x": 1713.56,
            "y": 1335.58
          },
          {
            "x": 1762.97,
            "y": 1329.1
          },
          {
            "x": 1960.52,
            "y": 1274.05
          },
          {
            "x": 1980.28,
            "y": 1321.77
          },
          {
            "x": 1974.9,
            "y": 1334.03
          },
          {
            "x": 1935.2,
            "y": 1363.81
          },
          {
            "x": 1907.41,
            "y": 1397.56
          },
          {
            "x": 1899.47,
            "y": 1435.27
          },
          {
            "x": 1911.38,
            "y": 1472.99
          },
          {
            "x": 1913.36,
            "y": 1518.65
          },
          {
            "x": 1891.53,
            "y": 1508.72
          },
          {
            "x": 1855.8,
            "y": 1516.66
          },
          {
            "x": 1816.09,
            "y": 1500.78
          },
          {
            "x": 1816.09,
            "y": 1488.87
          },
          {
            "x": 1754.56,
            "y": 1463.06
          },
          {
            "x": 1740.66,
            "y": 1451.15
          },
          {
            "x": 1732.72,
            "y": 1455.12
          },
          {
            "x": 1716.84,
            "y": 1447.18
          },
          {
            "x": 1695.0,
            "y": 1451.15
          },
          {
            "x": 1673.17,
            "y": 1443.21
          },
          {
            "x": 1669.2,
            "y": 1425.35
          },
          {
            "x": 1661.26,
            "y": 1425.35
          },
          {
            "x": 1643.39,
            "y": 1429.32
          },
          {
            "x": 1615.6,
            "y": 1429.32
          },
          {
            "x": 1589.79,
            "y": 1423.36
          },
          {
            "x": 1569.94,
            "y": 1417.41
          },
          {
            "x": 1532.23,
            "y": 1415.42
          },
          {
            "x": 1514.36,
            "y": 1403.51
          },
          {
            "x": 1496.49,
            "y": 1395.57
          },
          {
            "x": 1472.67,
            "y": 1395.57
          },
          {
            "x": 1450.84,
            "y": 1397.56
          },
          {
            "x": 1427.02,
            "y": 1401.53
          },
          {
            "x": 1401.21,
            "y": 1407.48
          },
          {
            "x": 1389.3,
            "y": 1395.57
          },
          {
            "x": 1375.4,
            "y": 1395.57
          },
          {
            "x": 1349.6,
            "y": 1395.57
          },
          {
            "x": 1337.69,
            "y": 1393.59
          },
          {
            "x": 1323.79,
            "y": 1407.48
          },
          {
            "x": 1301.96,
            "y": 1409.47
          },
          {
            "x": 1286.08,
            "y": 1413.44
          },
          {
            "x": 1276.15,
            "y": 1435.27
          },
          {
            "x": 1260.27,
            "y": 1447.18
          },
          {
            "x": 1244.39,
            "y": 1445.2
          },
          {
            "x": 1230.49,
            "y": 1445.2
          },
          {
            "x": 1224.54,
            "y": 1451.15
          },
          {
            "x": 1212.63,
            "y": 1447.18
          },
          {
            "x": 1198.73,
            "y": 1453.14
          },
          {
            "x": 1192.78,
            "y": 1472.99
          },
          {
            "x": 1172.93,
            "y": 1476.96
          },
          {
            "x": 1172.93,
            "y": 1502.77
          },
          {
            "x": 1127.27,
            "y": 1500.78
          },
          {
            "x": 1103.45,
            "y": 1498.8
          },
          {
            "x": 1053.82,
            "y": 1494.83
          },
          {
            "x": 1035.95,
            "y": 1494.83
          },
          {
            "x": 1037.94,
            "y": 1480.93
          },
          {
            "x": 1024.04,
            "y": 1482.91
          },
          {
            "x": 1014.12,
            "y": 1465.05
          },
          {
            "x": 998.24,
            "y": 1459.09
          },
          {
            "x": 984.34,
            "y": 1459.09
          },
          {
            "x": 968.46,
            "y": 1488.87
          },
          {
            "x": 962.51,
            "y": 1496.81
          },
          {
            "x": 938.69,
            "y": 1498.8
          },
          {
            "x": 928.76,
            "y": 1480.93
          },
          {
            "x": 887.07,
            "y": 1476.96
          },
          {
            "x": 875.16,
            "y": 1502.77
          },
          {
            "x": 847.37,
            "y": 1500.78
          },
          {
            "x": 805.68,
            "y": 1508.72
          },
          {
            "x": 791.79,
            "y": 1504.75
          },
          {
            "x": 779.88,
            "y": 1492.84
          },
          {
            "x": 752.09,
            "y": 1488.87
          },
          {
            "x": 754.07,
            "y": 1478.94
          },
          {
            "x": 740.18,
            "y": 1467.03
          },
          {
            "x": 734.22,
            "y": 1463.06
          },
          {
            "x": 724.3,
            "y": 1455.12
          },
          {
            "x": 702.46,
            "y": 1459.09
          },
          {
            "x": 692.53,
            "y": 1457.11
          },
          {
            "x": 684.59,
            "y": 1449.17
          },
          {
            "x": 678.64,
            "y": 1447.18
          },
          {
            "x": 664.74,
            "y": 1447.18
          },
          {
            "x": 656.8,
            "y": 1435.27
          },
          {
            "x": 644.89,
            "y": 1437.26
          },
          {
            "x": 640.92,
            "y": 1427.33
          },
          {
            "x": 632.98,
            "y": 1411.45
          },
          {
            "x": 623.06,
            "y": 1405.5
          },
          {
            "x": 603.21,
            "y": 1405.5
          },
          {
            "x": 583.35,
            "y": 1421.38
          },
          {
            "x": 557.55,
            "y": 1421.38
          },
          {
            "x": 543.65,
            "y": 1423.36
          },
          {
            "x": 525.79,
            "y": 1413.44
          },
          {
            "x": 516.8,
            "y": 1407.58
          },
          {
            "x": 508.31,
            "y": 1402.04
          },
          {
            "x": 502.41,
            "y": 1398.35
          },
          {
            "x": 499.09,
            "y": 1396.87
          },
          {
            "x": 495.03,
            "y": 1395.4
          },
          {
            "x": 486.54,
            "y": 1394.29
          },
          {
            "x": 479.16,
            "y": 1394.66
          },
          {
            "x": 470.67,
            "y": 1394.29
          },
          {
            "x": 464.02,
            "y": 1397.61
          },
          {
            "x": 459.96,
            "y": 1404.25
          },
          {
            "x": 452.21,
            "y": 1415.33
          },
          {
            "x": 429.28,
            "y": 1436.14
          },
          {
            "x": 418.69,
            "y": 1450.26
          },
          {
            "x": 406.33,
            "y": 1457.32
          },
          {
            "x": 400.15,
            "y": 1463.5
          },
          {
            "x": 392.21,
            "y": 1470.56
          },
          {
            "x": 388.68,
            "y": 1479.38
          },
          {
            "x": 376.32,
            "y": 1485.56
          },
          {
            "x": 363.97,
            "y": 1497.03
          },
          {
            "x": 355.14,
            "y": 1507.63
          },
          {
            "x": 300.46,
            "y": 1508.52
          },
          {
            "x": 245.5,
            "y": 1503.2
          },
          {
            "x": 195.87,
            "y": 1501.43
          },
          {
            "x": 125.82,
            "y": 1497.77
          },
          {
            "x": 81.13,
            "y": 1495.59
          },
          {
            "x": 34.27,
            "y": 1493.41
          },
          {
            "x": 1.57,
            "y": 1491.23
          }
        ]
      }
    },
    {
      "annotator": {
        "email": "order@bex.kg",
        "full_name": "Zhaparova  Nurzhan"
      },
      "name": "Spring field Polygon ",
      "polygon": {
        "path": [
          {
            "x": -0.89,
            "y": 295.87
          },
          {
            "x": 22.0,
            "y": 307.31
          },
          {
            "x": 42.99,
            "y": 309.22
          },
          {
            "x": 62.07,
            "y": 313.04
          },
          {
            "x": 88.77,
            "y": 316.85
          },
          {
            "x": 123.11,
            "y": 320.67
          },
          {
            "x": 166.99,
            "y": 314.94
          },
          {
            "x": 205.14,
            "y": 299.68
          },
          {
            "x": 249.02,
            "y": 278.7
          },
          {
            "x": 298.62,
            "y": 255.81
          },
          {
            "x": 334.86,
            "y": 246.27
          },
          {
            "x": 384.46,
            "y": 223.38
          },
          {
            "x": 418.8,
            "y": 215.75
          },
          {
            "x": 434.06,
            "y": 211.93
          },
          {
            "x": 477.94,
            "y": 213.84
          },
          {
            "x": 519.91,
            "y": 215.75
          },
          {
            "x": 577.14,
            "y": 221.47
          },
          {
            "x": 630.56,
            "y": 225.28
          },
          {
            "x": 664.89,
            "y": 236.73
          },
          {
            "x": 676.34,
            "y": 255.81
          },
          {
            "x": 676.34,
            "y": 267.25
          },
          {
            "x": 725.94,
            "y": 278.7
          },
          {
            "x": 800.34,
            "y": 293.96
          },
          {
            "x": 861.39,
            "y": 301.59
          },
          {
            "x": 910.98,
            "y": 311.13
          },
          {
            "x": 981.57,
            "y": 322.58
          },
          {
            "x": 1029.26,
            "y": 332.11
          },
          {
            "x": 1078.86,
            "y": 341.65
          },
          {
            "x": 1145.63,
            "y": 349.28
          },
          {
            "x": 1195.23,
            "y": 356.91
          },
          {
            "x": 1235.29,
            "y": 360.73
          },
          {
            "x": 1263.91,
            "y": 368.36
          },
          {
            "x": 1275.35,
            "y": 385.53
          },
          {
            "x": 1267.72,
            "y": 414.14
          },
          {
            "x": 1298.24,
            "y": 433.22
          },
          {
            "x": 1309.69,
            "y": 452.3
          },
          {
            "x": 1311.6,
            "y": 467.56
          },
          {
            "x": 1254.37,
            "y": 498.08
          },
          {
            "x": 1256.28,
            "y": 534.33
          },
          {
            "x": 1210.49,
            "y": 583.93
          },
          {
            "x": 1176.15,
            "y": 595.37
          },
          {
            "x": 1157.08,
            "y": 585.84
          },
          {
            "x": 1153.26,
            "y": 568.67
          },
          {
            "x": 1132.28,
            "y": 547.68
          },
          {
            "x": 1101.75,
            "y": 540.05
          },
          {
            "x": 1069.32,
            "y": 547.68
          },
          {
            "x": 1057.88,
            "y": 572.48
          },
          {
            "x": 1054.06,
            "y": 587.74
          },
          {
            "x": 1050.25,
            "y": 606.82
          },
          {
            "x": 1012.09,
            "y": 601.1
          },
          {
            "x": 985.38,
            "y": 614.45
          },
          {
            "x": 972.03,
            "y": 597.28
          },
          {
            "x": 958.68,
            "y": 576.3
          },
          {
            "x": 928.15,
            "y": 549.59
          },
          {
            "x": 893.82,
            "y": 549.59
          },
          {
            "x": 886.19,
            "y": 532.42
          },
          {
            "x": 846.12,
            "y": 538.14
          },
          {
            "x": 823.23,
            "y": 528.61
          },
          {
            "x": 804.15,
            "y": 540.05
          },
          {
            "x": 788.89,
            "y": 540.05
          },
          {
            "x": 760.28,
            "y": 543.87
          },
          {
            "x": 731.66,
            "y": 520.97
          },
          {
            "x": 699.23,
            "y": 515.25
          },
          {
            "x": 668.71,
            "y": 513.34
          },
          {
            "x": 632.46,
            "y": 538.14
          },
          {
            "x": 600.03,
            "y": 538.14
          },
          {
            "x": 552.34,
            "y": 538.14
          },
          {
            "x": 458.86,
            "y": 517.16
          },
          {
            "x": 344.4,
            "y": 492.36
          },
          {
            "x": 258.56,
            "y": 469.47
          },
          {
            "x": 187.97,
            "y": 454.21
          },
          {
            "x": 88.77,
            "y": 435.13
          },
          {
            "x": -0.89,
            "y": 412.24
          }
        ]
      }
    },
    {
      "annotator": {
        "email": "order@bex.kg",
        "full_name": "Zhaparova  Nurzhan"
      },
      "name": "Building Polygon",
      "polygon": {
        "path": [
          {
            "x": 2758,
            "y": 1663
          },
          {
            "x": 2758,
            "y": 1667
          },
          {
            "x": 2757,
            "y": 1668
          },
          {
            "x": 2756,
            "y": 1668
          },
          {
            "x": 2756,
            "y": 1671
          },
          {
            "x": 2755,
            "y": 1672
          },
          {
            "x": 2754,
            "y": 1672
          },
          {
            "x": 2754,
            "y": 1675
          },
          {
            "x": 2753,
            "y": 1676
          },
          {
            "x": 2752,
            "y": 1676
          },
          {
            "x": 2752,
            "y": 1682
          },
          {
            "x": 2751,
            "y": 1683
          },
          {
            "x": 2749,
            "y": 1683
          },
          {
            "x": 2749,
            "y": 1688
          },
          {
            "x": 2748,
            "y": 1689
          },
          {
            "x": 2747,
            "y": 1689
          },
          {
            "x": 2747,
            "y": 1694
          },
          {
            "x": 2746,
            "y": 1695
          },
          {
            "x": 2745,
            "y": 1695
          },
          {
            "x": 2745,
            "y": 1699
          },
          {
            "x": 2744,
            "y": 1700
          },
          {
            "x": 2743,
            "y": 1700
          },
          {
            "x": 2743,
            "y": 1705
          },
          {
            "x": 2742,
            "y": 1706
          },
          {
            "x": 2741,
            "y": 1706
          },
          {
            "x": 2741,
            "y": 1709
          },
          {
            "x": 2740,
            "y": 1710
          },
          {
            "x": 2739,
            "y": 1710
          },
          {
            "x": 2739,
            "y": 1716
          },
          {
            "x": 2738,
            "y": 1717
          },
          {
            "x": 2737,
            "y": 1717
          },
          {
            "x": 2737,
            "y": 1720
          },
          {
            "x": 2736,
            "y": 1721
          },
          {
            "x": 2735,
            "y": 1721
          },
          {
            "x": 2735,
            "y": 1726
          },
          {
            "x": 2734,
            "y": 1727
          },
          {
            "x": 2732,
            "y": 1727
          },
          {
            "x": 2732,
            "y": 1730
          },
          {
            "x": 2731,
            "y": 1731
          },
          {
            "x": 2730,
            "y": 1731
          },
          {
            "x": 2730,
            "y": 1737
          },
          {
            "x": 2729,
            "y": 1738
          },
          {
            "x": 2728,
            "y": 1738
          },
          {
            "x": 2728,
            "y": 1747
          },
          {
            "x": 2727,
            "y": 1748
          },
          {
            "x": 2726,
            "y": 1748
          },
          {
            "x": 2726,
            "y": 1758
          },
          {
            "x": 2725,
            "y": 1759
          },
          {
            "x": 2724,
            "y": 1759
          },
          {
            "x": 2724,
            "y": 1764
          },
          {
            "x": 2723,
            "y": 1765
          },
          {
            "x": 2722,
            "y": 1765
          },
          {
            "x": 2722,
            "y": 1771
          },
          {
            "x": 2721,
            "y": 1772
          },
          {
            "x": 2720,
            "y": 1772
          },
          {
            "x": 2720,
            "y": 1777
          },
          {
            "x": 2719,
            "y": 1778
          },
          {
            "x": 2718,
            "y": 1778
          },
          {
            "x": 2718,
            "y": 1784
          },
          {
            "x": 2717,
            "y": 1785
          },
          {
            "x": 2715,
            "y": 1785
          },
          {
            "x": 2715,
            "y": 1790
          },
          {
            "x": 2714,
            "y": 1791
          },
          {
            "x": 2713,
            "y": 1791
          },
          {
            "x": 2713,
            "y": 1798
          },
          {
            "x": 2712,
            "y": 1799
          },
          {
            "x": 2711,
            "y": 1799
          },
          {
            "x": 2711,
            "y": 1805
          },
          {
            "x": 2710,
            "y": 1806
          },
          {
            "x": 2709,
            "y": 1806
          },
          {
            "x": 2709,
            "y": 1811
          },
          {
            "x": 2708,
            "y": 1812
          },
          {
            "x": 2707,
            "y": 1812
          },
          {
            "x": 2707,
            "y": 1818
          },
          {
            "x": 2706,
            "y": 1819
          },
          {
            "x": 2705,
            "y": 1819
          },
          {
            "x": 2705,
            "y": 1824
          },
          {
            "x": 2704,
            "y": 1825
          },
          {
            "x": 2703,
            "y": 1825
          },
          {
            "x": 2703,
            "y": 1830
          },
          {
            "x": 2702,
            "y": 1831
          },
          {
            "x": 2701,
            "y": 1831
          },
          {
            "x": 2701,
            "y": 1837
          },
          {
            "x": 2700,
            "y": 1838
          },
          {
            "x": 2698,
            "y": 1838
          },
          {
            "x": 2698,
            "y": 1843
          },
          {
            "x": 2697,
            "y": 1844
          },
          {
            "x": 2696,
            "y": 1844
          },
          {
            "x": 2696,
            "y": 1850
          },
          {
            "x": 2695,
            "y": 1851
          },
          {
            "x": 2694,
            "y": 1851
          },
          {
            "x": 2694,
            "y": 1856
          },
          {
            "x": 2693,
            "y": 1857
          },
          {
            "x": 2692,
            "y": 1857
          },
          {
            "x": 2692,
            "y": 1862
          },
          {
            "x": 2691,
            "y": 1863
          },
          {
            "x": 2690,
            "y": 1863
          },
          {
            "x": 2690,
            "y": 1881
          },
          {
            "x": 2691,
            "y": 1881
          },
          {
            "x": 2692,
            "y": 1882
          },
          {
            "x": 2692,
            "y": 1886
          },
          {
            "x": 2693,
            "y": 1886
          },
          {
            "x": 2694,
            "y": 1887
          },
          {
            "x": 2694,
            "y": 1911
          },
          {
            "x": 2693,
            "y": 1912
          },
          {
            "x": 2692,
            "y": 1912
          },
          {
            "x": 2692,
            "y": 1926
          },
          {
            "x": 2691,
            "y": 1927
          },
          {
            "x": 2690,
            "y": 1927
          },
          {
            "x": 2690,
            "y": 1941
          },
          {
            "x": 2689,
            "y": 1942
          },
          {
            "x": 2688,
            "y": 1942
          },
          {
            "x": 2688,
            "y": 1964
          },
          {
            "x": 2689,
            "y": 1964
          },
          {
            "x": 2690,
            "y": 1965
          },
          {
            "x": 2690,
            "y": 1966
          },
          {
            "x": 2691,
            "y": 1966
          },
          {
            "x": 2692,
            "y": 1967
          },
          {
            "x": 2692,
            "y": 1971
          },
          {
            "x": 2693,
            "y": 1971
          },
          {
            "x": 2694,
            "y": 1972
          },
          {
            "x": 2694,
            "y": 1973
          },
          {
            "x": 2695,
            "y": 1973
          },
          {
            "x": 2696,
            "y": 1974
          },
          {
            "x": 2696,
            "y": 1977
          },
          {
            "x": 2697,
            "y": 1977
          },
          {
            "x": 2698,
            "y": 1978
          },
          {
            "x": 2698,
            "y": 1981
          },
          {
            "x": 2700,
            "y": 1981
          },
          {
            "x": 2701,
            "y": 1982
          },
          {
            "x": 2701,
            "y": 1983
          },
          {
            "x": 2702,
            "y": 1983
          },
          {
            "x": 2703,
            "y": 1984
          },
          {
            "x": 2703,
            "y": 1986
          },
          {
            "x": 2704,
            "y": 1986
          },
          {
            "x": 2705,
            "y": 1987
          },
          {
            "x": 2705,
            "y": 1988
          },
          {
            "x": 2706,
            "y": 1988
          },
          {
            "x": 2707,
            "y": 1989
          },
          {
            "x": 2707,
            "y": 1990
          },
          {
            "x": 2710,
            "y": 1990
          },
          {
            "x": 2711,
            "y": 1991
          },
          {
            "x": 2711,
            "y": 1992
          },
          {
            "x": 2714,
            "y": 1992
          },
          {
            "x": 2715,
            "y": 1993
          },
          {
            "x": 2715,
            "y": 1994
          },
          {
            "x": 2725,
            "y": 1994
          },
          {
            "x": 2726,
            "y": 1995
          },
          {
            "x": 2726,
            "y": 1996
          },
          {
            "x": 2740,
            "y": 1996
          },
          {
            "x": 2740,
            "y": 1995
          },
          {
            "x": 2741,
            "y": 1994
          },
          {
            "x": 2748,
            "y": 1994
          },
          {
            "x": 2748,
            "y": 1993
          },
          {
            "x": 2749,
            "y": 1992
          },
          {
            "x": 2753,
            "y": 1992
          },
          {
            "x": 2753,
            "y": 1991
          },
          {
            "x": 2754,
            "y": 1990
          },
          {
            "x": 2757,
            "y": 1990
          },
          {
            "x": 2757,
            "y": 1989
          },
          {
            "x": 2758,
            "y": 1988
          },
          {
            "x": 2768,
            "y": 1988
          },
          {
            "x": 2768,
            "y": 1987
          },
          {
            "x": 2769,
            "y": 1986
          },
          {
            "x": 2772,
            "y": 1986
          },
          {
            "x": 2773,
            "y": 1987
          },
          {
            "x": 2773,
            "y": 1988
          },
          {
            "x": 2776,
            "y": 1988
          },
          {
            "x": 2777,
            "y": 1989
          },
          {
            "x": 2777,
            "y": 1990
          },
          {
            "x": 2778,
            "y": 1990
          },
          {
            "x": 2779,
            "y": 1991
          },
          {
            "x": 2779,
            "y": 1992
          },
          {
            "x": 2780,
            "y": 1992
          },
          {
            "x": 2781,
            "y": 1993
          },
          {
            "x": 2781,
            "y": 1994
          },
          {
            "x": 2782,
            "y": 1994
          },
          {
            "x": 2783,
            "y": 1995
          },
          {
            "x": 2783,
            "y": 1996
          },
          {
            "x": 2787,
            "y": 1996
          },
          {
            "x": 2788,
            "y": 1997
          },
          {
            "x": 2788,
            "y": 1998
          },
          {
            "x": 2789,
            "y": 1998
          },
          {
            "x": 2790,
            "y": 1999
          },
          {
            "x": 2790,
            "y": 2000
          },
          {
            "x": 2791,
            "y": 2000
          },
          {
            "x": 2792,
            "y": 2001
          },
          {
            "x": 2792,
            "y": 2005
          },
          {
            "x": 2793,
            "y": 2005
          },
          {
            "x": 2794,
            "y": 2006
          },
          {
            "x": 2794,
            "y": 2011
          },
          {
            "x": 2795,
            "y": 2011
          },
          {
            "x": 2796,
            "y": 2012
          },
          {
            "x": 2796,
            "y": 2015
          },
          {
            "x": 2797,
            "y": 2015
          },
          {
            "x": 2798,
            "y": 2016
          },
          {
            "x": 2798,
            "y": 2018.0
          },
          {
            "x": 2799,
            "y": 2018.0
          },
          {
            "x": 2800,
            "y": 2019.0
          },
          {
            "x": 2800,
            "y": 2020.0
          },
          {
            "x": 2802,
            "y": 2020.0
          },
          {
            "x": 2803,
            "y": 2021.0
          },
          {
            "x": 2803,
            "y": 2022.0
          },
          {
            "x": 2804,
            "y": 2022.0
          },
          {
            "x": 2805,
            "y": 2023.0
          },
          {
            "x": 2805,
            "y": 2024
          },
          {
            "x": 2806,
            "y": 2024
          },
          {
            "x": 2807,
            "y": 2025
          },
          {
            "x": 2807,
            "y": 2026
          },
          {
            "x": 2808,
            "y": 2026
          },
          {
            "x": 2809,
            "y": 2027
          },
          {
            "x": 2809,
            "y": 2028
          },
          {
            "x": 2812,
            "y": 2028
          },
          {
            "x": 2813,
            "y": 2029.0
          },
          {
            "x": 2813,
            "y": 2030.0
          },
          {
            "x": 2817,
            "y": 2030.0
          },
          {
            "x": 2818,
            "y": 2031.0
          },
          {
            "x": 2818,
            "y": 2032.0
          },
          {
            "x": 2823,
            "y": 2032.0
          },
          {
            "x": 2824,
            "y": 2033.0
          },
          {
            "x": 2824,
            "y": 2035
          },
          {
            "x": 2831,
            "y": 2035
          },
          {
            "x": 2832,
            "y": 2036
          },
          {
            "x": 2832,
            "y": 2037
          },
          {
            "x": 2838,
            "y": 2037
          },
          {
            "x": 2839,
            "y": 2038
          },
          {
            "x": 2839,
            "y": 2039
          },
          {
            "x": 2844,
            "y": 2039
          },
          {
            "x": 2845,
            "y": 2040.0
          },
          {
            "x": 2845,
            "y": 2041.0
          },
          {
            "x": 2851,
            "y": 2041.0
          },
          {
            "x": 2852,
            "y": 2042.0
          },
          {
            "x": 2852,
            "y": 2043.0
          },
          {
            "x": 2857,
            "y": 2043.0
          },
          {
            "x": 2858,
            "y": 2044.0
          },
          {
            "x": 2858,
            "y": 2045.0
          },
          {
            "x": 2865,
            "y": 2045.0
          },
          {
            "x": 2866,
            "y": 2046
          },
          {
            "x": 2866,
            "y": 2047
          },
          {
            "x": 2874,
            "y": 2047
          },
          {
            "x": 2875,
            "y": 2048
          },
          {
            "x": 2875,
            "y": 2049
          },
          {
            "x": 2885,
            "y": 2049
          },
          {
            "x": 2886,
            "y": 2050
          },
          {
            "x": 2886,
            "y": 2052
          },
          {
            "x": 2893,
            "y": 2052
          },
          {
            "x": 2894,
            "y": 2053
          },
          {
            "x": 2894,
            "y": 2054
          },
          {
            "x": 2899,
            "y": 2054
          },
          {
            "x": 2900,
            "y": 2055
          },
          {
            "x": 2900,
            "y": 2056
          },
          {
            "x": 2908,
            "y": 2056
          },
          {
            "x": 2909,
            "y": 2057
          },
          {
            "x": 2909,
            "y": 2058
          },
          {
            "x": 2916,
            "y": 2058
          },
          {
            "x": 2917,
            "y": 2059
          },
          {
            "x": 2917,
            "y": 2060
          },
          {
            "x": 2925,
            "y": 2060
          },
          {
            "x": 2926,
            "y": 2061
          },
          {
            "x": 2926,
            "y": 2062
          },
          {
            "x": 2931,
            "y": 2062
          },
          {
            "x": 2932,
            "y": 2063
          },
          {
            "x": 2932,
            "y": 2064
          },
          {
            "x": 2938,
            "y": 2064
          },
          {
            "x": 2939,
            "y": 2065
          },
          {
            "x": 2939,
            "y": 2066
          },
          {
            "x": 2940,
            "y": 2066
          },
          {
            "x": 2941,
            "y": 2067
          },
          {
            "x": 2941,
            "y": 2069
          },
          {
            "x": 2944,
            "y": 2069
          },
          {
            "x": 2945,
            "y": 2070
          },
          {
            "x": 2945,
            "y": 2071
          },
          {
            "x": 2946,
            "y": 2071
          },
          {
            "x": 2947,
            "y": 2072
          },
          {
            "x": 2947,
            "y": 2073
          },
          {
            "x": 2948,
            "y": 2073
          },
          {
            "x": 2949,
            "y": 2074
          },
          {
            "x": 2949,
            "y": 2086
          },
          {
            "x": 2950,
            "y": 2086
          },
          {
            "x": 2951,
            "y": 2087
          },
          {
            "x": 2951,
            "y": 2090
          },
          {
            "x": 2953,
            "y": 2090
          },
          {
            "x": 2954,
            "y": 2091
          },
          {
            "x": 2954,
            "y": 2094
          },
          {
            "x": 2955,
            "y": 2094
          },
          {
            "x": 2956,
            "y": 2095
          },
          {
            "x": 2956,
            "y": 2098
          },
          {
            "x": 2957,
            "y": 2098
          },
          {
            "x": 2958,
            "y": 2099
          },
          {
            "x": 2958,
            "y": 2100
          },
          {
            "x": 2961,
            "y": 2100
          },
          {
            "x": 2962,
            "y": 2101
          },
          {
            "x": 2962,
            "y": 2103
          },
          {
            "x": 2963,
            "y": 2103
          },
          {
            "x": 2964,
            "y": 2104
          },
          {
            "x": 2964,
            "y": 2105
          },
          {
            "x": 2972,
            "y": 2105
          },
          {
            "x": 2973,
            "y": 2106
          },
          {
            "x": 2973,
            "y": 2107
          },
          {
            "x": 2974,
            "y": 2107
          },
          {
            "x": 2975,
            "y": 2108
          },
          {
            "x": 2975,
            "y": 2109
          },
          {
            "x": 2976,
            "y": 2109
          },
          {
            "x": 2977,
            "y": 2110
          },
          {
            "x": 2977,
            "y": 2115
          },
          {
            "x": 2978,
            "y": 2115
          },
          {
            "x": 2979,
            "y": 2116
          },
          {
            "x": 2979,
            "y": 2120
          },
          {
            "x": 2980,
            "y": 2120
          },
          {
            "x": 2981,
            "y": 2121
          },
          {
            "x": 2981,
            "y": 2124
          },
          {
            "x": 2982,
            "y": 2124
          },
          {
            "x": 2983,
            "y": 2125
          },
          {
            "x": 2983,
            "y": 2126
          },
          {
            "x": 2984,
            "y": 2126
          },
          {
            "x": 2985,
            "y": 2127
          },
          {
            "x": 2985,
            "y": 2132
          },
          {
            "x": 2987,
            "y": 2132
          },
          {
            "x": 2988,
            "y": 2133
          },
          {
            "x": 2988,
            "y": 2147
          },
          {
            "x": 2987,
            "y": 2148
          },
          {
            "x": 2985,
            "y": 2148
          },
          {
            "x": 2985,
            "y": 2162
          },
          {
            "x": 2984,
            "y": 2163
          },
          {
            "x": 2983,
            "y": 2163
          },
          {
            "x": 2983,
            "y": 2164
          },
          {
            "x": 2982,
            "y": 2165
          },
          {
            "x": 2979,
            "y": 2165
          },
          {
            "x": 2979,
            "y": 2166
          },
          {
            "x": 2978,
            "y": 2167
          },
          {
            "x": 2977,
            "y": 2167
          },
          {
            "x": 2977,
            "y": 2168
          },
          {
            "x": 2976,
            "y": 2169
          },
          {
            "x": 2975,
            "y": 2169
          },
          {
            "x": 2975,
            "y": 2171
          },
          {
            "x": 2974,
            "y": 2172
          },
          {
            "x": 2973,
            "y": 2172
          },
          {
            "x": 2973,
            "y": 2173
          },
          {
            "x": 2972,
            "y": 2174
          },
          {
            "x": 2966,
            "y": 2174
          },
          {
            "x": 2966,
            "y": 2196
          },
          {
            "x": 2967,
            "y": 2196
          },
          {
            "x": 2968,
            "y": 2197
          },
          {
            "x": 2968,
            "y": 2198
          },
          {
            "x": 2970,
            "y": 2198
          },
          {
            "x": 2971,
            "y": 2199
          },
          {
            "x": 2971,
            "y": 2205
          },
          {
            "x": 2972,
            "y": 2205
          },
          {
            "x": 2973,
            "y": 2206
          },
          {
            "x": 2973,
            "y": 2211
          },
          {
            "x": 2974,
            "y": 2211
          },
          {
            "x": 2975,
            "y": 2212
          },
          {
            "x": 2975,
            "y": 2215
          },
          {
            "x": 2976,
            "y": 2215
          },
          {
            "x": 2977,
            "y": 2216
          },
          {
            "x": 2977,
            "y": 2220
          },
          {
            "x": 2978,
            "y": 2220
          },
          {
            "x": 2979,
            "y": 2221
          },
          {
            "x": 2979,
            "y": 2222
          },
          {
            "x": 2980,
            "y": 2222
          },
          {
            "x": 2981,
            "y": 2223
          },
          {
            "x": 2981,
            "y": 2226
          },
          {
            "x": 2982,
            "y": 2226
          },
          {
            "x": 2983,
            "y": 2227
          },
          {
            "x": 2983,
            "y": 2228
          },
          {
            "x": 2987,
            "y": 2228
          },
          {
            "x": 2988,
            "y": 2229
          },
          {
            "x": 2988,
            "y": 2230
          },
          {
            "x": 2989,
            "y": 2230
          },
          {
            "x": 2990,
            "y": 2231
          },
          {
            "x": 2990,
            "y": 2232
          },
          {
            "x": 2993,
            "y": 2232
          },
          {
            "x": 2994,
            "y": 2233
          },
          {
            "x": 2994,
            "y": 2234
          },
          {
            "x": 3001,
            "y": 2234
          },
          {
            "x": 3002,
            "y": 2235
          },
          {
            "x": 3002,
            "y": 2237
          },
          {
            "x": 3010,
            "y": 2237
          },
          {
            "x": 3011,
            "y": 2238
          },
          {
            "x": 3011,
            "y": 2239
          },
          {
            "x": 3029,
            "y": 2239
          },
          {
            "x": 3030,
            "y": 2240
          },
          {
            "x": 3030,
            "y": 2241
          },
          {
            "x": 3036,
            "y": 2241
          },
          {
            "x": 3037,
            "y": 2242
          },
          {
            "x": 3037,
            "y": 2243
          },
          {
            "x": 3042,
            "y": 2243
          },
          {
            "x": 3043,
            "y": 2244
          },
          {
            "x": 3043,
            "y": 2245
          },
          {
            "x": 3048,
            "y": 2245
          },
          {
            "x": 3049,
            "y": 2246
          },
          {
            "x": 3049,
            "y": 2247
          },
          {
            "x": 3053,
            "y": 2247
          },
          {
            "x": 3054,
            "y": 2248
          },
          {
            "x": 3054,
            "y": 2249
          },
          {
            "x": 3057,
            "y": 2249
          },
          {
            "x": 3058,
            "y": 2250
          },
          {
            "x": 3058,
            "y": 2251
          },
          {
            "x": 3063,
            "y": 2251
          },
          {
            "x": 3064,
            "y": 2252
          },
          {
            "x": 3064,
            "y": 2254
          },
          {
            "x": 3070,
            "y": 2254
          },
          {
            "x": 3071,
            "y": 2255
          },
          {
            "x": 3071,
            "y": 2256
          },
          {
            "x": 3074,
            "y": 2256
          },
          {
            "x": 3075,
            "y": 2257
          },
          {
            "x": 3075,
            "y": 2258
          },
          {
            "x": 3080,
            "y": 2258
          },
          {
            "x": 3081,
            "y": 2259
          },
          {
            "x": 3081,
            "y": 2260
          },
          {
            "x": 3089,
            "y": 2260
          },
          {
            "x": 3090,
            "y": 2261
          },
          {
            "x": 3090,
            "y": 2262
          },
          {
            "x": 3095,
            "y": 2262
          },
          {
            "x": 3096,
            "y": 2263
          },
          {
            "x": 3096,
            "y": 2264
          },
          {
            "x": 3101,
            "y": 2264
          },
          {
            "x": 3102,
            "y": 2265
          },
          {
            "x": 3102,
            "y": 2266
          },
          {
            "x": 3110,
            "y": 2266
          },
          {
            "x": 3111,
            "y": 2267
          },
          {
            "x": 3111,
            "y": 2268
          },
          {
            "x": 3118,
            "y": 2268
          },
          {
            "x": 3119,
            "y": 2269
          },
          {
            "x": 3119,
            "y": 2271
          },
          {
            "x": 3125,
            "y": 2271
          },
          {
            "x": 3126,
            "y": 2272
          },
          {
            "x": 3126,
            "y": 2273
          },
          {
            "x": 3129,
            "y": 2273
          },
          {
            "x": 3130,
            "y": 2274
          },
          {
            "x": 3130,
            "y": 2275
          },
          {
            "x": 3133,
            "y": 2275
          },
          {
            "x": 3134,
            "y": 2276
          },
          {
            "x": 3134,
            "y": 2277
          },
          {
            "x": 3140,
            "y": 2277
          },
          {
            "x": 3141,
            "y": 2278
          },
          {
            "x": 3141,
            "y": 2279
          },
          {
            "x": 3144,
            "y": 2279
          },
          {
            "x": 3145,
            "y": 2280
          },
          {
            "x": 3145,
            "y": 2281
          },
          {
            "x": 3148,
            "y": 2281
          },
          {
            "x": 3149,
            "y": 2282
          },
          {
            "x": 3149,
            "y": 2283
          },
          {
            "x": 3152,
            "y": 2283
          },
          {
            "x": 3153,
            "y": 2284
          },
          {
            "x": 3153,
            "y": 2285
          },
          {
            "x": 3155,
            "y": 2285
          },
          {
            "x": 3155,
            "y": 2284
          },
          {
            "x": 3156,
            "y": 2283
          },
          {
            "x": 3161,
            "y": 2283
          },
          {
            "x": 3161,
            "y": 2282
          },
          {
            "x": 3162,
            "y": 2281
          },
          {
            "x": 3163,
            "y": 2281
          },
          {
            "x": 3163,
            "y": 2278
          },
          {
            "x": 3164,
            "y": 2277
          },
          {
            "x": 3165,
            "y": 2277
          },
          {
            "x": 3165,
            "y": 2274
          },
          {
            "x": 3166,
            "y": 2273
          },
          {
            "x": 3167,
            "y": 2273
          },
          {
            "x": 3167,
            "y": 2269
          },
          {
            "x": 3168,
            "y": 2268
          },
          {
            "x": 3169,
            "y": 2268
          },
          {
            "x": 3169,
            "y": 2265
          },
          {
            "x": 3170,
            "y": 2264
          },
          {
            "x": 3172,
            "y": 2264
          },
          {
            "x": 3173,
            "y": 2265
          },
          {
            "x": 3173,
            "y": 2266
          },
          {
            "x": 3176,
            "y": 2266
          },
          {
            "x": 3177,
            "y": 2267
          },
          {
            "x": 3177,
            "y": 2268
          },
          {
            "x": 3180,
            "y": 2268
          },
          {
            "x": 3181,
            "y": 2269
          },
          {
            "x": 3181,
            "y": 2271
          },
          {
            "x": 3184,
            "y": 2271
          },
          {
            "x": 3185,
            "y": 2272
          },
          {
            "x": 3185,
            "y": 2273
          },
          {
            "x": 3191,
            "y": 2273
          },
          {
            "x": 3192,
            "y": 2274
          },
          {
            "x": 3192,
            "y": 2275
          },
          {
            "x": 3195,
            "y": 2275
          },
          {
            "x": 3196,
            "y": 2276
          },
          {
            "x": 3196,
            "y": 2277
          },
          {
            "x": 3203,
            "y": 2277
          },
          {
            "x": 3204,
            "y": 2278
          },
          {
            "x": 3204,
            "y": 2279
          },
          {
            "x": 3210,
            "y": 2279
          },
          {
            "x": 3211,
            "y": 2280
          },
          {
            "x": 3211,
            "y": 2281
          },
          {
            "x": 3221,
            "y": 2281
          },
          {
            "x": 3222,
            "y": 2282
          },
          {
            "x": 3222,
            "y": 2283
          },
          {
            "x": 3227,
            "y": 2283
          },
          {
            "x": 3228,
            "y": 2284
          },
          {
            "x": 3228,
            "y": 2285
          },
          {
            "x": 3231,
            "y": 2285
          },
          {
            "x": 3232,
            "y": 2286
          },
          {
            "x": 3232,
            "y": 2288
          },
          {
            "x": 3235,
            "y": 2288
          },
          {
            "x": 3236,
            "y": 2289
          },
          {
            "x": 3236,
            "y": 2290
          },
          {
            "x": 3238,
            "y": 2290
          },
          {
            "x": 3239,
            "y": 2291
          },
          {
            "x": 3239,
            "y": 2292
          },
          {
            "x": 3240,
            "y": 2292
          },
          {
            "x": 3241,
            "y": 2293
          },
          {
            "x": 3241,
            "y": 2294
          },
          {
            "x": 3242,
            "y": 2294
          },
          {
            "x": 3243,
            "y": 2295
          },
          {
            "x": 3243,
            "y": 2296
          },
          {
            "x": 3246,
            "y": 2296
          },
          {
            "x": 3247,
            "y": 2297
          },
          {
            "x": 3247,
            "y": 2298
          },
          {
            "x": 3250,
            "y": 2298
          },
          {
            "x": 3251,
            "y": 2299
          },
          {
            "x": 3251,
            "y": 2300
          },
          {
            "x": 3255,
            "y": 2300
          },
          {
            "x": 3256,
            "y": 2301
          },
          {
            "x": 3256,
            "y": 2302
          },
          {
            "x": 3259,
            "y": 2302
          },
          {
            "x": 3260,
            "y": 2303
          },
          {
            "x": 3260,
            "y": 2305
          },
          {
            "x": 3261,
            "y": 2305
          },
          {
            "x": 3262,
            "y": 2306
          },
          {
            "x": 3262,
            "y": 2307
          },
          {
            "x": 3267,
            "y": 2307
          },
          {
            "x": 3268,
            "y": 2308
          },
          {
            "x": 3268,
            "y": 2309
          },
          {
            "x": 3272,
            "y": 2309
          },
          {
            "x": 3273,
            "y": 2310
          },
          {
            "x": 3273,
            "y": 2311
          },
          {
            "x": 3278,
            "y": 2311
          },
          {
            "x": 3279,
            "y": 2312
          },
          {
            "x": 3279,
            "y": 2313
          },
          {
            "x": 3282,
            "y": 2313
          },
          {
            "x": 3283,
            "y": 2314
          },
          {
            "x": 3283,
            "y": 2315
          },
          {
            "x": 3286,
            "y": 2315
          },
          {
            "x": 3287,
            "y": 2316
          },
          {
            "x": 3287,
            "y": 2317
          },
          {
            "x": 3293,
            "y": 2317
          },
          {
            "x": 3294,
            "y": 2318
          },
          {
            "x": 3294,
            "y": 2319
          },
          {
            "x": 3301,
            "y": 2319
          },
          {
            "x": 3302,
            "y": 2320
          },
          {
            "x": 3302,
            "y": 2322
          },
          {
            "x": 3308,
            "y": 2322
          },
          {
            "x": 3309,
            "y": 2323
          },
          {
            "x": 3309,
            "y": 2324
          },
          {
            "x": 3316,
            "y": 2324
          },
          {
            "x": 3317,
            "y": 2325
          },
          {
            "x": 3317,
            "y": 2326
          },
          {
            "x": 3325,
            "y": 2326
          },
          {
            "x": 3326,
            "y": 2327
          },
          {
            "x": 3326,
            "y": 2328
          },
          {
            "x": 3327,
            "y": 2328
          },
          {
            "x": 3328,
            "y": 2329
          },
          {
            "x": 3328,
            "y": 2330
          },
          {
            "x": 3331,
            "y": 2330
          },
          {
            "x": 3332,
            "y": 2331
          },
          {
            "x": 3332,
            "y": 2332
          },
          {
            "x": 3335,
            "y": 2332
          },
          {
            "x": 3336,
            "y": 2333
          },
          {
            "x": 3336,
            "y": 2334
          },
          {
            "x": 3340,
            "y": 2334
          },
          {
            "x": 3341,
            "y": 2335
          },
          {
            "x": 3341,
            "y": 2336
          },
          {
            "x": 3348,
            "y": 2336
          },
          {
            "x": 3349,
            "y": 2337
          },
          {
            "x": 3349,
            "y": 2339
          },
          {
            "x": 3354,
            "y": 2339
          },
          {
            "x": 3355,
            "y": 2340
          },
          {
            "x": 3355,
            "y": 2341
          },
          {
            "x": 3361,
            "y": 2341
          },
          {
            "x": 3362,
            "y": 2342
          },
          {
            "x": 3362,
            "y": 2343
          },
          {
            "x": 3367,
            "y": 2343
          },
          {
            "x": 3368,
            "y": 2344
          },
          {
            "x": 3368,
            "y": 2345
          },
          {
            "x": 3371,
            "y": 2345
          },
          {
            "x": 3372,
            "y": 2346
          },
          {
            "x": 3372,
            "y": 2347
          },
          {
            "x": 3386,
            "y": 2347
          },
          {
            "x": 3386,
            "y": 2346
          },
          {
            "x": 3387,
            "y": 2345
          },
          {
            "x": 3391,
            "y": 2345
          },
          {
            "x": 3392,
            "y": 2346
          },
          {
            "x": 3392,
            "y": 2347
          },
          {
            "x": 3397,
            "y": 2347
          },
          {
            "x": 3398,
            "y": 2348
          },
          {
            "x": 3398,
            "y": 2349
          },
          {
            "x": 3405,
            "y": 2349
          },
          {
            "x": 3406,
            "y": 2350
          },
          {
            "x": 3406,
            "y": 2351
          },
          {
            "x": 3412,
            "y": 2351
          },
          {
            "x": 3413,
            "y": 2352
          },
          {
            "x": 3413,
            "y": 2353
          },
          {
            "x": 3416,
            "y": 2353
          },
          {
            "x": 3417,
            "y": 2354
          },
          {
            "x": 3417,
            "y": 2356
          },
          {
            "x": 3418,
            "y": 2356
          },
          {
            "x": 3419,
            "y": 2357
          },
          {
            "x": 3419,
            "y": 2358
          },
          {
            "x": 3425,
            "y": 2358
          },
          {
            "x": 3426,
            "y": 2359
          },
          {
            "x": 3426,
            "y": 2360
          },
          {
            "x": 3429,
            "y": 2360
          },
          {
            "x": 3430,
            "y": 2361
          },
          {
            "x": 3430,
            "y": 2362
          },
          {
            "x": 3435,
            "y": 2362
          },
          {
            "x": 3436,
            "y": 2363
          },
          {
            "x": 3436,
            "y": 2364
          },
          {
            "x": 3440,
            "y": 2364
          },
          {
            "x": 3441,
            "y": 2365
          },
          {
            "x": 3441,
            "y": 2366
          },
          {
            "x": 3444,
            "y": 2366
          },
          {
            "x": 3445,
            "y": 2367
          },
          {
            "x": 3445,
            "y": 2368
          },
          {
            "x": 3448,
            "y": 2368
          },
          {
            "x": 3449,
            "y": 2369
          },
          {
            "x": 3449,
            "y": 2370
          },
          {
            "x": 3452,
            "y": 2370
          },
          {
            "x": 3453,
            "y": 2371
          },
          {
            "x": 3453,
            "y": 2373
          },
          {
            "x": 3454,
            "y": 2373
          },
          {
            "x": 3455,
            "y": 2374
          },
          {
            "x": 3455,
            "y": 2375
          },
          {
            "x": 3461,
            "y": 2375
          },
          {
            "x": 3462,
            "y": 2376
          },
          {
            "x": 3462,
            "y": 2377
          },
          {
            "x": 3484,
            "y": 2377
          },
          {
            "x": 3485,
            "y": 2378
          },
          {
            "x": 3485,
            "y": 2379
          },
          {
            "x": 3495,
            "y": 2379
          },
          {
            "x": 3496,
            "y": 2380
          },
          {
            "x": 3496,
            "y": 2381
          },
          {
            "x": 3501,
            "y": 2381
          },
          {
            "x": 3502,
            "y": 2382
          },
          {
            "x": 3502,
            "y": 2383
          },
          {
            "x": 3529,
            "y": 2383
          },
          {
            "x": 3529,
            "y": 2382
          },
          {
            "x": 3530,
            "y": 2381
          },
          {
            "x": 3533,
            "y": 2381
          },
          {
            "x": 3533,
            "y": 2380
          },
          {
            "x": 3534,
            "y": 2379
          },
          {
            "x": 3535,
            "y": 2379
          },
          {
            "x": 3535,
            "y": 2378
          },
          {
            "x": 3536,
            "y": 2377
          },
          {
            "x": 3537,
            "y": 2377
          },
          {
            "x": 3537,
            "y": 2376
          },
          {
            "x": 3538,
            "y": 2375
          },
          {
            "x": 3539,
            "y": 2375
          },
          {
            "x": 3539,
            "y": 2374
          },
          {
            "x": 3540,
            "y": 2373
          },
          {
            "x": 3542,
            "y": 2373
          },
          {
            "x": 3542,
            "y": 2371
          },
          {
            "x": 3543,
            "y": 2370
          },
          {
            "x": 3544,
            "y": 2370
          },
          {
            "x": 3544,
            "y": 2369
          },
          {
            "x": 3545,
            "y": 2368
          },
          {
            "x": 3546,
            "y": 2368
          },
          {
            "x": 3546,
            "y": 2365
          },
          {
            "x": 3547,
            "y": 2364
          },
          {
            "x": 3548,
            "y": 2364
          },
          {
            "x": 3548,
            "y": 2361
          },
          {
            "x": 3549,
            "y": 2360
          },
          {
            "x": 3550,
            "y": 2360
          },
          {
            "x": 3550,
            "y": 2346
          },
          {
            "x": 3551,
            "y": 2345
          },
          {
            "x": 3552,
            "y": 2345
          },
          {
            "x": 3552,
            "y": 2333
          },
          {
            "x": 3553,
            "y": 2332
          },
          {
            "x": 3554,
            "y": 2332
          },
          {
            "x": 3554,
            "y": 2320
          },
          {
            "x": 3555,
            "y": 2319
          },
          {
            "x": 3556,
            "y": 2319
          },
          {
            "x": 3556,
            "y": 2308
          },
          {
            "x": 3557,
            "y": 2307
          },
          {
            "x": 3559,
            "y": 2307
          },
          {
            "x": 3559,
            "y": 2293
          },
          {
            "x": 3560,
            "y": 2292
          },
          {
            "x": 3561,
            "y": 2292
          },
          {
            "x": 3561,
            "y": 2282
          },
          {
            "x": 3562,
            "y": 2281
          },
          {
            "x": 3563,
            "y": 2281
          },
          {
            "x": 3563,
            "y": 2267
          },
          {
            "x": 3564,
            "y": 2266
          },
          {
            "x": 3565,
            "y": 2266
          },
          {
            "x": 3565,
            "y": 2252
          },
          {
            "x": 3566,
            "y": 2251
          },
          {
            "x": 3567,
            "y": 2251
          },
          {
            "x": 3567,
            "y": 2233
          },
          {
            "x": 3568,
            "y": 2232
          },
          {
            "x": 3569,
            "y": 2232
          },
          {
            "x": 3569,
            "y": 2221
          },
          {
            "x": 3570,
            "y": 2220
          },
          {
            "x": 3571,
            "y": 2220
          },
          {
            "x": 3571,
            "y": 2210
          },
          {
            "x": 3572,
            "y": 2209
          },
          {
            "x": 3573,
            "y": 2209
          },
          {
            "x": 3573,
            "y": 2197
          },
          {
            "x": 3574,
            "y": 2196
          },
          {
            "x": 3576,
            "y": 2196
          },
          {
            "x": 3576,
            "y": 2186
          },
          {
            "x": 3577,
            "y": 2185
          },
          {
            "x": 3578,
            "y": 2185
          },
          {
            "x": 3578,
            "y": 2176
          },
          {
            "x": 3579,
            "y": 2175
          },
          {
            "x": 3580,
            "y": 2175
          },
          {
            "x": 3580,
            "y": 2165
          },
          {
            "x": 3581,
            "y": 2164
          },
          {
            "x": 3582,
            "y": 2164
          },
          {
            "x": 3582,
            "y": 2157
          },
          {
            "x": 3583,
            "y": 2156
          },
          {
            "x": 3584,
            "y": 2156
          },
          {
            "x": 3584,
            "y": 2127
          },
          {
            "x": 3583,
            "y": 2127
          },
          {
            "x": 3582,
            "y": 2126
          },
          {
            "x": 3582,
            "y": 2121
          },
          {
            "x": 3581,
            "y": 2121
          },
          {
            "x": 3580,
            "y": 2120
          },
          {
            "x": 3580,
            "y": 2116
          },
          {
            "x": 3579,
            "y": 2116
          },
          {
            "x": 3578,
            "y": 2115
          },
          {
            "x": 3578,
            "y": 2112
          },
          {
            "x": 3577,
            "y": 2112
          },
          {
            "x": 3576,
            "y": 2111
          },
          {
            "x": 3576,
            "y": 2106
          },
          {
            "x": 3574,
            "y": 2106
          },
          {
            "x": 3573,
            "y": 2105
          },
          {
            "x": 3573,
            "y": 2097
          },
          {
            "x": 3572,
            "y": 2097
          },
          {
            "x": 3571,
            "y": 2096
          },
          {
            "x": 3571,
            "y": 2091
          },
          {
            "x": 3570,
            "y": 2091
          },
          {
            "x": 3569,
            "y": 2090
          },
          {
            "x": 3569,
            "y": 2084
          },
          {
            "x": 3568,
            "y": 2084
          },
          {
            "x": 3567,
            "y": 2083
          },
          {
            "x": 3567,
            "y": 2076
          },
          {
            "x": 3566,
            "y": 2076
          },
          {
            "x": 3565,
            "y": 2075
          },
          {
            "x": 3565,
            "y": 2067
          },
          {
            "x": 3564,
            "y": 2067
          },
          {
            "x": 3563,
            "y": 2066
          },
          {
            "x": 3563,
            "y": 2061
          },
          {
            "x": 3562,
            "y": 2061
          },
          {
            "x": 3561,
            "y": 2060
          },
          {
            "x": 3561,
            "y": 2055
          },
          {
            "x": 3560,
            "y": 2055
          },
          {
            "x": 3559,
            "y": 2054
          },
          {
            "x": 3559,
            "y": 2050
          },
          {
            "x": 3557,
            "y": 2050
          },
          {
            "x": 3556,
            "y": 2049
          },
          {
            "x": 3556,
            "y": 2048
          },
          {
            "x": 3555,
            "y": 2048
          },
          {
            "x": 3554,
            "y": 2047
          },
          {
            "x": 3554,
            "y": 2044.0
          },
          {
            "x": 3553,
            "y": 2044.0
          },
          {
            "x": 3552,
            "y": 2043.0
          },
          {
            "x": 3552,
            "y": 2042.0
          },
          {
            "x": 3551,
            "y": 2042.0
          },
          {
            "x": 3550,
            "y": 2041.0
          },
          {
            "x": 3550,
            "y": 2038
          },
          {
            "x": 3549,
            "y": 2038
          },
          {
            "x": 3548,
            "y": 2037
          },
          {
            "x": 3548,
            "y": 2027
          },
          {
            "x": 3547,
            "y": 2027
          },
          {
            "x": 3546,
            "y": 2026
          },
          {
            "x": 3546,
            "y": 2019.0
          },
          {
            "x": 3545,
            "y": 2019.0
          },
          {
            "x": 3544,
            "y": 2018.0
          },
          {
            "x": 3544,
            "y": 2012
          },
          {
            "x": 3543,
            "y": 2012
          },
          {
            "x": 3542,
            "y": 2011
          },
          {
            "x": 3542,
            "y": 2008
          },
          {
            "x": 3540,
            "y": 2008
          },
          {
            "x": 3539,
            "y": 2007
          },
          {
            "x": 3539,
            "y": 2004
          },
          {
            "x": 3538,
            "y": 2004
          },
          {
            "x": 3537,
            "y": 2003
          },
          {
            "x": 3537,
            "y": 2001
          },
          {
            "x": 3536,
            "y": 2001
          },
          {
            "x": 3535,
            "y": 2000
          },
          {
            "x": 3535,
            "y": 1999
          },
          {
            "x": 3534,
            "y": 1999
          },
          {
            "x": 3533,
            "y": 1998
          },
          {
            "x": 3533,
            "y": 1997
          },
          {
            "x": 3532,
            "y": 1997
          },
          {
            "x": 3531,
            "y": 1996
          },
          {
            "x": 3531,
            "y": 1995
          },
          {
            "x": 3530,
            "y": 1995
          },
          {
            "x": 3529,
            "y": 1994
          },
          {
            "x": 3529,
            "y": 1993
          },
          {
            "x": 3528,
            "y": 1993
          },
          {
            "x": 3527,
            "y": 1992
          },
          {
            "x": 3527,
            "y": 1991
          },
          {
            "x": 3526,
            "y": 1991
          },
          {
            "x": 3525,
            "y": 1990
          },
          {
            "x": 3525,
            "y": 1989
          },
          {
            "x": 3521,
            "y": 1989
          },
          {
            "x": 3520,
            "y": 1988
          },
          {
            "x": 3520,
            "y": 1987
          },
          {
            "x": 3515,
            "y": 1987
          },
          {
            "x": 3514,
            "y": 1986
          },
          {
            "x": 3514,
            "y": 1984
          },
          {
            "x": 3506,
            "y": 1984
          },
          {
            "x": 3505,
            "y": 1983
          },
          {
            "x": 3505,
            "y": 1982
          },
          {
            "x": 3500,
            "y": 1982
          },
          {
            "x": 3499,
            "y": 1981
          },
          {
            "x": 3499,
            "y": 1980
          },
          {
            "x": 3494,
            "y": 1980
          },
          {
            "x": 3493,
            "y": 1979
          },
          {
            "x": 3493,
            "y": 1978
          },
          {
            "x": 3487,
            "y": 1978
          },
          {
            "x": 3486,
            "y": 1977
          },
          {
            "x": 3486,
            "y": 1976
          },
          {
            "x": 3481,
            "y": 1976
          },
          {
            "x": 3480,
            "y": 1975
          },
          {
            "x": 3480,
            "y": 1974
          },
          {
            "x": 3475,
            "y": 1974
          },
          {
            "x": 3474,
            "y": 1973
          },
          {
            "x": 3474,
            "y": 1972
          },
          {
            "x": 3462,
            "y": 1972
          },
          {
            "x": 3461,
            "y": 1971
          },
          {
            "x": 3461,
            "y": 1970
          },
          {
            "x": 3451,
            "y": 1970
          },
          {
            "x": 3450,
            "y": 1969
          },
          {
            "x": 3450,
            "y": 1967
          },
          {
            "x": 3443,
            "y": 1967
          },
          {
            "x": 3442,
            "y": 1966
          },
          {
            "x": 3442,
            "y": 1965
          },
          {
            "x": 3441,
            "y": 1965
          },
          {
            "x": 3440,
            "y": 1964
          },
          {
            "x": 3440,
            "y": 1963
          },
          {
            "x": 3438,
            "y": 1963
          },
          {
            "x": 3437,
            "y": 1962
          },
          {
            "x": 3437,
            "y": 1961
          },
          {
            "x": 3436,
            "y": 1961
          },
          {
            "x": 3435,
            "y": 1960
          },
          {
            "x": 3435,
            "y": 1955
          },
          {
            "x": 3434,
            "y": 1955
          },
          {
            "x": 3433,
            "y": 1954
          },
          {
            "x": 3433,
            "y": 1944
          },
          {
            "x": 3434,
            "y": 1943
          },
          {
            "x": 3435,
            "y": 1943
          },
          {
            "x": 3435,
            "y": 1925
          },
          {
            "x": 3436,
            "y": 1924
          },
          {
            "x": 3437,
            "y": 1924
          },
          {
            "x": 3437,
            "y": 1899
          },
          {
            "x": 3438,
            "y": 1898
          },
          {
            "x": 3440,
            "y": 1898
          },
          {
            "x": 3440,
            "y": 1880
          },
          {
            "x": 3441,
            "y": 1879
          },
          {
            "x": 3442,
            "y": 1879
          },
          {
            "x": 3442,
            "y": 1863
          },
          {
            "x": 3443,
            "y": 1862
          },
          {
            "x": 3444,
            "y": 1862
          },
          {
            "x": 3444,
            "y": 1831
          },
          {
            "x": 3443,
            "y": 1831
          },
          {
            "x": 3442,
            "y": 1830
          },
          {
            "x": 3442,
            "y": 1829
          },
          {
            "x": 3441,
            "y": 1829
          },
          {
            "x": 3440,
            "y": 1828
          },
          {
            "x": 3440,
            "y": 1825
          },
          {
            "x": 3438,
            "y": 1825
          },
          {
            "x": 3437,
            "y": 1824
          },
          {
            "x": 3437,
            "y": 1823
          },
          {
            "x": 3436,
            "y": 1823
          },
          {
            "x": 3435,
            "y": 1822
          },
          {
            "x": 3435,
            "y": 1821
          },
          {
            "x": 3432,
            "y": 1821
          },
          {
            "x": 3431,
            "y": 1820
          },
          {
            "x": 3431,
            "y": 1819
          },
          {
            "x": 3430,
            "y": 1819
          },
          {
            "x": 3429,
            "y": 1818
          },
          {
            "x": 3429,
            "y": 1817
          },
          {
            "x": 3426,
            "y": 1817
          },
          {
            "x": 3425,
            "y": 1816
          },
          {
            "x": 3425,
            "y": 1814
          },
          {
            "x": 3424,
            "y": 1814
          },
          {
            "x": 3423,
            "y": 1813
          },
          {
            "x": 3423,
            "y": 1812
          },
          {
            "x": 3421,
            "y": 1812
          },
          {
            "x": 3420,
            "y": 1811
          },
          {
            "x": 3420,
            "y": 1810
          },
          {
            "x": 3419,
            "y": 1810
          },
          {
            "x": 3418,
            "y": 1809
          },
          {
            "x": 3418,
            "y": 1806
          },
          {
            "x": 3415,
            "y": 1806
          },
          {
            "x": 3414,
            "y": 1805
          },
          {
            "x": 3414,
            "y": 1804
          },
          {
            "x": 3413,
            "y": 1804
          },
          {
            "x": 3412,
            "y": 1803
          },
          {
            "x": 3412,
            "y": 1802
          },
          {
            "x": 3411,
            "y": 1802
          },
          {
            "x": 3410,
            "y": 1801
          },
          {
            "x": 3410,
            "y": 1799
          },
          {
            "x": 3406,
            "y": 1799
          },
          {
            "x": 3405,
            "y": 1798
          },
          {
            "x": 3405,
            "y": 1797
          },
          {
            "x": 3402,
            "y": 1797
          },
          {
            "x": 3401,
            "y": 1796
          },
          {
            "x": 3401,
            "y": 1795
          },
          {
            "x": 3400,
            "y": 1795
          },
          {
            "x": 3399,
            "y": 1794
          },
          {
            "x": 3399,
            "y": 1793
          },
          {
            "x": 3398,
            "y": 1793
          },
          {
            "x": 3397,
            "y": 1792
          },
          {
            "x": 3397,
            "y": 1791
          },
          {
            "x": 3394,
            "y": 1791
          },
          {
            "x": 3393,
            "y": 1790
          },
          {
            "x": 3393,
            "y": 1789
          },
          {
            "x": 3392,
            "y": 1789
          },
          {
            "x": 3391,
            "y": 1788
          },
          {
            "x": 3391,
            "y": 1787
          },
          {
            "x": 3387,
            "y": 1787
          },
          {
            "x": 3386,
            "y": 1786
          },
          {
            "x": 3386,
            "y": 1785
          },
          {
            "x": 3385,
            "y": 1785
          },
          {
            "x": 3384,
            "y": 1784
          },
          {
            "x": 3384,
            "y": 1782
          },
          {
            "x": 3383,
            "y": 1782
          },
          {
            "x": 3382,
            "y": 1781
          },
          {
            "x": 3382,
            "y": 1780
          },
          {
            "x": 3379,
            "y": 1780
          },
          {
            "x": 3378,
            "y": 1779
          },
          {
            "x": 3378,
            "y": 1778
          },
          {
            "x": 3377,
            "y": 1778
          },
          {
            "x": 3376,
            "y": 1777
          },
          {
            "x": 3376,
            "y": 1776
          },
          {
            "x": 3375,
            "y": 1776
          },
          {
            "x": 3374,
            "y": 1775
          },
          {
            "x": 3374,
            "y": 1774
          },
          {
            "x": 3372,
            "y": 1774
          },
          {
            "x": 3371,
            "y": 1773
          },
          {
            "x": 3371,
            "y": 1772
          },
          {
            "x": 3368,
            "y": 1772
          },
          {
            "x": 3367,
            "y": 1771
          },
          {
            "x": 3367,
            "y": 1770
          },
          {
            "x": 3366,
            "y": 1770
          },
          {
            "x": 3365,
            "y": 1769
          },
          {
            "x": 3365,
            "y": 1768
          },
          {
            "x": 3364,
            "y": 1768
          },
          {
            "x": 3363,
            "y": 1767
          },
          {
            "x": 3363,
            "y": 1765
          },
          {
            "x": 3362,
            "y": 1765
          },
          {
            "x": 3361,
            "y": 1764
          },
          {
            "x": 3361,
            "y": 1763
          },
          {
            "x": 3353,
            "y": 1763
          },
          {
            "x": 3352,
            "y": 1762
          },
          {
            "x": 3352,
            "y": 1761
          },
          {
            "x": 3345,
            "y": 1761
          },
          {
            "x": 3344,
            "y": 1760
          },
          {
            "x": 3344,
            "y": 1759
          },
          {
            "x": 3338,
            "y": 1759
          },
          {
            "x": 3337,
            "y": 1758
          },
          {
            "x": 3337,
            "y": 1757
          },
          {
            "x": 3336,
            "y": 1757
          },
          {
            "x": 3335,
            "y": 1756
          },
          {
            "x": 3335,
            "y": 1755
          },
          {
            "x": 3324,
            "y": 1755
          },
          {
            "x": 3323,
            "y": 1754
          },
          {
            "x": 3323,
            "y": 1753
          },
          {
            "x": 3279,
            "y": 1753
          },
          {
            "x": 3278,
            "y": 1752
          },
          {
            "x": 3278,
            "y": 1748
          },
          {
            "x": 3277,
            "y": 1748
          },
          {
            "x": 3276,
            "y": 1747
          },
          {
            "x": 3276,
            "y": 1746
          },
          {
            "x": 3273,
            "y": 1746
          },
          {
            "x": 3272,
            "y": 1745
          },
          {
            "x": 3272,
            "y": 1744
          },
          {
            "x": 3270,
            "y": 1744
          },
          {
            "x": 3269,
            "y": 1743
          },
          {
            "x": 3269,
            "y": 1742
          },
          {
            "x": 3264,
            "y": 1742
          },
          {
            "x": 3263,
            "y": 1741
          },
          {
            "x": 3263,
            "y": 1740
          },
          {
            "x": 3253,
            "y": 1740
          },
          {
            "x": 3252,
            "y": 1739
          },
          {
            "x": 3252,
            "y": 1738
          },
          {
            "x": 3239,
            "y": 1738
          },
          {
            "x": 3238,
            "y": 1737
          },
          {
            "x": 3238,
            "y": 1736
          },
          {
            "x": 3226,
            "y": 1736
          },
          {
            "x": 3225,
            "y": 1735
          },
          {
            "x": 3225,
            "y": 1734
          },
          {
            "x": 3215,
            "y": 1734
          },
          {
            "x": 3214,
            "y": 1733
          },
          {
            "x": 3214,
            "y": 1731
          },
          {
            "x": 3202,
            "y": 1731
          },
          {
            "x": 3202,
            "y": 1733
          },
          {
            "x": 3201,
            "y": 1734
          },
          {
            "x": 3190,
            "y": 1734
          },
          {
            "x": 3190,
            "y": 1735
          },
          {
            "x": 3189,
            "y": 1736
          },
          {
            "x": 3168,
            "y": 1736
          },
          {
            "x": 3168,
            "y": 1737
          },
          {
            "x": 3167,
            "y": 1738
          },
          {
            "x": 3158,
            "y": 1738
          },
          {
            "x": 3158,
            "y": 1739
          },
          {
            "x": 3157,
            "y": 1740
          },
          {
            "x": 3147,
            "y": 1740
          },
          {
            "x": 3146,
            "y": 1739
          },
          {
            "x": 3146,
            "y": 1738
          },
          {
            "x": 3136,
            "y": 1738
          },
          {
            "x": 3135,
            "y": 1737
          },
          {
            "x": 3135,
            "y": 1736
          },
          {
            "x": 3128,
            "y": 1736
          },
          {
            "x": 3127,
            "y": 1735
          },
          {
            "x": 3127,
            "y": 1734
          },
          {
            "x": 3119,
            "y": 1734
          },
          {
            "x": 3118,
            "y": 1733
          },
          {
            "x": 3118,
            "y": 1731
          },
          {
            "x": 3111,
            "y": 1731
          },
          {
            "x": 3110,
            "y": 1730
          },
          {
            "x": 3110,
            "y": 1729
          },
          {
            "x": 3105,
            "y": 1729
          },
          {
            "x": 3104,
            "y": 1728
          },
          {
            "x": 3104,
            "y": 1727
          },
          {
            "x": 3098,
            "y": 1727
          },
          {
            "x": 3097,
            "y": 1726
          },
          {
            "x": 3097,
            "y": 1725
          },
          {
            "x": 3090,
            "y": 1725
          },
          {
            "x": 3089,
            "y": 1724
          },
          {
            "x": 3089,
            "y": 1723
          },
          {
            "x": 3077,
            "y": 1723
          },
          {
            "x": 3076,
            "y": 1722
          },
          {
            "x": 3076,
            "y": 1721
          },
          {
            "x": 3064,
            "y": 1721
          },
          {
            "x": 3063,
            "y": 1720
          },
          {
            "x": 3063,
            "y": 1719
          },
          {
            "x": 3058,
            "y": 1719
          },
          {
            "x": 3057,
            "y": 1718
          },
          {
            "x": 3057,
            "y": 1717
          },
          {
            "x": 3051,
            "y": 1717
          },
          {
            "x": 3050,
            "y": 1716
          },
          {
            "x": 3050,
            "y": 1714
          },
          {
            "x": 3047,
            "y": 1714
          },
          {
            "x": 3046,
            "y": 1713
          },
          {
            "x": 3046,
            "y": 1712
          },
          {
            "x": 3041,
            "y": 1712
          },
          {
            "x": 3040,
            "y": 1711
          },
          {
            "x": 3040,
            "y": 1710
          },
          {
            "x": 3032,
            "y": 1710
          },
          {
            "x": 3031,
            "y": 1709
          },
          {
            "x": 3031,
            "y": 1708
          },
          {
            "x": 3026,
            "y": 1708
          },
          {
            "x": 3025,
            "y": 1707
          },
          {
            "x": 3025,
            "y": 1706
          },
          {
            "x": 3017,
            "y": 1706
          },
          {
            "x": 3016,
            "y": 1705
          },
          {
            "x": 3016,
            "y": 1704
          },
          {
            "x": 3011,
            "y": 1704
          },
          {
            "x": 3010,
            "y": 1703
          },
          {
            "x": 3010,
            "y": 1702
          },
          {
            "x": 2998,
            "y": 1702
          },
          {
            "x": 2997,
            "y": 1701
          },
          {
            "x": 2997,
            "y": 1700
          },
          {
            "x": 2983,
            "y": 1700
          },
          {
            "x": 2982,
            "y": 1699
          },
          {
            "x": 2982,
            "y": 1697
          },
          {
            "x": 2975,
            "y": 1697
          },
          {
            "x": 2974,
            "y": 1696
          },
          {
            "x": 2974,
            "y": 1695
          },
          {
            "x": 2966,
            "y": 1695
          },
          {
            "x": 2965,
            "y": 1694
          },
          {
            "x": 2965,
            "y": 1693
          },
          {
            "x": 2956,
            "y": 1693
          },
          {
            "x": 2955,
            "y": 1692
          },
          {
            "x": 2955,
            "y": 1691
          },
          {
            "x": 2945,
            "y": 1691
          },
          {
            "x": 2944,
            "y": 1690
          },
          {
            "x": 2944,
            "y": 1689
          },
          {
            "x": 2937,
            "y": 1689
          },
          {
            "x": 2936,
            "y": 1688
          },
          {
            "x": 2936,
            "y": 1687
          },
          {
            "x": 2930,
            "y": 1687
          },
          {
            "x": 2929,
            "y": 1686
          },
          {
            "x": 2929,
            "y": 1685
          },
          {
            "x": 2926,
            "y": 1685
          },
          {
            "x": 2925,
            "y": 1684
          },
          {
            "x": 2925,
            "y": 1683
          },
          {
            "x": 2920,
            "y": 1683
          },
          {
            "x": 2919,
            "y": 1682
          },
          {
            "x": 2919,
            "y": 1680
          },
          {
            "x": 2909,
            "y": 1680
          },
          {
            "x": 2908,
            "y": 1679
          },
          {
            "x": 2908,
            "y": 1678
          },
          {
            "x": 2898,
            "y": 1678
          },
          {
            "x": 2897,
            "y": 1677
          },
          {
            "x": 2897,
            "y": 1676
          },
          {
            "x": 2894,
            "y": 1676
          },
          {
            "x": 2893,
            "y": 1675
          },
          {
            "x": 2893,
            "y": 1674
          },
          {
            "x": 2888,
            "y": 1674
          },
          {
            "x": 2887,
            "y": 1673
          },
          {
            "x": 2887,
            "y": 1672
          },
          {
            "x": 2879,
            "y": 1672
          },
          {
            "x": 2878,
            "y": 1671
          },
          {
            "x": 2878,
            "y": 1670
          },
          {
            "x": 2869,
            "y": 1670
          },
          {
            "x": 2868,
            "y": 1669
          },
          {
            "x": 2868,
            "y": 1668
          },
          {
            "x": 2856,
            "y": 1668
          },
          {
            "x": 2855,
            "y": 1667
          },
          {
            "x": 2855,
            "y": 1666
          },
          {
            "x": 2847,
            "y": 1666
          },
          {
            "x": 2846,
            "y": 1665
          },
          {
            "x": 2846,
            "y": 1663
          },
          {
            "x": 2837,
            "y": 1663
          },
          {
            "x": 2836,
            "y": 1662
          },
          {
            "x": 2836,
            "y": 1661
          },
          {
            "x": 2826,
            "y": 1661
          },
          {
            "x": 2825,
            "y": 1660
          },
          {
            "x": 2825,
            "y": 1659
          },
          {
            "x": 2805,
            "y": 1659
          },
          {
            "x": 2804,
            "y": 1658
          },
          {
            "x": 2804,
            "y": 1657
          },
          {
            "x": 2794,
            "y": 1657
          },
          {
            "x": 2793,
            "y": 1656
          },
          {
            "x": 2793,
            "y": 1655
          },
          {
            "x": 2783,
            "y": 1655
          },
          {
            "x": 2782,
            "y": 1654
          },
          {
            "x": 2782,
            "y": 1653
          },
          {
            "x": 2771,
            "y": 1653
          },
          {
            "x": 2771,
            "y": 1654
          },
          {
            "x": 2770,
            "y": 1655
          },
          {
            "x": 2769,
            "y": 1655
          },
          {
            "x": 2769,
            "y": 1656
          },
          {
            "x": 2768,
            "y": 1657
          },
          {
            "x": 2764,
            "y": 1657
          },
          {
            "x": 2764,
            "y": 1658
          },
          {
            "x": 2763,
            "y": 1659
          },
          {
            "x": 2762,
            "y": 1659
          },
          {
            "x": 2762,
            "y": 1660
          },
          {
            "x": 2761,
            "y": 1661
          },
          {
            "x": 2760,
            "y": 1661
          },
          {
            "x": 2760,
            "y": 1662
          },
          {
            "x": 2759,
            "y": 1663
          }
        ]
      }
    },
    {
      "annotator": {
        "email": "order@bex.kg",
        "full_name": "Zhaparova  Nurzhan"
      },
      "bounding_box": {
        "h": 168.23,
        "w": 177.08,
        "x": 3294.25,
        "y": 762.3
      },
      "name": "Tree "
    },
    {
      "annotator": {
        "email": "order@bex.kg",
        "full_name": "Zhaparova  Nurzhan"
      },
      "bounding_box": {
        "h": 131.49,
        "w": 45.98,
        "x": 3028.46,
        "y": 1145.63
      },
      "name": "Street light"
    },
    {
      "annotator": {
        "email": "order@bex.kg",
        "full_name": "Zhaparova  Nurzhan"
      },
      "bounding_box": {
        "h": 89.44,
        "w": 54.44,
        "x": 3471.78,
        "y": 537.78
      },
      "name": "Street light"
    },
    {
      "annotator": {
        "email": "order@bex.kg",
        "full_name": "Zhaparova  Nurzhan"
      },
      "bounding_box": {
        "h": 46.39,
        "w": 94.9,
        "x": 3800.32,
        "y": 1102.59
      },
      "name": "Vehicle "
    },
    {
      "annotator": {
        "email": "order@bex.kg",
        "full_name": "Zhaparova  Nurzhan"
      },
      "bounding_box": {
        "h": 51.89,
        "w": 97.86,
        "x": 2694.01,
        "y": 1137.03
      },
      "name": "Vehicle "
    },
    {
      "annotator": {
        "email": "order@bex.kg",
        "full_name": "Zhaparova  Nurzhan"
      },
      "bounding_box": {
        "h": 60.79,
        "w": 56.34,
        "x": 2726.63,
        "y": 1076.24
      },
      "name": "Vehicle "
    },
    {
      "annotator": {
        "email": "order@bex.kg",
        "full_name": "Zhaparova  Nurzhan"
      },
      "bounding_box": {
        "h": 50.43,
        "w": 99.6,
        "x": 3321.52,
        "y": 920.47
      },
      "name": "Vehicle "
    },
    {
      "annotator": {
        "email": "order@bex.kg",
        "full_name": "Zhaparova  Nurzhan"
      },
      "name": "Spring field Polygon ",
      "polygon": {
        "path": [
          {
            "x": 798.43,
            "y": 675.5
          },
          {
            "x": 795.04,
            "y": 670.2
          },
          {
            "x": 879.83,
            "y": 807.97
          }
        ]
      }
    }
  ]
}