{
  "image": {
    "width": 5472,
    "height": 3648,
    "filename": "00000004.JPG",
    "original_filename": "EP-00-00012_0119_0038.JPG",
    "url": "https://darwin.v7labs.com/api/images/1221683/original?token=352cf892-311a-4ca4-80fd-3f05fb7d64b8",
    "thumbnail_url": "https://darwin.v7labs.com/api/images/1221683/thumbnail?token=352cf892-311a-4ca4-80fd-3f05fb7d64b8",
    "workview_url": "https://darwin.v7labs.com/workview?dataset=1191&image=4"
  },
  "dataset": "Mapping_2",
  "annotated": true,
  "annotations": [
    {
      "annotator": {
        "email": "begimbaeva.s95@gmail.com",
        "full_name": "Saltanat Begimbaeva"
      },
      "name": "Spring Field Polygon ",
      "polygon": {
        "path": [
          {
            "x": -4.58,
            "y": 3653.57
          },
          {
            "x": 419.46,
            "y": 3647.56
          },
          {
            "x": 616.2,
            "y": 3649.02
          },
          {
            "x": 1405.86,
            "y": 3660.48
          },
          {
            "x": 1958.74,
            "y": 3651.57
          },
          {
            "x": 2900.68,
            "y": 3647.91
          },
          {
            "x": 3453.66,
            "y": 3652.91
          },
          {
            "x": 3922.83,
            "y": 3643.77
          },
          {
            "x": 4296.83,
            "y": 3352.84
          },
          {
            "x": 4584.98,
            "y": 3142.16
          },
          {
            "x": 4773.37,
            "y": 3010.06
          },
          {
            "x": 5149.57,
            "y": 2736.96
          },
          {
            "x": 5473.22,
            "y": 2530.18
          },
          {
            "x": 5470.04,
            "y": 2191.38
          },
          {
            "x": 5470.04,
            "y": 1920.28
          },
          {
            "x": 5223.2,
            "y": 1576.3
          },
          {
            "x": 5099.41,
            "y": 1400.75
          },
          {
            "x": 5270.99,
            "y": 1283.31
          },
          {
            "x": 5476.64,
            "y": 1128.62
          },
          {
            "x": 5475.06,
            "y": 624.87
          },
          {
            "x": 5476.15,
            "y": 276.63
          },
          {
            "x": 5474.16,
            "y": -8.59
          },
          {
            "x": 4278.54,
            "y": 2.21
          },
          {
            "x": 2882.37,
            "y": 1.77
          },
          {
            "x": 1367.84,
            "y": -8.49
          },
          {
            "x": 282.01,
            "y": -8.27
          },
          {
            "x": -17.84,
            "y": -2.38
          },
          {
            "x": -17.62,
            "y": 1436.37
          },
          {
            "x": -12.6,
            "y": 2217.33
          }
        ]
      }
    },
    {
      "annotator": {
        "email": "begimbaeva.s95@gmail.com",
        "full_name": "Saltanat Begimbaeva"
      },
      "bounding_box": {
        "h": 335.56,
        "w": 363.76,
        "x": 4464.29,
        "y": 3030.83
      },
      "name": "Vehicle "
    },
    {
      "annotator": {
        "email": "begimbaeva.s95@gmail.com",
        "full_name": "Saltanat Begimbaeva"
      },
      "bounding_box": {
        "h": 177.65,
        "w": 203.03,
        "x": 4819.59,
        "y": 2875.74
      },
      "name": "Vehicle "
    },
    {
      "annotator": {
        "email": "begimbaeva.s95@gmail.com",
        "full_name": "Saltanat Begimbaeva"
      },
      "bounding_box": {
        "h": 180.47,
        "w": 138.17,
        "x": 5335.63,
        "y": 2523.26
      },
      "name": "Vehicle "
    },
    {
      "annotator": {
        "email": "begimbaeva.s95@gmail.com",
        "full_name": "Saltanat Begimbaeva"
      },
      "name": "Road Polygon ",
      "polygon": {
        "path": [
          {
            "x": 3988.87,
            "y": 3648.75
          },
          {
            "x": 4051.05,
            "y": 3646.9
          },
          {
            "x": 4247.67,
            "y": 3646.9
          },
          {
            "x": 4417.58,
            "y": 3646.9
          },
          {
            "x": 4682.17,
            "y": 3646.9
          },
          {
            "x": 4786.54,
            "y": 3654.19
          },
          {
            "x": 4973.45,
            "y": 3510.97
          },
          {
            "x": 5196.77,
            "y": 3350.77
          },
          {
            "x": 5432.22,
            "y": 3171.14
          },
          {
            "x": 5463.44,
            "y": 3154.9
          },
          {
            "x": 5471.71,
            "y": 3149.64
          },
          {
            "x": 5471.34,
            "y": 2753.63
          },
          {
            "x": 5473.6,
            "y": 2667.74
          },
          {
            "x": 5396.55,
            "y": 2701.33
          },
          {
            "x": 5343.1,
            "y": 2649.3
          },
          {
            "x": 5240.46,
            "y": 2725.03
          },
          {
            "x": 5099.62,
            "y": 2830.03
          },
          {
            "x": 4989.27,
            "y": 2907.27
          },
          {
            "x": 5022.68,
            "y": 2953.02
          },
          {
            "x": 4969.12,
            "y": 2996.01
          },
          {
            "x": 4884.6,
            "y": 3050.92
          },
          {
            "x": 4836.59,
            "y": 3026.41
          },
          {
            "x": 4762.96,
            "y": 3078.79
          },
          {
            "x": 4823.76,
            "y": 3162.83
          },
          {
            "x": 4771.63,
            "y": 3207.83
          },
          {
            "x": 4706.31,
            "y": 3215.87
          },
          {
            "x": 4712.33,
            "y": 3232.42
          },
          {
            "x": 4677.57,
            "y": 3257.83
          },
          {
            "x": 4624.01,
            "y": 3311.71
          },
          {
            "x": 4588.78,
            "y": 3307.19
          },
          {
            "x": 4576.94,
            "y": 3329.28
          },
          {
            "x": 4563.49,
            "y": 3330.19
          },
          {
            "x": 4566.06,
            "y": 3355.21
          },
          {
            "x": 4543.46,
            "y": 3369.14
          },
          {
            "x": 4474.86,
            "y": 3287.87
          },
          {
            "x": 4355.11,
            "y": 3376.43
          },
          {
            "x": 4204.61,
            "y": 3486.0
          },
          {
            "x": 4110.08,
            "y": 3557.37
          },
          {
            "x": 4038.16,
            "y": 3610.18
          }
        ]
      }
    }
  ]
}