{
  "image": {
    "width": 5472,
    "height": 3648,
    "filename": "00000034.JPG",
    "original_filename": "EP-00-00012_0119_0094.JPG",
    "url": "https://darwin.v7labs.com/api/images/1221760/original?token=b19ef416-03ed-4ae6-a438-a83286cfedf7",
    "thumbnail_url": "https://darwin.v7labs.com/api/images/1221760/thumbnail?token=b19ef416-03ed-4ae6-a438-a83286cfedf7",
    "workview_url": "https://darwin.v7labs.com/workview?dataset=1192&image=34"
  },
  "dataset": "Mapping_3",
  "annotated": true,
  "annotations": [
    {
      "annotator": {
        "email": "corporate@bex.kg",
        "full_name": "Aizada Tynchybek kyzy"
      },
      "name": "Road ",
      "polygon": {
        "path": [
          {
            "x": 4200.08,
            "y": -0.28
          },
          {
            "x": 3908.34,
            "y": -1.11
          },
          {
            "x": 3971.21,
            "y": 405.48
          },
          {
            "x": 4209.88,
            "y": 791.49
          },
          {
            "x": 4673.62,
            "y": 3647.21
          },
          {
            "x": 4993.11,
            "y": 3647.3
          },
          {
            "x": 4488.18,
            "y": 645.46
          },
          {
            "x": 4484.9,
            "y": 606.38
          },
          {
            "x": 4495.85,
            "y": 566.5
          },
          {
            "x": 4512.95,
            "y": 549.84
          },
          {
            "x": 4534.43,
            "y": 540.64
          },
          {
            "x": 4544.51,
            "y": 540.64
          },
          {
            "x": 5106.5,
            "y": 435.31
          },
          {
            "x": 5027.66,
            "y": -0.31
          },
          {
            "x": 4708.78,
            "y": 0.26
          },
          {
            "x": 4724.79,
            "y": 83.09
          },
          {
            "x": 4724.79,
            "y": 120.46
          },
          {
            "x": 4714.01,
            "y": 157.11
          },
          {
            "x": 4699.64,
            "y": 182.26
          },
          {
            "x": 4681.68,
            "y": 203.1
          },
          {
            "x": 4655.81,
            "y": 223.22
          },
          {
            "x": 4630.66,
            "y": 236.15
          },
          {
            "x": 4385.62,
            "y": 289.33
          },
          {
            "x": 4356.88,
            "y": 290.04
          },
          {
            "x": 4319.52,
            "y": 282.14
          },
          {
            "x": 4279.27,
            "y": 264.18
          },
          {
            "x": 4246.94,
            "y": 231.84
          },
          {
            "x": 4226.1,
            "y": 183.69
          }
        ]
      }
    },
    {
      "annotator": {
        "email": "corporate@bex.kg",
        "full_name": "Aizada Tynchybek kyzy"
      },
      "name": "Building Polygon ",
      "polygon": {
        "path": [
          {
            "x": 5471.82,
            "y": 286.03
          },
          {
            "x": 5344.56,
            "y": 313.7
          },
          {
            "x": 5224.85,
            "y": 353.44
          },
          {
            "x": 5199.7,
            "y": 372.55
          },
          {
            "x": 5216.3,
            "y": 447.5
          },
          {
            "x": 5015.3,
            "y": 486.3
          },
          {
            "x": 5010.06,
            "y": 491.54
          },
          {
            "x": 4890.91,
            "y": 650.87
          },
          {
            "x": 4876.55,
            "y": 651.7
          },
          {
            "x": 4871.7,
            "y": 655.38
          },
          {
            "x": 4868.36,
            "y": 661.22
          },
          {
            "x": 4868.36,
            "y": 675.75
          },
          {
            "x": 5364.78,
            "y": 3496.0
          },
          {
            "x": 5361.07,
            "y": 3510.23
          },
          {
            "x": 5321.48,
            "y": 3517.65
          },
          {
            "x": 5220.04,
            "y": 3511.47
          },
          {
            "x": 5209.52,
            "y": 3500.33
          },
          {
            "x": 5186.02,
            "y": 3500.95
          },
          {
            "x": 5200.24,
            "y": 3523.84
          },
          {
            "x": 5211.38,
            "y": 3584.46
          },
          {
            "x": 5215.71,
            "y": 3609.2
          },
          {
            "x": 5336.94,
            "y": 3625.9
          },
          {
            "x": 5393.23,
            "y": 3628.99
          },
          {
            "x": 5396.39,
            "y": 3646.92
          },
          {
            "x": 5471.73,
            "y": 3647.22
          }
        ]
      }
    },
    {
      "annotator": {
        "email": "corporate@bex.kg",
        "full_name": "Aizada Tynchybek kyzy"
      },
      "name": "Spring field Polygon ",
      "polygon": {
        "path": [
          {
            "x": 16.0,
            "y": 748
          },
          {
            "x": 16.0,
            "y": 753.0
          },
          {
            "x": 15.0,
            "y": 754.0
          },
          {
            "x": 10.0,
            "y": 754.0
          },
          {
            "x": 10.0,
            "y": 765.0
          },
          {
            "x": 9.0,
            "y": 766
          },
          {
            "x": 4.0,
            "y": 766
          },
          {
            "x": 4.0,
            "y": 788.0
          },
          {
            "x": 3.0,
            "y": 789.0
          },
          {
            "x": 0,
            "y": 789.0
          },
          {
            "x": 0,
            "y": 1622.0
          },
          {
            "x": 3.0,
            "y": 1622.0
          },
          {
            "x": 4.0,
            "y": 1623
          },
          {
            "x": 4.0,
            "y": 1640.0
          },
          {
            "x": 9.0,
            "y": 1640.0
          },
          {
            "x": 10.0,
            "y": 1641.0
          },
          {
            "x": 10.0,
            "y": 1652
          },
          {
            "x": 15.0,
            "y": 1652
          },
          {
            "x": 16.0,
            "y": 1653
          },
          {
            "x": 16.0,
            "y": 1664.0
          },
          {
            "x": 21.0,
            "y": 1664.0
          },
          {
            "x": 22.0,
            "y": 1665.0
          },
          {
            "x": 22.0,
            "y": 1676.0
          },
          {
            "x": 26.0,
            "y": 1676.0
          },
          {
            "x": 27.0,
            "y": 1677.0
          },
          {
            "x": 27.0,
            "y": 1688
          },
          {
            "x": 32.0,
            "y": 1688
          },
          {
            "x": 33.0,
            "y": 1689
          },
          {
            "x": 33.0,
            "y": 1.7e3
          },
          {
            "x": 38.0,
            "y": 1.7e3
          },
          {
            "x": 39.0,
            "y": 1701.0
          },
          {
            "x": 39.0,
            "y": 1712.0
          },
          {
            "x": 44.0,
            "y": 1712.0
          },
          {
            "x": 45.0,
            "y": 1713.0
          },
          {
            "x": 45.0,
            "y": 1724
          },
          {
            "x": 50.0,
            "y": 1724
          },
          {
            "x": 51.0,
            "y": 1725
          },
          {
            "x": 51.0,
            "y": 1736.0
          },
          {
            "x": 56.0,
            "y": 1736.0
          },
          {
            "x": 57,
            "y": 1737
          },
          {
            "x": 57,
            "y": 1748.0
          },
          {
            "x": 62.0,
            "y": 1748.0
          },
          {
            "x": 63.0,
            "y": 1749.0
          },
          {
            "x": 63.0,
            "y": 1760
          },
          {
            "x": 68.0,
            "y": 1760
          },
          {
            "x": 69.0,
            "y": 1761.0
          },
          {
            "x": 69.0,
            "y": 1771.0
          },
          {
            "x": 74.0,
            "y": 1771.0
          },
          {
            "x": 75.0,
            "y": 1772.0
          },
          {
            "x": 75.0,
            "y": 1789
          },
          {
            "x": 80.0,
            "y": 1789
          },
          {
            "x": 81.0,
            "y": 1790.0
          },
          {
            "x": 81.0,
            "y": 1801
          },
          {
            "x": 86.0,
            "y": 1801
          },
          {
            "x": 87.0,
            "y": 1802
          },
          {
            "x": 87.0,
            "y": 1813.0
          },
          {
            "x": 92.0,
            "y": 1813.0
          },
          {
            "x": 93.0,
            "y": 1814.0
          },
          {
            "x": 93.0,
            "y": 1825.0
          },
          {
            "x": 98.0,
            "y": 1825.0
          },
          {
            "x": 99.0,
            "y": 1826.0
          },
          {
            "x": 99.0,
            "y": 1843.0
          },
          {
            "x": 104.0,
            "y": 1843.0
          },
          {
            "x": 105.0,
            "y": 1844
          },
          {
            "x": 105.0,
            "y": 1855.0
          },
          {
            "x": 110.0,
            "y": 1855.0
          },
          {
            "x": 111.0,
            "y": 1856.0
          },
          {
            "x": 111.0,
            "y": 1873
          },
          {
            "x": 116.0,
            "y": 1873
          },
          {
            "x": 117.0,
            "y": 1874
          },
          {
            "x": 117.0,
            "y": 1885.0
          },
          {
            "x": 122.0,
            "y": 1885.0
          },
          {
            "x": 123.0,
            "y": 1886.0
          },
          {
            "x": 123.0,
            "y": 1897.0
          },
          {
            "x": 128.0,
            "y": 1897.0
          },
          {
            "x": 129.0,
            "y": 1898.0
          },
          {
            "x": 129.0,
            "y": 1914.0
          },
          {
            "x": 134.0,
            "y": 1914.0
          },
          {
            "x": 135.0,
            "y": 1915
          },
          {
            "x": 135.0,
            "y": 1932.0
          },
          {
            "x": 140.0,
            "y": 1932.0
          },
          {
            "x": 141.0,
            "y": 1933.0
          },
          {
            "x": 141.0,
            "y": 1944
          },
          {
            "x": 146.0,
            "y": 1944
          },
          {
            "x": 147.0,
            "y": 1945
          },
          {
            "x": 147.0,
            "y": 1956.0
          },
          {
            "x": 152.0,
            "y": 1956.0
          },
          {
            "x": 153.0,
            "y": 1957.0
          },
          {
            "x": 153.0,
            "y": 1974
          },
          {
            "x": 158.0,
            "y": 1974
          },
          {
            "x": 159.0,
            "y": 1975.0
          },
          {
            "x": 159.0,
            "y": 1986.0
          },
          {
            "x": 164,
            "y": 1986.0
          },
          {
            "x": 165.0,
            "y": 1987
          },
          {
            "x": 165.0,
            "y": 2004.0
          },
          {
            "x": 169.0,
            "y": 2004.0
          },
          {
            "x": 170.0,
            "y": 2005.0
          },
          {
            "x": 170.0,
            "y": 2022
          },
          {
            "x": 175.0,
            "y": 2022
          },
          {
            "x": 176.0,
            "y": 2023
          },
          {
            "x": 176.0,
            "y": 2040.0
          },
          {
            "x": 181.0,
            "y": 2040.0
          },
          {
            "x": 182.0,
            "y": 2041.0
          },
          {
            "x": 182.0,
            "y": 2057
          },
          {
            "x": 187.0,
            "y": 2057
          },
          {
            "x": 188.0,
            "y": 2058
          },
          {
            "x": 188.0,
            "y": 2075.0
          },
          {
            "x": 193.0,
            "y": 2075.0
          },
          {
            "x": 194.0,
            "y": 2076.0
          },
          {
            "x": 194.0,
            "y": 2099.0
          },
          {
            "x": 199.0,
            "y": 2099.0
          },
          {
            "x": 200.0,
            "y": 2100
          },
          {
            "x": 200.0,
            "y": 2123
          },
          {
            "x": 205.0,
            "y": 2123
          },
          {
            "x": 206.0,
            "y": 2124
          },
          {
            "x": 206.0,
            "y": 2141.0
          },
          {
            "x": 211.0,
            "y": 2141.0
          },
          {
            "x": 212.0,
            "y": 2142.0
          },
          {
            "x": 212.0,
            "y": 2165
          },
          {
            "x": 217.0,
            "y": 2165
          },
          {
            "x": 218.0,
            "y": 2166
          },
          {
            "x": 218.0,
            "y": 2183.0
          },
          {
            "x": 223.0,
            "y": 2183.0
          },
          {
            "x": 224.0,
            "y": 2184.0
          },
          {
            "x": 224.0,
            "y": 2206
          },
          {
            "x": 229.0,
            "y": 2206
          },
          {
            "x": 230.0,
            "y": 2207
          },
          {
            "x": 230.0,
            "y": 2230
          },
          {
            "x": 235,
            "y": 2230
          },
          {
            "x": 236.0,
            "y": 2231
          },
          {
            "x": 236.0,
            "y": 2254.0
          },
          {
            "x": 241.0,
            "y": 2254.0
          },
          {
            "x": 242.0,
            "y": 2255.0
          },
          {
            "x": 242.0,
            "y": 2284.0
          },
          {
            "x": 247.0,
            "y": 2284.0
          },
          {
            "x": 248.0,
            "y": 2285
          },
          {
            "x": 248.0,
            "y": 2314
          },
          {
            "x": 253.0,
            "y": 2314
          },
          {
            "x": 254.0,
            "y": 2315
          },
          {
            "x": 254.0,
            "y": 2337
          },
          {
            "x": 259.0,
            "y": 2337
          },
          {
            "x": 260.0,
            "y": 2338
          },
          {
            "x": 260.0,
            "y": 2373
          },
          {
            "x": 265.0,
            "y": 2373
          },
          {
            "x": 266.0,
            "y": 2374.0
          },
          {
            "x": 266.0,
            "y": 2415
          },
          {
            "x": 271,
            "y": 2415
          },
          {
            "x": 272.0,
            "y": 2416
          },
          {
            "x": 272.0,
            "y": 2445
          },
          {
            "x": 277.0,
            "y": 2445
          },
          {
            "x": 278,
            "y": 2446.0
          },
          {
            "x": 278,
            "y": 2469.0
          },
          {
            "x": 283.0,
            "y": 2469.0
          },
          {
            "x": 284.0,
            "y": 2470.0
          },
          {
            "x": 284.0,
            "y": 2498.0
          },
          {
            "x": 289.0,
            "y": 2498.0
          },
          {
            "x": 290.0,
            "y": 2499
          },
          {
            "x": 290.0,
            "y": 2534
          },
          {
            "x": 295.0,
            "y": 2534
          },
          {
            "x": 296.0,
            "y": 2535
          },
          {
            "x": 296.0,
            "y": 2582.0
          },
          {
            "x": 301.0,
            "y": 2582.0
          },
          {
            "x": 302.0,
            "y": 2583.0
          },
          {
            "x": 302.0,
            "y": 2629
          },
          {
            "x": 306,
            "y": 2629
          },
          {
            "x": 307.0,
            "y": 2630
          },
          {
            "x": 307.0,
            "y": 2665
          },
          {
            "x": 312.0,
            "y": 2665
          },
          {
            "x": 313.0,
            "y": 2666
          },
          {
            "x": 313.0,
            "y": 2713
          },
          {
            "x": 318.0,
            "y": 2713
          },
          {
            "x": 319.0,
            "y": 2714
          },
          {
            "x": 319.0,
            "y": 2772
          },
          {
            "x": 324.0,
            "y": 2772
          },
          {
            "x": 325.0,
            "y": 2773
          },
          {
            "x": 325.0,
            "y": 2814
          },
          {
            "x": 330.0,
            "y": 2814
          },
          {
            "x": 331.0,
            "y": 2815
          },
          {
            "x": 331.0,
            "y": 2862
          },
          {
            "x": 336.0,
            "y": 2862
          },
          {
            "x": 337.0,
            "y": 2863
          },
          {
            "x": 337.0,
            "y": 2903.0
          },
          {
            "x": 342,
            "y": 2903.0
          },
          {
            "x": 343.0,
            "y": 2904
          },
          {
            "x": 343.0,
            "y": 3029
          },
          {
            "x": 348.0,
            "y": 3029
          },
          {
            "x": 349,
            "y": 3030
          },
          {
            "x": 349,
            "y": 3088.0
          },
          {
            "x": 354.0,
            "y": 3088.0
          },
          {
            "x": 355.0,
            "y": 3089
          },
          {
            "x": 355.0,
            "y": 3172
          },
          {
            "x": 360.0,
            "y": 3172
          },
          {
            "x": 361.0,
            "y": 3173.0
          },
          {
            "x": 361.0,
            "y": 3231.0
          },
          {
            "x": 366.0,
            "y": 3231.0
          },
          {
            "x": 367.0,
            "y": 3232
          },
          {
            "x": 367.0,
            "y": 3303
          },
          {
            "x": 372.0,
            "y": 3303
          },
          {
            "x": 373.0,
            "y": 3304
          },
          {
            "x": 373.0,
            "y": 3362
          },
          {
            "x": 378.0,
            "y": 3362
          },
          {
            "x": 379.0,
            "y": 3363
          },
          {
            "x": 379.0,
            "y": 3398
          },
          {
            "x": 384.0,
            "y": 3398
          },
          {
            "x": 385,
            "y": 3399
          },
          {
            "x": 385,
            "y": 3446
          },
          {
            "x": 390.0,
            "y": 3446
          },
          {
            "x": 391.0,
            "y": 3447
          },
          {
            "x": 391.0,
            "y": 3553
          },
          {
            "x": 396.0,
            "y": 3553
          },
          {
            "x": 397.0,
            "y": 3554
          },
          {
            "x": 397.0,
            "y": 3636.0
          },
          {
            "x": 402.0,
            "y": 3636.0
          },
          {
            "x": 403.0,
            "y": 3637.0
          },
          {
            "x": 403.0,
            "y": 3642
          },
          {
            "x": 414.0,
            "y": 3642
          },
          {
            "x": 415.0,
            "y": 3643.0
          },
          {
            "x": 415.0,
            "y": 3646
          },
          {
            "x": 2082,
            "y": 3646
          },
          {
            "x": 2082,
            "y": 3643.0
          },
          {
            "x": 2083.0,
            "y": 3642
          },
          {
            "x": 2100,
            "y": 3642
          },
          {
            "x": 2100,
            "y": 3637.0
          },
          {
            "x": 2101,
            "y": 3636.0
          },
          {
            "x": 2106,
            "y": 3636.0
          },
          {
            "x": 2106,
            "y": 3619
          },
          {
            "x": 2107,
            "y": 3618
          },
          {
            "x": 2112.0,
            "y": 3618
          },
          {
            "x": 2112.0,
            "y": 3590
          },
          {
            "x": 2113.0,
            "y": 3589
          },
          {
            "x": 2118.0,
            "y": 3589
          },
          {
            "x": 2118.0,
            "y": 3500
          },
          {
            "x": 2119.0,
            "y": 3499
          },
          {
            "x": 2124,
            "y": 3499
          },
          {
            "x": 2124,
            "y": 3488
          },
          {
            "x": 2125,
            "y": 3487.0
          },
          {
            "x": 2130.0,
            "y": 3487.0
          },
          {
            "x": 2130.0,
            "y": 3482
          },
          {
            "x": 2131.0,
            "y": 3481
          },
          {
            "x": 2136,
            "y": 3481
          },
          {
            "x": 2136,
            "y": 3470
          },
          {
            "x": 2137,
            "y": 3469
          },
          {
            "x": 2142.0,
            "y": 3469
          },
          {
            "x": 2142.0,
            "y": 3464
          },
          {
            "x": 2143.0,
            "y": 3463
          },
          {
            "x": 2147.0,
            "y": 3463
          },
          {
            "x": 2147.0,
            "y": 3453
          },
          {
            "x": 2148.0,
            "y": 3452.0
          },
          {
            "x": 2153,
            "y": 3452.0
          },
          {
            "x": 2153,
            "y": 3441
          },
          {
            "x": 2154.0,
            "y": 3440
          },
          {
            "x": 2159.0,
            "y": 3440
          },
          {
            "x": 2159.0,
            "y": 3393
          },
          {
            "x": 2154.0,
            "y": 3393
          },
          {
            "x": 2153,
            "y": 3392
          },
          {
            "x": 2153,
            "y": 3357
          },
          {
            "x": 2148.0,
            "y": 3357
          },
          {
            "x": 2147.0,
            "y": 3356
          },
          {
            "x": 2147.0,
            "y": 3351.0
          },
          {
            "x": 2148.0,
            "y": 3350
          },
          {
            "x": 2153,
            "y": 3350
          },
          {
            "x": 2153,
            "y": 3250
          },
          {
            "x": 2154.0,
            "y": 3249
          },
          {
            "x": 2159.0,
            "y": 3249
          },
          {
            "x": 2159.0,
            "y": 3232
          },
          {
            "x": 2160.0,
            "y": 3231.0
          },
          {
            "x": 2165,
            "y": 3231.0
          },
          {
            "x": 2165,
            "y": 3149
          },
          {
            "x": 2160.0,
            "y": 3149
          },
          {
            "x": 2159.0,
            "y": 3148
          },
          {
            "x": 2159.0,
            "y": 3125
          },
          {
            "x": 2154.0,
            "y": 3125
          },
          {
            "x": 2153,
            "y": 3124.0
          },
          {
            "x": 2153,
            "y": 3089
          },
          {
            "x": 2148.0,
            "y": 3089
          },
          {
            "x": 2147.0,
            "y": 3088.0
          },
          {
            "x": 2147.0,
            "y": 3077
          },
          {
            "x": 2143.0,
            "y": 3077
          },
          {
            "x": 2142.0,
            "y": 3076
          },
          {
            "x": 2142.0,
            "y": 3059.0
          },
          {
            "x": 2137,
            "y": 3059.0
          },
          {
            "x": 2136,
            "y": 3058
          },
          {
            "x": 2136,
            "y": 3047
          },
          {
            "x": 2131.0,
            "y": 3047
          },
          {
            "x": 2130.0,
            "y": 3046.0
          },
          {
            "x": 2130.0,
            "y": 3030
          },
          {
            "x": 2125,
            "y": 3030
          },
          {
            "x": 2124,
            "y": 3029
          },
          {
            "x": 2124,
            "y": 3006
          },
          {
            "x": 2119.0,
            "y": 3006
          },
          {
            "x": 2118.0,
            "y": 3005
          },
          {
            "x": 2118.0,
            "y": 2976
          },
          {
            "x": 2119.0,
            "y": 2975
          },
          {
            "x": 2124,
            "y": 2975
          },
          {
            "x": 2124,
            "y": 2964
          },
          {
            "x": 2125,
            "y": 2963
          },
          {
            "x": 2130.0,
            "y": 2963
          },
          {
            "x": 2130.0,
            "y": 2946.0
          },
          {
            "x": 2131.0,
            "y": 2945.0
          },
          {
            "x": 2136,
            "y": 2945.0
          },
          {
            "x": 2136,
            "y": 2940
          },
          {
            "x": 2137,
            "y": 2939.0
          },
          {
            "x": 2142.0,
            "y": 2939.0
          },
          {
            "x": 2142.0,
            "y": 2928
          },
          {
            "x": 2143.0,
            "y": 2927
          },
          {
            "x": 2147.0,
            "y": 2927
          },
          {
            "x": 2147.0,
            "y": 2922
          },
          {
            "x": 2148.0,
            "y": 2921
          },
          {
            "x": 2153,
            "y": 2921
          },
          {
            "x": 2153,
            "y": 2916
          },
          {
            "x": 2154.0,
            "y": 2915
          },
          {
            "x": 2159.0,
            "y": 2915
          },
          {
            "x": 2159.0,
            "y": 2910.0
          },
          {
            "x": 2160.0,
            "y": 2909
          },
          {
            "x": 2171.0,
            "y": 2909
          },
          {
            "x": 2171.0,
            "y": 2904
          },
          {
            "x": 2172.0,
            "y": 2903.0
          },
          {
            "x": 2177.0,
            "y": 2903.0
          },
          {
            "x": 2177.0,
            "y": 2898
          },
          {
            "x": 2178,
            "y": 2897
          },
          {
            "x": 2183.0,
            "y": 2897
          },
          {
            "x": 2183.0,
            "y": 2893
          },
          {
            "x": 2184.0,
            "y": 2892
          },
          {
            "x": 2189.0,
            "y": 2892
          },
          {
            "x": 2189.0,
            "y": 2881.0
          },
          {
            "x": 2190.0,
            "y": 2880
          },
          {
            "x": 2195,
            "y": 2880
          },
          {
            "x": 2195,
            "y": 2875.0
          },
          {
            "x": 2196,
            "y": 2874.0
          },
          {
            "x": 2201.0,
            "y": 2874.0
          },
          {
            "x": 2201.0,
            "y": 2869
          },
          {
            "x": 2202.0,
            "y": 2868.0
          },
          {
            "x": 2207,
            "y": 2868.0
          },
          {
            "x": 2207,
            "y": 2857
          },
          {
            "x": 2208,
            "y": 2856
          },
          {
            "x": 2213.0,
            "y": 2856
          },
          {
            "x": 2213.0,
            "y": 2827
          },
          {
            "x": 2208,
            "y": 2827
          },
          {
            "x": 2207,
            "y": 2826
          },
          {
            "x": 2207,
            "y": 2821
          },
          {
            "x": 2202.0,
            "y": 2821
          },
          {
            "x": 2201.0,
            "y": 2820
          },
          {
            "x": 2201.0,
            "y": 2809
          },
          {
            "x": 2196,
            "y": 2809
          },
          {
            "x": 2195,
            "y": 2808
          },
          {
            "x": 2195,
            "y": 2803.0
          },
          {
            "x": 2190.0,
            "y": 2803.0
          },
          {
            "x": 2189.0,
            "y": 2802
          },
          {
            "x": 2189.0,
            "y": 2791
          },
          {
            "x": 2184.0,
            "y": 2791
          },
          {
            "x": 2183.0,
            "y": 2790
          },
          {
            "x": 2183.0,
            "y": 2767.0
          },
          {
            "x": 2178,
            "y": 2767.0
          },
          {
            "x": 2177.0,
            "y": 2766
          },
          {
            "x": 2177.0,
            "y": 2755
          },
          {
            "x": 2178,
            "y": 2754.0
          },
          {
            "x": 2183.0,
            "y": 2754.0
          },
          {
            "x": 2183.0,
            "y": 2744
          },
          {
            "x": 2184.0,
            "y": 2743
          },
          {
            "x": 2189.0,
            "y": 2743
          },
          {
            "x": 2189.0,
            "y": 2732.0
          },
          {
            "x": 2190.0,
            "y": 2731.0
          },
          {
            "x": 2195,
            "y": 2731.0
          },
          {
            "x": 2195,
            "y": 2726
          },
          {
            "x": 2196,
            "y": 2725.0
          },
          {
            "x": 2207,
            "y": 2725.0
          },
          {
            "x": 2207,
            "y": 2720
          },
          {
            "x": 2208,
            "y": 2719
          },
          {
            "x": 2213.0,
            "y": 2719
          },
          {
            "x": 2213.0,
            "y": 2714
          },
          {
            "x": 2214.0,
            "y": 2713
          },
          {
            "x": 2219.0,
            "y": 2713
          },
          {
            "x": 2219.0,
            "y": 2708
          },
          {
            "x": 2220,
            "y": 2707
          },
          {
            "x": 2231.0,
            "y": 2707
          },
          {
            "x": 2231.0,
            "y": 2702.0
          },
          {
            "x": 2232.0,
            "y": 2701
          },
          {
            "x": 2243.0,
            "y": 2701
          },
          {
            "x": 2243.0,
            "y": 2696.0
          },
          {
            "x": 2244.0,
            "y": 2695
          },
          {
            "x": 2249,
            "y": 2695
          },
          {
            "x": 2249,
            "y": 2690
          },
          {
            "x": 2250,
            "y": 2689.0
          },
          {
            "x": 2255.0,
            "y": 2689.0
          },
          {
            "x": 2255.0,
            "y": 2684
          },
          {
            "x": 2256.0,
            "y": 2683.0
          },
          {
            "x": 2261.0,
            "y": 2683.0
          },
          {
            "x": 2261.0,
            "y": 2678
          },
          {
            "x": 2262.0,
            "y": 2677
          },
          {
            "x": 2267,
            "y": 2677
          },
          {
            "x": 2267,
            "y": 2672
          },
          {
            "x": 2268.0,
            "y": 2671
          },
          {
            "x": 2273.0,
            "y": 2671
          },
          {
            "x": 2273.0,
            "y": 2666
          },
          {
            "x": 2274.0,
            "y": 2665
          },
          {
            "x": 2285.0,
            "y": 2665
          },
          {
            "x": 2285.0,
            "y": 2660.0
          },
          {
            "x": 2286.0,
            "y": 2659.0
          },
          {
            "x": 2290.0,
            "y": 2659.0
          },
          {
            "x": 2290.0,
            "y": 2648
          },
          {
            "x": 2291.0,
            "y": 2647.0
          },
          {
            "x": 2296,
            "y": 2647.0
          },
          {
            "x": 2296,
            "y": 2642
          },
          {
            "x": 2297.0,
            "y": 2641.0
          },
          {
            "x": 2302.0,
            "y": 2641.0
          },
          {
            "x": 2302.0,
            "y": 2618.0
          },
          {
            "x": 2303.0,
            "y": 2617.0
          },
          {
            "x": 2308,
            "y": 2617.0
          },
          {
            "x": 2308,
            "y": 2589.0
          },
          {
            "x": 2309,
            "y": 2588.0
          },
          {
            "x": 2314.0,
            "y": 2588.0
          },
          {
            "x": 2314.0,
            "y": 2577
          },
          {
            "x": 2315.0,
            "y": 2576.0
          },
          {
            "x": 2320,
            "y": 2576.0
          },
          {
            "x": 2320,
            "y": 2571
          },
          {
            "x": 2321,
            "y": 2570
          },
          {
            "x": 2326.0,
            "y": 2570
          },
          {
            "x": 2326.0,
            "y": 2559
          },
          {
            "x": 2327.0,
            "y": 2558
          },
          {
            "x": 2332.0,
            "y": 2558
          },
          {
            "x": 2332.0,
            "y": 2553.0
          },
          {
            "x": 2333.0,
            "y": 2552
          },
          {
            "x": 2338,
            "y": 2552
          },
          {
            "x": 2338,
            "y": 2541.0
          },
          {
            "x": 2339,
            "y": 2540.0
          },
          {
            "x": 2344.0,
            "y": 2540.0
          },
          {
            "x": 2344.0,
            "y": 2529
          },
          {
            "x": 2345.0,
            "y": 2528
          },
          {
            "x": 2350,
            "y": 2528
          },
          {
            "x": 2350,
            "y": 2505
          },
          {
            "x": 2351,
            "y": 2504.0
          },
          {
            "x": 2356.0,
            "y": 2504.0
          },
          {
            "x": 2356.0,
            "y": 2487
          },
          {
            "x": 2351,
            "y": 2487
          },
          {
            "x": 2350,
            "y": 2486
          },
          {
            "x": 2350,
            "y": 2404.0
          },
          {
            "x": 2345.0,
            "y": 2404.0
          },
          {
            "x": 2344.0,
            "y": 2403.0
          },
          {
            "x": 2344.0,
            "y": 2380
          },
          {
            "x": 2339,
            "y": 2380
          },
          {
            "x": 2338,
            "y": 2379
          },
          {
            "x": 2338,
            "y": 2356.0
          },
          {
            "x": 2333.0,
            "y": 2356.0
          },
          {
            "x": 2332.0,
            "y": 2355.0
          },
          {
            "x": 2332.0,
            "y": 2327.0
          },
          {
            "x": 2327.0,
            "y": 2327.0
          },
          {
            "x": 2326.0,
            "y": 2326.0
          },
          {
            "x": 2326.0,
            "y": 2309
          },
          {
            "x": 2321,
            "y": 2309
          },
          {
            "x": 2320,
            "y": 2308
          },
          {
            "x": 2320,
            "y": 2285
          },
          {
            "x": 2315.0,
            "y": 2285
          },
          {
            "x": 2314.0,
            "y": 2284.0
          },
          {
            "x": 2314.0,
            "y": 2279
          },
          {
            "x": 2309,
            "y": 2279
          },
          {
            "x": 2308,
            "y": 2278
          },
          {
            "x": 2308,
            "y": 2267
          },
          {
            "x": 2303.0,
            "y": 2267
          },
          {
            "x": 2302.0,
            "y": 2266
          },
          {
            "x": 2302.0,
            "y": 2261.0
          },
          {
            "x": 2297.0,
            "y": 2261.0
          },
          {
            "x": 2296,
            "y": 2260.0
          },
          {
            "x": 2296,
            "y": 2255.0
          },
          {
            "x": 2286.0,
            "y": 2255.0
          },
          {
            "x": 2285.0,
            "y": 2254.0
          },
          {
            "x": 2285.0,
            "y": 2249
          },
          {
            "x": 2280,
            "y": 2249
          },
          {
            "x": 2279,
            "y": 2248.0
          },
          {
            "x": 2279,
            "y": 2243
          },
          {
            "x": 2274.0,
            "y": 2243
          },
          {
            "x": 2273.0,
            "y": 2242.0
          },
          {
            "x": 2273.0,
            "y": 2237
          },
          {
            "x": 2268.0,
            "y": 2237
          },
          {
            "x": 2267,
            "y": 2236
          },
          {
            "x": 2267,
            "y": 2195
          },
          {
            "x": 2268.0,
            "y": 2194
          },
          {
            "x": 2273.0,
            "y": 2194
          },
          {
            "x": 2273.0,
            "y": 2189.0
          },
          {
            "x": 2268.0,
            "y": 2189.0
          },
          {
            "x": 2267,
            "y": 2188
          },
          {
            "x": 2267,
            "y": 2172
          },
          {
            "x": 2262.0,
            "y": 2172
          },
          {
            "x": 2261.0,
            "y": 2171
          },
          {
            "x": 2261.0,
            "y": 2124
          },
          {
            "x": 2256.0,
            "y": 2124
          },
          {
            "x": 2255.0,
            "y": 2123
          },
          {
            "x": 2255.0,
            "y": 2100
          },
          {
            "x": 2250,
            "y": 2100
          },
          {
            "x": 2249,
            "y": 2099.0
          },
          {
            "x": 2249,
            "y": 2088
          },
          {
            "x": 2244.0,
            "y": 2088
          },
          {
            "x": 2243.0,
            "y": 2087
          },
          {
            "x": 2243.0,
            "y": 2076.0
          },
          {
            "x": 2226.0,
            "y": 2076.0
          },
          {
            "x": 2225,
            "y": 2075.0
          },
          {
            "x": 2225,
            "y": 2070.0
          },
          {
            "x": 2196,
            "y": 2070.0
          },
          {
            "x": 2195,
            "y": 2069.0
          },
          {
            "x": 2195,
            "y": 2064
          },
          {
            "x": 2178,
            "y": 2064
          },
          {
            "x": 2177.0,
            "y": 2063.0
          },
          {
            "x": 2177.0,
            "y": 2058
          },
          {
            "x": 2166,
            "y": 2058
          },
          {
            "x": 2165,
            "y": 2057
          },
          {
            "x": 2165,
            "y": 2052
          },
          {
            "x": 2160.0,
            "y": 2052
          },
          {
            "x": 2159.0,
            "y": 2051
          },
          {
            "x": 2159.0,
            "y": 2047.0
          },
          {
            "x": 2154.0,
            "y": 2047.0
          },
          {
            "x": 2153,
            "y": 2046.0
          },
          {
            "x": 2153,
            "y": 2029
          },
          {
            "x": 2143.0,
            "y": 2029
          },
          {
            "x": 2142.0,
            "y": 2028.0
          },
          {
            "x": 2142.0,
            "y": 2023
          },
          {
            "x": 2143.0,
            "y": 2022
          },
          {
            "x": 2153,
            "y": 2022
          },
          {
            "x": 2153,
            "y": 2017
          },
          {
            "x": 2154.0,
            "y": 2016
          },
          {
            "x": 2165,
            "y": 2016
          },
          {
            "x": 2165,
            "y": 2011.0
          },
          {
            "x": 2166,
            "y": 2010
          },
          {
            "x": 2201.0,
            "y": 2010
          },
          {
            "x": 2202.0,
            "y": 2011.0
          },
          {
            "x": 2202.0,
            "y": 2016
          },
          {
            "x": 2213.0,
            "y": 2016
          },
          {
            "x": 2214.0,
            "y": 2017
          },
          {
            "x": 2214.0,
            "y": 2022
          },
          {
            "x": 2219.0,
            "y": 2022
          },
          {
            "x": 2220,
            "y": 2023
          },
          {
            "x": 2220,
            "y": 2028.0
          },
          {
            "x": 2243.0,
            "y": 2028.0
          },
          {
            "x": 2244.0,
            "y": 2029
          },
          {
            "x": 2244.0,
            "y": 2034.0
          },
          {
            "x": 2249,
            "y": 2034.0
          },
          {
            "x": 2249,
            "y": 2023
          },
          {
            "x": 2250,
            "y": 2022
          },
          {
            "x": 2255.0,
            "y": 2022
          },
          {
            "x": 2255.0,
            "y": 2011.0
          },
          {
            "x": 2256.0,
            "y": 2010
          },
          {
            "x": 2261.0,
            "y": 2010
          },
          {
            "x": 2261.0,
            "y": 1999.0
          },
          {
            "x": 2262.0,
            "y": 1998.0
          },
          {
            "x": 2267,
            "y": 1998.0
          },
          {
            "x": 2267,
            "y": 1981
          },
          {
            "x": 2268.0,
            "y": 1980
          },
          {
            "x": 2273.0,
            "y": 1980
          },
          {
            "x": 2273.0,
            "y": 1969.0
          },
          {
            "x": 2274.0,
            "y": 1968.0
          },
          {
            "x": 2279,
            "y": 1968.0
          },
          {
            "x": 2279,
            "y": 1957.0
          },
          {
            "x": 2280,
            "y": 1956.0
          },
          {
            "x": 2285.0,
            "y": 1956.0
          },
          {
            "x": 2285.0,
            "y": 1945
          },
          {
            "x": 2286.0,
            "y": 1944
          },
          {
            "x": 2290.0,
            "y": 1944
          },
          {
            "x": 2290.0,
            "y": 1939.0
          },
          {
            "x": 2291.0,
            "y": 1938
          },
          {
            "x": 2296,
            "y": 1938
          },
          {
            "x": 2296,
            "y": 1933.0
          },
          {
            "x": 2297.0,
            "y": 1932.0
          },
          {
            "x": 2302.0,
            "y": 1932.0
          },
          {
            "x": 2302.0,
            "y": 1927.0
          },
          {
            "x": 2303.0,
            "y": 1926.0
          },
          {
            "x": 2308,
            "y": 1926.0
          },
          {
            "x": 2308,
            "y": 1909
          },
          {
            "x": 2309,
            "y": 1908
          },
          {
            "x": 2314.0,
            "y": 1908
          },
          {
            "x": 2314.0,
            "y": 1886.0
          },
          {
            "x": 2315.0,
            "y": 1885.0
          },
          {
            "x": 2320,
            "y": 1885.0
          },
          {
            "x": 2320,
            "y": 1862.0
          },
          {
            "x": 2315.0,
            "y": 1862.0
          },
          {
            "x": 2314.0,
            "y": 1861.0
          },
          {
            "x": 2314.0,
            "y": 1820.0
          },
          {
            "x": 2309,
            "y": 1820.0
          },
          {
            "x": 2308,
            "y": 1819.0
          },
          {
            "x": 2308,
            "y": 1808.0
          },
          {
            "x": 2303.0,
            "y": 1808.0
          },
          {
            "x": 2302.0,
            "y": 1807.0
          },
          {
            "x": 2302.0,
            "y": 1802
          },
          {
            "x": 2297.0,
            "y": 1802
          },
          {
            "x": 2296,
            "y": 1801
          },
          {
            "x": 2296,
            "y": 1796
          },
          {
            "x": 2291.0,
            "y": 1796
          },
          {
            "x": 2290.0,
            "y": 1795
          },
          {
            "x": 2290.0,
            "y": 1790.0
          },
          {
            "x": 2286.0,
            "y": 1790.0
          },
          {
            "x": 2285.0,
            "y": 1789
          },
          {
            "x": 2285.0,
            "y": 1784.0
          },
          {
            "x": 2274.0,
            "y": 1784.0
          },
          {
            "x": 2273.0,
            "y": 1783.0
          },
          {
            "x": 2273.0,
            "y": 1778.0
          },
          {
            "x": 2268.0,
            "y": 1778.0
          },
          {
            "x": 2267,
            "y": 1777.0
          },
          {
            "x": 2267,
            "y": 1772.0
          },
          {
            "x": 2256.0,
            "y": 1772.0
          },
          {
            "x": 2255.0,
            "y": 1771.0
          },
          {
            "x": 2255.0,
            "y": 1766
          },
          {
            "x": 2250,
            "y": 1766
          },
          {
            "x": 2249,
            "y": 1765.0
          },
          {
            "x": 2249,
            "y": 1761.0
          },
          {
            "x": 2244.0,
            "y": 1761.0
          },
          {
            "x": 2243.0,
            "y": 1760
          },
          {
            "x": 2243.0,
            "y": 1755.0
          },
          {
            "x": 2238,
            "y": 1755.0
          },
          {
            "x": 2237,
            "y": 1754.0
          },
          {
            "x": 2237,
            "y": 1749.0
          },
          {
            "x": 2232.0,
            "y": 1749.0
          },
          {
            "x": 2231.0,
            "y": 1748.0
          },
          {
            "x": 2231.0,
            "y": 1743.0
          },
          {
            "x": 2226.0,
            "y": 1743.0
          },
          {
            "x": 2225,
            "y": 1742.0
          },
          {
            "x": 2225,
            "y": 1737
          },
          {
            "x": 2220,
            "y": 1737
          },
          {
            "x": 2219.0,
            "y": 1736.0
          },
          {
            "x": 2219.0,
            "y": 1731
          },
          {
            "x": 2208,
            "y": 1731
          },
          {
            "x": 2207,
            "y": 1730
          },
          {
            "x": 2207,
            "y": 1725
          },
          {
            "x": 2202.0,
            "y": 1725
          },
          {
            "x": 2201.0,
            "y": 1724
          },
          {
            "x": 2201.0,
            "y": 1719.0
          },
          {
            "x": 2196,
            "y": 1719.0
          },
          {
            "x": 2195,
            "y": 1718
          },
          {
            "x": 2195,
            "y": 1713.0
          },
          {
            "x": 2190.0,
            "y": 1713.0
          },
          {
            "x": 2189.0,
            "y": 1712.0
          },
          {
            "x": 2189.0,
            "y": 1707.0
          },
          {
            "x": 2184.0,
            "y": 1707.0
          },
          {
            "x": 2183.0,
            "y": 1706.0
          },
          {
            "x": 2183.0,
            "y": 1695
          },
          {
            "x": 2178,
            "y": 1695
          },
          {
            "x": 2177.0,
            "y": 1694.0
          },
          {
            "x": 2177.0,
            "y": 1689
          },
          {
            "x": 2172.0,
            "y": 1689
          },
          {
            "x": 2171.0,
            "y": 1688
          },
          {
            "x": 2171.0,
            "y": 1671.0
          },
          {
            "x": 2166,
            "y": 1671.0
          },
          {
            "x": 2165,
            "y": 1670.0
          },
          {
            "x": 2165,
            "y": 1647.0
          },
          {
            "x": 2160.0,
            "y": 1647.0
          },
          {
            "x": 2159.0,
            "y": 1646
          },
          {
            "x": 2159.0,
            "y": 1623
          },
          {
            "x": 2154.0,
            "y": 1623
          },
          {
            "x": 2153,
            "y": 1622.0
          },
          {
            "x": 2153,
            "y": 1612.0
          },
          {
            "x": 2148.0,
            "y": 1612.0
          },
          {
            "x": 2147.0,
            "y": 1611
          },
          {
            "x": 2147.0,
            "y": 1.6e3
          },
          {
            "x": 2143.0,
            "y": 1.6e3
          },
          {
            "x": 2142.0,
            "y": 1599.0
          },
          {
            "x": 2142.0,
            "y": 1588
          },
          {
            "x": 2137,
            "y": 1588
          },
          {
            "x": 2136,
            "y": 1587.0
          },
          {
            "x": 2136,
            "y": 1582
          },
          {
            "x": 2131.0,
            "y": 1582
          },
          {
            "x": 2130.0,
            "y": 1581
          },
          {
            "x": 2130.0,
            "y": 1570.0
          },
          {
            "x": 2125,
            "y": 1570.0
          },
          {
            "x": 2124,
            "y": 1569.0
          },
          {
            "x": 2124,
            "y": 1558.0
          },
          {
            "x": 2119.0,
            "y": 1558.0
          },
          {
            "x": 2118.0,
            "y": 1557.0
          },
          {
            "x": 2118.0,
            "y": 1546
          },
          {
            "x": 2113.0,
            "y": 1546
          },
          {
            "x": 2112.0,
            "y": 1545
          },
          {
            "x": 2112.0,
            "y": 1528.0
          },
          {
            "x": 2107,
            "y": 1528.0
          },
          {
            "x": 2106,
            "y": 1527.0
          },
          {
            "x": 2106,
            "y": 1498.0
          },
          {
            "x": 2107,
            "y": 1497
          },
          {
            "x": 2112.0,
            "y": 1497
          },
          {
            "x": 2112.0,
            "y": 1486.0
          },
          {
            "x": 2113.0,
            "y": 1485.0
          },
          {
            "x": 2118.0,
            "y": 1485.0
          },
          {
            "x": 2118.0,
            "y": 1481
          },
          {
            "x": 2119.0,
            "y": 1480.0
          },
          {
            "x": 2130.0,
            "y": 1480.0
          },
          {
            "x": 2130.0,
            "y": 1427.0
          },
          {
            "x": 2119.0,
            "y": 1427.0
          },
          {
            "x": 2118.0,
            "y": 1426
          },
          {
            "x": 2118.0,
            "y": 1421.0
          },
          {
            "x": 2113.0,
            "y": 1421.0
          },
          {
            "x": 2112.0,
            "y": 1420.0
          },
          {
            "x": 2112.0,
            "y": 1415.0
          },
          {
            "x": 2107,
            "y": 1415.0
          },
          {
            "x": 2106,
            "y": 1414.0
          },
          {
            "x": 2106,
            "y": 1409.0
          },
          {
            "x": 2101,
            "y": 1409.0
          },
          {
            "x": 2100,
            "y": 1408.0
          },
          {
            "x": 2100,
            "y": 1403
          },
          {
            "x": 2095,
            "y": 1403
          },
          {
            "x": 2094,
            "y": 1402
          },
          {
            "x": 2094,
            "y": 1397
          },
          {
            "x": 2089.0,
            "y": 1397
          },
          {
            "x": 2088,
            "y": 1396
          },
          {
            "x": 2088,
            "y": 1391.0
          },
          {
            "x": 2083.0,
            "y": 1391.0
          },
          {
            "x": 2082,
            "y": 1390
          },
          {
            "x": 2082,
            "y": 1385.0
          },
          {
            "x": 2077.0,
            "y": 1385.0
          },
          {
            "x": 2076.0,
            "y": 1384.0
          },
          {
            "x": 2076.0,
            "y": 1379.0
          },
          {
            "x": 2065,
            "y": 1379.0
          },
          {
            "x": 2064,
            "y": 1378.0
          },
          {
            "x": 2064,
            "y": 1373.0
          },
          {
            "x": 2053,
            "y": 1373.0
          },
          {
            "x": 2052,
            "y": 1372.0
          },
          {
            "x": 2052,
            "y": 1367
          },
          {
            "x": 2035.0,
            "y": 1367
          },
          {
            "x": 2034.0,
            "y": 1366.0
          },
          {
            "x": 2034.0,
            "y": 1361
          },
          {
            "x": 2011.0,
            "y": 1361
          },
          {
            "x": 2010,
            "y": 1360
          },
          {
            "x": 2010,
            "y": 1355.0
          },
          {
            "x": 1958,
            "y": 1355.0
          },
          {
            "x": 1957.0,
            "y": 1354
          },
          {
            "x": 1957.0,
            "y": 1349.0
          },
          {
            "x": 1934.0,
            "y": 1349.0
          },
          {
            "x": 1933.0,
            "y": 1348.0
          },
          {
            "x": 1933.0,
            "y": 1343.0
          },
          {
            "x": 1922,
            "y": 1343.0
          },
          {
            "x": 1921.0,
            "y": 1342.0
          },
          {
            "x": 1921.0,
            "y": 1338
          },
          {
            "x": 1910,
            "y": 1338
          },
          {
            "x": 1909,
            "y": 1337.0
          },
          {
            "x": 1909,
            "y": 1332
          },
          {
            "x": 1898.0,
            "y": 1332
          },
          {
            "x": 1897.0,
            "y": 1331
          },
          {
            "x": 1897.0,
            "y": 1326
          },
          {
            "x": 1874,
            "y": 1326
          },
          {
            "x": 1873,
            "y": 1325
          },
          {
            "x": 1873,
            "y": 1320.0
          },
          {
            "x": 1857.0,
            "y": 1320.0
          },
          {
            "x": 1856.0,
            "y": 1319
          },
          {
            "x": 1856.0,
            "y": 1314.0
          },
          {
            "x": 1845,
            "y": 1314.0
          },
          {
            "x": 1844,
            "y": 1313.0
          },
          {
            "x": 1844,
            "y": 1308.0
          },
          {
            "x": 1839,
            "y": 1308.0
          },
          {
            "x": 1838,
            "y": 1307.0
          },
          {
            "x": 1838,
            "y": 1302.0
          },
          {
            "x": 1833.0,
            "y": 1302.0
          },
          {
            "x": 1832,
            "y": 1301.0
          },
          {
            "x": 1832,
            "y": 1296
          },
          {
            "x": 1827.0,
            "y": 1296
          },
          {
            "x": 1826.0,
            "y": 1295.0
          },
          {
            "x": 1826.0,
            "y": 1290
          },
          {
            "x": 1815.0,
            "y": 1290
          },
          {
            "x": 1814.0,
            "y": 1289
          },
          {
            "x": 1814.0,
            "y": 1284.0
          },
          {
            "x": 1809,
            "y": 1284.0
          },
          {
            "x": 1808.0,
            "y": 1283
          },
          {
            "x": 1808.0,
            "y": 1278.0
          },
          {
            "x": 1803,
            "y": 1278.0
          },
          {
            "x": 1802,
            "y": 1277.0
          },
          {
            "x": 1802,
            "y": 1272.0
          },
          {
            "x": 1797.0,
            "y": 1272.0
          },
          {
            "x": 1796,
            "y": 1271.0
          },
          {
            "x": 1796,
            "y": 1266.0
          },
          {
            "x": 1791.0,
            "y": 1266.0
          },
          {
            "x": 1790.0,
            "y": 1265.0
          },
          {
            "x": 1790.0,
            "y": 1254
          },
          {
            "x": 1785.0,
            "y": 1254
          },
          {
            "x": 1784.0,
            "y": 1253
          },
          {
            "x": 1784.0,
            "y": 1236.0
          },
          {
            "x": 1779.0,
            "y": 1236.0
          },
          {
            "x": 1778.0,
            "y": 1235.0
          },
          {
            "x": 1778.0,
            "y": 1224
          },
          {
            "x": 1773,
            "y": 1224
          },
          {
            "x": 1772.0,
            "y": 1223.0
          },
          {
            "x": 1772.0,
            "y": 1212
          },
          {
            "x": 1767,
            "y": 1212
          },
          {
            "x": 1766,
            "y": 1211
          },
          {
            "x": 1766,
            "y": 1200
          },
          {
            "x": 1761.0,
            "y": 1200
          },
          {
            "x": 1760,
            "y": 1199.0
          },
          {
            "x": 1760,
            "y": 1189
          },
          {
            "x": 1755.0,
            "y": 1189
          },
          {
            "x": 1754.0,
            "y": 1188.0
          },
          {
            "x": 1754.0,
            "y": 1171
          },
          {
            "x": 1749.0,
            "y": 1171
          },
          {
            "x": 1748.0,
            "y": 1170.0
          },
          {
            "x": 1748.0,
            "y": 1159.0
          },
          {
            "x": 1743.0,
            "y": 1159.0
          },
          {
            "x": 1742.0,
            "y": 1158
          },
          {
            "x": 1742.0,
            "y": 1147
          },
          {
            "x": 1737,
            "y": 1147
          },
          {
            "x": 1736.0,
            "y": 1146
          },
          {
            "x": 1736.0,
            "y": 1135.0
          },
          {
            "x": 1731,
            "y": 1135.0
          },
          {
            "x": 1730,
            "y": 1134.0
          },
          {
            "x": 1730,
            "y": 1123.0
          },
          {
            "x": 1725,
            "y": 1123.0
          },
          {
            "x": 1724,
            "y": 1122
          },
          {
            "x": 1724,
            "y": 1111
          },
          {
            "x": 1720.0,
            "y": 1111
          },
          {
            "x": 1719.0,
            "y": 1110
          },
          {
            "x": 1719.0,
            "y": 1099.0
          },
          {
            "x": 1714.0,
            "y": 1099.0
          },
          {
            "x": 1713.0,
            "y": 1098
          },
          {
            "x": 1713.0,
            "y": 1075
          },
          {
            "x": 1708.0,
            "y": 1075
          },
          {
            "x": 1707.0,
            "y": 1074.0
          },
          {
            "x": 1707.0,
            "y": 1052.0
          },
          {
            "x": 1702,
            "y": 1052.0
          },
          {
            "x": 1701.0,
            "y": 1051
          },
          {
            "x": 1701.0,
            "y": 1046
          },
          {
            "x": 1696,
            "y": 1046
          },
          {
            "x": 1695,
            "y": 1045.0
          },
          {
            "x": 1695,
            "y": 1040
          },
          {
            "x": 1690.0,
            "y": 1040
          },
          {
            "x": 1689,
            "y": 1039
          },
          {
            "x": 1689,
            "y": 1034
          },
          {
            "x": 1684.0,
            "y": 1034
          },
          {
            "x": 1683.0,
            "y": 1033
          },
          {
            "x": 1683.0,
            "y": 1028.0
          },
          {
            "x": 1678.0,
            "y": 1028.0
          },
          {
            "x": 1677.0,
            "y": 1027
          },
          {
            "x": 1677.0,
            "y": 1022
          },
          {
            "x": 1654.0,
            "y": 1022
          },
          {
            "x": 1653,
            "y": 1021.0
          },
          {
            "x": 1653,
            "y": 1016.0
          },
          {
            "x": 1636.0,
            "y": 1016.0
          },
          {
            "x": 1635.0,
            "y": 1015
          },
          {
            "x": 1635.0,
            "y": 1010.0
          },
          {
            "x": 1588,
            "y": 1010.0
          },
          {
            "x": 1588,
            "y": 1015
          },
          {
            "x": 1587.0,
            "y": 1016.0
          },
          {
            "x": 1577.0,
            "y": 1016.0
          },
          {
            "x": 1577.0,
            "y": 1021.0
          },
          {
            "x": 1576.0,
            "y": 1022
          },
          {
            "x": 1565.0,
            "y": 1022
          },
          {
            "x": 1565.0,
            "y": 1027
          },
          {
            "x": 1564.0,
            "y": 1028.0
          },
          {
            "x": 1553,
            "y": 1028.0
          },
          {
            "x": 1553,
            "y": 1033
          },
          {
            "x": 1552,
            "y": 1034
          },
          {
            "x": 1541.0,
            "y": 1034
          },
          {
            "x": 1541.0,
            "y": 1039
          },
          {
            "x": 1540,
            "y": 1040
          },
          {
            "x": 1535.0,
            "y": 1040
          },
          {
            "x": 1535.0,
            "y": 1045.0
          },
          {
            "x": 1534.0,
            "y": 1046
          },
          {
            "x": 1517,
            "y": 1046
          },
          {
            "x": 1517,
            "y": 1051
          },
          {
            "x": 1516,
            "y": 1052.0
          },
          {
            "x": 1505.0,
            "y": 1052.0
          },
          {
            "x": 1505.0,
            "y": 1056.0
          },
          {
            "x": 1504,
            "y": 1057
          },
          {
            "x": 1487.0,
            "y": 1057
          },
          {
            "x": 1487.0,
            "y": 1062
          },
          {
            "x": 1486.0,
            "y": 1063.0
          },
          {
            "x": 1457.0,
            "y": 1063.0
          },
          {
            "x": 1456.0,
            "y": 1062
          },
          {
            "x": 1456.0,
            "y": 1057
          },
          {
            "x": 1434.0,
            "y": 1057
          },
          {
            "x": 1433,
            "y": 1056.0
          },
          {
            "x": 1433,
            "y": 1052.0
          },
          {
            "x": 1422.0,
            "y": 1052.0
          },
          {
            "x": 1421.0,
            "y": 1051
          },
          {
            "x": 1421.0,
            "y": 1046
          },
          {
            "x": 1392.0,
            "y": 1046
          },
          {
            "x": 1391.0,
            "y": 1045.0
          },
          {
            "x": 1391.0,
            "y": 1040
          },
          {
            "x": 1380.0,
            "y": 1040
          },
          {
            "x": 1379.0,
            "y": 1039
          },
          {
            "x": 1379.0,
            "y": 1034
          },
          {
            "x": 1356.0,
            "y": 1034
          },
          {
            "x": 1355.0,
            "y": 1033
          },
          {
            "x": 1355.0,
            "y": 1028.0
          },
          {
            "x": 1338,
            "y": 1028.0
          },
          {
            "x": 1337.0,
            "y": 1027
          },
          {
            "x": 1337.0,
            "y": 1022
          },
          {
            "x": 1326,
            "y": 1022
          },
          {
            "x": 1325,
            "y": 1021.0
          },
          {
            "x": 1325,
            "y": 1016.0
          },
          {
            "x": 1314.0,
            "y": 1016.0
          },
          {
            "x": 1313.0,
            "y": 1015
          },
          {
            "x": 1313.0,
            "y": 1010.0
          },
          {
            "x": 1302.0,
            "y": 1010.0
          },
          {
            "x": 1301.0,
            "y": 1009.0
          },
          {
            "x": 1301.0,
            "y": 1004
          },
          {
            "x": 1291.0,
            "y": 1004
          },
          {
            "x": 1290,
            "y": 1003.0
          },
          {
            "x": 1290,
            "y": 998.0
          },
          {
            "x": 1279.0,
            "y": 998.0
          },
          {
            "x": 1278.0,
            "y": 997
          },
          {
            "x": 1278.0,
            "y": 992.0
          },
          {
            "x": 1267,
            "y": 992.0
          },
          {
            "x": 1266.0,
            "y": 991.0
          },
          {
            "x": 1266.0,
            "y": 986
          },
          {
            "x": 1255,
            "y": 986
          },
          {
            "x": 1254,
            "y": 985.0
          },
          {
            "x": 1254,
            "y": 980
          },
          {
            "x": 1243.0,
            "y": 980
          },
          {
            "x": 1242.0,
            "y": 979
          },
          {
            "x": 1242.0,
            "y": 974.0
          },
          {
            "x": 1231.0,
            "y": 974.0
          },
          {
            "x": 1230.0,
            "y": 973
          },
          {
            "x": 1230.0,
            "y": 968.0
          },
          {
            "x": 1213.0,
            "y": 968.0
          },
          {
            "x": 1212,
            "y": 967.0
          },
          {
            "x": 1212,
            "y": 962
          },
          {
            "x": 1195.0,
            "y": 962
          },
          {
            "x": 1194.0,
            "y": 961
          },
          {
            "x": 1194.0,
            "y": 956.0
          },
          {
            "x": 1171.0,
            "y": 956.0
          },
          {
            "x": 1170.0,
            "y": 955
          },
          {
            "x": 1170.0,
            "y": 950.0
          },
          {
            "x": 1142.0,
            "y": 950.0
          },
          {
            "x": 1141,
            "y": 949.0
          },
          {
            "x": 1141,
            "y": 944
          },
          {
            "x": 1118,
            "y": 944
          },
          {
            "x": 1117.0,
            "y": 943.0
          },
          {
            "x": 1117.0,
            "y": 938.0
          },
          {
            "x": 1106.0,
            "y": 938.0
          },
          {
            "x": 1105,
            "y": 937
          },
          {
            "x": 1105,
            "y": 932.0
          },
          {
            "x": 1094.0,
            "y": 932.0
          },
          {
            "x": 1093.0,
            "y": 931.0
          },
          {
            "x": 1093.0,
            "y": 926
          },
          {
            "x": 1082,
            "y": 926
          },
          {
            "x": 1081.0,
            "y": 925.0
          },
          {
            "x": 1081.0,
            "y": 920.0
          },
          {
            "x": 1070.0,
            "y": 920.0
          },
          {
            "x": 1069,
            "y": 919
          },
          {
            "x": 1069,
            "y": 915
          },
          {
            "x": 1058.0,
            "y": 915
          },
          {
            "x": 1057.0,
            "y": 914.0
          },
          {
            "x": 1057.0,
            "y": 909.0
          },
          {
            "x": 1034,
            "y": 909.0
          },
          {
            "x": 1033,
            "y": 908
          },
          {
            "x": 1033,
            "y": 903.0
          },
          {
            "x": 1016.0,
            "y": 903.0
          },
          {
            "x": 1015.0,
            "y": 902.0
          },
          {
            "x": 1015.0,
            "y": 897
          },
          {
            "x": 999.0,
            "y": 897
          },
          {
            "x": 998.0,
            "y": 896.0
          },
          {
            "x": 998.0,
            "y": 891
          },
          {
            "x": 987.0,
            "y": 891
          },
          {
            "x": 986.0,
            "y": 890
          },
          {
            "x": 986.0,
            "y": 885.0
          },
          {
            "x": 969,
            "y": 885.0
          },
          {
            "x": 968.0,
            "y": 884.0
          },
          {
            "x": 968.0,
            "y": 879.0
          },
          {
            "x": 957.0,
            "y": 879.0
          },
          {
            "x": 956.0,
            "y": 878.0
          },
          {
            "x": 956.0,
            "y": 873
          },
          {
            "x": 945.0,
            "y": 873
          },
          {
            "x": 944.0,
            "y": 872
          },
          {
            "x": 944.0,
            "y": 867.0
          },
          {
            "x": 909.0,
            "y": 867.0
          },
          {
            "x": 908.0,
            "y": 866
          },
          {
            "x": 908.0,
            "y": 861.0
          },
          {
            "x": 868.0,
            "y": 861.0
          },
          {
            "x": 867.0,
            "y": 860.0
          },
          {
            "x": 867.0,
            "y": 855
          },
          {
            "x": 850.0,
            "y": 855
          },
          {
            "x": 849.0,
            "y": 854.0
          },
          {
            "x": 849.0,
            "y": 849.0
          },
          {
            "x": 832.0,
            "y": 849.0
          },
          {
            "x": 831.0,
            "y": 848
          },
          {
            "x": 831.0,
            "y": 843.0
          },
          {
            "x": 808.0,
            "y": 843.0
          },
          {
            "x": 807.0,
            "y": 842.0
          },
          {
            "x": 807.0,
            "y": 837
          },
          {
            "x": 784,
            "y": 837
          },
          {
            "x": 783,
            "y": 836.0
          },
          {
            "x": 783,
            "y": 831.0
          },
          {
            "x": 760.0,
            "y": 831.0
          },
          {
            "x": 759.0,
            "y": 830
          },
          {
            "x": 759.0,
            "y": 825.0
          },
          {
            "x": 736.0,
            "y": 825.0
          },
          {
            "x": 735.0,
            "y": 824.0
          },
          {
            "x": 735.0,
            "y": 819
          },
          {
            "x": 719,
            "y": 819
          },
          {
            "x": 718.0,
            "y": 818.0
          },
          {
            "x": 718.0,
            "y": 813.0
          },
          {
            "x": 707.0,
            "y": 813.0
          },
          {
            "x": 706.0,
            "y": 812
          },
          {
            "x": 706.0,
            "y": 807.0
          },
          {
            "x": 695.0,
            "y": 807.0
          },
          {
            "x": 694.0,
            "y": 806.0
          },
          {
            "x": 694.0,
            "y": 801
          },
          {
            "x": 677,
            "y": 801
          },
          {
            "x": 676.0,
            "y": 800.0
          },
          {
            "x": 676.0,
            "y": 795.0
          },
          {
            "x": 665.0,
            "y": 795.0
          },
          {
            "x": 664.0,
            "y": 794
          },
          {
            "x": 664.0,
            "y": 789.0
          },
          {
            "x": 647.0,
            "y": 789.0
          },
          {
            "x": 646.0,
            "y": 788.0
          },
          {
            "x": 646.0,
            "y": 783
          },
          {
            "x": 605,
            "y": 783
          },
          {
            "x": 604.0,
            "y": 782.0
          },
          {
            "x": 604.0,
            "y": 777
          },
          {
            "x": 564.0,
            "y": 777
          },
          {
            "x": 563,
            "y": 776
          },
          {
            "x": 563,
            "y": 772.0
          },
          {
            "x": 516.0,
            "y": 772.0
          },
          {
            "x": 515.0,
            "y": 771.0
          },
          {
            "x": 515.0,
            "y": 766
          },
          {
            "x": 450.0,
            "y": 766
          },
          {
            "x": 449,
            "y": 765.0
          },
          {
            "x": 449,
            "y": 760.0
          },
          {
            "x": 367.0,
            "y": 760.0
          },
          {
            "x": 366.0,
            "y": 759
          },
          {
            "x": 366.0,
            "y": 754.0
          },
          {
            "x": 206.0,
            "y": 754.0
          },
          {
            "x": 205.0,
            "y": 753.0
          },
          {
            "x": 205.0,
            "y": 748
          },
          {
            "x": 188.0,
            "y": 748
          },
          {
            "x": 187.0,
            "y": 747.0
          },
          {
            "x": 187.0,
            "y": 742.0
          },
          {
            "x": 176.0,
            "y": 742.0
          },
          {
            "x": 175.0,
            "y": 741
          },
          {
            "x": 175.0,
            "y": 736.0
          },
          {
            "x": 159.0,
            "y": 736.0
          },
          {
            "x": 158.0,
            "y": 735.0
          },
          {
            "x": 158.0,
            "y": 730
          },
          {
            "x": 99.0,
            "y": 730
          },
          {
            "x": 99.0,
            "y": 735.0
          },
          {
            "x": 98.0,
            "y": 736.0
          },
          {
            "x": 45.0,
            "y": 736.0
          },
          {
            "x": 45.0,
            "y": 741
          },
          {
            "x": 44.0,
            "y": 742.0
          },
          {
            "x": 27.0,
            "y": 742.0
          },
          {
            "x": 27.0,
            "y": 747.0
          },
          {
            "x": 26.0,
            "y": 748
          }
        ]
      }
    }
  ]
}