{
  "image": {
    "width": 5472,
    "height": 3648,
    "filename": "00000021.JPG",
    "original_filename": "EP-00-00012_0119_0055.JPG",
    "url": "https://darwin.v7labs.com/api/images/1221700/original?token=352cf892-311a-4ca4-80fd-3f05fb7d64b8",
    "thumbnail_url": "https://darwin.v7labs.com/api/images/1221700/thumbnail?token=352cf892-311a-4ca4-80fd-3f05fb7d64b8",
    "workview_url": "https://darwin.v7labs.com/workview?dataset=1191&image=21"
  },
  "dataset": "Mapping_2",
  "annotated": true,
  "annotations": [
    {
      "annotator": {
        "email": "begimbaeva.s95@gmail.com",
        "full_name": "Saltanat Begimbaeva"
      },
      "bounding_box": {
        "h": 213.86,
        "w": 174.45,
        "x": 1717.67,
        "y": 1192.59
      },
      "name": "Vehicle "
    },
    {
      "annotator": {
        "email": "begimbaeva.s95@gmail.com",
        "full_name": "Saltanat Begimbaeva"
      },
      "bounding_box": {
        "h": 200.67,
        "w": 153.66,
        "x": 1469.64,
        "y": 1200.36
      },
      "name": "Vehicle "
    },
    {
      "annotator": {
        "email": "begimbaeva.s95@gmail.com",
        "full_name": "Saltanat Begimbaeva"
      },
      "name": "Building Polygon ",
      "polygon": {
        "path": [
          {
            "x": 0.81,
            "y": 262.67
          },
          {
            "x": 64.28,
            "y": 280.22
          },
          {
            "x": 199.57,
            "y": 311.86
          },
          {
            "x": 269.0,
            "y": 327.43
          },
          {
            "x": 373.53,
            "y": 352.15
          },
          {
            "x": 561.33,
            "y": 400.64
          },
          {
            "x": 726.56,
            "y": 440.54
          },
          {
            "x": 753.7,
            "y": 354.83
          },
          {
            "x": 771.32,
            "y": 300.49
          },
          {
            "x": 782.28,
            "y": 263.17
          },
          {
            "x": 802.96,
            "y": 194.35
          },
          {
            "x": 895.1,
            "y": 212.02
          },
          {
            "x": 1053.77,
            "y": 244.53
          },
          {
            "x": 1223.08,
            "y": 278.45
          },
          {
            "x": 1241.56,
            "y": 211.04
          },
          {
            "x": 1260.51,
            "y": 150.96
          },
          {
            "x": 1284.79,
            "y": 75.34
          },
          {
            "x": 1339.41,
            "y": 87.0
          },
          {
            "x": 1470.38,
            "y": 115.36
          },
          {
            "x": 1575.73,
            "y": 138.73
          },
          {
            "x": 1689.92,
            "y": 166.21
          },
          {
            "x": 1771.91,
            "y": 184.14
          },
          {
            "x": 1787.34,
            "y": 141.6
          },
          {
            "x": 1773.77,
            "y": 98.1
          },
          {
            "x": 1842.37,
            "y": 109.84
          },
          {
            "x": 1989.69,
            "y": 139.31
          },
          {
            "x": 2134.45,
            "y": 170.05
          },
          {
            "x": 2234.37,
            "y": 189.57
          },
          {
            "x": 2351.67,
            "y": 217.36
          },
          {
            "x": 2370.72,
            "y": 221.33
          },
          {
            "x": 2524.31,
            "y": 261.01
          },
          {
            "x": 2698.44,
            "y": 304.5
          },
          {
            "x": 2774.11,
            "y": 325.06
          },
          {
            "x": 2774.11,
            "y": 325.06
          },
          {
            "x": 2806.14,
            "y": 207.63
          },
          {
            "x": 2806.14,
            "y": 207.63
          },
          {
            "x": 2806.14,
            "y": 207.63
          },
          {
            "x": 2831.76,
            "y": 113.69
          },
          {
            "x": 2831.76,
            "y": 113.69
          },
          {
            "x": 2831.76,
            "y": 113.69
          },
          {
            "x": 2845.02,
            "y": 65.17
          },
          {
            "x": 2847.8,
            "y": 54.85
          },
          {
            "x": 2901.11,
            "y": 63.4
          },
          {
            "x": 2982.49,
            "y": 78.09
          },
          {
            "x": 3227.6,
            "y": 124.81
          },
          {
            "x": 3413.06,
            "y": 164.13
          },
          {
            "x": 3670.99,
            "y": 223.67
          },
          {
            "x": 3794.68,
            "y": 253.71
          },
          {
            "x": 3871.73,
            "y": 271.04
          },
          {
            "x": 3878.48,
            "y": 269.05
          },
          {
            "x": 3890.26,
            "y": 212.75
          },
          {
            "x": 3907.83,
            "y": 128.63
          },
          {
            "x": 3942.05,
            "y": 1.37
          },
          {
            "x": 3758.38,
            "y": 0.53
          },
          {
            "x": 3419.72,
            "y": -1.1
          },
          {
            "x": 3115.72,
            "y": 0.53
          },
          {
            "x": 2750.63,
            "y": 0.53
          },
          {
            "x": 2463.72,
            "y": 0.08
          },
          {
            "x": 2435.93,
            "y": 0.74
          },
          {
            "x": 1986.27,
            "y": 0.53
          },
          {
            "x": 1764.38,
            "y": -0.28
          },
          {
            "x": 1572.07,
            "y": -0.28
          },
          {
            "x": 1275.44,
            "y": 0.23
          },
          {
            "x": 1246.33,
            "y": -0.43
          },
          {
            "x": 890.32,
            "y": -1.25
          },
          {
            "x": 878.41,
            "y": 0.08
          },
          {
            "x": 669.51,
            "y": -0.28
          },
          {
            "x": 656.12,
            "y": 0.53
          },
          {
            "x": 248.33,
            "y": 0.53
          },
          {
            "x": 51.09,
            "y": 0.23
          },
          {
            "x": 0.42,
            "y": 0.38
          },
          {
            "x": -0.45,
            "y": 86.59
          },
          {
            "x": -1.27,
            "y": 166.61
          }
        ]
      }
    },
    {
      "annotator": {
        "email": "begimbaeva.s95@gmail.com",
        "full_name": "Saltanat Begimbaeva"
      },
      "bounding_box": {
        "h": 501.04,
        "w": 361.01,
        "x": 3779.2,
        "y": 1910.69
      },
      "name": "Vehicle "
    },
    {
      "annotator": {
        "email": "begimbaeva.s95@gmail.com",
        "full_name": "Saltanat Begimbaeva"
      },
      "name": "Building Polygon ",
      "polygon": {
        "path": [
          {
            "x": 5472.71,
            "y": 1747.14
          },
          {
            "x": 5321.92,
            "y": 1893.08
          },
          {
            "x": 5220.97,
            "y": 1982.05
          },
          {
            "x": 5056.14,
            "y": 2133.75
          },
          {
            "x": 4964.42,
            "y": 2214.77
          },
          {
            "x": 4884.23,
            "y": 2288.85
          },
          {
            "x": 5014.98,
            "y": 2421.05
          },
          {
            "x": 4883.76,
            "y": 2394.48
          },
          {
            "x": 4851.24,
            "y": 2387.45
          },
          {
            "x": 4695.05,
            "y": 2535.88
          },
          {
            "x": 4507.96,
            "y": 2701.64
          },
          {
            "x": 4443.72,
            "y": 2765.76
          },
          {
            "x": 4624.86,
            "y": 2821.23
          },
          {
            "x": 4952.83,
            "y": 3180.7
          },
          {
            "x": 5106.26,
            "y": 3344.94
          },
          {
            "x": 5141.82,
            "y": 3377.98
          },
          {
            "x": 5168.46,
            "y": 3404.76
          },
          {
            "x": 5340.47,
            "y": 3593.92
          },
          {
            "x": 5397.9,
            "y": 3658.55
          },
          {
            "x": 5472.25,
            "y": 3647.1
          },
          {
            "x": 5471.71,
            "y": 3328.38
          },
          {
            "x": 5474.47,
            "y": 2952.03
          },
          {
            "x": 5472.1,
            "y": 2561.44
          },
          {
            "x": 5471.97,
            "y": 2284.29
          },
          {
            "x": 5473.8,
            "y": 2028.16
          }
        ]
      }
    },
    {
      "annotator": {
        "email": "begimbaeva.s95@gmail.com",
        "full_name": "Saltanat Begimbaeva"
      },
      "name": "Building Polygon ",
      "polygon": {
        "path": [
          {
            "x": 0.19,
            "y": 2340.25
          },
          {
            "x": 168.84,
            "y": 2302.97
          },
          {
            "x": 273.29,
            "y": 2280.38
          },
          {
            "x": 296.47,
            "y": 2280.15
          },
          {
            "x": 264.14,
            "y": 2062.0
          },
          {
            "x": 431.53,
            "y": 2022.48
          },
          {
            "x": 660.03,
            "y": 1969.78
          },
          {
            "x": 923.65,
            "y": 1909.38
          },
          {
            "x": 1126.54,
            "y": 1862.66
          },
          {
            "x": 1202.21,
            "y": 1881.1
          },
          {
            "x": 1214.85,
            "y": 1978.42
          },
          {
            "x": 1371.69,
            "y": 1941.35
          },
          {
            "x": 1640.06,
            "y": 1878.46
          },
          {
            "x": 1931.62,
            "y": 1809.09
          },
          {
            "x": 2161.87,
            "y": 1757.97
          },
          {
            "x": 2384.21,
            "y": 1706.16
          },
          {
            "x": 2469.09,
            "y": 2084.38
          },
          {
            "x": 2526.18,
            "y": 2350.2
          },
          {
            "x": 2378.65,
            "y": 2382.33
          },
          {
            "x": 2303.71,
            "y": 2398.71
          },
          {
            "x": 2326.52,
            "y": 2518.03
          },
          {
            "x": 2354.36,
            "y": 2659.56
          },
          {
            "x": 2458.88,
            "y": 2636.73
          },
          {
            "x": 2671.7,
            "y": 2594.17
          },
          {
            "x": 2790.14,
            "y": 2570.72
          },
          {
            "x": 2933.7,
            "y": 2544.18
          },
          {
            "x": 2963.84,
            "y": 2668.36
          },
          {
            "x": 2995.73,
            "y": 2815.16
          },
          {
            "x": 3013.28,
            "y": 2909.21
          },
          {
            "x": 2950.99,
            "y": 2921.64
          },
          {
            "x": 2973.63,
            "y": 3015.61
          },
          {
            "x": 2991.6,
            "y": 3079.2
          },
          {
            "x": 3154.09,
            "y": 3044.13
          },
          {
            "x": 3344.69,
            "y": 3007.65
          },
          {
            "x": 3373.61,
            "y": 3136.22
          },
          {
            "x": 3405.96,
            "y": 3280.74
          },
          {
            "x": 3448.47,
            "y": 3458.04
          },
          {
            "x": 3453.17,
            "y": 3483.37
          },
          {
            "x": 3454.76,
            "y": 3504.72
          },
          {
            "x": 3470.28,
            "y": 3560.98
          },
          {
            "x": 3483.27,
            "y": 3613.74
          },
          {
            "x": 3491.04,
            "y": 3645.05
          },
          {
            "x": 3004.25,
            "y": 3649.54
          },
          {
            "x": 2461.68,
            "y": 3650.31
          },
          {
            "x": 2116.34,
            "y": 3649.19
          },
          {
            "x": 1725.15,
            "y": 3648.14
          },
          {
            "x": 1256.32,
            "y": 3646.54
          },
          {
            "x": 773.15,
            "y": 3647.17
          },
          {
            "x": 283.42,
            "y": 3647.79
          },
          {
            "x": -0.83,
            "y": 3651.85
          },
          {
            "x": 0.09,
            "y": 3416.93
          },
          {
            "x": 0.09,
            "y": 3403.74
          },
          {
            "x": -0.77,
            "y": 3056.78
          },
          {
            "x": 0.29,
            "y": 2677.27
          },
          {
            "x": 0.72,
            "y": 2430.33
          }
        ]
      }
    }
  ]
}