{
  "image": {
    "width": 5472,
    "height": 3648,
    "filename": "00000014.JPG",
    "original_filename": "EP-00-00012_0119_0048.JPG",
    "url": "https://darwin.v7labs.com/api/images/1221693/original?token=352cf892-311a-4ca4-80fd-3f05fb7d64b8",
    "thumbnail_url": "https://darwin.v7labs.com/api/images/1221693/thumbnail?token=352cf892-311a-4ca4-80fd-3f05fb7d64b8",
    "workview_url": "https://darwin.v7labs.com/workview?dataset=1191&image=14"
  },
  "dataset": "Mapping_2",
  "annotated": true,
  "annotations": [
    {
      "annotator": {
        "email": "begimbaeva.s95@gmail.com",
        "full_name": "Saltanat Begimbaeva"
      },
      "name": "Spring Field Polygon ",
      "polygon": {
        "path": [
          {
            "x": 15.43,
            "y": 3176.08
          },
          {
            "x": 486.28,
            "y": 3133.28
          },
          {
            "x": 1353.06,
            "y": 2994.16
          },
          {
            "x": 2112.84,
            "y": 2876.45
          },
          {
            "x": 3332.76,
            "y": 2748.04
          },
          {
            "x": 3910.62,
            "y": 2673.13
          },
          {
            "x": 3953.43,
            "y": 3657.63
          },
          {
            "x": 5462.28,
            "y": 3646.93
          },
          {
            "x": 5472.98,
            "y": 2041.77
          },
          {
            "x": 5462.28,
            "y": 8.56
          },
          {
            "x": 4413.57,
            "y": 8.56
          },
          {
            "x": 2412.47,
            "y": 8.56
          },
          {
            "x": 15.43,
            "y": 8.56
          }
        ]
      }
    }
  ]
}