{
  "image": {
    "width": 5472,
    "height": 3648,
    "filename": "00000025.JPG",
    "original_filename": "EP-00-00012_0119_0085.JPG",
    "url": "https://darwin.v7labs.com/api/images/1221751/original?token=b19ef416-03ed-4ae6-a438-a83286cfedf7",
    "thumbnail_url": "https://darwin.v7labs.com/api/images/1221751/thumbnail?token=b19ef416-03ed-4ae6-a438-a83286cfedf7",
    "workview_url": "https://darwin.v7labs.com/workview?dataset=1192&image=25"
  },
  "dataset": "Mapping_3",
  "annotated": true,
  "annotations": [
    {
      "annotator": {
        "email": "corporate@bex.kg",
        "full_name": "Aizada Tynchybek kyzy"
      },
      "name": "Building Polygon ",
      "polygon": {
        "path": [
          {
            "x": 1.52,
            "y": 1009.59
          },
          {
            "x": 145.95,
            "y": 1058.45
          },
          {
            "x": 289.67,
            "y": 1284.09
          },
          {
            "x": 275.29,
            "y": 1298.46
          },
          {
            "x": 285.35,
            "y": 1315.7
          },
          {
            "x": 391.7,
            "y": 1347.32
          },
          {
            "x": 526.08,
            "y": 1238.1
          },
          {
            "x": 592.9,
            "y": 1330.08
          },
          {
            "x": 667.2,
            "y": 1353.54
          },
          {
            "x": 674.9,
            "y": 1346.2
          },
          {
            "x": 689.56,
            "y": 1348.77
          },
          {
            "x": 838.66,
            "y": 1575.39
          },
          {
            "x": 845.05,
            "y": 1570.88
          },
          {
            "x": 856.32,
            "y": 1572.01
          },
          {
            "x": 963.84,
            "y": 1728.03
          },
          {
            "x": 974.53,
            "y": 1734.9
          },
          {
            "x": 986.76,
            "y": 1782.27
          },
          {
            "x": 1056.27,
            "y": 1792.96
          },
          {
            "x": 1074.61,
            "y": 1821.99
          },
          {
            "x": 1040.19,
            "y": 1844.18
          },
          {
            "x": 1164.11,
            "y": 2029.56
          },
          {
            "x": 1152.84,
            "y": 2038.98
          },
          {
            "x": 1217.06,
            "y": 2134.28
          },
          {
            "x": 1564.67,
            "y": 1889.17
          },
          {
            "x": 1918.9,
            "y": 2385.87
          },
          {
            "x": 1849.89,
            "y": 2539.67
          },
          {
            "x": 1319.48,
            "y": 2973.61
          },
          {
            "x": 1521.69,
            "y": 3287.49
          },
          {
            "x": 1410.14,
            "y": 3542.64
          },
          {
            "x": 1473.98,
            "y": 3647.44
          },
          {
            "x": 1.98,
            "y": 3648.28
          }
        ]
      }
    },
    {
      "annotator": {
        "email": "corporate@bex.kg",
        "full_name": "Aizada Tynchybek kyzy"
      },
      "name": "Building Polygon ",
      "polygon": {
        "path": [
          {
            "x": 1472.64,
            "y": 3648.19
          },
          {
            "x": 2002.23,
            "y": 3648.19
          },
          {
            "x": 2095.54,
            "y": 3649.3
          },
          {
            "x": 2997.9,
            "y": 1565.83
          },
          {
            "x": 3152.83,
            "y": 1634.24
          },
          {
            "x": 3184.01,
            "y": 1566.84
          },
          {
            "x": 3100.17,
            "y": 1525.89
          },
          {
            "x": 3153.94,
            "y": 1407.27
          },
          {
            "x": 3536.46,
            "y": 1563.04
          },
          {
            "x": 4228.33,
            "y": -2.3
          },
          {
            "x": 1308.74,
            "y": 0.46
          },
          {
            "x": 1343.94,
            "y": 40.42
          },
          {
            "x": 1137.89,
            "y": 505.66
          },
          {
            "x": 1339.31,
            "y": 649.89
          },
          {
            "x": 1336.38,
            "y": 658.69
          },
          {
            "x": 1454.1,
            "y": 710.42
          },
          {
            "x": 1395.61,
            "y": 842.88
          },
          {
            "x": 1446.14,
            "y": 879.49
          },
          {
            "x": 1607.82,
            "y": 944.59
          },
          {
            "x": 1594.52,
            "y": 976.3
          },
          {
            "x": 1550.55,
            "y": 958.91
          },
          {
            "x": 1532.14,
            "y": 984.48
          },
          {
            "x": 1565.89,
            "y": 1004.93
          },
          {
            "x": 1552.59,
            "y": 1029.48
          },
          {
            "x": 1550.55,
            "y": 1061.19
          },
          {
            "x": 1558.73,
            "y": 1087.78
          },
          {
            "x": 1582.25,
            "y": 1111.3
          },
          {
            "x": 1639.52,
            "y": 1145.05
          },
          {
            "x": 1630.32,
            "y": 1163.46
          },
          {
            "x": 1662.1,
            "y": 1182.03
          },
          {
            "x": 1660.39,
            "y": 1186.41
          },
          {
            "x": 1826.68,
            "y": 1259.61
          },
          {
            "x": 1847.14,
            "y": 1207.32
          },
          {
            "x": 1854.87,
            "y": 1210.96
          },
          {
            "x": 1850.32,
            "y": 1220.51
          },
          {
            "x": 1868.51,
            "y": 1231.42
          },
          {
            "x": 1609.02,
            "y": 1835.03
          },
          {
            "x": 2068.2,
            "y": 2045.42
          },
          {
            "x": 1409.65,
            "y": 3544.1
          }
        ]
      }
    },
    {
      "annotator": {
        "email": "corporate@bex.kg",
        "full_name": "Aizada Tynchybek kyzy"
      },
      "name": "Road ",
      "polygon": {
        "path": [
          {
            "x": 942.66,
            "y": 373.62
          },
          {
            "x": 773.08,
            "y": 505.84
          },
          {
            "x": 621.46,
            "y": 649.55
          },
          {
            "x": 944.42,
            "y": 1119.45
          },
          {
            "x": 971.18,
            "y": 1099.74
          },
          {
            "x": 1050.05,
            "y": 1136.35
          },
          {
            "x": 1352.86,
            "y": 875.8
          },
          {
            "x": 1073.96,
            "y": 483.26
          },
          {
            "x": 973.02,
            "y": 416.08
          }
        ]
      }
    },
    {
      "annotator": {
        "email": "corporate@bex.kg",
        "full_name": "Aizada Tynchybek kyzy"
      },
      "name": "Building Polygon ",
      "polygon": {
        "path": [
          {
            "x": 2377.11,
            "y": 3646.44
          },
          {
            "x": 3253.94,
            "y": 1624.57
          },
          {
            "x": 3732.9,
            "y": 1837.11
          },
          {
            "x": 3763.18,
            "y": 1829.54
          },
          {
            "x": 3782.1,
            "y": 1811.88
          },
          {
            "x": 3802.29,
            "y": 1786.64
          },
          {
            "x": 3808.6,
            "y": 1767.72
          },
          {
            "x": 4580.81,
            "y": 0.88
          },
          {
            "x": 4886.14,
            "y": 1.29
          },
          {
            "x": 4111.79,
            "y": 1787.55
          },
          {
            "x": 4100.18,
            "y": 2250.6
          },
          {
            "x": 3501.29,
            "y": 3644.9
          },
          {
            "x": 3187.67,
            "y": 3645.8
          },
          {
            "x": 3777.28,
            "y": 2283.34
          },
          {
            "x": 3786.11,
            "y": 2240.95
          },
          {
            "x": 3775.51,
            "y": 2196.79
          },
          {
            "x": 3754.31,
            "y": 2159.7
          },
          {
            "x": 3727.82,
            "y": 2129.67
          },
          {
            "x": 3492.89,
            "y": 2028.98
          },
          {
            "x": 3439.9,
            "y": 2027.22
          },
          {
            "x": 3386.91,
            "y": 2044.88
          },
          {
            "x": 3346.28,
            "y": 2081.98
          },
          {
            "x": 3335.68,
            "y": 2106.71
          },
          {
            "x": 2669.48,
            "y": 3643.61
          }
        ]
      }
    }
  ]
}