{
  "image": {
    "width": 5472,
    "height": 3648,
    "filename": "00000047.JPG",
    "original_filename": "EP-00-00012_0119_0107.JPG",
    "url": "https://darwin.v7labs.com/api/images/1221773/original?token=b19ef416-03ed-4ae6-a438-a83286cfedf7",
    "thumbnail_url": "https://darwin.v7labs.com/api/images/1221773/thumbnail?token=b19ef416-03ed-4ae6-a438-a83286cfedf7",
    "workview_url": "https://darwin.v7labs.com/workview?dataset=1192&image=47"
  },
  "dataset": "Mapping_3",
  "annotated": true,
  "annotations": [
    {
      "annotator": {
        "email": "corporate@bex.kg",
        "full_name": "Aizada Tynchybek kyzy"
      },
      "name": "Spring field Polygon ",
      "polygon": {
        "path": [
          {
            "x": 1785.0,
            "y": 8.0
          },
          {
            "x": 1785.0,
            "y": 22.0
          },
          {
            "x": 1784.0,
            "y": 23.0
          },
          {
            "x": 1778.0,
            "y": 23.0
          },
          {
            "x": 1778.0,
            "y": 145.0
          },
          {
            "x": 1784.0,
            "y": 145.0
          },
          {
            "x": 1785.0,
            "y": 146.0
          },
          {
            "x": 1785.0,
            "y": 356
          },
          {
            "x": 1791.0,
            "y": 356
          },
          {
            "x": 1792.0,
            "y": 357.0
          },
          {
            "x": 1792.0,
            "y": 436.0
          },
          {
            "x": 1798.0,
            "y": 436.0
          },
          {
            "x": 1799.0,
            "y": 437.0
          },
          {
            "x": 1799.0,
            "y": 610.0
          },
          {
            "x": 1806.0,
            "y": 610.0
          },
          {
            "x": 1807.0,
            "y": 611.0
          },
          {
            "x": 1807.0,
            "y": 1373.0
          },
          {
            "x": 1813.0,
            "y": 1373.0
          },
          {
            "x": 1814.0,
            "y": 1374
          },
          {
            "x": 1814.0,
            "y": 1569.0
          },
          {
            "x": 1813.0,
            "y": 1570.0
          },
          {
            "x": 1807.0,
            "y": 1570.0
          },
          {
            "x": 1807.0,
            "y": 2121
          },
          {
            "x": 1813.0,
            "y": 2121
          },
          {
            "x": 1814.0,
            "y": 2122
          },
          {
            "x": 1814.0,
            "y": 2222
          },
          {
            "x": 1813.0,
            "y": 2223
          },
          {
            "x": 1807.0,
            "y": 2223
          },
          {
            "x": 1807.0,
            "y": 2622
          },
          {
            "x": 1806.0,
            "y": 2623
          },
          {
            "x": 1799.0,
            "y": 2623
          },
          {
            "x": 1799.0,
            "y": 2673.0
          },
          {
            "x": 1806.0,
            "y": 2673.0
          },
          {
            "x": 1807.0,
            "y": 2674.0
          },
          {
            "x": 1807.0,
            "y": 2934
          },
          {
            "x": 1806.0,
            "y": 2935
          },
          {
            "x": 1799.0,
            "y": 2935
          },
          {
            "x": 1799.0,
            "y": 3464
          },
          {
            "x": 1798.0,
            "y": 3465.0
          },
          {
            "x": 1792.0,
            "y": 3465.0
          },
          {
            "x": 1792.0,
            "y": 3559.0
          },
          {
            "x": 1798.0,
            "y": 3559.0
          },
          {
            "x": 1799.0,
            "y": 3560
          },
          {
            "x": 1799.0,
            "y": 3646
          },
          {
            "x": 5470.0,
            "y": 3646
          },
          {
            "x": 5470.0,
            "y": 1.0
          },
          {
            "x": 5467.0,
            "y": 1.0
          },
          {
            "x": 5466.0,
            "y": 0
          },
          {
            "x": 1814.0,
            "y": 0
          },
          {
            "x": 1813.0,
            "y": 1.0
          },
          {
            "x": 1799.0,
            "y": 1.0
          },
          {
            "x": 1799.0,
            "y": 7.0
          },
          {
            "x": 1798.0,
            "y": 8.0
          }
        ]
      }
    },
    {
      "annotator": {
        "email": "corporate@bex.kg",
        "full_name": "Aizada Tynchybek kyzy"
      },
      "name": "Spring field Polygon ",
      "polygon": {
        "path": [
          {
            "x": 0,
            "y": 0
          },
          {
            "x": 0,
            "y": 1568
          },
          {
            "x": 1.0,
            "y": 1568
          },
          {
            "x": 2.0,
            "y": 1569.0
          },
          {
            "x": 2.0,
            "y": 1571.0
          },
          {
            "x": 33.0,
            "y": 1571.0
          },
          {
            "x": 33.0,
            "y": 1569.0
          },
          {
            "x": 34.0,
            "y": 1568
          },
          {
            "x": 70.0,
            "y": 1568
          },
          {
            "x": 70.0,
            "y": 1566
          },
          {
            "x": 71.0,
            "y": 1565.0
          },
          {
            "x": 127.0,
            "y": 1565.0
          },
          {
            "x": 127.0,
            "y": 1563.0
          },
          {
            "x": 128.0,
            "y": 1562.0
          },
          {
            "x": 265.0,
            "y": 1562.0
          },
          {
            "x": 265.0,
            "y": 1560
          },
          {
            "x": 266.0,
            "y": 1559
          },
          {
            "x": 406.0,
            "y": 1559
          },
          {
            "x": 406.0,
            "y": 1557.0
          },
          {
            "x": 407.0,
            "y": 1556.0
          },
          {
            "x": 432.0,
            "y": 1556.0
          },
          {
            "x": 432.0,
            "y": 1553
          },
          {
            "x": 433.0,
            "y": 1552
          },
          {
            "x": 576.0,
            "y": 1552
          },
          {
            "x": 576.0,
            "y": 1550.0
          },
          {
            "x": 577.0,
            "y": 1549.0
          },
          {
            "x": 623.0,
            "y": 1549.0
          },
          {
            "x": 623.0,
            "y": 1547
          },
          {
            "x": 624.0,
            "y": 1546
          },
          {
            "x": 673.0,
            "y": 1546
          },
          {
            "x": 673.0,
            "y": 1544.0
          },
          {
            "x": 674.0,
            "y": 1543.0
          },
          {
            "x": 686.0,
            "y": 1543.0
          },
          {
            "x": 686.0,
            "y": 1541.0
          },
          {
            "x": 687.0,
            "y": 1540
          },
          {
            "x": 695.0,
            "y": 1540
          },
          {
            "x": 695.0,
            "y": 1538
          },
          {
            "x": 696.0,
            "y": 1537.0
          },
          {
            "x": 705.0,
            "y": 1537.0
          },
          {
            "x": 705.0,
            "y": 1535.0
          },
          {
            "x": 706.0,
            "y": 1534.0
          },
          {
            "x": 711.0,
            "y": 1534.0
          },
          {
            "x": 711.0,
            "y": 1531
          },
          {
            "x": 712,
            "y": 1530.0
          },
          {
            "x": 717.0,
            "y": 1530.0
          },
          {
            "x": 717.0,
            "y": 1528.0
          },
          {
            "x": 718.0,
            "y": 1527.0
          },
          {
            "x": 724.0,
            "y": 1527.0
          },
          {
            "x": 724.0,
            "y": 1525
          },
          {
            "x": 725.0,
            "y": 1524
          },
          {
            "x": 733.0,
            "y": 1524
          },
          {
            "x": 733.0,
            "y": 1522.0
          },
          {
            "x": 734.0,
            "y": 1521.0
          },
          {
            "x": 739.0,
            "y": 1521.0
          },
          {
            "x": 739.0,
            "y": 1519.0
          },
          {
            "x": 740.0,
            "y": 1518
          },
          {
            "x": 752.0,
            "y": 1518
          },
          {
            "x": 752.0,
            "y": 1516
          },
          {
            "x": 753.0,
            "y": 1515.0
          },
          {
            "x": 761.0,
            "y": 1515.0
          },
          {
            "x": 761.0,
            "y": 1513.0
          },
          {
            "x": 762.0,
            "y": 1512.0
          },
          {
            "x": 774.0,
            "y": 1512.0
          },
          {
            "x": 774.0,
            "y": 1509
          },
          {
            "x": 775.0,
            "y": 1508.0
          },
          {
            "x": 818.0,
            "y": 1508.0
          },
          {
            "x": 819.0,
            "y": 1509
          },
          {
            "x": 819.0,
            "y": 1512.0
          },
          {
            "x": 830.0,
            "y": 1512.0
          },
          {
            "x": 831.0,
            "y": 1513.0
          },
          {
            "x": 831.0,
            "y": 1515.0
          },
          {
            "x": 843.0,
            "y": 1515.0
          },
          {
            "x": 844.0,
            "y": 1516
          },
          {
            "x": 844.0,
            "y": 1518
          },
          {
            "x": 852.0,
            "y": 1518
          },
          {
            "x": 853.0,
            "y": 1519.0
          },
          {
            "x": 853.0,
            "y": 1521.0
          },
          {
            "x": 859.0,
            "y": 1521.0
          },
          {
            "x": 860.0,
            "y": 1522.0
          },
          {
            "x": 860.0,
            "y": 1524
          },
          {
            "x": 868.0,
            "y": 1524
          },
          {
            "x": 869,
            "y": 1525
          },
          {
            "x": 869,
            "y": 1527.0
          },
          {
            "x": 877.0,
            "y": 1527.0
          },
          {
            "x": 878.0,
            "y": 1528.0
          },
          {
            "x": 878.0,
            "y": 1530.0
          },
          {
            "x": 887.0,
            "y": 1530.0
          },
          {
            "x": 888.0,
            "y": 1531
          },
          {
            "x": 888.0,
            "y": 1534.0
          },
          {
            "x": 899.0,
            "y": 1534.0
          },
          {
            "x": 900.0,
            "y": 1535.0
          },
          {
            "x": 900.0,
            "y": 1537.0
          },
          {
            "x": 969,
            "y": 1537.0
          },
          {
            "x": 970.0,
            "y": 1538
          },
          {
            "x": 970.0,
            "y": 1540
          },
          {
            "x": 1019.0,
            "y": 1540
          },
          {
            "x": 1019.0,
            "y": 1538
          },
          {
            "x": 1020.0,
            "y": 1537.0
          },
          {
            "x": 1060.0,
            "y": 1537.0
          },
          {
            "x": 1060.0,
            "y": 1535.0
          },
          {
            "x": 1061.0,
            "y": 1534.0
          },
          {
            "x": 1085.0,
            "y": 1534.0
          },
          {
            "x": 1085.0,
            "y": 1531
          },
          {
            "x": 1086.0,
            "y": 1530.0
          },
          {
            "x": 1119.0,
            "y": 1530.0
          },
          {
            "x": 1119.0,
            "y": 1528.0
          },
          {
            "x": 1120.0,
            "y": 1527.0
          },
          {
            "x": 1154,
            "y": 1527.0
          },
          {
            "x": 1154,
            "y": 1525
          },
          {
            "x": 1155,
            "y": 1524
          },
          {
            "x": 1179.0,
            "y": 1524
          },
          {
            "x": 1179.0,
            "y": 1522.0
          },
          {
            "x": 1180.0,
            "y": 1521.0
          },
          {
            "x": 1192.0,
            "y": 1521.0
          },
          {
            "x": 1192.0,
            "y": 1519.0
          },
          {
            "x": 1193.0,
            "y": 1518
          },
          {
            "x": 1201.0,
            "y": 1518
          },
          {
            "x": 1201.0,
            "y": 1516
          },
          {
            "x": 1202.0,
            "y": 1515.0
          },
          {
            "x": 1210,
            "y": 1515.0
          },
          {
            "x": 1210,
            "y": 1513.0
          },
          {
            "x": 1211,
            "y": 1512.0
          },
          {
            "x": 1220.0,
            "y": 1512.0
          },
          {
            "x": 1220.0,
            "y": 1509
          },
          {
            "x": 1221.0,
            "y": 1508.0
          },
          {
            "x": 1226,
            "y": 1508.0
          },
          {
            "x": 1226,
            "y": 1506.0
          },
          {
            "x": 1227.0,
            "y": 1505.0
          },
          {
            "x": 1232.0,
            "y": 1505.0
          },
          {
            "x": 1232.0,
            "y": 1503
          },
          {
            "x": 1233.0,
            "y": 1502
          },
          {
            "x": 1239,
            "y": 1502
          },
          {
            "x": 1239,
            "y": 1.5e3
          },
          {
            "x": 1240,
            "y": 1499.0
          },
          {
            "x": 1245.0,
            "y": 1499.0
          },
          {
            "x": 1245.0,
            "y": 1497
          },
          {
            "x": 1246.0,
            "y": 1496
          },
          {
            "x": 1254,
            "y": 1496
          },
          {
            "x": 1254,
            "y": 1494.0
          },
          {
            "x": 1255,
            "y": 1493.0
          },
          {
            "x": 1261.0,
            "y": 1493.0
          },
          {
            "x": 1261.0,
            "y": 1491.0
          },
          {
            "x": 1262.0,
            "y": 1490
          },
          {
            "x": 1267,
            "y": 1490
          },
          {
            "x": 1267,
            "y": 1487.0
          },
          {
            "x": 1268,
            "y": 1486.0
          },
          {
            "x": 1273.0,
            "y": 1486.0
          },
          {
            "x": 1273.0,
            "y": 1484.0
          },
          {
            "x": 1274.0,
            "y": 1483
          },
          {
            "x": 1279.0,
            "y": 1483
          },
          {
            "x": 1279.0,
            "y": 1481
          },
          {
            "x": 1280.0,
            "y": 1480.0
          },
          {
            "x": 1286.0,
            "y": 1480.0
          },
          {
            "x": 1286.0,
            "y": 1478.0
          },
          {
            "x": 1287.0,
            "y": 1477.0
          },
          {
            "x": 1292.0,
            "y": 1477.0
          },
          {
            "x": 1292.0,
            "y": 1475
          },
          {
            "x": 1293.0,
            "y": 1474
          },
          {
            "x": 1295.0,
            "y": 1474
          },
          {
            "x": 1295.0,
            "y": 1472.0
          },
          {
            "x": 1296,
            "y": 1471.0
          },
          {
            "x": 1301.0,
            "y": 1471.0
          },
          {
            "x": 1301.0,
            "y": 1469.0
          },
          {
            "x": 1302.0,
            "y": 1468
          },
          {
            "x": 1308.0,
            "y": 1468
          },
          {
            "x": 1308.0,
            "y": 1465.0
          },
          {
            "x": 1309.0,
            "y": 1464.0
          },
          {
            "x": 1311,
            "y": 1464.0
          },
          {
            "x": 1311,
            "y": 1462.0
          },
          {
            "x": 1312,
            "y": 1461
          },
          {
            "x": 1317.0,
            "y": 1461
          },
          {
            "x": 1317.0,
            "y": 1459
          },
          {
            "x": 1318.0,
            "y": 1458.0
          },
          {
            "x": 1320.0,
            "y": 1458.0
          },
          {
            "x": 1320.0,
            "y": 1456.0
          },
          {
            "x": 1321.0,
            "y": 1455.0
          },
          {
            "x": 1327.0,
            "y": 1455.0
          },
          {
            "x": 1327.0,
            "y": 1453
          },
          {
            "x": 1328.0,
            "y": 1452
          },
          {
            "x": 1330.0,
            "y": 1452
          },
          {
            "x": 1330.0,
            "y": 1450.0
          },
          {
            "x": 1331.0,
            "y": 1449.0
          },
          {
            "x": 1336.0,
            "y": 1449.0
          },
          {
            "x": 1336.0,
            "y": 1447
          },
          {
            "x": 1337.0,
            "y": 1446
          },
          {
            "x": 1339,
            "y": 1446
          },
          {
            "x": 1339,
            "y": 1443.0
          },
          {
            "x": 1340,
            "y": 1442.0
          },
          {
            "x": 1342.0,
            "y": 1442.0
          },
          {
            "x": 1342.0,
            "y": 1440
          },
          {
            "x": 1343.0,
            "y": 1439
          },
          {
            "x": 1349.0,
            "y": 1439
          },
          {
            "x": 1349.0,
            "y": 1437.0
          },
          {
            "x": 1350.0,
            "y": 1436.0
          },
          {
            "x": 1352.0,
            "y": 1436.0
          },
          {
            "x": 1352.0,
            "y": 1434.0
          },
          {
            "x": 1353,
            "y": 1433
          },
          {
            "x": 1355.0,
            "y": 1433
          },
          {
            "x": 1355.0,
            "y": 1431
          },
          {
            "x": 1356.0,
            "y": 1430.0
          },
          {
            "x": 1358.0,
            "y": 1430.0
          },
          {
            "x": 1358.0,
            "y": 1428.0
          },
          {
            "x": 1359.0,
            "y": 1427.0
          },
          {
            "x": 1364.0,
            "y": 1427.0
          },
          {
            "x": 1364.0,
            "y": 1425
          },
          {
            "x": 1365.0,
            "y": 1424
          },
          {
            "x": 1367,
            "y": 1424
          },
          {
            "x": 1367,
            "y": 1422.0
          },
          {
            "x": 1368,
            "y": 1421.0
          },
          {
            "x": 1371.0,
            "y": 1421.0
          },
          {
            "x": 1371.0,
            "y": 1418
          },
          {
            "x": 1372.0,
            "y": 1417
          },
          {
            "x": 1377.0,
            "y": 1417
          },
          {
            "x": 1377.0,
            "y": 1415.0
          },
          {
            "x": 1378.0,
            "y": 1414.0
          },
          {
            "x": 1380.0,
            "y": 1414.0
          },
          {
            "x": 1380.0,
            "y": 1412.0
          },
          {
            "x": 1381,
            "y": 1411
          },
          {
            "x": 1383,
            "y": 1411
          },
          {
            "x": 1383,
            "y": 1409.0
          },
          {
            "x": 1384.0,
            "y": 1408.0
          },
          {
            "x": 1386.0,
            "y": 1408.0
          },
          {
            "x": 1386.0,
            "y": 1406.0
          },
          {
            "x": 1387.0,
            "y": 1405.0
          },
          {
            "x": 1389.0,
            "y": 1405.0
          },
          {
            "x": 1389.0,
            "y": 1403
          },
          {
            "x": 1390.0,
            "y": 1402
          },
          {
            "x": 1392.0,
            "y": 1402
          },
          {
            "x": 1392.0,
            "y": 1.4e3
          },
          {
            "x": 1393.0,
            "y": 1399.0
          },
          {
            "x": 1396,
            "y": 1399.0
          },
          {
            "x": 1396,
            "y": 1396
          },
          {
            "x": 1397,
            "y": 1395
          },
          {
            "x": 1399.0,
            "y": 1395
          },
          {
            "x": 1399.0,
            "y": 1393.0
          },
          {
            "x": 1.4e3,
            "y": 1392.0
          },
          {
            "x": 1402.0,
            "y": 1392.0
          },
          {
            "x": 1402.0,
            "y": 1390
          },
          {
            "x": 1403.0,
            "y": 1389
          },
          {
            "x": 1405.0,
            "y": 1389
          },
          {
            "x": 1405.0,
            "y": 1387.0
          },
          {
            "x": 1406.0,
            "y": 1386.0
          },
          {
            "x": 1408.0,
            "y": 1386.0
          },
          {
            "x": 1408.0,
            "y": 1384.0
          },
          {
            "x": 1409.0,
            "y": 1383
          },
          {
            "x": 1411,
            "y": 1383
          },
          {
            "x": 1411,
            "y": 1381
          },
          {
            "x": 1412.0,
            "y": 1380.0
          },
          {
            "x": 1414.0,
            "y": 1380.0
          },
          {
            "x": 1414.0,
            "y": 1378.0
          },
          {
            "x": 1415.0,
            "y": 1377.0
          },
          {
            "x": 1418.0,
            "y": 1377.0
          },
          {
            "x": 1418.0,
            "y": 1374
          },
          {
            "x": 1419.0,
            "y": 1373.0
          },
          {
            "x": 1421.0,
            "y": 1373.0
          },
          {
            "x": 1421.0,
            "y": 1371.0
          },
          {
            "x": 1422.0,
            "y": 1370.0
          },
          {
            "x": 1424,
            "y": 1370.0
          },
          {
            "x": 1424,
            "y": 1368
          },
          {
            "x": 1425,
            "y": 1367
          },
          {
            "x": 1427.0,
            "y": 1367
          },
          {
            "x": 1427.0,
            "y": 1365.0
          },
          {
            "x": 1428.0,
            "y": 1364.0
          },
          {
            "x": 1430.0,
            "y": 1364.0
          },
          {
            "x": 1430.0,
            "y": 1362.0
          },
          {
            "x": 1431.0,
            "y": 1361
          },
          {
            "x": 1433.0,
            "y": 1361
          },
          {
            "x": 1433.0,
            "y": 1356.0
          },
          {
            "x": 1434.0,
            "y": 1355.0
          },
          {
            "x": 1436.0,
            "y": 1355.0
          },
          {
            "x": 1436.0,
            "y": 1352.0
          },
          {
            "x": 1437.0,
            "y": 1351.0
          },
          {
            "x": 1440,
            "y": 1351.0
          },
          {
            "x": 1440,
            "y": 1349.0
          },
          {
            "x": 1441.0,
            "y": 1348.0
          },
          {
            "x": 1443.0,
            "y": 1348.0
          },
          {
            "x": 1443.0,
            "y": 1346
          },
          {
            "x": 1444.0,
            "y": 1345
          },
          {
            "x": 1446.0,
            "y": 1345
          },
          {
            "x": 1446.0,
            "y": 1340
          },
          {
            "x": 1447.0,
            "y": 1339
          },
          {
            "x": 1449.0,
            "y": 1339
          },
          {
            "x": 1449.0,
            "y": 1337.0
          },
          {
            "x": 1450.0,
            "y": 1336
          },
          {
            "x": 1452,
            "y": 1336
          },
          {
            "x": 1452,
            "y": 1330.0
          },
          {
            "x": 1453,
            "y": 1329
          },
          {
            "x": 1455.0,
            "y": 1329
          },
          {
            "x": 1455.0,
            "y": 1321
          },
          {
            "x": 1456.0,
            "y": 1320.0
          },
          {
            "x": 1458.0,
            "y": 1320.0
          },
          {
            "x": 1458.0,
            "y": 1293
          },
          {
            "x": 1459.0,
            "y": 1292.0
          },
          {
            "x": 1462.0,
            "y": 1292.0
          },
          {
            "x": 1462.0,
            "y": 501.0
          },
          {
            "x": 1459.0,
            "y": 501.0
          },
          {
            "x": 1458.0,
            "y": 500.0
          },
          {
            "x": 1458.0,
            "y": 426.0
          },
          {
            "x": 1456.0,
            "y": 426.0
          },
          {
            "x": 1455.0,
            "y": 425.0
          },
          {
            "x": 1455.0,
            "y": 332.0
          },
          {
            "x": 1453,
            "y": 332.0
          },
          {
            "x": 1452,
            "y": 331
          },
          {
            "x": 1452,
            "y": 253
          },
          {
            "x": 1450.0,
            "y": 253
          },
          {
            "x": 1449.0,
            "y": 252.0
          },
          {
            "x": 1449.0,
            "y": 225.0
          },
          {
            "x": 1447.0,
            "y": 225.0
          },
          {
            "x": 1446.0,
            "y": 224.0
          },
          {
            "x": 1446.0,
            "y": 200.0
          },
          {
            "x": 1444.0,
            "y": 200.0
          },
          {
            "x": 1443.0,
            "y": 199.0
          },
          {
            "x": 1443.0,
            "y": 172.0
          },
          {
            "x": 1444.0,
            "y": 171
          },
          {
            "x": 1446.0,
            "y": 171
          },
          {
            "x": 1446.0,
            "y": 121.0
          },
          {
            "x": 1444.0,
            "y": 121.0
          },
          {
            "x": 1443.0,
            "y": 120.0
          },
          {
            "x": 1443.0,
            "y": 52.0
          },
          {
            "x": 1441.0,
            "y": 52.0
          },
          {
            "x": 1440,
            "y": 51.0
          },
          {
            "x": 1440,
            "y": 2.0
          },
          {
            "x": 1434.0,
            "y": 2.0
          },
          {
            "x": 1433.0,
            "y": 1.0
          },
          {
            "x": 1433.0,
            "y": 0
          }
        ]
      }
    },
    {
      "annotator": {
        "email": "corporate@bex.kg",
        "full_name": "Aizada Tynchybek kyzy"
      },
      "name": "Spring field Polygon ",
      "polygon": {
        "path": [
          {
            "x": 1344.0,
            "y": 1877.0
          },
          {
            "x": 1338,
            "y": 1877.0
          },
          {
            "x": 1337.0,
            "y": 1876.0
          },
          {
            "x": 1337.0,
            "y": 1873
          },
          {
            "x": 1334.0,
            "y": 1873
          },
          {
            "x": 1333.0,
            "y": 1872.0
          },
          {
            "x": 1333.0,
            "y": 1870.0
          },
          {
            "x": 1330.0,
            "y": 1870.0
          },
          {
            "x": 1329.0,
            "y": 1869.0
          },
          {
            "x": 1329.0,
            "y": 1866
          },
          {
            "x": 1323.0,
            "y": 1866
          },
          {
            "x": 1322.0,
            "y": 1865.0
          },
          {
            "x": 1322.0,
            "y": 1862.0
          },
          {
            "x": 1319.0,
            "y": 1862.0
          },
          {
            "x": 1318.0,
            "y": 1861.0
          },
          {
            "x": 1318.0,
            "y": 1858
          },
          {
            "x": 1312,
            "y": 1858
          },
          {
            "x": 1311,
            "y": 1857.0
          },
          {
            "x": 1311,
            "y": 1855.0
          },
          {
            "x": 1304.0,
            "y": 1855.0
          },
          {
            "x": 1303.0,
            "y": 1854.0
          },
          {
            "x": 1303.0,
            "y": 1851
          },
          {
            "x": 1297,
            "y": 1851
          },
          {
            "x": 1296,
            "y": 1850.0
          },
          {
            "x": 1296,
            "y": 1847.0
          },
          {
            "x": 1289.0,
            "y": 1847.0
          },
          {
            "x": 1288.0,
            "y": 1846
          },
          {
            "x": 1288.0,
            "y": 1843.0
          },
          {
            "x": 1282,
            "y": 1843.0
          },
          {
            "x": 1281,
            "y": 1842.0
          },
          {
            "x": 1281,
            "y": 1840.0
          },
          {
            "x": 1271.0,
            "y": 1840.0
          },
          {
            "x": 1270.0,
            "y": 1839
          },
          {
            "x": 1270.0,
            "y": 1836.0
          },
          {
            "x": 1263.0,
            "y": 1836.0
          },
          {
            "x": 1262.0,
            "y": 1835.0
          },
          {
            "x": 1262.0,
            "y": 1832
          },
          {
            "x": 1256.0,
            "y": 1832
          },
          {
            "x": 1255,
            "y": 1831
          },
          {
            "x": 1255,
            "y": 1829.0
          },
          {
            "x": 1248.0,
            "y": 1829.0
          },
          {
            "x": 1247.0,
            "y": 1828.0
          },
          {
            "x": 1247.0,
            "y": 1825.0
          },
          {
            "x": 1241.0,
            "y": 1825.0
          },
          {
            "x": 1240,
            "y": 1824
          },
          {
            "x": 1240,
            "y": 1821.0
          },
          {
            "x": 1233.0,
            "y": 1821.0
          },
          {
            "x": 1232.0,
            "y": 1820.0
          },
          {
            "x": 1232.0,
            "y": 1817
          },
          {
            "x": 1230.0,
            "y": 1817
          },
          {
            "x": 1229.0,
            "y": 1816
          },
          {
            "x": 1229.0,
            "y": 1814.0
          },
          {
            "x": 1222.0,
            "y": 1814.0
          },
          {
            "x": 1221.0,
            "y": 1813.0
          },
          {
            "x": 1221.0,
            "y": 1810
          },
          {
            "x": 1211,
            "y": 1810
          },
          {
            "x": 1210,
            "y": 1809
          },
          {
            "x": 1210,
            "y": 1806.0
          },
          {
            "x": 1.2e3,
            "y": 1806.0
          },
          {
            "x": 1199.0,
            "y": 1805.0
          },
          {
            "x": 1199.0,
            "y": 1802
          },
          {
            "x": 1188.0,
            "y": 1802
          },
          {
            "x": 1187.0,
            "y": 1801
          },
          {
            "x": 1187.0,
            "y": 1799.0
          },
          {
            "x": 1177.0,
            "y": 1799.0
          },
          {
            "x": 1176.0,
            "y": 1798.0
          },
          {
            "x": 1176.0,
            "y": 1795
          },
          {
            "x": 1159.0,
            "y": 1795
          },
          {
            "x": 1158.0,
            "y": 1794
          },
          {
            "x": 1158.0,
            "y": 1791.0
          },
          {
            "x": 1140,
            "y": 1791.0
          },
          {
            "x": 1139,
            "y": 1790.0
          },
          {
            "x": 1139,
            "y": 1787
          },
          {
            "x": 1114.0,
            "y": 1787
          },
          {
            "x": 1113.0,
            "y": 1786.0
          },
          {
            "x": 1113.0,
            "y": 1784.0
          },
          {
            "x": 1076.0,
            "y": 1784.0
          },
          {
            "x": 1075.0,
            "y": 1783.0
          },
          {
            "x": 1075.0,
            "y": 1780
          },
          {
            "x": 1032.0,
            "y": 1780
          },
          {
            "x": 1032.0,
            "y": 1783.0
          },
          {
            "x": 1031.0,
            "y": 1784.0
          },
          {
            "x": 964.0,
            "y": 1784.0
          },
          {
            "x": 964.0,
            "y": 1786.0
          },
          {
            "x": 963.0,
            "y": 1787
          },
          {
            "x": 934.0,
            "y": 1787
          },
          {
            "x": 934.0,
            "y": 1790.0
          },
          {
            "x": 933.0,
            "y": 1791.0
          },
          {
            "x": 931.0,
            "y": 1791.0
          },
          {
            "x": 930.0,
            "y": 1790.0
          },
          {
            "x": 930.0,
            "y": 1787
          },
          {
            "x": 833.0,
            "y": 1787
          },
          {
            "x": 833.0,
            "y": 1790.0
          },
          {
            "x": 832.0,
            "y": 1791.0
          },
          {
            "x": 804.0,
            "y": 1791.0
          },
          {
            "x": 804.0,
            "y": 1794
          },
          {
            "x": 803.0,
            "y": 1795
          },
          {
            "x": 725.0,
            "y": 1795
          },
          {
            "x": 725.0,
            "y": 1798.0
          },
          {
            "x": 724.0,
            "y": 1799.0
          },
          {
            "x": 721.0,
            "y": 1799.0
          },
          {
            "x": 720.0,
            "y": 1798.0
          },
          {
            "x": 720.0,
            "y": 1795
          },
          {
            "x": 710.0,
            "y": 1795
          },
          {
            "x": 710.0,
            "y": 1798.0
          },
          {
            "x": 709.0,
            "y": 1799.0
          },
          {
            "x": 632.0,
            "y": 1799.0
          },
          {
            "x": 632.0,
            "y": 1801
          },
          {
            "x": 631.0,
            "y": 1802
          },
          {
            "x": 546.0,
            "y": 1802
          },
          {
            "x": 546.0,
            "y": 1805.0
          },
          {
            "x": 545.0,
            "y": 1806.0
          },
          {
            "x": 471.0,
            "y": 1806.0
          },
          {
            "x": 471.0,
            "y": 1809
          },
          {
            "x": 470,
            "y": 1810
          },
          {
            "x": 437.0,
            "y": 1810
          },
          {
            "x": 437.0,
            "y": 1813.0
          },
          {
            "x": 436.0,
            "y": 1814.0
          },
          {
            "x": 307.0,
            "y": 1814.0
          },
          {
            "x": 307.0,
            "y": 1816
          },
          {
            "x": 306.0,
            "y": 1817
          },
          {
            "x": 224.0,
            "y": 1817
          },
          {
            "x": 224.0,
            "y": 1820.0
          },
          {
            "x": 223.0,
            "y": 1821.0
          },
          {
            "x": 52.0,
            "y": 1821.0
          },
          {
            "x": 52.0,
            "y": 1824
          },
          {
            "x": 51.0,
            "y": 1825.0
          },
          {
            "x": 15.0,
            "y": 1825.0
          },
          {
            "x": 15.0,
            "y": 1828.0
          },
          {
            "x": 14.0,
            "y": 1829.0
          },
          {
            "x": 4.0,
            "y": 1829.0
          },
          {
            "x": 4.0,
            "y": 1831
          },
          {
            "x": 3.0,
            "y": 1832
          },
          {
            "x": 0,
            "y": 1832
          },
          {
            "x": 0,
            "y": 3646
          },
          {
            "x": 1412.0,
            "y": 3646
          },
          {
            "x": 1412.0,
            "y": 3645
          },
          {
            "x": 1413.0,
            "y": 3644.0
          },
          {
            "x": 1415.0,
            "y": 3644.0
          },
          {
            "x": 1415.0,
            "y": 3633
          },
          {
            "x": 1416.0,
            "y": 3632
          },
          {
            "x": 1419.0,
            "y": 3632
          },
          {
            "x": 1419.0,
            "y": 3312
          },
          {
            "x": 1420.0,
            "y": 3311
          },
          {
            "x": 1423.0,
            "y": 3311
          },
          {
            "x": 1423.0,
            "y": 3163
          },
          {
            "x": 1424,
            "y": 3162
          },
          {
            "x": 1427.0,
            "y": 3162
          },
          {
            "x": 1427.0,
            "y": 3125
          },
          {
            "x": 1424,
            "y": 3125
          },
          {
            "x": 1423.0,
            "y": 3124.0
          },
          {
            "x": 1423.0,
            "y": 3084
          },
          {
            "x": 1424,
            "y": 3083
          },
          {
            "x": 1427.0,
            "y": 3083
          },
          {
            "x": 1427.0,
            "y": 2923
          },
          {
            "x": 1428.0,
            "y": 2922
          },
          {
            "x": 1430.0,
            "y": 2922
          },
          {
            "x": 1430.0,
            "y": 2658
          },
          {
            "x": 1431.0,
            "y": 2657
          },
          {
            "x": 1434.0,
            "y": 2657
          },
          {
            "x": 1434.0,
            "y": 2565
          },
          {
            "x": 1435.0,
            "y": 2564
          },
          {
            "x": 1438,
            "y": 2564
          },
          {
            "x": 1438,
            "y": 2400
          },
          {
            "x": 1439,
            "y": 2399
          },
          {
            "x": 1442.0,
            "y": 2399
          },
          {
            "x": 1442.0,
            "y": 2314
          },
          {
            "x": 1439,
            "y": 2314
          },
          {
            "x": 1438,
            "y": 2313.0
          },
          {
            "x": 1438,
            "y": 2277
          },
          {
            "x": 1439,
            "y": 2276.0
          },
          {
            "x": 1442.0,
            "y": 2276.0
          },
          {
            "x": 1442.0,
            "y": 2191.0
          },
          {
            "x": 1443.0,
            "y": 2190.0
          },
          {
            "x": 1445.0,
            "y": 2190.0
          },
          {
            "x": 1445.0,
            "y": 2109
          },
          {
            "x": 1446.0,
            "y": 2108
          },
          {
            "x": 1449.0,
            "y": 2108
          },
          {
            "x": 1449.0,
            "y": 2042.0
          },
          {
            "x": 1450.0,
            "y": 2041.0
          },
          {
            "x": 1453,
            "y": 2041.0
          },
          {
            "x": 1453,
            "y": 2030
          },
          {
            "x": 1450.0,
            "y": 2030
          },
          {
            "x": 1449.0,
            "y": 2029
          },
          {
            "x": 1449.0,
            "y": 2008
          },
          {
            "x": 1446.0,
            "y": 2008
          },
          {
            "x": 1445.0,
            "y": 2007.0
          },
          {
            "x": 1445.0,
            "y": 1997.0
          },
          {
            "x": 1443.0,
            "y": 1997.0
          },
          {
            "x": 1442.0,
            "y": 1996.0
          },
          {
            "x": 1442.0,
            "y": 1985.0
          },
          {
            "x": 1439,
            "y": 1985.0
          },
          {
            "x": 1438,
            "y": 1984.0
          },
          {
            "x": 1438,
            "y": 1978.0
          },
          {
            "x": 1435.0,
            "y": 1978.0
          },
          {
            "x": 1434.0,
            "y": 1977.0
          },
          {
            "x": 1434.0,
            "y": 1971.0
          },
          {
            "x": 1431.0,
            "y": 1971.0
          },
          {
            "x": 1430.0,
            "y": 1970.0
          },
          {
            "x": 1430.0,
            "y": 1963.0
          },
          {
            "x": 1428.0,
            "y": 1963.0
          },
          {
            "x": 1427.0,
            "y": 1962.0
          },
          {
            "x": 1427.0,
            "y": 1959
          },
          {
            "x": 1424,
            "y": 1959
          },
          {
            "x": 1423.0,
            "y": 1958
          },
          {
            "x": 1423.0,
            "y": 1952
          },
          {
            "x": 1420.0,
            "y": 1952
          },
          {
            "x": 1419.0,
            "y": 1951
          },
          {
            "x": 1419.0,
            "y": 1948.0
          },
          {
            "x": 1416.0,
            "y": 1948.0
          },
          {
            "x": 1415.0,
            "y": 1947.0
          },
          {
            "x": 1415.0,
            "y": 1944
          },
          {
            "x": 1413.0,
            "y": 1944
          },
          {
            "x": 1412.0,
            "y": 1943.0
          },
          {
            "x": 1412.0,
            "y": 1941.0
          },
          {
            "x": 1409.0,
            "y": 1941.0
          },
          {
            "x": 1408.0,
            "y": 1940.0
          },
          {
            "x": 1408.0,
            "y": 1937
          },
          {
            "x": 1405.0,
            "y": 1937
          },
          {
            "x": 1404.0,
            "y": 1936.0
          },
          {
            "x": 1404.0,
            "y": 1933.0
          },
          {
            "x": 1401.0,
            "y": 1933.0
          },
          {
            "x": 1.4e3,
            "y": 1932.0
          },
          {
            "x": 1.4e3,
            "y": 1929.0
          },
          {
            "x": 1398.0,
            "y": 1929.0
          },
          {
            "x": 1397,
            "y": 1928.0
          },
          {
            "x": 1397,
            "y": 1926.0
          },
          {
            "x": 1394.0,
            "y": 1926.0
          },
          {
            "x": 1393.0,
            "y": 1925.0
          },
          {
            "x": 1393.0,
            "y": 1922
          },
          {
            "x": 1390.0,
            "y": 1922
          },
          {
            "x": 1389.0,
            "y": 1921.0
          },
          {
            "x": 1389.0,
            "y": 1918.0
          },
          {
            "x": 1387.0,
            "y": 1918.0
          },
          {
            "x": 1386.0,
            "y": 1917
          },
          {
            "x": 1386.0,
            "y": 1914.0
          },
          {
            "x": 1383,
            "y": 1914.0
          },
          {
            "x": 1382,
            "y": 1913.0
          },
          {
            "x": 1382,
            "y": 1911.0
          },
          {
            "x": 1379.0,
            "y": 1911.0
          },
          {
            "x": 1378.0,
            "y": 1910
          },
          {
            "x": 1378.0,
            "y": 1907.0
          },
          {
            "x": 1375.0,
            "y": 1907.0
          },
          {
            "x": 1374.0,
            "y": 1906.0
          },
          {
            "x": 1374.0,
            "y": 1903
          },
          {
            "x": 1372.0,
            "y": 1903
          },
          {
            "x": 1371.0,
            "y": 1902
          },
          {
            "x": 1371.0,
            "y": 1.9e3
          },
          {
            "x": 1364.0,
            "y": 1.9e3
          },
          {
            "x": 1363.0,
            "y": 1899.0
          },
          {
            "x": 1363.0,
            "y": 1896
          },
          {
            "x": 1360.0,
            "y": 1896
          },
          {
            "x": 1359.0,
            "y": 1895
          },
          {
            "x": 1359.0,
            "y": 1892.0
          },
          {
            "x": 1357.0,
            "y": 1892.0
          },
          {
            "x": 1356.0,
            "y": 1891.0
          },
          {
            "x": 1356.0,
            "y": 1888
          },
          {
            "x": 1353,
            "y": 1888
          },
          {
            "x": 1352.0,
            "y": 1887
          },
          {
            "x": 1352.0,
            "y": 1885.0
          },
          {
            "x": 1349.0,
            "y": 1885.0
          },
          {
            "x": 1348.0,
            "y": 1884.0
          },
          {
            "x": 1348.0,
            "y": 1881
          },
          {
            "x": 1345.0,
            "y": 1881
          },
          {
            "x": 1344.0,
            "y": 1880
          }
        ]
      }
    },
    {
      "annotator": {
        "email": "corporate@bex.kg",
        "full_name": "Aizada Tynchybek kyzy"
      },
      "name": "Road ",
      "polygon": {
        "path": [
          {
            "x": 1446.0,
            "y": 0
          },
          {
            "x": 1446.0,
            "y": 3.0
          },
          {
            "x": 1445,
            "y": 4.0
          },
          {
            "x": 1439,
            "y": 4.0
          },
          {
            "x": 1439,
            "y": 10.0
          },
          {
            "x": 1438,
            "y": 11.0
          },
          {
            "x": 1432,
            "y": 11.0
          },
          {
            "x": 1432,
            "y": 81.0
          },
          {
            "x": 1438,
            "y": 81.0
          },
          {
            "x": 1439,
            "y": 82.0
          },
          {
            "x": 1439,
            "y": 259.0
          },
          {
            "x": 1445,
            "y": 259.0
          },
          {
            "x": 1446.0,
            "y": 260.0
          },
          {
            "x": 1446.0,
            "y": 380
          },
          {
            "x": 1452.0,
            "y": 380
          },
          {
            "x": 1453.0,
            "y": 381.0
          },
          {
            "x": 1453.0,
            "y": 799
          },
          {
            "x": 1459.0,
            "y": 799
          },
          {
            "x": 1460,
            "y": 800
          },
          {
            "x": 1460,
            "y": 934
          },
          {
            "x": 1459.0,
            "y": 935
          },
          {
            "x": 1453.0,
            "y": 935
          },
          {
            "x": 1453.0,
            "y": 1311
          },
          {
            "x": 1452.0,
            "y": 1312
          },
          {
            "x": 1446.0,
            "y": 1312
          },
          {
            "x": 1446.0,
            "y": 1332
          },
          {
            "x": 1445,
            "y": 1333
          },
          {
            "x": 1439,
            "y": 1333
          },
          {
            "x": 1439,
            "y": 1347
          },
          {
            "x": 1438,
            "y": 1348
          },
          {
            "x": 1432,
            "y": 1348
          },
          {
            "x": 1432,
            "y": 1354
          },
          {
            "x": 1431.0,
            "y": 1355
          },
          {
            "x": 1424.0,
            "y": 1355
          },
          {
            "x": 1424.0,
            "y": 1361
          },
          {
            "x": 1423,
            "y": 1362
          },
          {
            "x": 1417,
            "y": 1362
          },
          {
            "x": 1417,
            "y": 1368
          },
          {
            "x": 1416,
            "y": 1369
          },
          {
            "x": 1410,
            "y": 1369
          },
          {
            "x": 1410,
            "y": 1375
          },
          {
            "x": 1409.0,
            "y": 1376
          },
          {
            "x": 1403.0,
            "y": 1376
          },
          {
            "x": 1403.0,
            "y": 1382
          },
          {
            "x": 1402.0,
            "y": 1383
          },
          {
            "x": 1396.0,
            "y": 1383
          },
          {
            "x": 1396.0,
            "y": 1389
          },
          {
            "x": 1395,
            "y": 1390
          },
          {
            "x": 1389,
            "y": 1390
          },
          {
            "x": 1389,
            "y": 1396
          },
          {
            "x": 1388,
            "y": 1397
          },
          {
            "x": 1382,
            "y": 1397
          },
          {
            "x": 1382,
            "y": 1404
          },
          {
            "x": 1381.0,
            "y": 1405
          },
          {
            "x": 1375,
            "y": 1405
          },
          {
            "x": 1375,
            "y": 1411
          },
          {
            "x": 1374.0,
            "y": 1412
          },
          {
            "x": 1368.0,
            "y": 1412
          },
          {
            "x": 1368.0,
            "y": 1418
          },
          {
            "x": 1367,
            "y": 1419
          },
          {
            "x": 1353.0,
            "y": 1419
          },
          {
            "x": 1353.0,
            "y": 1425
          },
          {
            "x": 1352.0,
            "y": 1426
          },
          {
            "x": 1346.0,
            "y": 1426
          },
          {
            "x": 1346.0,
            "y": 1432
          },
          {
            "x": 1345,
            "y": 1433
          },
          {
            "x": 1339,
            "y": 1433
          },
          {
            "x": 1339,
            "y": 1439
          },
          {
            "x": 1338,
            "y": 1440
          },
          {
            "x": 1325,
            "y": 1440
          },
          {
            "x": 1325,
            "y": 1446
          },
          {
            "x": 1324.0,
            "y": 1447
          },
          {
            "x": 1318.0,
            "y": 1447
          },
          {
            "x": 1318.0,
            "y": 1453
          },
          {
            "x": 1317,
            "y": 1454
          },
          {
            "x": 1311.0,
            "y": 1454
          },
          {
            "x": 1311.0,
            "y": 1460
          },
          {
            "x": 1310,
            "y": 1461
          },
          {
            "x": 1296.0,
            "y": 1461
          },
          {
            "x": 1296.0,
            "y": 1468
          },
          {
            "x": 1295,
            "y": 1469
          },
          {
            "x": 1282,
            "y": 1469
          },
          {
            "x": 1282,
            "y": 1475
          },
          {
            "x": 1281.0,
            "y": 1476
          },
          {
            "x": 1275,
            "y": 1476
          },
          {
            "x": 1275,
            "y": 1482
          },
          {
            "x": 1274.0,
            "y": 1483
          },
          {
            "x": 1261.0,
            "y": 1483
          },
          {
            "x": 1261.0,
            "y": 1489
          },
          {
            "x": 1260,
            "y": 1490
          },
          {
            "x": 1247,
            "y": 1490
          },
          {
            "x": 1247,
            "y": 1496
          },
          {
            "x": 1246.0,
            "y": 1497
          },
          {
            "x": 1225,
            "y": 1497
          },
          {
            "x": 1225,
            "y": 1503
          },
          {
            "x": 1224.0,
            "y": 1504
          },
          {
            "x": 1211.0,
            "y": 1504
          },
          {
            "x": 1211.0,
            "y": 1510
          },
          {
            "x": 1210,
            "y": 1511
          },
          {
            "x": 1190.0,
            "y": 1511
          },
          {
            "x": 1190.0,
            "y": 1517
          },
          {
            "x": 1189.0,
            "y": 1518
          },
          {
            "x": 1147,
            "y": 1518
          },
          {
            "x": 1147,
            "y": 1524
          },
          {
            "x": 1146.0,
            "y": 1525
          },
          {
            "x": 1090.0,
            "y": 1525
          },
          {
            "x": 1090.0,
            "y": 1532
          },
          {
            "x": 1089.0,
            "y": 1533
          },
          {
            "x": 905.0,
            "y": 1533
          },
          {
            "x": 904,
            "y": 1532
          },
          {
            "x": 904,
            "y": 1525
          },
          {
            "x": 870.0,
            "y": 1525
          },
          {
            "x": 869,
            "y": 1524
          },
          {
            "x": 869,
            "y": 1518
          },
          {
            "x": 841,
            "y": 1518
          },
          {
            "x": 840.0,
            "y": 1517
          },
          {
            "x": 840.0,
            "y": 1511
          },
          {
            "x": 806.0,
            "y": 1511
          },
          {
            "x": 805.0,
            "y": 1510
          },
          {
            "x": 805.0,
            "y": 1504
          },
          {
            "x": 792.0,
            "y": 1504
          },
          {
            "x": 792.0,
            "y": 1510
          },
          {
            "x": 791,
            "y": 1511
          },
          {
            "x": 749.0,
            "y": 1511
          },
          {
            "x": 749.0,
            "y": 1517
          },
          {
            "x": 748.0,
            "y": 1518
          },
          {
            "x": 721,
            "y": 1518
          },
          {
            "x": 721,
            "y": 1524
          },
          {
            "x": 720.0,
            "y": 1525
          },
          {
            "x": 699,
            "y": 1525
          },
          {
            "x": 699,
            "y": 1532
          },
          {
            "x": 698.0,
            "y": 1533
          },
          {
            "x": 664.0,
            "y": 1533
          },
          {
            "x": 664.0,
            "y": 1539
          },
          {
            "x": 663,
            "y": 1540
          },
          {
            "x": 571,
            "y": 1540
          },
          {
            "x": 571,
            "y": 1546
          },
          {
            "x": 570.0,
            "y": 1547
          },
          {
            "x": 408,
            "y": 1547
          },
          {
            "x": 408,
            "y": 1553
          },
          {
            "x": 407.0,
            "y": 1554
          },
          {
            "x": 209.0,
            "y": 1554
          },
          {
            "x": 209.0,
            "y": 1560
          },
          {
            "x": 208,
            "y": 1561
          },
          {
            "x": 17.0,
            "y": 1561
          },
          {
            "x": 17.0,
            "y": 1567
          },
          {
            "x": 16.0,
            "y": 1568
          },
          {
            "x": 3.0,
            "y": 1568
          },
          {
            "x": 3.0,
            "y": 1574
          },
          {
            "x": 2.0,
            "y": 1575
          },
          {
            "x": 0,
            "y": 1575
          },
          {
            "x": 0,
            "y": 1823
          },
          {
            "x": 2.0,
            "y": 1823
          },
          {
            "x": 3.0,
            "y": 1824
          },
          {
            "x": 3.0,
            "y": 1837
          },
          {
            "x": 16.0,
            "y": 1837
          },
          {
            "x": 17.0,
            "y": 1838
          },
          {
            "x": 17.0,
            "y": 1844
          },
          {
            "x": 66.0,
            "y": 1844
          },
          {
            "x": 66.0,
            "y": 1838
          },
          {
            "x": 67.0,
            "y": 1837
          },
          {
            "x": 108.0,
            "y": 1837
          },
          {
            "x": 108.0,
            "y": 1831
          },
          {
            "x": 109.0,
            "y": 1830
          },
          {
            "x": 201.0,
            "y": 1830
          },
          {
            "x": 201.0,
            "y": 1824
          },
          {
            "x": 202.0,
            "y": 1823
          },
          {
            "x": 314.0,
            "y": 1823
          },
          {
            "x": 314.0,
            "y": 1817
          },
          {
            "x": 315.0,
            "y": 1816
          },
          {
            "x": 521.0,
            "y": 1816
          },
          {
            "x": 521.0,
            "y": 1810
          },
          {
            "x": 522,
            "y": 1809
          },
          {
            "x": 755.0,
            "y": 1809
          },
          {
            "x": 755.0,
            "y": 1803
          },
          {
            "x": 756.0,
            "y": 1802
          },
          {
            "x": 848.0,
            "y": 1802
          },
          {
            "x": 848.0,
            "y": 1796
          },
          {
            "x": 849.0,
            "y": 1795
          },
          {
            "x": 1032,
            "y": 1795
          },
          {
            "x": 1032,
            "y": 1788
          },
          {
            "x": 1033.0,
            "y": 1787
          },
          {
            "x": 1082,
            "y": 1787
          },
          {
            "x": 1083.0,
            "y": 1788
          },
          {
            "x": 1083.0,
            "y": 1795
          },
          {
            "x": 1139.0,
            "y": 1795
          },
          {
            "x": 1140.0,
            "y": 1796
          },
          {
            "x": 1140.0,
            "y": 1802
          },
          {
            "x": 1175,
            "y": 1802
          },
          {
            "x": 1176,
            "y": 1803
          },
          {
            "x": 1176,
            "y": 1809
          },
          {
            "x": 1203.0,
            "y": 1809
          },
          {
            "x": 1204,
            "y": 1810
          },
          {
            "x": 1204,
            "y": 1816
          },
          {
            "x": 1217,
            "y": 1816
          },
          {
            "x": 1218.0,
            "y": 1817
          },
          {
            "x": 1218.0,
            "y": 1823
          },
          {
            "x": 1231.0,
            "y": 1823
          },
          {
            "x": 1232,
            "y": 1824
          },
          {
            "x": 1232,
            "y": 1830
          },
          {
            "x": 1246.0,
            "y": 1830
          },
          {
            "x": 1247,
            "y": 1831
          },
          {
            "x": 1247,
            "y": 1837
          },
          {
            "x": 1267,
            "y": 1837
          },
          {
            "x": 1268.0,
            "y": 1838
          },
          {
            "x": 1268.0,
            "y": 1844
          },
          {
            "x": 1281.0,
            "y": 1844
          },
          {
            "x": 1282,
            "y": 1845
          },
          {
            "x": 1282,
            "y": 1851
          },
          {
            "x": 1295,
            "y": 1851
          },
          {
            "x": 1296.0,
            "y": 1852
          },
          {
            "x": 1296.0,
            "y": 1859
          },
          {
            "x": 1310,
            "y": 1859
          },
          {
            "x": 1311.0,
            "y": 1860
          },
          {
            "x": 1311.0,
            "y": 1866
          },
          {
            "x": 1317,
            "y": 1866
          },
          {
            "x": 1318.0,
            "y": 1867
          },
          {
            "x": 1318.0,
            "y": 1873
          },
          {
            "x": 1331.0,
            "y": 1873
          },
          {
            "x": 1332,
            "y": 1874
          },
          {
            "x": 1332,
            "y": 1880
          },
          {
            "x": 1338,
            "y": 1880
          },
          {
            "x": 1339,
            "y": 1881
          },
          {
            "x": 1339,
            "y": 1887
          },
          {
            "x": 1352.0,
            "y": 1887
          },
          {
            "x": 1353.0,
            "y": 1888
          },
          {
            "x": 1353.0,
            "y": 1894
          },
          {
            "x": 1359.0,
            "y": 1894
          },
          {
            "x": 1360,
            "y": 1895
          },
          {
            "x": 1360,
            "y": 1901
          },
          {
            "x": 1367,
            "y": 1901
          },
          {
            "x": 1368.0,
            "y": 1902
          },
          {
            "x": 1368.0,
            "y": 1908
          },
          {
            "x": 1374.0,
            "y": 1908
          },
          {
            "x": 1375,
            "y": 1909
          },
          {
            "x": 1375,
            "y": 1915
          },
          {
            "x": 1381.0,
            "y": 1915
          },
          {
            "x": 1382,
            "y": 1916
          },
          {
            "x": 1382,
            "y": 1923
          },
          {
            "x": 1395,
            "y": 1923
          },
          {
            "x": 1396.0,
            "y": 1924
          },
          {
            "x": 1396.0,
            "y": 1930
          },
          {
            "x": 1402.0,
            "y": 1930
          },
          {
            "x": 1403.0,
            "y": 1931
          },
          {
            "x": 1403.0,
            "y": 1944
          },
          {
            "x": 1409.0,
            "y": 1944
          },
          {
            "x": 1410,
            "y": 1945
          },
          {
            "x": 1410,
            "y": 1951
          },
          {
            "x": 1416,
            "y": 1951
          },
          {
            "x": 1417,
            "y": 1952
          },
          {
            "x": 1417,
            "y": 1958
          },
          {
            "x": 1423,
            "y": 1958
          },
          {
            "x": 1424.0,
            "y": 1959
          },
          {
            "x": 1424.0,
            "y": 1972
          },
          {
            "x": 1431.0,
            "y": 1972
          },
          {
            "x": 1432,
            "y": 1973
          },
          {
            "x": 1432,
            "y": 1987.0
          },
          {
            "x": 1438,
            "y": 1987.0
          },
          {
            "x": 1439,
            "y": 1988
          },
          {
            "x": 1439,
            "y": 2015.0
          },
          {
            "x": 1445,
            "y": 2015.0
          },
          {
            "x": 1446.0,
            "y": 2016
          },
          {
            "x": 1446.0,
            "y": 2420
          },
          {
            "x": 1445,
            "y": 2421
          },
          {
            "x": 1439,
            "y": 2421
          },
          {
            "x": 1439,
            "y": 2776
          },
          {
            "x": 1438,
            "y": 2777
          },
          {
            "x": 1432,
            "y": 2777
          },
          {
            "x": 1432,
            "y": 2975
          },
          {
            "x": 1431.0,
            "y": 2976
          },
          {
            "x": 1424.0,
            "y": 2976
          },
          {
            "x": 1424.0,
            "y": 3600
          },
          {
            "x": 1431.0,
            "y": 3600
          },
          {
            "x": 1432,
            "y": 3601
          },
          {
            "x": 1432,
            "y": 3643
          },
          {
            "x": 1452.0,
            "y": 3643
          },
          {
            "x": 1453.0,
            "y": 3644
          },
          {
            "x": 1453.0,
            "y": 3646
          },
          {
            "x": 1.8e3,
            "y": 3646
          },
          {
            "x": 1.8e3,
            "y": 3644
          },
          {
            "x": 1801,
            "y": 3643
          },
          {
            "x": 1814,
            "y": 3643
          },
          {
            "x": 1814,
            "y": 3331
          },
          {
            "x": 1815.0,
            "y": 3330
          },
          {
            "x": 1821.0,
            "y": 3330
          },
          {
            "x": 1821.0,
            "y": 3189
          },
          {
            "x": 1815.0,
            "y": 3189
          },
          {
            "x": 1814,
            "y": 3188
          },
          {
            "x": 1814,
            "y": 1924
          },
          {
            "x": 1815.0,
            "y": 1923
          },
          {
            "x": 1821.0,
            "y": 1923
          },
          {
            "x": 1821.0,
            "y": 1831
          },
          {
            "x": 1815.0,
            "y": 1831
          },
          {
            "x": 1814,
            "y": 1830
          },
          {
            "x": 1814,
            "y": 729
          },
          {
            "x": 1808,
            "y": 729
          },
          {
            "x": 1807,
            "y": 728
          },
          {
            "x": 1807,
            "y": 608
          },
          {
            "x": 1808,
            "y": 607
          },
          {
            "x": 1814,
            "y": 607
          },
          {
            "x": 1814,
            "y": 601
          },
          {
            "x": 1808,
            "y": 601
          },
          {
            "x": 1807,
            "y": 600
          },
          {
            "x": 1807,
            "y": 495
          },
          {
            "x": 1801,
            "y": 495
          },
          {
            "x": 1.8e3,
            "y": 494
          },
          {
            "x": 1.8e3,
            "y": 303.0
          },
          {
            "x": 1794,
            "y": 303.0
          },
          {
            "x": 1793.0,
            "y": 302.0
          },
          {
            "x": 1793.0,
            "y": 139.0
          },
          {
            "x": 1787.0,
            "y": 139.0
          },
          {
            "x": 1786,
            "y": 138.0
          },
          {
            "x": 1786,
            "y": 68
          },
          {
            "x": 1787.0,
            "y": 67.0
          },
          {
            "x": 1793.0,
            "y": 67.0
          },
          {
            "x": 1793.0,
            "y": 40.0
          },
          {
            "x": 1794,
            "y": 39.0
          },
          {
            "x": 1.8e3,
            "y": 39.0
          },
          {
            "x": 1.8e3,
            "y": 11.0
          },
          {
            "x": 1794,
            "y": 11.0
          },
          {
            "x": 1793.0,
            "y": 10.0
          },
          {
            "x": 1793.0,
            "y": 4.0
          },
          {
            "x": 1780.0,
            "y": 4.0
          },
          {
            "x": 1779,
            "y": 3.0
          },
          {
            "x": 1779,
            "y": 0
          }
        ]
      }
    }
  ]
}