{
  "image": {
    "width": 5472,
    "height": 3648,
    "filename": "00000016.JPG",
    "original_filename": "EP-00-00012_0119_0076.JPG",
    "url": "https://darwin.v7labs.com/api/images/1221742/original?token=b19ef416-03ed-4ae6-a438-a83286cfedf7",
    "thumbnail_url": "https://darwin.v7labs.com/api/images/1221742/thumbnail?token=b19ef416-03ed-4ae6-a438-a83286cfedf7",
    "workview_url": "https://darwin.v7labs.com/workview?dataset=1192&image=16"
  },
  "dataset": "Mapping_3",
  "annotated": true,
  "annotations": [
    {
      "annotator": {
        "email": "corporate@bex.kg",
        "full_name": "Aizada Tynchybek kyzy"
      },
      "name": "Spring field Polygon ",
      "polygon": {
        "path": [
          {
            "x": 24.74,
            "y": 132.56
          },
          {
            "x": 5327.07,
            "y": 450.7
          },
          {
            "x": 5433.12,
            "y": 556.74
          },
          {
            "x": 5433.12,
            "y": 3623.26
          },
          {
            "x": 15.91,
            "y": 3623.26
          }
        ]
      }
    },
    {
      "annotator": {
        "email": "corporate@bex.kg",
        "full_name": "Aizada Tynchybek kyzy"
      },
      "name": "Road ",
      "polygon": {
        "path": [
          {
            "x": 2319.89,
            "y": 26.51
          },
          {
            "x": 5311.92,
            "y": 184.32
          },
          {
            "x": 5463.42,
            "y": 77.01
          },
          {
            "x": 5463.42,
            "y": 424.19
          },
          {
            "x": 5318.23,
            "y": 392.62
          },
          {
            "x": 17.37,
            "y": 65.12
          },
          {
            "x": 16.19,
            "y": 7.61
          }
        ]
      }
    }
  ]
}