{
  "image": {
    "width": 5472,
    "height": 3648,
    "filename": "00000044.JPG",
    "original_filename": "EP-00-00012_0119_0104.JPG",
    "url": "https://darwin.v7labs.com/api/images/1221770/original?token=b19ef416-03ed-4ae6-a438-a83286cfedf7",
    "thumbnail_url": "https://darwin.v7labs.com/api/images/1221770/thumbnail?token=b19ef416-03ed-4ae6-a438-a83286cfedf7",
    "workview_url": "https://darwin.v7labs.com/workview?dataset=1192&image=44"
  },
  "dataset": "Mapping_3",
  "annotated": true,
  "annotations": [
    {
      "annotator": {
        "email": "corporate@bex.kg",
        "full_name": "Aizada Tynchybek kyzy"
      },
      "name": "Spring field Polygon ",
      "polygon": {
        "path": [
          {
            "x": 1363.39,
            "y": 1.95
          },
          {
            "x": -4.06,
            "y": 1099.41
          },
          {
            "x": 3.95,
            "y": 2720.88
          },
          {
            "x": 848.52,
            "y": 3644.56
          },
          {
            "x": 5471.1,
            "y": 3647.49
          },
          {
            "x": 5471.87,
            "y": 0.09
          }
        ]
      }
    },
    {
      "annotator": {
        "email": "corporate@bex.kg",
        "full_name": "Aizada Tynchybek kyzy"
      },
      "name": "Road ",
      "polygon": {
        "path": [
          {
            "x": 1327.27,
            "y": 0.18
          },
          {
            "x": 981.13,
            "y": 2.74
          },
          {
            "x": 1.17,
            "y": 814.6
          },
          {
            "x": 2.58,
            "y": 1090.65
          }
        ]
      }
    },
    {
      "annotator": {
        "email": "corporate@bex.kg",
        "full_name": "Aizada Tynchybek kyzy"
      },
      "name": "Road ",
      "polygon": {
        "path": [
          {
            "x": 832.99,
            "y": 3641.49
          },
          {
            "x": 267.1,
            "y": 3641.49
          },
          {
            "x": 2.09,
            "y": 3348.88
          },
          {
            "x": 7.61,
            "y": 2727.78
          }
        ]
      }
    }
  ]
}