{
  "image": {
    "width": 5472,
    "height": 3648,
    "filename": "00000043.JPG",
    "original_filename": "EP-00-00012_0119_0103.JPG",
    "url": "https://darwin.v7labs.com/api/images/1221769/original?token=b19ef416-03ed-4ae6-a438-a83286cfedf7",
    "thumbnail_url": "https://darwin.v7labs.com/api/images/1221769/thumbnail?token=b19ef416-03ed-4ae6-a438-a83286cfedf7",
    "workview_url": "https://darwin.v7labs.com/workview?dataset=1192&image=43"
  },
  "dataset": "Mapping_3",
  "annotated": true,
  "annotations": [
    {
      "annotator": {
        "email": "corporate@bex.kg",
        "full_name": "Aizada Tynchybek kyzy"
      },
      "name": "Spring field Polygon ",
      "polygon": {
        "path": [
          {
            "x": 1179.0,
            "y": 0
          },
          {
            "x": 1179.0,
            "y": 38.0
          },
          {
            "x": 1187.0,
            "y": 38.0
          },
          {
            "x": 1188.0,
            "y": 39.0
          },
          {
            "x": 1188.0,
            "y": 55.0
          },
          {
            "x": 1196,
            "y": 55.0
          },
          {
            "x": 1197,
            "y": 56.0
          },
          {
            "x": 1197,
            "y": 81.0
          },
          {
            "x": 1204.0,
            "y": 81.0
          },
          {
            "x": 1205.0,
            "y": 82.0
          },
          {
            "x": 1205.0,
            "y": 98.0
          },
          {
            "x": 1213.0,
            "y": 98.0
          },
          {
            "x": 1214.0,
            "y": 99.0
          },
          {
            "x": 1214.0,
            "y": 124.0
          },
          {
            "x": 1222.0,
            "y": 124.0
          },
          {
            "x": 1223.0,
            "y": 125.0
          },
          {
            "x": 1223.0,
            "y": 141.0
          },
          {
            "x": 1230.0,
            "y": 141.0
          },
          {
            "x": 1231.0,
            "y": 142.0
          },
          {
            "x": 1231.0,
            "y": 158.0
          },
          {
            "x": 1239,
            "y": 158.0
          },
          {
            "x": 1240,
            "y": 159.0
          },
          {
            "x": 1240,
            "y": 176.0
          },
          {
            "x": 1247.0,
            "y": 176.0
          },
          {
            "x": 1248.0,
            "y": 177.0
          },
          {
            "x": 1248.0,
            "y": 202.0
          },
          {
            "x": 1256.0,
            "y": 202.0
          },
          {
            "x": 1257.0,
            "y": 203.0
          },
          {
            "x": 1257.0,
            "y": 219.0
          },
          {
            "x": 1265.0,
            "y": 219.0
          },
          {
            "x": 1266.0,
            "y": 220.0
          },
          {
            "x": 1266.0,
            "y": 236.0
          },
          {
            "x": 1273.0,
            "y": 236.0
          },
          {
            "x": 1274.0,
            "y": 237.0
          },
          {
            "x": 1274.0,
            "y": 253.0
          },
          {
            "x": 1282,
            "y": 253.0
          },
          {
            "x": 1283,
            "y": 254.0
          },
          {
            "x": 1283,
            "y": 279.0
          },
          {
            "x": 1291.0,
            "y": 279.0
          },
          {
            "x": 1292.0,
            "y": 280.0
          },
          {
            "x": 1292.0,
            "y": 296.0
          },
          {
            "x": 1299.0,
            "y": 296.0
          },
          {
            "x": 1.3e3,
            "y": 297.0
          },
          {
            "x": 1.3e3,
            "y": 314.0
          },
          {
            "x": 1308.0,
            "y": 314.0
          },
          {
            "x": 1309.0,
            "y": 315.0
          },
          {
            "x": 1309.0,
            "y": 331.0
          },
          {
            "x": 1316.0,
            "y": 331.0
          },
          {
            "x": 1317.0,
            "y": 332.0
          },
          {
            "x": 1317.0,
            "y": 357.0
          },
          {
            "x": 1325,
            "y": 357.0
          },
          {
            "x": 1326,
            "y": 358.0
          },
          {
            "x": 1326,
            "y": 374.0
          },
          {
            "x": 1334.0,
            "y": 374.0
          },
          {
            "x": 1335.0,
            "y": 375.0
          },
          {
            "x": 1335.0,
            "y": 400.0
          },
          {
            "x": 1342.0,
            "y": 400.0
          },
          {
            "x": 1343.0,
            "y": 401.0
          },
          {
            "x": 1343.0,
            "y": 426.0
          },
          {
            "x": 1351.0,
            "y": 426.0
          },
          {
            "x": 1352.0,
            "y": 427.0
          },
          {
            "x": 1352.0,
            "y": 443.0
          },
          {
            "x": 1360.0,
            "y": 443.0
          },
          {
            "x": 1361.0,
            "y": 444.0
          },
          {
            "x": 1361.0,
            "y": 460.0
          },
          {
            "x": 1368,
            "y": 460.0
          },
          {
            "x": 1369,
            "y": 461.0
          },
          {
            "x": 1369,
            "y": 478.0
          },
          {
            "x": 1377.0,
            "y": 478.0
          },
          {
            "x": 1378.0,
            "y": 479.0
          },
          {
            "x": 1378.0,
            "y": 495.0
          },
          {
            "x": 1385.0,
            "y": 495.0
          },
          {
            "x": 1386.0,
            "y": 496.0
          },
          {
            "x": 1386.0,
            "y": 503.0
          },
          {
            "x": 1394.0,
            "y": 503.0
          },
          {
            "x": 1395,
            "y": 504.0
          },
          {
            "x": 1395,
            "y": 512.0
          },
          {
            "x": 1403.0,
            "y": 512.0
          },
          {
            "x": 1404.0,
            "y": 513
          },
          {
            "x": 1404.0,
            "y": 529.0
          },
          {
            "x": 1411,
            "y": 529.0
          },
          {
            "x": 1412.0,
            "y": 530.0
          },
          {
            "x": 1412.0,
            "y": 547.0
          },
          {
            "x": 1420.0,
            "y": 547.0
          },
          {
            "x": 1421.0,
            "y": 548
          },
          {
            "x": 1421.0,
            "y": 564.0
          },
          {
            "x": 1429.0,
            "y": 564.0
          },
          {
            "x": 1430.0,
            "y": 565.0
          },
          {
            "x": 1430.0,
            "y": 590.0
          },
          {
            "x": 1437.0,
            "y": 590.0
          },
          {
            "x": 1438,
            "y": 591
          },
          {
            "x": 1438,
            "y": 607.0
          },
          {
            "x": 1446.0,
            "y": 607.0
          },
          {
            "x": 1447.0,
            "y": 608.0
          },
          {
            "x": 1447.0,
            "y": 633.0
          },
          {
            "x": 1454,
            "y": 633.0
          },
          {
            "x": 1455.0,
            "y": 634
          },
          {
            "x": 1455.0,
            "y": 650.0
          },
          {
            "x": 1463.0,
            "y": 650.0
          },
          {
            "x": 1464.0,
            "y": 651.0
          },
          {
            "x": 1464.0,
            "y": 676.0
          },
          {
            "x": 1472.0,
            "y": 676.0
          },
          {
            "x": 1473.0,
            "y": 677
          },
          {
            "x": 1473.0,
            "y": 685.0
          },
          {
            "x": 1480.0,
            "y": 685.0
          },
          {
            "x": 1481,
            "y": 686.0
          },
          {
            "x": 1481,
            "y": 702.0
          },
          {
            "x": 1489.0,
            "y": 702.0
          },
          {
            "x": 1490.0,
            "y": 703.0
          },
          {
            "x": 1490.0,
            "y": 728.0
          },
          {
            "x": 1498.0,
            "y": 728.0
          },
          {
            "x": 1499.0,
            "y": 729.0
          },
          {
            "x": 1499.0,
            "y": 754.0
          },
          {
            "x": 1506.0,
            "y": 754.0
          },
          {
            "x": 1507.0,
            "y": 755
          },
          {
            "x": 1507.0,
            "y": 771.0
          },
          {
            "x": 1515.0,
            "y": 771.0
          },
          {
            "x": 1516.0,
            "y": 772.0
          },
          {
            "x": 1516.0,
            "y": 788.0
          },
          {
            "x": 1523.0,
            "y": 788.0
          },
          {
            "x": 1524,
            "y": 789.0
          },
          {
            "x": 1524,
            "y": 814.0
          },
          {
            "x": 1532.0,
            "y": 814.0
          },
          {
            "x": 1533.0,
            "y": 815.0
          },
          {
            "x": 1533.0,
            "y": 831.0
          },
          {
            "x": 1541.0,
            "y": 831.0
          },
          {
            "x": 1542.0,
            "y": 832.0
          },
          {
            "x": 1542.0,
            "y": 848
          },
          {
            "x": 1549.0,
            "y": 848
          },
          {
            "x": 1550.0,
            "y": 849.0
          },
          {
            "x": 1550.0,
            "y": 874.0
          },
          {
            "x": 1558.0,
            "y": 874.0
          },
          {
            "x": 1559.0,
            "y": 875.0
          },
          {
            "x": 1559.0,
            "y": 892.0
          },
          {
            "x": 1567,
            "y": 892.0
          },
          {
            "x": 1568,
            "y": 893.0
          },
          {
            "x": 1568,
            "y": 917.0
          },
          {
            "x": 1575.0,
            "y": 917.0
          },
          {
            "x": 1576.0,
            "y": 918.0
          },
          {
            "x": 1576.0,
            "y": 935.0
          },
          {
            "x": 1584.0,
            "y": 935.0
          },
          {
            "x": 1585.0,
            "y": 936.0
          },
          {
            "x": 1585.0,
            "y": 952.0
          },
          {
            "x": 1592.0,
            "y": 952.0
          },
          {
            "x": 1593.0,
            "y": 953.0
          },
          {
            "x": 1593.0,
            "y": 978.0
          },
          {
            "x": 1601.0,
            "y": 978.0
          },
          {
            "x": 1602.0,
            "y": 979.0
          },
          {
            "x": 1602.0,
            "y": 995.0
          },
          {
            "x": 1610,
            "y": 995.0
          },
          {
            "x": 1611,
            "y": 996.0
          },
          {
            "x": 1611,
            "y": 1021.0
          },
          {
            "x": 1618.0,
            "y": 1021.0
          },
          {
            "x": 1619.0,
            "y": 1022.0
          },
          {
            "x": 1619.0,
            "y": 1038.0
          },
          {
            "x": 1627.0,
            "y": 1038.0
          },
          {
            "x": 1628.0,
            "y": 1039
          },
          {
            "x": 1628.0,
            "y": 1055
          },
          {
            "x": 1636.0,
            "y": 1055
          },
          {
            "x": 1637.0,
            "y": 1056.0
          },
          {
            "x": 1637.0,
            "y": 1073.0
          },
          {
            "x": 1644.0,
            "y": 1073.0
          },
          {
            "x": 1645.0,
            "y": 1074.0
          },
          {
            "x": 1645.0,
            "y": 1099.0
          },
          {
            "x": 1653,
            "y": 1099.0
          },
          {
            "x": 1654.0,
            "y": 1.1e3
          },
          {
            "x": 1654.0,
            "y": 1116.0
          },
          {
            "x": 1661.0,
            "y": 1116.0
          },
          {
            "x": 1662.0,
            "y": 1117.0
          },
          {
            "x": 1662.0,
            "y": 1142.0
          },
          {
            "x": 1670.0,
            "y": 1142.0
          },
          {
            "x": 1671.0,
            "y": 1143.0
          },
          {
            "x": 1671.0,
            "y": 1168
          },
          {
            "x": 1679.0,
            "y": 1168
          },
          {
            "x": 1680,
            "y": 1169
          },
          {
            "x": 1680,
            "y": 1185.0
          },
          {
            "x": 1687.0,
            "y": 1185.0
          },
          {
            "x": 1688.0,
            "y": 1186.0
          },
          {
            "x": 1688.0,
            "y": 1202.0
          },
          {
            "x": 1696,
            "y": 1202.0
          },
          {
            "x": 1697.0,
            "y": 1203
          },
          {
            "x": 1697.0,
            "y": 1219
          },
          {
            "x": 1705.0,
            "y": 1219
          },
          {
            "x": 1706.0,
            "y": 1220.0
          },
          {
            "x": 1706.0,
            "y": 1237.0
          },
          {
            "x": 1713.0,
            "y": 1237.0
          },
          {
            "x": 1714.0,
            "y": 1238.0
          },
          {
            "x": 1714.0,
            "y": 1254
          },
          {
            "x": 1722.0,
            "y": 1254
          },
          {
            "x": 1723,
            "y": 1255
          },
          {
            "x": 1723,
            "y": 1271.0
          },
          {
            "x": 1730.0,
            "y": 1271.0
          },
          {
            "x": 1731.0,
            "y": 1272.0
          },
          {
            "x": 1731.0,
            "y": 1288.0
          },
          {
            "x": 1739,
            "y": 1288.0
          },
          {
            "x": 1740.0,
            "y": 1289
          },
          {
            "x": 1740.0,
            "y": 1306.0
          },
          {
            "x": 1748.0,
            "y": 1306.0
          },
          {
            "x": 1749.0,
            "y": 1307.0
          },
          {
            "x": 1749.0,
            "y": 1323.0
          },
          {
            "x": 1756.0,
            "y": 1323.0
          },
          {
            "x": 1757.0,
            "y": 1324
          },
          {
            "x": 1757.0,
            "y": 1340
          },
          {
            "x": 1765.0,
            "y": 1340
          },
          {
            "x": 1766,
            "y": 1341.0
          },
          {
            "x": 1766,
            "y": 1357.0
          },
          {
            "x": 1774.0,
            "y": 1357.0
          },
          {
            "x": 1775.0,
            "y": 1358.0
          },
          {
            "x": 1775.0,
            "y": 1375
          },
          {
            "x": 1782,
            "y": 1375
          },
          {
            "x": 1783.0,
            "y": 1376
          },
          {
            "x": 1783.0,
            "y": 1392.0
          },
          {
            "x": 1791.0,
            "y": 1392.0
          },
          {
            "x": 1792.0,
            "y": 1393.0
          },
          {
            "x": 1792.0,
            "y": 1409.0
          },
          {
            "x": 1799.0,
            "y": 1409.0
          },
          {
            "x": 1.8e3,
            "y": 1410
          },
          {
            "x": 1.8e3,
            "y": 1426
          },
          {
            "x": 1808.0,
            "y": 1426
          },
          {
            "x": 1809,
            "y": 1427.0
          },
          {
            "x": 1809,
            "y": 1444.0
          },
          {
            "x": 1817.0,
            "y": 1444.0
          },
          {
            "x": 1818.0,
            "y": 1445
          },
          {
            "x": 1818.0,
            "y": 1452
          },
          {
            "x": 1825.0,
            "y": 1452
          },
          {
            "x": 1826.0,
            "y": 1453
          },
          {
            "x": 1826.0,
            "y": 1469.0
          },
          {
            "x": 1834.0,
            "y": 1469.0
          },
          {
            "x": 1835.0,
            "y": 1470.0
          },
          {
            "x": 1835.0,
            "y": 1487.0
          },
          {
            "x": 1843.0,
            "y": 1487.0
          },
          {
            "x": 1844.0,
            "y": 1488
          },
          {
            "x": 1844.0,
            "y": 1504
          },
          {
            "x": 1851,
            "y": 1504
          },
          {
            "x": 1852,
            "y": 1505.0
          },
          {
            "x": 1852,
            "y": 1513.0
          },
          {
            "x": 1860.0,
            "y": 1513.0
          },
          {
            "x": 1861.0,
            "y": 1514.0
          },
          {
            "x": 1861.0,
            "y": 1530.0
          },
          {
            "x": 1868.0,
            "y": 1530.0
          },
          {
            "x": 1869.0,
            "y": 1531
          },
          {
            "x": 1869.0,
            "y": 1547
          },
          {
            "x": 1877.0,
            "y": 1547
          },
          {
            "x": 1878.0,
            "y": 1548.0
          },
          {
            "x": 1878.0,
            "y": 1573
          },
          {
            "x": 1886.0,
            "y": 1573
          },
          {
            "x": 1887.0,
            "y": 1574
          },
          {
            "x": 1887.0,
            "y": 1590.0
          },
          {
            "x": 1894,
            "y": 1590.0
          },
          {
            "x": 1895,
            "y": 1591.0
          },
          {
            "x": 1895,
            "y": 1616
          },
          {
            "x": 1903.0,
            "y": 1616
          },
          {
            "x": 1904.0,
            "y": 1617
          },
          {
            "x": 1904.0,
            "y": 1633.0
          },
          {
            "x": 1912.0,
            "y": 1633.0
          },
          {
            "x": 1913.0,
            "y": 1634.0
          },
          {
            "x": 1913.0,
            "y": 1659
          },
          {
            "x": 1920.0,
            "y": 1659
          },
          {
            "x": 1921.0,
            "y": 1660
          },
          {
            "x": 1921.0,
            "y": 1676.0
          },
          {
            "x": 1929.0,
            "y": 1676.0
          },
          {
            "x": 1930.0,
            "y": 1677.0
          },
          {
            "x": 1930.0,
            "y": 1694.0
          },
          {
            "x": 1937,
            "y": 1694.0
          },
          {
            "x": 1938,
            "y": 1695
          },
          {
            "x": 1938,
            "y": 1711.0
          },
          {
            "x": 1946.0,
            "y": 1711.0
          },
          {
            "x": 1947.0,
            "y": 1712.0
          },
          {
            "x": 1947.0,
            "y": 1728.0
          },
          {
            "x": 1955.0,
            "y": 1728.0
          },
          {
            "x": 1956.0,
            "y": 1729.0
          },
          {
            "x": 1956.0,
            "y": 1745
          },
          {
            "x": 1963.0,
            "y": 1745
          },
          {
            "x": 1964.0,
            "y": 1746
          },
          {
            "x": 1964.0,
            "y": 1763.0
          },
          {
            "x": 1972.0,
            "y": 1763.0
          },
          {
            "x": 1973.0,
            "y": 1764.0
          },
          {
            "x": 1973.0,
            "y": 1780
          },
          {
            "x": 1981,
            "y": 1780
          },
          {
            "x": 1982.0,
            "y": 1781
          },
          {
            "x": 1982.0,
            "y": 1797.0
          },
          {
            "x": 1989.0,
            "y": 1797.0
          },
          {
            "x": 1990.0,
            "y": 1798.0
          },
          {
            "x": 1990.0,
            "y": 1814.0
          },
          {
            "x": 1998.0,
            "y": 1814.0
          },
          {
            "x": 1999.0,
            "y": 1815.0
          },
          {
            "x": 1999.0,
            "y": 1832
          },
          {
            "x": 2006.0,
            "y": 1832
          },
          {
            "x": 2007.0,
            "y": 1833.0
          },
          {
            "x": 2007.0,
            "y": 1849.0
          },
          {
            "x": 2015.0,
            "y": 1849.0
          },
          {
            "x": 2016.0,
            "y": 1850.0
          },
          {
            "x": 2016.0,
            "y": 1875.0
          },
          {
            "x": 2024,
            "y": 1875.0
          },
          {
            "x": 2025.0,
            "y": 1876.0
          },
          {
            "x": 2025.0,
            "y": 1883.0
          },
          {
            "x": 2032.0,
            "y": 1883.0
          },
          {
            "x": 2033.0,
            "y": 1884.0
          },
          {
            "x": 2033.0,
            "y": 1901
          },
          {
            "x": 2041.0,
            "y": 1901
          },
          {
            "x": 2042.0,
            "y": 1902
          },
          {
            "x": 2042.0,
            "y": 1909
          },
          {
            "x": 2050,
            "y": 1909
          },
          {
            "x": 2051,
            "y": 1910
          },
          {
            "x": 2051,
            "y": 1926.0
          },
          {
            "x": 2058.0,
            "y": 1926.0
          },
          {
            "x": 2059.0,
            "y": 1927.0
          },
          {
            "x": 2059.0,
            "y": 1935.0
          },
          {
            "x": 2067,
            "y": 1935.0
          },
          {
            "x": 2068,
            "y": 1936.0
          },
          {
            "x": 2068,
            "y": 1952
          },
          {
            "x": 2075.0,
            "y": 1952
          },
          {
            "x": 2076.0,
            "y": 1953
          },
          {
            "x": 2076.0,
            "y": 1970.0
          },
          {
            "x": 2084.0,
            "y": 1970.0
          },
          {
            "x": 2085.0,
            "y": 1971.0
          },
          {
            "x": 2085.0,
            "y": 1995
          },
          {
            "x": 2093,
            "y": 1995
          },
          {
            "x": 2094,
            "y": 1996.0
          },
          {
            "x": 2094,
            "y": 2013.0
          },
          {
            "x": 2101.0,
            "y": 2013.0
          },
          {
            "x": 2102.0,
            "y": 2014.0
          },
          {
            "x": 2102.0,
            "y": 2030
          },
          {
            "x": 2110,
            "y": 2030
          },
          {
            "x": 2111,
            "y": 2031
          },
          {
            "x": 2111,
            "y": 2056.0
          },
          {
            "x": 2119.0,
            "y": 2056.0
          },
          {
            "x": 2120.0,
            "y": 2057
          },
          {
            "x": 2120.0,
            "y": 2090.0
          },
          {
            "x": 2127.0,
            "y": 2090.0
          },
          {
            "x": 2128.0,
            "y": 2091.0
          },
          {
            "x": 2128.0,
            "y": 2108
          },
          {
            "x": 2136,
            "y": 2108
          },
          {
            "x": 2137,
            "y": 2109
          },
          {
            "x": 2137,
            "y": 2125
          },
          {
            "x": 2144.0,
            "y": 2125
          },
          {
            "x": 2145.0,
            "y": 2126.0
          },
          {
            "x": 2145.0,
            "y": 2151
          },
          {
            "x": 2153,
            "y": 2151
          },
          {
            "x": 2154.0,
            "y": 2152
          },
          {
            "x": 2154.0,
            "y": 2168
          },
          {
            "x": 2162.0,
            "y": 2168
          },
          {
            "x": 2163,
            "y": 2169.0
          },
          {
            "x": 2163,
            "y": 2177.0
          },
          {
            "x": 2170.0,
            "y": 2177.0
          },
          {
            "x": 2171.0,
            "y": 2178
          },
          {
            "x": 2171.0,
            "y": 2194
          },
          {
            "x": 2179,
            "y": 2194
          },
          {
            "x": 2180,
            "y": 2195
          },
          {
            "x": 2180,
            "y": 2202
          },
          {
            "x": 2188.0,
            "y": 2202
          },
          {
            "x": 2189.0,
            "y": 2203.0
          },
          {
            "x": 2189.0,
            "y": 2220
          },
          {
            "x": 2196,
            "y": 2220
          },
          {
            "x": 2197.0,
            "y": 2221
          },
          {
            "x": 2197.0,
            "y": 2237
          },
          {
            "x": 2205.0,
            "y": 2237
          },
          {
            "x": 2206,
            "y": 2238
          },
          {
            "x": 2206,
            "y": 2246.0
          },
          {
            "x": 2213.0,
            "y": 2246.0
          },
          {
            "x": 2214.0,
            "y": 2247.0
          },
          {
            "x": 2214.0,
            "y": 2271
          },
          {
            "x": 2222,
            "y": 2271
          },
          {
            "x": 2223,
            "y": 2272
          },
          {
            "x": 2223,
            "y": 2289.0
          },
          {
            "x": 2231.0,
            "y": 2289.0
          },
          {
            "x": 2232.0,
            "y": 2290.0
          },
          {
            "x": 2232.0,
            "y": 2306
          },
          {
            "x": 2239,
            "y": 2306
          },
          {
            "x": 2240.0,
            "y": 2307
          },
          {
            "x": 2240.0,
            "y": 2315
          },
          {
            "x": 2248.0,
            "y": 2315
          },
          {
            "x": 2249,
            "y": 2316
          },
          {
            "x": 2249,
            "y": 2340.0
          },
          {
            "x": 2257.0,
            "y": 2340.0
          },
          {
            "x": 2258.0,
            "y": 2341.0
          },
          {
            "x": 2258.0,
            "y": 2358
          },
          {
            "x": 2265,
            "y": 2358
          },
          {
            "x": 2266,
            "y": 2359
          },
          {
            "x": 2266,
            "y": 2375.0
          },
          {
            "x": 2274.0,
            "y": 2375.0
          },
          {
            "x": 2275.0,
            "y": 2376.0
          },
          {
            "x": 2275.0,
            "y": 2392
          },
          {
            "x": 2282,
            "y": 2392
          },
          {
            "x": 2283.0,
            "y": 2393
          },
          {
            "x": 2283.0,
            "y": 2409
          },
          {
            "x": 2291.0,
            "y": 2409
          },
          {
            "x": 2292,
            "y": 2410
          },
          {
            "x": 2292,
            "y": 2427.0
          },
          {
            "x": 2.3e3,
            "y": 2427.0
          },
          {
            "x": 2301.0,
            "y": 2428
          },
          {
            "x": 2301.0,
            "y": 2453
          },
          {
            "x": 2308,
            "y": 2453
          },
          {
            "x": 2309,
            "y": 2454.0
          },
          {
            "x": 2309,
            "y": 2470.0
          },
          {
            "x": 2317.0,
            "y": 2470.0
          },
          {
            "x": 2318.0,
            "y": 2471
          },
          {
            "x": 2318.0,
            "y": 2487
          },
          {
            "x": 2326.0,
            "y": 2487
          },
          {
            "x": 2327.0,
            "y": 2488.0
          },
          {
            "x": 2327.0,
            "y": 2504.0
          },
          {
            "x": 2334,
            "y": 2504.0
          },
          {
            "x": 2335,
            "y": 2505
          },
          {
            "x": 2335,
            "y": 2522
          },
          {
            "x": 2343.0,
            "y": 2522
          },
          {
            "x": 2344.0,
            "y": 2523
          },
          {
            "x": 2344.0,
            "y": 2539.0
          },
          {
            "x": 2351,
            "y": 2539.0
          },
          {
            "x": 2352,
            "y": 2540.0
          },
          {
            "x": 2352,
            "y": 2565
          },
          {
            "x": 2360.0,
            "y": 2565
          },
          {
            "x": 2361.0,
            "y": 2566
          },
          {
            "x": 2361.0,
            "y": 2591
          },
          {
            "x": 2369.0,
            "y": 2591
          },
          {
            "x": 2370.0,
            "y": 2592
          },
          {
            "x": 2370.0,
            "y": 2599
          },
          {
            "x": 2377,
            "y": 2599
          },
          {
            "x": 2378,
            "y": 2600
          },
          {
            "x": 2378,
            "y": 2616.0
          },
          {
            "x": 2386.0,
            "y": 2616.0
          },
          {
            "x": 2387.0,
            "y": 2617.0
          },
          {
            "x": 2387.0,
            "y": 2634
          },
          {
            "x": 2395,
            "y": 2634
          },
          {
            "x": 2396,
            "y": 2635
          },
          {
            "x": 2396,
            "y": 2651
          },
          {
            "x": 2403.0,
            "y": 2651
          },
          {
            "x": 2404.0,
            "y": 2652
          },
          {
            "x": 2404.0,
            "y": 2668.0
          },
          {
            "x": 2412.0,
            "y": 2668.0
          },
          {
            "x": 2413.0,
            "y": 2669.0
          },
          {
            "x": 2413.0,
            "y": 2685.0
          },
          {
            "x": 2420,
            "y": 2685.0
          },
          {
            "x": 2421,
            "y": 2686.0
          },
          {
            "x": 2421,
            "y": 2711.0
          },
          {
            "x": 2429.0,
            "y": 2711.0
          },
          {
            "x": 2430.0,
            "y": 2712.0
          },
          {
            "x": 2430.0,
            "y": 2729.0
          },
          {
            "x": 2438,
            "y": 2729.0
          },
          {
            "x": 2439.0,
            "y": 2730.0
          },
          {
            "x": 2439.0,
            "y": 2746.0
          },
          {
            "x": 2446.0,
            "y": 2746.0
          },
          {
            "x": 2447.0,
            "y": 2747
          },
          {
            "x": 2447.0,
            "y": 2763
          },
          {
            "x": 2455.0,
            "y": 2763
          },
          {
            "x": 2456.0,
            "y": 2764
          },
          {
            "x": 2456.0,
            "y": 2780
          },
          {
            "x": 2464,
            "y": 2780
          },
          {
            "x": 2465,
            "y": 2781.0
          },
          {
            "x": 2465,
            "y": 2798.0
          },
          {
            "x": 2472.0,
            "y": 2798.0
          },
          {
            "x": 2473.0,
            "y": 2799.0
          },
          {
            "x": 2473.0,
            "y": 2815.0
          },
          {
            "x": 2481,
            "y": 2815.0
          },
          {
            "x": 2482.0,
            "y": 2816.0
          },
          {
            "x": 2482.0,
            "y": 2841.0
          },
          {
            "x": 2489.0,
            "y": 2841.0
          },
          {
            "x": 2490.0,
            "y": 2842.0
          },
          {
            "x": 2490.0,
            "y": 2867.0
          },
          {
            "x": 2498.0,
            "y": 2867.0
          },
          {
            "x": 2499.0,
            "y": 2868.0
          },
          {
            "x": 2499.0,
            "y": 2884.0
          },
          {
            "x": 2507,
            "y": 2884.0
          },
          {
            "x": 2508,
            "y": 2885.0
          },
          {
            "x": 2508,
            "y": 2910.0
          },
          {
            "x": 2515.0,
            "y": 2910.0
          },
          {
            "x": 2516.0,
            "y": 2911.0
          },
          {
            "x": 2516.0,
            "y": 2927.0
          },
          {
            "x": 2524,
            "y": 2927.0
          },
          {
            "x": 2525.0,
            "y": 2928.0
          },
          {
            "x": 2525.0,
            "y": 2944.0
          },
          {
            "x": 2533.0,
            "y": 2944.0
          },
          {
            "x": 2534,
            "y": 2945.0
          },
          {
            "x": 2534,
            "y": 2961
          },
          {
            "x": 2541.0,
            "y": 2961
          },
          {
            "x": 2542.0,
            "y": 2962
          },
          {
            "x": 2542.0,
            "y": 2996.0
          },
          {
            "x": 2550,
            "y": 2996.0
          },
          {
            "x": 2551,
            "y": 2997.0
          },
          {
            "x": 2551,
            "y": 3013.0
          },
          {
            "x": 2558.0,
            "y": 3013.0
          },
          {
            "x": 2559.0,
            "y": 3014.0
          },
          {
            "x": 2559.0,
            "y": 3030.0
          },
          {
            "x": 2567,
            "y": 3030.0
          },
          {
            "x": 2568.0,
            "y": 3031.0
          },
          {
            "x": 2568.0,
            "y": 3048
          },
          {
            "x": 2576.0,
            "y": 3048
          },
          {
            "x": 2577,
            "y": 3049
          },
          {
            "x": 2577,
            "y": 3065
          },
          {
            "x": 2584.0,
            "y": 3065
          },
          {
            "x": 2585.0,
            "y": 3066.0
          },
          {
            "x": 2585.0,
            "y": 3082.0
          },
          {
            "x": 2593,
            "y": 3082.0
          },
          {
            "x": 2594,
            "y": 3083.0
          },
          {
            "x": 2594,
            "y": 3091
          },
          {
            "x": 2602.0,
            "y": 3091
          },
          {
            "x": 2603.0,
            "y": 3092
          },
          {
            "x": 2603.0,
            "y": 3117.0
          },
          {
            "x": 2610.0,
            "y": 3117.0
          },
          {
            "x": 2611.0,
            "y": 3118
          },
          {
            "x": 2611.0,
            "y": 3134
          },
          {
            "x": 2619,
            "y": 3134
          },
          {
            "x": 2620,
            "y": 3135
          },
          {
            "x": 2620,
            "y": 3151
          },
          {
            "x": 2627.0,
            "y": 3151
          },
          {
            "x": 2628.0,
            "y": 3152.0
          },
          {
            "x": 2628.0,
            "y": 3160.0
          },
          {
            "x": 2636,
            "y": 3160.0
          },
          {
            "x": 2637,
            "y": 3161
          },
          {
            "x": 2637,
            "y": 3177
          },
          {
            "x": 2645.0,
            "y": 3177
          },
          {
            "x": 2646.0,
            "y": 3178
          },
          {
            "x": 2646.0,
            "y": 3194
          },
          {
            "x": 2653.0,
            "y": 3194
          },
          {
            "x": 2654.0,
            "y": 3195.0
          },
          {
            "x": 2654.0,
            "y": 3212.0
          },
          {
            "x": 2662,
            "y": 3212.0
          },
          {
            "x": 2663,
            "y": 3213.0
          },
          {
            "x": 2663,
            "y": 3220
          },
          {
            "x": 2671.0,
            "y": 3220
          },
          {
            "x": 2672.0,
            "y": 3221
          },
          {
            "x": 2672.0,
            "y": 3237.0
          },
          {
            "x": 2679,
            "y": 3237.0
          },
          {
            "x": 2680,
            "y": 3238.0
          },
          {
            "x": 2680,
            "y": 3263
          },
          {
            "x": 2688.0,
            "y": 3263
          },
          {
            "x": 2689.0,
            "y": 3264
          },
          {
            "x": 2689.0,
            "y": 3281.0
          },
          {
            "x": 2696.0,
            "y": 3281.0
          },
          {
            "x": 2697.0,
            "y": 3282.0
          },
          {
            "x": 2697.0,
            "y": 3298.0
          },
          {
            "x": 2705,
            "y": 3298.0
          },
          {
            "x": 2706,
            "y": 3299.0
          },
          {
            "x": 2706,
            "y": 3315.0
          },
          {
            "x": 2714.0,
            "y": 3315.0
          },
          {
            "x": 2715.0,
            "y": 3316.0
          },
          {
            "x": 2715.0,
            "y": 3341.0
          },
          {
            "x": 2722,
            "y": 3341.0
          },
          {
            "x": 2723,
            "y": 3342.0
          },
          {
            "x": 2723,
            "y": 3358.0
          },
          {
            "x": 2731.0,
            "y": 3358.0
          },
          {
            "x": 2732.0,
            "y": 3359.0
          },
          {
            "x": 2732.0,
            "y": 3384.0
          },
          {
            "x": 2740.0,
            "y": 3384.0
          },
          {
            "x": 2741.0,
            "y": 3385.0
          },
          {
            "x": 2741.0,
            "y": 3401.0
          },
          {
            "x": 2748,
            "y": 3401.0
          },
          {
            "x": 2749,
            "y": 3402.0
          },
          {
            "x": 2749,
            "y": 3427.0
          },
          {
            "x": 2757.0,
            "y": 3427.0
          },
          {
            "x": 2758.0,
            "y": 3428.0
          },
          {
            "x": 2758.0,
            "y": 3436
          },
          {
            "x": 2765,
            "y": 3436
          },
          {
            "x": 2766,
            "y": 3437.0
          },
          {
            "x": 2766,
            "y": 3453.0
          },
          {
            "x": 2774.0,
            "y": 3453.0
          },
          {
            "x": 2775.0,
            "y": 3454.0
          },
          {
            "x": 2775.0,
            "y": 3470.0
          },
          {
            "x": 2783.0,
            "y": 3470.0
          },
          {
            "x": 2784.0,
            "y": 3471.0
          },
          {
            "x": 2784.0,
            "y": 3488
          },
          {
            "x": 2791,
            "y": 3488
          },
          {
            "x": 2792,
            "y": 3489
          },
          {
            "x": 2792,
            "y": 3505
          },
          {
            "x": 2.8e3,
            "y": 3505
          },
          {
            "x": 2801.0,
            "y": 3506
          },
          {
            "x": 2801.0,
            "y": 3522.0
          },
          {
            "x": 2809,
            "y": 3522.0
          },
          {
            "x": 2810.0,
            "y": 3523.0
          },
          {
            "x": 2810.0,
            "y": 3548
          },
          {
            "x": 2817.0,
            "y": 3548
          },
          {
            "x": 2818.0,
            "y": 3549
          },
          {
            "x": 2818.0,
            "y": 3565.0
          },
          {
            "x": 2826.0,
            "y": 3565.0
          },
          {
            "x": 2827.0,
            "y": 3566.0
          },
          {
            "x": 2827.0,
            "y": 3582.0
          },
          {
            "x": 2834,
            "y": 3582.0
          },
          {
            "x": 2835,
            "y": 3583.0
          },
          {
            "x": 2835,
            "y": 3617
          },
          {
            "x": 2843.0,
            "y": 3617
          },
          {
            "x": 2844.0,
            "y": 3618
          },
          {
            "x": 2844.0,
            "y": 3634
          },
          {
            "x": 2852,
            "y": 3634
          },
          {
            "x": 2853.0,
            "y": 3635
          },
          {
            "x": 2853.0,
            "y": 3643.0
          },
          {
            "x": 2860.0,
            "y": 3643.0
          },
          {
            "x": 2861,
            "y": 3644.0
          },
          {
            "x": 2861,
            "y": 3646
          },
          {
            "x": 5470,
            "y": 3646
          },
          {
            "x": 5470,
            "y": 0
          }
        ]
      }
    },
    {
      "annotator": {
        "email": "corporate@bex.kg",
        "full_name": "Aizada Tynchybek kyzy"
      },
      "name": "Spring field Polygon ",
      "polygon": {
        "path": [
          {
            "x": 0,
            "y": 0
          },
          {
            "x": 0,
            "y": 3646.0
          },
          {
            "x": 2458,
            "y": 3646.0
          },
          {
            "x": 2458,
            "y": 3644
          },
          {
            "x": 2459,
            "y": 3643
          },
          {
            "x": 2465,
            "y": 3643
          },
          {
            "x": 2465,
            "y": 3615.0
          },
          {
            "x": 2459,
            "y": 3615.0
          },
          {
            "x": 2458,
            "y": 3614
          },
          {
            "x": 2458,
            "y": 3594
          },
          {
            "x": 2452.0,
            "y": 3594
          },
          {
            "x": 2451,
            "y": 3593
          },
          {
            "x": 2451,
            "y": 3580.0
          },
          {
            "x": 2445.0,
            "y": 3580.0
          },
          {
            "x": 2444,
            "y": 3579
          },
          {
            "x": 2444,
            "y": 3566
          },
          {
            "x": 2438,
            "y": 3566
          },
          {
            "x": 2437.0,
            "y": 3565
          },
          {
            "x": 2437.0,
            "y": 3559
          },
          {
            "x": 2431,
            "y": 3559
          },
          {
            "x": 2430,
            "y": 3558
          },
          {
            "x": 2430,
            "y": 3544.0
          },
          {
            "x": 2424,
            "y": 3544.0
          },
          {
            "x": 2423,
            "y": 3543
          },
          {
            "x": 2423,
            "y": 3530
          },
          {
            "x": 2417.0,
            "y": 3530
          },
          {
            "x": 2416,
            "y": 3529.0
          },
          {
            "x": 2416,
            "y": 3509.0
          },
          {
            "x": 2410,
            "y": 3509.0
          },
          {
            "x": 2409.0,
            "y": 3508
          },
          {
            "x": 2409.0,
            "y": 3495
          },
          {
            "x": 2402,
            "y": 3495
          },
          {
            "x": 2401.0,
            "y": 3494
          },
          {
            "x": 2401.0,
            "y": 3480
          },
          {
            "x": 2395,
            "y": 3480
          },
          {
            "x": 2394.0,
            "y": 3479
          },
          {
            "x": 2394.0,
            "y": 3466.0
          },
          {
            "x": 2388,
            "y": 3466.0
          },
          {
            "x": 2387,
            "y": 3465
          },
          {
            "x": 2387,
            "y": 3445
          },
          {
            "x": 2381,
            "y": 3445
          },
          {
            "x": 2380,
            "y": 3444
          },
          {
            "x": 2380,
            "y": 3431
          },
          {
            "x": 2374.0,
            "y": 3431
          },
          {
            "x": 2373,
            "y": 3430.0
          },
          {
            "x": 2373,
            "y": 3416
          },
          {
            "x": 2367.0,
            "y": 3416
          },
          {
            "x": 2366.0,
            "y": 3415.0
          },
          {
            "x": 2366.0,
            "y": 3395.0
          },
          {
            "x": 2360,
            "y": 3395.0
          },
          {
            "x": 2359.0,
            "y": 3394
          },
          {
            "x": 2359.0,
            "y": 3381
          },
          {
            "x": 2353,
            "y": 3381
          },
          {
            "x": 2352,
            "y": 3380
          },
          {
            "x": 2352,
            "y": 3367.0
          },
          {
            "x": 2346.0,
            "y": 3367.0
          },
          {
            "x": 2345,
            "y": 3366
          },
          {
            "x": 2345,
            "y": 3359
          },
          {
            "x": 2338.0,
            "y": 3359
          },
          {
            "x": 2337,
            "y": 3358
          },
          {
            "x": 2337,
            "y": 3345
          },
          {
            "x": 2331.0,
            "y": 3345
          },
          {
            "x": 2330.0,
            "y": 3344.0
          },
          {
            "x": 2330.0,
            "y": 3331
          },
          {
            "x": 2324,
            "y": 3331
          },
          {
            "x": 2323.0,
            "y": 3330
          },
          {
            "x": 2323.0,
            "y": 3310
          },
          {
            "x": 2317,
            "y": 3310
          },
          {
            "x": 2316,
            "y": 3309.0
          },
          {
            "x": 2316,
            "y": 3296
          },
          {
            "x": 2310,
            "y": 3296
          },
          {
            "x": 2309,
            "y": 3295
          },
          {
            "x": 2309,
            "y": 3281.0
          },
          {
            "x": 2303.0,
            "y": 3281.0
          },
          {
            "x": 2302,
            "y": 3280
          },
          {
            "x": 2302,
            "y": 3267
          },
          {
            "x": 2296.0,
            "y": 3267
          },
          {
            "x": 2295.0,
            "y": 3266
          },
          {
            "x": 2295.0,
            "y": 3253
          },
          {
            "x": 2289,
            "y": 3253
          },
          {
            "x": 2288.0,
            "y": 3252
          },
          {
            "x": 2288.0,
            "y": 3239
          },
          {
            "x": 2282,
            "y": 3239
          },
          {
            "x": 2281,
            "y": 3238.0
          },
          {
            "x": 2281,
            "y": 3224
          },
          {
            "x": 2274,
            "y": 3224
          },
          {
            "x": 2273,
            "y": 3223
          },
          {
            "x": 2273,
            "y": 3210.0
          },
          {
            "x": 2267.0,
            "y": 3210.0
          },
          {
            "x": 2266,
            "y": 3209
          },
          {
            "x": 2266,
            "y": 3189
          },
          {
            "x": 2260.0,
            "y": 3189
          },
          {
            "x": 2259,
            "y": 3188
          },
          {
            "x": 2259,
            "y": 3175.0
          },
          {
            "x": 2253,
            "y": 3175.0
          },
          {
            "x": 2252.0,
            "y": 3174
          },
          {
            "x": 2252.0,
            "y": 3160
          },
          {
            "x": 2246,
            "y": 3160
          },
          {
            "x": 2245,
            "y": 3159.0
          },
          {
            "x": 2245,
            "y": 3146
          },
          {
            "x": 2239,
            "y": 3146
          },
          {
            "x": 2238,
            "y": 3145
          },
          {
            "x": 2238,
            "y": 3132.0
          },
          {
            "x": 2232,
            "y": 3132.0
          },
          {
            "x": 2231,
            "y": 3131
          },
          {
            "x": 2231,
            "y": 3118
          },
          {
            "x": 2225.0,
            "y": 3118
          },
          {
            "x": 2224,
            "y": 3117
          },
          {
            "x": 2224,
            "y": 3096
          },
          {
            "x": 2218,
            "y": 3096
          },
          {
            "x": 2217.0,
            "y": 3095
          },
          {
            "x": 2217.0,
            "y": 3075
          },
          {
            "x": 2210,
            "y": 3075
          },
          {
            "x": 2209.0,
            "y": 3074
          },
          {
            "x": 2209.0,
            "y": 3061.0
          },
          {
            "x": 2203,
            "y": 3061.0
          },
          {
            "x": 2202.0,
            "y": 3060
          },
          {
            "x": 2202.0,
            "y": 3054
          },
          {
            "x": 2196,
            "y": 3054
          },
          {
            "x": 2195,
            "y": 3053.0
          },
          {
            "x": 2195,
            "y": 3040
          },
          {
            "x": 2189.0,
            "y": 3040
          },
          {
            "x": 2188,
            "y": 3039
          },
          {
            "x": 2188,
            "y": 3025
          },
          {
            "x": 2182.0,
            "y": 3025
          },
          {
            "x": 2181.0,
            "y": 3024
          },
          {
            "x": 2181.0,
            "y": 3011
          },
          {
            "x": 2175,
            "y": 3011
          },
          {
            "x": 2174.0,
            "y": 3010.0
          },
          {
            "x": 2174.0,
            "y": 2997
          },
          {
            "x": 2168,
            "y": 2997
          },
          {
            "x": 2167,
            "y": 2996
          },
          {
            "x": 2167,
            "y": 2976
          },
          {
            "x": 2161,
            "y": 2976
          },
          {
            "x": 2160,
            "y": 2975.0
          },
          {
            "x": 2160,
            "y": 2961
          },
          {
            "x": 2154.0,
            "y": 2961
          },
          {
            "x": 2153,
            "y": 2960
          },
          {
            "x": 2153,
            "y": 2947.0
          },
          {
            "x": 2146.0,
            "y": 2947.0
          },
          {
            "x": 2145,
            "y": 2946
          },
          {
            "x": 2145,
            "y": 2933
          },
          {
            "x": 2139.0,
            "y": 2933
          },
          {
            "x": 2138.0,
            "y": 2932.0
          },
          {
            "x": 2138.0,
            "y": 2919
          },
          {
            "x": 2132,
            "y": 2919
          },
          {
            "x": 2131.0,
            "y": 2918
          },
          {
            "x": 2131.0,
            "y": 2905
          },
          {
            "x": 2125,
            "y": 2905
          },
          {
            "x": 2124,
            "y": 2904.0
          },
          {
            "x": 2124,
            "y": 2890
          },
          {
            "x": 2118.0,
            "y": 2890
          },
          {
            "x": 2117,
            "y": 2889
          },
          {
            "x": 2117,
            "y": 2876
          },
          {
            "x": 2111.0,
            "y": 2876
          },
          {
            "x": 2110.0,
            "y": 2875
          },
          {
            "x": 2110.0,
            "y": 2862
          },
          {
            "x": 2104,
            "y": 2862
          },
          {
            "x": 2103.0,
            "y": 2861.0
          },
          {
            "x": 2103.0,
            "y": 2848
          },
          {
            "x": 2097,
            "y": 2848
          },
          {
            "x": 2096,
            "y": 2847
          },
          {
            "x": 2096,
            "y": 2833.0
          },
          {
            "x": 2090,
            "y": 2833.0
          },
          {
            "x": 2089,
            "y": 2832
          },
          {
            "x": 2089,
            "y": 2819
          },
          {
            "x": 2083.0,
            "y": 2819
          },
          {
            "x": 2082,
            "y": 2818.0
          },
          {
            "x": 2082,
            "y": 2805
          },
          {
            "x": 2075.0,
            "y": 2805
          },
          {
            "x": 2074,
            "y": 2804
          },
          {
            "x": 2074,
            "y": 2784
          },
          {
            "x": 2068.0,
            "y": 2784
          },
          {
            "x": 2067,
            "y": 2783
          },
          {
            "x": 2067,
            "y": 2769
          },
          {
            "x": 2061,
            "y": 2769
          },
          {
            "x": 2060.0,
            "y": 2768
          },
          {
            "x": 2060.0,
            "y": 2755.0
          },
          {
            "x": 2054,
            "y": 2755.0
          },
          {
            "x": 2053,
            "y": 2754
          },
          {
            "x": 2053,
            "y": 2741
          },
          {
            "x": 2047.0,
            "y": 2741
          },
          {
            "x": 2046,
            "y": 2740.0
          },
          {
            "x": 2046,
            "y": 2720.0
          },
          {
            "x": 2040.0,
            "y": 2720.0
          },
          {
            "x": 2039.0,
            "y": 2719.0
          },
          {
            "x": 2039.0,
            "y": 2705
          },
          {
            "x": 2033.0,
            "y": 2705
          },
          {
            "x": 2032.0,
            "y": 2704.0
          },
          {
            "x": 2032.0,
            "y": 2684.0
          },
          {
            "x": 2026,
            "y": 2684.0
          },
          {
            "x": 2025.0,
            "y": 2683
          },
          {
            "x": 2025.0,
            "y": 2670
          },
          {
            "x": 2019,
            "y": 2670
          },
          {
            "x": 2018,
            "y": 2669.0
          },
          {
            "x": 2018,
            "y": 2656.0
          },
          {
            "x": 2011,
            "y": 2656.0
          },
          {
            "x": 2010,
            "y": 2655
          },
          {
            "x": 2010,
            "y": 2642
          },
          {
            "x": 2004.0,
            "y": 2642
          },
          {
            "x": 2003,
            "y": 2641.0
          },
          {
            "x": 2003,
            "y": 2634
          },
          {
            "x": 1997.0,
            "y": 2634
          },
          {
            "x": 1996.0,
            "y": 2633.0
          },
          {
            "x": 1996.0,
            "y": 2620
          },
          {
            "x": 1990.0,
            "y": 2620
          },
          {
            "x": 1989.0,
            "y": 2619
          },
          {
            "x": 1989.0,
            "y": 2599
          },
          {
            "x": 1983,
            "y": 2599
          },
          {
            "x": 1982.0,
            "y": 2598.0
          },
          {
            "x": 1982.0,
            "y": 2585
          },
          {
            "x": 1976,
            "y": 2585
          },
          {
            "x": 1975,
            "y": 2584
          },
          {
            "x": 1975,
            "y": 2570.0
          },
          {
            "x": 1969.0,
            "y": 2570.0
          },
          {
            "x": 1968,
            "y": 2569
          },
          {
            "x": 1968,
            "y": 2556
          },
          {
            "x": 1962.0,
            "y": 2556
          },
          {
            "x": 1961.0,
            "y": 2555.0
          },
          {
            "x": 1961.0,
            "y": 2542
          },
          {
            "x": 1955,
            "y": 2542
          },
          {
            "x": 1954.0,
            "y": 2541
          },
          {
            "x": 1954.0,
            "y": 2528.0
          },
          {
            "x": 1947.0,
            "y": 2528.0
          },
          {
            "x": 1946.0,
            "y": 2527.0
          },
          {
            "x": 1946.0,
            "y": 2514
          },
          {
            "x": 1940,
            "y": 2514
          },
          {
            "x": 1939.0,
            "y": 2513
          },
          {
            "x": 1939.0,
            "y": 2499.0
          },
          {
            "x": 1933.0,
            "y": 2499.0
          },
          {
            "x": 1932,
            "y": 2498
          },
          {
            "x": 1932,
            "y": 2485
          },
          {
            "x": 1926.0,
            "y": 2485
          },
          {
            "x": 1925,
            "y": 2484.0
          },
          {
            "x": 1925,
            "y": 2471
          },
          {
            "x": 1919.0,
            "y": 2471
          },
          {
            "x": 1918.0,
            "y": 2470
          },
          {
            "x": 1918.0,
            "y": 2457.0
          },
          {
            "x": 1912,
            "y": 2457.0
          },
          {
            "x": 1911.0,
            "y": 2456.0
          },
          {
            "x": 1911.0,
            "y": 2435
          },
          {
            "x": 1905,
            "y": 2435
          },
          {
            "x": 1904,
            "y": 2434
          },
          {
            "x": 1904,
            "y": 2421.0
          },
          {
            "x": 1898.0,
            "y": 2421.0
          },
          {
            "x": 1897,
            "y": 2420
          },
          {
            "x": 1897,
            "y": 2407
          },
          {
            "x": 1891.0,
            "y": 2407
          },
          {
            "x": 1890.0,
            "y": 2406
          },
          {
            "x": 1890.0,
            "y": 2393
          },
          {
            "x": 1883.0,
            "y": 2393
          },
          {
            "x": 1882.0,
            "y": 2392
          },
          {
            "x": 1882.0,
            "y": 2371.0
          },
          {
            "x": 1876.0,
            "y": 2371.0
          },
          {
            "x": 1875.0,
            "y": 2370.0
          },
          {
            "x": 1875.0,
            "y": 2357
          },
          {
            "x": 1869,
            "y": 2357
          },
          {
            "x": 1868.0,
            "y": 2356
          },
          {
            "x": 1868.0,
            "y": 2343.0
          },
          {
            "x": 1862,
            "y": 2343.0
          },
          {
            "x": 1861,
            "y": 2342.0
          },
          {
            "x": 1861,
            "y": 2329
          },
          {
            "x": 1855.0,
            "y": 2329
          },
          {
            "x": 1854,
            "y": 2328
          },
          {
            "x": 1854,
            "y": 2315.0
          },
          {
            "x": 1848.0,
            "y": 2315.0
          },
          {
            "x": 1847.0,
            "y": 2314
          },
          {
            "x": 1847.0,
            "y": 2.3e3
          },
          {
            "x": 1841.0,
            "y": 2.3e3
          },
          {
            "x": 1840.0,
            "y": 2299.0
          },
          {
            "x": 1840.0,
            "y": 2286
          },
          {
            "x": 1834,
            "y": 2286
          },
          {
            "x": 1833.0,
            "y": 2285
          },
          {
            "x": 1833.0,
            "y": 2272.0
          },
          {
            "x": 1827.0,
            "y": 2272.0
          },
          {
            "x": 1826,
            "y": 2271.0
          },
          {
            "x": 1826,
            "y": 2251
          },
          {
            "x": 1819.0,
            "y": 2251
          },
          {
            "x": 1818,
            "y": 2250
          },
          {
            "x": 1818,
            "y": 2236.0
          },
          {
            "x": 1812.0,
            "y": 2236.0
          },
          {
            "x": 1811,
            "y": 2235
          },
          {
            "x": 1811,
            "y": 2222
          },
          {
            "x": 1805.0,
            "y": 2222
          },
          {
            "x": 1804.0,
            "y": 2221.0
          },
          {
            "x": 1804.0,
            "y": 2201.0
          },
          {
            "x": 1798,
            "y": 2201.0
          },
          {
            "x": 1797.0,
            "y": 2200
          },
          {
            "x": 1797.0,
            "y": 2187
          },
          {
            "x": 1791,
            "y": 2187
          },
          {
            "x": 1790.0,
            "y": 2186
          },
          {
            "x": 1790.0,
            "y": 2172
          },
          {
            "x": 1784.0,
            "y": 2172
          },
          {
            "x": 1783,
            "y": 2171
          },
          {
            "x": 1783,
            "y": 2158.0
          },
          {
            "x": 1777.0,
            "y": 2158.0
          },
          {
            "x": 1776.0,
            "y": 2157
          },
          {
            "x": 1776.0,
            "y": 2144
          },
          {
            "x": 1770.0,
            "y": 2144
          },
          {
            "x": 1769.0,
            "y": 2143.0
          },
          {
            "x": 1769.0,
            "y": 2130.0
          },
          {
            "x": 1763,
            "y": 2130.0
          },
          {
            "x": 1762.0,
            "y": 2129
          },
          {
            "x": 1762.0,
            "y": 2115.0
          },
          {
            "x": 1756,
            "y": 2115.0
          },
          {
            "x": 1755,
            "y": 2114.0
          },
          {
            "x": 1755,
            "y": 2101
          },
          {
            "x": 1748,
            "y": 2101
          },
          {
            "x": 1747,
            "y": 2100
          },
          {
            "x": 1747,
            "y": 2080.0
          },
          {
            "x": 1741.0,
            "y": 2080.0
          },
          {
            "x": 1740,
            "y": 2079.0
          },
          {
            "x": 1740,
            "y": 2066
          },
          {
            "x": 1734.0,
            "y": 2066
          },
          {
            "x": 1733.0,
            "y": 2065
          },
          {
            "x": 1733.0,
            "y": 2051.0
          },
          {
            "x": 1727.0,
            "y": 2051.0
          },
          {
            "x": 1726.0,
            "y": 2050
          },
          {
            "x": 1726.0,
            "y": 2037.0
          },
          {
            "x": 1720,
            "y": 2037.0
          },
          {
            "x": 1719.0,
            "y": 2036.0
          },
          {
            "x": 1719.0,
            "y": 2023
          },
          {
            "x": 1713.0,
            "y": 2023
          },
          {
            "x": 1712,
            "y": 2022
          },
          {
            "x": 1712,
            "y": 2009.0
          },
          {
            "x": 1706.0,
            "y": 2009.0
          },
          {
            "x": 1705,
            "y": 2008.0
          },
          {
            "x": 1705,
            "y": 1995
          },
          {
            "x": 1699.0,
            "y": 1995
          },
          {
            "x": 1698.0,
            "y": 1994.0
          },
          {
            "x": 1698.0,
            "y": 1980.0
          },
          {
            "x": 1692,
            "y": 1980.0
          },
          {
            "x": 1691.0,
            "y": 1979
          },
          {
            "x": 1691.0,
            "y": 1966.0
          },
          {
            "x": 1684.0,
            "y": 1966.0
          },
          {
            "x": 1683.0,
            "y": 1965.0
          },
          {
            "x": 1683.0,
            "y": 1952
          },
          {
            "x": 1677,
            "y": 1952
          },
          {
            "x": 1676.0,
            "y": 1951.0
          },
          {
            "x": 1676.0,
            "y": 1938.0
          },
          {
            "x": 1670.0,
            "y": 1938.0
          },
          {
            "x": 1669,
            "y": 1937.0
          },
          {
            "x": 1669,
            "y": 1916
          },
          {
            "x": 1663.0,
            "y": 1916
          },
          {
            "x": 1662.0,
            "y": 1915.0
          },
          {
            "x": 1662.0,
            "y": 1902.0
          },
          {
            "x": 1656.0,
            "y": 1902.0
          },
          {
            "x": 1655.0,
            "y": 1901
          },
          {
            "x": 1655.0,
            "y": 1888.0
          },
          {
            "x": 1649,
            "y": 1888.0
          },
          {
            "x": 1648.0,
            "y": 1887.0
          },
          {
            "x": 1648.0,
            "y": 1867.0
          },
          {
            "x": 1642,
            "y": 1867.0
          },
          {
            "x": 1641,
            "y": 1866
          },
          {
            "x": 1641,
            "y": 1852.0
          },
          {
            "x": 1635.0,
            "y": 1852.0
          },
          {
            "x": 1634,
            "y": 1851.0
          },
          {
            "x": 1634,
            "y": 1831.0
          },
          {
            "x": 1628.0,
            "y": 1831.0
          },
          {
            "x": 1627.0,
            "y": 1830
          },
          {
            "x": 1627.0,
            "y": 1817
          },
          {
            "x": 1620.0,
            "y": 1817
          },
          {
            "x": 1619.0,
            "y": 1816
          },
          {
            "x": 1619.0,
            "y": 1810
          },
          {
            "x": 1613.0,
            "y": 1810
          },
          {
            "x": 1612.0,
            "y": 1809
          },
          {
            "x": 1612.0,
            "y": 1796
          },
          {
            "x": 1606,
            "y": 1796
          },
          {
            "x": 1605.0,
            "y": 1795
          },
          {
            "x": 1605.0,
            "y": 1781
          },
          {
            "x": 1599,
            "y": 1781
          },
          {
            "x": 1598,
            "y": 1780.0
          },
          {
            "x": 1598,
            "y": 1767
          },
          {
            "x": 1592.0,
            "y": 1767
          },
          {
            "x": 1591,
            "y": 1766.0
          },
          {
            "x": 1591,
            "y": 1753
          },
          {
            "x": 1585.0,
            "y": 1753
          },
          {
            "x": 1584.0,
            "y": 1752
          },
          {
            "x": 1584.0,
            "y": 1739.0
          },
          {
            "x": 1578,
            "y": 1739.0
          },
          {
            "x": 1577.0,
            "y": 1738
          },
          {
            "x": 1577.0,
            "y": 1724
          },
          {
            "x": 1571,
            "y": 1724
          },
          {
            "x": 1570.0,
            "y": 1723.0
          },
          {
            "x": 1570.0,
            "y": 1710
          },
          {
            "x": 1564.0,
            "y": 1710
          },
          {
            "x": 1563,
            "y": 1709
          },
          {
            "x": 1563,
            "y": 1696
          },
          {
            "x": 1556.0,
            "y": 1696
          },
          {
            "x": 1555,
            "y": 1695
          },
          {
            "x": 1555,
            "y": 1682.0
          },
          {
            "x": 1549.0,
            "y": 1682.0
          },
          {
            "x": 1548,
            "y": 1681
          },
          {
            "x": 1548,
            "y": 1668.0
          },
          {
            "x": 1542.0,
            "y": 1668.0
          },
          {
            "x": 1541.0,
            "y": 1667
          },
          {
            "x": 1541.0,
            "y": 1660.0
          },
          {
            "x": 1535,
            "y": 1660.0
          },
          {
            "x": 1534.0,
            "y": 1659
          },
          {
            "x": 1534.0,
            "y": 1646
          },
          {
            "x": 1528,
            "y": 1646
          },
          {
            "x": 1527,
            "y": 1645
          },
          {
            "x": 1527,
            "y": 1632
          },
          {
            "x": 1521.0,
            "y": 1632
          },
          {
            "x": 1520,
            "y": 1631.0
          },
          {
            "x": 1520,
            "y": 1618
          },
          {
            "x": 1514.0,
            "y": 1618
          },
          {
            "x": 1513.0,
            "y": 1617.0
          },
          {
            "x": 1513.0,
            "y": 1604
          },
          {
            "x": 1507.0,
            "y": 1604
          },
          {
            "x": 1506.0,
            "y": 1603.0
          },
          {
            "x": 1506.0,
            "y": 1589
          },
          {
            "x": 1500,
            "y": 1589
          },
          {
            "x": 1499.0,
            "y": 1588
          },
          {
            "x": 1499.0,
            "y": 1568.0
          },
          {
            "x": 1492,
            "y": 1568.0
          },
          {
            "x": 1491.0,
            "y": 1567
          },
          {
            "x": 1491.0,
            "y": 1554.0
          },
          {
            "x": 1485,
            "y": 1554.0
          },
          {
            "x": 1484,
            "y": 1553
          },
          {
            "x": 1484,
            "y": 1540
          },
          {
            "x": 1478.0,
            "y": 1540
          },
          {
            "x": 1477,
            "y": 1539
          },
          {
            "x": 1477,
            "y": 1525
          },
          {
            "x": 1471.0,
            "y": 1525
          },
          {
            "x": 1470.0,
            "y": 1524
          },
          {
            "x": 1470.0,
            "y": 1511.0
          },
          {
            "x": 1464.0,
            "y": 1511.0
          },
          {
            "x": 1463.0,
            "y": 1510
          },
          {
            "x": 1463.0,
            "y": 1490
          },
          {
            "x": 1457,
            "y": 1490
          },
          {
            "x": 1456.0,
            "y": 1489
          },
          {
            "x": 1456.0,
            "y": 1483
          },
          {
            "x": 1450.0,
            "y": 1483
          },
          {
            "x": 1449,
            "y": 1482
          },
          {
            "x": 1449,
            "y": 1469
          },
          {
            "x": 1443.0,
            "y": 1469
          },
          {
            "x": 1442.0,
            "y": 1468.0
          },
          {
            "x": 1442.0,
            "y": 1454.0
          },
          {
            "x": 1436.0,
            "y": 1454.0
          },
          {
            "x": 1435.0,
            "y": 1453
          },
          {
            "x": 1435.0,
            "y": 1440
          },
          {
            "x": 1429,
            "y": 1440
          },
          {
            "x": 1428.0,
            "y": 1439
          },
          {
            "x": 1428.0,
            "y": 1433
          },
          {
            "x": 1421,
            "y": 1433
          },
          {
            "x": 1420.0,
            "y": 1432
          },
          {
            "x": 1420.0,
            "y": 1426
          },
          {
            "x": 1414,
            "y": 1426
          },
          {
            "x": 1413.0,
            "y": 1425
          },
          {
            "x": 1413.0,
            "y": 1419
          },
          {
            "x": 1407.0,
            "y": 1419
          },
          {
            "x": 1406,
            "y": 1418
          },
          {
            "x": 1406,
            "y": 1412
          },
          {
            "x": 1.4e3,
            "y": 1412
          },
          {
            "x": 1399.0,
            "y": 1411.0
          },
          {
            "x": 1399.0,
            "y": 1405.0
          },
          {
            "x": 1393.0,
            "y": 1405.0
          },
          {
            "x": 1392.0,
            "y": 1404
          },
          {
            "x": 1392.0,
            "y": 1362
          },
          {
            "x": 1386,
            "y": 1362
          },
          {
            "x": 1385.0,
            "y": 1361
          },
          {
            "x": 1385.0,
            "y": 1333
          },
          {
            "x": 1379,
            "y": 1333
          },
          {
            "x": 1378,
            "y": 1332
          },
          {
            "x": 1378,
            "y": 1319
          },
          {
            "x": 1372.0,
            "y": 1319
          },
          {
            "x": 1371,
            "y": 1318
          },
          {
            "x": 1371,
            "y": 1305.0
          },
          {
            "x": 1365.0,
            "y": 1305.0
          },
          {
            "x": 1364.0,
            "y": 1304
          },
          {
            "x": 1364.0,
            "y": 1277
          },
          {
            "x": 1357.0,
            "y": 1277
          },
          {
            "x": 1356.0,
            "y": 1276
          },
          {
            "x": 1356.0,
            "y": 1248.0
          },
          {
            "x": 1350.0,
            "y": 1248.0
          },
          {
            "x": 1349.0,
            "y": 1247
          },
          {
            "x": 1349.0,
            "y": 1227
          },
          {
            "x": 1343,
            "y": 1227
          },
          {
            "x": 1342.0,
            "y": 1226.0
          },
          {
            "x": 1342.0,
            "y": 1213
          },
          {
            "x": 1336.0,
            "y": 1213
          },
          {
            "x": 1335,
            "y": 1212
          },
          {
            "x": 1335,
            "y": 1191.0
          },
          {
            "x": 1329.0,
            "y": 1191.0
          },
          {
            "x": 1328,
            "y": 1190
          },
          {
            "x": 1328,
            "y": 1177.0
          },
          {
            "x": 1322.0,
            "y": 1177.0
          },
          {
            "x": 1321.0,
            "y": 1176
          },
          {
            "x": 1321.0,
            "y": 1163
          },
          {
            "x": 1315,
            "y": 1163
          },
          {
            "x": 1314.0,
            "y": 1162
          },
          {
            "x": 1314.0,
            "y": 1156.0
          },
          {
            "x": 1308,
            "y": 1156.0
          },
          {
            "x": 1307.0,
            "y": 1155
          },
          {
            "x": 1307.0,
            "y": 1142.0
          },
          {
            "x": 1301.0,
            "y": 1142.0
          },
          {
            "x": 1300,
            "y": 1141
          },
          {
            "x": 1300,
            "y": 1120.0
          },
          {
            "x": 1293.0,
            "y": 1120.0
          },
          {
            "x": 1292,
            "y": 1119
          },
          {
            "x": 1292,
            "y": 1106.0
          },
          {
            "x": 1286.0,
            "y": 1106.0
          },
          {
            "x": 1285.0,
            "y": 1105
          },
          {
            "x": 1285.0,
            "y": 1085.0
          },
          {
            "x": 1279.0,
            "y": 1085.0
          },
          {
            "x": 1278.0,
            "y": 1084
          },
          {
            "x": 1278.0,
            "y": 1070
          },
          {
            "x": 1272,
            "y": 1070
          },
          {
            "x": 1271.0,
            "y": 1069.0
          },
          {
            "x": 1271.0,
            "y": 1049
          },
          {
            "x": 1265,
            "y": 1049
          },
          {
            "x": 1264,
            "y": 1048
          },
          {
            "x": 1264,
            "y": 1028.0
          },
          {
            "x": 1258.0,
            "y": 1028.0
          },
          {
            "x": 1257,
            "y": 1027
          },
          {
            "x": 1257,
            "y": 1014.0
          },
          {
            "x": 1251.0,
            "y": 1014.0
          },
          {
            "x": 1250.0,
            "y": 1013
          },
          {
            "x": 1250.0,
            "y": 999.0
          },
          {
            "x": 1244.0,
            "y": 999.0
          },
          {
            "x": 1243.0,
            "y": 998.0
          },
          {
            "x": 1243.0,
            "y": 978
          },
          {
            "x": 1237,
            "y": 978
          },
          {
            "x": 1236.0,
            "y": 977.0
          },
          {
            "x": 1236.0,
            "y": 957.0
          },
          {
            "x": 1229,
            "y": 957.0
          },
          {
            "x": 1228.0,
            "y": 956
          },
          {
            "x": 1228.0,
            "y": 935
          },
          {
            "x": 1222,
            "y": 935
          },
          {
            "x": 1221,
            "y": 934.0
          },
          {
            "x": 1221,
            "y": 914.0
          },
          {
            "x": 1215.0,
            "y": 914.0
          },
          {
            "x": 1214,
            "y": 913
          },
          {
            "x": 1214,
            "y": 900.0
          },
          {
            "x": 1208.0,
            "y": 900.0
          },
          {
            "x": 1207.0,
            "y": 899
          },
          {
            "x": 1207.0,
            "y": 879.0
          },
          {
            "x": 1201,
            "y": 879.0
          },
          {
            "x": 1.2e3,
            "y": 878
          },
          {
            "x": 1.2e3,
            "y": 857.0
          },
          {
            "x": 1194,
            "y": 857.0
          },
          {
            "x": 1193.0,
            "y": 856
          },
          {
            "x": 1193.0,
            "y": 843.0
          },
          {
            "x": 1187.0,
            "y": 843.0
          },
          {
            "x": 1186,
            "y": 842.0
          },
          {
            "x": 1186,
            "y": 822.0
          },
          {
            "x": 1180.0,
            "y": 822.0
          },
          {
            "x": 1179.0,
            "y": 821
          },
          {
            "x": 1179.0,
            "y": 800.0
          },
          {
            "x": 1173.0,
            "y": 800.0
          },
          {
            "x": 1172.0,
            "y": 799
          },
          {
            "x": 1172.0,
            "y": 779.0
          },
          {
            "x": 1165.0,
            "y": 779.0
          },
          {
            "x": 1164.0,
            "y": 778.0
          },
          {
            "x": 1164.0,
            "y": 765.0
          },
          {
            "x": 1158,
            "y": 765.0
          },
          {
            "x": 1157.0,
            "y": 764
          },
          {
            "x": 1157.0,
            "y": 751.0
          },
          {
            "x": 1151,
            "y": 751.0
          },
          {
            "x": 1150,
            "y": 750
          },
          {
            "x": 1150,
            "y": 736
          },
          {
            "x": 1144.0,
            "y": 736
          },
          {
            "x": 1143,
            "y": 735.0
          },
          {
            "x": 1143,
            "y": 715
          },
          {
            "x": 1137.0,
            "y": 715
          },
          {
            "x": 1136.0,
            "y": 714.0
          },
          {
            "x": 1136.0,
            "y": 701
          },
          {
            "x": 1130.0,
            "y": 701
          },
          {
            "x": 1129.0,
            "y": 700.0
          },
          {
            "x": 1129.0,
            "y": 687
          },
          {
            "x": 1123,
            "y": 687
          },
          {
            "x": 1122.0,
            "y": 686.0
          },
          {
            "x": 1122.0,
            "y": 665.0
          },
          {
            "x": 1116,
            "y": 665.0
          },
          {
            "x": 1115,
            "y": 664
          },
          {
            "x": 1115,
            "y": 651.0
          },
          {
            "x": 1109.0,
            "y": 651.0
          },
          {
            "x": 1108,
            "y": 650
          },
          {
            "x": 1108,
            "y": 630
          },
          {
            "x": 1101.0,
            "y": 630
          },
          {
            "x": 1100,
            "y": 629.0
          },
          {
            "x": 1100,
            "y": 616.0
          },
          {
            "x": 1094.0,
            "y": 616.0
          },
          {
            "x": 1093.0,
            "y": 615.0
          },
          {
            "x": 1093.0,
            "y": 601
          },
          {
            "x": 1087.0,
            "y": 601
          },
          {
            "x": 1086.0,
            "y": 600.0
          },
          {
            "x": 1086.0,
            "y": 587
          },
          {
            "x": 1080,
            "y": 587
          },
          {
            "x": 1079.0,
            "y": 586.0
          },
          {
            "x": 1079.0,
            "y": 566.0
          },
          {
            "x": 1073.0,
            "y": 566.0
          },
          {
            "x": 1072,
            "y": 565.0
          },
          {
            "x": 1072,
            "y": 552
          },
          {
            "x": 1066.0,
            "y": 552
          },
          {
            "x": 1065.0,
            "y": 551.0
          },
          {
            "x": 1065.0,
            "y": 530
          },
          {
            "x": 1059.0,
            "y": 530
          },
          {
            "x": 1058.0,
            "y": 529.0
          },
          {
            "x": 1058.0,
            "y": 516.0
          },
          {
            "x": 1052,
            "y": 516.0
          },
          {
            "x": 1051.0,
            "y": 515.0
          },
          {
            "x": 1051.0,
            "y": 502.0
          },
          {
            "x": 1045,
            "y": 502.0
          },
          {
            "x": 1044,
            "y": 501.0
          },
          {
            "x": 1044,
            "y": 495.0
          },
          {
            "x": 1038.0,
            "y": 495.0
          },
          {
            "x": 1037,
            "y": 494.0
          },
          {
            "x": 1037,
            "y": 473.0
          },
          {
            "x": 1030.0,
            "y": 473.0
          },
          {
            "x": 1029,
            "y": 472.0
          },
          {
            "x": 1029,
            "y": 459.0
          },
          {
            "x": 1023.0,
            "y": 459.0
          },
          {
            "x": 1022.0,
            "y": 458.0
          },
          {
            "x": 1022.0,
            "y": 438
          },
          {
            "x": 1016.0,
            "y": 438
          },
          {
            "x": 1015.0,
            "y": 437.0
          },
          {
            "x": 1015.0,
            "y": 424
          },
          {
            "x": 1009,
            "y": 424
          },
          {
            "x": 1008.0,
            "y": 423
          },
          {
            "x": 1008.0,
            "y": 409.0
          },
          {
            "x": 1002.0,
            "y": 409.0
          },
          {
            "x": 1001.0,
            "y": 408.0
          },
          {
            "x": 1001.0,
            "y": 381
          },
          {
            "x": 995.0,
            "y": 381
          },
          {
            "x": 994.0,
            "y": 380
          },
          {
            "x": 994.0,
            "y": 367.0
          },
          {
            "x": 988.0,
            "y": 367.0
          },
          {
            "x": 987.0,
            "y": 366.0
          },
          {
            "x": 987.0,
            "y": 352.0
          },
          {
            "x": 981.0,
            "y": 352.0
          },
          {
            "x": 980.0,
            "y": 351.0
          },
          {
            "x": 980.0,
            "y": 331
          },
          {
            "x": 974,
            "y": 331
          },
          {
            "x": 973.0,
            "y": 330
          },
          {
            "x": 973.0,
            "y": 317
          },
          {
            "x": 966,
            "y": 317
          },
          {
            "x": 965.0,
            "y": 316
          },
          {
            "x": 965.0,
            "y": 296.0
          },
          {
            "x": 959.0,
            "y": 296.0
          },
          {
            "x": 958,
            "y": 295.0
          },
          {
            "x": 958,
            "y": 281.0
          },
          {
            "x": 952.0,
            "y": 281.0
          },
          {
            "x": 951.0,
            "y": 280.0
          },
          {
            "x": 951.0,
            "y": 260
          },
          {
            "x": 945.0,
            "y": 260
          },
          {
            "x": 944.0,
            "y": 259.0
          },
          {
            "x": 944.0,
            "y": 239.0
          },
          {
            "x": 938.0,
            "y": 239.0
          },
          {
            "x": 937.0,
            "y": 238.0
          },
          {
            "x": 937.0,
            "y": 225.0
          },
          {
            "x": 931,
            "y": 225.0
          },
          {
            "x": 930.0,
            "y": 224.0
          },
          {
            "x": 930.0,
            "y": 210.0
          },
          {
            "x": 924.0,
            "y": 210.0
          },
          {
            "x": 923,
            "y": 209.0
          },
          {
            "x": 923,
            "y": 196.0
          },
          {
            "x": 917.0,
            "y": 196.0
          },
          {
            "x": 916.0,
            "y": 195.0
          },
          {
            "x": 916.0,
            "y": 182.0
          },
          {
            "x": 910.0,
            "y": 182.0
          },
          {
            "x": 909.0,
            "y": 181.0
          },
          {
            "x": 909.0,
            "y": 168.0
          },
          {
            "x": 902.0,
            "y": 168.0
          },
          {
            "x": 901.0,
            "y": 167.0
          },
          {
            "x": 901.0,
            "y": 153.0
          },
          {
            "x": 895.0,
            "y": 153.0
          },
          {
            "x": 894.0,
            "y": 152.0
          },
          {
            "x": 894.0,
            "y": 139.0
          },
          {
            "x": 888.0,
            "y": 139.0
          },
          {
            "x": 887.0,
            "y": 138.0
          },
          {
            "x": 887.0,
            "y": 118.0
          },
          {
            "x": 881.0,
            "y": 118.0
          },
          {
            "x": 880,
            "y": 117.0
          },
          {
            "x": 880,
            "y": 104.0
          },
          {
            "x": 874.0,
            "y": 104.0
          },
          {
            "x": 873.0,
            "y": 103.0
          },
          {
            "x": 873.0,
            "y": 82.0
          },
          {
            "x": 867.0,
            "y": 82.0
          },
          {
            "x": 866.0,
            "y": 81.0
          },
          {
            "x": 866.0,
            "y": 68.0
          },
          {
            "x": 860,
            "y": 68.0
          },
          {
            "x": 859.0,
            "y": 67.0
          },
          {
            "x": 859.0,
            "y": 54
          },
          {
            "x": 853.0,
            "y": 54
          },
          {
            "x": 852,
            "y": 53
          },
          {
            "x": 852,
            "y": 40.0
          },
          {
            "x": 846.0,
            "y": 40.0
          },
          {
            "x": 845.0,
            "y": 39.0
          },
          {
            "x": 845.0,
            "y": 25.0
          },
          {
            "x": 838.0,
            "y": 25.0
          },
          {
            "x": 837.0,
            "y": 24.0
          },
          {
            "x": 837.0,
            "y": 11.0
          },
          {
            "x": 824.0,
            "y": 11.0
          },
          {
            "x": 823.0,
            "y": 10.0
          },
          {
            "x": 823.0,
            "y": 4.0
          },
          {
            "x": 803.0,
            "y": 4.0
          },
          {
            "x": 802.0,
            "y": 3.0
          },
          {
            "x": 802.0,
            "y": 0
          }
        ]
      }
    },
    {
      "annotator": {
        "email": "corporate@bex.kg",
        "full_name": "Aizada Tynchybek kyzy"
      },
      "name": "Road ",
      "polygon": {
        "path": [
          {
            "x": 849.79,
            "y": 2.49
          },
          {
            "x": 1176.74,
            "y": 3.5
          },
          {
            "x": 1557.66,
            "y": 904.0
          },
          {
            "x": 1928.1,
            "y": 1693.36
          },
          {
            "x": 2320.46,
            "y": 2502.45
          },
          {
            "x": 2731.73,
            "y": 3328.34
          },
          {
            "x": 2881.92,
            "y": 3644.66
          },
          {
            "x": 2480.7,
            "y": 3647.19
          },
          {
            "x": 2105.97,
            "y": 2840.96
          },
          {
            "x": 1667.25,
            "y": 1895.25
          },
          {
            "x": 1277.75,
            "y": 1026
          }
        ]
      }
    }
  ]
}