{
  "image": {
    "width": 5472,
    "height": 3648,
    "filename": "00000070.JPG",
    "original_filename": "EP-00-00012_0119_0027.JPG",
    "url": "https://darwin.v7labs.com/api/images/1221671/original?token=43ffe058-ebd2-4afa-8955-89cf45e925a6",
    "thumbnail_url": "https://darwin.v7labs.com/api/images/1221671/thumbnail?token=43ffe058-ebd2-4afa-8955-89cf45e925a6",
    "workview_url": "https://darwin.v7labs.com/workview?dataset=1190&image=70"
  },
  "dataset": "Mapping_1",
  "annotated": true,
  "annotations": [
    {
      "annotator": {
        "email": "order@bex.kg",
        "full_name": "Zhaparova  Nurzhan"
      },
      "bounding_box": {
        "h": 114.48,
        "w": 288.05,
        "x": 1898.15,
        "y": 1553.83
      },
      "name": "Vehicle "
    },
    {
      "annotator": {
        "email": "order@bex.kg",
        "full_name": "Zhaparova  Nurzhan"
      },
      "bounding_box": {
        "h": 81.24,
        "w": 206.8,
        "x": 2068.03,
        "y": 1243.62
      },
      "name": "Vehicle "
    },
    {
      "annotator": {
        "email": "order@bex.kg",
        "full_name": "Zhaparova  Nurzhan"
      },
      "bounding_box": {
        "h": 89.72,
        "w": 205.61,
        "x": 3277.57,
        "y": 493.45
      },
      "name": "Vehicle "
    },
    {
      "annotator": {
        "email": "order@bex.kg",
        "full_name": "Zhaparova  Nurzhan"
      },
      "bounding_box": {
        "h": 85.98,
        "w": 220.56,
        "x": 3673.83,
        "y": 512.15
      },
      "name": "Vehicle "
    },
    {
      "annotator": {
        "email": "order@bex.kg",
        "full_name": "Zhaparova  Nurzhan"
      },
      "name": "Building Polygon",
      "polygon": {
        "path": [
          {
            "x": 2689.18,
            "y": 1408.53
          },
          {
            "x": 2477.25,
            "y": 1371.44
          },
          {
            "x": 2344.8,
            "y": 1922.45
          },
          {
            "x": 2169.96,
            "y": 1895.96
          },
          {
            "x": 2026.91,
            "y": 2446.97
          },
          {
            "x": 2222.94,
            "y": 2484.05
          },
          {
            "x": 2169.96,
            "y": 2775.45
          },
          {
            "x": 3293.16,
            "y": 3040.36
          },
          {
            "x": 3552.77,
            "y": 1551.58
          },
          {
            "x": 3346.14,
            "y": 1514.49
          },
          {
            "x": 3409.72,
            "y": 1101.24
          },
          {
            "x": 3309.06,
            "y": 1080.05
          },
          {
            "x": 3293.16,
            "y": 974.08
          },
          {
            "x": 2800.44,
            "y": 899.91
          }
        ]
      }
    },
    {
      "annotator": {
        "email": "order@bex.kg",
        "full_name": "Zhaparova  Nurzhan"
      },
      "name": "Building Polygon",
      "polygon": {
        "path": [
          {
            "x": 4056.35,
            "y": 1017.98
          },
          {
            "x": 4056.35,
            "y": 1106.29
          },
          {
            "x": 4005.89,
            "y": 1213.51
          },
          {
            "x": 3974.35,
            "y": 2361.44
          },
          {
            "x": 3879.74,
            "y": 2361.44
          },
          {
            "x": 3860.82,
            "y": 2720.96
          },
          {
            "x": 3955.43,
            "y": 2733.57
          },
          {
            "x": 3961.74,
            "y": 3017.4
          },
          {
            "x": 4010.69,
            "y": 3106.13
          },
          {
            "x": 5221.96,
            "y": 3194.76
          },
          {
            "x": 5214.58,
            "y": 2566.97
          },
          {
            "x": 5185.03,
            "y": 1148.89
          },
          {
            "x": 5135.44,
            "y": 1133.07
          },
          {
            "x": 5135.44,
            "y": 1043.38
          }
        ]
      }
    },
    {
      "annotator": {
        "email": "order@bex.kg",
        "full_name": "Zhaparova  Nurzhan"
      },
      "name": "Road ",
      "polygon": {
        "path": [
          {
            "x": 2080.88,
            "y": 2.33
          },
          {
            "x": 1992.96,
            "y": 151.81
          },
          {
            "x": 1869.86,
            "y": 380.42
          },
          {
            "x": 1746.76,
            "y": 609.03
          },
          {
            "x": 1606.08,
            "y": 846.43
          },
          {
            "x": 1447.81,
            "y": 1119.0
          },
          {
            "x": 1289.19,
            "y": 1431.05
          },
          {
            "x": 1166.45,
            "y": 1681.73
          },
          {
            "x": 1008.18,
            "y": 1980.68
          },
          {
            "x": 849.91,
            "y": 2314.8
          },
          {
            "x": 718.03,
            "y": 2552.2
          },
          {
            "x": 586.14,
            "y": 2859.94
          },
          {
            "x": 498.21,
            "y": 3062.17
          },
          {
            "x": 454.25,
            "y": 3044.58
          },
          {
            "x": 419.08,
            "y": 3079.75
          },
          {
            "x": 419.08,
            "y": 3141.3
          },
          {
            "x": 427.87,
            "y": 3176.47
          },
          {
            "x": 216.85,
            "y": 3651.28
          },
          {
            "x": 770.78,
            "y": 3651.28
          },
          {
            "x": 849.91,
            "y": 3484.22
          },
          {
            "x": 937.84,
            "y": 3264.4
          },
          {
            "x": 1043.35,
            "y": 3062.17
          },
          {
            "x": 1175.24,
            "y": 2859.94
          },
          {
            "x": 1298.34,
            "y": 2618.59
          },
          {
            "x": 1447.81,
            "y": 2385.14
          },
          {
            "x": 1597.29,
            "y": 2147.74
          },
          {
            "x": 1676.42,
            "y": 1963.09
          },
          {
            "x": 1913.82,
            "y": 1470.7
          },
          {
            "x": 2010.54,
            "y": 1268.47
          },
          {
            "x": 2168.81,
            "y": 969.52
          },
          {
            "x": 2230.36,
            "y": 828.84
          },
          {
            "x": 2291.91,
            "y": 793.67
          },
          {
            "x": 2362.25,
            "y": 696.95
          },
          {
            "x": 2432.59,
            "y": 617.82
          },
          {
            "x": 2490.01,
            "y": 503.33
          },
          {
            "x": 2362.25,
            "y": 433.17
          },
          {
            "x": 2286.88,
            "y": 314.38
          },
          {
            "x": 2322.95,
            "y": 214.43
          },
          {
            "x": 2450.17,
            "y": 6.28
          }
        ]
      }
    },
    {
      "annotator": {
        "email": "order@bex.kg",
        "full_name": "Zhaparova  Nurzhan"
      },
      "name": "Tree Polygon ",
      "polygon": {
        "path": [
          {
            "x": 3277,
            "y": 639
          },
          {
            "x": 3274,
            "y": 639
          },
          {
            "x": 3273.0,
            "y": 640
          },
          {
            "x": 3271,
            "y": 640
          },
          {
            "x": 3270,
            "y": 641
          },
          {
            "x": 3269,
            "y": 641
          },
          {
            "x": 3268,
            "y": 642
          },
          {
            "x": 3268,
            "y": 643
          },
          {
            "x": 3267,
            "y": 644
          },
          {
            "x": 3267,
            "y": 654
          },
          {
            "x": 3264,
            "y": 657
          },
          {
            "x": 3264,
            "y": 658
          },
          {
            "x": 3263,
            "y": 659
          },
          {
            "x": 3263,
            "y": 660
          },
          {
            "x": 3262.0,
            "y": 661
          },
          {
            "x": 3261,
            "y": 661
          },
          {
            "x": 3259,
            "y": 663
          },
          {
            "x": 3258,
            "y": 663
          },
          {
            "x": 3257,
            "y": 664.0
          },
          {
            "x": 3253,
            "y": 664.0
          },
          {
            "x": 3252,
            "y": 665
          },
          {
            "x": 3251,
            "y": 665
          },
          {
            "x": 3250,
            "y": 666
          },
          {
            "x": 3247,
            "y": 666
          },
          {
            "x": 3245,
            "y": 664.0
          },
          {
            "x": 3244.0,
            "y": 664.0
          },
          {
            "x": 3243,
            "y": 663
          },
          {
            "x": 3243,
            "y": 661
          },
          {
            "x": 3237.0,
            "y": 655.0
          },
          {
            "x": 3232,
            "y": 655.0
          },
          {
            "x": 3231,
            "y": 656
          },
          {
            "x": 3230.0,
            "y": 656
          },
          {
            "x": 3230.0,
            "y": 657
          },
          {
            "x": 3228,
            "y": 659
          },
          {
            "x": 3228,
            "y": 660
          },
          {
            "x": 3227,
            "y": 661
          },
          {
            "x": 3227,
            "y": 666
          },
          {
            "x": 3226,
            "y": 667
          },
          {
            "x": 3226,
            "y": 669
          },
          {
            "x": 3225,
            "y": 670
          },
          {
            "x": 3224,
            "y": 670
          },
          {
            "x": 3223,
            "y": 671
          },
          {
            "x": 3219.0,
            "y": 671
          },
          {
            "x": 3218,
            "y": 670
          },
          {
            "x": 3217,
            "y": 671
          },
          {
            "x": 3215,
            "y": 671
          },
          {
            "x": 3214,
            "y": 672
          },
          {
            "x": 3211,
            "y": 672
          },
          {
            "x": 3209,
            "y": 670
          },
          {
            "x": 3208,
            "y": 670
          },
          {
            "x": 3206,
            "y": 668
          },
          {
            "x": 3206,
            "y": 667
          },
          {
            "x": 3204,
            "y": 665
          },
          {
            "x": 3204,
            "y": 661
          },
          {
            "x": 3203,
            "y": 660
          },
          {
            "x": 3203,
            "y": 659
          },
          {
            "x": 3204,
            "y": 658
          },
          {
            "x": 3204,
            "y": 654
          },
          {
            "x": 3203,
            "y": 653
          },
          {
            "x": 3203,
            "y": 651
          },
          {
            "x": 3202,
            "y": 650
          },
          {
            "x": 3200,
            "y": 650
          },
          {
            "x": 3199,
            "y": 649
          },
          {
            "x": 3194.0,
            "y": 649
          },
          {
            "x": 3193,
            "y": 650
          },
          {
            "x": 3193,
            "y": 659
          },
          {
            "x": 3194.0,
            "y": 660
          },
          {
            "x": 3194.0,
            "y": 663
          },
          {
            "x": 3195,
            "y": 664.0
          },
          {
            "x": 3195,
            "y": 665
          },
          {
            "x": 3196,
            "y": 666
          },
          {
            "x": 3196,
            "y": 667
          },
          {
            "x": 3195,
            "y": 668
          },
          {
            "x": 3195,
            "y": 669
          },
          {
            "x": 3194.0,
            "y": 670
          },
          {
            "x": 3194.0,
            "y": 671
          },
          {
            "x": 3193,
            "y": 672
          },
          {
            "x": 3193,
            "y": 673.0
          },
          {
            "x": 3191,
            "y": 675
          },
          {
            "x": 3190,
            "y": 675
          },
          {
            "x": 3188,
            "y": 677
          },
          {
            "x": 3187,
            "y": 677
          },
          {
            "x": 3185,
            "y": 675
          },
          {
            "x": 3184,
            "y": 675
          },
          {
            "x": 3182,
            "y": 673.0
          },
          {
            "x": 3181,
            "y": 673.0
          },
          {
            "x": 3180,
            "y": 672
          },
          {
            "x": 3179,
            "y": 672
          },
          {
            "x": 3177,
            "y": 674
          },
          {
            "x": 3176.0,
            "y": 674
          },
          {
            "x": 3176.0,
            "y": 675
          },
          {
            "x": 3175,
            "y": 676
          },
          {
            "x": 3175,
            "y": 677
          },
          {
            "x": 3174,
            "y": 678
          },
          {
            "x": 3174,
            "y": 685
          },
          {
            "x": 3176.0,
            "y": 687
          },
          {
            "x": 3176.0,
            "y": 688
          },
          {
            "x": 3179,
            "y": 691
          },
          {
            "x": 3180,
            "y": 691
          },
          {
            "x": 3181,
            "y": 692
          },
          {
            "x": 3181,
            "y": 694
          },
          {
            "x": 3182,
            "y": 694
          },
          {
            "x": 3184,
            "y": 696
          },
          {
            "x": 3184,
            "y": 697
          },
          {
            "x": 3185,
            "y": 697
          },
          {
            "x": 3187,
            "y": 699.0
          },
          {
            "x": 3187,
            "y": 700
          },
          {
            "x": 3188,
            "y": 700
          },
          {
            "x": 3189,
            "y": 701
          },
          {
            "x": 3189,
            "y": 703
          },
          {
            "x": 3190,
            "y": 704
          },
          {
            "x": 3189,
            "y": 705
          },
          {
            "x": 3189,
            "y": 706
          },
          {
            "x": 3187,
            "y": 708
          },
          {
            "x": 3186,
            "y": 708
          },
          {
            "x": 3185,
            "y": 709
          },
          {
            "x": 3181,
            "y": 709
          },
          {
            "x": 3180,
            "y": 710
          },
          {
            "x": 3179,
            "y": 710
          },
          {
            "x": 3178,
            "y": 711
          },
          {
            "x": 3177,
            "y": 711
          },
          {
            "x": 3176.0,
            "y": 712
          },
          {
            "x": 3175,
            "y": 711
          },
          {
            "x": 3173,
            "y": 711
          },
          {
            "x": 3172,
            "y": 710
          },
          {
            "x": 3172,
            "y": 709
          },
          {
            "x": 3171,
            "y": 709
          },
          {
            "x": 3170,
            "y": 708
          },
          {
            "x": 3170,
            "y": 704
          },
          {
            "x": 3171,
            "y": 703
          },
          {
            "x": 3171,
            "y": 701
          },
          {
            "x": 3172,
            "y": 700
          },
          {
            "x": 3172,
            "y": 698
          },
          {
            "x": 3171,
            "y": 697
          },
          {
            "x": 3171,
            "y": 696
          },
          {
            "x": 3170,
            "y": 695
          },
          {
            "x": 3168,
            "y": 695
          },
          {
            "x": 3167,
            "y": 694
          },
          {
            "x": 3166,
            "y": 695
          },
          {
            "x": 3164,
            "y": 695
          },
          {
            "x": 3163,
            "y": 696
          },
          {
            "x": 3163,
            "y": 697
          },
          {
            "x": 3162,
            "y": 698
          },
          {
            "x": 3161,
            "y": 698
          },
          {
            "x": 3161,
            "y": 700
          },
          {
            "x": 3160,
            "y": 701
          },
          {
            "x": 3160,
            "y": 702
          },
          {
            "x": 3157,
            "y": 705
          },
          {
            "x": 3156,
            "y": 705
          },
          {
            "x": 3154,
            "y": 707.0
          },
          {
            "x": 3153,
            "y": 707.0
          },
          {
            "x": 3151.0,
            "y": 709
          },
          {
            "x": 3151.0,
            "y": 710
          },
          {
            "x": 3150,
            "y": 711
          },
          {
            "x": 3150,
            "y": 713
          },
          {
            "x": 3147,
            "y": 716.0
          },
          {
            "x": 3147,
            "y": 719
          },
          {
            "x": 3146,
            "y": 720
          },
          {
            "x": 3146,
            "y": 724
          },
          {
            "x": 3145,
            "y": 725.0
          },
          {
            "x": 3145,
            "y": 727
          },
          {
            "x": 3144,
            "y": 728
          },
          {
            "x": 3144,
            "y": 732
          },
          {
            "x": 3143,
            "y": 733.0
          },
          {
            "x": 3143,
            "y": 745
          },
          {
            "x": 3142,
            "y": 746
          },
          {
            "x": 3142,
            "y": 754
          },
          {
            "x": 3141,
            "y": 755
          },
          {
            "x": 3141,
            "y": 767
          },
          {
            "x": 3140.0,
            "y": 768.0
          },
          {
            "x": 3140.0,
            "y": 769
          },
          {
            "x": 3139,
            "y": 770
          },
          {
            "x": 3139,
            "y": 771
          },
          {
            "x": 3138,
            "y": 772
          },
          {
            "x": 3138,
            "y": 774
          },
          {
            "x": 3137,
            "y": 775
          },
          {
            "x": 3130,
            "y": 775
          },
          {
            "x": 3129,
            "y": 774
          },
          {
            "x": 3128,
            "y": 775
          },
          {
            "x": 3126.0,
            "y": 775
          },
          {
            "x": 3123,
            "y": 778
          },
          {
            "x": 3122.0,
            "y": 778
          },
          {
            "x": 3123,
            "y": 779
          },
          {
            "x": 3123,
            "y": 781
          },
          {
            "x": 3124,
            "y": 782
          },
          {
            "x": 3124,
            "y": 783
          },
          {
            "x": 3125,
            "y": 784
          },
          {
            "x": 3125,
            "y": 785.0
          },
          {
            "x": 3127,
            "y": 787
          },
          {
            "x": 3127,
            "y": 788
          },
          {
            "x": 3128,
            "y": 788
          },
          {
            "x": 3129,
            "y": 789
          },
          {
            "x": 3129,
            "y": 790
          },
          {
            "x": 3131,
            "y": 792
          },
          {
            "x": 3131,
            "y": 795
          },
          {
            "x": 3130,
            "y": 796
          },
          {
            "x": 3130,
            "y": 798
          },
          {
            "x": 3127,
            "y": 801
          },
          {
            "x": 3127,
            "y": 802
          },
          {
            "x": 3125,
            "y": 804
          },
          {
            "x": 3124,
            "y": 804
          },
          {
            "x": 3124,
            "y": 805
          },
          {
            "x": 3123,
            "y": 806
          },
          {
            "x": 3123,
            "y": 809
          },
          {
            "x": 3122.0,
            "y": 810
          },
          {
            "x": 3122.0,
            "y": 814
          },
          {
            "x": 3123,
            "y": 815
          },
          {
            "x": 3123,
            "y": 816
          },
          {
            "x": 3122.0,
            "y": 817
          },
          {
            "x": 3122.0,
            "y": 819
          },
          {
            "x": 3121,
            "y": 820.0
          },
          {
            "x": 3121,
            "y": 823
          },
          {
            "x": 3120,
            "y": 824
          },
          {
            "x": 3120,
            "y": 825
          },
          {
            "x": 3119,
            "y": 826
          },
          {
            "x": 3119,
            "y": 830
          },
          {
            "x": 3118,
            "y": 831
          },
          {
            "x": 3119,
            "y": 832
          },
          {
            "x": 3119,
            "y": 834
          },
          {
            "x": 3121,
            "y": 836
          },
          {
            "x": 3125,
            "y": 836
          },
          {
            "x": 3126.0,
            "y": 837.0
          },
          {
            "x": 3129,
            "y": 837.0
          },
          {
            "x": 3130,
            "y": 836
          },
          {
            "x": 3135,
            "y": 836
          },
          {
            "x": 3136,
            "y": 837.0
          },
          {
            "x": 3137,
            "y": 837.0
          },
          {
            "x": 3139,
            "y": 839
          },
          {
            "x": 3139,
            "y": 840
          },
          {
            "x": 3140.0,
            "y": 840
          },
          {
            "x": 3142,
            "y": 842
          },
          {
            "x": 3144,
            "y": 842
          },
          {
            "x": 3145,
            "y": 843
          },
          {
            "x": 3146,
            "y": 843
          },
          {
            "x": 3148,
            "y": 845
          },
          {
            "x": 3149,
            "y": 845
          },
          {
            "x": 3150,
            "y": 846.0
          },
          {
            "x": 3152,
            "y": 846.0
          },
          {
            "x": 3154,
            "y": 848
          },
          {
            "x": 3155,
            "y": 848
          },
          {
            "x": 3157,
            "y": 850
          },
          {
            "x": 3158.0,
            "y": 850
          },
          {
            "x": 3159,
            "y": 851
          },
          {
            "x": 3160,
            "y": 851
          },
          {
            "x": 3162,
            "y": 853
          },
          {
            "x": 3163,
            "y": 853
          },
          {
            "x": 3165,
            "y": 855.0
          },
          {
            "x": 3166,
            "y": 855.0
          },
          {
            "x": 3167,
            "y": 856
          },
          {
            "x": 3167,
            "y": 857
          },
          {
            "x": 3168,
            "y": 857
          },
          {
            "x": 3170,
            "y": 859
          },
          {
            "x": 3170,
            "y": 860
          },
          {
            "x": 3174,
            "y": 864
          },
          {
            "x": 3175,
            "y": 864
          },
          {
            "x": 3176.0,
            "y": 865
          },
          {
            "x": 3185,
            "y": 865
          },
          {
            "x": 3190,
            "y": 870
          },
          {
            "x": 3190,
            "y": 872.0
          },
          {
            "x": 3191,
            "y": 873
          },
          {
            "x": 3191,
            "y": 875
          },
          {
            "x": 3192,
            "y": 876.0
          },
          {
            "x": 3192,
            "y": 880.0
          },
          {
            "x": 3191,
            "y": 881.0
          },
          {
            "x": 3191,
            "y": 882
          },
          {
            "x": 3190,
            "y": 883.0
          },
          {
            "x": 3190,
            "y": 885.0
          },
          {
            "x": 3187,
            "y": 888
          },
          {
            "x": 3187,
            "y": 889.0
          },
          {
            "x": 3186,
            "y": 890.0
          },
          {
            "x": 3186,
            "y": 892.0
          },
          {
            "x": 3185,
            "y": 893
          },
          {
            "x": 3187,
            "y": 895
          },
          {
            "x": 3187,
            "y": 897
          },
          {
            "x": 3189,
            "y": 899.0
          },
          {
            "x": 3189,
            "y": 900
          },
          {
            "x": 3191,
            "y": 902
          },
          {
            "x": 3193,
            "y": 902
          },
          {
            "x": 3196,
            "y": 905.0
          },
          {
            "x": 3197,
            "y": 905.0
          },
          {
            "x": 3198,
            "y": 906
          },
          {
            "x": 3198,
            "y": 907.0
          },
          {
            "x": 3199,
            "y": 907.0
          },
          {
            "x": 3200,
            "y": 908.0
          },
          {
            "x": 3201.0,
            "y": 907.0
          },
          {
            "x": 3203,
            "y": 907.0
          },
          {
            "x": 3203,
            "y": 906
          },
          {
            "x": 3204,
            "y": 905.0
          },
          {
            "x": 3207,
            "y": 905.0
          },
          {
            "x": 3208,
            "y": 906
          },
          {
            "x": 3208,
            "y": 907.0
          },
          {
            "x": 3211,
            "y": 910.0
          },
          {
            "x": 3213,
            "y": 910.0
          },
          {
            "x": 3214,
            "y": 909
          },
          {
            "x": 3215,
            "y": 909
          },
          {
            "x": 3215,
            "y": 908.0
          },
          {
            "x": 3217,
            "y": 906
          },
          {
            "x": 3219.0,
            "y": 906
          },
          {
            "x": 3221,
            "y": 908.0
          },
          {
            "x": 3221,
            "y": 912.0
          },
          {
            "x": 3220,
            "y": 913
          },
          {
            "x": 3220,
            "y": 914.0
          },
          {
            "x": 3218,
            "y": 916.0
          },
          {
            "x": 3218,
            "y": 919.0
          },
          {
            "x": 3217,
            "y": 920
          },
          {
            "x": 3216,
            "y": 920
          },
          {
            "x": 3215,
            "y": 921.0
          },
          {
            "x": 3214,
            "y": 921.0
          },
          {
            "x": 3212.0,
            "y": 923.0
          },
          {
            "x": 3212.0,
            "y": 926.0
          },
          {
            "x": 3213,
            "y": 927
          },
          {
            "x": 3213,
            "y": 928.0
          },
          {
            "x": 3214,
            "y": 928.0
          },
          {
            "x": 3216,
            "y": 930.0
          },
          {
            "x": 3216,
            "y": 933.0
          },
          {
            "x": 3215,
            "y": 934
          },
          {
            "x": 3215,
            "y": 935.0
          },
          {
            "x": 3217,
            "y": 935.0
          },
          {
            "x": 3218,
            "y": 936
          },
          {
            "x": 3219.0,
            "y": 936
          },
          {
            "x": 3222,
            "y": 939.0
          },
          {
            "x": 3226,
            "y": 939.0
          },
          {
            "x": 3227,
            "y": 938
          },
          {
            "x": 3231,
            "y": 938
          },
          {
            "x": 3232,
            "y": 939.0
          },
          {
            "x": 3234,
            "y": 939.0
          },
          {
            "x": 3235,
            "y": 940
          },
          {
            "x": 3236,
            "y": 939.0
          },
          {
            "x": 3237.0,
            "y": 939.0
          },
          {
            "x": 3237.0,
            "y": 938
          },
          {
            "x": 3238,
            "y": 937.0
          },
          {
            "x": 3238,
            "y": 936
          },
          {
            "x": 3239,
            "y": 935.0
          },
          {
            "x": 3239,
            "y": 933.0
          },
          {
            "x": 3240,
            "y": 932.0
          },
          {
            "x": 3240,
            "y": 929
          },
          {
            "x": 3241,
            "y": 928.0
          },
          {
            "x": 3242,
            "y": 928.0
          },
          {
            "x": 3242,
            "y": 926.0
          },
          {
            "x": 3240,
            "y": 924.0
          },
          {
            "x": 3240,
            "y": 915
          },
          {
            "x": 3241,
            "y": 914.0
          },
          {
            "x": 3247,
            "y": 914.0
          },
          {
            "x": 3253,
            "y": 908.0
          },
          {
            "x": 3255.0,
            "y": 908.0
          },
          {
            "x": 3256,
            "y": 907.0
          },
          {
            "x": 3257,
            "y": 907.0
          },
          {
            "x": 3259,
            "y": 905.0
          },
          {
            "x": 3260,
            "y": 905.0
          },
          {
            "x": 3260,
            "y": 904
          },
          {
            "x": 3262.0,
            "y": 902
          },
          {
            "x": 3265,
            "y": 902
          },
          {
            "x": 3266,
            "y": 903.0
          },
          {
            "x": 3267,
            "y": 903.0
          },
          {
            "x": 3268,
            "y": 904
          },
          {
            "x": 3270,
            "y": 904
          },
          {
            "x": 3271,
            "y": 905.0
          },
          {
            "x": 3272,
            "y": 904
          },
          {
            "x": 3277,
            "y": 904
          },
          {
            "x": 3278,
            "y": 905.0
          },
          {
            "x": 3278,
            "y": 906
          },
          {
            "x": 3279,
            "y": 907.0
          },
          {
            "x": 3279,
            "y": 911
          },
          {
            "x": 3280.0,
            "y": 912.0
          },
          {
            "x": 3280.0,
            "y": 914.0
          },
          {
            "x": 3278,
            "y": 916.0
          },
          {
            "x": 3278,
            "y": 917.0
          },
          {
            "x": 3276,
            "y": 919.0
          },
          {
            "x": 3274,
            "y": 919.0
          },
          {
            "x": 3273.0,
            "y": 918
          },
          {
            "x": 3270,
            "y": 918
          },
          {
            "x": 3270,
            "y": 919.0
          },
          {
            "x": 3267,
            "y": 922
          },
          {
            "x": 3267,
            "y": 926.0
          },
          {
            "x": 3268,
            "y": 927
          },
          {
            "x": 3268,
            "y": 928.0
          },
          {
            "x": 3269,
            "y": 929
          },
          {
            "x": 3269,
            "y": 931
          },
          {
            "x": 3270,
            "y": 932.0
          },
          {
            "x": 3270,
            "y": 936
          },
          {
            "x": 3271,
            "y": 936
          },
          {
            "x": 3272,
            "y": 935.0
          },
          {
            "x": 3272,
            "y": 934
          },
          {
            "x": 3273.0,
            "y": 933.0
          },
          {
            "x": 3273.0,
            "y": 932.0
          },
          {
            "x": 3274,
            "y": 931
          },
          {
            "x": 3274,
            "y": 929
          },
          {
            "x": 3276,
            "y": 927
          },
          {
            "x": 3278,
            "y": 929
          },
          {
            "x": 3278,
            "y": 932.0
          },
          {
            "x": 3282,
            "y": 936
          },
          {
            "x": 3283,
            "y": 936
          },
          {
            "x": 3283,
            "y": 935.0
          },
          {
            "x": 3284,
            "y": 934
          },
          {
            "x": 3285,
            "y": 934
          },
          {
            "x": 3286,
            "y": 933.0
          },
          {
            "x": 3286,
            "y": 931
          },
          {
            "x": 3287.0,
            "y": 930.0
          },
          {
            "x": 3287.0,
            "y": 927
          },
          {
            "x": 3289,
            "y": 925
          },
          {
            "x": 3290,
            "y": 926.0
          },
          {
            "x": 3290,
            "y": 928.0
          },
          {
            "x": 3293,
            "y": 931
          },
          {
            "x": 3293,
            "y": 933.0
          },
          {
            "x": 3294,
            "y": 934
          },
          {
            "x": 3295,
            "y": 933.0
          },
          {
            "x": 3295,
            "y": 932.0
          },
          {
            "x": 3296,
            "y": 931
          },
          {
            "x": 3296,
            "y": 930.0
          },
          {
            "x": 3299,
            "y": 927
          },
          {
            "x": 3301,
            "y": 927
          },
          {
            "x": 3302,
            "y": 928.0
          },
          {
            "x": 3303,
            "y": 928.0
          },
          {
            "x": 3304,
            "y": 927
          },
          {
            "x": 3305.0,
            "y": 927
          },
          {
            "x": 3306,
            "y": 926.0
          },
          {
            "x": 3306,
            "y": 911
          },
          {
            "x": 3307,
            "y": 910.0
          },
          {
            "x": 3307,
            "y": 909
          },
          {
            "x": 3311,
            "y": 905.0
          },
          {
            "x": 3311,
            "y": 903.0
          },
          {
            "x": 3312,
            "y": 902
          },
          {
            "x": 3312,
            "y": 899.0
          },
          {
            "x": 3311,
            "y": 898.0
          },
          {
            "x": 3311,
            "y": 886
          },
          {
            "x": 3310,
            "y": 885.0
          },
          {
            "x": 3310,
            "y": 884
          },
          {
            "x": 3311,
            "y": 883.0
          },
          {
            "x": 3311,
            "y": 882
          },
          {
            "x": 3314,
            "y": 879
          },
          {
            "x": 3314,
            "y": 878.0
          },
          {
            "x": 3315,
            "y": 877
          },
          {
            "x": 3316.0,
            "y": 877
          },
          {
            "x": 3318,
            "y": 875
          },
          {
            "x": 3319,
            "y": 875
          },
          {
            "x": 3320,
            "y": 874.0
          },
          {
            "x": 3321,
            "y": 874.0
          },
          {
            "x": 3323.0,
            "y": 872.0
          },
          {
            "x": 3323.0,
            "y": 869
          },
          {
            "x": 3325,
            "y": 867
          },
          {
            "x": 3325,
            "y": 866
          },
          {
            "x": 3329,
            "y": 862
          },
          {
            "x": 3330,
            "y": 862
          },
          {
            "x": 3332,
            "y": 860
          },
          {
            "x": 3334.0,
            "y": 860
          },
          {
            "x": 3335,
            "y": 859
          },
          {
            "x": 3336,
            "y": 859
          },
          {
            "x": 3337,
            "y": 858
          },
          {
            "x": 3340,
            "y": 858
          },
          {
            "x": 3341.0,
            "y": 857
          },
          {
            "x": 3344,
            "y": 857
          },
          {
            "x": 3345,
            "y": 856
          },
          {
            "x": 3346,
            "y": 856
          },
          {
            "x": 3348.0,
            "y": 854
          },
          {
            "x": 3350,
            "y": 854
          },
          {
            "x": 3351,
            "y": 853
          },
          {
            "x": 3351,
            "y": 852
          },
          {
            "x": 3352,
            "y": 851
          },
          {
            "x": 3353,
            "y": 851
          },
          {
            "x": 3354,
            "y": 850
          },
          {
            "x": 3354,
            "y": 849
          },
          {
            "x": 3355,
            "y": 848
          },
          {
            "x": 3356,
            "y": 848
          },
          {
            "x": 3357,
            "y": 847
          },
          {
            "x": 3357,
            "y": 846.0
          },
          {
            "x": 3358,
            "y": 845
          },
          {
            "x": 3360,
            "y": 845
          },
          {
            "x": 3360,
            "y": 843
          },
          {
            "x": 3361,
            "y": 842
          },
          {
            "x": 3362,
            "y": 842
          },
          {
            "x": 3364,
            "y": 840
          },
          {
            "x": 3365,
            "y": 840
          },
          {
            "x": 3366.0,
            "y": 839
          },
          {
            "x": 3366.0,
            "y": 838
          },
          {
            "x": 3367,
            "y": 837.0
          },
          {
            "x": 3367,
            "y": 835
          },
          {
            "x": 3368,
            "y": 834
          },
          {
            "x": 3368,
            "y": 832
          },
          {
            "x": 3369,
            "y": 831
          },
          {
            "x": 3369,
            "y": 826
          },
          {
            "x": 3370,
            "y": 825
          },
          {
            "x": 3369,
            "y": 824
          },
          {
            "x": 3369,
            "y": 823
          },
          {
            "x": 3368,
            "y": 822
          },
          {
            "x": 3367,
            "y": 822
          },
          {
            "x": 3364,
            "y": 825
          },
          {
            "x": 3364,
            "y": 826
          },
          {
            "x": 3361,
            "y": 829.0
          },
          {
            "x": 3359.0,
            "y": 829.0
          },
          {
            "x": 3358,
            "y": 830
          },
          {
            "x": 3358,
            "y": 831
          },
          {
            "x": 3357,
            "y": 832
          },
          {
            "x": 3355,
            "y": 832
          },
          {
            "x": 3354,
            "y": 833
          },
          {
            "x": 3352,
            "y": 833
          },
          {
            "x": 3351,
            "y": 832
          },
          {
            "x": 3347,
            "y": 832
          },
          {
            "x": 3346,
            "y": 831
          },
          {
            "x": 3346,
            "y": 830
          },
          {
            "x": 3345,
            "y": 830
          },
          {
            "x": 3343,
            "y": 828
          },
          {
            "x": 3343,
            "y": 827
          },
          {
            "x": 3341.0,
            "y": 825
          },
          {
            "x": 3341.0,
            "y": 824
          },
          {
            "x": 3340,
            "y": 823
          },
          {
            "x": 3340,
            "y": 821
          },
          {
            "x": 3339,
            "y": 820.0
          },
          {
            "x": 3339,
            "y": 819
          },
          {
            "x": 3337,
            "y": 817
          },
          {
            "x": 3337,
            "y": 815
          },
          {
            "x": 3336,
            "y": 814
          },
          {
            "x": 3336,
            "y": 809
          },
          {
            "x": 3337,
            "y": 808
          },
          {
            "x": 3337,
            "y": 806
          },
          {
            "x": 3340,
            "y": 803.0
          },
          {
            "x": 3340,
            "y": 802
          },
          {
            "x": 3343,
            "y": 799
          },
          {
            "x": 3343,
            "y": 796
          },
          {
            "x": 3344,
            "y": 795
          },
          {
            "x": 3344,
            "y": 794.0
          },
          {
            "x": 3345,
            "y": 793
          },
          {
            "x": 3345,
            "y": 787
          },
          {
            "x": 3346,
            "y": 786
          },
          {
            "x": 3346,
            "y": 782
          },
          {
            "x": 3348.0,
            "y": 780
          },
          {
            "x": 3348.0,
            "y": 779
          },
          {
            "x": 3349,
            "y": 778
          },
          {
            "x": 3347,
            "y": 776
          },
          {
            "x": 3347,
            "y": 775
          },
          {
            "x": 3346,
            "y": 775
          },
          {
            "x": 3343,
            "y": 772
          },
          {
            "x": 3341.0,
            "y": 772
          },
          {
            "x": 3340,
            "y": 771
          },
          {
            "x": 3340,
            "y": 770
          },
          {
            "x": 3338,
            "y": 768.0
          },
          {
            "x": 3338,
            "y": 767
          },
          {
            "x": 3337,
            "y": 766
          },
          {
            "x": 3337,
            "y": 762
          },
          {
            "x": 3339,
            "y": 760
          },
          {
            "x": 3341.0,
            "y": 760
          },
          {
            "x": 3342,
            "y": 761
          },
          {
            "x": 3344,
            "y": 761
          },
          {
            "x": 3345,
            "y": 762
          },
          {
            "x": 3349,
            "y": 762
          },
          {
            "x": 3350,
            "y": 761
          },
          {
            "x": 3351,
            "y": 761
          },
          {
            "x": 3352,
            "y": 760
          },
          {
            "x": 3353,
            "y": 760
          },
          {
            "x": 3353,
            "y": 759.0
          },
          {
            "x": 3354,
            "y": 758
          },
          {
            "x": 3354,
            "y": 752
          },
          {
            "x": 3355,
            "y": 751.0
          },
          {
            "x": 3355,
            "y": 750
          },
          {
            "x": 3357,
            "y": 748
          },
          {
            "x": 3357,
            "y": 747
          },
          {
            "x": 3358,
            "y": 746
          },
          {
            "x": 3359.0,
            "y": 746
          },
          {
            "x": 3359.0,
            "y": 745
          },
          {
            "x": 3360,
            "y": 744
          },
          {
            "x": 3360,
            "y": 742.0
          },
          {
            "x": 3361,
            "y": 741
          },
          {
            "x": 3361,
            "y": 739
          },
          {
            "x": 3359.0,
            "y": 737
          },
          {
            "x": 3358,
            "y": 737
          },
          {
            "x": 3357,
            "y": 736
          },
          {
            "x": 3356,
            "y": 736
          },
          {
            "x": 3355,
            "y": 735
          },
          {
            "x": 3347,
            "y": 735
          },
          {
            "x": 3346,
            "y": 734
          },
          {
            "x": 3346,
            "y": 732
          },
          {
            "x": 3345,
            "y": 731
          },
          {
            "x": 3346,
            "y": 730
          },
          {
            "x": 3346,
            "y": 728
          },
          {
            "x": 3348.0,
            "y": 726
          },
          {
            "x": 3348.0,
            "y": 725.0
          },
          {
            "x": 3349,
            "y": 724
          },
          {
            "x": 3349,
            "y": 712
          },
          {
            "x": 3350,
            "y": 711
          },
          {
            "x": 3351,
            "y": 711
          },
          {
            "x": 3351,
            "y": 710
          },
          {
            "x": 3353,
            "y": 708
          },
          {
            "x": 3354,
            "y": 708
          },
          {
            "x": 3354,
            "y": 704
          },
          {
            "x": 3355,
            "y": 703
          },
          {
            "x": 3355,
            "y": 700
          },
          {
            "x": 3356,
            "y": 699.0
          },
          {
            "x": 3356,
            "y": 698
          },
          {
            "x": 3357,
            "y": 697
          },
          {
            "x": 3357,
            "y": 695
          },
          {
            "x": 3358,
            "y": 694
          },
          {
            "x": 3358,
            "y": 692
          },
          {
            "x": 3359.0,
            "y": 691
          },
          {
            "x": 3359.0,
            "y": 689
          },
          {
            "x": 3358,
            "y": 688
          },
          {
            "x": 3358,
            "y": 687
          },
          {
            "x": 3357,
            "y": 686
          },
          {
            "x": 3357,
            "y": 685
          },
          {
            "x": 3356,
            "y": 685
          },
          {
            "x": 3355,
            "y": 684
          },
          {
            "x": 3352,
            "y": 684
          },
          {
            "x": 3351,
            "y": 685
          },
          {
            "x": 3349,
            "y": 685
          },
          {
            "x": 3348.0,
            "y": 686
          },
          {
            "x": 3345,
            "y": 686
          },
          {
            "x": 3344,
            "y": 687
          },
          {
            "x": 3340,
            "y": 687
          },
          {
            "x": 3339,
            "y": 688
          },
          {
            "x": 3338,
            "y": 688
          },
          {
            "x": 3337,
            "y": 689
          },
          {
            "x": 3335,
            "y": 689
          },
          {
            "x": 3334.0,
            "y": 690.0
          },
          {
            "x": 3333,
            "y": 690.0
          },
          {
            "x": 3331,
            "y": 692
          },
          {
            "x": 3330,
            "y": 692
          },
          {
            "x": 3327,
            "y": 695
          },
          {
            "x": 3326,
            "y": 695
          },
          {
            "x": 3323.0,
            "y": 698
          },
          {
            "x": 3318,
            "y": 698
          },
          {
            "x": 3316.0,
            "y": 696
          },
          {
            "x": 3316.0,
            "y": 695
          },
          {
            "x": 3314,
            "y": 693
          },
          {
            "x": 3314,
            "y": 690.0
          },
          {
            "x": 3313,
            "y": 689
          },
          {
            "x": 3313,
            "y": 688
          },
          {
            "x": 3312,
            "y": 687
          },
          {
            "x": 3312,
            "y": 683
          },
          {
            "x": 3315,
            "y": 680
          },
          {
            "x": 3318,
            "y": 680
          },
          {
            "x": 3319,
            "y": 679
          },
          {
            "x": 3321,
            "y": 679
          },
          {
            "x": 3323.0,
            "y": 677
          },
          {
            "x": 3323.0,
            "y": 676
          },
          {
            "x": 3324,
            "y": 675
          },
          {
            "x": 3324,
            "y": 671
          },
          {
            "x": 3323.0,
            "y": 670
          },
          {
            "x": 3323.0,
            "y": 668
          },
          {
            "x": 3322,
            "y": 667
          },
          {
            "x": 3321,
            "y": 667
          },
          {
            "x": 3320,
            "y": 666
          },
          {
            "x": 3320,
            "y": 664.0
          },
          {
            "x": 3317,
            "y": 661
          },
          {
            "x": 3316.0,
            "y": 661
          },
          {
            "x": 3315,
            "y": 660
          },
          {
            "x": 3313,
            "y": 660
          },
          {
            "x": 3312,
            "y": 661
          },
          {
            "x": 3307,
            "y": 661
          },
          {
            "x": 3306,
            "y": 662
          },
          {
            "x": 3305.0,
            "y": 661
          },
          {
            "x": 3302,
            "y": 661
          },
          {
            "x": 3299,
            "y": 658
          },
          {
            "x": 3298.0,
            "y": 658
          },
          {
            "x": 3296,
            "y": 656
          },
          {
            "x": 3295,
            "y": 656
          },
          {
            "x": 3294,
            "y": 655.0
          },
          {
            "x": 3293,
            "y": 655.0
          },
          {
            "x": 3292,
            "y": 654
          },
          {
            "x": 3291.0,
            "y": 654
          },
          {
            "x": 3289,
            "y": 652
          },
          {
            "x": 3287.0,
            "y": 652
          },
          {
            "x": 3286,
            "y": 651
          },
          {
            "x": 3286,
            "y": 650
          },
          {
            "x": 3285,
            "y": 649
          },
          {
            "x": 3285,
            "y": 648
          },
          {
            "x": 3284,
            "y": 647.0
          },
          {
            "x": 3284,
            "y": 645
          },
          {
            "x": 3283,
            "y": 644
          },
          {
            "x": 3283,
            "y": 642
          },
          {
            "x": 3282,
            "y": 641
          },
          {
            "x": 3281,
            "y": 641
          },
          {
            "x": 3280.0,
            "y": 640
          },
          {
            "x": 3278,
            "y": 640
          }
        ]
      }
    }
  ]
}