{
  "image": {
    "width": 5472,
    "height": 3648,
    "filename": "00000071.JPG",
    "original_filename": "EP-00-00012_0119_0028.JPG",
    "url": "https://darwin.v7labs.com/api/images/1221672/original?token=43ffe058-ebd2-4afa-8955-89cf45e925a6",
    "thumbnail_url": "https://darwin.v7labs.com/api/images/1221672/thumbnail?token=43ffe058-ebd2-4afa-8955-89cf45e925a6",
    "workview_url": "https://darwin.v7labs.com/workview?dataset=1190&image=71"
  },
  "dataset": "Mapping_1",
  "annotated": true,
  "annotations": [
    {
      "annotator": {
        "email": "order@bex.kg",
        "full_name": "Zhaparova  Nurzhan"
      },
      "name": "Spring field Polygon ",
      "polygon": {
        "path": [
          {
            "x": 4145.82,
            "y": 7.28
          },
          {
            "x": 4135.27,
            "y": 191.93
          },
          {
            "x": 4145.82,
            "y": 381.85
          },
          {
            "x": 4166.93,
            "y": 402.95
          },
          {
            "x": 4166.93,
            "y": 635.07
          },
          {
            "x": 4161.65,
            "y": 983.26
          },
          {
            "x": 4156.38,
            "y": 1305.07
          },
          {
            "x": 4166.93,
            "y": 1421.14
          },
          {
            "x": 4224.96,
            "y": 1510.82
          },
          {
            "x": 4246.06,
            "y": 1595.23
          },
          {
            "x": 4198.58,
            "y": 1700.74
          },
          {
            "x": 4130.0,
            "y": 1758.77
          },
          {
            "x": 4083.87,
            "y": 1777.01
          },
          {
            "x": 4089.14,
            "y": 1845.59
          },
          {
            "x": 4089.14,
            "y": 1940.55
          },
          {
            "x": 4104.97,
            "y": 2141.02
          },
          {
            "x": 4094.42,
            "y": 2367.87
          },
          {
            "x": 4096.57,
            "y": 2637.14
          },
          {
            "x": 4112.4,
            "y": 2684.62
          },
          {
            "x": 4107.12,
            "y": 3222.72
          },
          {
            "x": 4091.3,
            "y": 3454.85
          },
          {
            "x": 4086.02,
            "y": 3641.27
          },
          {
            "x": 5164.35,
            "y": 3648.65
          },
          {
            "x": 5171.74,
            "y": 3375.38
          },
          {
            "x": 5452.4,
            "y": 3353.22
          },
          {
            "x": 5469.63,
            "y": 2.53
          }
        ]
      }
    },
    {
      "annotator": {
        "email": "order@bex.kg",
        "full_name": "Zhaparova  Nurzhan"
      },
      "bounding_box": {
        "h": 521.28,
        "w": 175.85,
        "x": 2102.05,
        "y": 2624.74
      },
      "name": "Vehicle "
    },
    {
      "annotator": {
        "email": "order@bex.kg",
        "full_name": "Zhaparova  Nurzhan"
      },
      "bounding_box": {
        "h": 125.61,
        "w": 295.18,
        "x": 368.65,
        "y": 2122.3
      },
      "name": "Vehicle "
    },
    {
      "annotator": {
        "email": "order@bex.kg",
        "full_name": "Zhaparova  Nurzhan"
      },
      "bounding_box": {
        "h": 125.61,
        "w": 244.94,
        "x": 1574.49,
        "y": 1739.2
      },
      "name": "Vehicle "
    },
    {
      "annotator": {
        "email": "order@bex.kg",
        "full_name": "Zhaparova  Nurzhan"
      },
      "bounding_box": {
        "h": 106.77,
        "w": 244.94,
        "x": 2007.84,
        "y": 1783.16
      },
      "name": "Vehicle "
    },
    {
      "annotator": {
        "email": "order@bex.kg",
        "full_name": "Zhaparova  Nurzhan"
      },
      "name": "Building Polygon",
      "polygon": {
        "path": [
          {
            "x": 856.07,
            "y": 2929.02
          },
          {
            "x": 649.12,
            "y": 2906.71
          },
          {
            "x": 563.8,
            "y": 2932.34
          },
          {
            "x": 420.46,
            "y": 3560.28
          },
          {
            "x": 191.2,
            "y": 3508.13
          },
          {
            "x": 158.04,
            "y": 3652.53
          },
          {
            "x": 1709.06,
            "y": 3652.53
          },
          {
            "x": 1838.23,
            "y": 3065.43
          },
          {
            "x": 1631.28,
            "y": 3039.21
          },
          {
            "x": 1749.6,
            "y": 2470.5
          },
          {
            "x": 1579.28,
            "y": 2429.95
          },
          {
            "x": 977.26,
            "y": 2333.94
          }
        ]
      }
    },
    {
      "annotator": {
        "email": "order@bex.kg",
        "full_name": "Zhaparova  Nurzhan"
      },
      "name": "Building Polygon",
      "polygon": {
        "path": [
          {
            "x": 1599.43,
            "y": 747.44
          },
          {
            "x": 1563.54,
            "y": 1335.11
          },
          {
            "x": 1594.95,
            "y": 1388.94
          },
          {
            "x": 1913.46,
            "y": 1420.34
          },
          {
            "x": 2169.16,
            "y": 1433.8
          },
          {
            "x": 2483.18,
            "y": 1465.2
          },
          {
            "x": 2747.86,
            "y": 1483.15
          },
          {
            "x": 2895.9,
            "y": 1496.6
          },
          {
            "x": 2895.9,
            "y": 1469.69
          },
          {
            "x": 3322.07,
            "y": 1492.12
          },
          {
            "x": 3322.07,
            "y": 1474.17
          },
          {
            "x": 3290.67,
            "y": 1469.69
          },
          {
            "x": 3326.56,
            "y": 1236.41
          },
          {
            "x": 3299.64,
            "y": 1048.0
          },
          {
            "x": 3263.75,
            "y": 1039.03
          },
          {
            "x": 3259.27,
            "y": 1021.08
          },
          {
            "x": 2860.01,
            "y": 985.2
          },
          {
            "x": 2855.52,
            "y": 899.96
          },
          {
            "x": 2819.64,
            "y": 895.48
          },
          {
            "x": 2806.18,
            "y": 864.07
          }
        ]
      }
    },
    {
      "annotator": {
        "email": "order@bex.kg",
        "full_name": "Zhaparova  Nurzhan"
      },
      "name": "Tree Polygon ",
      "polygon": {
        "path": [
          {
            "x": 4161,
            "y": 1440.0
          },
          {
            "x": 4160,
            "y": 1440.0
          },
          {
            "x": 4158,
            "y": 1438.0
          },
          {
            "x": 4157,
            "y": 1438.0
          },
          {
            "x": 4153,
            "y": 1434
          },
          {
            "x": 4152,
            "y": 1434
          },
          {
            "x": 4150,
            "y": 1432
          },
          {
            "x": 4148,
            "y": 1432
          },
          {
            "x": 4147,
            "y": 1431.0
          },
          {
            "x": 4146,
            "y": 1431.0
          },
          {
            "x": 4145,
            "y": 1430
          },
          {
            "x": 4145,
            "y": 1429.0
          },
          {
            "x": 4143,
            "y": 1429.0
          },
          {
            "x": 4142,
            "y": 1428
          },
          {
            "x": 4133,
            "y": 1428
          },
          {
            "x": 4132,
            "y": 1427.0
          },
          {
            "x": 4115,
            "y": 1427.0
          },
          {
            "x": 4114,
            "y": 1426
          },
          {
            "x": 4109,
            "y": 1426
          },
          {
            "x": 4108,
            "y": 1425
          },
          {
            "x": 4104,
            "y": 1425
          },
          {
            "x": 4103,
            "y": 1424
          },
          {
            "x": 4102,
            "y": 1424
          },
          {
            "x": 4101,
            "y": 1423
          },
          {
            "x": 4098,
            "y": 1423
          },
          {
            "x": 4097,
            "y": 1422
          },
          {
            "x": 4082,
            "y": 1422
          },
          {
            "x": 4081,
            "y": 1423
          },
          {
            "x": 4073,
            "y": 1423
          },
          {
            "x": 4072.0,
            "y": 1422
          },
          {
            "x": 4070,
            "y": 1422
          },
          {
            "x": 4068,
            "y": 1420.0
          },
          {
            "x": 4067,
            "y": 1420.0
          },
          {
            "x": 4066,
            "y": 1419
          },
          {
            "x": 4063,
            "y": 1419
          },
          {
            "x": 4062,
            "y": 1418.0
          },
          {
            "x": 4062,
            "y": 1417
          },
          {
            "x": 4053,
            "y": 1417
          },
          {
            "x": 4053,
            "y": 1418.0
          },
          {
            "x": 4052,
            "y": 1419
          },
          {
            "x": 4048,
            "y": 1419
          },
          {
            "x": 4047.0,
            "y": 1420.0
          },
          {
            "x": 4045,
            "y": 1420.0
          },
          {
            "x": 4044,
            "y": 1421
          },
          {
            "x": 4042,
            "y": 1421
          },
          {
            "x": 4041,
            "y": 1422
          },
          {
            "x": 4040,
            "y": 1422
          },
          {
            "x": 4039.0,
            "y": 1423
          },
          {
            "x": 4036.0,
            "y": 1423
          },
          {
            "x": 4035,
            "y": 1424
          },
          {
            "x": 4034,
            "y": 1424
          },
          {
            "x": 4033,
            "y": 1425
          },
          {
            "x": 4032.0,
            "y": 1425
          },
          {
            "x": 4031,
            "y": 1426
          },
          {
            "x": 4029,
            "y": 1426
          },
          {
            "x": 4028.0,
            "y": 1427.0
          },
          {
            "x": 4013,
            "y": 1427.0
          },
          {
            "x": 4012,
            "y": 1426
          },
          {
            "x": 4004,
            "y": 1426
          },
          {
            "x": 4003.0,
            "y": 1425
          },
          {
            "x": 3992.0,
            "y": 1425
          },
          {
            "x": 3991,
            "y": 1426
          },
          {
            "x": 3990,
            "y": 1426
          },
          {
            "x": 3989,
            "y": 1427.0
          },
          {
            "x": 3988.0,
            "y": 1427.0
          },
          {
            "x": 3987,
            "y": 1428
          },
          {
            "x": 3986,
            "y": 1428
          },
          {
            "x": 3985,
            "y": 1429.0
          },
          {
            "x": 3984.0,
            "y": 1429.0
          },
          {
            "x": 3984.0,
            "y": 1430
          },
          {
            "x": 3983,
            "y": 1431.0
          },
          {
            "x": 3981.0,
            "y": 1431.0
          },
          {
            "x": 3980,
            "y": 1432
          },
          {
            "x": 3979,
            "y": 1432
          },
          {
            "x": 3978,
            "y": 1433
          },
          {
            "x": 3977.0,
            "y": 1433
          },
          {
            "x": 3976,
            "y": 1434
          },
          {
            "x": 3974,
            "y": 1434
          },
          {
            "x": 3973,
            "y": 1435
          },
          {
            "x": 3970.0,
            "y": 1435
          },
          {
            "x": 3969,
            "y": 1436
          },
          {
            "x": 3966.0,
            "y": 1436
          },
          {
            "x": 3965,
            "y": 1437
          },
          {
            "x": 3962,
            "y": 1437
          },
          {
            "x": 3961,
            "y": 1438.0
          },
          {
            "x": 3957,
            "y": 1438.0
          },
          {
            "x": 3956,
            "y": 1437
          },
          {
            "x": 3953,
            "y": 1437
          },
          {
            "x": 3952.0,
            "y": 1436
          },
          {
            "x": 3947,
            "y": 1436
          },
          {
            "x": 3946,
            "y": 1435
          },
          {
            "x": 3939,
            "y": 1435
          },
          {
            "x": 3938,
            "y": 1436
          },
          {
            "x": 3935,
            "y": 1436
          },
          {
            "x": 3933.0,
            "y": 1438.0
          },
          {
            "x": 3932,
            "y": 1438.0
          },
          {
            "x": 3930.0,
            "y": 1440.0
          },
          {
            "x": 3930.0,
            "y": 1442.0
          },
          {
            "x": 3927,
            "y": 1445
          },
          {
            "x": 3927,
            "y": 1446
          },
          {
            "x": 3926.0,
            "y": 1447
          },
          {
            "x": 3925,
            "y": 1447
          },
          {
            "x": 3921,
            "y": 1451.0
          },
          {
            "x": 3921,
            "y": 1452
          },
          {
            "x": 3919.0,
            "y": 1454
          },
          {
            "x": 3918,
            "y": 1454
          },
          {
            "x": 3917,
            "y": 1455
          },
          {
            "x": 3917,
            "y": 1456
          },
          {
            "x": 3916,
            "y": 1457
          },
          {
            "x": 3913,
            "y": 1457
          },
          {
            "x": 3911.0,
            "y": 1459
          },
          {
            "x": 3910,
            "y": 1459
          },
          {
            "x": 3907,
            "y": 1462.0
          },
          {
            "x": 3907,
            "y": 1463
          },
          {
            "x": 3904.0,
            "y": 1466
          },
          {
            "x": 3903,
            "y": 1466
          },
          {
            "x": 3901,
            "y": 1468
          },
          {
            "x": 3901,
            "y": 1469
          },
          {
            "x": 3899,
            "y": 1471.0
          },
          {
            "x": 3899,
            "y": 1472
          },
          {
            "x": 3898,
            "y": 1473.0
          },
          {
            "x": 3898,
            "y": 1474
          },
          {
            "x": 3895,
            "y": 1477
          },
          {
            "x": 3895,
            "y": 1478
          },
          {
            "x": 3894,
            "y": 1479
          },
          {
            "x": 3892,
            "y": 1479
          },
          {
            "x": 3891,
            "y": 1480.0
          },
          {
            "x": 3891,
            "y": 1481
          },
          {
            "x": 3888,
            "y": 1484.0
          },
          {
            "x": 3888,
            "y": 1486
          },
          {
            "x": 3886.0,
            "y": 1488
          },
          {
            "x": 3886.0,
            "y": 1489
          },
          {
            "x": 3885,
            "y": 1490
          },
          {
            "x": 3885,
            "y": 1491.0
          },
          {
            "x": 3884,
            "y": 1492
          },
          {
            "x": 3884,
            "y": 1493.0
          },
          {
            "x": 3883,
            "y": 1494
          },
          {
            "x": 3883,
            "y": 1495.0
          },
          {
            "x": 3882.0,
            "y": 1496
          },
          {
            "x": 3881,
            "y": 1496
          },
          {
            "x": 3881,
            "y": 1499
          },
          {
            "x": 3880,
            "y": 1500
          },
          {
            "x": 3880,
            "y": 1501
          },
          {
            "x": 3879,
            "y": 1502.0
          },
          {
            "x": 3879,
            "y": 1503
          },
          {
            "x": 3878.0,
            "y": 1504.0
          },
          {
            "x": 3878.0,
            "y": 1506.0
          },
          {
            "x": 3877,
            "y": 1507
          },
          {
            "x": 3877,
            "y": 1509
          },
          {
            "x": 3876,
            "y": 1510
          },
          {
            "x": 3876,
            "y": 1511
          },
          {
            "x": 3875.0,
            "y": 1512
          },
          {
            "x": 3875.0,
            "y": 1514
          },
          {
            "x": 3874,
            "y": 1515.0
          },
          {
            "x": 3874,
            "y": 1516
          },
          {
            "x": 3872,
            "y": 1518
          },
          {
            "x": 3872,
            "y": 1520
          },
          {
            "x": 3870,
            "y": 1522
          },
          {
            "x": 3869,
            "y": 1522
          },
          {
            "x": 3868,
            "y": 1523
          },
          {
            "x": 3868,
            "y": 1524.0
          },
          {
            "x": 3867.0,
            "y": 1525
          },
          {
            "x": 3867.0,
            "y": 1526.0
          },
          {
            "x": 3866,
            "y": 1527
          },
          {
            "x": 3866,
            "y": 1530
          },
          {
            "x": 3865,
            "y": 1531
          },
          {
            "x": 3865,
            "y": 1534
          },
          {
            "x": 3864.0,
            "y": 1535.0
          },
          {
            "x": 3864.0,
            "y": 1537.0
          },
          {
            "x": 3863,
            "y": 1538
          },
          {
            "x": 3863,
            "y": 1541
          },
          {
            "x": 3862,
            "y": 1542
          },
          {
            "x": 3862,
            "y": 1543
          },
          {
            "x": 3861,
            "y": 1544.0
          },
          {
            "x": 3861,
            "y": 1546.0
          },
          {
            "x": 3860.0,
            "y": 1547
          },
          {
            "x": 3860.0,
            "y": 1550
          },
          {
            "x": 3859,
            "y": 1551
          },
          {
            "x": 3858,
            "y": 1551
          },
          {
            "x": 3858,
            "y": 1553
          },
          {
            "x": 3857,
            "y": 1554
          },
          {
            "x": 3857,
            "y": 1556
          },
          {
            "x": 3856.0,
            "y": 1557.0
          },
          {
            "x": 3856.0,
            "y": 1558
          },
          {
            "x": 3855,
            "y": 1559.0
          },
          {
            "x": 3855,
            "y": 1560
          },
          {
            "x": 3854,
            "y": 1561
          },
          {
            "x": 3854,
            "y": 1564
          },
          {
            "x": 3853.0,
            "y": 1565
          },
          {
            "x": 3853.0,
            "y": 1567
          },
          {
            "x": 3852,
            "y": 1568.0
          },
          {
            "x": 3852,
            "y": 1581.0
          },
          {
            "x": 3851,
            "y": 1582
          },
          {
            "x": 3851,
            "y": 1590.0
          },
          {
            "x": 3850,
            "y": 1591
          },
          {
            "x": 3850,
            "y": 1598
          },
          {
            "x": 3849.0,
            "y": 1599.0
          },
          {
            "x": 3849.0,
            "y": 1617
          },
          {
            "x": 3850,
            "y": 1618
          },
          {
            "x": 3850,
            "y": 1624
          },
          {
            "x": 3851,
            "y": 1625
          },
          {
            "x": 3851,
            "y": 1628
          },
          {
            "x": 3852,
            "y": 1629
          },
          {
            "x": 3852,
            "y": 1633
          },
          {
            "x": 3853.0,
            "y": 1634.0
          },
          {
            "x": 3853.0,
            "y": 1642
          },
          {
            "x": 3854,
            "y": 1643.0
          },
          {
            "x": 3854,
            "y": 1646
          },
          {
            "x": 3855,
            "y": 1647
          },
          {
            "x": 3855,
            "y": 1649
          },
          {
            "x": 3856.0,
            "y": 1650
          },
          {
            "x": 3856.0,
            "y": 1651
          },
          {
            "x": 3857,
            "y": 1652.0
          },
          {
            "x": 3857,
            "y": 1655
          },
          {
            "x": 3858,
            "y": 1656.0
          },
          {
            "x": 3858,
            "y": 1658
          },
          {
            "x": 3859,
            "y": 1658
          },
          {
            "x": 3860.0,
            "y": 1659
          },
          {
            "x": 3860.0,
            "y": 1664
          },
          {
            "x": 3861,
            "y": 1665.0
          },
          {
            "x": 3861,
            "y": 1667
          },
          {
            "x": 3862,
            "y": 1668
          },
          {
            "x": 3862,
            "y": 1670
          },
          {
            "x": 3863,
            "y": 1671
          },
          {
            "x": 3863,
            "y": 1673
          },
          {
            "x": 3864.0,
            "y": 1674.0
          },
          {
            "x": 3864.0,
            "y": 1677
          },
          {
            "x": 3865,
            "y": 1678
          },
          {
            "x": 3865,
            "y": 1680
          },
          {
            "x": 3866,
            "y": 1681
          },
          {
            "x": 3866,
            "y": 1683.0
          },
          {
            "x": 3867.0,
            "y": 1684
          },
          {
            "x": 3867.0,
            "y": 1687.0
          },
          {
            "x": 3868,
            "y": 1688
          },
          {
            "x": 3868,
            "y": 1692
          },
          {
            "x": 3869,
            "y": 1693
          },
          {
            "x": 3869,
            "y": 1701
          },
          {
            "x": 3870,
            "y": 1701
          },
          {
            "x": 3871.0,
            "y": 1702
          },
          {
            "x": 3871.0,
            "y": 1711
          },
          {
            "x": 3872,
            "y": 1712
          },
          {
            "x": 3872,
            "y": 1716.0
          },
          {
            "x": 3873,
            "y": 1717
          },
          {
            "x": 3873,
            "y": 1721
          },
          {
            "x": 3874,
            "y": 1722
          },
          {
            "x": 3874,
            "y": 1725
          },
          {
            "x": 3875.0,
            "y": 1726
          },
          {
            "x": 3875.0,
            "y": 1728
          },
          {
            "x": 3876,
            "y": 1729.0
          },
          {
            "x": 3876,
            "y": 1732
          },
          {
            "x": 3877,
            "y": 1733
          },
          {
            "x": 3877,
            "y": 1734
          },
          {
            "x": 3879,
            "y": 1736.0
          },
          {
            "x": 3880,
            "y": 1736.0
          },
          {
            "x": 3881,
            "y": 1737
          },
          {
            "x": 3883,
            "y": 1737
          },
          {
            "x": 3885,
            "y": 1739
          },
          {
            "x": 3886.0,
            "y": 1739
          },
          {
            "x": 3888,
            "y": 1741
          },
          {
            "x": 3889.0,
            "y": 1741
          },
          {
            "x": 3890,
            "y": 1742
          },
          {
            "x": 3890,
            "y": 1743
          },
          {
            "x": 3891,
            "y": 1743
          },
          {
            "x": 3892,
            "y": 1744
          },
          {
            "x": 3894,
            "y": 1744
          },
          {
            "x": 3895,
            "y": 1745
          },
          {
            "x": 3902,
            "y": 1745
          },
          {
            "x": 3903,
            "y": 1744
          },
          {
            "x": 3909,
            "y": 1744
          },
          {
            "x": 3910,
            "y": 1743
          },
          {
            "x": 3915.0,
            "y": 1743
          },
          {
            "x": 3915.0,
            "y": 1742
          },
          {
            "x": 3916,
            "y": 1741
          },
          {
            "x": 3919.0,
            "y": 1741
          },
          {
            "x": 3920,
            "y": 1740.0
          },
          {
            "x": 3924,
            "y": 1740.0
          },
          {
            "x": 3925,
            "y": 1739
          },
          {
            "x": 3961,
            "y": 1739
          },
          {
            "x": 3962,
            "y": 1740.0
          },
          {
            "x": 3965,
            "y": 1740.0
          },
          {
            "x": 3967,
            "y": 1742
          },
          {
            "x": 3967,
            "y": 1743
          },
          {
            "x": 3968,
            "y": 1743
          },
          {
            "x": 3969,
            "y": 1744
          },
          {
            "x": 3971,
            "y": 1744
          },
          {
            "x": 3972,
            "y": 1745
          },
          {
            "x": 3973,
            "y": 1745
          },
          {
            "x": 3974,
            "y": 1746
          },
          {
            "x": 3976,
            "y": 1746
          },
          {
            "x": 3977.0,
            "y": 1747.0
          },
          {
            "x": 3978,
            "y": 1747.0
          },
          {
            "x": 3979,
            "y": 1748
          },
          {
            "x": 3980,
            "y": 1748
          },
          {
            "x": 3981.0,
            "y": 1749.0
          },
          {
            "x": 3996,
            "y": 1749.0
          },
          {
            "x": 3997,
            "y": 1750
          },
          {
            "x": 4002,
            "y": 1750
          },
          {
            "x": 4003.0,
            "y": 1751.0
          },
          {
            "x": 4007,
            "y": 1751.0
          },
          {
            "x": 4008,
            "y": 1752
          },
          {
            "x": 4011,
            "y": 1752
          },
          {
            "x": 4012,
            "y": 1753
          },
          {
            "x": 4012,
            "y": 1754
          },
          {
            "x": 4016,
            "y": 1754
          },
          {
            "x": 4017.0,
            "y": 1755
          },
          {
            "x": 4019,
            "y": 1755
          },
          {
            "x": 4020,
            "y": 1756
          },
          {
            "x": 4023,
            "y": 1756
          },
          {
            "x": 4024,
            "y": 1757
          },
          {
            "x": 4036.0,
            "y": 1757
          },
          {
            "x": 4037,
            "y": 1758.0
          },
          {
            "x": 4047.0,
            "y": 1758.0
          },
          {
            "x": 4048,
            "y": 1757
          },
          {
            "x": 4068,
            "y": 1757
          },
          {
            "x": 4069.0,
            "y": 1756
          },
          {
            "x": 4075,
            "y": 1756
          },
          {
            "x": 4076.0,
            "y": 1757
          },
          {
            "x": 4085,
            "y": 1757
          },
          {
            "x": 4086,
            "y": 1756
          },
          {
            "x": 4090,
            "y": 1756
          },
          {
            "x": 4091,
            "y": 1755
          },
          {
            "x": 4095,
            "y": 1755
          },
          {
            "x": 4096,
            "y": 1754
          },
          {
            "x": 4097,
            "y": 1754
          },
          {
            "x": 4097,
            "y": 1753
          },
          {
            "x": 4104,
            "y": 1746
          },
          {
            "x": 4105,
            "y": 1746
          },
          {
            "x": 4107,
            "y": 1744
          },
          {
            "x": 4108,
            "y": 1744
          },
          {
            "x": 4109,
            "y": 1743
          },
          {
            "x": 4110,
            "y": 1743
          },
          {
            "x": 4110,
            "y": 1742
          },
          {
            "x": 4111,
            "y": 1741
          },
          {
            "x": 4113,
            "y": 1741
          },
          {
            "x": 4114,
            "y": 1740.0
          },
          {
            "x": 4116,
            "y": 1740.0
          },
          {
            "x": 4117,
            "y": 1739
          },
          {
            "x": 4118,
            "y": 1739
          },
          {
            "x": 4121,
            "y": 1736.0
          },
          {
            "x": 4122,
            "y": 1736.0
          },
          {
            "x": 4123,
            "y": 1735
          },
          {
            "x": 4125,
            "y": 1735
          },
          {
            "x": 4126,
            "y": 1734
          },
          {
            "x": 4133,
            "y": 1734
          },
          {
            "x": 4134,
            "y": 1733
          },
          {
            "x": 4146,
            "y": 1733
          },
          {
            "x": 4147,
            "y": 1732
          },
          {
            "x": 4150,
            "y": 1732
          },
          {
            "x": 4151,
            "y": 1731
          },
          {
            "x": 4152,
            "y": 1731
          },
          {
            "x": 4152,
            "y": 1730
          },
          {
            "x": 4153,
            "y": 1729.0
          },
          {
            "x": 4154,
            "y": 1729.0
          },
          {
            "x": 4155,
            "y": 1728
          },
          {
            "x": 4156,
            "y": 1728
          },
          {
            "x": 4157,
            "y": 1727.0
          },
          {
            "x": 4158,
            "y": 1727.0
          },
          {
            "x": 4160,
            "y": 1725
          },
          {
            "x": 4162,
            "y": 1725
          },
          {
            "x": 4163,
            "y": 1724
          },
          {
            "x": 4164,
            "y": 1724
          },
          {
            "x": 4165,
            "y": 1723
          },
          {
            "x": 4166,
            "y": 1723
          },
          {
            "x": 4169,
            "y": 1720.0
          },
          {
            "x": 4169,
            "y": 1718.0
          },
          {
            "x": 4170,
            "y": 1717
          },
          {
            "x": 4170,
            "y": 1716.0
          },
          {
            "x": 4171,
            "y": 1715
          },
          {
            "x": 4172,
            "y": 1715
          },
          {
            "x": 4172,
            "y": 1713
          },
          {
            "x": 4173,
            "y": 1712
          },
          {
            "x": 4173,
            "y": 1710
          },
          {
            "x": 4174,
            "y": 1709.0
          },
          {
            "x": 4174,
            "y": 1706
          },
          {
            "x": 4175,
            "y": 1705.0
          },
          {
            "x": 4175,
            "y": 1702
          },
          {
            "x": 4176,
            "y": 1701
          },
          {
            "x": 4176,
            "y": 1683.0
          },
          {
            "x": 4177,
            "y": 1682
          },
          {
            "x": 4177,
            "y": 1680
          },
          {
            "x": 4178,
            "y": 1679
          },
          {
            "x": 4178,
            "y": 1678
          },
          {
            "x": 4179,
            "y": 1677
          },
          {
            "x": 4179,
            "y": 1676.0
          },
          {
            "x": 4180,
            "y": 1675
          },
          {
            "x": 4180,
            "y": 1674.0
          },
          {
            "x": 4181,
            "y": 1673
          },
          {
            "x": 4183,
            "y": 1673
          },
          {
            "x": 4184,
            "y": 1672.0
          },
          {
            "x": 4185,
            "y": 1672.0
          },
          {
            "x": 4186,
            "y": 1671
          },
          {
            "x": 4188,
            "y": 1671
          },
          {
            "x": 4189,
            "y": 1670
          },
          {
            "x": 4192,
            "y": 1670
          },
          {
            "x": 4193,
            "y": 1669
          },
          {
            "x": 4195,
            "y": 1669
          },
          {
            "x": 4196,
            "y": 1668
          },
          {
            "x": 4197,
            "y": 1668
          },
          {
            "x": 4199,
            "y": 1666
          },
          {
            "x": 4199,
            "y": 1665.0
          },
          {
            "x": 4200,
            "y": 1664
          },
          {
            "x": 4200,
            "y": 1662
          },
          {
            "x": 4201,
            "y": 1661
          },
          {
            "x": 4201,
            "y": 1660
          },
          {
            "x": 4202,
            "y": 1659
          },
          {
            "x": 4202,
            "y": 1658
          },
          {
            "x": 4203,
            "y": 1657
          },
          {
            "x": 4203,
            "y": 1656.0
          },
          {
            "x": 4205,
            "y": 1654.0
          },
          {
            "x": 4206,
            "y": 1654.0
          },
          {
            "x": 4206,
            "y": 1652.0
          },
          {
            "x": 4208,
            "y": 1650
          },
          {
            "x": 4208,
            "y": 1649
          },
          {
            "x": 4211,
            "y": 1646
          },
          {
            "x": 4211,
            "y": 1645.0
          },
          {
            "x": 4214,
            "y": 1642
          },
          {
            "x": 4214,
            "y": 1641.0
          },
          {
            "x": 4215,
            "y": 1640
          },
          {
            "x": 4215,
            "y": 1639
          },
          {
            "x": 4216,
            "y": 1638
          },
          {
            "x": 4217,
            "y": 1638
          },
          {
            "x": 4217,
            "y": 1636
          },
          {
            "x": 4218,
            "y": 1635
          },
          {
            "x": 4218,
            "y": 1630.0
          },
          {
            "x": 4219,
            "y": 1629
          },
          {
            "x": 4219,
            "y": 1628
          },
          {
            "x": 4220,
            "y": 1627
          },
          {
            "x": 4220,
            "y": 1626
          },
          {
            "x": 4221,
            "y": 1625
          },
          {
            "x": 4222,
            "y": 1625
          },
          {
            "x": 4225,
            "y": 1622
          },
          {
            "x": 4226,
            "y": 1622
          },
          {
            "x": 4227,
            "y": 1621.0
          },
          {
            "x": 4228,
            "y": 1621.0
          },
          {
            "x": 4228,
            "y": 1619.0
          },
          {
            "x": 4230,
            "y": 1617
          },
          {
            "x": 4230,
            "y": 1615
          },
          {
            "x": 4231,
            "y": 1614
          },
          {
            "x": 4231,
            "y": 1611
          },
          {
            "x": 4230,
            "y": 1610.0
          },
          {
            "x": 4230,
            "y": 1606
          },
          {
            "x": 4229,
            "y": 1605
          },
          {
            "x": 4229,
            "y": 1603
          },
          {
            "x": 4228,
            "y": 1602
          },
          {
            "x": 4228,
            "y": 1600
          },
          {
            "x": 4227,
            "y": 1600
          },
          {
            "x": 4226,
            "y": 1599.0
          },
          {
            "x": 4226,
            "y": 1595
          },
          {
            "x": 4225,
            "y": 1594
          },
          {
            "x": 4225,
            "y": 1590.0
          },
          {
            "x": 4226,
            "y": 1589
          },
          {
            "x": 4226,
            "y": 1587
          },
          {
            "x": 4227,
            "y": 1586
          },
          {
            "x": 4228,
            "y": 1586
          },
          {
            "x": 4228,
            "y": 1584
          },
          {
            "x": 4229,
            "y": 1583
          },
          {
            "x": 4229,
            "y": 1561
          },
          {
            "x": 4230,
            "y": 1560
          },
          {
            "x": 4230,
            "y": 1551
          },
          {
            "x": 4228,
            "y": 1549
          },
          {
            "x": 4227,
            "y": 1549
          },
          {
            "x": 4223,
            "y": 1545
          },
          {
            "x": 4222,
            "y": 1545
          },
          {
            "x": 4220,
            "y": 1543
          },
          {
            "x": 4220,
            "y": 1542
          },
          {
            "x": 4219,
            "y": 1541
          },
          {
            "x": 4219,
            "y": 1539
          },
          {
            "x": 4218,
            "y": 1538
          },
          {
            "x": 4218,
            "y": 1535.0
          },
          {
            "x": 4217,
            "y": 1534
          },
          {
            "x": 4217,
            "y": 1533
          },
          {
            "x": 4216,
            "y": 1533
          },
          {
            "x": 4215,
            "y": 1532
          },
          {
            "x": 4215,
            "y": 1531
          },
          {
            "x": 4214,
            "y": 1530
          },
          {
            "x": 4214,
            "y": 1529
          },
          {
            "x": 4213,
            "y": 1528.0
          },
          {
            "x": 4213,
            "y": 1527
          },
          {
            "x": 4212,
            "y": 1526.0
          },
          {
            "x": 4212,
            "y": 1525
          },
          {
            "x": 4211,
            "y": 1524.0
          },
          {
            "x": 4211,
            "y": 1522
          },
          {
            "x": 4210,
            "y": 1521
          },
          {
            "x": 4210,
            "y": 1520
          },
          {
            "x": 4209,
            "y": 1519
          },
          {
            "x": 4209,
            "y": 1516
          },
          {
            "x": 4208,
            "y": 1515.0
          },
          {
            "x": 4208,
            "y": 1512
          },
          {
            "x": 4207,
            "y": 1511
          },
          {
            "x": 4207,
            "y": 1506.0
          },
          {
            "x": 4206,
            "y": 1505
          },
          {
            "x": 4206,
            "y": 1503
          },
          {
            "x": 4205,
            "y": 1503
          },
          {
            "x": 4204,
            "y": 1502.0
          },
          {
            "x": 4204,
            "y": 1501
          },
          {
            "x": 4203,
            "y": 1500
          },
          {
            "x": 4203,
            "y": 1496
          },
          {
            "x": 4202,
            "y": 1495.0
          },
          {
            "x": 4202,
            "y": 1494
          },
          {
            "x": 4201,
            "y": 1493.0
          },
          {
            "x": 4201,
            "y": 1491.0
          },
          {
            "x": 4197,
            "y": 1487
          },
          {
            "x": 4197,
            "y": 1486
          },
          {
            "x": 4196,
            "y": 1485
          },
          {
            "x": 4196,
            "y": 1484.0
          },
          {
            "x": 4195,
            "y": 1483
          },
          {
            "x": 4194,
            "y": 1483
          },
          {
            "x": 4191,
            "y": 1480.0
          },
          {
            "x": 4191,
            "y": 1479
          },
          {
            "x": 4189,
            "y": 1477
          },
          {
            "x": 4189,
            "y": 1476
          },
          {
            "x": 4187,
            "y": 1474
          },
          {
            "x": 4187,
            "y": 1472
          },
          {
            "x": 4186,
            "y": 1471.0
          },
          {
            "x": 4186,
            "y": 1470
          },
          {
            "x": 4185,
            "y": 1469
          },
          {
            "x": 4185,
            "y": 1468
          },
          {
            "x": 4184,
            "y": 1467
          },
          {
            "x": 4184,
            "y": 1466
          },
          {
            "x": 4183,
            "y": 1465
          },
          {
            "x": 4183,
            "y": 1464.0
          },
          {
            "x": 4182,
            "y": 1464.0
          },
          {
            "x": 4181,
            "y": 1463
          },
          {
            "x": 4181,
            "y": 1462.0
          },
          {
            "x": 4180,
            "y": 1461
          },
          {
            "x": 4180,
            "y": 1460.0
          },
          {
            "x": 4172,
            "y": 1452
          },
          {
            "x": 4172,
            "y": 1451.0
          },
          {
            "x": 4170,
            "y": 1451.0
          },
          {
            "x": 4164,
            "y": 1445
          },
          {
            "x": 4164,
            "y": 1444
          },
          {
            "x": 4161,
            "y": 1441
          }
        ]
      }
    }
  ]
}