{
  "image": {
    "width": 1200,
    "height": 1500,
    "filename": "00000045.jpeg",
    "original_filename": "pexels-photo-1122408.jpeg",
    "url": "https://darwin.v7labs.com/api/images/1221724/original?token=352cf892-311a-4ca4-80fd-3f05fb7d64b8",
    "thumbnail_url": "https://darwin.v7labs.com/api/images/1221724/thumbnail?token=352cf892-311a-4ca4-80fd-3f05fb7d64b8",
    "workview_url": "https://darwin.v7labs.com/workview?dataset=1191&image=45"
  },
  "dataset": "Mapping_2",
  "annotated": true,
  "annotations": [
    {
      "annotator": {
        "email": "begimbaeva.s95@gmail.com",
        "full_name": "Saltanat Begimbaeva"
      },
      "name": "Tree Polygon ",
      "polygon": {
        "path": [
          {
            "x": 559,
            "y": 282
          },
          {
            "x": 559,
            "y": 298
          },
          {
            "x": 558,
            "y": 299
          },
          {
            "x": 558,
            "y": 301
          },
          {
            "x": 556,
            "y": 303
          },
          {
            "x": 555,
            "y": 303
          },
          {
            "x": 555,
            "y": 305
          },
          {
            "x": 554,
            "y": 306
          },
          {
            "x": 554,
            "y": 312
          },
          {
            "x": 555,
            "y": 313
          },
          {
            "x": 555,
            "y": 322
          },
          {
            "x": 554,
            "y": 323
          },
          {
            "x": 554,
            "y": 324
          },
          {
            "x": 553,
            "y": 325
          },
          {
            "x": 553,
            "y": 328
          },
          {
            "x": 552,
            "y": 329
          },
          {
            "x": 552,
            "y": 335
          },
          {
            "x": 551,
            "y": 336
          },
          {
            "x": 550,
            "y": 336
          },
          {
            "x": 550,
            "y": 342
          },
          {
            "x": 551,
            "y": 342
          },
          {
            "x": 552,
            "y": 343
          },
          {
            "x": 552,
            "y": 346
          },
          {
            "x": 553,
            "y": 347
          },
          {
            "x": 553,
            "y": 349
          },
          {
            "x": 554,
            "y": 350
          },
          {
            "x": 556,
            "y": 350
          },
          {
            "x": 558,
            "y": 352
          },
          {
            "x": 558,
            "y": 353
          },
          {
            "x": 559,
            "y": 354
          },
          {
            "x": 561,
            "y": 354
          },
          {
            "x": 562,
            "y": 355
          },
          {
            "x": 564,
            "y": 355
          },
          {
            "x": 565,
            "y": 356
          },
          {
            "x": 565,
            "y": 357
          },
          {
            "x": 566,
            "y": 358
          },
          {
            "x": 567,
            "y": 358
          },
          {
            "x": 568,
            "y": 359
          },
          {
            "x": 571,
            "y": 359
          },
          {
            "x": 572,
            "y": 360
          },
          {
            "x": 575,
            "y": 360
          },
          {
            "x": 576,
            "y": 361
          },
          {
            "x": 576,
            "y": 362
          },
          {
            "x": 578,
            "y": 362
          },
          {
            "x": 581,
            "y": 365
          },
          {
            "x": 581,
            "y": 366
          },
          {
            "x": 582,
            "y": 366
          },
          {
            "x": 583,
            "y": 367
          },
          {
            "x": 583,
            "y": 368
          },
          {
            "x": 584,
            "y": 369
          },
          {
            "x": 584,
            "y": 371
          },
          {
            "x": 585,
            "y": 372
          },
          {
            "x": 586,
            "y": 372
          },
          {
            "x": 587,
            "y": 373
          },
          {
            "x": 587,
            "y": 375
          },
          {
            "x": 588,
            "y": 376
          },
          {
            "x": 589,
            "y": 376
          },
          {
            "x": 590,
            "y": 377
          },
          {
            "x": 592,
            "y": 377
          },
          {
            "x": 593,
            "y": 378
          },
          {
            "x": 593,
            "y": 379
          },
          {
            "x": 595,
            "y": 379
          },
          {
            "x": 596,
            "y": 380
          },
          {
            "x": 599,
            "y": 380
          },
          {
            "x": 600,
            "y": 381
          },
          {
            "x": 602,
            "y": 381
          },
          {
            "x": 603,
            "y": 382
          },
          {
            "x": 603,
            "y": 383
          },
          {
            "x": 606,
            "y": 383
          },
          {
            "x": 607,
            "y": 384
          },
          {
            "x": 610,
            "y": 384
          },
          {
            "x": 611,
            "y": 385
          },
          {
            "x": 615,
            "y": 385
          },
          {
            "x": 616,
            "y": 386
          },
          {
            "x": 623,
            "y": 386
          },
          {
            "x": 624,
            "y": 387
          },
          {
            "x": 624,
            "y": 388
          },
          {
            "x": 638,
            "y": 388
          },
          {
            "x": 639,
            "y": 389
          },
          {
            "x": 656,
            "y": 389
          },
          {
            "x": 657,
            "y": 390
          },
          {
            "x": 662,
            "y": 390
          },
          {
            "x": 663,
            "y": 391
          },
          {
            "x": 663,
            "y": 392
          },
          {
            "x": 666,
            "y": 392
          },
          {
            "x": 667,
            "y": 393
          },
          {
            "x": 669,
            "y": 393
          },
          {
            "x": 670,
            "y": 394
          },
          {
            "x": 678,
            "y": 394
          },
          {
            "x": 679,
            "y": 395
          },
          {
            "x": 679,
            "y": 396
          },
          {
            "x": 689,
            "y": 396
          },
          {
            "x": 690,
            "y": 397
          },
          {
            "x": 699,
            "y": 397
          },
          {
            "x": 700,
            "y": 398
          },
          {
            "x": 708,
            "y": 398
          },
          {
            "x": 709,
            "y": 399
          },
          {
            "x": 718,
            "y": 399
          },
          {
            "x": 719,
            "y": 400
          },
          {
            "x": 719,
            "y": 401
          },
          {
            "x": 728,
            "y": 401
          },
          {
            "x": 729,
            "y": 402
          },
          {
            "x": 740,
            "y": 402
          },
          {
            "x": 741,
            "y": 403
          },
          {
            "x": 754,
            "y": 403
          },
          {
            "x": 755,
            "y": 402
          },
          {
            "x": 766,
            "y": 402
          },
          {
            "x": 767,
            "y": 403
          },
          {
            "x": 775,
            "y": 403
          },
          {
            "x": 776,
            "y": 404
          },
          {
            "x": 776,
            "y": 405
          },
          {
            "x": 784,
            "y": 405
          },
          {
            "x": 785,
            "y": 406.0
          },
          {
            "x": 805,
            "y": 406.0
          },
          {
            "x": 806,
            "y": 405
          },
          {
            "x": 810,
            "y": 405
          },
          {
            "x": 811,
            "y": 406.0
          },
          {
            "x": 818,
            "y": 406.0
          },
          {
            "x": 819,
            "y": 407.0
          },
          {
            "x": 824,
            "y": 407.0
          },
          {
            "x": 825.0,
            "y": 408.0
          },
          {
            "x": 825.0,
            "y": 409.0
          },
          {
            "x": 832,
            "y": 409.0
          },
          {
            "x": 833,
            "y": 410.0
          },
          {
            "x": 843,
            "y": 410.0
          },
          {
            "x": 844,
            "y": 411
          },
          {
            "x": 849.0,
            "y": 411
          },
          {
            "x": 850,
            "y": 412
          },
          {
            "x": 854,
            "y": 412
          },
          {
            "x": 855,
            "y": 413
          },
          {
            "x": 855,
            "y": 414
          },
          {
            "x": 860.0,
            "y": 414
          },
          {
            "x": 861,
            "y": 415
          },
          {
            "x": 880.0,
            "y": 415
          },
          {
            "x": 881,
            "y": 414
          },
          {
            "x": 887,
            "y": 414
          },
          {
            "x": 887,
            "y": 413
          },
          {
            "x": 888,
            "y": 412
          },
          {
            "x": 917.0,
            "y": 412
          },
          {
            "x": 918,
            "y": 411
          },
          {
            "x": 926.0,
            "y": 411
          },
          {
            "x": 927,
            "y": 412
          },
          {
            "x": 934,
            "y": 412
          },
          {
            "x": 935.0,
            "y": 413
          },
          {
            "x": 935.0,
            "y": 414
          },
          {
            "x": 937.0,
            "y": 414
          },
          {
            "x": 938,
            "y": 415
          },
          {
            "x": 941,
            "y": 415
          },
          {
            "x": 942,
            "y": 416
          },
          {
            "x": 950.0,
            "y": 416
          },
          {
            "x": 951,
            "y": 417
          },
          {
            "x": 951,
            "y": 418.0
          },
          {
            "x": 959.0,
            "y": 418.0
          },
          {
            "x": 960,
            "y": 419.0
          },
          {
            "x": 963,
            "y": 419.0
          },
          {
            "x": 964,
            "y": 420.0
          },
          {
            "x": 966.0,
            "y": 420.0
          },
          {
            "x": 967,
            "y": 421.0
          },
          {
            "x": 970.0,
            "y": 421.0
          },
          {
            "x": 971,
            "y": 422
          },
          {
            "x": 971,
            "y": 423
          },
          {
            "x": 975,
            "y": 423
          },
          {
            "x": 976,
            "y": 424
          },
          {
            "x": 984,
            "y": 424
          },
          {
            "x": 985,
            "y": 425
          },
          {
            "x": 1020,
            "y": 425
          },
          {
            "x": 1021.0,
            "y": 426
          },
          {
            "x": 1021.0,
            "y": 427
          },
          {
            "x": 1026,
            "y": 427
          },
          {
            "x": 1027,
            "y": 428
          },
          {
            "x": 1031,
            "y": 428
          },
          {
            "x": 1032,
            "y": 429.0
          },
          {
            "x": 1040,
            "y": 429.0
          },
          {
            "x": 1041,
            "y": 430.0
          },
          {
            "x": 1041,
            "y": 431.0
          },
          {
            "x": 1048,
            "y": 431.0
          },
          {
            "x": 1048,
            "y": 430.0
          },
          {
            "x": 1049,
            "y": 429.0
          },
          {
            "x": 1057,
            "y": 429.0
          },
          {
            "x": 1058,
            "y": 428
          },
          {
            "x": 1059,
            "y": 429.0
          },
          {
            "x": 1063,
            "y": 429.0
          },
          {
            "x": 1064,
            "y": 430.0
          },
          {
            "x": 1064,
            "y": 431.0
          },
          {
            "x": 1066,
            "y": 431.0
          },
          {
            "x": 1067,
            "y": 432.0
          },
          {
            "x": 1070,
            "y": 432.0
          },
          {
            "x": 1071,
            "y": 433
          },
          {
            "x": 1074,
            "y": 433
          },
          {
            "x": 1075,
            "y": 434
          },
          {
            "x": 1080,
            "y": 434
          },
          {
            "x": 1081,
            "y": 435
          },
          {
            "x": 1081,
            "y": 436
          },
          {
            "x": 1087,
            "y": 436
          },
          {
            "x": 1088,
            "y": 437
          },
          {
            "x": 1092,
            "y": 437
          },
          {
            "x": 1093,
            "y": 438
          },
          {
            "x": 1100,
            "y": 438
          },
          {
            "x": 1101,
            "y": 439
          },
          {
            "x": 1101,
            "y": 440.0
          },
          {
            "x": 1106,
            "y": 440.0
          },
          {
            "x": 1107,
            "y": 441.0
          },
          {
            "x": 1110,
            "y": 441.0
          },
          {
            "x": 1111,
            "y": 442.0
          },
          {
            "x": 1114,
            "y": 442.0
          },
          {
            "x": 1115,
            "y": 443.0
          },
          {
            "x": 1115,
            "y": 444
          },
          {
            "x": 1120,
            "y": 444
          },
          {
            "x": 1121,
            "y": 445
          },
          {
            "x": 1136,
            "y": 445
          },
          {
            "x": 1137,
            "y": 446
          },
          {
            "x": 1140,
            "y": 446
          },
          {
            "x": 1141,
            "y": 447
          },
          {
            "x": 1156,
            "y": 447
          },
          {
            "x": 1157,
            "y": 446
          },
          {
            "x": 1162,
            "y": 446
          },
          {
            "x": 1163,
            "y": 445
          },
          {
            "x": 1179,
            "y": 445
          },
          {
            "x": 1180,
            "y": 446
          },
          {
            "x": 1193,
            "y": 446
          },
          {
            "x": 1194,
            "y": 447
          },
          {
            "x": 1198,
            "y": 447
          },
          {
            "x": 1198,
            "y": 245
          },
          {
            "x": 1197,
            "y": 245
          },
          {
            "x": 1196,
            "y": 244
          },
          {
            "x": 1196,
            "y": 243.0
          },
          {
            "x": 1193,
            "y": 243.0
          },
          {
            "x": 1192,
            "y": 242.0
          },
          {
            "x": 1190,
            "y": 242.0
          },
          {
            "x": 1189,
            "y": 241
          },
          {
            "x": 1188,
            "y": 241
          },
          {
            "x": 1187,
            "y": 240
          },
          {
            "x": 1187,
            "y": 239
          },
          {
            "x": 1181,
            "y": 239
          },
          {
            "x": 1180,
            "y": 238
          },
          {
            "x": 1168,
            "y": 238
          },
          {
            "x": 1167,
            "y": 237.0
          },
          {
            "x": 1154,
            "y": 237.0
          },
          {
            "x": 1153,
            "y": 238
          },
          {
            "x": 1151,
            "y": 238
          },
          {
            "x": 1150,
            "y": 239
          },
          {
            "x": 1149,
            "y": 239
          },
          {
            "x": 1149,
            "y": 240
          },
          {
            "x": 1148,
            "y": 241
          },
          {
            "x": 1147,
            "y": 241
          },
          {
            "x": 1145,
            "y": 243.0
          },
          {
            "x": 1145,
            "y": 244
          },
          {
            "x": 1144,
            "y": 245
          },
          {
            "x": 1142,
            "y": 245
          },
          {
            "x": 1141,
            "y": 246
          },
          {
            "x": 1137,
            "y": 246
          },
          {
            "x": 1136,
            "y": 247.0
          },
          {
            "x": 1131,
            "y": 247.0
          },
          {
            "x": 1131,
            "y": 248.0
          },
          {
            "x": 1130,
            "y": 249
          },
          {
            "x": 1119,
            "y": 249
          },
          {
            "x": 1118,
            "y": 250
          },
          {
            "x": 1094,
            "y": 250
          },
          {
            "x": 1093,
            "y": 251
          },
          {
            "x": 1081,
            "y": 251
          },
          {
            "x": 1080,
            "y": 250
          },
          {
            "x": 1075,
            "y": 250
          },
          {
            "x": 1074,
            "y": 249
          },
          {
            "x": 1063,
            "y": 249
          },
          {
            "x": 1062,
            "y": 250
          },
          {
            "x": 1057,
            "y": 250
          },
          {
            "x": 1056,
            "y": 251
          },
          {
            "x": 1051,
            "y": 251
          },
          {
            "x": 1050,
            "y": 252
          },
          {
            "x": 1046,
            "y": 252
          },
          {
            "x": 1046,
            "y": 253.0
          },
          {
            "x": 1045,
            "y": 254.0
          },
          {
            "x": 1042,
            "y": 254.0
          },
          {
            "x": 1041,
            "y": 255
          },
          {
            "x": 1037,
            "y": 255
          },
          {
            "x": 1036,
            "y": 256
          },
          {
            "x": 1033,
            "y": 256
          },
          {
            "x": 1033,
            "y": 257
          },
          {
            "x": 1032,
            "y": 258
          },
          {
            "x": 1028,
            "y": 258
          },
          {
            "x": 1027,
            "y": 259
          },
          {
            "x": 1024,
            "y": 259
          },
          {
            "x": 1023.0,
            "y": 260
          },
          {
            "x": 1019,
            "y": 260
          },
          {
            "x": 1019,
            "y": 261
          },
          {
            "x": 1018,
            "y": 262
          },
          {
            "x": 1014.0,
            "y": 262
          },
          {
            "x": 1013,
            "y": 263
          },
          {
            "x": 1009,
            "y": 263
          },
          {
            "x": 1008,
            "y": 264
          },
          {
            "x": 1003.0,
            "y": 264
          },
          {
            "x": 1002,
            "y": 265
          },
          {
            "x": 999.0,
            "y": 265
          },
          {
            "x": 999.0,
            "y": 266
          },
          {
            "x": 998,
            "y": 267
          },
          {
            "x": 997,
            "y": 267
          },
          {
            "x": 996,
            "y": 268
          },
          {
            "x": 992.0,
            "y": 268
          },
          {
            "x": 991,
            "y": 269
          },
          {
            "x": 988.0,
            "y": 269
          },
          {
            "x": 988.0,
            "y": 270
          },
          {
            "x": 987,
            "y": 271
          },
          {
            "x": 985,
            "y": 271
          },
          {
            "x": 984,
            "y": 272
          },
          {
            "x": 983.0,
            "y": 272
          },
          {
            "x": 982,
            "y": 273
          },
          {
            "x": 979.0,
            "y": 273
          },
          {
            "x": 978,
            "y": 274
          },
          {
            "x": 968.0,
            "y": 274
          },
          {
            "x": 967,
            "y": 273
          },
          {
            "x": 964,
            "y": 273
          },
          {
            "x": 963,
            "y": 272
          },
          {
            "x": 962,
            "y": 272
          },
          {
            "x": 961.0,
            "y": 271
          },
          {
            "x": 958,
            "y": 271
          },
          {
            "x": 957.0,
            "y": 270
          },
          {
            "x": 957.0,
            "y": 269
          },
          {
            "x": 955.0,
            "y": 269
          },
          {
            "x": 954,
            "y": 268
          },
          {
            "x": 950.0,
            "y": 268
          },
          {
            "x": 949,
            "y": 267
          },
          {
            "x": 925,
            "y": 267
          },
          {
            "x": 924.0,
            "y": 266
          },
          {
            "x": 924.0,
            "y": 265
          },
          {
            "x": 923,
            "y": 265
          },
          {
            "x": 923,
            "y": 266
          },
          {
            "x": 922.0,
            "y": 267
          },
          {
            "x": 910,
            "y": 267
          },
          {
            "x": 909,
            "y": 268
          },
          {
            "x": 902.0,
            "y": 268
          },
          {
            "x": 901,
            "y": 269
          },
          {
            "x": 893.0,
            "y": 269
          },
          {
            "x": 893.0,
            "y": 270
          },
          {
            "x": 892,
            "y": 271
          },
          {
            "x": 886.0,
            "y": 271
          },
          {
            "x": 885,
            "y": 272
          },
          {
            "x": 884.0,
            "y": 272
          },
          {
            "x": 883,
            "y": 273
          },
          {
            "x": 881,
            "y": 273
          },
          {
            "x": 880.0,
            "y": 274
          },
          {
            "x": 880.0,
            "y": 275
          },
          {
            "x": 879,
            "y": 276
          },
          {
            "x": 877,
            "y": 276
          },
          {
            "x": 875.0,
            "y": 278
          },
          {
            "x": 873.0,
            "y": 278
          },
          {
            "x": 873.0,
            "y": 279
          },
          {
            "x": 872,
            "y": 280
          },
          {
            "x": 871.0,
            "y": 280
          },
          {
            "x": 870,
            "y": 281
          },
          {
            "x": 868,
            "y": 281
          },
          {
            "x": 867,
            "y": 282
          },
          {
            "x": 864.0,
            "y": 282
          },
          {
            "x": 863,
            "y": 281
          },
          {
            "x": 862.0,
            "y": 281
          },
          {
            "x": 860.0,
            "y": 279
          },
          {
            "x": 860.0,
            "y": 258
          },
          {
            "x": 859,
            "y": 258
          },
          {
            "x": 858.0,
            "y": 257
          },
          {
            "x": 858.0,
            "y": 255
          },
          {
            "x": 857,
            "y": 254.0
          },
          {
            "x": 857,
            "y": 252
          },
          {
            "x": 855,
            "y": 252
          },
          {
            "x": 853.0,
            "y": 250
          },
          {
            "x": 851.0,
            "y": 250
          },
          {
            "x": 850,
            "y": 249
          },
          {
            "x": 849.0,
            "y": 249
          },
          {
            "x": 848,
            "y": 248.0
          },
          {
            "x": 848,
            "y": 247.0
          },
          {
            "x": 846,
            "y": 247.0
          },
          {
            "x": 845,
            "y": 246
          },
          {
            "x": 842.0,
            "y": 246
          },
          {
            "x": 841,
            "y": 245
          },
          {
            "x": 838.0,
            "y": 245
          },
          {
            "x": 837,
            "y": 244
          },
          {
            "x": 837,
            "y": 243.0
          },
          {
            "x": 836.0,
            "y": 243.0
          },
          {
            "x": 834,
            "y": 241
          },
          {
            "x": 832,
            "y": 241
          },
          {
            "x": 831.0,
            "y": 240
          },
          {
            "x": 831.0,
            "y": 239
          },
          {
            "x": 830,
            "y": 238
          },
          {
            "x": 829.0,
            "y": 238
          },
          {
            "x": 826,
            "y": 235
          },
          {
            "x": 826,
            "y": 234
          },
          {
            "x": 825.0,
            "y": 234
          },
          {
            "x": 824,
            "y": 233
          },
          {
            "x": 823,
            "y": 233
          },
          {
            "x": 821,
            "y": 231.0
          },
          {
            "x": 821,
            "y": 230
          },
          {
            "x": 818,
            "y": 230
          },
          {
            "x": 817,
            "y": 229
          },
          {
            "x": 807,
            "y": 229
          },
          {
            "x": 806,
            "y": 230
          },
          {
            "x": 803,
            "y": 230
          },
          {
            "x": 803,
            "y": 231.0
          },
          {
            "x": 802,
            "y": 232.0
          },
          {
            "x": 801,
            "y": 232.0
          },
          {
            "x": 800,
            "y": 233
          },
          {
            "x": 799,
            "y": 233
          },
          {
            "x": 798,
            "y": 234
          },
          {
            "x": 797,
            "y": 234
          },
          {
            "x": 797,
            "y": 235
          },
          {
            "x": 795,
            "y": 237.0
          },
          {
            "x": 794,
            "y": 237.0
          },
          {
            "x": 793,
            "y": 238
          },
          {
            "x": 792,
            "y": 238
          },
          {
            "x": 791,
            "y": 239
          },
          {
            "x": 789,
            "y": 239
          },
          {
            "x": 789,
            "y": 240
          },
          {
            "x": 788,
            "y": 241
          },
          {
            "x": 779,
            "y": 241
          },
          {
            "x": 778,
            "y": 242.0
          },
          {
            "x": 774,
            "y": 242.0
          },
          {
            "x": 773,
            "y": 243.0
          },
          {
            "x": 771,
            "y": 243.0
          },
          {
            "x": 771,
            "y": 244
          },
          {
            "x": 770,
            "y": 245
          },
          {
            "x": 767,
            "y": 245
          },
          {
            "x": 766,
            "y": 246
          },
          {
            "x": 759,
            "y": 246
          },
          {
            "x": 758,
            "y": 245
          },
          {
            "x": 757,
            "y": 245
          },
          {
            "x": 756,
            "y": 244
          },
          {
            "x": 756,
            "y": 243.0
          },
          {
            "x": 755,
            "y": 243.0
          },
          {
            "x": 753,
            "y": 241
          },
          {
            "x": 751,
            "y": 241
          },
          {
            "x": 750,
            "y": 240
          },
          {
            "x": 750,
            "y": 239
          },
          {
            "x": 748,
            "y": 239
          },
          {
            "x": 747,
            "y": 238
          },
          {
            "x": 742,
            "y": 238
          },
          {
            "x": 741,
            "y": 239
          },
          {
            "x": 738,
            "y": 239
          },
          {
            "x": 738,
            "y": 240
          },
          {
            "x": 737,
            "y": 241
          },
          {
            "x": 736,
            "y": 241
          },
          {
            "x": 734,
            "y": 243.0
          },
          {
            "x": 732,
            "y": 243.0
          },
          {
            "x": 732,
            "y": 244
          },
          {
            "x": 730,
            "y": 246
          },
          {
            "x": 729,
            "y": 246
          },
          {
            "x": 728,
            "y": 247.0
          },
          {
            "x": 728,
            "y": 248.0
          },
          {
            "x": 727,
            "y": 249
          },
          {
            "x": 723,
            "y": 249
          },
          {
            "x": 722,
            "y": 250
          },
          {
            "x": 721,
            "y": 249
          },
          {
            "x": 721,
            "y": 247.0
          },
          {
            "x": 720,
            "y": 247.0
          },
          {
            "x": 719,
            "y": 246
          },
          {
            "x": 719,
            "y": 243.0
          },
          {
            "x": 718,
            "y": 242.0
          },
          {
            "x": 718,
            "y": 241
          },
          {
            "x": 717,
            "y": 240
          },
          {
            "x": 717,
            "y": 238
          },
          {
            "x": 716,
            "y": 238
          },
          {
            "x": 715,
            "y": 237.0
          },
          {
            "x": 715,
            "y": 236.0
          },
          {
            "x": 714,
            "y": 235
          },
          {
            "x": 714,
            "y": 234
          },
          {
            "x": 713,
            "y": 233
          },
          {
            "x": 713,
            "y": 232.0
          },
          {
            "x": 712,
            "y": 231.0
          },
          {
            "x": 712,
            "y": 230
          },
          {
            "x": 711,
            "y": 230
          },
          {
            "x": 710,
            "y": 229
          },
          {
            "x": 710,
            "y": 228
          },
          {
            "x": 709,
            "y": 227.0
          },
          {
            "x": 709,
            "y": 226.0
          },
          {
            "x": 708,
            "y": 225
          },
          {
            "x": 707,
            "y": 225
          },
          {
            "x": 706,
            "y": 224
          },
          {
            "x": 705,
            "y": 224
          },
          {
            "x": 704,
            "y": 223
          },
          {
            "x": 701,
            "y": 223
          },
          {
            "x": 700,
            "y": 222
          },
          {
            "x": 700,
            "y": 221.0
          },
          {
            "x": 684,
            "y": 221.0
          },
          {
            "x": 683,
            "y": 220.0
          },
          {
            "x": 681,
            "y": 220.0
          },
          {
            "x": 680,
            "y": 219
          },
          {
            "x": 679,
            "y": 219
          },
          {
            "x": 678,
            "y": 218
          },
          {
            "x": 678,
            "y": 217
          },
          {
            "x": 676,
            "y": 217
          },
          {
            "x": 675,
            "y": 216.0
          },
          {
            "x": 674,
            "y": 216.0
          },
          {
            "x": 673,
            "y": 215.0
          },
          {
            "x": 672,
            "y": 215.0
          },
          {
            "x": 671,
            "y": 214
          },
          {
            "x": 671,
            "y": 213
          },
          {
            "x": 670,
            "y": 213
          },
          {
            "x": 669,
            "y": 212
          },
          {
            "x": 668,
            "y": 212
          },
          {
            "x": 667,
            "y": 211
          },
          {
            "x": 666,
            "y": 211
          },
          {
            "x": 665,
            "y": 210.0
          },
          {
            "x": 664,
            "y": 210.0
          },
          {
            "x": 663,
            "y": 209.0
          },
          {
            "x": 663,
            "y": 208
          },
          {
            "x": 660,
            "y": 205
          },
          {
            "x": 660,
            "y": 204
          },
          {
            "x": 659,
            "y": 204
          },
          {
            "x": 657,
            "y": 202
          },
          {
            "x": 657,
            "y": 200
          },
          {
            "x": 656,
            "y": 199
          },
          {
            "x": 655,
            "y": 199
          },
          {
            "x": 654,
            "y": 198
          },
          {
            "x": 654,
            "y": 197
          },
          {
            "x": 653,
            "y": 196
          },
          {
            "x": 653,
            "y": 194
          },
          {
            "x": 652,
            "y": 193
          },
          {
            "x": 651,
            "y": 193
          },
          {
            "x": 650,
            "y": 192
          },
          {
            "x": 650,
            "y": 190
          },
          {
            "x": 647,
            "y": 187
          },
          {
            "x": 647,
            "y": 186
          },
          {
            "x": 645,
            "y": 186
          },
          {
            "x": 643,
            "y": 184
          },
          {
            "x": 641,
            "y": 184
          },
          {
            "x": 640,
            "y": 183
          },
          {
            "x": 640,
            "y": 182
          },
          {
            "x": 636,
            "y": 182
          },
          {
            "x": 635,
            "y": 181
          },
          {
            "x": 626,
            "y": 181
          },
          {
            "x": 625,
            "y": 182
          },
          {
            "x": 622,
            "y": 182
          },
          {
            "x": 622,
            "y": 183
          },
          {
            "x": 621,
            "y": 184
          },
          {
            "x": 620,
            "y": 184
          },
          {
            "x": 618,
            "y": 186
          },
          {
            "x": 618,
            "y": 187
          },
          {
            "x": 617,
            "y": 188
          },
          {
            "x": 616,
            "y": 188
          },
          {
            "x": 615,
            "y": 189
          },
          {
            "x": 615,
            "y": 190
          },
          {
            "x": 614,
            "y": 191
          },
          {
            "x": 614,
            "y": 193
          },
          {
            "x": 613,
            "y": 194
          },
          {
            "x": 613,
            "y": 197
          },
          {
            "x": 612,
            "y": 198
          },
          {
            "x": 611,
            "y": 198
          },
          {
            "x": 611,
            "y": 206
          },
          {
            "x": 610,
            "y": 207
          },
          {
            "x": 610,
            "y": 216.0
          },
          {
            "x": 609,
            "y": 217
          },
          {
            "x": 609,
            "y": 224
          },
          {
            "x": 608,
            "y": 225
          },
          {
            "x": 607,
            "y": 225
          },
          {
            "x": 607,
            "y": 227.0
          },
          {
            "x": 604,
            "y": 230
          },
          {
            "x": 601,
            "y": 230
          },
          {
            "x": 601,
            "y": 231.0
          },
          {
            "x": 600,
            "y": 232.0
          },
          {
            "x": 597,
            "y": 232.0
          },
          {
            "x": 596,
            "y": 233
          },
          {
            "x": 594,
            "y": 233
          },
          {
            "x": 593,
            "y": 234
          },
          {
            "x": 593,
            "y": 235
          },
          {
            "x": 591,
            "y": 237.0
          },
          {
            "x": 590,
            "y": 237.0
          },
          {
            "x": 590,
            "y": 238
          },
          {
            "x": 589,
            "y": 239
          },
          {
            "x": 589,
            "y": 240
          },
          {
            "x": 588,
            "y": 241
          },
          {
            "x": 588,
            "y": 242.0
          },
          {
            "x": 587,
            "y": 243.0
          },
          {
            "x": 587,
            "y": 245
          },
          {
            "x": 586,
            "y": 246
          },
          {
            "x": 585,
            "y": 246
          },
          {
            "x": 584,
            "y": 247.0
          },
          {
            "x": 584,
            "y": 248.0
          },
          {
            "x": 582,
            "y": 250
          },
          {
            "x": 581,
            "y": 250
          },
          {
            "x": 580,
            "y": 251
          },
          {
            "x": 579,
            "y": 251
          },
          {
            "x": 578,
            "y": 252
          },
          {
            "x": 577,
            "y": 252
          },
          {
            "x": 577,
            "y": 253.0
          },
          {
            "x": 576,
            "y": 254.0
          },
          {
            "x": 576,
            "y": 255
          },
          {
            "x": 575,
            "y": 256
          },
          {
            "x": 575,
            "y": 257
          },
          {
            "x": 574,
            "y": 258
          },
          {
            "x": 574,
            "y": 259
          },
          {
            "x": 573,
            "y": 260
          },
          {
            "x": 572,
            "y": 260
          },
          {
            "x": 572,
            "y": 261
          },
          {
            "x": 571,
            "y": 262
          },
          {
            "x": 571,
            "y": 263
          },
          {
            "x": 569,
            "y": 265
          },
          {
            "x": 568,
            "y": 265
          },
          {
            "x": 568,
            "y": 266
          },
          {
            "x": 565,
            "y": 269
          },
          {
            "x": 565,
            "y": 270
          },
          {
            "x": 564,
            "y": 271
          },
          {
            "x": 563,
            "y": 271
          },
          {
            "x": 563,
            "y": 272
          },
          {
            "x": 562,
            "y": 273
          },
          {
            "x": 562,
            "y": 275
          },
          {
            "x": 561,
            "y": 276
          },
          {
            "x": 561,
            "y": 281
          },
          {
            "x": 560,
            "y": 282
          }
        ]
      }
    },
    {
      "annotator": {
        "email": "begimbaeva.s95@gmail.com",
        "full_name": "Saltanat Begimbaeva"
      },
      "bounding_box": {
        "h": 112.73,
        "w": 32.21,
        "x": 548.1,
        "y": 1013.52
      },
      "name": "Vehicle "
    },
    {
      "annotator": {
        "email": "begimbaeva.s95@gmail.com",
        "full_name": "Saltanat Begimbaeva"
      },
      "bounding_box": {
        "h": 19.56,
        "w": 56.73,
        "x": 532.99,
        "y": 842.08
      },
      "name": "Vehicle "
    }
  ]
}