{
  "image": {
    "width": 5472,
    "height": 3648,
    "filename": "00000010.JPG",
    "original_filename": "EP-00-00012_0119_0044.JPG",
    "url": "https://darwin.v7labs.com/api/images/1221689/original?token=352cf892-311a-4ca4-80fd-3f05fb7d64b8",
    "thumbnail_url": "https://darwin.v7labs.com/api/images/1221689/thumbnail?token=352cf892-311a-4ca4-80fd-3f05fb7d64b8",
    "workview_url": "https://darwin.v7labs.com/workview?dataset=1191&image=10"
  },
  "dataset": "Mapping_2",
  "annotated": true,
  "annotations": [
    {
      "annotator": {
        "email": "begimbaeva.s95@gmail.com",
        "full_name": "Saltanat Begimbaeva"
      },
      "name": "Spring Field Polygon ",
      "polygon": {
        "path": [
          {
            "x": 2220.21,
            "y": -11.77
          },
          {
            "x": 2249.1,
            "y": 569.3
          },
          {
            "x": 2271.57,
            "y": 936.34
          },
          {
            "x": 2353.97,
            "y": 1573.06
          },
          {
            "x": 2421.39,
            "y": 2389.55
          },
          {
            "x": 1986.92,
            "y": 2412.02
          },
          {
            "x": 1312.76,
            "y": 2486.93
          },
          {
            "x": 1.87,
            "y": 2629.26
          },
          {
            "x": -13.11,
            "y": 3633.02
          },
          {
            "x": 735.97,
            "y": 3633.02
          },
          {
            "x": 1714.76,
            "y": 3640.51
          },
          {
            "x": 2816.97,
            "y": 3642.29
          },
          {
            "x": 4083.27,
            "y": 3635.16
          },
          {
            "x": 5483.33,
            "y": 3652.99
          },
          {
            "x": 5474.41,
            "y": 1316.59
          },
          {
            "x": 5492.24,
            "y": 23.54
          },
          {
            "x": 2968.57,
            "y": -3.21
          }
        ]
      }
    },
    {
      "annotator": {
        "email": "begimbaeva.s95@gmail.com",
        "full_name": "Saltanat Begimbaeva"
      },
      "name": "Tree Polygon ",
      "polygon": {
        "path": [
          {
            "x": 469.0,
            "y": 3123
          },
          {
            "x": 466.0,
            "y": 3123
          },
          {
            "x": 465.0,
            "y": 3122
          },
          {
            "x": 453.0,
            "y": 3122
          },
          {
            "x": 452.0,
            "y": 3121
          },
          {
            "x": 452.0,
            "y": 3120
          },
          {
            "x": 447,
            "y": 3120
          },
          {
            "x": 447,
            "y": 3121
          },
          {
            "x": 446.0,
            "y": 3122
          },
          {
            "x": 437.0,
            "y": 3122
          },
          {
            "x": 436,
            "y": 3123
          },
          {
            "x": 434.0,
            "y": 3123
          },
          {
            "x": 434.0,
            "y": 3124
          },
          {
            "x": 433.0,
            "y": 3125
          },
          {
            "x": 432.0,
            "y": 3125
          },
          {
            "x": 431.0,
            "y": 3126
          },
          {
            "x": 430.0,
            "y": 3126
          },
          {
            "x": 430.0,
            "y": 3127
          },
          {
            "x": 429.0,
            "y": 3128
          },
          {
            "x": 427.0,
            "y": 3128
          },
          {
            "x": 425.0,
            "y": 3130
          },
          {
            "x": 424,
            "y": 3130
          },
          {
            "x": 424,
            "y": 3131
          },
          {
            "x": 422.0,
            "y": 3133
          },
          {
            "x": 420.0,
            "y": 3133
          },
          {
            "x": 420.0,
            "y": 3134
          },
          {
            "x": 418.0,
            "y": 3136
          },
          {
            "x": 416.0,
            "y": 3136
          },
          {
            "x": 416.0,
            "y": 3137
          },
          {
            "x": 415.0,
            "y": 3138
          },
          {
            "x": 413.0,
            "y": 3138
          },
          {
            "x": 412,
            "y": 3139
          },
          {
            "x": 407.0,
            "y": 3139
          },
          {
            "x": 406.0,
            "y": 3140
          },
          {
            "x": 393.0,
            "y": 3140
          },
          {
            "x": 392.0,
            "y": 3139
          },
          {
            "x": 386.0,
            "y": 3139
          },
          {
            "x": 385.0,
            "y": 3138
          },
          {
            "x": 380.0,
            "y": 3138
          },
          {
            "x": 379.0,
            "y": 3137
          },
          {
            "x": 379.0,
            "y": 3136
          },
          {
            "x": 375.0,
            "y": 3136
          },
          {
            "x": 374.0,
            "y": 3135
          },
          {
            "x": 370.0,
            "y": 3135
          },
          {
            "x": 369.0,
            "y": 3134
          },
          {
            "x": 369.0,
            "y": 3133
          },
          {
            "x": 366.0,
            "y": 3133
          },
          {
            "x": 365,
            "y": 3132
          },
          {
            "x": 359.0,
            "y": 3132
          },
          {
            "x": 358.0,
            "y": 3131
          },
          {
            "x": 358.0,
            "y": 3130
          },
          {
            "x": 352.0,
            "y": 3130
          },
          {
            "x": 351.0,
            "y": 3129
          },
          {
            "x": 345.0,
            "y": 3129
          },
          {
            "x": 344.0,
            "y": 3128
          },
          {
            "x": 339.0,
            "y": 3128
          },
          {
            "x": 338.0,
            "y": 3127
          },
          {
            "x": 338.0,
            "y": 3126
          },
          {
            "x": 326.0,
            "y": 3126
          },
          {
            "x": 325.0,
            "y": 3125
          },
          {
            "x": 322.0,
            "y": 3125
          },
          {
            "x": 321.0,
            "y": 3124
          },
          {
            "x": 321.0,
            "y": 3123
          },
          {
            "x": 319.0,
            "y": 3123
          },
          {
            "x": 317,
            "y": 3121
          },
          {
            "x": 317,
            "y": 3120
          },
          {
            "x": 315.0,
            "y": 3120
          },
          {
            "x": 314.0,
            "y": 3119
          },
          {
            "x": 312.0,
            "y": 3119
          },
          {
            "x": 311.0,
            "y": 3118
          },
          {
            "x": 306,
            "y": 3118
          },
          {
            "x": 305.0,
            "y": 3117
          },
          {
            "x": 305.0,
            "y": 3116
          },
          {
            "x": 298.0,
            "y": 3116
          },
          {
            "x": 297.0,
            "y": 3115
          },
          {
            "x": 278.0,
            "y": 3115
          },
          {
            "x": 277.0,
            "y": 3114
          },
          {
            "x": 277.0,
            "y": 3113
          },
          {
            "x": 273.0,
            "y": 3113
          },
          {
            "x": 272.0,
            "y": 3112
          },
          {
            "x": 259,
            "y": 3112
          },
          {
            "x": 258.0,
            "y": 3113
          },
          {
            "x": 257.0,
            "y": 3112
          },
          {
            "x": 245.0,
            "y": 3112
          },
          {
            "x": 244.0,
            "y": 3113
          },
          {
            "x": 238.0,
            "y": 3113
          },
          {
            "x": 238.0,
            "y": 3114
          },
          {
            "x": 237.0,
            "y": 3115
          },
          {
            "x": 224,
            "y": 3115
          },
          {
            "x": 223.0,
            "y": 3116
          },
          {
            "x": 218.0,
            "y": 3116
          },
          {
            "x": 218.0,
            "y": 3117
          },
          {
            "x": 217.0,
            "y": 3118
          },
          {
            "x": 215.0,
            "y": 3118
          },
          {
            "x": 214.0,
            "y": 3119
          },
          {
            "x": 211.0,
            "y": 3119
          },
          {
            "x": 210.0,
            "y": 3120
          },
          {
            "x": 208.0,
            "y": 3120
          },
          {
            "x": 208.0,
            "y": 3121
          },
          {
            "x": 207.0,
            "y": 3122
          },
          {
            "x": 204.0,
            "y": 3122
          },
          {
            "x": 203.0,
            "y": 3123
          },
          {
            "x": 187.0,
            "y": 3123
          },
          {
            "x": 186.0,
            "y": 3122
          },
          {
            "x": 182.0,
            "y": 3122
          },
          {
            "x": 181.0,
            "y": 3123
          },
          {
            "x": 154.0,
            "y": 3123
          },
          {
            "x": 154.0,
            "y": 3124
          },
          {
            "x": 153,
            "y": 3125
          },
          {
            "x": 151.0,
            "y": 3125
          },
          {
            "x": 150.0,
            "y": 3126
          },
          {
            "x": 149.0,
            "y": 3126
          },
          {
            "x": 149.0,
            "y": 3127
          },
          {
            "x": 148.0,
            "y": 3128
          },
          {
            "x": 148.0,
            "y": 3129
          },
          {
            "x": 147.0,
            "y": 3130
          },
          {
            "x": 147.0,
            "y": 3131
          },
          {
            "x": 146.0,
            "y": 3132
          },
          {
            "x": 145.0,
            "y": 3132
          },
          {
            "x": 145.0,
            "y": 3134
          },
          {
            "x": 144.0,
            "y": 3135
          },
          {
            "x": 144.0,
            "y": 3137
          },
          {
            "x": 143.0,
            "y": 3138
          },
          {
            "x": 142.0,
            "y": 3138
          },
          {
            "x": 142.0,
            "y": 3139
          },
          {
            "x": 141,
            "y": 3140
          },
          {
            "x": 141,
            "y": 3144
          },
          {
            "x": 140.0,
            "y": 3145
          },
          {
            "x": 139.0,
            "y": 3145
          },
          {
            "x": 139.0,
            "y": 3147
          },
          {
            "x": 138.0,
            "y": 3148
          },
          {
            "x": 138.0,
            "y": 3149
          },
          {
            "x": 137.0,
            "y": 3150
          },
          {
            "x": 137.0,
            "y": 3152
          },
          {
            "x": 136.0,
            "y": 3153
          },
          {
            "x": 135.0,
            "y": 3153
          },
          {
            "x": 135.0,
            "y": 3155
          },
          {
            "x": 134.0,
            "y": 3156
          },
          {
            "x": 134.0,
            "y": 3157
          },
          {
            "x": 133.0,
            "y": 3158
          },
          {
            "x": 132.0,
            "y": 3158
          },
          {
            "x": 130.0,
            "y": 3160
          },
          {
            "x": 130.0,
            "y": 3161
          },
          {
            "x": 129.0,
            "y": 3162
          },
          {
            "x": 128.0,
            "y": 3162
          },
          {
            "x": 127.0,
            "y": 3163
          },
          {
            "x": 127.0,
            "y": 3164
          },
          {
            "x": 126.0,
            "y": 3165
          },
          {
            "x": 122.0,
            "y": 3165
          },
          {
            "x": 121.0,
            "y": 3166
          },
          {
            "x": 115.0,
            "y": 3166
          },
          {
            "x": 114.0,
            "y": 3167
          },
          {
            "x": 112.0,
            "y": 3167
          },
          {
            "x": 112.0,
            "y": 3168
          },
          {
            "x": 111.0,
            "y": 3169
          },
          {
            "x": 108.0,
            "y": 3169
          },
          {
            "x": 107.0,
            "y": 3170
          },
          {
            "x": 107.0,
            "y": 3171
          },
          {
            "x": 106,
            "y": 3172
          },
          {
            "x": 104.0,
            "y": 3172
          },
          {
            "x": 103.0,
            "y": 3173
          },
          {
            "x": 102.0,
            "y": 3173
          },
          {
            "x": 102.0,
            "y": 3182
          },
          {
            "x": 101.0,
            "y": 3183
          },
          {
            "x": 101.0,
            "y": 3185
          },
          {
            "x": 99.0,
            "y": 3187
          },
          {
            "x": 98.0,
            "y": 3187
          },
          {
            "x": 98.0,
            "y": 3189
          },
          {
            "x": 97.0,
            "y": 3190
          },
          {
            "x": 97.0,
            "y": 3191
          },
          {
            "x": 96.0,
            "y": 3192
          },
          {
            "x": 95.0,
            "y": 3192
          },
          {
            "x": 95.0,
            "y": 3195
          },
          {
            "x": 94,
            "y": 3196
          },
          {
            "x": 94,
            "y": 3208
          },
          {
            "x": 93.0,
            "y": 3209
          },
          {
            "x": 92.0,
            "y": 3209
          },
          {
            "x": 91.0,
            "y": 3210
          },
          {
            "x": 91.0,
            "y": 3211
          },
          {
            "x": 89.0,
            "y": 3213
          },
          {
            "x": 88.0,
            "y": 3213
          },
          {
            "x": 88.0,
            "y": 3214
          },
          {
            "x": 86.0,
            "y": 3216
          },
          {
            "x": 84.0,
            "y": 3216
          },
          {
            "x": 83.0,
            "y": 3217
          },
          {
            "x": 83.0,
            "y": 3218
          },
          {
            "x": 82.0,
            "y": 3219
          },
          {
            "x": 81.0,
            "y": 3219
          },
          {
            "x": 80.0,
            "y": 3220
          },
          {
            "x": 80.0,
            "y": 3221
          },
          {
            "x": 79.0,
            "y": 3222
          },
          {
            "x": 78.0,
            "y": 3222
          },
          {
            "x": 76.0,
            "y": 3224
          },
          {
            "x": 75.0,
            "y": 3224
          },
          {
            "x": 75.0,
            "y": 3225
          },
          {
            "x": 74.0,
            "y": 3226
          },
          {
            "x": 73.0,
            "y": 3226
          },
          {
            "x": 72.0,
            "y": 3227
          },
          {
            "x": 71.0,
            "y": 3227
          },
          {
            "x": 71.0,
            "y": 3228
          },
          {
            "x": 70.0,
            "y": 3229
          },
          {
            "x": 68.0,
            "y": 3229
          },
          {
            "x": 67.0,
            "y": 3230
          },
          {
            "x": 67.0,
            "y": 3232
          },
          {
            "x": 66.0,
            "y": 3233
          },
          {
            "x": 65.0,
            "y": 3233
          },
          {
            "x": 65.0,
            "y": 3241
          },
          {
            "x": 66.0,
            "y": 3241
          },
          {
            "x": 67.0,
            "y": 3242
          },
          {
            "x": 67.0,
            "y": 3243
          },
          {
            "x": 68.0,
            "y": 3244
          },
          {
            "x": 68.0,
            "y": 3245
          },
          {
            "x": 69.0,
            "y": 3245
          },
          {
            "x": 70.0,
            "y": 3246
          },
          {
            "x": 70.0,
            "y": 3248
          },
          {
            "x": 71.0,
            "y": 3249
          },
          {
            "x": 71.0,
            "y": 3255
          },
          {
            "x": 69.0,
            "y": 3257
          },
          {
            "x": 68.0,
            "y": 3257
          },
          {
            "x": 68.0,
            "y": 3258
          },
          {
            "x": 67.0,
            "y": 3259
          },
          {
            "x": 67.0,
            "y": 3261
          },
          {
            "x": 66.0,
            "y": 3262
          },
          {
            "x": 65.0,
            "y": 3262
          },
          {
            "x": 65.0,
            "y": 3263
          },
          {
            "x": 64.0,
            "y": 3264
          },
          {
            "x": 64.0,
            "y": 3269
          },
          {
            "x": 63.0,
            "y": 3270
          },
          {
            "x": 63.0,
            "y": 3278
          },
          {
            "x": 62.0,
            "y": 3279
          },
          {
            "x": 61.0,
            "y": 3279
          },
          {
            "x": 61.0,
            "y": 3280
          },
          {
            "x": 60.0,
            "y": 3281
          },
          {
            "x": 60.0,
            "y": 3283
          },
          {
            "x": 59.0,
            "y": 3284
          },
          {
            "x": 58.0,
            "y": 3284
          },
          {
            "x": 58.0,
            "y": 3285
          },
          {
            "x": 56.0,
            "y": 3287
          },
          {
            "x": 55.0,
            "y": 3287
          },
          {
            "x": 55.0,
            "y": 3295
          },
          {
            "x": 54.0,
            "y": 3296
          },
          {
            "x": 54.0,
            "y": 3302
          },
          {
            "x": 53.0,
            "y": 3303
          },
          {
            "x": 53.0,
            "y": 3305
          },
          {
            "x": 52.0,
            "y": 3306
          },
          {
            "x": 51.0,
            "y": 3306
          },
          {
            "x": 50.0,
            "y": 3307
          },
          {
            "x": 48.0,
            "y": 3307
          },
          {
            "x": 48.0,
            "y": 3308
          },
          {
            "x": 46.0,
            "y": 3310
          },
          {
            "x": 44.0,
            "y": 3310
          },
          {
            "x": 43.0,
            "y": 3311
          },
          {
            "x": 41.0,
            "y": 3311
          },
          {
            "x": 41.0,
            "y": 3312
          },
          {
            "x": 39.0,
            "y": 3314
          },
          {
            "x": 37.0,
            "y": 3314
          },
          {
            "x": 37.0,
            "y": 3315
          },
          {
            "x": 35.0,
            "y": 3317
          },
          {
            "x": 33.0,
            "y": 3317
          },
          {
            "x": 33.0,
            "y": 3318
          },
          {
            "x": 32.0,
            "y": 3319
          },
          {
            "x": 30.0,
            "y": 3319
          },
          {
            "x": 29.0,
            "y": 3320
          },
          {
            "x": 28.0,
            "y": 3320
          },
          {
            "x": 27.0,
            "y": 3321
          },
          {
            "x": 27.0,
            "y": 3323
          },
          {
            "x": 26.0,
            "y": 3324
          },
          {
            "x": 26.0,
            "y": 3326
          },
          {
            "x": 25.0,
            "y": 3327
          },
          {
            "x": 24.0,
            "y": 3327
          },
          {
            "x": 24.0,
            "y": 3332.0
          },
          {
            "x": 23.0,
            "y": 3333
          },
          {
            "x": 23.0,
            "y": 3337
          },
          {
            "x": 22.0,
            "y": 3338
          },
          {
            "x": 21.0,
            "y": 3338
          },
          {
            "x": 21.0,
            "y": 3340
          },
          {
            "x": 20.0,
            "y": 3341.0
          },
          {
            "x": 20.0,
            "y": 3342
          },
          {
            "x": 19.0,
            "y": 3343.0
          },
          {
            "x": 17.0,
            "y": 3343.0
          },
          {
            "x": 16.0,
            "y": 3344
          },
          {
            "x": 16.0,
            "y": 3345.0
          },
          {
            "x": 15.0,
            "y": 3346
          },
          {
            "x": 14.0,
            "y": 3346
          },
          {
            "x": 12.0,
            "y": 3348
          },
          {
            "x": 11.0,
            "y": 3348
          },
          {
            "x": 11.0,
            "y": 3349
          },
          {
            "x": 10.0,
            "y": 3350.0
          },
          {
            "x": 10.0,
            "y": 3357
          },
          {
            "x": 12.0,
            "y": 3357
          },
          {
            "x": 13.0,
            "y": 3358.0
          },
          {
            "x": 13.0,
            "y": 3359
          },
          {
            "x": 14.0,
            "y": 3360
          },
          {
            "x": 16.0,
            "y": 3360
          },
          {
            "x": 17.0,
            "y": 3361
          },
          {
            "x": 17.0,
            "y": 3362
          },
          {
            "x": 18.0,
            "y": 3363.0
          },
          {
            "x": 19.0,
            "y": 3363.0
          },
          {
            "x": 20.0,
            "y": 3364
          },
          {
            "x": 20.0,
            "y": 3365.0
          },
          {
            "x": 21.0,
            "y": 3366
          },
          {
            "x": 22.0,
            "y": 3366
          },
          {
            "x": 24.0,
            "y": 3368
          },
          {
            "x": 24.0,
            "y": 3370
          },
          {
            "x": 25.0,
            "y": 3370
          },
          {
            "x": 26.0,
            "y": 3371
          },
          {
            "x": 26.0,
            "y": 3373
          },
          {
            "x": 27.0,
            "y": 3374.0
          },
          {
            "x": 27.0,
            "y": 3376.0
          },
          {
            "x": 28.0,
            "y": 3377
          },
          {
            "x": 29.0,
            "y": 3377
          },
          {
            "x": 30.0,
            "y": 3378.0
          },
          {
            "x": 30.0,
            "y": 3379
          },
          {
            "x": 32.0,
            "y": 3379
          },
          {
            "x": 33.0,
            "y": 3380.0
          },
          {
            "x": 37.0,
            "y": 3380.0
          },
          {
            "x": 38.0,
            "y": 3381
          },
          {
            "x": 38.0,
            "y": 3382.0
          },
          {
            "x": 44.0,
            "y": 3382.0
          },
          {
            "x": 45.0,
            "y": 3383
          },
          {
            "x": 49.0,
            "y": 3383
          },
          {
            "x": 50.0,
            "y": 3384
          },
          {
            "x": 52.0,
            "y": 3384
          },
          {
            "x": 53.0,
            "y": 3385
          },
          {
            "x": 53.0,
            "y": 3386
          },
          {
            "x": 55.0,
            "y": 3388
          },
          {
            "x": 55.0,
            "y": 3407
          },
          {
            "x": 54.0,
            "y": 3408
          },
          {
            "x": 54.0,
            "y": 3410
          },
          {
            "x": 53.0,
            "y": 3411.0
          },
          {
            "x": 53.0,
            "y": 3412
          },
          {
            "x": 52.0,
            "y": 3413.0
          },
          {
            "x": 51.0,
            "y": 3413.0
          },
          {
            "x": 51.0,
            "y": 3414
          },
          {
            "x": 50.0,
            "y": 3415.0
          },
          {
            "x": 50.0,
            "y": 3417.0
          },
          {
            "x": 49.0,
            "y": 3418
          },
          {
            "x": 48.0,
            "y": 3418
          },
          {
            "x": 48.0,
            "y": 3423
          },
          {
            "x": 47,
            "y": 3424.0
          },
          {
            "x": 47,
            "y": 3433.0
          },
          {
            "x": 48.0,
            "y": 3434
          },
          {
            "x": 48.0,
            "y": 3436
          },
          {
            "x": 49.0,
            "y": 3436
          },
          {
            "x": 50.0,
            "y": 3437.0
          },
          {
            "x": 52.0,
            "y": 3437.0
          },
          {
            "x": 53.0,
            "y": 3438
          },
          {
            "x": 53.0,
            "y": 3439.0
          },
          {
            "x": 66.0,
            "y": 3439.0
          },
          {
            "x": 66.0,
            "y": 3438
          },
          {
            "x": 67.0,
            "y": 3437.0
          },
          {
            "x": 72.0,
            "y": 3437.0
          },
          {
            "x": 73.0,
            "y": 3438
          },
          {
            "x": 73.0,
            "y": 3439.0
          },
          {
            "x": 76.0,
            "y": 3439.0
          },
          {
            "x": 77.0,
            "y": 3440
          },
          {
            "x": 79.0,
            "y": 3440
          },
          {
            "x": 81.0,
            "y": 3442
          },
          {
            "x": 81.0,
            "y": 3443
          },
          {
            "x": 82.0,
            "y": 3443
          },
          {
            "x": 83.0,
            "y": 3444
          },
          {
            "x": 83.0,
            "y": 3446.0
          },
          {
            "x": 84.0,
            "y": 3447
          },
          {
            "x": 84.0,
            "y": 3451
          },
          {
            "x": 85.0,
            "y": 3452.0
          },
          {
            "x": 85.0,
            "y": 3459.0
          },
          {
            "x": 86.0,
            "y": 3459.0
          },
          {
            "x": 88.0,
            "y": 3461.0
          },
          {
            "x": 89.0,
            "y": 3461.0
          },
          {
            "x": 90.0,
            "y": 3462
          },
          {
            "x": 90.0,
            "y": 3463.0
          },
          {
            "x": 91.0,
            "y": 3463.0
          },
          {
            "x": 92.0,
            "y": 3464
          },
          {
            "x": 100.0,
            "y": 3464
          },
          {
            "x": 101.0,
            "y": 3465
          },
          {
            "x": 101.0,
            "y": 3466
          },
          {
            "x": 102.0,
            "y": 3467
          },
          {
            "x": 103.0,
            "y": 3467
          },
          {
            "x": 104.0,
            "y": 3468.0
          },
          {
            "x": 104.0,
            "y": 3469
          },
          {
            "x": 105.0,
            "y": 3470.0
          },
          {
            "x": 105.0,
            "y": 3476.0
          },
          {
            "x": 104.0,
            "y": 3477
          },
          {
            "x": 104.0,
            "y": 3481.0
          },
          {
            "x": 103.0,
            "y": 3482
          },
          {
            "x": 102.0,
            "y": 3482
          },
          {
            "x": 102.0,
            "y": 3493
          },
          {
            "x": 103.0,
            "y": 3493
          },
          {
            "x": 105.0,
            "y": 3495
          },
          {
            "x": 105.0,
            "y": 3496.0
          },
          {
            "x": 107.0,
            "y": 3496.0
          },
          {
            "x": 108.0,
            "y": 3497
          },
          {
            "x": 109.0,
            "y": 3497
          },
          {
            "x": 110.0,
            "y": 3498.0
          },
          {
            "x": 111.0,
            "y": 3498.0
          },
          {
            "x": 112.0,
            "y": 3499
          },
          {
            "x": 112.0,
            "y": 3.5e3
          },
          {
            "x": 114.0,
            "y": 3.5e3
          },
          {
            "x": 115.0,
            "y": 3501
          },
          {
            "x": 116.0,
            "y": 3501
          },
          {
            "x": 117.0,
            "y": 3502
          },
          {
            "x": 117.0,
            "y": 3503.0
          },
          {
            "x": 118.0,
            "y": 3504
          },
          {
            "x": 119.0,
            "y": 3504
          },
          {
            "x": 120.0,
            "y": 3505.0
          },
          {
            "x": 120.0,
            "y": 3506
          },
          {
            "x": 121.0,
            "y": 3507.0
          },
          {
            "x": 121.0,
            "y": 3508
          },
          {
            "x": 122.0,
            "y": 3509.0
          },
          {
            "x": 122.0,
            "y": 3510
          },
          {
            "x": 123.0,
            "y": 3510
          },
          {
            "x": 124.0,
            "y": 3511.0
          },
          {
            "x": 124.0,
            "y": 3514
          },
          {
            "x": 125.0,
            "y": 3515
          },
          {
            "x": 125.0,
            "y": 3520.0
          },
          {
            "x": 126.0,
            "y": 3520.0
          },
          {
            "x": 127.0,
            "y": 3521
          },
          {
            "x": 127.0,
            "y": 3531.0
          },
          {
            "x": 128.0,
            "y": 3532
          },
          {
            "x": 128.0,
            "y": 3533.0
          },
          {
            "x": 136.0,
            "y": 3533.0
          },
          {
            "x": 137.0,
            "y": 3534
          },
          {
            "x": 148.0,
            "y": 3534
          },
          {
            "x": 149.0,
            "y": 3535.0
          },
          {
            "x": 158.0,
            "y": 3535.0
          },
          {
            "x": 159.0,
            "y": 3536
          },
          {
            "x": 159.0,
            "y": 3537
          },
          {
            "x": 164.0,
            "y": 3537
          },
          {
            "x": 165,
            "y": 3538
          },
          {
            "x": 171.0,
            "y": 3538
          },
          {
            "x": 172.0,
            "y": 3539
          },
          {
            "x": 172.0,
            "y": 3540.0
          },
          {
            "x": 180.0,
            "y": 3540.0
          },
          {
            "x": 181.0,
            "y": 3541
          },
          {
            "x": 184.0,
            "y": 3541
          },
          {
            "x": 185.0,
            "y": 3542.0
          },
          {
            "x": 185.0,
            "y": 3543
          },
          {
            "x": 186.0,
            "y": 3543
          },
          {
            "x": 189.0,
            "y": 3546.0
          },
          {
            "x": 189.0,
            "y": 3547
          },
          {
            "x": 190.0,
            "y": 3547
          },
          {
            "x": 191.0,
            "y": 3548
          },
          {
            "x": 193.0,
            "y": 3548
          },
          {
            "x": 194.0,
            "y": 3549
          },
          {
            "x": 194.0,
            "y": 3550
          },
          {
            "x": 196.0,
            "y": 3552
          },
          {
            "x": 196.0,
            "y": 3553.0
          },
          {
            "x": 197.0,
            "y": 3553.0
          },
          {
            "x": 199.0,
            "y": 3555.0
          },
          {
            "x": 200,
            "y": 3555.0
          },
          {
            "x": 201.0,
            "y": 3556
          },
          {
            "x": 201.0,
            "y": 3557.0
          },
          {
            "x": 202.0,
            "y": 3558
          },
          {
            "x": 203.0,
            "y": 3558
          },
          {
            "x": 204.0,
            "y": 3559.0
          },
          {
            "x": 204.0,
            "y": 3560
          },
          {
            "x": 205.0,
            "y": 3560
          },
          {
            "x": 206.0,
            "y": 3561
          },
          {
            "x": 211.0,
            "y": 3561
          },
          {
            "x": 212,
            "y": 3562.0
          },
          {
            "x": 212,
            "y": 3563
          },
          {
            "x": 215.0,
            "y": 3563
          },
          {
            "x": 216.0,
            "y": 3564.0
          },
          {
            "x": 217.0,
            "y": 3564.0
          },
          {
            "x": 218.0,
            "y": 3565
          },
          {
            "x": 220.0,
            "y": 3565
          },
          {
            "x": 221.0,
            "y": 3566.0
          },
          {
            "x": 221.0,
            "y": 3567
          },
          {
            "x": 223.0,
            "y": 3567
          },
          {
            "x": 224,
            "y": 3568.0
          },
          {
            "x": 225.0,
            "y": 3567
          },
          {
            "x": 248.0,
            "y": 3567
          },
          {
            "x": 249.0,
            "y": 3568.0
          },
          {
            "x": 252.0,
            "y": 3568.0
          },
          {
            "x": 253.0,
            "y": 3569
          },
          {
            "x": 253.0,
            "y": 3570.0
          },
          {
            "x": 255.0,
            "y": 3570.0
          },
          {
            "x": 256.0,
            "y": 3571
          },
          {
            "x": 260.0,
            "y": 3571
          },
          {
            "x": 261.0,
            "y": 3572
          },
          {
            "x": 262.0,
            "y": 3572
          },
          {
            "x": 263.0,
            "y": 3573
          },
          {
            "x": 263.0,
            "y": 3574
          },
          {
            "x": 264.0,
            "y": 3574
          },
          {
            "x": 264.0,
            "y": 3573
          },
          {
            "x": 265.0,
            "y": 3572
          },
          {
            "x": 270,
            "y": 3572
          },
          {
            "x": 271,
            "y": 3571
          },
          {
            "x": 272.0,
            "y": 3571
          },
          {
            "x": 273.0,
            "y": 3570.0
          },
          {
            "x": 277.0,
            "y": 3570.0
          },
          {
            "x": 277.0,
            "y": 3569
          },
          {
            "x": 279.0,
            "y": 3567
          },
          {
            "x": 280.0,
            "y": 3567
          },
          {
            "x": 280.0,
            "y": 3566.0
          },
          {
            "x": 281.0,
            "y": 3565
          },
          {
            "x": 282,
            "y": 3565
          },
          {
            "x": 283,
            "y": 3564.0
          },
          {
            "x": 284.0,
            "y": 3564.0
          },
          {
            "x": 285.0,
            "y": 3563
          },
          {
            "x": 285.0,
            "y": 3562.0
          },
          {
            "x": 286.0,
            "y": 3561
          },
          {
            "x": 287.0,
            "y": 3561
          },
          {
            "x": 288.0,
            "y": 3560
          },
          {
            "x": 288.0,
            "y": 3559.0
          },
          {
            "x": 290.0,
            "y": 3557.0
          },
          {
            "x": 291.0,
            "y": 3557.0
          },
          {
            "x": 291.0,
            "y": 3556
          },
          {
            "x": 293.0,
            "y": 3554
          },
          {
            "x": 294,
            "y": 3554
          },
          {
            "x": 295,
            "y": 3553.0
          },
          {
            "x": 295,
            "y": 3552
          },
          {
            "x": 296.0,
            "y": 3551.0
          },
          {
            "x": 298.0,
            "y": 3551.0
          },
          {
            "x": 299.0,
            "y": 3550
          },
          {
            "x": 299.0,
            "y": 3549
          },
          {
            "x": 300.0,
            "y": 3548
          },
          {
            "x": 301.0,
            "y": 3548
          },
          {
            "x": 302.0,
            "y": 3547
          },
          {
            "x": 302.0,
            "y": 3546.0
          },
          {
            "x": 303.0,
            "y": 3545
          },
          {
            "x": 304.0,
            "y": 3545
          },
          {
            "x": 304.0,
            "y": 3535.0
          },
          {
            "x": 303.0,
            "y": 3535.0
          },
          {
            "x": 302.0,
            "y": 3534
          },
          {
            "x": 302.0,
            "y": 3531.0
          },
          {
            "x": 303.0,
            "y": 3530
          },
          {
            "x": 304.0,
            "y": 3530
          },
          {
            "x": 304.0,
            "y": 3529.0
          },
          {
            "x": 306,
            "y": 3527.0
          },
          {
            "x": 307.0,
            "y": 3527.0
          },
          {
            "x": 307.0,
            "y": 3526
          },
          {
            "x": 309.0,
            "y": 3524
          },
          {
            "x": 311.0,
            "y": 3524
          },
          {
            "x": 312.0,
            "y": 3523
          },
          {
            "x": 314.0,
            "y": 3523
          },
          {
            "x": 314.0,
            "y": 3522.0
          },
          {
            "x": 315.0,
            "y": 3521
          },
          {
            "x": 318,
            "y": 3521
          },
          {
            "x": 319.0,
            "y": 3520.0
          },
          {
            "x": 321.0,
            "y": 3520.0
          },
          {
            "x": 322.0,
            "y": 3521
          },
          {
            "x": 324.0,
            "y": 3521
          },
          {
            "x": 325.0,
            "y": 3522.0
          },
          {
            "x": 325.0,
            "y": 3523
          },
          {
            "x": 327.0,
            "y": 3523
          },
          {
            "x": 327.0,
            "y": 3522.0
          },
          {
            "x": 329,
            "y": 3520.0
          },
          {
            "x": 332.0,
            "y": 3520.0
          },
          {
            "x": 332.0,
            "y": 3519
          },
          {
            "x": 333.0,
            "y": 3518.0
          },
          {
            "x": 335.0,
            "y": 3518.0
          },
          {
            "x": 336.0,
            "y": 3517
          },
          {
            "x": 338.0,
            "y": 3517
          },
          {
            "x": 339.0,
            "y": 3516.0
          },
          {
            "x": 341,
            "y": 3516.0
          },
          {
            "x": 341,
            "y": 3515
          },
          {
            "x": 342,
            "y": 3514
          },
          {
            "x": 342,
            "y": 3512
          },
          {
            "x": 343.0,
            "y": 3511.0
          },
          {
            "x": 344.0,
            "y": 3511.0
          },
          {
            "x": 344.0,
            "y": 3509.0
          },
          {
            "x": 346.0,
            "y": 3507.0
          },
          {
            "x": 346.0,
            "y": 3505.0
          },
          {
            "x": 347.0,
            "y": 3504
          },
          {
            "x": 348.0,
            "y": 3504
          },
          {
            "x": 348.0,
            "y": 3502
          },
          {
            "x": 350.0,
            "y": 3.5e3
          },
          {
            "x": 351.0,
            "y": 3.5e3
          },
          {
            "x": 351.0,
            "y": 3498.0
          },
          {
            "x": 353,
            "y": 3496.0
          },
          {
            "x": 354,
            "y": 3496.0
          },
          {
            "x": 354,
            "y": 3495
          },
          {
            "x": 355.0,
            "y": 3494.0
          },
          {
            "x": 355.0,
            "y": 3492.0
          },
          {
            "x": 357.0,
            "y": 3490
          },
          {
            "x": 358.0,
            "y": 3490
          },
          {
            "x": 358.0,
            "y": 3489
          },
          {
            "x": 360.0,
            "y": 3487.0
          },
          {
            "x": 362.0,
            "y": 3487.0
          },
          {
            "x": 363.0,
            "y": 3486
          },
          {
            "x": 365,
            "y": 3486
          },
          {
            "x": 365,
            "y": 3485.0
          },
          {
            "x": 366.0,
            "y": 3484
          },
          {
            "x": 368.0,
            "y": 3484
          },
          {
            "x": 369.0,
            "y": 3483.0
          },
          {
            "x": 371.0,
            "y": 3483.0
          },
          {
            "x": 371.0,
            "y": 3482
          },
          {
            "x": 372.0,
            "y": 3481.0
          },
          {
            "x": 374.0,
            "y": 3481.0
          },
          {
            "x": 375.0,
            "y": 3480
          },
          {
            "x": 378.0,
            "y": 3480
          },
          {
            "x": 378.0,
            "y": 3479
          },
          {
            "x": 380.0,
            "y": 3477
          },
          {
            "x": 382.0,
            "y": 3477
          },
          {
            "x": 383.0,
            "y": 3476.0
          },
          {
            "x": 384.0,
            "y": 3476.0
          },
          {
            "x": 384.0,
            "y": 3475
          },
          {
            "x": 385.0,
            "y": 3474.0
          },
          {
            "x": 386.0,
            "y": 3474.0
          },
          {
            "x": 387.0,
            "y": 3473
          },
          {
            "x": 388,
            "y": 3473
          },
          {
            "x": 388,
            "y": 3472.0
          },
          {
            "x": 390.0,
            "y": 3470.0
          },
          {
            "x": 391.0,
            "y": 3470.0
          },
          {
            "x": 391.0,
            "y": 3468.0
          },
          {
            "x": 393.0,
            "y": 3466
          },
          {
            "x": 393.0,
            "y": 3465
          },
          {
            "x": 394.0,
            "y": 3464
          },
          {
            "x": 395.0,
            "y": 3464
          },
          {
            "x": 396.0,
            "y": 3463.0
          },
          {
            "x": 396.0,
            "y": 3462
          },
          {
            "x": 397.0,
            "y": 3461.0
          },
          {
            "x": 398.0,
            "y": 3461.0
          },
          {
            "x": 400,
            "y": 3459.0
          },
          {
            "x": 401,
            "y": 3459.0
          },
          {
            "x": 401,
            "y": 3458
          },
          {
            "x": 402.0,
            "y": 3457.0
          },
          {
            "x": 402.0,
            "y": 3455
          },
          {
            "x": 404.0,
            "y": 3453
          },
          {
            "x": 405.0,
            "y": 3453
          },
          {
            "x": 405.0,
            "y": 3452.0
          },
          {
            "x": 406.0,
            "y": 3451
          },
          {
            "x": 408.0,
            "y": 3451
          },
          {
            "x": 409.0,
            "y": 3450.0
          },
          {
            "x": 411.0,
            "y": 3450.0
          },
          {
            "x": 412,
            "y": 3449
          },
          {
            "x": 415.0,
            "y": 3449
          },
          {
            "x": 415.0,
            "y": 3448.0
          },
          {
            "x": 416.0,
            "y": 3447
          },
          {
            "x": 421.0,
            "y": 3447
          },
          {
            "x": 422.0,
            "y": 3448.0
          },
          {
            "x": 422.0,
            "y": 3449
          },
          {
            "x": 429.0,
            "y": 3449
          },
          {
            "x": 429.0,
            "y": 3448.0
          },
          {
            "x": 430.0,
            "y": 3447
          },
          {
            "x": 433.0,
            "y": 3447
          },
          {
            "x": 434.0,
            "y": 3446.0
          },
          {
            "x": 438.0,
            "y": 3446.0
          },
          {
            "x": 438.0,
            "y": 3445
          },
          {
            "x": 439.0,
            "y": 3444
          },
          {
            "x": 441.0,
            "y": 3444
          },
          {
            "x": 442.0,
            "y": 3445
          },
          {
            "x": 442.0,
            "y": 3446.0
          },
          {
            "x": 452.0,
            "y": 3446.0
          },
          {
            "x": 452.0,
            "y": 3445
          },
          {
            "x": 453.0,
            "y": 3444
          },
          {
            "x": 456.0,
            "y": 3444
          },
          {
            "x": 457.0,
            "y": 3443
          },
          {
            "x": 460.0,
            "y": 3443
          },
          {
            "x": 460.0,
            "y": 3442
          },
          {
            "x": 461.0,
            "y": 3441.0
          },
          {
            "x": 463.0,
            "y": 3441.0
          },
          {
            "x": 464.0,
            "y": 3442
          },
          {
            "x": 464.0,
            "y": 3443
          },
          {
            "x": 465.0,
            "y": 3443
          },
          {
            "x": 467.0,
            "y": 3445
          },
          {
            "x": 467.0,
            "y": 3446.0
          },
          {
            "x": 468.0,
            "y": 3446.0
          },
          {
            "x": 469.0,
            "y": 3447
          },
          {
            "x": 470,
            "y": 3447
          },
          {
            "x": 471,
            "y": 3448.0
          },
          {
            "x": 471,
            "y": 3449
          },
          {
            "x": 486.0,
            "y": 3449
          },
          {
            "x": 487.0,
            "y": 3450.0
          },
          {
            "x": 488.0,
            "y": 3450.0
          },
          {
            "x": 490.0,
            "y": 3452.0
          },
          {
            "x": 490.0,
            "y": 3453
          },
          {
            "x": 491.0,
            "y": 3454
          },
          {
            "x": 493.0,
            "y": 3454
          },
          {
            "x": 494,
            "y": 3455
          },
          {
            "x": 494,
            "y": 3456
          },
          {
            "x": 495,
            "y": 3456
          },
          {
            "x": 496.0,
            "y": 3457.0
          },
          {
            "x": 497.0,
            "y": 3456
          },
          {
            "x": 497.0,
            "y": 3454
          },
          {
            "x": 498.0,
            "y": 3453
          },
          {
            "x": 499.0,
            "y": 3453
          },
          {
            "x": 499.0,
            "y": 3452.0
          },
          {
            "x": 501.0,
            "y": 3450.0
          },
          {
            "x": 502.0,
            "y": 3450.0
          },
          {
            "x": 502.0,
            "y": 3448.0
          },
          {
            "x": 504.0,
            "y": 3446.0
          },
          {
            "x": 505.0,
            "y": 3446.0
          },
          {
            "x": 505.0,
            "y": 3444
          },
          {
            "x": 506,
            "y": 3443
          },
          {
            "x": 506,
            "y": 3442
          },
          {
            "x": 507,
            "y": 3441.0
          },
          {
            "x": 513.0,
            "y": 3441.0
          },
          {
            "x": 514.0,
            "y": 3440
          },
          {
            "x": 516.0,
            "y": 3440
          },
          {
            "x": 517,
            "y": 3439.0
          },
          {
            "x": 517,
            "y": 3438
          },
          {
            "x": 518,
            "y": 3437.0
          },
          {
            "x": 519,
            "y": 3437.0
          },
          {
            "x": 519,
            "y": 3435.0
          },
          {
            "x": 520.0,
            "y": 3434
          },
          {
            "x": 520.0,
            "y": 3431
          },
          {
            "x": 521.0,
            "y": 3430
          },
          {
            "x": 522.0,
            "y": 3430
          },
          {
            "x": 523.0,
            "y": 3429
          },
          {
            "x": 523.0,
            "y": 3427
          },
          {
            "x": 524.0,
            "y": 3426.0
          },
          {
            "x": 525.0,
            "y": 3426.0
          },
          {
            "x": 525.0,
            "y": 3425
          },
          {
            "x": 526.0,
            "y": 3424.0
          },
          {
            "x": 526.0,
            "y": 3422.0
          },
          {
            "x": 527.0,
            "y": 3421
          },
          {
            "x": 527.0,
            "y": 3420
          },
          {
            "x": 528,
            "y": 3419
          },
          {
            "x": 529,
            "y": 3419
          },
          {
            "x": 529,
            "y": 3417.0
          },
          {
            "x": 530,
            "y": 3416
          },
          {
            "x": 530,
            "y": 3414
          },
          {
            "x": 531,
            "y": 3413.0
          },
          {
            "x": 532.0,
            "y": 3413.0
          },
          {
            "x": 532.0,
            "y": 3411.0
          },
          {
            "x": 534.0,
            "y": 3409.0
          },
          {
            "x": 535.0,
            "y": 3409.0
          },
          {
            "x": 535.0,
            "y": 3408
          },
          {
            "x": 537.0,
            "y": 3406.0
          },
          {
            "x": 539.0,
            "y": 3406.0
          },
          {
            "x": 539.0,
            "y": 3405
          },
          {
            "x": 541,
            "y": 3403
          },
          {
            "x": 542,
            "y": 3403
          },
          {
            "x": 543,
            "y": 3402.0
          },
          {
            "x": 543,
            "y": 3401
          },
          {
            "x": 545.0,
            "y": 3399
          },
          {
            "x": 546.0,
            "y": 3399
          },
          {
            "x": 546.0,
            "y": 3398.0
          },
          {
            "x": 548.0,
            "y": 3396
          },
          {
            "x": 549.0,
            "y": 3396
          },
          {
            "x": 549.0,
            "y": 3395
          },
          {
            "x": 551.0,
            "y": 3393.0
          },
          {
            "x": 552,
            "y": 3393.0
          },
          {
            "x": 553,
            "y": 3392
          },
          {
            "x": 554,
            "y": 3392
          },
          {
            "x": 554,
            "y": 3391.0
          },
          {
            "x": 555,
            "y": 3390
          },
          {
            "x": 563.0,
            "y": 3390
          },
          {
            "x": 564,
            "y": 3389.0
          },
          {
            "x": 567.0,
            "y": 3389.0
          },
          {
            "x": 567.0,
            "y": 3388
          },
          {
            "x": 568.0,
            "y": 3387.0
          },
          {
            "x": 572.0,
            "y": 3387.0
          },
          {
            "x": 573.0,
            "y": 3386
          },
          {
            "x": 576,
            "y": 3386
          },
          {
            "x": 576,
            "y": 3385
          },
          {
            "x": 577,
            "y": 3384
          },
          {
            "x": 582.0,
            "y": 3384
          },
          {
            "x": 583.0,
            "y": 3383
          },
          {
            "x": 584.0,
            "y": 3383
          },
          {
            "x": 585.0,
            "y": 3382.0
          },
          {
            "x": 586.0,
            "y": 3382.0
          },
          {
            "x": 586.0,
            "y": 3381
          },
          {
            "x": 587,
            "y": 3380.0
          },
          {
            "x": 590,
            "y": 3380.0
          },
          {
            "x": 591.0,
            "y": 3379
          },
          {
            "x": 593.0,
            "y": 3379
          },
          {
            "x": 593.0,
            "y": 3378.0
          },
          {
            "x": 595.0,
            "y": 3376.0
          },
          {
            "x": 597.0,
            "y": 3376.0
          },
          {
            "x": 597.0,
            "y": 3375
          },
          {
            "x": 598.0,
            "y": 3374.0
          },
          {
            "x": 600,
            "y": 3374.0
          },
          {
            "x": 601,
            "y": 3373
          },
          {
            "x": 603.0,
            "y": 3373
          },
          {
            "x": 604.0,
            "y": 3372
          },
          {
            "x": 604.0,
            "y": 3370
          },
          {
            "x": 605.0,
            "y": 3369.0
          },
          {
            "x": 606.0,
            "y": 3369.0
          },
          {
            "x": 606.0,
            "y": 3367.0
          },
          {
            "x": 605.0,
            "y": 3367.0
          },
          {
            "x": 604.0,
            "y": 3366
          },
          {
            "x": 604.0,
            "y": 3361
          },
          {
            "x": 603.0,
            "y": 3360
          },
          {
            "x": 602,
            "y": 3360
          },
          {
            "x": 601,
            "y": 3359
          },
          {
            "x": 601,
            "y": 3357
          },
          {
            "x": 599,
            "y": 3355
          },
          {
            "x": 599,
            "y": 3353
          },
          {
            "x": 598.0,
            "y": 3353
          },
          {
            "x": 597.0,
            "y": 3352.0
          },
          {
            "x": 597.0,
            "y": 3351
          },
          {
            "x": 596.0,
            "y": 3350.0
          },
          {
            "x": 596.0,
            "y": 3348
          },
          {
            "x": 595.0,
            "y": 3348
          },
          {
            "x": 594.0,
            "y": 3347.0
          },
          {
            "x": 594.0,
            "y": 3343.0
          },
          {
            "x": 593.0,
            "y": 3342
          },
          {
            "x": 593.0,
            "y": 3338
          },
          {
            "x": 592.0,
            "y": 3337
          },
          {
            "x": 592.0,
            "y": 3336
          },
          {
            "x": 591.0,
            "y": 3336
          },
          {
            "x": 590,
            "y": 3335
          },
          {
            "x": 590,
            "y": 3333
          },
          {
            "x": 589,
            "y": 3332.0
          },
          {
            "x": 589,
            "y": 3331
          },
          {
            "x": 588,
            "y": 3331
          },
          {
            "x": 586.0,
            "y": 3329
          },
          {
            "x": 586.0,
            "y": 3328.0
          },
          {
            "x": 585.0,
            "y": 3328.0
          },
          {
            "x": 584.0,
            "y": 3327
          },
          {
            "x": 584.0,
            "y": 3326
          },
          {
            "x": 583.0,
            "y": 3325
          },
          {
            "x": 583.0,
            "y": 3323
          },
          {
            "x": 582.0,
            "y": 3322
          },
          {
            "x": 582.0,
            "y": 3320
          },
          {
            "x": 581.0,
            "y": 3320
          },
          {
            "x": 580.0,
            "y": 3319
          },
          {
            "x": 580.0,
            "y": 3316
          },
          {
            "x": 579.0,
            "y": 3315
          },
          {
            "x": 579.0,
            "y": 3313
          },
          {
            "x": 578,
            "y": 3313
          },
          {
            "x": 577,
            "y": 3312
          },
          {
            "x": 577,
            "y": 3310
          },
          {
            "x": 576,
            "y": 3309
          },
          {
            "x": 575,
            "y": 3309
          },
          {
            "x": 574.0,
            "y": 3308
          },
          {
            "x": 574.0,
            "y": 3307
          },
          {
            "x": 572.0,
            "y": 3305
          },
          {
            "x": 572.0,
            "y": 3304
          },
          {
            "x": 571.0,
            "y": 3304
          },
          {
            "x": 569.0,
            "y": 3302
          },
          {
            "x": 569.0,
            "y": 3301
          },
          {
            "x": 568.0,
            "y": 3301
          },
          {
            "x": 566,
            "y": 3299
          },
          {
            "x": 566,
            "y": 3297
          },
          {
            "x": 565,
            "y": 3297
          },
          {
            "x": 564,
            "y": 3296
          },
          {
            "x": 564,
            "y": 3294
          },
          {
            "x": 563.0,
            "y": 3293
          },
          {
            "x": 563.0,
            "y": 3289
          },
          {
            "x": 562.0,
            "y": 3288
          },
          {
            "x": 562.0,
            "y": 3286
          },
          {
            "x": 561.0,
            "y": 3286
          },
          {
            "x": 560.0,
            "y": 3285
          },
          {
            "x": 560.0,
            "y": 3281
          },
          {
            "x": 559.0,
            "y": 3280
          },
          {
            "x": 559.0,
            "y": 3277
          },
          {
            "x": 558.0,
            "y": 3277
          },
          {
            "x": 557.0,
            "y": 3276
          },
          {
            "x": 557.0,
            "y": 3274
          },
          {
            "x": 556.0,
            "y": 3273
          },
          {
            "x": 556.0,
            "y": 3270
          },
          {
            "x": 555,
            "y": 3270
          },
          {
            "x": 554,
            "y": 3269
          },
          {
            "x": 554,
            "y": 3266
          },
          {
            "x": 553,
            "y": 3265
          },
          {
            "x": 553,
            "y": 3262
          },
          {
            "x": 552,
            "y": 3261
          },
          {
            "x": 552,
            "y": 3259
          },
          {
            "x": 551.0,
            "y": 3259
          },
          {
            "x": 550.0,
            "y": 3258
          },
          {
            "x": 550.0,
            "y": 3257
          },
          {
            "x": 549.0,
            "y": 3256
          },
          {
            "x": 549.0,
            "y": 3254
          },
          {
            "x": 548.0,
            "y": 3254
          },
          {
            "x": 547.0,
            "y": 3253
          },
          {
            "x": 547.0,
            "y": 3252
          },
          {
            "x": 546.0,
            "y": 3251
          },
          {
            "x": 546.0,
            "y": 3250
          },
          {
            "x": 545.0,
            "y": 3250
          },
          {
            "x": 544.0,
            "y": 3249
          },
          {
            "x": 544.0,
            "y": 3247
          },
          {
            "x": 542,
            "y": 3245
          },
          {
            "x": 542,
            "y": 3243
          },
          {
            "x": 541,
            "y": 3243
          },
          {
            "x": 540,
            "y": 3242
          },
          {
            "x": 540,
            "y": 3240
          },
          {
            "x": 539.0,
            "y": 3239
          },
          {
            "x": 538.0,
            "y": 3239
          },
          {
            "x": 537.0,
            "y": 3238
          },
          {
            "x": 537.0,
            "y": 3236
          },
          {
            "x": 536.0,
            "y": 3235
          },
          {
            "x": 536.0,
            "y": 3234
          },
          {
            "x": 535.0,
            "y": 3233
          },
          {
            "x": 534.0,
            "y": 3233
          },
          {
            "x": 533.0,
            "y": 3232
          },
          {
            "x": 533.0,
            "y": 3230
          },
          {
            "x": 532.0,
            "y": 3229
          },
          {
            "x": 532.0,
            "y": 3227
          },
          {
            "x": 531,
            "y": 3227
          },
          {
            "x": 529,
            "y": 3225
          },
          {
            "x": 529,
            "y": 3224
          },
          {
            "x": 528,
            "y": 3224
          },
          {
            "x": 527.0,
            "y": 3223
          },
          {
            "x": 527.0,
            "y": 3222
          },
          {
            "x": 526.0,
            "y": 3221
          },
          {
            "x": 526.0,
            "y": 3220
          },
          {
            "x": 525.0,
            "y": 3219
          },
          {
            "x": 523.0,
            "y": 3219
          },
          {
            "x": 522.0,
            "y": 3218
          },
          {
            "x": 522.0,
            "y": 3217
          },
          {
            "x": 521.0,
            "y": 3217
          },
          {
            "x": 519,
            "y": 3215
          },
          {
            "x": 518,
            "y": 3215
          },
          {
            "x": 517,
            "y": 3214
          },
          {
            "x": 517,
            "y": 3212
          },
          {
            "x": 516.0,
            "y": 3211
          },
          {
            "x": 516.0,
            "y": 3207
          },
          {
            "x": 515.0,
            "y": 3206
          },
          {
            "x": 515.0,
            "y": 3205
          },
          {
            "x": 514.0,
            "y": 3205
          },
          {
            "x": 513.0,
            "y": 3204
          },
          {
            "x": 513.0,
            "y": 3200
          },
          {
            "x": 512.0,
            "y": 3199
          },
          {
            "x": 512.0,
            "y": 3197
          },
          {
            "x": 511.0,
            "y": 3197
          },
          {
            "x": 510.0,
            "y": 3196
          },
          {
            "x": 510.0,
            "y": 3195
          },
          {
            "x": 509.0,
            "y": 3194
          },
          {
            "x": 509.0,
            "y": 3192
          },
          {
            "x": 508.0,
            "y": 3192
          },
          {
            "x": 507,
            "y": 3191
          },
          {
            "x": 507,
            "y": 3189
          },
          {
            "x": 506,
            "y": 3188
          },
          {
            "x": 506,
            "y": 3186
          },
          {
            "x": 505.0,
            "y": 3185
          },
          {
            "x": 505.0,
            "y": 3182
          },
          {
            "x": 504.0,
            "y": 3182
          },
          {
            "x": 503.0,
            "y": 3181
          },
          {
            "x": 503.0,
            "y": 3179
          },
          {
            "x": 502.0,
            "y": 3178
          },
          {
            "x": 502.0,
            "y": 3173
          },
          {
            "x": 501.0,
            "y": 3173
          },
          {
            "x": 500.0,
            "y": 3172
          },
          {
            "x": 500.0,
            "y": 3166
          },
          {
            "x": 499.0,
            "y": 3165
          },
          {
            "x": 499.0,
            "y": 3160
          },
          {
            "x": 498.0,
            "y": 3160
          },
          {
            "x": 497.0,
            "y": 3159
          },
          {
            "x": 497.0,
            "y": 3156
          },
          {
            "x": 495,
            "y": 3154
          },
          {
            "x": 495,
            "y": 3153
          },
          {
            "x": 494,
            "y": 3153
          },
          {
            "x": 492.0,
            "y": 3151
          },
          {
            "x": 492.0,
            "y": 3150
          },
          {
            "x": 491.0,
            "y": 3150
          },
          {
            "x": 490.0,
            "y": 3149
          },
          {
            "x": 489.0,
            "y": 3149
          },
          {
            "x": 488.0,
            "y": 3148
          },
          {
            "x": 487.0,
            "y": 3148
          },
          {
            "x": 486.0,
            "y": 3147
          },
          {
            "x": 486.0,
            "y": 3146
          },
          {
            "x": 485.0,
            "y": 3145
          },
          {
            "x": 485.0,
            "y": 3143
          },
          {
            "x": 484.0,
            "y": 3143
          },
          {
            "x": 483,
            "y": 3142
          },
          {
            "x": 483,
            "y": 3140
          },
          {
            "x": 482,
            "y": 3139
          },
          {
            "x": 482,
            "y": 3138
          },
          {
            "x": 481.0,
            "y": 3138
          },
          {
            "x": 480.0,
            "y": 3137
          },
          {
            "x": 480.0,
            "y": 3136
          },
          {
            "x": 478.0,
            "y": 3134
          },
          {
            "x": 478.0,
            "y": 3132
          },
          {
            "x": 477.0,
            "y": 3132
          },
          {
            "x": 476.0,
            "y": 3131
          },
          {
            "x": 476.0,
            "y": 3130
          },
          {
            "x": 475.0,
            "y": 3129
          },
          {
            "x": 474.0,
            "y": 3129
          },
          {
            "x": 472.0,
            "y": 3127
          },
          {
            "x": 472.0,
            "y": 3126
          },
          {
            "x": 471,
            "y": 3126
          },
          {
            "x": 469.0,
            "y": 3124
          }
        ]
      }
    },
    {
      "annotator": {
        "email": "begimbaeva.s95@gmail.com",
        "full_name": "Saltanat Begimbaeva"
      },
      "name": "Spring Field Polygon ",
      "polygon": {
        "path": [
          {
            "x": 8.57,
            "y": 1295.64
          },
          {
            "x": 120.77,
            "y": 1284.03
          },
          {
            "x": 116.9,
            "y": 1508.43
          },
          {
            "x": 128.5,
            "y": 1717.34
          },
          {
            "x": 140.11,
            "y": 2019.11
          },
          {
            "x": 132.37,
            "y": 2208.69
          },
          {
            "x": 105.29,
            "y": 2247.38
          },
          {
            "x": 43.39,
            "y": 2270.59
          },
          {
            "x": 0.83,
            "y": 2286.07
          },
          {
            "x": 4.7,
            "y": 1767.64
          }
        ]
      }
    },
    {
      "annotator": {
        "email": "begimbaeva.s95@gmail.com",
        "full_name": "Saltanat Begimbaeva"
      },
      "name": "Spring Field Polygon ",
      "polygon": {
        "path": [
          {
            "x": 3.04,
            "y": 7.31
          },
          {
            "x": 137.9,
            "y": 5.65
          },
          {
            "x": 136.24,
            "y": 158.19
          },
          {
            "x": 124.63,
            "y": 525.73
          },
          {
            "x": 128.5,
            "y": 750.13
          },
          {
            "x": 135.69,
            "y": 953.52
          },
          {
            "x": 137.9,
            "y": 1113.8
          },
          {
            "x": -3.04,
            "y": 1131.49
          },
          {
            "x": 2.49,
            "y": 850.72
          },
          {
            "x": 0.28,
            "y": 359.37
          }
        ]
      }
    },
    {
      "annotator": {
        "email": "begimbaeva.s95@gmail.com",
        "full_name": "Saltanat Begimbaeva"
      },
      "bounding_box": {
        "h": 111.9,
        "w": 246.18,
        "x": 1189.44,
        "y": 1189.4
      },
      "name": "Vehicle "
    },
    {
      "annotator": {
        "email": "begimbaeva.s95@gmail.com",
        "full_name": "Saltanat Begimbaeva"
      },
      "bounding_box": {
        "h": 246.18,
        "w": 109.1,
        "x": 118.0,
        "y": 1298.5
      },
      "name": "Vehicle "
    },
    {
      "annotator": {
        "email": "begimbaeva.s95@gmail.com",
        "full_name": "Saltanat Begimbaeva"
      },
      "bounding_box": {
        "h": 111.9,
        "w": 253.77,
        "x": 1238.59,
        "y": 2051.83
      },
      "name": "Vehicle "
    },
    {
      "annotator": {
        "email": "begimbaeva.s95@gmail.com",
        "full_name": "Saltanat Begimbaeva"
      },
      "bounding_box": {
        "h": 116.99,
        "w": 264.63,
        "x": 514.46,
        "y": 169.55
      },
      "name": "Vehicle "
    }
  ]
}