{
  "image": {
    "width": 5472,
    "height": 3648,
    "filename": "00000064.JPG",
    "original_filename": "EP-00-00012_0119_0021.JPG",
    "url": "https://darwin.v7labs.com/api/images/1221665/original?token=43ffe058-ebd2-4afa-8955-89cf45e925a6",
    "thumbnail_url": "https://darwin.v7labs.com/api/images/1221665/thumbnail?token=43ffe058-ebd2-4afa-8955-89cf45e925a6",
    "workview_url": "https://darwin.v7labs.com/workview?dataset=1190&image=64"
  },
  "dataset": "Mapping_1",
  "annotated": true,
  "annotations": [
    {
      "annotator": {
        "email": "order@bex.kg",
        "full_name": "Zhaparova  Nurzhan"
      },
      "name": "Building Polygon",
      "polygon": {
        "path": [
          {
            "x": 1158.1,
            "y": 2193.14
          },
          {
            "x": 940.95,
            "y": 1795.05
          },
          {
            "x": 1129.14,
            "y": 1700.95
          },
          {
            "x": 962.67,
            "y": 1375.24
          },
          {
            "x": 1107.43,
            "y": 1281.14
          },
          {
            "x": 955.43,
            "y": 962.67
          },
          {
            "x": 1324.02,
            "y": 748.77
          },
          {
            "x": 1337.21,
            "y": 725.03
          },
          {
            "x": 1358.31,
            "y": 714.48
          },
          {
            "x": 1379.42,
            "y": 722.4
          },
          {
            "x": 1448.0,
            "y": 680.19
          },
          {
            "x": 1047.5,
            "y": 175.76
          },
          {
            "x": 1279.86,
            "y": -4.07
          },
          {
            "x": 3360.64,
            "y": -1.51
          },
          {
            "x": 3653.97,
            "y": 329.45
          },
          {
            "x": 3600.98,
            "y": 483.1
          },
          {
            "x": 4035.43,
            "y": 997.01
          },
          {
            "x": 3489.72,
            "y": 1442.06
          },
          {
            "x": 3124.15,
            "y": 1034.1
          },
          {
            "x": 3293.69,
            "y": 891.05
          },
          {
            "x": 3219.52,
            "y": 795.69
          },
          {
            "x": 2986.4,
            "y": 1007.61
          },
          {
            "x": 2769.18,
            "y": 748.0
          },
          {
            "x": 1932.07,
            "y": 1351.99
          },
          {
            "x": 2557.25,
            "y": 2496.39
          },
          {
            "x": 3929.47,
            "y": 1712.26
          },
          {
            "x": 3993.05,
            "y": 1807.63
          },
          {
            "x": 4491.07,
            "y": 1516.23
          },
          {
            "x": 4893.73,
            "y": 2157.31
          },
          {
            "x": 4390.2,
            "y": 2443.38
          },
          {
            "x": 4567.46,
            "y": 2731.42
          },
          {
            "x": 4774.26,
            "y": 2598.48
          },
          {
            "x": 4840.74,
            "y": 2598.48
          },
          {
            "x": 5025.38,
            "y": 2864.37
          },
          {
            "x": 4796.42,
            "y": 3019.47
          },
          {
            "x": 5165.71,
            "y": 3595.56
          },
          {
            "x": 5128.78,
            "y": 3654.65
          },
          {
            "x": 920.94,
            "y": 3664.4
          },
          {
            "x": 850.53,
            "y": 3522.4
          },
          {
            "x": 1329.1,
            "y": 3243.55
          },
          {
            "x": 1249.97,
            "y": 3066.44
          },
          {
            "x": 1140.69,
            "y": 2862.95
          },
          {
            "x": 1152.0,
            "y": 2832.8
          },
          {
            "x": 903.29,
            "y": 2331.62
          }
        ]
      }
    },
    {
      "annotator": {
        "email": "order@bex.kg",
        "full_name": "Zhaparova  Nurzhan"
      },
      "name": "Vehicle Polygon ",
      "polygon": {
        "path": [
          {
            "x": 4922,
            "y": 1725
          },
          {
            "x": 4920,
            "y": 1727.0
          },
          {
            "x": 4919,
            "y": 1727.0
          },
          {
            "x": 4917,
            "y": 1729.0
          },
          {
            "x": 4916,
            "y": 1729.0
          },
          {
            "x": 4915,
            "y": 1730
          },
          {
            "x": 4914,
            "y": 1730
          },
          {
            "x": 4914,
            "y": 1731
          },
          {
            "x": 4913,
            "y": 1732
          },
          {
            "x": 4912,
            "y": 1732
          },
          {
            "x": 4911,
            "y": 1733
          },
          {
            "x": 4910,
            "y": 1733
          },
          {
            "x": 4905,
            "y": 1738.0
          },
          {
            "x": 4904,
            "y": 1738.0
          },
          {
            "x": 4904,
            "y": 1739
          },
          {
            "x": 4901,
            "y": 1742
          },
          {
            "x": 4900,
            "y": 1742
          },
          {
            "x": 4898,
            "y": 1744
          },
          {
            "x": 4898,
            "y": 1745
          },
          {
            "x": 4896,
            "y": 1747.0
          },
          {
            "x": 4895,
            "y": 1747.0
          },
          {
            "x": 4888,
            "y": 1754
          },
          {
            "x": 4888,
            "y": 1755
          },
          {
            "x": 4887,
            "y": 1756
          },
          {
            "x": 4886,
            "y": 1756
          },
          {
            "x": 4886,
            "y": 1757
          },
          {
            "x": 4881,
            "y": 1762.0
          },
          {
            "x": 4881,
            "y": 1764
          },
          {
            "x": 4880,
            "y": 1765
          },
          {
            "x": 4880,
            "y": 1768
          },
          {
            "x": 4881,
            "y": 1769.0
          },
          {
            "x": 4881,
            "y": 1775
          },
          {
            "x": 4882,
            "y": 1776
          },
          {
            "x": 4882,
            "y": 1781
          },
          {
            "x": 4883,
            "y": 1782.0
          },
          {
            "x": 4882,
            "y": 1783
          },
          {
            "x": 4882,
            "y": 1786
          },
          {
            "x": 4881,
            "y": 1787
          },
          {
            "x": 4881,
            "y": 1795
          },
          {
            "x": 4883,
            "y": 1797
          },
          {
            "x": 4883,
            "y": 1798
          },
          {
            "x": 4884,
            "y": 1799
          },
          {
            "x": 4884,
            "y": 1.8e3
          },
          {
            "x": 4886,
            "y": 1802.0
          },
          {
            "x": 4886,
            "y": 1803
          },
          {
            "x": 4887,
            "y": 1804.0
          },
          {
            "x": 4887,
            "y": 1805
          },
          {
            "x": 4888,
            "y": 1806
          },
          {
            "x": 4889,
            "y": 1806
          },
          {
            "x": 4891,
            "y": 1808
          },
          {
            "x": 4892,
            "y": 1808
          },
          {
            "x": 4893,
            "y": 1809
          },
          {
            "x": 4895,
            "y": 1809
          },
          {
            "x": 4896,
            "y": 1810
          },
          {
            "x": 4897,
            "y": 1810
          },
          {
            "x": 4898,
            "y": 1811.0
          },
          {
            "x": 4899,
            "y": 1811.0
          },
          {
            "x": 4901,
            "y": 1813.0
          },
          {
            "x": 4902,
            "y": 1813.0
          },
          {
            "x": 4903,
            "y": 1814
          },
          {
            "x": 4905,
            "y": 1814
          },
          {
            "x": 4906,
            "y": 1815.0
          },
          {
            "x": 4907,
            "y": 1815.0
          },
          {
            "x": 4911,
            "y": 1819
          },
          {
            "x": 4912,
            "y": 1819
          },
          {
            "x": 4913,
            "y": 1820
          },
          {
            "x": 4913,
            "y": 1821
          },
          {
            "x": 4914,
            "y": 1822.0
          },
          {
            "x": 4914,
            "y": 1823
          },
          {
            "x": 4915,
            "y": 1823
          },
          {
            "x": 4916,
            "y": 1824.0
          },
          {
            "x": 4917,
            "y": 1824.0
          },
          {
            "x": 4918,
            "y": 1825
          },
          {
            "x": 4918,
            "y": 1826.0
          },
          {
            "x": 4919,
            "y": 1827
          },
          {
            "x": 4919,
            "y": 1828
          },
          {
            "x": 4920,
            "y": 1828
          },
          {
            "x": 4921,
            "y": 1829
          },
          {
            "x": 4921,
            "y": 1830
          },
          {
            "x": 4927,
            "y": 1836
          },
          {
            "x": 4927,
            "y": 1837.0
          },
          {
            "x": 4928,
            "y": 1837.0
          },
          {
            "x": 4929,
            "y": 1838
          },
          {
            "x": 4929,
            "y": 1839
          },
          {
            "x": 4932,
            "y": 1842
          },
          {
            "x": 4932,
            "y": 1843
          },
          {
            "x": 4934,
            "y": 1845
          },
          {
            "x": 4934,
            "y": 1846.0
          },
          {
            "x": 4935,
            "y": 1846.0
          },
          {
            "x": 4936,
            "y": 1847
          },
          {
            "x": 4936,
            "y": 1848.0
          },
          {
            "x": 4937,
            "y": 1849
          },
          {
            "x": 4937,
            "y": 1850
          },
          {
            "x": 4938,
            "y": 1850
          },
          {
            "x": 4939,
            "y": 1851
          },
          {
            "x": 4939,
            "y": 1852
          },
          {
            "x": 4940,
            "y": 1853
          },
          {
            "x": 4940,
            "y": 1854
          },
          {
            "x": 4942,
            "y": 1856
          },
          {
            "x": 4942,
            "y": 1857.0
          },
          {
            "x": 4944,
            "y": 1859
          },
          {
            "x": 4944,
            "y": 1860
          },
          {
            "x": 4945,
            "y": 1861
          },
          {
            "x": 4945,
            "y": 1862
          },
          {
            "x": 4946,
            "y": 1862
          },
          {
            "x": 4947,
            "y": 1863
          },
          {
            "x": 4947,
            "y": 1864.0
          },
          {
            "x": 4948,
            "y": 1864.0
          },
          {
            "x": 4952,
            "y": 1868.0
          },
          {
            "x": 4953,
            "y": 1868.0
          },
          {
            "x": 4954,
            "y": 1869
          },
          {
            "x": 4954,
            "y": 1870
          },
          {
            "x": 4957,
            "y": 1873
          },
          {
            "x": 4958,
            "y": 1873
          },
          {
            "x": 4959,
            "y": 1874
          },
          {
            "x": 4959,
            "y": 1875.0
          },
          {
            "x": 4960,
            "y": 1876
          },
          {
            "x": 4960,
            "y": 1877.0
          },
          {
            "x": 4961,
            "y": 1877.0
          },
          {
            "x": 4963,
            "y": 1879.0
          },
          {
            "x": 4963,
            "y": 1880
          },
          {
            "x": 4965,
            "y": 1882
          },
          {
            "x": 4965,
            "y": 1883
          },
          {
            "x": 4966,
            "y": 1883
          },
          {
            "x": 4967,
            "y": 1884
          },
          {
            "x": 4967,
            "y": 1885
          },
          {
            "x": 4968,
            "y": 1886.0
          },
          {
            "x": 4968,
            "y": 1887
          },
          {
            "x": 4969,
            "y": 1887
          },
          {
            "x": 4970,
            "y": 1888.0
          },
          {
            "x": 4970,
            "y": 1891
          },
          {
            "x": 4968,
            "y": 1893
          },
          {
            "x": 4968,
            "y": 1900
          },
          {
            "x": 4970,
            "y": 1902
          },
          {
            "x": 4970,
            "y": 1903
          },
          {
            "x": 4972,
            "y": 1905
          },
          {
            "x": 4972,
            "y": 1906
          },
          {
            "x": 4973,
            "y": 1906
          },
          {
            "x": 4975,
            "y": 1908.0
          },
          {
            "x": 4976,
            "y": 1908.0
          },
          {
            "x": 4977,
            "y": 1909
          },
          {
            "x": 4980,
            "y": 1909
          },
          {
            "x": 4981,
            "y": 1910.0
          },
          {
            "x": 4982,
            "y": 1910.0
          },
          {
            "x": 4983,
            "y": 1911
          },
          {
            "x": 4988,
            "y": 1911
          },
          {
            "x": 4989,
            "y": 1912.0
          },
          {
            "x": 4990,
            "y": 1912.0
          },
          {
            "x": 4991,
            "y": 1913
          },
          {
            "x": 4992,
            "y": 1913
          },
          {
            "x": 4993,
            "y": 1914
          },
          {
            "x": 4994,
            "y": 1914
          },
          {
            "x": 4995,
            "y": 1915
          },
          {
            "x": 4995,
            "y": 1916
          },
          {
            "x": 4997,
            "y": 1916
          },
          {
            "x": 4999,
            "y": 1918
          },
          {
            "x": 5000,
            "y": 1918
          },
          {
            "x": 5001,
            "y": 1919.0
          },
          {
            "x": 5003,
            "y": 1919.0
          },
          {
            "x": 5004,
            "y": 1920
          },
          {
            "x": 5005,
            "y": 1920
          },
          {
            "x": 5006,
            "y": 1921.0
          },
          {
            "x": 5012,
            "y": 1921.0
          },
          {
            "x": 5013,
            "y": 1922
          },
          {
            "x": 5018,
            "y": 1922
          },
          {
            "x": 5019,
            "y": 1921.0
          },
          {
            "x": 5023,
            "y": 1921.0
          },
          {
            "x": 5024,
            "y": 1920
          },
          {
            "x": 5025,
            "y": 1920
          },
          {
            "x": 5026,
            "y": 1919.0
          },
          {
            "x": 5028,
            "y": 1919.0
          },
          {
            "x": 5029,
            "y": 1918
          },
          {
            "x": 5031,
            "y": 1918
          },
          {
            "x": 5032,
            "y": 1917
          },
          {
            "x": 5033,
            "y": 1917
          },
          {
            "x": 5034,
            "y": 1916
          },
          {
            "x": 5035,
            "y": 1916
          },
          {
            "x": 5037,
            "y": 1914
          },
          {
            "x": 5038,
            "y": 1914
          },
          {
            "x": 5041,
            "y": 1911
          },
          {
            "x": 5042,
            "y": 1911
          },
          {
            "x": 5045,
            "y": 1908.0
          },
          {
            "x": 5046,
            "y": 1908.0
          },
          {
            "x": 5046,
            "y": 1907
          },
          {
            "x": 5047,
            "y": 1906
          },
          {
            "x": 5048,
            "y": 1906
          },
          {
            "x": 5053,
            "y": 1901.0
          },
          {
            "x": 5054,
            "y": 1901.0
          },
          {
            "x": 5056,
            "y": 1899.0
          },
          {
            "x": 5056,
            "y": 1898
          },
          {
            "x": 5061,
            "y": 1893
          },
          {
            "x": 5061,
            "y": 1892
          },
          {
            "x": 5062,
            "y": 1891
          },
          {
            "x": 5062,
            "y": 1890.0
          },
          {
            "x": 5064,
            "y": 1888.0
          },
          {
            "x": 5064,
            "y": 1887
          },
          {
            "x": 5066,
            "y": 1885
          },
          {
            "x": 5066,
            "y": 1884
          },
          {
            "x": 5067,
            "y": 1883
          },
          {
            "x": 5067,
            "y": 1880
          },
          {
            "x": 5068,
            "y": 1879.0
          },
          {
            "x": 5068,
            "y": 1869
          },
          {
            "x": 5067,
            "y": 1868.0
          },
          {
            "x": 5067,
            "y": 1865
          },
          {
            "x": 5066,
            "y": 1864.0
          },
          {
            "x": 5066,
            "y": 1861
          },
          {
            "x": 5064,
            "y": 1859
          },
          {
            "x": 5064,
            "y": 1858
          },
          {
            "x": 5063,
            "y": 1857.0
          },
          {
            "x": 5063,
            "y": 1856
          },
          {
            "x": 5061,
            "y": 1854
          },
          {
            "x": 5061,
            "y": 1853
          },
          {
            "x": 5059,
            "y": 1851
          },
          {
            "x": 5059,
            "y": 1850
          },
          {
            "x": 5058,
            "y": 1850
          },
          {
            "x": 5057,
            "y": 1849
          },
          {
            "x": 5057,
            "y": 1848.0
          },
          {
            "x": 5056,
            "y": 1847
          },
          {
            "x": 5056,
            "y": 1846.0
          },
          {
            "x": 5054,
            "y": 1844.0
          },
          {
            "x": 5054,
            "y": 1843
          },
          {
            "x": 5052,
            "y": 1841
          },
          {
            "x": 5052,
            "y": 1840
          },
          {
            "x": 5051,
            "y": 1839
          },
          {
            "x": 5051,
            "y": 1838
          },
          {
            "x": 5050,
            "y": 1838
          },
          {
            "x": 5049,
            "y": 1837.0
          },
          {
            "x": 5049,
            "y": 1836
          },
          {
            "x": 5047,
            "y": 1834
          },
          {
            "x": 5047,
            "y": 1833.0
          },
          {
            "x": 5046,
            "y": 1832
          },
          {
            "x": 5045,
            "y": 1832
          },
          {
            "x": 5044,
            "y": 1831
          },
          {
            "x": 5044,
            "y": 1829
          },
          {
            "x": 5043,
            "y": 1828
          },
          {
            "x": 5043,
            "y": 1827
          },
          {
            "x": 5041,
            "y": 1825
          },
          {
            "x": 5041,
            "y": 1824.0
          },
          {
            "x": 5039,
            "y": 1822.0
          },
          {
            "x": 5039,
            "y": 1820
          },
          {
            "x": 5038,
            "y": 1819
          },
          {
            "x": 5038,
            "y": 1818
          },
          {
            "x": 5036,
            "y": 1816
          },
          {
            "x": 5036,
            "y": 1815.0
          },
          {
            "x": 5035,
            "y": 1814
          },
          {
            "x": 5035,
            "y": 1813.0
          },
          {
            "x": 5033,
            "y": 1811.0
          },
          {
            "x": 5033,
            "y": 1810
          },
          {
            "x": 5032,
            "y": 1810
          },
          {
            "x": 5030,
            "y": 1808
          },
          {
            "x": 5030,
            "y": 1807
          },
          {
            "x": 5026,
            "y": 1803
          },
          {
            "x": 5026,
            "y": 1802.0
          },
          {
            "x": 5020,
            "y": 1796
          },
          {
            "x": 5020,
            "y": 1795
          },
          {
            "x": 5017,
            "y": 1792
          },
          {
            "x": 5017,
            "y": 1791.0
          },
          {
            "x": 5016,
            "y": 1791.0
          },
          {
            "x": 5015,
            "y": 1790
          },
          {
            "x": 5015,
            "y": 1789
          },
          {
            "x": 5013,
            "y": 1787
          },
          {
            "x": 5013,
            "y": 1786
          },
          {
            "x": 5012,
            "y": 1785
          },
          {
            "x": 5012,
            "y": 1784.0
          },
          {
            "x": 5011,
            "y": 1783
          },
          {
            "x": 5010,
            "y": 1783
          },
          {
            "x": 5009,
            "y": 1782.0
          },
          {
            "x": 5009,
            "y": 1781
          },
          {
            "x": 5005,
            "y": 1777
          },
          {
            "x": 5005,
            "y": 1776
          },
          {
            "x": 5003,
            "y": 1774
          },
          {
            "x": 5003,
            "y": 1773.0
          },
          {
            "x": 5002,
            "y": 1772
          },
          {
            "x": 5002,
            "y": 1770
          },
          {
            "x": 5001,
            "y": 1769.0
          },
          {
            "x": 5001,
            "y": 1768
          },
          {
            "x": 5000,
            "y": 1767
          },
          {
            "x": 5000,
            "y": 1766
          },
          {
            "x": 4998,
            "y": 1764
          },
          {
            "x": 4998,
            "y": 1763
          },
          {
            "x": 4997,
            "y": 1762.0
          },
          {
            "x": 4997,
            "y": 1761
          },
          {
            "x": 4996,
            "y": 1761
          },
          {
            "x": 4992,
            "y": 1757
          },
          {
            "x": 4991,
            "y": 1757
          },
          {
            "x": 4988,
            "y": 1754
          },
          {
            "x": 4987,
            "y": 1754
          },
          {
            "x": 4986,
            "y": 1753
          },
          {
            "x": 4985,
            "y": 1753
          },
          {
            "x": 4984,
            "y": 1752
          },
          {
            "x": 4984,
            "y": 1751.0
          },
          {
            "x": 4983,
            "y": 1751.0
          },
          {
            "x": 4982,
            "y": 1750
          },
          {
            "x": 4982,
            "y": 1749.0
          },
          {
            "x": 4976,
            "y": 1743
          },
          {
            "x": 4976,
            "y": 1742
          },
          {
            "x": 4975,
            "y": 1742
          },
          {
            "x": 4971,
            "y": 1738.0
          },
          {
            "x": 4970,
            "y": 1738.0
          },
          {
            "x": 4967,
            "y": 1735
          },
          {
            "x": 4966,
            "y": 1735
          },
          {
            "x": 4964,
            "y": 1733
          },
          {
            "x": 4963,
            "y": 1733
          },
          {
            "x": 4957,
            "y": 1727.0
          },
          {
            "x": 4956,
            "y": 1727.0
          },
          {
            "x": 4953,
            "y": 1724
          },
          {
            "x": 4951,
            "y": 1724
          },
          {
            "x": 4950,
            "y": 1723
          },
          {
            "x": 4949,
            "y": 1723
          },
          {
            "x": 4948,
            "y": 1722
          },
          {
            "x": 4945,
            "y": 1722
          },
          {
            "x": 4944,
            "y": 1721
          },
          {
            "x": 4941,
            "y": 1721
          },
          {
            "x": 4940,
            "y": 1720.0
          },
          {
            "x": 4934,
            "y": 1720.0
          },
          {
            "x": 4933,
            "y": 1721
          },
          {
            "x": 4931,
            "y": 1721
          },
          {
            "x": 4930,
            "y": 1722
          },
          {
            "x": 4929,
            "y": 1722
          },
          {
            "x": 4928,
            "y": 1723
          },
          {
            "x": 4927,
            "y": 1723
          },
          {
            "x": 4926,
            "y": 1724
          },
          {
            "x": 4924,
            "y": 1724
          },
          {
            "x": 4923,
            "y": 1725
          }
        ]
      }
    },
    {
      "annotator": {
        "email": "order@bex.kg",
        "full_name": "Zhaparova  Nurzhan"
      },
      "name": "Vehicle Polygon ",
      "polygon": {
        "path": [
          {
            "x": 5059,
            "y": 2444
          },
          {
            "x": 5057,
            "y": 2446
          },
          {
            "x": 5056,
            "y": 2446
          },
          {
            "x": 5055,
            "y": 2447
          },
          {
            "x": 5054,
            "y": 2447
          },
          {
            "x": 5052,
            "y": 2449
          },
          {
            "x": 5051,
            "y": 2449
          },
          {
            "x": 5050,
            "y": 2450
          },
          {
            "x": 5049,
            "y": 2450
          },
          {
            "x": 5048,
            "y": 2451
          },
          {
            "x": 5047,
            "y": 2451
          },
          {
            "x": 5045,
            "y": 2453
          },
          {
            "x": 5044,
            "y": 2453
          },
          {
            "x": 5043,
            "y": 2454
          },
          {
            "x": 5042,
            "y": 2454
          },
          {
            "x": 5042,
            "y": 2455
          },
          {
            "x": 5041,
            "y": 2456
          },
          {
            "x": 5040,
            "y": 2456
          },
          {
            "x": 5038,
            "y": 2458
          },
          {
            "x": 5037,
            "y": 2458
          },
          {
            "x": 5036,
            "y": 2459
          },
          {
            "x": 5035,
            "y": 2459
          },
          {
            "x": 5033,
            "y": 2461
          },
          {
            "x": 5032,
            "y": 2461
          },
          {
            "x": 5029,
            "y": 2464
          },
          {
            "x": 5028,
            "y": 2464
          },
          {
            "x": 5026,
            "y": 2466
          },
          {
            "x": 5025,
            "y": 2466
          },
          {
            "x": 5023,
            "y": 2468
          },
          {
            "x": 5022,
            "y": 2468
          },
          {
            "x": 5020,
            "y": 2470
          },
          {
            "x": 5018,
            "y": 2470
          },
          {
            "x": 5015,
            "y": 2473
          },
          {
            "x": 5014,
            "y": 2473
          },
          {
            "x": 5012,
            "y": 2475
          },
          {
            "x": 5011,
            "y": 2475
          },
          {
            "x": 5010,
            "y": 2476
          },
          {
            "x": 5008,
            "y": 2476
          },
          {
            "x": 5005,
            "y": 2479
          },
          {
            "x": 5005,
            "y": 2481
          },
          {
            "x": 5004,
            "y": 2482
          },
          {
            "x": 5004,
            "y": 2484
          },
          {
            "x": 5003,
            "y": 2485
          },
          {
            "x": 5003,
            "y": 2489
          },
          {
            "x": 5004,
            "y": 2490
          },
          {
            "x": 5004,
            "y": 2491
          },
          {
            "x": 5005,
            "y": 2492
          },
          {
            "x": 5005,
            "y": 2494
          },
          {
            "x": 5006,
            "y": 2495
          },
          {
            "x": 5006,
            "y": 2496
          },
          {
            "x": 5007,
            "y": 2497
          },
          {
            "x": 5007,
            "y": 2498
          },
          {
            "x": 5008,
            "y": 2499
          },
          {
            "x": 5008,
            "y": 2501
          },
          {
            "x": 5010,
            "y": 2503
          },
          {
            "x": 5010,
            "y": 2504
          },
          {
            "x": 5011,
            "y": 2505
          },
          {
            "x": 5011,
            "y": 2515
          },
          {
            "x": 5012,
            "y": 2516
          },
          {
            "x": 5012,
            "y": 2517
          },
          {
            "x": 5013,
            "y": 2518
          },
          {
            "x": 5013,
            "y": 2519
          },
          {
            "x": 5015,
            "y": 2521
          },
          {
            "x": 5015,
            "y": 2522
          },
          {
            "x": 5017,
            "y": 2524
          },
          {
            "x": 5017,
            "y": 2525
          },
          {
            "x": 5018,
            "y": 2526
          },
          {
            "x": 5018,
            "y": 2528
          },
          {
            "x": 5022,
            "y": 2532
          },
          {
            "x": 5022,
            "y": 2533
          },
          {
            "x": 5023,
            "y": 2534
          },
          {
            "x": 5023,
            "y": 2535
          },
          {
            "x": 5024,
            "y": 2535
          },
          {
            "x": 5025,
            "y": 2536
          },
          {
            "x": 5025,
            "y": 2537
          },
          {
            "x": 5027,
            "y": 2539
          },
          {
            "x": 5027,
            "y": 2540
          },
          {
            "x": 5030,
            "y": 2543
          },
          {
            "x": 5030,
            "y": 2544
          },
          {
            "x": 5032,
            "y": 2546
          },
          {
            "x": 5032,
            "y": 2547
          },
          {
            "x": 5034,
            "y": 2549
          },
          {
            "x": 5034,
            "y": 2550
          },
          {
            "x": 5035,
            "y": 2551
          },
          {
            "x": 5035,
            "y": 2552
          },
          {
            "x": 5037,
            "y": 2554
          },
          {
            "x": 5037,
            "y": 2555
          },
          {
            "x": 5039,
            "y": 2557
          },
          {
            "x": 5039,
            "y": 2558
          },
          {
            "x": 5040,
            "y": 2558
          },
          {
            "x": 5041,
            "y": 2559
          },
          {
            "x": 5041,
            "y": 2560
          },
          {
            "x": 5042,
            "y": 2561
          },
          {
            "x": 5042,
            "y": 2562
          },
          {
            "x": 5044,
            "y": 2564
          },
          {
            "x": 5044,
            "y": 2565
          },
          {
            "x": 5046,
            "y": 2567
          },
          {
            "x": 5046,
            "y": 2568
          },
          {
            "x": 5047,
            "y": 2569
          },
          {
            "x": 5047,
            "y": 2570
          },
          {
            "x": 5049,
            "y": 2572
          },
          {
            "x": 5049,
            "y": 2573
          },
          {
            "x": 5050,
            "y": 2573
          },
          {
            "x": 5051,
            "y": 2574
          },
          {
            "x": 5051,
            "y": 2575
          },
          {
            "x": 5052,
            "y": 2576
          },
          {
            "x": 5052,
            "y": 2577
          },
          {
            "x": 5054,
            "y": 2579
          },
          {
            "x": 5054,
            "y": 2580
          },
          {
            "x": 5056,
            "y": 2582
          },
          {
            "x": 5056,
            "y": 2583
          },
          {
            "x": 5058,
            "y": 2585
          },
          {
            "x": 5058,
            "y": 2586
          },
          {
            "x": 5059,
            "y": 2587
          },
          {
            "x": 5059,
            "y": 2588
          },
          {
            "x": 5061,
            "y": 2590
          },
          {
            "x": 5061,
            "y": 2591
          },
          {
            "x": 5063,
            "y": 2593
          },
          {
            "x": 5063,
            "y": 2594
          },
          {
            "x": 5065,
            "y": 2596
          },
          {
            "x": 5065,
            "y": 2597
          },
          {
            "x": 5066,
            "y": 2598
          },
          {
            "x": 5066,
            "y": 2599
          },
          {
            "x": 5067,
            "y": 2599
          },
          {
            "x": 5068,
            "y": 2600
          },
          {
            "x": 5068,
            "y": 2601
          },
          {
            "x": 5070,
            "y": 2603
          },
          {
            "x": 5070,
            "y": 2604
          },
          {
            "x": 5071,
            "y": 2605
          },
          {
            "x": 5071,
            "y": 2606
          },
          {
            "x": 5073,
            "y": 2608
          },
          {
            "x": 5073,
            "y": 2609
          },
          {
            "x": 5076,
            "y": 2612
          },
          {
            "x": 5076,
            "y": 2613
          },
          {
            "x": 5078,
            "y": 2615
          },
          {
            "x": 5078,
            "y": 2616
          },
          {
            "x": 5079,
            "y": 2616
          },
          {
            "x": 5080,
            "y": 2617
          },
          {
            "x": 5080,
            "y": 2618
          },
          {
            "x": 5082,
            "y": 2620
          },
          {
            "x": 5082,
            "y": 2621
          },
          {
            "x": 5085,
            "y": 2624
          },
          {
            "x": 5085,
            "y": 2625
          },
          {
            "x": 5087,
            "y": 2627
          },
          {
            "x": 5087,
            "y": 2628
          },
          {
            "x": 5088,
            "y": 2628
          },
          {
            "x": 5089,
            "y": 2629
          },
          {
            "x": 5089,
            "y": 2630
          },
          {
            "x": 5090,
            "y": 2631
          },
          {
            "x": 5090,
            "y": 2632
          },
          {
            "x": 5092,
            "y": 2634
          },
          {
            "x": 5092,
            "y": 2635
          },
          {
            "x": 5095,
            "y": 2638
          },
          {
            "x": 5095,
            "y": 2639
          },
          {
            "x": 5097,
            "y": 2641
          },
          {
            "x": 5097,
            "y": 2642
          },
          {
            "x": 5098,
            "y": 2642
          },
          {
            "x": 5099,
            "y": 2643
          },
          {
            "x": 5099,
            "y": 2644
          },
          {
            "x": 5101,
            "y": 2646
          },
          {
            "x": 5101,
            "y": 2647
          },
          {
            "x": 5102,
            "y": 2648
          },
          {
            "x": 5102,
            "y": 2649
          },
          {
            "x": 5104,
            "y": 2651
          },
          {
            "x": 5104,
            "y": 2652
          },
          {
            "x": 5106,
            "y": 2654
          },
          {
            "x": 5106,
            "y": 2655
          },
          {
            "x": 5107,
            "y": 2656
          },
          {
            "x": 5107,
            "y": 2657
          },
          {
            "x": 5108,
            "y": 2657
          },
          {
            "x": 5109,
            "y": 2658
          },
          {
            "x": 5109,
            "y": 2659
          },
          {
            "x": 5114,
            "y": 2664
          },
          {
            "x": 5114,
            "y": 2665
          },
          {
            "x": 5115,
            "y": 2665
          },
          {
            "x": 5119,
            "y": 2669
          },
          {
            "x": 5122,
            "y": 2669
          },
          {
            "x": 5125,
            "y": 2672
          },
          {
            "x": 5127,
            "y": 2672
          },
          {
            "x": 5128,
            "y": 2673
          },
          {
            "x": 5134,
            "y": 2673
          },
          {
            "x": 5135,
            "y": 2674
          },
          {
            "x": 5137,
            "y": 2674
          },
          {
            "x": 5139,
            "y": 2676
          },
          {
            "x": 5140,
            "y": 2676
          },
          {
            "x": 5142,
            "y": 2678
          },
          {
            "x": 5143,
            "y": 2678
          },
          {
            "x": 5144,
            "y": 2679
          },
          {
            "x": 5146,
            "y": 2679
          },
          {
            "x": 5147,
            "y": 2680
          },
          {
            "x": 5156,
            "y": 2680
          },
          {
            "x": 5157,
            "y": 2679
          },
          {
            "x": 5160,
            "y": 2679
          },
          {
            "x": 5161,
            "y": 2678
          },
          {
            "x": 5164,
            "y": 2678
          },
          {
            "x": 5166,
            "y": 2676
          },
          {
            "x": 5168,
            "y": 2676
          },
          {
            "x": 5169,
            "y": 2675
          },
          {
            "x": 5170,
            "y": 2675
          },
          {
            "x": 5171,
            "y": 2674
          },
          {
            "x": 5172,
            "y": 2674
          },
          {
            "x": 5173,
            "y": 2673
          },
          {
            "x": 5175,
            "y": 2673
          },
          {
            "x": 5177,
            "y": 2671
          },
          {
            "x": 5178,
            "y": 2671
          },
          {
            "x": 5180,
            "y": 2669
          },
          {
            "x": 5181,
            "y": 2669
          },
          {
            "x": 5183,
            "y": 2667
          },
          {
            "x": 5184,
            "y": 2667
          },
          {
            "x": 5185,
            "y": 2666
          },
          {
            "x": 5186,
            "y": 2666
          },
          {
            "x": 5188,
            "y": 2664
          },
          {
            "x": 5189,
            "y": 2664
          },
          {
            "x": 5189,
            "y": 2663
          },
          {
            "x": 5190,
            "y": 2662
          },
          {
            "x": 5191,
            "y": 2662
          },
          {
            "x": 5199,
            "y": 2654
          },
          {
            "x": 5200,
            "y": 2654
          },
          {
            "x": 5202,
            "y": 2652
          },
          {
            "x": 5202,
            "y": 2651
          },
          {
            "x": 5206,
            "y": 2647
          },
          {
            "x": 5206,
            "y": 2645
          },
          {
            "x": 5207,
            "y": 2644
          },
          {
            "x": 5207,
            "y": 2643
          },
          {
            "x": 5208,
            "y": 2642
          },
          {
            "x": 5208,
            "y": 2639
          },
          {
            "x": 5209,
            "y": 2638
          },
          {
            "x": 5209,
            "y": 2634
          },
          {
            "x": 5210,
            "y": 2633
          },
          {
            "x": 5210,
            "y": 2631
          },
          {
            "x": 5211,
            "y": 2630
          },
          {
            "x": 5211,
            "y": 2607
          },
          {
            "x": 5210,
            "y": 2606
          },
          {
            "x": 5210,
            "y": 2601
          },
          {
            "x": 5209,
            "y": 2600
          },
          {
            "x": 5209,
            "y": 2592
          },
          {
            "x": 5208,
            "y": 2591
          },
          {
            "x": 5208,
            "y": 2583
          },
          {
            "x": 5207,
            "y": 2582
          },
          {
            "x": 5207,
            "y": 2581
          },
          {
            "x": 5206,
            "y": 2580
          },
          {
            "x": 5206,
            "y": 2578
          },
          {
            "x": 5205,
            "y": 2577
          },
          {
            "x": 5205,
            "y": 2576
          },
          {
            "x": 5204,
            "y": 2575
          },
          {
            "x": 5204,
            "y": 2574
          },
          {
            "x": 5203,
            "y": 2573
          },
          {
            "x": 5203,
            "y": 2571
          },
          {
            "x": 5202,
            "y": 2570
          },
          {
            "x": 5202,
            "y": 2567
          },
          {
            "x": 5201,
            "y": 2566
          },
          {
            "x": 5201,
            "y": 2563
          },
          {
            "x": 5199,
            "y": 2561
          },
          {
            "x": 5199,
            "y": 2560
          },
          {
            "x": 5197,
            "y": 2558
          },
          {
            "x": 5197,
            "y": 2557
          },
          {
            "x": 5196,
            "y": 2556
          },
          {
            "x": 5196,
            "y": 2554
          },
          {
            "x": 5195,
            "y": 2554
          },
          {
            "x": 5194,
            "y": 2553
          },
          {
            "x": 5194,
            "y": 2551
          },
          {
            "x": 5192,
            "y": 2549
          },
          {
            "x": 5192,
            "y": 2548
          },
          {
            "x": 5191,
            "y": 2548
          },
          {
            "x": 5189,
            "y": 2546
          },
          {
            "x": 5189,
            "y": 2545
          },
          {
            "x": 5185,
            "y": 2541
          },
          {
            "x": 5185,
            "y": 2540
          },
          {
            "x": 5182,
            "y": 2537
          },
          {
            "x": 5182,
            "y": 2536
          },
          {
            "x": 5181,
            "y": 2536
          },
          {
            "x": 5180,
            "y": 2535
          },
          {
            "x": 5180,
            "y": 2534
          },
          {
            "x": 5178,
            "y": 2532
          },
          {
            "x": 5178,
            "y": 2531
          },
          {
            "x": 5176,
            "y": 2529
          },
          {
            "x": 5176,
            "y": 2528
          },
          {
            "x": 5175,
            "y": 2527
          },
          {
            "x": 5175,
            "y": 2526
          },
          {
            "x": 5174,
            "y": 2526
          },
          {
            "x": 5173,
            "y": 2525
          },
          {
            "x": 5173,
            "y": 2524
          },
          {
            "x": 5170,
            "y": 2521
          },
          {
            "x": 5170,
            "y": 2520
          },
          {
            "x": 5168,
            "y": 2518
          },
          {
            "x": 5168,
            "y": 2517
          },
          {
            "x": 5166,
            "y": 2515
          },
          {
            "x": 5166,
            "y": 2514
          },
          {
            "x": 5161,
            "y": 2509
          },
          {
            "x": 5161,
            "y": 2508
          },
          {
            "x": 5160,
            "y": 2507
          },
          {
            "x": 5160,
            "y": 2506
          },
          {
            "x": 5159,
            "y": 2506
          },
          {
            "x": 5158,
            "y": 2505
          },
          {
            "x": 5158,
            "y": 2504
          },
          {
            "x": 5156,
            "y": 2502
          },
          {
            "x": 5156,
            "y": 2501
          },
          {
            "x": 5154,
            "y": 2499
          },
          {
            "x": 5154,
            "y": 2498
          },
          {
            "x": 5153,
            "y": 2497
          },
          {
            "x": 5153,
            "y": 2496
          },
          {
            "x": 5150,
            "y": 2493
          },
          {
            "x": 5150,
            "y": 2492
          },
          {
            "x": 5148,
            "y": 2490
          },
          {
            "x": 5148,
            "y": 2488
          },
          {
            "x": 5147,
            "y": 2488
          },
          {
            "x": 5146,
            "y": 2487
          },
          {
            "x": 5146,
            "y": 2485
          },
          {
            "x": 5145,
            "y": 2485
          },
          {
            "x": 5144,
            "y": 2484
          },
          {
            "x": 5144,
            "y": 2483
          },
          {
            "x": 5142,
            "y": 2481
          },
          {
            "x": 5142,
            "y": 2480
          },
          {
            "x": 5141,
            "y": 2479
          },
          {
            "x": 5141,
            "y": 2478
          },
          {
            "x": 5140,
            "y": 2478
          },
          {
            "x": 5139,
            "y": 2477
          },
          {
            "x": 5139,
            "y": 2476
          },
          {
            "x": 5137,
            "y": 2474
          },
          {
            "x": 5137,
            "y": 2473
          },
          {
            "x": 5136,
            "y": 2472
          },
          {
            "x": 5136,
            "y": 2471
          },
          {
            "x": 5134,
            "y": 2469
          },
          {
            "x": 5134,
            "y": 2468
          },
          {
            "x": 5133,
            "y": 2467
          },
          {
            "x": 5133,
            "y": 2466
          },
          {
            "x": 5132,
            "y": 2465
          },
          {
            "x": 5132,
            "y": 2464
          },
          {
            "x": 5130,
            "y": 2462
          },
          {
            "x": 5130,
            "y": 2461
          },
          {
            "x": 5129,
            "y": 2460
          },
          {
            "x": 5129,
            "y": 2459
          },
          {
            "x": 5125,
            "y": 2455
          },
          {
            "x": 5125,
            "y": 2454
          },
          {
            "x": 5124,
            "y": 2453
          },
          {
            "x": 5124,
            "y": 2452
          },
          {
            "x": 5123,
            "y": 2452
          },
          {
            "x": 5122,
            "y": 2451
          },
          {
            "x": 5121,
            "y": 2451
          },
          {
            "x": 5119,
            "y": 2449
          },
          {
            "x": 5117,
            "y": 2449
          },
          {
            "x": 5115,
            "y": 2447
          },
          {
            "x": 5114,
            "y": 2447
          },
          {
            "x": 5113,
            "y": 2446
          },
          {
            "x": 5111,
            "y": 2446
          },
          {
            "x": 5110,
            "y": 2445
          },
          {
            "x": 5109,
            "y": 2445
          },
          {
            "x": 5108,
            "y": 2444
          },
          {
            "x": 5106,
            "y": 2444
          },
          {
            "x": 5105,
            "y": 2443
          },
          {
            "x": 5103,
            "y": 2443
          },
          {
            "x": 5102,
            "y": 2442
          },
          {
            "x": 5090,
            "y": 2442
          },
          {
            "x": 5089,
            "y": 2441
          },
          {
            "x": 5087,
            "y": 2441
          },
          {
            "x": 5086,
            "y": 2440
          },
          {
            "x": 5071,
            "y": 2440
          },
          {
            "x": 5069,
            "y": 2442
          },
          {
            "x": 5065,
            "y": 2442
          },
          {
            "x": 5064,
            "y": 2443
          },
          {
            "x": 5063,
            "y": 2443
          },
          {
            "x": 5062,
            "y": 2444
          }
        ]
      }
    },
    {
      "annotator": {
        "email": "order@bex.kg",
        "full_name": "Zhaparova  Nurzhan"
      },
      "name": "Vehicle Polygon ",
      "polygon": {
        "path": [
          {
            "x": 830,
            "y": 103.0
          },
          {
            "x": 829,
            "y": 103.0
          },
          {
            "x": 828,
            "y": 102.0
          },
          {
            "x": 827,
            "y": 102.0
          },
          {
            "x": 826,
            "y": 101
          },
          {
            "x": 825,
            "y": 101
          },
          {
            "x": 823,
            "y": 99
          },
          {
            "x": 821,
            "y": 99
          },
          {
            "x": 819,
            "y": 97.0
          },
          {
            "x": 818,
            "y": 97.0
          },
          {
            "x": 816,
            "y": 95.0
          },
          {
            "x": 814,
            "y": 95.0
          },
          {
            "x": 813,
            "y": 94.0
          },
          {
            "x": 811,
            "y": 94.0
          },
          {
            "x": 810,
            "y": 93.0
          },
          {
            "x": 805,
            "y": 93.0
          },
          {
            "x": 804,
            "y": 94.0
          },
          {
            "x": 798,
            "y": 94.0
          },
          {
            "x": 797,
            "y": 95.0
          },
          {
            "x": 793,
            "y": 95.0
          },
          {
            "x": 791,
            "y": 97.0
          },
          {
            "x": 789,
            "y": 97.0
          },
          {
            "x": 788,
            "y": 98.0
          },
          {
            "x": 787,
            "y": 98.0
          },
          {
            "x": 786,
            "y": 99
          },
          {
            "x": 785,
            "y": 99
          },
          {
            "x": 782,
            "y": 102.0
          },
          {
            "x": 781,
            "y": 102.0
          },
          {
            "x": 777,
            "y": 106.0
          },
          {
            "x": 777,
            "y": 107.0
          },
          {
            "x": 776,
            "y": 108.0
          },
          {
            "x": 775,
            "y": 108.0
          },
          {
            "x": 773,
            "y": 110.0
          },
          {
            "x": 772,
            "y": 110.0
          },
          {
            "x": 769,
            "y": 113.0
          },
          {
            "x": 768,
            "y": 113.0
          },
          {
            "x": 765,
            "y": 116.0
          },
          {
            "x": 764,
            "y": 116.0
          },
          {
            "x": 762,
            "y": 118.0
          },
          {
            "x": 761,
            "y": 118.0
          },
          {
            "x": 761,
            "y": 119.0
          },
          {
            "x": 760,
            "y": 120.0
          },
          {
            "x": 759,
            "y": 120.0
          },
          {
            "x": 756,
            "y": 123.0
          },
          {
            "x": 755,
            "y": 123.0
          },
          {
            "x": 755,
            "y": 124.0
          },
          {
            "x": 754,
            "y": 125.0
          },
          {
            "x": 753,
            "y": 125.0
          },
          {
            "x": 753,
            "y": 126.0
          },
          {
            "x": 748,
            "y": 131
          },
          {
            "x": 746,
            "y": 131
          },
          {
            "x": 745,
            "y": 132.0
          },
          {
            "x": 742,
            "y": 132.0
          },
          {
            "x": 741,
            "y": 133.0
          },
          {
            "x": 738,
            "y": 133.0
          },
          {
            "x": 737,
            "y": 132.0
          },
          {
            "x": 736,
            "y": 132.0
          },
          {
            "x": 735,
            "y": 131
          },
          {
            "x": 734,
            "y": 131
          },
          {
            "x": 733,
            "y": 130.0
          },
          {
            "x": 733,
            "y": 129
          },
          {
            "x": 726,
            "y": 129
          },
          {
            "x": 726,
            "y": 133.0
          },
          {
            "x": 727,
            "y": 134.0
          },
          {
            "x": 727,
            "y": 138.0
          },
          {
            "x": 725,
            "y": 140
          },
          {
            "x": 725,
            "y": 141.0
          },
          {
            "x": 721,
            "y": 145.0
          },
          {
            "x": 721,
            "y": 146.0
          },
          {
            "x": 718,
            "y": 149.0
          },
          {
            "x": 718,
            "y": 150.0
          },
          {
            "x": 717,
            "y": 151.0
          },
          {
            "x": 716,
            "y": 151.0
          },
          {
            "x": 716,
            "y": 152.0
          },
          {
            "x": 709,
            "y": 159
          },
          {
            "x": 709,
            "y": 160.0
          },
          {
            "x": 707,
            "y": 162.0
          },
          {
            "x": 707,
            "y": 163.0
          },
          {
            "x": 705,
            "y": 165.0
          },
          {
            "x": 705,
            "y": 166.0
          },
          {
            "x": 703,
            "y": 168
          },
          {
            "x": 702,
            "y": 168
          },
          {
            "x": 699,
            "y": 171.0
          },
          {
            "x": 699,
            "y": 172
          },
          {
            "x": 698,
            "y": 173.0
          },
          {
            "x": 697,
            "y": 173.0
          },
          {
            "x": 696,
            "y": 174
          },
          {
            "x": 696,
            "y": 175.0
          },
          {
            "x": 690,
            "y": 181.0
          },
          {
            "x": 690,
            "y": 182.0
          },
          {
            "x": 688,
            "y": 184.0
          },
          {
            "x": 688,
            "y": 187
          },
          {
            "x": 687,
            "y": 188.0
          },
          {
            "x": 687,
            "y": 193.0
          },
          {
            "x": 686,
            "y": 194.0
          },
          {
            "x": 686,
            "y": 199.0
          },
          {
            "x": 684,
            "y": 201.0
          },
          {
            "x": 684,
            "y": 202
          },
          {
            "x": 681,
            "y": 205.0
          },
          {
            "x": 681,
            "y": 206.0
          },
          {
            "x": 677,
            "y": 210.0
          },
          {
            "x": 677,
            "y": 211
          },
          {
            "x": 676,
            "y": 212.0
          },
          {
            "x": 675,
            "y": 212.0
          },
          {
            "x": 675,
            "y": 213
          },
          {
            "x": 674,
            "y": 214.0
          },
          {
            "x": 673,
            "y": 214.0
          },
          {
            "x": 671,
            "y": 216.0
          },
          {
            "x": 670,
            "y": 216.0
          },
          {
            "x": 670,
            "y": 217.0
          },
          {
            "x": 669,
            "y": 218.0
          },
          {
            "x": 668,
            "y": 218.0
          },
          {
            "x": 668,
            "y": 219.0
          },
          {
            "x": 667,
            "y": 220.0
          },
          {
            "x": 666,
            "y": 220.0
          },
          {
            "x": 666,
            "y": 221.0
          },
          {
            "x": 665,
            "y": 222.0
          },
          {
            "x": 664,
            "y": 222.0
          },
          {
            "x": 664,
            "y": 224
          },
          {
            "x": 663,
            "y": 225.0
          },
          {
            "x": 662,
            "y": 225.0
          },
          {
            "x": 662,
            "y": 226
          },
          {
            "x": 657,
            "y": 231.0
          },
          {
            "x": 657,
            "y": 232.0
          },
          {
            "x": 656,
            "y": 233.0
          },
          {
            "x": 655,
            "y": 233.0
          },
          {
            "x": 655,
            "y": 234.0
          },
          {
            "x": 653,
            "y": 236.0
          },
          {
            "x": 653,
            "y": 237.0
          },
          {
            "x": 651,
            "y": 239
          },
          {
            "x": 651,
            "y": 240.0
          },
          {
            "x": 647,
            "y": 244.0
          },
          {
            "x": 647,
            "y": 245
          },
          {
            "x": 646,
            "y": 246.0
          },
          {
            "x": 645,
            "y": 246.0
          },
          {
            "x": 644,
            "y": 247.0
          },
          {
            "x": 644,
            "y": 248.0
          },
          {
            "x": 637,
            "y": 255.0
          },
          {
            "x": 637,
            "y": 256
          },
          {
            "x": 634,
            "y": 259.0
          },
          {
            "x": 634,
            "y": 260
          },
          {
            "x": 633,
            "y": 261.0
          },
          {
            "x": 632,
            "y": 261.0
          },
          {
            "x": 631,
            "y": 262
          },
          {
            "x": 631,
            "y": 263.0
          },
          {
            "x": 630,
            "y": 264.0
          },
          {
            "x": 629,
            "y": 264.0
          },
          {
            "x": 629,
            "y": 265
          },
          {
            "x": 626,
            "y": 268.0
          },
          {
            "x": 626,
            "y": 269
          },
          {
            "x": 623,
            "y": 272.0
          },
          {
            "x": 623,
            "y": 273
          },
          {
            "x": 622,
            "y": 274.0
          },
          {
            "x": 621,
            "y": 274.0
          },
          {
            "x": 621,
            "y": 276.0
          },
          {
            "x": 620,
            "y": 277
          },
          {
            "x": 619,
            "y": 277
          },
          {
            "x": 618,
            "y": 278
          },
          {
            "x": 618,
            "y": 279.0
          },
          {
            "x": 616,
            "y": 281.0
          },
          {
            "x": 616,
            "y": 282
          },
          {
            "x": 615,
            "y": 283.0
          },
          {
            "x": 614,
            "y": 283.0
          },
          {
            "x": 614,
            "y": 285.0
          },
          {
            "x": 613,
            "y": 286
          },
          {
            "x": 613,
            "y": 291.0
          },
          {
            "x": 614,
            "y": 292.0
          },
          {
            "x": 614,
            "y": 293
          },
          {
            "x": 619,
            "y": 298.0
          },
          {
            "x": 619,
            "y": 299
          },
          {
            "x": 620,
            "y": 299
          },
          {
            "x": 621,
            "y": 300.0
          },
          {
            "x": 621,
            "y": 301
          },
          {
            "x": 623,
            "y": 303
          },
          {
            "x": 623,
            "y": 304.0
          },
          {
            "x": 624,
            "y": 305
          },
          {
            "x": 624,
            "y": 306
          },
          {
            "x": 625,
            "y": 307.0
          },
          {
            "x": 625,
            "y": 308
          },
          {
            "x": 631,
            "y": 314
          },
          {
            "x": 631,
            "y": 315.0
          },
          {
            "x": 633,
            "y": 315.0
          },
          {
            "x": 634,
            "y": 316
          },
          {
            "x": 634,
            "y": 317.0
          },
          {
            "x": 636,
            "y": 317.0
          },
          {
            "x": 638,
            "y": 319.0
          },
          {
            "x": 639,
            "y": 319.0
          },
          {
            "x": 640,
            "y": 320
          },
          {
            "x": 640,
            "y": 321
          },
          {
            "x": 641,
            "y": 321
          },
          {
            "x": 644,
            "y": 324.0
          },
          {
            "x": 645,
            "y": 324.0
          },
          {
            "x": 647,
            "y": 326.0
          },
          {
            "x": 648,
            "y": 326.0
          },
          {
            "x": 649,
            "y": 327
          },
          {
            "x": 649,
            "y": 328.0
          },
          {
            "x": 650,
            "y": 328.0
          },
          {
            "x": 652,
            "y": 330.0
          },
          {
            "x": 654,
            "y": 330.0
          },
          {
            "x": 655,
            "y": 331
          },
          {
            "x": 656,
            "y": 331
          },
          {
            "x": 657,
            "y": 332.0
          },
          {
            "x": 661,
            "y": 332.0
          },
          {
            "x": 663,
            "y": 334.0
          },
          {
            "x": 665,
            "y": 334.0
          },
          {
            "x": 666,
            "y": 335.0
          },
          {
            "x": 667,
            "y": 335.0
          },
          {
            "x": 668,
            "y": 336
          },
          {
            "x": 672,
            "y": 336
          },
          {
            "x": 673,
            "y": 337.0
          },
          {
            "x": 674,
            "y": 337.0
          },
          {
            "x": 675,
            "y": 338
          },
          {
            "x": 678,
            "y": 338
          },
          {
            "x": 679,
            "y": 339.0
          },
          {
            "x": 680,
            "y": 339.0
          },
          {
            "x": 681,
            "y": 340
          },
          {
            "x": 682,
            "y": 340
          },
          {
            "x": 683,
            "y": 341.0
          },
          {
            "x": 690,
            "y": 341.0
          },
          {
            "x": 692,
            "y": 339.0
          },
          {
            "x": 693,
            "y": 339.0
          },
          {
            "x": 694,
            "y": 338
          },
          {
            "x": 695,
            "y": 338
          },
          {
            "x": 697,
            "y": 336
          },
          {
            "x": 698,
            "y": 336
          },
          {
            "x": 698,
            "y": 335.0
          },
          {
            "x": 699,
            "y": 334.0
          },
          {
            "x": 700,
            "y": 334.0
          },
          {
            "x": 700,
            "y": 333
          },
          {
            "x": 701,
            "y": 332.0
          },
          {
            "x": 702,
            "y": 332.0
          },
          {
            "x": 702,
            "y": 331
          },
          {
            "x": 706,
            "y": 327
          },
          {
            "x": 706,
            "y": 326.0
          },
          {
            "x": 709,
            "y": 323
          },
          {
            "x": 709,
            "y": 322.0
          },
          {
            "x": 710,
            "y": 321
          },
          {
            "x": 710,
            "y": 320
          },
          {
            "x": 711,
            "y": 319.0
          },
          {
            "x": 711,
            "y": 317.0
          },
          {
            "x": 713,
            "y": 315.0
          },
          {
            "x": 713,
            "y": 314
          },
          {
            "x": 717,
            "y": 310
          },
          {
            "x": 718,
            "y": 310
          },
          {
            "x": 722,
            "y": 306
          },
          {
            "x": 723,
            "y": 306
          },
          {
            "x": 727,
            "y": 302.0
          },
          {
            "x": 727,
            "y": 301
          },
          {
            "x": 729,
            "y": 299
          },
          {
            "x": 730,
            "y": 299
          },
          {
            "x": 730,
            "y": 298.0
          },
          {
            "x": 735,
            "y": 293
          },
          {
            "x": 736,
            "y": 293
          },
          {
            "x": 738,
            "y": 291.0
          },
          {
            "x": 740,
            "y": 291.0
          },
          {
            "x": 743,
            "y": 288
          },
          {
            "x": 743,
            "y": 287.0
          },
          {
            "x": 744,
            "y": 286
          },
          {
            "x": 745,
            "y": 286
          },
          {
            "x": 745,
            "y": 285.0
          },
          {
            "x": 750,
            "y": 280
          },
          {
            "x": 750,
            "y": 279.0
          },
          {
            "x": 751,
            "y": 278
          },
          {
            "x": 752,
            "y": 278
          },
          {
            "x": 752,
            "y": 277
          },
          {
            "x": 754,
            "y": 275
          },
          {
            "x": 754,
            "y": 274.0
          },
          {
            "x": 755,
            "y": 273
          },
          {
            "x": 756,
            "y": 273
          },
          {
            "x": 756,
            "y": 272.0
          },
          {
            "x": 757,
            "y": 271
          },
          {
            "x": 758,
            "y": 271
          },
          {
            "x": 758,
            "y": 270.0
          },
          {
            "x": 763,
            "y": 265
          },
          {
            "x": 763,
            "y": 264.0
          },
          {
            "x": 764,
            "y": 263.0
          },
          {
            "x": 765,
            "y": 263.0
          },
          {
            "x": 765,
            "y": 262
          },
          {
            "x": 769,
            "y": 258
          },
          {
            "x": 769,
            "y": 257.0
          },
          {
            "x": 770,
            "y": 256
          },
          {
            "x": 771,
            "y": 256
          },
          {
            "x": 771,
            "y": 255.0
          },
          {
            "x": 772,
            "y": 254
          },
          {
            "x": 773,
            "y": 254
          },
          {
            "x": 773,
            "y": 253.0
          },
          {
            "x": 774,
            "y": 252.0
          },
          {
            "x": 775,
            "y": 252.0
          },
          {
            "x": 776,
            "y": 251.0
          },
          {
            "x": 776,
            "y": 250.0
          },
          {
            "x": 783,
            "y": 243
          },
          {
            "x": 784,
            "y": 243
          },
          {
            "x": 784,
            "y": 242.0
          },
          {
            "x": 785,
            "y": 241
          },
          {
            "x": 786,
            "y": 241
          },
          {
            "x": 786,
            "y": 240.0
          },
          {
            "x": 787,
            "y": 239
          },
          {
            "x": 788,
            "y": 239
          },
          {
            "x": 790,
            "y": 237.0
          },
          {
            "x": 790,
            "y": 236.0
          },
          {
            "x": 795,
            "y": 231.0
          },
          {
            "x": 795,
            "y": 230
          },
          {
            "x": 799,
            "y": 226
          },
          {
            "x": 799,
            "y": 225.0
          },
          {
            "x": 800,
            "y": 224
          },
          {
            "x": 801,
            "y": 224
          },
          {
            "x": 802,
            "y": 223.0
          },
          {
            "x": 802,
            "y": 222.0
          },
          {
            "x": 803,
            "y": 221.0
          },
          {
            "x": 804,
            "y": 221.0
          },
          {
            "x": 804,
            "y": 220.0
          },
          {
            "x": 805,
            "y": 219.0
          },
          {
            "x": 806,
            "y": 219.0
          },
          {
            "x": 806,
            "y": 218.0
          },
          {
            "x": 811,
            "y": 213
          },
          {
            "x": 812,
            "y": 213
          },
          {
            "x": 812,
            "y": 212.0
          },
          {
            "x": 813,
            "y": 211
          },
          {
            "x": 814,
            "y": 211
          },
          {
            "x": 815,
            "y": 210.0
          },
          {
            "x": 815,
            "y": 209.0
          },
          {
            "x": 816,
            "y": 208.0
          },
          {
            "x": 817,
            "y": 208.0
          },
          {
            "x": 817,
            "y": 207.0
          },
          {
            "x": 821,
            "y": 203.0
          },
          {
            "x": 821,
            "y": 202
          },
          {
            "x": 825,
            "y": 198
          },
          {
            "x": 825,
            "y": 197.0
          },
          {
            "x": 828,
            "y": 194.0
          },
          {
            "x": 828,
            "y": 193.0
          },
          {
            "x": 830,
            "y": 191.0
          },
          {
            "x": 830,
            "y": 189.0
          },
          {
            "x": 831,
            "y": 188.0
          },
          {
            "x": 831,
            "y": 187
          },
          {
            "x": 832,
            "y": 186.0
          },
          {
            "x": 832,
            "y": 183
          },
          {
            "x": 834,
            "y": 181.0
          },
          {
            "x": 834,
            "y": 180.0
          },
          {
            "x": 836,
            "y": 178.0
          },
          {
            "x": 836,
            "y": 177.0
          },
          {
            "x": 838,
            "y": 175.0
          },
          {
            "x": 838,
            "y": 174
          },
          {
            "x": 841,
            "y": 171.0
          },
          {
            "x": 841,
            "y": 170
          },
          {
            "x": 842,
            "y": 169.0
          },
          {
            "x": 842,
            "y": 168
          },
          {
            "x": 845,
            "y": 165.0
          },
          {
            "x": 845,
            "y": 164.0
          },
          {
            "x": 846,
            "y": 163.0
          },
          {
            "x": 847,
            "y": 163.0
          },
          {
            "x": 847,
            "y": 162.0
          },
          {
            "x": 848,
            "y": 161.0
          },
          {
            "x": 849,
            "y": 161.0
          },
          {
            "x": 849,
            "y": 160.0
          },
          {
            "x": 852,
            "y": 157
          },
          {
            "x": 853,
            "y": 157
          },
          {
            "x": 854,
            "y": 156.0
          },
          {
            "x": 855,
            "y": 156.0
          },
          {
            "x": 858,
            "y": 153
          },
          {
            "x": 858,
            "y": 151.0
          },
          {
            "x": 859,
            "y": 150.0
          },
          {
            "x": 859,
            "y": 142
          },
          {
            "x": 858,
            "y": 141.0
          },
          {
            "x": 858,
            "y": 134.0
          },
          {
            "x": 857,
            "y": 133.0
          },
          {
            "x": 857,
            "y": 131
          },
          {
            "x": 856,
            "y": 130.0
          },
          {
            "x": 856,
            "y": 129
          },
          {
            "x": 854,
            "y": 127
          },
          {
            "x": 854,
            "y": 126.0
          },
          {
            "x": 853,
            "y": 125.0
          },
          {
            "x": 852,
            "y": 125.0
          },
          {
            "x": 851,
            "y": 124.0
          },
          {
            "x": 851,
            "y": 123.0
          },
          {
            "x": 847,
            "y": 119.0
          },
          {
            "x": 847,
            "y": 118.0
          },
          {
            "x": 846,
            "y": 118.0
          },
          {
            "x": 840,
            "y": 112
          },
          {
            "x": 839,
            "y": 112
          },
          {
            "x": 838,
            "y": 111.0
          },
          {
            "x": 838,
            "y": 110.0
          },
          {
            "x": 837,
            "y": 110.0
          },
          {
            "x": 832,
            "y": 105.0
          },
          {
            "x": 831,
            "y": 105.0
          },
          {
            "x": 830,
            "y": 104.0
          }
        ]
      }
    }
  ]
}