{
  "image": {
    "width": 5472,
    "height": 3648,
    "filename": "00000007.JPG",
    "original_filename": "EP-00-00012_0119_0041.JPG",
    "url": "https://darwin.v7labs.com/api/images/1221686/original?token=352cf892-311a-4ca4-80fd-3f05fb7d64b8",
    "thumbnail_url": "https://darwin.v7labs.com/api/images/1221686/thumbnail?token=352cf892-311a-4ca4-80fd-3f05fb7d64b8",
    "workview_url": "https://darwin.v7labs.com/workview?dataset=1191&image=7"
  },
  "dataset": "Mapping_2",
  "annotated": true,
  "annotations": [
    {
      "annotator": {
        "email": "begimbaeva.s95@gmail.com",
        "full_name": "Saltanat Begimbaeva"
      },
      "name": "Spring Field Polygon ",
      "polygon": {
        "path": [
          {
            "x": 1814.36,
            "y": 1262.64
          },
          {
            "x": 2541.41,
            "y": 2074.32
          },
          {
            "x": 3678.68,
            "y": 3348.81
          },
          {
            "x": 3908.9,
            "y": 3642.9
          },
          {
            "x": 5466.74,
            "y": 3648.0
          },
          {
            "x": 5470.75,
            "y": 1645.91
          },
          {
            "x": 5480.21,
            "y": -8.75
          },
          {
            "x": 4217.55,
            "y": -8.2
          },
          {
            "x": 4253.77,
            "y": 232.57
          },
          {
            "x": 4107.45,
            "y": 454.78
          },
          {
            "x": 3865.95,
            "y": 579.99
          },
          {
            "x": 3509.61,
            "y": 539.59
          },
          {
            "x": 3290.49,
            "y": 535.04
          },
          {
            "x": 2709.84,
            "y": 499.96
          }
        ]
      }
    },
    {
      "annotator": {
        "email": "begimbaeva.s95@gmail.com",
        "full_name": "Saltanat Begimbaeva"
      },
      "name": "Spring Field Polygon ",
      "polygon": {
        "path": [
          {
            "x": 3.97,
            "y": 551.38
          },
          {
            "x": 181.62,
            "y": 756.38
          },
          {
            "x": 183.5,
            "y": 809.02
          },
          {
            "x": 246.01,
            "y": 855.73
          },
          {
            "x": 319.7,
            "y": 934.03
          },
          {
            "x": 398.0,
            "y": 1026.15
          },
          {
            "x": 536.18,
            "y": 1182.74
          },
          {
            "x": 679.14,
            "y": 1339.62
          },
          {
            "x": 761.86,
            "y": 1436.06
          },
          {
            "x": 909.71,
            "y": 1320.26
          },
          {
            "x": 1019.78,
            "y": 1238.01
          },
          {
            "x": 1061.8,
            "y": 1193.46
          },
          {
            "x": 1105.04,
            "y": 1152.48
          },
          {
            "x": 1157.96,
            "y": 1210.38
          },
          {
            "x": 1171.77,
            "y": 1274.86
          },
          {
            "x": 1017.15,
            "y": 1410.78
          },
          {
            "x": 720.41,
            "y": 1652.53
          },
          {
            "x": 515.31,
            "y": 1813.55
          },
          {
            "x": 245.26,
            "y": 2037.54
          },
          {
            "x": -0.45,
            "y": 2251.57
          },
          {
            "x": 1.9,
            "y": 1436.06
          }
        ]
      }
    },
    {
      "annotator": {
        "email": "begimbaeva.s95@gmail.com",
        "full_name": "Saltanat Begimbaeva"
      },
      "bounding_box": {
        "h": 210.24,
        "w": 223.37,
        "x": 1479.04,
        "y": 1202.4
      },
      "name": "Vehicle "
    },
    {
      "annotator": {
        "email": "begimbaeva.s95@gmail.com",
        "full_name": "Saltanat Begimbaeva"
      },
      "bounding_box": {
        "h": 206.96,
        "w": 247.4,
        "x": 697.49,
        "y": 1878.32
      },
      "name": "Vehicle "
    },
    {
      "annotator": {
        "email": "begimbaeva.s95@gmail.com",
        "full_name": "Saltanat Begimbaeva"
      },
      "bounding_box": {
        "h": 211.71,
        "w": 225.99,
        "x": 409.65,
        "y": 2111.44
      },
      "name": "Vehicle "
    },
    {
      "annotator": {
        "email": "begimbaeva.s95@gmail.com",
        "full_name": "Saltanat Begimbaeva"
      },
      "bounding_box": {
        "h": 200.59,
        "w": 228.8,
        "x": 604.61,
        "y": 1112.43
      },
      "name": "Vehicle "
    },
    {
      "annotator": {
        "email": "begimbaeva.s95@gmail.com",
        "full_name": "Saltanat Begimbaeva"
      },
      "bounding_box": {
        "h": 191.19,
        "w": 207.49,
        "x": 446.65,
        "y": 935.03
      },
      "name": "Vehicle "
    },
    {
      "annotator": {
        "email": "begimbaeva.s95@gmail.com",
        "full_name": "Saltanat Begimbaeva"
      },
      "bounding_box": {
        "h": 169.25,
        "w": 211.87,
        "x": 351.99,
        "y": 857.93
      },
      "name": "Vehicle "
    },
    {
      "annotator": {
        "email": "begimbaeva.s95@gmail.com",
        "full_name": "Saltanat Begimbaeva"
      },
      "name": "Road Polygon ",
      "polygon": {
        "path": [
          {
            "x": 2.4,
            "y": 2768.06
          },
          {
            "x": 47.87,
            "y": 2663.14
          },
          {
            "x": 91.96,
            "y": 2619.68
          },
          {
            "x": 209.75,
            "y": 2530.37
          },
          {
            "x": 356.76,
            "y": 2405.21
          },
          {
            "x": 456.69,
            "y": 2330.27
          },
          {
            "x": 402.18,
            "y": 2265.22
          },
          {
            "x": 450.35,
            "y": 2215.26
          },
          {
            "x": 541.36,
            "y": 2127.83
          },
          {
            "x": 577.04,
            "y": 2101.06
          },
          {
            "x": 625.22,
            "y": 2134.96
          },
          {
            "x": 716.23,
            "y": 2061.8
          },
          {
            "x": 694.81,
            "y": 2029.68
          },
          {
            "x": 705.52,
            "y": 1997.57
          },
          {
            "x": 789.39,
            "y": 1935.11
          },
          {
            "x": 862.55,
            "y": 1885.15
          },
          {
            "x": 876.82,
            "y": 1874.44
          },
          {
            "x": 919.65,
            "y": 1894.07
          },
          {
            "x": 1058.83,
            "y": 1781.66
          },
          {
            "x": 1196.23,
            "y": 1664.29
          },
          {
            "x": 1283.75,
            "y": 1598.79
          },
          {
            "x": 1390.05,
            "y": 1514.23
          },
          {
            "x": 1505.52,
            "y": 1412.6
          },
          {
            "x": 1474.55,
            "y": 1365.16
          },
          {
            "x": 1479.96,
            "y": 1336.26
          },
          {
            "x": 1514.29,
            "y": 1301.94
          },
          {
            "x": 1631.7,
            "y": 1208.01
          },
          {
            "x": 1647.95,
            "y": 1198.98
          },
          {
            "x": 1696.73,
            "y": 1242.33
          },
          {
            "x": 1745.5,
            "y": 1242.33
          },
          {
            "x": 1812.33,
            "y": 1251.36
          },
          {
            "x": 1913.49,
            "y": 1173.69
          },
          {
            "x": 2085.22,
            "y": 1027.51
          },
          {
            "x": 2219.03,
            "y": 911.77
          },
          {
            "x": 2375.98,
            "y": 783.72
          },
          {
            "x": 2570.93,
            "y": 612.32
          },
          {
            "x": 2628.95,
            "y": 561.73
          },
          {
            "x": 2705.41,
            "y": 496.38
          },
          {
            "x": 2825.83,
            "y": 500.73
          },
          {
            "x": 3135.18,
            "y": 516.18
          },
          {
            "x": 3264.63,
            "y": 531.23
          },
          {
            "x": 3400.11,
            "y": 531.23
          },
          {
            "x": 3855.3,
            "y": 569.9
          },
          {
            "x": 4000.15,
            "y": 515.28
          },
          {
            "x": 4168.18,
            "y": 382.86
          },
          {
            "x": 4240.53,
            "y": 185.75
          },
          {
            "x": 4215.07,
            "y": -2.37
          },
          {
            "x": 4131.28,
            "y": 1.28
          },
          {
            "x": 3931.56,
            "y": -3.75
          },
          {
            "x": 3828.9,
            "y": 2.23
          },
          {
            "x": 2930.03,
            "y": 0.08
          },
          {
            "x": 2876.27,
            "y": 83.95
          },
          {
            "x": 2811.76,
            "y": 126.95
          },
          {
            "x": 2758.0,
            "y": 137.71
          },
          {
            "x": 2479.13,
            "y": 113.58
          },
          {
            "x": 2428.77,
            "y": 96.59
          },
          {
            "x": 2222.54,
            "y": 260.28
          },
          {
            "x": 2254.8,
            "y": 342.0
          },
          {
            "x": 2252.65,
            "y": 402.21
          },
          {
            "x": 2110.72,
            "y": 526.93
          },
          {
            "x": 2042.52,
            "y": 553.29
          },
          {
            "x": 1990.3,
            "y": 544.13
          },
          {
            "x": 1942.99,
            "y": 501.13
          },
          {
            "x": 1805.36,
            "y": 617.25
          },
          {
            "x": 1854.82,
            "y": 698.96
          },
          {
            "x": 1844.07,
            "y": 737.67
          },
          {
            "x": 1844.07,
            "y": 737.67
          },
          {
            "x": 1751.6,
            "y": 819.39
          },
          {
            "x": 1637.59,
            "y": 909.24
          },
          {
            "x": 1565.53,
            "y": 972.47
          },
          {
            "x": 1462.86,
            "y": 1053.06
          },
          {
            "x": 1405.63,
            "y": 1093.6
          },
          {
            "x": 1349.26,
            "y": 1114.4
          },
          {
            "x": 1262.73,
            "y": 1053.69
          },
          {
            "x": 1125.59,
            "y": 1161.58
          },
          {
            "x": 1178.62,
            "y": 1240.21
          },
          {
            "x": 1156.45,
            "y": 1298.77
          },
          {
            "x": 953.7,
            "y": 1461.47
          },
          {
            "x": 651.99,
            "y": 1702.84
          },
          {
            "x": 392.33,
            "y": 1913.12
          },
          {
            "x": 240.56,
            "y": 2042.95
          },
          {
            "x": 105.24,
            "y": 2156.33
          },
          {
            "x": -0.73,
            "y": 2247.75
          },
          {
            "x": -0.82,
            "y": 2525.7
          }
        ]
      }
    },
    {
      "annotator": {
        "email": "begimbaeva.s95@gmail.com",
        "full_name": "Saltanat Begimbaeva"
      },
      "bounding_box": {
        "h": 199.18,
        "w": 192.86,
        "x": 1174.16,
        "y": 667.66
      },
      "name": "Vehicle "
    },
    {
      "annotator": {
        "email": "begimbaeva.s95@gmail.com",
        "full_name": "Saltanat Begimbaeva"
      },
      "bounding_box": {
        "h": 256.09,
        "w": 249.76,
        "x": 930.72,
        "y": 509.58
      },
      "name": "Vehicle "
    },
    {
      "annotator": {
        "email": "begimbaeva.s95@gmail.com",
        "full_name": "Saltanat Begimbaeva"
      },
      "bounding_box": {
        "h": 167.07,
        "w": 222.75,
        "x": 1644.68,
        "y": -2.67
      },
      "name": "Vehicle "
    },
    {
      "annotator": {
        "email": "begimbaeva.s95@gmail.com",
        "full_name": "Saltanat Begimbaeva"
      },
      "bounding_box": {
        "h": 178.59,
        "w": 201.63,
        "x": 1903.92,
        "y": 250.81
      },
      "name": "Vehicle "
    },
    {
      "annotator": {
        "email": "begimbaeva.s95@gmail.com",
        "full_name": "Saltanat Begimbaeva"
      },
      "bounding_box": {
        "h": 196.79,
        "w": 218.43,
        "x": 1075.56,
        "y": 253.22
      },
      "name": "Vehicle "
    }
  ]
}