{
  "image": {
    "width": 5472,
    "height": 3648,
    "filename": "00000061.JPG",
    "original_filename": "EP-00-00012_0119_0018.JPG",
    "url": "https://darwin.v7labs.com/api/images/1221662/original?token=43ffe058-ebd2-4afa-8955-89cf45e925a6",
    "thumbnail_url": "https://darwin.v7labs.com/api/images/1221662/thumbnail?token=43ffe058-ebd2-4afa-8955-89cf45e925a6",
    "workview_url": "https://darwin.v7labs.com/workview?dataset=1190&image=61"
  },
  "dataset": "Mapping_1",
  "annotated": true,
  "annotations": [
    {
      "annotator": {
        "email": "order@bex.kg",
        "full_name": "Zhaparova  Nurzhan"
      },
      "bounding_box": {
        "h": 175.85,
        "w": 87.93,
        "x": 2530.81,
        "y": 0.08
      },
      "name": "Vehicle "
    },
    {
      "annotator": {
        "email": "order@bex.kg",
        "full_name": "Zhaparova  Nurzhan"
      },
      "bounding_box": {
        "h": 149.47,
        "w": 74.74,
        "x": 2834.15,
        "y": 92.41
      },
      "name": "Vehicle "
    },
    {
      "annotator": {
        "email": "order@bex.kg",
        "full_name": "Zhaparova  Nurzhan"
      },
      "bounding_box": {
        "h": 233.0,
        "w": 105.51,
        "x": 2697.87,
        "y": 312.22
      },
      "name": "Vehicle "
    },
    {
      "annotator": {
        "email": "order@bex.kg",
        "full_name": "Zhaparova  Nurzhan"
      },
      "name": "Road ",
      "polygon": {
        "path": [
          {
            "x": 1138.65,
            "y": -7.77
          },
          {
            "x": -3.91,
            "y": 1924.69
          },
          {
            "x": -7.19,
            "y": 2554.05
          },
          {
            "x": 240.33,
            "y": 2132.3
          },
          {
            "x": 484.57,
            "y": 1680.45
          },
          {
            "x": 741.02,
            "y": 1289.67
          },
          {
            "x": 1156.23,
            "y": 520.32
          },
          {
            "x": 1480.75,
            "y": -2.24
          }
        ]
      }
    },
    {
      "annotator": {
        "email": "order@bex.kg",
        "full_name": "Zhaparova  Nurzhan"
      },
      "name": "Road ",
      "polygon": {
        "path": [
          {
            "x": 1557.75,
            "y": 12.31
          },
          {
            "x": 1367.83,
            "y": 339.39
          },
          {
            "x": 1156.8,
            "y": 645.38
          },
          {
            "x": 977.43,
            "y": 998.84
          },
          {
            "x": 601.05,
            "y": 1650.27
          },
          {
            "x": 311.53,
            "y": 2156.94
          },
          {
            "x": -6.95,
            "y": 2707.03
          },
          {
            "x": -6.95,
            "y": 3633.51
          },
          {
            "x": 5450.58,
            "y": 3647.98
          },
          {
            "x": 5479.53,
            "y": -0.02
          },
          {
            "x": 3567.2,
            "y": 1.33
          },
          {
            "x": 3583.02,
            "y": 333.7
          },
          {
            "x": 3561.92,
            "y": 507.79
          },
          {
            "x": 3583.02,
            "y": 586.92
          },
          {
            "x": 3593.57,
            "y": 776.85
          },
          {
            "x": 3514.44,
            "y": 819.05
          },
          {
            "x": 3171.53,
            "y": 829.6
          },
          {
            "x": 2891.92,
            "y": 829.6
          },
          {
            "x": 2691.45,
            "y": 861.25
          },
          {
            "x": 2522.63,
            "y": 877.08
          },
          {
            "x": 2506.8,
            "y": 460.31
          },
          {
            "x": 2506.8,
            "y": 6.61
          }
        ]
      }
    }
  ]
}