{
  "image": {
    "width": 5472,
    "height": 3648,
    "filename": "00000015.JPG",
    "original_filename": "EP-00-00012_0119_0049.JPG",
    "url": "https://darwin.v7labs.com/api/images/1221694/original?token=352cf892-311a-4ca4-80fd-3f05fb7d64b8",
    "thumbnail_url": "https://darwin.v7labs.com/api/images/1221694/thumbnail?token=352cf892-311a-4ca4-80fd-3f05fb7d64b8",
    "workview_url": "https://darwin.v7labs.com/workview?dataset=1191&image=15"
  },
  "dataset": "Mapping_2",
  "annotated": true,
  "annotations": [
    {
      "annotator": {
        "email": "begimbaeva.s95@gmail.com",
        "full_name": "Saltanat Begimbaeva"
      },
      "name": "Spring Field Polygon ",
      "polygon": {
        "path": [
          {
            "x": -1.34,
            "y": 1655.18
          },
          {
            "x": 384.96,
            "y": 1455.87
          },
          {
            "x": 325.03,
            "y": 1148.75
          },
          {
            "x": 241.58,
            "y": 696.64
          },
          {
            "x": 788.4,
            "y": 382.03
          },
          {
            "x": 1455.79,
            "y": -6.07
          },
          {
            "x": 2320.8,
            "y": -5.71
          },
          {
            "x": 3310.65,
            "y": -5.71
          },
          {
            "x": 4362.92,
            "y": 3.21
          },
          {
            "x": 5468.7,
            "y": -5.71
          },
          {
            "x": 5468.7,
            "y": 894.97
          },
          {
            "x": 5468.7,
            "y": 2402.04
          },
          {
            "x": 5477.62,
            "y": 3659.41
          },
          {
            "x": 1999.77,
            "y": 3659.41
          },
          {
            "x": 11.15,
            "y": 3650.5
          }
        ]
      }
    },
    {
      "annotator": {
        "email": "begimbaeva.s95@gmail.com",
        "full_name": "Saltanat Begimbaeva"
      },
      "bounding_box": {
        "h": 222.07,
        "w": 297.9,
        "x": 934.3,
        "y": 2.49
      },
      "name": "Vehicle "
    },
    {
      "annotator": {
        "email": "begimbaeva.s95@gmail.com",
        "full_name": "Saltanat Begimbaeva"
      },
      "bounding_box": {
        "h": 121.17,
        "w": 151.91,
        "x": 786.58,
        "y": 226.13
      },
      "name": "Vehicle "
    },
    {
      "annotator": {
        "email": "begimbaeva.s95@gmail.com",
        "full_name": "Saltanat Begimbaeva"
      },
      "bounding_box": {
        "h": 140.99,
        "w": 186.31,
        "x": 339.59,
        "y": 442.05
      },
      "name": "Vehicle "
    },
    {
      "annotator": {
        "email": "begimbaeva.s95@gmail.com",
        "full_name": "Saltanat Begimbaeva"
      },
      "bounding_box": {
        "h": 130.12,
        "w": 164.36,
        "x": 192.76,
        "y": 541.75
      },
      "name": "Vehicle "
    },
    {
      "annotator": {
        "email": "begimbaeva.s95@gmail.com",
        "full_name": "Saltanat Begimbaeva"
      },
      "bounding_box": {
        "h": 171.41,
        "w": 135.35,
        "x": 82.99,
        "y": 728.47
      },
      "name": "Vehicle "
    },
    {
      "annotator": {
        "email": "begimbaeva.s95@gmail.com",
        "full_name": "Saltanat Begimbaeva"
      },
      "bounding_box": {
        "h": 167.58,
        "w": 121.25,
        "x": 8.26,
        "y": 785.67
      },
      "name": "Vehicle "
    },
    {
      "annotator": {
        "email": "begimbaeva.s95@gmail.com",
        "full_name": "Saltanat Begimbaeva"
      },
      "bounding_box": {
        "h": 102.93,
        "w": 187.52,
        "x": 49.15,
        "y": -4.3
      },
      "name": "Vehicle "
    }
  ]
}