{
  "image": {
    "width": 5472,
    "height": 3648,
    "filename": "00000068.JPG",
    "original_filename": "EP-00-00012_0119_0025.JPG",
    "url": "https://darwin.v7labs.com/api/images/1221669/original?token=43ffe058-ebd2-4afa-8955-89cf45e925a6",
    "thumbnail_url": "https://darwin.v7labs.com/api/images/1221669/thumbnail?token=43ffe058-ebd2-4afa-8955-89cf45e925a6",
    "workview_url": "https://darwin.v7labs.com/workview?dataset=1190&image=68"
  },
  "dataset": "Mapping_1",
  "annotated": true,
  "annotations": [
    {
      "annotator": {
        "email": "order@bex.kg",
        "full_name": "Zhaparova  Nurzhan"
      },
      "name": "Building Polygon",
      "polygon": {
        "path": [
          {
            "x": 1537.58,
            "y": 8.96
          },
          {
            "x": 1106.74,
            "y": 2714.63
          },
          {
            "x": 2252.77,
            "y": 2835.27
          },
          {
            "x": 2295.85,
            "y": 2542.29
          },
          {
            "x": 2821.48,
            "y": 2585.38
          },
          {
            "x": 2838.71,
            "y": 2369.96
          },
          {
            "x": 3398.8,
            "y": 2430.28
          },
          {
            "x": 3416.04,
            "y": 2387.19
          },
          {
            "x": 4467.28,
            "y": 2507.83
          },
          {
            "x": 4484.52,
            "y": 2232.09
          },
          {
            "x": 5423.75,
            "y": 2344.11
          },
          {
            "x": 5432.36,
            "y": 2171.77
          },
          {
            "x": 5475.45,
            "y": 2163.16
          },
          {
            "x": 5475.45,
            "y": 8.96
          }
        ]
      }
    },
    {
      "annotator": {
        "email": "order@bex.kg",
        "full_name": "Zhaparova  Nurzhan"
      },
      "name": "Vehicle Polygon ",
      "polygon": {
        "path": [
          {
            "x": 720,
            "y": 1977
          },
          {
            "x": 720,
            "y": 1978.0
          },
          {
            "x": 718,
            "y": 1980.0
          },
          {
            "x": 718,
            "y": 1989
          },
          {
            "x": 719,
            "y": 1990
          },
          {
            "x": 719,
            "y": 1991
          },
          {
            "x": 720,
            "y": 1992
          },
          {
            "x": 720,
            "y": 1993
          },
          {
            "x": 721,
            "y": 1994.0
          },
          {
            "x": 721,
            "y": 1997
          },
          {
            "x": 722,
            "y": 1998
          },
          {
            "x": 722,
            "y": 1999
          },
          {
            "x": 723,
            "y": 2000
          },
          {
            "x": 723,
            "y": 2004.0
          },
          {
            "x": 724,
            "y": 2005
          },
          {
            "x": 724,
            "y": 2006
          },
          {
            "x": 725,
            "y": 2007
          },
          {
            "x": 725,
            "y": 2008
          },
          {
            "x": 727,
            "y": 2010.0
          },
          {
            "x": 727,
            "y": 2012.0
          },
          {
            "x": 728,
            "y": 2012.0
          },
          {
            "x": 729,
            "y": 2013
          },
          {
            "x": 729,
            "y": 2014
          },
          {
            "x": 730,
            "y": 2015
          },
          {
            "x": 730,
            "y": 2016
          },
          {
            "x": 735,
            "y": 2021
          },
          {
            "x": 735,
            "y": 2022
          },
          {
            "x": 737,
            "y": 2022
          },
          {
            "x": 738,
            "y": 2023
          },
          {
            "x": 739,
            "y": 2023
          },
          {
            "x": 744,
            "y": 2028.0
          },
          {
            "x": 744,
            "y": 2029.0
          },
          {
            "x": 746,
            "y": 2031
          },
          {
            "x": 746,
            "y": 2037.0
          },
          {
            "x": 747,
            "y": 2037.0
          },
          {
            "x": 750,
            "y": 2040
          },
          {
            "x": 751,
            "y": 2040
          },
          {
            "x": 756,
            "y": 2045.0
          },
          {
            "x": 756,
            "y": 2046
          },
          {
            "x": 757,
            "y": 2046
          },
          {
            "x": 758,
            "y": 2047
          },
          {
            "x": 758,
            "y": 2048
          },
          {
            "x": 759,
            "y": 2049
          },
          {
            "x": 759,
            "y": 2050
          },
          {
            "x": 760,
            "y": 2051
          },
          {
            "x": 760,
            "y": 2052
          },
          {
            "x": 762,
            "y": 2054
          },
          {
            "x": 762,
            "y": 2056
          },
          {
            "x": 765,
            "y": 2059
          },
          {
            "x": 765,
            "y": 2061
          },
          {
            "x": 766,
            "y": 2061
          },
          {
            "x": 767,
            "y": 2062
          },
          {
            "x": 767,
            "y": 2064
          },
          {
            "x": 771,
            "y": 2068
          },
          {
            "x": 771,
            "y": 2069
          },
          {
            "x": 772,
            "y": 2070
          },
          {
            "x": 772,
            "y": 2071
          },
          {
            "x": 773,
            "y": 2072
          },
          {
            "x": 773,
            "y": 2073
          },
          {
            "x": 774,
            "y": 2074
          },
          {
            "x": 774,
            "y": 2075
          },
          {
            "x": 775,
            "y": 2076
          },
          {
            "x": 775,
            "y": 2080
          },
          {
            "x": 772,
            "y": 2083
          },
          {
            "x": 771,
            "y": 2083
          },
          {
            "x": 772,
            "y": 2084
          },
          {
            "x": 773,
            "y": 2084
          },
          {
            "x": 775,
            "y": 2086
          },
          {
            "x": 780,
            "y": 2086
          },
          {
            "x": 781,
            "y": 2087
          },
          {
            "x": 782,
            "y": 2087
          },
          {
            "x": 783,
            "y": 2088
          },
          {
            "x": 783,
            "y": 2089
          },
          {
            "x": 785,
            "y": 2091
          },
          {
            "x": 785,
            "y": 2092
          },
          {
            "x": 786,
            "y": 2093
          },
          {
            "x": 786,
            "y": 2094
          },
          {
            "x": 787,
            "y": 2094
          },
          {
            "x": 788,
            "y": 2095
          },
          {
            "x": 788,
            "y": 2096
          },
          {
            "x": 789,
            "y": 2097
          },
          {
            "x": 789,
            "y": 2098
          },
          {
            "x": 790,
            "y": 2099
          },
          {
            "x": 790,
            "y": 2100
          },
          {
            "x": 792,
            "y": 2102
          },
          {
            "x": 792,
            "y": 2103
          },
          {
            "x": 796,
            "y": 2107
          },
          {
            "x": 796,
            "y": 2108
          },
          {
            "x": 802,
            "y": 2114
          },
          {
            "x": 802,
            "y": 2115
          },
          {
            "x": 804,
            "y": 2117
          },
          {
            "x": 804,
            "y": 2118
          },
          {
            "x": 810,
            "y": 2124
          },
          {
            "x": 811,
            "y": 2124
          },
          {
            "x": 817,
            "y": 2130
          },
          {
            "x": 818,
            "y": 2130
          },
          {
            "x": 820,
            "y": 2132
          },
          {
            "x": 822.0,
            "y": 2132
          },
          {
            "x": 824,
            "y": 2134
          },
          {
            "x": 833,
            "y": 2134
          },
          {
            "x": 834.0,
            "y": 2133
          },
          {
            "x": 839.0,
            "y": 2133
          },
          {
            "x": 840,
            "y": 2132
          },
          {
            "x": 860,
            "y": 2132
          },
          {
            "x": 862,
            "y": 2130
          },
          {
            "x": 863.0,
            "y": 2130
          },
          {
            "x": 865,
            "y": 2128
          },
          {
            "x": 865,
            "y": 2127
          },
          {
            "x": 866,
            "y": 2126
          },
          {
            "x": 867.0,
            "y": 2126
          },
          {
            "x": 867.0,
            "y": 2125
          },
          {
            "x": 868,
            "y": 2124
          },
          {
            "x": 869,
            "y": 2124
          },
          {
            "x": 869,
            "y": 2123
          },
          {
            "x": 870,
            "y": 2122
          },
          {
            "x": 872,
            "y": 2122
          },
          {
            "x": 873,
            "y": 2121
          },
          {
            "x": 875.0,
            "y": 2121
          },
          {
            "x": 877,
            "y": 2119
          },
          {
            "x": 884.0,
            "y": 2119
          },
          {
            "x": 890,
            "y": 2113
          },
          {
            "x": 892.0,
            "y": 2113
          },
          {
            "x": 892.0,
            "y": 2112
          },
          {
            "x": 893,
            "y": 2111
          },
          {
            "x": 893,
            "y": 2110
          },
          {
            "x": 894,
            "y": 2109
          },
          {
            "x": 894,
            "y": 2101
          },
          {
            "x": 893,
            "y": 2100
          },
          {
            "x": 893,
            "y": 2097
          },
          {
            "x": 892.0,
            "y": 2096
          },
          {
            "x": 892.0,
            "y": 2091
          },
          {
            "x": 891.0,
            "y": 2090
          },
          {
            "x": 891.0,
            "y": 2089
          },
          {
            "x": 890,
            "y": 2088
          },
          {
            "x": 890,
            "y": 2085
          },
          {
            "x": 889,
            "y": 2084
          },
          {
            "x": 889,
            "y": 2083
          },
          {
            "x": 888.0,
            "y": 2082
          },
          {
            "x": 888.0,
            "y": 2081
          },
          {
            "x": 887.0,
            "y": 2080
          },
          {
            "x": 887.0,
            "y": 2079
          },
          {
            "x": 886,
            "y": 2078
          },
          {
            "x": 886,
            "y": 2076
          },
          {
            "x": 885,
            "y": 2075
          },
          {
            "x": 885,
            "y": 2072
          },
          {
            "x": 883.0,
            "y": 2070
          },
          {
            "x": 883.0,
            "y": 2068
          },
          {
            "x": 882,
            "y": 2068
          },
          {
            "x": 881,
            "y": 2067
          },
          {
            "x": 881,
            "y": 2066
          },
          {
            "x": 875.0,
            "y": 2060
          },
          {
            "x": 874,
            "y": 2060
          },
          {
            "x": 871.0,
            "y": 2057
          },
          {
            "x": 870,
            "y": 2057
          },
          {
            "x": 865,
            "y": 2052
          },
          {
            "x": 865,
            "y": 2051
          },
          {
            "x": 864,
            "y": 2050
          },
          {
            "x": 864,
            "y": 2048
          },
          {
            "x": 862,
            "y": 2046
          },
          {
            "x": 862,
            "y": 2045.0
          },
          {
            "x": 860,
            "y": 2043.0
          },
          {
            "x": 860,
            "y": 2042
          },
          {
            "x": 857,
            "y": 2039
          },
          {
            "x": 857,
            "y": 2038
          },
          {
            "x": 856,
            "y": 2037.0
          },
          {
            "x": 856,
            "y": 2036.0
          },
          {
            "x": 855.0,
            "y": 2035.0
          },
          {
            "x": 855.0,
            "y": 2034
          },
          {
            "x": 854.0,
            "y": 2033
          },
          {
            "x": 854.0,
            "y": 2032
          },
          {
            "x": 848,
            "y": 2026
          },
          {
            "x": 848,
            "y": 2025
          },
          {
            "x": 846.0,
            "y": 2023
          },
          {
            "x": 846.0,
            "y": 2022
          },
          {
            "x": 845,
            "y": 2022
          },
          {
            "x": 844,
            "y": 2021
          },
          {
            "x": 844,
            "y": 2019.0
          },
          {
            "x": 843.0,
            "y": 2018.0
          },
          {
            "x": 843.0,
            "y": 2017
          },
          {
            "x": 842.0,
            "y": 2017
          },
          {
            "x": 841,
            "y": 2016
          },
          {
            "x": 841,
            "y": 2015
          },
          {
            "x": 839.0,
            "y": 2013
          },
          {
            "x": 839.0,
            "y": 2012.0
          },
          {
            "x": 837,
            "y": 2010.0
          },
          {
            "x": 837,
            "y": 2009
          },
          {
            "x": 835.0,
            "y": 2007
          },
          {
            "x": 835.0,
            "y": 2006
          },
          {
            "x": 833,
            "y": 2004.0
          },
          {
            "x": 833,
            "y": 2003.0
          },
          {
            "x": 832,
            "y": 2003.0
          },
          {
            "x": 831,
            "y": 2002.0
          },
          {
            "x": 831,
            "y": 2001
          },
          {
            "x": 829,
            "y": 1999
          },
          {
            "x": 829,
            "y": 1998
          },
          {
            "x": 828,
            "y": 1998
          },
          {
            "x": 827,
            "y": 1997
          },
          {
            "x": 827,
            "y": 1996.0
          },
          {
            "x": 823,
            "y": 1992
          },
          {
            "x": 823,
            "y": 1991
          },
          {
            "x": 822.0,
            "y": 1990
          },
          {
            "x": 822.0,
            "y": 1989
          },
          {
            "x": 820,
            "y": 1987.0
          },
          {
            "x": 820,
            "y": 1986.0
          },
          {
            "x": 818,
            "y": 1984
          },
          {
            "x": 818,
            "y": 1982
          },
          {
            "x": 816,
            "y": 1980.0
          },
          {
            "x": 816,
            "y": 1978.0
          },
          {
            "x": 814,
            "y": 1976
          },
          {
            "x": 814,
            "y": 1973
          },
          {
            "x": 812,
            "y": 1971.0
          },
          {
            "x": 812,
            "y": 1969.0
          },
          {
            "x": 810,
            "y": 1967
          },
          {
            "x": 810,
            "y": 1966
          },
          {
            "x": 808,
            "y": 1964
          },
          {
            "x": 808,
            "y": 1963.0
          },
          {
            "x": 803,
            "y": 1958
          },
          {
            "x": 803,
            "y": 1957
          },
          {
            "x": 802,
            "y": 1957
          },
          {
            "x": 801,
            "y": 1956
          },
          {
            "x": 800,
            "y": 1956
          },
          {
            "x": 799,
            "y": 1955.0
          },
          {
            "x": 798,
            "y": 1955.0
          },
          {
            "x": 797,
            "y": 1954.0
          },
          {
            "x": 796,
            "y": 1954.0
          },
          {
            "x": 795,
            "y": 1953.0
          },
          {
            "x": 795,
            "y": 1952
          },
          {
            "x": 794,
            "y": 1952
          },
          {
            "x": 793,
            "y": 1951
          },
          {
            "x": 792,
            "y": 1951
          },
          {
            "x": 791,
            "y": 1950
          },
          {
            "x": 790,
            "y": 1950
          },
          {
            "x": 789,
            "y": 1949
          },
          {
            "x": 789,
            "y": 1948
          },
          {
            "x": 788,
            "y": 1948
          },
          {
            "x": 786,
            "y": 1946.0
          },
          {
            "x": 785,
            "y": 1946.0
          },
          {
            "x": 783,
            "y": 1944
          },
          {
            "x": 781,
            "y": 1944
          },
          {
            "x": 780,
            "y": 1943
          },
          {
            "x": 771,
            "y": 1943
          },
          {
            "x": 770,
            "y": 1944
          },
          {
            "x": 766,
            "y": 1944
          },
          {
            "x": 764,
            "y": 1946.0
          },
          {
            "x": 762,
            "y": 1946.0
          },
          {
            "x": 761,
            "y": 1947.0
          },
          {
            "x": 760,
            "y": 1947.0
          },
          {
            "x": 759,
            "y": 1948
          },
          {
            "x": 758,
            "y": 1948
          },
          {
            "x": 757,
            "y": 1949
          },
          {
            "x": 756,
            "y": 1949
          },
          {
            "x": 755,
            "y": 1950
          },
          {
            "x": 754,
            "y": 1950
          },
          {
            "x": 752,
            "y": 1952
          },
          {
            "x": 751,
            "y": 1952
          },
          {
            "x": 749,
            "y": 1954.0
          },
          {
            "x": 748,
            "y": 1954.0
          },
          {
            "x": 746,
            "y": 1956
          },
          {
            "x": 745,
            "y": 1956
          },
          {
            "x": 743,
            "y": 1958
          },
          {
            "x": 742,
            "y": 1958
          },
          {
            "x": 738,
            "y": 1962.0
          },
          {
            "x": 737,
            "y": 1962.0
          },
          {
            "x": 734,
            "y": 1965
          },
          {
            "x": 733,
            "y": 1965
          },
          {
            "x": 731,
            "y": 1967
          },
          {
            "x": 730,
            "y": 1967
          }
        ]
      }
    },
    {
      "annotator": {
        "email": "order@bex.kg",
        "full_name": "Zhaparova  Nurzhan"
      },
      "name": "Vehicle Polygon ",
      "polygon": {
        "path": [
          {
            "x": 412.0,
            "y": 1288
          },
          {
            "x": 412.0,
            "y": 1289
          },
          {
            "x": 411.0,
            "y": 1290
          },
          {
            "x": 411.0,
            "y": 1291
          },
          {
            "x": 409.0,
            "y": 1293.0
          },
          {
            "x": 409.0,
            "y": 1294
          },
          {
            "x": 408.0,
            "y": 1295
          },
          {
            "x": 408.0,
            "y": 1296.0
          },
          {
            "x": 407,
            "y": 1297
          },
          {
            "x": 407,
            "y": 1298
          },
          {
            "x": 406.0,
            "y": 1299.0
          },
          {
            "x": 406.0,
            "y": 1300
          },
          {
            "x": 405.0,
            "y": 1301
          },
          {
            "x": 405.0,
            "y": 1303
          },
          {
            "x": 403.0,
            "y": 1305
          },
          {
            "x": 403.0,
            "y": 1309
          },
          {
            "x": 402.0,
            "y": 1310
          },
          {
            "x": 402.0,
            "y": 1315
          },
          {
            "x": 401.0,
            "y": 1316
          },
          {
            "x": 401.0,
            "y": 1318
          },
          {
            "x": 400.0,
            "y": 1319
          },
          {
            "x": 400.0,
            "y": 1324
          },
          {
            "x": 401.0,
            "y": 1325.0
          },
          {
            "x": 401.0,
            "y": 1326
          },
          {
            "x": 402.0,
            "y": 1327
          },
          {
            "x": 402.0,
            "y": 1331.0
          },
          {
            "x": 403.0,
            "y": 1332
          },
          {
            "x": 403.0,
            "y": 1336
          },
          {
            "x": 405.0,
            "y": 1338
          },
          {
            "x": 405.0,
            "y": 1339
          },
          {
            "x": 407,
            "y": 1341
          },
          {
            "x": 408.0,
            "y": 1341
          },
          {
            "x": 409.0,
            "y": 1342
          },
          {
            "x": 410,
            "y": 1342
          },
          {
            "x": 412.0,
            "y": 1344
          },
          {
            "x": 414.0,
            "y": 1344
          },
          {
            "x": 415.0,
            "y": 1345
          },
          {
            "x": 416,
            "y": 1345
          },
          {
            "x": 420.0,
            "y": 1349
          },
          {
            "x": 421.0,
            "y": 1349
          },
          {
            "x": 422,
            "y": 1350
          },
          {
            "x": 423.0,
            "y": 1350
          },
          {
            "x": 424.0,
            "y": 1351
          },
          {
            "x": 425,
            "y": 1351
          },
          {
            "x": 426.0,
            "y": 1352
          },
          {
            "x": 427.0,
            "y": 1352
          },
          {
            "x": 428.0,
            "y": 1353
          },
          {
            "x": 429.0,
            "y": 1353
          },
          {
            "x": 432.0,
            "y": 1356
          },
          {
            "x": 434.0,
            "y": 1356
          },
          {
            "x": 435.0,
            "y": 1357.0
          },
          {
            "x": 436.0,
            "y": 1357.0
          },
          {
            "x": 438.0,
            "y": 1359
          },
          {
            "x": 440.0,
            "y": 1359
          },
          {
            "x": 441.0,
            "y": 1360.0
          },
          {
            "x": 443.0,
            "y": 1360.0
          },
          {
            "x": 444.0,
            "y": 1361
          },
          {
            "x": 445,
            "y": 1361
          },
          {
            "x": 446.0,
            "y": 1362
          },
          {
            "x": 451,
            "y": 1362
          },
          {
            "x": 452.0,
            "y": 1363.0
          },
          {
            "x": 454,
            "y": 1363.0
          },
          {
            "x": 455.0,
            "y": 1364
          },
          {
            "x": 456.0,
            "y": 1364
          },
          {
            "x": 457,
            "y": 1365
          },
          {
            "x": 461.0,
            "y": 1365
          },
          {
            "x": 462.0,
            "y": 1366
          },
          {
            "x": 465.0,
            "y": 1366
          },
          {
            "x": 467.0,
            "y": 1368
          },
          {
            "x": 468.0,
            "y": 1368
          },
          {
            "x": 469.0,
            "y": 1369
          },
          {
            "x": 470.0,
            "y": 1369
          },
          {
            "x": 473.0,
            "y": 1372
          },
          {
            "x": 473.0,
            "y": 1373
          },
          {
            "x": 474,
            "y": 1373
          },
          {
            "x": 475.0,
            "y": 1374
          },
          {
            "x": 476.0,
            "y": 1374
          },
          {
            "x": 478.0,
            "y": 1376
          },
          {
            "x": 480,
            "y": 1376
          },
          {
            "x": 482.0,
            "y": 1378
          },
          {
            "x": 483,
            "y": 1378
          },
          {
            "x": 484.0,
            "y": 1379
          },
          {
            "x": 485.0,
            "y": 1379
          },
          {
            "x": 486,
            "y": 1380
          },
          {
            "x": 487.0,
            "y": 1380
          },
          {
            "x": 488.0,
            "y": 1381
          },
          {
            "x": 489,
            "y": 1381
          },
          {
            "x": 490.0,
            "y": 1382
          },
          {
            "x": 492.0,
            "y": 1382
          },
          {
            "x": 493.0,
            "y": 1383
          },
          {
            "x": 495.0,
            "y": 1383
          },
          {
            "x": 496.0,
            "y": 1384
          },
          {
            "x": 497.0,
            "y": 1384
          },
          {
            "x": 498.0,
            "y": 1385
          },
          {
            "x": 500.0,
            "y": 1385
          },
          {
            "x": 501.0,
            "y": 1386
          },
          {
            "x": 503,
            "y": 1386
          },
          {
            "x": 505.0,
            "y": 1388
          },
          {
            "x": 508.0,
            "y": 1388
          },
          {
            "x": 509,
            "y": 1389.0
          },
          {
            "x": 510.0,
            "y": 1389.0
          },
          {
            "x": 511.0,
            "y": 1390
          },
          {
            "x": 512,
            "y": 1390
          },
          {
            "x": 513.0,
            "y": 1391
          },
          {
            "x": 515,
            "y": 1391
          },
          {
            "x": 516.0,
            "y": 1392.0
          },
          {
            "x": 517.0,
            "y": 1392.0
          },
          {
            "x": 518,
            "y": 1393
          },
          {
            "x": 519.0,
            "y": 1393
          },
          {
            "x": 520.0,
            "y": 1394
          },
          {
            "x": 522.0,
            "y": 1394
          },
          {
            "x": 523,
            "y": 1395.0
          },
          {
            "x": 526,
            "y": 1395.0
          },
          {
            "x": 528.0,
            "y": 1397
          },
          {
            "x": 529,
            "y": 1397
          },
          {
            "x": 530,
            "y": 1398
          },
          {
            "x": 533,
            "y": 1398
          },
          {
            "x": 535,
            "y": 1400
          },
          {
            "x": 538,
            "y": 1400
          },
          {
            "x": 539.0,
            "y": 1401
          },
          {
            "x": 540.0,
            "y": 1401
          },
          {
            "x": 541,
            "y": 1402
          },
          {
            "x": 542.0,
            "y": 1402
          },
          {
            "x": 543.0,
            "y": 1403
          },
          {
            "x": 544,
            "y": 1403
          },
          {
            "x": 545.0,
            "y": 1404
          },
          {
            "x": 547,
            "y": 1404
          },
          {
            "x": 549.0,
            "y": 1406
          },
          {
            "x": 551.0,
            "y": 1406
          },
          {
            "x": 553,
            "y": 1408
          },
          {
            "x": 555,
            "y": 1408
          },
          {
            "x": 556,
            "y": 1409
          },
          {
            "x": 558,
            "y": 1409
          },
          {
            "x": 560.0,
            "y": 1411
          },
          {
            "x": 563.0,
            "y": 1411
          },
          {
            "x": 564,
            "y": 1412
          },
          {
            "x": 566.0,
            "y": 1412
          },
          {
            "x": 567,
            "y": 1413
          },
          {
            "x": 568.0,
            "y": 1413
          },
          {
            "x": 569.0,
            "y": 1414
          },
          {
            "x": 571.0,
            "y": 1414
          },
          {
            "x": 572.0,
            "y": 1415
          },
          {
            "x": 574.0,
            "y": 1415
          },
          {
            "x": 575.0,
            "y": 1416
          },
          {
            "x": 577.0,
            "y": 1416
          },
          {
            "x": 578.0,
            "y": 1417
          },
          {
            "x": 590,
            "y": 1417
          },
          {
            "x": 592.0,
            "y": 1415
          },
          {
            "x": 594,
            "y": 1415
          },
          {
            "x": 595.0,
            "y": 1414
          },
          {
            "x": 596,
            "y": 1414
          },
          {
            "x": 598.0,
            "y": 1412
          },
          {
            "x": 599,
            "y": 1412
          },
          {
            "x": 602,
            "y": 1409
          },
          {
            "x": 603.0,
            "y": 1409
          },
          {
            "x": 603.0,
            "y": 1408
          },
          {
            "x": 605,
            "y": 1406
          },
          {
            "x": 605,
            "y": 1405
          },
          {
            "x": 607.0,
            "y": 1403
          },
          {
            "x": 607.0,
            "y": 1402
          },
          {
            "x": 609.0,
            "y": 1400
          },
          {
            "x": 609.0,
            "y": 1399
          },
          {
            "x": 611,
            "y": 1397
          },
          {
            "x": 611,
            "y": 1395.0
          },
          {
            "x": 612.0,
            "y": 1394
          },
          {
            "x": 612.0,
            "y": 1393
          },
          {
            "x": 614,
            "y": 1391
          },
          {
            "x": 614,
            "y": 1390
          },
          {
            "x": 615.0,
            "y": 1389.0
          },
          {
            "x": 615.0,
            "y": 1387
          },
          {
            "x": 617,
            "y": 1385
          },
          {
            "x": 617,
            "y": 1383
          },
          {
            "x": 618.0,
            "y": 1382
          },
          {
            "x": 618.0,
            "y": 1378
          },
          {
            "x": 620,
            "y": 1376
          },
          {
            "x": 620,
            "y": 1373
          },
          {
            "x": 621.0,
            "y": 1372
          },
          {
            "x": 621.0,
            "y": 1369
          },
          {
            "x": 622,
            "y": 1368
          },
          {
            "x": 622,
            "y": 1366
          },
          {
            "x": 623,
            "y": 1365
          },
          {
            "x": 623,
            "y": 1359
          },
          {
            "x": 624.0,
            "y": 1358
          },
          {
            "x": 624.0,
            "y": 1348
          },
          {
            "x": 623,
            "y": 1347
          },
          {
            "x": 623,
            "y": 1346
          },
          {
            "x": 622,
            "y": 1346
          },
          {
            "x": 621.0,
            "y": 1345
          },
          {
            "x": 621.0,
            "y": 1344
          },
          {
            "x": 615.0,
            "y": 1338
          },
          {
            "x": 613.0,
            "y": 1338
          },
          {
            "x": 611,
            "y": 1336
          },
          {
            "x": 610.0,
            "y": 1336
          },
          {
            "x": 608,
            "y": 1334
          },
          {
            "x": 606.0,
            "y": 1334
          },
          {
            "x": 604.0,
            "y": 1332
          },
          {
            "x": 603.0,
            "y": 1332
          },
          {
            "x": 602,
            "y": 1331.0
          },
          {
            "x": 600.0,
            "y": 1331.0
          },
          {
            "x": 599,
            "y": 1330
          },
          {
            "x": 598.0,
            "y": 1330
          },
          {
            "x": 597,
            "y": 1329
          },
          {
            "x": 595.0,
            "y": 1329
          },
          {
            "x": 594,
            "y": 1328.0
          },
          {
            "x": 592.0,
            "y": 1328.0
          },
          {
            "x": 591,
            "y": 1327
          },
          {
            "x": 590,
            "y": 1327
          },
          {
            "x": 589.0,
            "y": 1326
          },
          {
            "x": 587,
            "y": 1326
          },
          {
            "x": 586.0,
            "y": 1325.0
          },
          {
            "x": 584.0,
            "y": 1325.0
          },
          {
            "x": 582,
            "y": 1323
          },
          {
            "x": 580.0,
            "y": 1323
          },
          {
            "x": 579,
            "y": 1322
          },
          {
            "x": 577.0,
            "y": 1322
          },
          {
            "x": 576,
            "y": 1321
          },
          {
            "x": 575.0,
            "y": 1321
          },
          {
            "x": 574.0,
            "y": 1320
          },
          {
            "x": 573,
            "y": 1320
          },
          {
            "x": 572.0,
            "y": 1319
          },
          {
            "x": 570,
            "y": 1319
          },
          {
            "x": 569.0,
            "y": 1318
          },
          {
            "x": 568.0,
            "y": 1318
          },
          {
            "x": 567,
            "y": 1317
          },
          {
            "x": 565,
            "y": 1317
          },
          {
            "x": 564,
            "y": 1316
          },
          {
            "x": 562,
            "y": 1316
          },
          {
            "x": 560.0,
            "y": 1314
          },
          {
            "x": 559,
            "y": 1314
          },
          {
            "x": 558,
            "y": 1313
          },
          {
            "x": 555,
            "y": 1313
          },
          {
            "x": 553,
            "y": 1311
          },
          {
            "x": 552.0,
            "y": 1311
          },
          {
            "x": 551.0,
            "y": 1310
          },
          {
            "x": 549.0,
            "y": 1310
          },
          {
            "x": 547,
            "y": 1308
          },
          {
            "x": 545.0,
            "y": 1308
          },
          {
            "x": 544,
            "y": 1307
          },
          {
            "x": 543.0,
            "y": 1307
          },
          {
            "x": 541,
            "y": 1305
          },
          {
            "x": 539.0,
            "y": 1305
          },
          {
            "x": 537.0,
            "y": 1303
          },
          {
            "x": 534.0,
            "y": 1303
          },
          {
            "x": 533,
            "y": 1302
          },
          {
            "x": 532,
            "y": 1302
          },
          {
            "x": 530,
            "y": 1300
          },
          {
            "x": 527,
            "y": 1300
          },
          {
            "x": 526,
            "y": 1299.0
          },
          {
            "x": 524,
            "y": 1299.0
          },
          {
            "x": 523,
            "y": 1298
          },
          {
            "x": 522.0,
            "y": 1298
          },
          {
            "x": 521,
            "y": 1297
          },
          {
            "x": 519.0,
            "y": 1297
          },
          {
            "x": 518,
            "y": 1296.0
          },
          {
            "x": 516.0,
            "y": 1296.0
          },
          {
            "x": 515,
            "y": 1295
          },
          {
            "x": 514.0,
            "y": 1295
          },
          {
            "x": 513.0,
            "y": 1294
          },
          {
            "x": 510.0,
            "y": 1294
          },
          {
            "x": 509,
            "y": 1293.0
          },
          {
            "x": 508.0,
            "y": 1293.0
          },
          {
            "x": 504.0,
            "y": 1289
          },
          {
            "x": 504.0,
            "y": 1288
          },
          {
            "x": 501.0,
            "y": 1285
          },
          {
            "x": 489,
            "y": 1285
          },
          {
            "x": 488.0,
            "y": 1284
          },
          {
            "x": 487.0,
            "y": 1284
          },
          {
            "x": 485.0,
            "y": 1282
          },
          {
            "x": 483,
            "y": 1282
          },
          {
            "x": 482.0,
            "y": 1281
          },
          {
            "x": 480,
            "y": 1281
          },
          {
            "x": 478.0,
            "y": 1279
          },
          {
            "x": 476.0,
            "y": 1279
          },
          {
            "x": 475.0,
            "y": 1278
          },
          {
            "x": 474,
            "y": 1278
          },
          {
            "x": 472.0,
            "y": 1276
          },
          {
            "x": 470.0,
            "y": 1276
          },
          {
            "x": 469.0,
            "y": 1275
          },
          {
            "x": 467.0,
            "y": 1275
          },
          {
            "x": 465.0,
            "y": 1273
          },
          {
            "x": 462.0,
            "y": 1273
          },
          {
            "x": 461.0,
            "y": 1272
          },
          {
            "x": 457,
            "y": 1272
          },
          {
            "x": 456.0,
            "y": 1271
          },
          {
            "x": 453.0,
            "y": 1271
          },
          {
            "x": 452.0,
            "y": 1270
          },
          {
            "x": 439,
            "y": 1270
          },
          {
            "x": 438.0,
            "y": 1271
          },
          {
            "x": 437.0,
            "y": 1271
          },
          {
            "x": 436.0,
            "y": 1272
          },
          {
            "x": 433.0,
            "y": 1272
          },
          {
            "x": 432.0,
            "y": 1273
          },
          {
            "x": 431.0,
            "y": 1273
          },
          {
            "x": 430.0,
            "y": 1274
          },
          {
            "x": 429.0,
            "y": 1274
          },
          {
            "x": 428.0,
            "y": 1275
          },
          {
            "x": 427.0,
            "y": 1275
          },
          {
            "x": 426.0,
            "y": 1276
          },
          {
            "x": 425,
            "y": 1276
          },
          {
            "x": 423.0,
            "y": 1278
          },
          {
            "x": 422,
            "y": 1278
          },
          {
            "x": 421.0,
            "y": 1279
          },
          {
            "x": 420.0,
            "y": 1279
          },
          {
            "x": 420.0,
            "y": 1280
          },
          {
            "x": 419,
            "y": 1281
          },
          {
            "x": 418.0,
            "y": 1281
          },
          {
            "x": 418.0,
            "y": 1282
          },
          {
            "x": 415.0,
            "y": 1285
          },
          {
            "x": 415.0,
            "y": 1286
          },
          {
            "x": 413,
            "y": 1288
          }
        ]
      }
    },
    {
      "annotator": {
        "email": "order@bex.kg",
        "full_name": "Zhaparova  Nurzhan"
      },
      "name": "Vehicle Polygon ",
      "polygon": {
        "path": [
          {
            "x": 1144,
            "y": 2766
          },
          {
            "x": 1141,
            "y": 2769
          },
          {
            "x": 1137,
            "y": 2769
          },
          {
            "x": 1136,
            "y": 2768
          },
          {
            "x": 1135,
            "y": 2768
          },
          {
            "x": 1134,
            "y": 2767
          },
          {
            "x": 1129,
            "y": 2767
          },
          {
            "x": 1128,
            "y": 2766
          },
          {
            "x": 1126,
            "y": 2766
          },
          {
            "x": 1125,
            "y": 2765
          },
          {
            "x": 1109,
            "y": 2765
          },
          {
            "x": 1108,
            "y": 2766
          },
          {
            "x": 1107,
            "y": 2766
          },
          {
            "x": 1106,
            "y": 2767
          },
          {
            "x": 1102,
            "y": 2767
          },
          {
            "x": 1101,
            "y": 2766
          },
          {
            "x": 1097,
            "y": 2766
          },
          {
            "x": 1096,
            "y": 2767
          },
          {
            "x": 1092,
            "y": 2767
          },
          {
            "x": 1091,
            "y": 2768
          },
          {
            "x": 1087,
            "y": 2768
          },
          {
            "x": 1086,
            "y": 2769
          },
          {
            "x": 1085,
            "y": 2769
          },
          {
            "x": 1084,
            "y": 2770
          },
          {
            "x": 1083,
            "y": 2770
          },
          {
            "x": 1082,
            "y": 2771
          },
          {
            "x": 1081,
            "y": 2771
          },
          {
            "x": 1080,
            "y": 2772
          },
          {
            "x": 1078,
            "y": 2772
          },
          {
            "x": 1075,
            "y": 2775
          },
          {
            "x": 1075,
            "y": 2776
          },
          {
            "x": 1074,
            "y": 2777
          },
          {
            "x": 1073,
            "y": 2777
          },
          {
            "x": 1071,
            "y": 2779
          },
          {
            "x": 1070,
            "y": 2779
          },
          {
            "x": 1069,
            "y": 2780
          },
          {
            "x": 1065,
            "y": 2780
          },
          {
            "x": 1063,
            "y": 2782
          },
          {
            "x": 1061,
            "y": 2782
          },
          {
            "x": 1060,
            "y": 2783
          },
          {
            "x": 1058,
            "y": 2783
          },
          {
            "x": 1057,
            "y": 2784
          },
          {
            "x": 1055,
            "y": 2784
          },
          {
            "x": 1054,
            "y": 2785
          },
          {
            "x": 1051,
            "y": 2785
          },
          {
            "x": 1049,
            "y": 2787
          },
          {
            "x": 1048,
            "y": 2787
          },
          {
            "x": 1047,
            "y": 2788
          },
          {
            "x": 1044,
            "y": 2788
          },
          {
            "x": 1043,
            "y": 2787
          },
          {
            "x": 1039,
            "y": 2787
          },
          {
            "x": 1038,
            "y": 2786
          },
          {
            "x": 1038,
            "y": 2785
          },
          {
            "x": 1036,
            "y": 2785
          },
          {
            "x": 1035,
            "y": 2784
          },
          {
            "x": 1034,
            "y": 2784
          },
          {
            "x": 1033,
            "y": 2783
          },
          {
            "x": 1031,
            "y": 2783
          },
          {
            "x": 1029,
            "y": 2785
          },
          {
            "x": 1029,
            "y": 2786
          },
          {
            "x": 1025,
            "y": 2790
          },
          {
            "x": 1024,
            "y": 2790
          },
          {
            "x": 1022,
            "y": 2792
          },
          {
            "x": 1020.0,
            "y": 2792
          },
          {
            "x": 1019,
            "y": 2793
          },
          {
            "x": 1018,
            "y": 2793
          },
          {
            "x": 1017.0,
            "y": 2794
          },
          {
            "x": 1015.0,
            "y": 2794
          },
          {
            "x": 1013,
            "y": 2796
          },
          {
            "x": 1012.0,
            "y": 2796
          },
          {
            "x": 1011,
            "y": 2797
          },
          {
            "x": 1008,
            "y": 2797
          },
          {
            "x": 1006,
            "y": 2799
          },
          {
            "x": 1004.0,
            "y": 2799
          },
          {
            "x": 1003,
            "y": 2800
          },
          {
            "x": 1002.0,
            "y": 2800
          },
          {
            "x": 1001,
            "y": 2801
          },
          {
            "x": 1000,
            "y": 2801
          },
          {
            "x": 999.0,
            "y": 2802
          },
          {
            "x": 997,
            "y": 2802
          },
          {
            "x": 996.0,
            "y": 2803
          },
          {
            "x": 995,
            "y": 2803
          },
          {
            "x": 994.0,
            "y": 2804
          },
          {
            "x": 993,
            "y": 2804
          },
          {
            "x": 991.0,
            "y": 2806
          },
          {
            "x": 989.0,
            "y": 2806
          },
          {
            "x": 986.0,
            "y": 2809
          },
          {
            "x": 985,
            "y": 2809
          },
          {
            "x": 984,
            "y": 2810
          },
          {
            "x": 983.0,
            "y": 2810
          },
          {
            "x": 982,
            "y": 2811
          },
          {
            "x": 980,
            "y": 2811
          },
          {
            "x": 979,
            "y": 2812
          },
          {
            "x": 978.0,
            "y": 2812
          },
          {
            "x": 977,
            "y": 2813
          },
          {
            "x": 976,
            "y": 2813
          },
          {
            "x": 975.0,
            "y": 2814
          },
          {
            "x": 970.0,
            "y": 2814
          },
          {
            "x": 969,
            "y": 2815
          },
          {
            "x": 968.0,
            "y": 2815
          },
          {
            "x": 967,
            "y": 2816
          },
          {
            "x": 964,
            "y": 2816
          },
          {
            "x": 962.0,
            "y": 2818
          },
          {
            "x": 961,
            "y": 2818
          },
          {
            "x": 960.0,
            "y": 2819
          },
          {
            "x": 958,
            "y": 2819
          },
          {
            "x": 957.0,
            "y": 2820
          },
          {
            "x": 956,
            "y": 2820
          },
          {
            "x": 955,
            "y": 2821
          },
          {
            "x": 949.0,
            "y": 2821
          },
          {
            "x": 948,
            "y": 2822
          },
          {
            "x": 946,
            "y": 2822
          },
          {
            "x": 945,
            "y": 2823
          },
          {
            "x": 942,
            "y": 2823
          },
          {
            "x": 940,
            "y": 2825
          },
          {
            "x": 939.0,
            "y": 2825
          },
          {
            "x": 938,
            "y": 2826
          },
          {
            "x": 937,
            "y": 2826
          },
          {
            "x": 936.0,
            "y": 2827
          },
          {
            "x": 935,
            "y": 2827
          },
          {
            "x": 934,
            "y": 2828
          },
          {
            "x": 932,
            "y": 2828
          },
          {
            "x": 931.0,
            "y": 2829
          },
          {
            "x": 930,
            "y": 2829
          },
          {
            "x": 928.0,
            "y": 2831
          },
          {
            "x": 925,
            "y": 2831
          },
          {
            "x": 923.0,
            "y": 2833
          },
          {
            "x": 921,
            "y": 2833
          },
          {
            "x": 918.0,
            "y": 2836
          },
          {
            "x": 917,
            "y": 2836
          },
          {
            "x": 913,
            "y": 2840
          },
          {
            "x": 912.0,
            "y": 2840
          },
          {
            "x": 909,
            "y": 2843
          },
          {
            "x": 908,
            "y": 2843
          },
          {
            "x": 905.0,
            "y": 2846
          },
          {
            "x": 905.0,
            "y": 2849
          },
          {
            "x": 904,
            "y": 2850
          },
          {
            "x": 904,
            "y": 2859
          },
          {
            "x": 905.0,
            "y": 2860
          },
          {
            "x": 905.0,
            "y": 2870
          },
          {
            "x": 906,
            "y": 2871
          },
          {
            "x": 906,
            "y": 2874
          },
          {
            "x": 907.0,
            "y": 2875
          },
          {
            "x": 907.0,
            "y": 2880
          },
          {
            "x": 908,
            "y": 2881
          },
          {
            "x": 908,
            "y": 2886
          },
          {
            "x": 909,
            "y": 2887
          },
          {
            "x": 909,
            "y": 2891
          },
          {
            "x": 910.0,
            "y": 2892
          },
          {
            "x": 910.0,
            "y": 2894
          },
          {
            "x": 911,
            "y": 2895
          },
          {
            "x": 911,
            "y": 2896
          },
          {
            "x": 912.0,
            "y": 2897
          },
          {
            "x": 912.0,
            "y": 2898
          },
          {
            "x": 913,
            "y": 2899
          },
          {
            "x": 913,
            "y": 2900
          },
          {
            "x": 915.0,
            "y": 2902
          },
          {
            "x": 915.0,
            "y": 2903
          },
          {
            "x": 917,
            "y": 2905
          },
          {
            "x": 917,
            "y": 2906
          },
          {
            "x": 922,
            "y": 2911
          },
          {
            "x": 922,
            "y": 2912
          },
          {
            "x": 923.0,
            "y": 2912
          },
          {
            "x": 924,
            "y": 2913
          },
          {
            "x": 924,
            "y": 2914
          },
          {
            "x": 925,
            "y": 2915
          },
          {
            "x": 926.0,
            "y": 2915
          },
          {
            "x": 927,
            "y": 2916
          },
          {
            "x": 927,
            "y": 2917
          },
          {
            "x": 928.0,
            "y": 2917
          },
          {
            "x": 929,
            "y": 2918
          },
          {
            "x": 929,
            "y": 2919
          },
          {
            "x": 930,
            "y": 2919
          },
          {
            "x": 931.0,
            "y": 2920
          },
          {
            "x": 943,
            "y": 2920
          },
          {
            "x": 944.0,
            "y": 2919
          },
          {
            "x": 946,
            "y": 2919
          },
          {
            "x": 947.0,
            "y": 2918
          },
          {
            "x": 949.0,
            "y": 2918
          },
          {
            "x": 950,
            "y": 2917
          },
          {
            "x": 953,
            "y": 2917
          },
          {
            "x": 954.0,
            "y": 2916
          },
          {
            "x": 955,
            "y": 2916
          },
          {
            "x": 956,
            "y": 2915
          },
          {
            "x": 957.0,
            "y": 2915
          },
          {
            "x": 958,
            "y": 2914
          },
          {
            "x": 961,
            "y": 2914
          },
          {
            "x": 962.0,
            "y": 2913
          },
          {
            "x": 963,
            "y": 2913
          },
          {
            "x": 964,
            "y": 2912
          },
          {
            "x": 967,
            "y": 2912
          },
          {
            "x": 968.0,
            "y": 2911
          },
          {
            "x": 970.0,
            "y": 2911
          },
          {
            "x": 971,
            "y": 2910
          },
          {
            "x": 976,
            "y": 2910
          },
          {
            "x": 977,
            "y": 2909
          },
          {
            "x": 978.0,
            "y": 2909
          },
          {
            "x": 979,
            "y": 2908
          },
          {
            "x": 982,
            "y": 2908
          },
          {
            "x": 983.0,
            "y": 2907
          },
          {
            "x": 989.0,
            "y": 2907
          },
          {
            "x": 990,
            "y": 2906
          },
          {
            "x": 991.0,
            "y": 2906
          },
          {
            "x": 992,
            "y": 2905
          },
          {
            "x": 1004.0,
            "y": 2905
          },
          {
            "x": 1005,
            "y": 2904
          },
          {
            "x": 1006,
            "y": 2904
          },
          {
            "x": 1007.0,
            "y": 2903
          },
          {
            "x": 1009,
            "y": 2903
          },
          {
            "x": 1010.0,
            "y": 2902
          },
          {
            "x": 1011,
            "y": 2902
          },
          {
            "x": 1012.0,
            "y": 2901
          },
          {
            "x": 1013,
            "y": 2901
          },
          {
            "x": 1014,
            "y": 2900
          },
          {
            "x": 1017.0,
            "y": 2900
          },
          {
            "x": 1018,
            "y": 2899
          },
          {
            "x": 1020.0,
            "y": 2899
          },
          {
            "x": 1021,
            "y": 2898
          },
          {
            "x": 1024,
            "y": 2898
          },
          {
            "x": 1025,
            "y": 2897
          },
          {
            "x": 1026,
            "y": 2897
          },
          {
            "x": 1027,
            "y": 2896
          },
          {
            "x": 1028,
            "y": 2896
          },
          {
            "x": 1029,
            "y": 2895
          },
          {
            "x": 1031,
            "y": 2895
          },
          {
            "x": 1032,
            "y": 2894
          },
          {
            "x": 1033,
            "y": 2894
          },
          {
            "x": 1034,
            "y": 2893
          },
          {
            "x": 1036,
            "y": 2893
          },
          {
            "x": 1037,
            "y": 2892
          },
          {
            "x": 1038,
            "y": 2892
          },
          {
            "x": 1039,
            "y": 2891
          },
          {
            "x": 1041,
            "y": 2891
          },
          {
            "x": 1042,
            "y": 2890
          },
          {
            "x": 1043,
            "y": 2890
          },
          {
            "x": 1044,
            "y": 2889
          },
          {
            "x": 1045,
            "y": 2889
          },
          {
            "x": 1046,
            "y": 2888
          },
          {
            "x": 1048,
            "y": 2888
          },
          {
            "x": 1049,
            "y": 2887
          },
          {
            "x": 1050,
            "y": 2887
          },
          {
            "x": 1051,
            "y": 2886
          },
          {
            "x": 1054,
            "y": 2886
          },
          {
            "x": 1055,
            "y": 2885
          },
          {
            "x": 1056,
            "y": 2885
          },
          {
            "x": 1057,
            "y": 2884
          },
          {
            "x": 1059,
            "y": 2884
          },
          {
            "x": 1060,
            "y": 2883
          },
          {
            "x": 1062,
            "y": 2883
          },
          {
            "x": 1063,
            "y": 2882
          },
          {
            "x": 1065,
            "y": 2882
          },
          {
            "x": 1066,
            "y": 2881
          },
          {
            "x": 1068,
            "y": 2881
          },
          {
            "x": 1069,
            "y": 2880
          },
          {
            "x": 1070,
            "y": 2880
          },
          {
            "x": 1071,
            "y": 2879
          },
          {
            "x": 1072,
            "y": 2879
          },
          {
            "x": 1073,
            "y": 2878
          },
          {
            "x": 1076,
            "y": 2878
          },
          {
            "x": 1078,
            "y": 2876
          },
          {
            "x": 1081,
            "y": 2876
          },
          {
            "x": 1083,
            "y": 2874
          },
          {
            "x": 1085,
            "y": 2874
          },
          {
            "x": 1086,
            "y": 2873
          },
          {
            "x": 1087,
            "y": 2873
          },
          {
            "x": 1088,
            "y": 2872
          },
          {
            "x": 1089,
            "y": 2872
          },
          {
            "x": 1090,
            "y": 2871
          },
          {
            "x": 1093,
            "y": 2871
          },
          {
            "x": 1094,
            "y": 2870
          },
          {
            "x": 1095,
            "y": 2870
          },
          {
            "x": 1096,
            "y": 2869
          },
          {
            "x": 1098,
            "y": 2869
          },
          {
            "x": 1099,
            "y": 2868
          },
          {
            "x": 1100,
            "y": 2868
          },
          {
            "x": 1102,
            "y": 2866
          },
          {
            "x": 1104,
            "y": 2866
          },
          {
            "x": 1105,
            "y": 2865
          },
          {
            "x": 1106,
            "y": 2865
          },
          {
            "x": 1107,
            "y": 2864
          },
          {
            "x": 1110,
            "y": 2864
          },
          {
            "x": 1112,
            "y": 2862
          },
          {
            "x": 1113,
            "y": 2862
          },
          {
            "x": 1114,
            "y": 2861
          },
          {
            "x": 1116,
            "y": 2861
          },
          {
            "x": 1116,
            "y": 2860
          },
          {
            "x": 1117,
            "y": 2859
          },
          {
            "x": 1118,
            "y": 2859
          },
          {
            "x": 1119,
            "y": 2858
          },
          {
            "x": 1120,
            "y": 2858
          },
          {
            "x": 1121,
            "y": 2857
          },
          {
            "x": 1122,
            "y": 2857
          },
          {
            "x": 1124,
            "y": 2855
          },
          {
            "x": 1125,
            "y": 2855
          },
          {
            "x": 1126,
            "y": 2854
          },
          {
            "x": 1128,
            "y": 2854
          },
          {
            "x": 1129,
            "y": 2853
          },
          {
            "x": 1130,
            "y": 2853
          },
          {
            "x": 1131,
            "y": 2852
          },
          {
            "x": 1132,
            "y": 2852
          },
          {
            "x": 1135,
            "y": 2849
          },
          {
            "x": 1136,
            "y": 2849
          },
          {
            "x": 1138,
            "y": 2847
          },
          {
            "x": 1139,
            "y": 2847
          },
          {
            "x": 1140,
            "y": 2846
          },
          {
            "x": 1140,
            "y": 2845
          },
          {
            "x": 1141,
            "y": 2844
          },
          {
            "x": 1142,
            "y": 2844
          },
          {
            "x": 1144,
            "y": 2842
          },
          {
            "x": 1145,
            "y": 2842
          },
          {
            "x": 1145,
            "y": 2841
          },
          {
            "x": 1149,
            "y": 2837
          },
          {
            "x": 1150,
            "y": 2837
          },
          {
            "x": 1151,
            "y": 2836
          },
          {
            "x": 1152,
            "y": 2836
          },
          {
            "x": 1153,
            "y": 2835
          },
          {
            "x": 1155,
            "y": 2835
          },
          {
            "x": 1156,
            "y": 2834
          },
          {
            "x": 1156,
            "y": 2833
          },
          {
            "x": 1157,
            "y": 2832
          },
          {
            "x": 1157,
            "y": 2831
          },
          {
            "x": 1158,
            "y": 2830
          },
          {
            "x": 1158,
            "y": 2825
          },
          {
            "x": 1157,
            "y": 2824
          },
          {
            "x": 1157,
            "y": 2819
          },
          {
            "x": 1156,
            "y": 2818
          },
          {
            "x": 1156,
            "y": 2816
          },
          {
            "x": 1155,
            "y": 2815
          },
          {
            "x": 1155,
            "y": 2812
          },
          {
            "x": 1153,
            "y": 2810
          },
          {
            "x": 1153,
            "y": 2809
          },
          {
            "x": 1152,
            "y": 2808
          },
          {
            "x": 1152,
            "y": 2805
          },
          {
            "x": 1150,
            "y": 2803
          },
          {
            "x": 1150,
            "y": 2799
          },
          {
            "x": 1148,
            "y": 2797
          },
          {
            "x": 1148,
            "y": 2796
          },
          {
            "x": 1147,
            "y": 2795
          },
          {
            "x": 1147,
            "y": 2793
          },
          {
            "x": 1145,
            "y": 2791
          },
          {
            "x": 1145,
            "y": 2787
          },
          {
            "x": 1144,
            "y": 2786
          }
        ]
      }
    },
    {
      "annotator": {
        "email": "order@bex.kg",
        "full_name": "Zhaparova  Nurzhan"
      },
      "name": "Vehicle Polygon ",
      "polygon": {
        "path": [
          {
            "x": 2225.0,
            "y": 2966.0
          },
          {
            "x": 2224,
            "y": 2965
          },
          {
            "x": 2224,
            "y": 2964
          },
          {
            "x": 2223,
            "y": 2963
          },
          {
            "x": 2223,
            "y": 2962
          },
          {
            "x": 2222,
            "y": 2962
          },
          {
            "x": 2220,
            "y": 2960
          },
          {
            "x": 2220,
            "y": 2959
          },
          {
            "x": 2218,
            "y": 2957.0
          },
          {
            "x": 2217,
            "y": 2957.0
          },
          {
            "x": 2216.0,
            "y": 2956
          },
          {
            "x": 2215.0,
            "y": 2956
          },
          {
            "x": 2214,
            "y": 2955
          },
          {
            "x": 2214,
            "y": 2954
          },
          {
            "x": 2213,
            "y": 2954
          },
          {
            "x": 2211,
            "y": 2952
          },
          {
            "x": 2210,
            "y": 2952
          },
          {
            "x": 2209,
            "y": 2951
          },
          {
            "x": 2207.0,
            "y": 2951
          },
          {
            "x": 2206.0,
            "y": 2950
          },
          {
            "x": 2205,
            "y": 2950
          },
          {
            "x": 2203.0,
            "y": 2948
          },
          {
            "x": 2200,
            "y": 2948
          },
          {
            "x": 2199,
            "y": 2947
          },
          {
            "x": 2194.0,
            "y": 2947
          },
          {
            "x": 2193.0,
            "y": 2948
          },
          {
            "x": 2188.0,
            "y": 2948
          },
          {
            "x": 2187,
            "y": 2949
          },
          {
            "x": 2184.0,
            "y": 2949
          },
          {
            "x": 2183,
            "y": 2950
          },
          {
            "x": 2180,
            "y": 2950
          },
          {
            "x": 2179.0,
            "y": 2951
          },
          {
            "x": 2170.0,
            "y": 2951
          },
          {
            "x": 2169.0,
            "y": 2952
          },
          {
            "x": 2165,
            "y": 2952
          },
          {
            "x": 2164,
            "y": 2953
          },
          {
            "x": 2162,
            "y": 2953
          },
          {
            "x": 2161.0,
            "y": 2954
          },
          {
            "x": 2159,
            "y": 2954
          },
          {
            "x": 2158,
            "y": 2955
          },
          {
            "x": 2156.0,
            "y": 2955
          },
          {
            "x": 2155,
            "y": 2956
          },
          {
            "x": 2149,
            "y": 2956
          },
          {
            "x": 2148.0,
            "y": 2957.0
          },
          {
            "x": 2146,
            "y": 2957.0
          },
          {
            "x": 2145,
            "y": 2958
          },
          {
            "x": 2142.0,
            "y": 2958
          },
          {
            "x": 2141,
            "y": 2959
          },
          {
            "x": 2136,
            "y": 2959
          },
          {
            "x": 2135,
            "y": 2960
          },
          {
            "x": 2132.0,
            "y": 2960
          },
          {
            "x": 2131,
            "y": 2961
          },
          {
            "x": 2130,
            "y": 2961
          },
          {
            "x": 2129.0,
            "y": 2962
          },
          {
            "x": 2123.0,
            "y": 2962
          },
          {
            "x": 2122,
            "y": 2963
          },
          {
            "x": 2119,
            "y": 2963
          },
          {
            "x": 2118,
            "y": 2964
          },
          {
            "x": 2114.0,
            "y": 2964
          },
          {
            "x": 2113,
            "y": 2965
          },
          {
            "x": 2110.0,
            "y": 2965
          },
          {
            "x": 2109,
            "y": 2966.0
          },
          {
            "x": 2107,
            "y": 2966.0
          },
          {
            "x": 2106,
            "y": 2967
          },
          {
            "x": 2103,
            "y": 2967
          },
          {
            "x": 2102.0,
            "y": 2968
          },
          {
            "x": 2097,
            "y": 2968
          },
          {
            "x": 2096.0,
            "y": 2969
          },
          {
            "x": 2093,
            "y": 2969
          },
          {
            "x": 2092.0,
            "y": 2970
          },
          {
            "x": 2090,
            "y": 2970
          },
          {
            "x": 2089,
            "y": 2971.0
          },
          {
            "x": 2086.0,
            "y": 2971.0
          },
          {
            "x": 2085,
            "y": 2972
          },
          {
            "x": 2083.0,
            "y": 2972
          },
          {
            "x": 2082,
            "y": 2973
          },
          {
            "x": 2075,
            "y": 2973
          },
          {
            "x": 2074.0,
            "y": 2974
          },
          {
            "x": 2070,
            "y": 2974
          },
          {
            "x": 2069,
            "y": 2975
          },
          {
            "x": 2066,
            "y": 2975
          },
          {
            "x": 2065.0,
            "y": 2976
          },
          {
            "x": 2062,
            "y": 2976
          },
          {
            "x": 2061,
            "y": 2977
          },
          {
            "x": 2057,
            "y": 2977
          },
          {
            "x": 2056.0,
            "y": 2978
          },
          {
            "x": 2052,
            "y": 2978
          },
          {
            "x": 2051,
            "y": 2979
          },
          {
            "x": 2044,
            "y": 2979
          },
          {
            "x": 2043,
            "y": 2980.0
          },
          {
            "x": 2041.0,
            "y": 2980.0
          },
          {
            "x": 2040.0,
            "y": 2981
          },
          {
            "x": 2037.0,
            "y": 2981
          },
          {
            "x": 2036.0,
            "y": 2982
          },
          {
            "x": 2035,
            "y": 2982
          },
          {
            "x": 2034,
            "y": 2983
          },
          {
            "x": 2033.0,
            "y": 2983
          },
          {
            "x": 2032.0,
            "y": 2984
          },
          {
            "x": 2029,
            "y": 2984
          },
          {
            "x": 2028.0,
            "y": 2985
          },
          {
            "x": 2027.0,
            "y": 2985
          },
          {
            "x": 2026,
            "y": 2986
          },
          {
            "x": 2025,
            "y": 2986
          },
          {
            "x": 2022.0,
            "y": 2989.0
          },
          {
            "x": 2021,
            "y": 2989.0
          },
          {
            "x": 2020,
            "y": 2990
          },
          {
            "x": 2018.0,
            "y": 2990
          },
          {
            "x": 2018.0,
            "y": 2991
          },
          {
            "x": 2013.0,
            "y": 2996
          },
          {
            "x": 2013.0,
            "y": 2997
          },
          {
            "x": 2012,
            "y": 2998
          },
          {
            "x": 2012,
            "y": 3002
          },
          {
            "x": 2011,
            "y": 3003.0
          },
          {
            "x": 2011,
            "y": 3026.0
          },
          {
            "x": 2012,
            "y": 3027
          },
          {
            "x": 2012,
            "y": 3035.0
          },
          {
            "x": 2013.0,
            "y": 3036
          },
          {
            "x": 2013.0,
            "y": 3040.0
          },
          {
            "x": 2014.0,
            "y": 3041
          },
          {
            "x": 2014.0,
            "y": 3044
          },
          {
            "x": 2015,
            "y": 3045
          },
          {
            "x": 2015,
            "y": 3047
          },
          {
            "x": 2016,
            "y": 3048
          },
          {
            "x": 2016,
            "y": 3050
          },
          {
            "x": 2017.0,
            "y": 3051
          },
          {
            "x": 2017.0,
            "y": 3052
          },
          {
            "x": 2018.0,
            "y": 3053
          },
          {
            "x": 2018.0,
            "y": 3057
          },
          {
            "x": 2020,
            "y": 3059
          },
          {
            "x": 2020,
            "y": 3060
          },
          {
            "x": 2022.0,
            "y": 3062
          },
          {
            "x": 2023.0,
            "y": 3062
          },
          {
            "x": 2024,
            "y": 3063.0
          },
          {
            "x": 2024,
            "y": 3064
          },
          {
            "x": 2025,
            "y": 3064
          },
          {
            "x": 2026,
            "y": 3065
          },
          {
            "x": 2027.0,
            "y": 3065
          },
          {
            "x": 2028.0,
            "y": 3066
          },
          {
            "x": 2030,
            "y": 3066
          },
          {
            "x": 2031.0,
            "y": 3067
          },
          {
            "x": 2049,
            "y": 3067
          },
          {
            "x": 2050.0,
            "y": 3068
          },
          {
            "x": 2065.0,
            "y": 3068
          },
          {
            "x": 2066,
            "y": 3067
          },
          {
            "x": 2070,
            "y": 3067
          },
          {
            "x": 2071,
            "y": 3066
          },
          {
            "x": 2074.0,
            "y": 3066
          },
          {
            "x": 2075,
            "y": 3065
          },
          {
            "x": 2085,
            "y": 3065
          },
          {
            "x": 2086.0,
            "y": 3064
          },
          {
            "x": 2093,
            "y": 3064
          },
          {
            "x": 2096.0,
            "y": 3067
          },
          {
            "x": 2102.0,
            "y": 3067
          },
          {
            "x": 2103,
            "y": 3066
          },
          {
            "x": 2107,
            "y": 3066
          },
          {
            "x": 2108,
            "y": 3065
          },
          {
            "x": 2111.0,
            "y": 3065
          },
          {
            "x": 2112,
            "y": 3064
          },
          {
            "x": 2113,
            "y": 3064
          },
          {
            "x": 2115,
            "y": 3062
          },
          {
            "x": 2118,
            "y": 3062
          },
          {
            "x": 2119,
            "y": 3061
          },
          {
            "x": 2120.0,
            "y": 3061
          },
          {
            "x": 2120.0,
            "y": 3058.0
          },
          {
            "x": 2121,
            "y": 3057
          },
          {
            "x": 2132.0,
            "y": 3057
          },
          {
            "x": 2133.0,
            "y": 3056
          },
          {
            "x": 2133.0,
            "y": 3055
          },
          {
            "x": 2134,
            "y": 3054
          },
          {
            "x": 2135,
            "y": 3054
          },
          {
            "x": 2136,
            "y": 3053
          },
          {
            "x": 2137,
            "y": 3053
          },
          {
            "x": 2138.0,
            "y": 3052
          },
          {
            "x": 2141,
            "y": 3052
          },
          {
            "x": 2142.0,
            "y": 3051
          },
          {
            "x": 2146,
            "y": 3051
          },
          {
            "x": 2147.0,
            "y": 3050
          },
          {
            "x": 2149,
            "y": 3050
          },
          {
            "x": 2150,
            "y": 3049.0
          },
          {
            "x": 2154,
            "y": 3049.0
          },
          {
            "x": 2155,
            "y": 3048
          },
          {
            "x": 2157.0,
            "y": 3048
          },
          {
            "x": 2158,
            "y": 3049.0
          },
          {
            "x": 2159,
            "y": 3049.0
          },
          {
            "x": 2160.0,
            "y": 3048
          },
          {
            "x": 2163,
            "y": 3048
          },
          {
            "x": 2165,
            "y": 3046
          },
          {
            "x": 2166.0,
            "y": 3046
          },
          {
            "x": 2167,
            "y": 3045
          },
          {
            "x": 2169.0,
            "y": 3045
          },
          {
            "x": 2170.0,
            "y": 3044
          },
          {
            "x": 2172,
            "y": 3044
          },
          {
            "x": 2173,
            "y": 3043
          },
          {
            "x": 2175.0,
            "y": 3043
          },
          {
            "x": 2176,
            "y": 3042
          },
          {
            "x": 2178,
            "y": 3042
          },
          {
            "x": 2179.0,
            "y": 3041
          },
          {
            "x": 2181,
            "y": 3041
          },
          {
            "x": 2182,
            "y": 3040.0
          },
          {
            "x": 2188.0,
            "y": 3040.0
          },
          {
            "x": 2189,
            "y": 3039
          },
          {
            "x": 2192,
            "y": 3039
          },
          {
            "x": 2193.0,
            "y": 3038
          },
          {
            "x": 2195,
            "y": 3038
          },
          {
            "x": 2196,
            "y": 3037
          },
          {
            "x": 2197.0,
            "y": 3037
          },
          {
            "x": 2198,
            "y": 3036
          },
          {
            "x": 2200,
            "y": 3036
          },
          {
            "x": 2201,
            "y": 3035.0
          },
          {
            "x": 2203.0,
            "y": 3035.0
          },
          {
            "x": 2204,
            "y": 3034
          },
          {
            "x": 2206.0,
            "y": 3034
          },
          {
            "x": 2212.0,
            "y": 3028
          },
          {
            "x": 2214,
            "y": 3028
          },
          {
            "x": 2214,
            "y": 3027
          },
          {
            "x": 2218,
            "y": 3023
          },
          {
            "x": 2220,
            "y": 3023
          },
          {
            "x": 2220,
            "y": 3022
          },
          {
            "x": 2223,
            "y": 3019
          },
          {
            "x": 2223,
            "y": 3018
          },
          {
            "x": 2224,
            "y": 3017.0
          },
          {
            "x": 2225.0,
            "y": 3017.0
          },
          {
            "x": 2225.0,
            "y": 3014
          },
          {
            "x": 2227,
            "y": 3012.0
          },
          {
            "x": 2227,
            "y": 3011
          },
          {
            "x": 2228,
            "y": 3010
          },
          {
            "x": 2228,
            "y": 3008
          },
          {
            "x": 2229,
            "y": 3007
          },
          {
            "x": 2229,
            "y": 3004
          },
          {
            "x": 2230.0,
            "y": 3003.0
          },
          {
            "x": 2230.0,
            "y": 2995
          },
          {
            "x": 2229,
            "y": 2994.0
          },
          {
            "x": 2229,
            "y": 2987
          },
          {
            "x": 2228,
            "y": 2986
          },
          {
            "x": 2228,
            "y": 2982
          },
          {
            "x": 2227,
            "y": 2981
          },
          {
            "x": 2227,
            "y": 2978
          },
          {
            "x": 2226,
            "y": 2977
          },
          {
            "x": 2226,
            "y": 2973
          },
          {
            "x": 2225.0,
            "y": 2972
          }
        ]
      }
    }
  ]
}