{
  "image": {
    "width": 5472,
    "height": 3648,
    "filename": "00000073.JPG",
    "original_filename": "EP-00-00012_0119_0030.JPG",
    "url": "https://darwin.v7labs.com/api/images/1221674/original?token=43ffe058-ebd2-4afa-8955-89cf45e925a6",
    "thumbnail_url": "https://darwin.v7labs.com/api/images/1221674/thumbnail?token=43ffe058-ebd2-4afa-8955-89cf45e925a6",
    "workview_url": "https://darwin.v7labs.com/workview?dataset=1190&image=73"
  },
  "dataset": "Mapping_1",
  "annotated": true,
  "annotations": [
    {
      "annotator": {
        "email": "order@bex.kg",
        "full_name": "Zhaparova  Nurzhan"
      },
      "name": "Building Polygon",
      "polygon": {
        "path": [
          {
            "x": 150.97,
            "y": 8.27
          },
          {
            "x": 114.04,
            "y": 783.78
          },
          {
            "x": 54.95,
            "y": 1463.28
          },
          {
            "x": 306.07,
            "y": 1662.69
          },
          {
            "x": 992.95,
            "y": 1647.92
          },
          {
            "x": 985.56,
            "y": 1780.87
          },
          {
            "x": 1303.15,
            "y": 1788.25
          },
          {
            "x": 1310.54,
            "y": 1647.92
          },
          {
            "x": 2093.43,
            "y": 1647.92
          },
          {
            "x": 2994.5,
            "y": 1662.69
          },
          {
            "x": 4006.36,
            "y": 1647.92
          },
          {
            "x": 5239.79,
            "y": 1647.92
          },
          {
            "x": 5394.89,
            "y": 1596.22
          },
          {
            "x": 5217.63,
            "y": 0.89
          }
        ]
      }
    },
    {
      "annotator": {
        "email": "order@bex.kg",
        "full_name": "Zhaparova  Nurzhan"
      },
      "bounding_box": {
        "h": 105.51,
        "w": 253.23,
        "x": 653.2,
        "y": 2097.4
      },
      "name": "Vehicle "
    },
    {
      "annotator": {
        "email": "order@bex.kg",
        "full_name": "Zhaparova  Nurzhan"
      },
      "bounding_box": {
        "h": 89.68,
        "w": 253.23,
        "x": 1175.48,
        "y": 2076.3
      },
      "name": "Vehicle "
    },
    {
      "annotator": {
        "email": "order@bex.kg",
        "full_name": "Zhaparova  Nurzhan"
      },
      "bounding_box": {
        "h": 168.82,
        "w": 110.79,
        "x": 4277.52,
        "y": 1659.53
      },
      "name": "Vehicle "
    },
    {
      "annotator": {
        "email": "order@bex.kg",
        "full_name": "Zhaparova  Nurzhan"
      },
      "bounding_box": {
        "h": 189.92,
        "w": 131.89,
        "x": 3301.54,
        "y": 1670.08
      },
      "name": "Vehicle "
    },
    {
      "annotator": {
        "email": "order@bex.kg",
        "full_name": "Zhaparova  Nurzhan"
      },
      "bounding_box": {
        "h": 184.65,
        "w": 137.17,
        "x": 2188.39,
        "y": 1680.63
      },
      "name": "Vehicle "
    },
    {
      "annotator": {
        "email": "order@bex.kg",
        "full_name": "Zhaparova  Nurzhan"
      },
      "bounding_box": {
        "h": 216.3,
        "w": 158.27,
        "x": 479.11,
        "y": 1691.18
      },
      "name": "Vehicle "
    },
    {
      "annotator": {
        "email": "order@bex.kg",
        "full_name": "Zhaparova  Nurzhan"
      },
      "name": "Building Polygon",
      "polygon": {
        "path": [
          {
            "x": 2284.16,
            "y": 3640.28
          },
          {
            "x": 2273.61,
            "y": 2533.46
          },
          {
            "x": 3348.98,
            "y": 2502.44
          },
          {
            "x": 3390.34,
            "y": 2822.98
          },
          {
            "x": 3431.7,
            "y": 2822.98
          },
          {
            "x": 3452.38,
            "y": 3143.53
          },
          {
            "x": 3390.34,
            "y": 3164.21
          },
          {
            "x": 3400.47,
            "y": 3635.0
          }
        ]
      }
    },
    {
      "annotator": {
        "email": "order@bex.kg",
        "full_name": "Zhaparova  Nurzhan"
      },
      "name": "Building Polygon",
      "polygon": {
        "path": [
          {
            "x": 3811.12,
            "y": 3640.7
          },
          {
            "x": 3795.29,
            "y": 3587.94
          },
          {
            "x": 3826.95,
            "y": 3587.94
          },
          {
            "x": 3832.22,
            "y": 3408.57
          },
          {
            "x": 3832.22,
            "y": 3213.38
          },
          {
            "x": 3858.6,
            "y": 3202.83
          },
          {
            "x": 3863.88,
            "y": 3034.01
          },
          {
            "x": 3821.67,
            "y": 3018.18
          },
          {
            "x": 3837.5,
            "y": 2696.37
          },
          {
            "x": 3837.5,
            "y": 2501.17
          },
          {
            "x": 3837.5,
            "y": 2474.8
          },
          {
            "x": 4011.59,
            "y": 2469.52
          },
          {
            "x": 5050.88,
            "y": 2564.48
          },
          {
            "x": 5050.88,
            "y": 2854.64
          },
          {
            "x": 5188.05,
            "y": 2870.46
          },
          {
            "x": 5182.77,
            "y": 3445.5
          },
          {
            "x": 5045.61,
            "y": 3440.23
          },
          {
            "x": 5045.61,
            "y": 3640.7
          }
        ]
      }
    }
  ]
}