{
  "image": {
    "width": 5472,
    "height": 3648,
    "filename": "00000026.JPG",
    "original_filename": "EP-00-00012_0119_0086.JPG",
    "url": "https://darwin.v7labs.com/api/images/1221752/original?token=b19ef416-03ed-4ae6-a438-a83286cfedf7",
    "thumbnail_url": "https://darwin.v7labs.com/api/images/1221752/thumbnail?token=b19ef416-03ed-4ae6-a438-a83286cfedf7",
    "workview_url": "https://darwin.v7labs.com/workview?dataset=1192&image=26"
  },
  "dataset": "Mapping_3",
  "annotated": true,
  "annotations": [
    {
      "annotator": {
        "email": "corporate@bex.kg",
        "full_name": "Aizada Tynchybek kyzy"
      },
      "name": "Building Polygon ",
      "polygon": {
        "path": [
          {
            "x": 1386.8,
            "y": 1.6
          },
          {
            "x": 775.4,
            "y": 613.95
          },
          {
            "x": 597.94,
            "y": 448.33
          },
          {
            "x": 124.72,
            "y": 919.58
          },
          {
            "x": 302.15,
            "y": 1089.01
          },
          {
            "x": 207.21,
            "y": 1181.59
          },
          {
            "x": 431.59,
            "y": 1393.44
          },
          {
            "x": 60.19,
            "y": 1772.45
          },
          {
            "x": 328.91,
            "y": 2042.4
          },
          {
            "x": 275.67,
            "y": 2079.86
          },
          {
            "x": 496.51,
            "y": 2294.79
          },
          {
            "x": 447.21,
            "y": 2290.84
          },
          {
            "x": 401.86,
            "y": 2314.5
          },
          {
            "x": 396.56,
            "y": 2326.13
          },
          {
            "x": 438.72,
            "y": 2372.33
          },
          {
            "x": 435.42,
            "y": 2402.02
          },
          {
            "x": 418.67,
            "y": 2418.0
          },
          {
            "x": 429.11,
            "y": 2429.48
          },
          {
            "x": 399.89,
            "y": 2460.79
          },
          {
            "x": 377.97,
            "y": 2463.92
          },
          {
            "x": 371.07,
            "y": 2440.5
          },
          {
            "x": 362.1,
            "y": 2439.14
          },
          {
            "x": 352.87,
            "y": 2444.03
          },
          {
            "x": 355.04,
            "y": 2453.27
          },
          {
            "x": 327.87,
            "y": 2452.73
          },
          {
            "x": 321.08,
            "y": 2455.44
          },
          {
            "x": 318.09,
            "y": 2463.05
          },
          {
            "x": 321.08,
            "y": 2468.48
          },
          {
            "x": 322.44,
            "y": 2470.93
          },
          {
            "x": 305.87,
            "y": 2470.11
          },
          {
            "x": 300.71,
            "y": 2471.47
          },
          {
            "x": 298.53,
            "y": 2475.0
          },
          {
            "x": 298.53,
            "y": 2479.35
          },
          {
            "x": 318.47,
            "y": 2504.19
          },
          {
            "x": 300.42,
            "y": 2526.1
          },
          {
            "x": 294.09,
            "y": 2552.83
          },
          {
            "x": 295.5,
            "y": 2583.0
          },
          {
            "x": 309.85,
            "y": 2602.57
          },
          {
            "x": 322.29,
            "y": 2618.68
          },
          {
            "x": 337.5,
            "y": 2629.14
          },
          {
            "x": 354.14,
            "y": 2633.89
          },
          {
            "x": 377.92,
            "y": 2634.37
          },
          {
            "x": 496.13,
            "y": 2751.27
          },
          {
            "x": 520.77,
            "y": 2773.94
          },
          {
            "x": 553.31,
            "y": 2770.99
          },
          {
            "x": 574.01,
            "y": 2747.32
          },
          {
            "x": 587.81,
            "y": 2764.08
          },
          {
            "x": 621.33,
            "y": 2763.1
          },
          {
            "x": 639.08,
            "y": 2743.38
          },
          {
            "x": 653.87,
            "y": 2756.2
          },
          {
            "x": 677.53,
            "y": 2751.27
          },
          {
            "x": 40.0,
            "y": 3442.04
          },
          {
            "x": 243.97,
            "y": 3650.1
          },
          {
            "x": 1542.37,
            "y": 3647.58
          },
          {
            "x": 1695.43,
            "y": 3475.84
          },
          {
            "x": 1760.1,
            "y": 3539.79
          },
          {
            "x": 1837.71,
            "y": 3588.65
          },
          {
            "x": 1897.35,
            "y": 3520.39
          },
          {
            "x": 1819.74,
            "y": 3465.06
          },
          {
            "x": 1842.74,
            "y": 3441.34
          },
          {
            "x": 2065.43,
            "y": 3646.17
          },
          {
            "x": 2325.61,
            "y": 3646.17
          },
          {
            "x": 5106.14,
            "y": 375.03
          },
          {
            "x": 4655.62,
            "y": 0.78
          }
        ]
      }
    },
    {
      "annotator": {
        "email": "corporate@bex.kg",
        "full_name": "Aizada Tynchybek kyzy"
      },
      "name": "Road ",
      "polygon": {
        "path": [
          {
            "x": 2689.41,
            "y": 3646.17
          },
          {
            "x": 5116.46,
            "y": 762.4
          },
          {
            "x": 5253.24,
            "y": 461.49
          },
          {
            "x": 5250.42,
            "y": 446.0
          },
          {
            "x": 5250.42,
            "y": 431.92
          },
          {
            "x": 5243.38,
            "y": 426.28
          },
          {
            "x": 4719.05,
            "y": 0.07
          },
          {
            "x": 5081.01,
            "y": 1.48
          },
          {
            "x": 5327.14,
            "y": 193.03
          },
          {
            "x": 5348.27,
            "y": 205.7
          },
          {
            "x": 5372.21,
            "y": 200.07
          },
          {
            "x": 5383.48,
            "y": 181.76
          },
          {
            "x": 5387.7,
            "y": 170.49
          },
          {
            "x": 5453.92,
            "y": 5.87
          },
          {
            "x": 5469.69,
            "y": 6.04
          },
          {
            "x": 5471.17,
            "y": 597.62
          },
          {
            "x": 5333.71,
            "y": 887.26
          },
          {
            "x": 3060.14,
            "y": 3645.9
          }
        ]
      }
    }
  ]
}