{
  "image": {
    "width": 1200,
    "height": 1500,
    "filename": "00000046.jpeg",
    "original_filename": "pexels-photo-1316897.jpeg",
    "url": "https://darwin.v7labs.com/api/images/1221725/original?token=352cf892-311a-4ca4-80fd-3f05fb7d64b8",
    "thumbnail_url": "https://darwin.v7labs.com/api/images/1221725/thumbnail?token=352cf892-311a-4ca4-80fd-3f05fb7d64b8",
    "workview_url": "https://darwin.v7labs.com/workview?dataset=1191&image=46"
  },
  "dataset": "Mapping_2",
  "annotated": true,
  "annotations": [
    {
      "annotator": {
        "email": "begimbaeva.s95@gmail.com",
        "full_name": "Saltanat Begimbaeva"
      },
      "name": "Tree Polygon ",
      "polygon": {
        "path": [
          {
            "x": 377,
            "y": 766
          },
          {
            "x": 377,
            "y": 772
          },
          {
            "x": 376,
            "y": 773.0
          },
          {
            "x": 376,
            "y": 782.0
          },
          {
            "x": 377,
            "y": 783
          },
          {
            "x": 377,
            "y": 789
          },
          {
            "x": 378.0,
            "y": 790
          },
          {
            "x": 378.0,
            "y": 792
          },
          {
            "x": 379,
            "y": 793
          },
          {
            "x": 379,
            "y": 794
          },
          {
            "x": 380.0,
            "y": 795
          },
          {
            "x": 380.0,
            "y": 796.0
          },
          {
            "x": 383,
            "y": 799
          },
          {
            "x": 384,
            "y": 799
          },
          {
            "x": 385,
            "y": 800.0
          },
          {
            "x": 386,
            "y": 800.0
          },
          {
            "x": 387.0,
            "y": 801
          },
          {
            "x": 388,
            "y": 801
          },
          {
            "x": 391.0,
            "y": 804.0
          },
          {
            "x": 393,
            "y": 804.0
          },
          {
            "x": 400.0,
            "y": 811
          },
          {
            "x": 400.0,
            "y": 812
          },
          {
            "x": 402.0,
            "y": 814.0
          },
          {
            "x": 402.0,
            "y": 815
          },
          {
            "x": 406,
            "y": 819
          },
          {
            "x": 406,
            "y": 822.0
          },
          {
            "x": 407.0,
            "y": 822.0
          },
          {
            "x": 408,
            "y": 823
          },
          {
            "x": 408,
            "y": 824
          },
          {
            "x": 412,
            "y": 828
          },
          {
            "x": 412,
            "y": 829
          },
          {
            "x": 413,
            "y": 829
          },
          {
            "x": 423,
            "y": 839
          },
          {
            "x": 423,
            "y": 840.0
          },
          {
            "x": 425,
            "y": 842
          },
          {
            "x": 425,
            "y": 843
          },
          {
            "x": 427,
            "y": 845.0
          },
          {
            "x": 428,
            "y": 845.0
          },
          {
            "x": 429.0,
            "y": 846
          },
          {
            "x": 429.0,
            "y": 848
          },
          {
            "x": 430,
            "y": 849.0
          },
          {
            "x": 431.0,
            "y": 849.0
          },
          {
            "x": 432,
            "y": 850
          },
          {
            "x": 434,
            "y": 850
          },
          {
            "x": 436,
            "y": 852
          },
          {
            "x": 437,
            "y": 852
          },
          {
            "x": 438.0,
            "y": 853.0
          },
          {
            "x": 439,
            "y": 853.0
          },
          {
            "x": 441,
            "y": 855
          },
          {
            "x": 444,
            "y": 855
          },
          {
            "x": 445,
            "y": 856
          },
          {
            "x": 462.0,
            "y": 856
          },
          {
            "x": 464,
            "y": 858.0
          },
          {
            "x": 465,
            "y": 858.0
          },
          {
            "x": 466,
            "y": 859
          },
          {
            "x": 467,
            "y": 859
          },
          {
            "x": 470,
            "y": 862.0
          },
          {
            "x": 471.0,
            "y": 862.0
          },
          {
            "x": 472,
            "y": 863
          },
          {
            "x": 473.0,
            "y": 863
          },
          {
            "x": 475,
            "y": 865
          },
          {
            "x": 476,
            "y": 865
          },
          {
            "x": 477,
            "y": 866
          },
          {
            "x": 478,
            "y": 866
          },
          {
            "x": 479,
            "y": 867.0
          },
          {
            "x": 480.0,
            "y": 867.0
          },
          {
            "x": 481,
            "y": 868
          },
          {
            "x": 485,
            "y": 868
          },
          {
            "x": 486,
            "y": 869
          },
          {
            "x": 492,
            "y": 869
          },
          {
            "x": 493.0,
            "y": 870
          },
          {
            "x": 498,
            "y": 870
          },
          {
            "x": 499,
            "y": 869
          },
          {
            "x": 502.0,
            "y": 869
          },
          {
            "x": 503,
            "y": 870
          },
          {
            "x": 506,
            "y": 870
          },
          {
            "x": 507,
            "y": 871.0
          },
          {
            "x": 508,
            "y": 871.0
          },
          {
            "x": 510,
            "y": 873
          },
          {
            "x": 510,
            "y": 874
          },
          {
            "x": 512,
            "y": 874
          },
          {
            "x": 517,
            "y": 879
          },
          {
            "x": 521,
            "y": 879
          },
          {
            "x": 523,
            "y": 881
          },
          {
            "x": 525,
            "y": 881
          },
          {
            "x": 526,
            "y": 882
          },
          {
            "x": 527,
            "y": 882
          },
          {
            "x": 528,
            "y": 883
          },
          {
            "x": 531,
            "y": 883
          },
          {
            "x": 533,
            "y": 885
          },
          {
            "x": 538,
            "y": 885
          },
          {
            "x": 539,
            "y": 886
          },
          {
            "x": 541,
            "y": 886
          },
          {
            "x": 542,
            "y": 887
          },
          {
            "x": 544,
            "y": 887
          },
          {
            "x": 545,
            "y": 888
          },
          {
            "x": 548,
            "y": 888
          },
          {
            "x": 549,
            "y": 889.0
          },
          {
            "x": 551,
            "y": 889.0
          },
          {
            "x": 552,
            "y": 890
          },
          {
            "x": 554,
            "y": 890
          },
          {
            "x": 555,
            "y": 891
          },
          {
            "x": 561,
            "y": 891
          },
          {
            "x": 562,
            "y": 892
          },
          {
            "x": 564,
            "y": 892
          },
          {
            "x": 565,
            "y": 893.0
          },
          {
            "x": 568,
            "y": 893.0
          },
          {
            "x": 569,
            "y": 894
          },
          {
            "x": 574,
            "y": 894
          },
          {
            "x": 575,
            "y": 895
          },
          {
            "x": 584,
            "y": 895
          },
          {
            "x": 585,
            "y": 896
          },
          {
            "x": 592,
            "y": 896
          },
          {
            "x": 593,
            "y": 895
          },
          {
            "x": 598,
            "y": 895
          },
          {
            "x": 599,
            "y": 894
          },
          {
            "x": 602,
            "y": 894
          },
          {
            "x": 604,
            "y": 892
          },
          {
            "x": 605,
            "y": 892
          },
          {
            "x": 606,
            "y": 891
          },
          {
            "x": 607,
            "y": 891
          },
          {
            "x": 611,
            "y": 887
          },
          {
            "x": 612,
            "y": 887
          },
          {
            "x": 613,
            "y": 886
          },
          {
            "x": 614,
            "y": 886
          },
          {
            "x": 615,
            "y": 885
          },
          {
            "x": 631,
            "y": 885
          },
          {
            "x": 632,
            "y": 886
          },
          {
            "x": 634,
            "y": 886
          },
          {
            "x": 635,
            "y": 887
          },
          {
            "x": 636,
            "y": 887
          },
          {
            "x": 637,
            "y": 888
          },
          {
            "x": 643,
            "y": 888
          },
          {
            "x": 644,
            "y": 889.0
          },
          {
            "x": 645,
            "y": 889.0
          },
          {
            "x": 646,
            "y": 890
          },
          {
            "x": 647,
            "y": 890
          },
          {
            "x": 648,
            "y": 891
          },
          {
            "x": 653,
            "y": 891
          },
          {
            "x": 654,
            "y": 892
          },
          {
            "x": 665,
            "y": 892
          },
          {
            "x": 666,
            "y": 891
          },
          {
            "x": 672,
            "y": 891
          },
          {
            "x": 673,
            "y": 890
          },
          {
            "x": 674,
            "y": 890
          },
          {
            "x": 675,
            "y": 889.0
          },
          {
            "x": 676,
            "y": 889.0
          },
          {
            "x": 677,
            "y": 888
          },
          {
            "x": 677,
            "y": 887
          },
          {
            "x": 678,
            "y": 886
          },
          {
            "x": 679,
            "y": 886
          },
          {
            "x": 680,
            "y": 885
          },
          {
            "x": 683,
            "y": 885
          },
          {
            "x": 685,
            "y": 883
          },
          {
            "x": 689,
            "y": 883
          },
          {
            "x": 690,
            "y": 882
          },
          {
            "x": 694,
            "y": 882
          },
          {
            "x": 695,
            "y": 881
          },
          {
            "x": 698,
            "y": 881
          },
          {
            "x": 699,
            "y": 880.0
          },
          {
            "x": 700,
            "y": 880.0
          },
          {
            "x": 701,
            "y": 879
          },
          {
            "x": 706,
            "y": 879
          },
          {
            "x": 707.0,
            "y": 878
          },
          {
            "x": 712.0,
            "y": 878
          },
          {
            "x": 714,
            "y": 876.0
          },
          {
            "x": 715,
            "y": 876.0
          },
          {
            "x": 717,
            "y": 874
          },
          {
            "x": 718,
            "y": 874
          },
          {
            "x": 723,
            "y": 869
          },
          {
            "x": 723,
            "y": 868
          },
          {
            "x": 729.0,
            "y": 862.0
          },
          {
            "x": 730,
            "y": 862.0
          },
          {
            "x": 735,
            "y": 857
          },
          {
            "x": 735,
            "y": 856
          },
          {
            "x": 739,
            "y": 852
          },
          {
            "x": 740,
            "y": 852
          },
          {
            "x": 741,
            "y": 851
          },
          {
            "x": 745,
            "y": 851
          },
          {
            "x": 746,
            "y": 852
          },
          {
            "x": 748,
            "y": 852
          },
          {
            "x": 749,
            "y": 853.0
          },
          {
            "x": 752,
            "y": 853.0
          },
          {
            "x": 753,
            "y": 854
          },
          {
            "x": 758,
            "y": 854
          },
          {
            "x": 759,
            "y": 853.0
          },
          {
            "x": 760.0,
            "y": 853.0
          },
          {
            "x": 761,
            "y": 852
          },
          {
            "x": 762,
            "y": 852
          },
          {
            "x": 763,
            "y": 851
          },
          {
            "x": 764,
            "y": 851
          },
          {
            "x": 765.0,
            "y": 850
          },
          {
            "x": 766,
            "y": 850
          },
          {
            "x": 769.0,
            "y": 847
          },
          {
            "x": 769.0,
            "y": 846
          },
          {
            "x": 771,
            "y": 844.0
          },
          {
            "x": 771,
            "y": 843
          },
          {
            "x": 772,
            "y": 842
          },
          {
            "x": 772,
            "y": 841
          },
          {
            "x": 773.0,
            "y": 840.0
          },
          {
            "x": 773.0,
            "y": 839
          },
          {
            "x": 774.0,
            "y": 838
          },
          {
            "x": 774.0,
            "y": 831.0
          },
          {
            "x": 775,
            "y": 830
          },
          {
            "x": 775,
            "y": 824
          },
          {
            "x": 777,
            "y": 822.0
          },
          {
            "x": 777,
            "y": 820
          },
          {
            "x": 778.0,
            "y": 819
          },
          {
            "x": 778.0,
            "y": 811
          },
          {
            "x": 777,
            "y": 810
          },
          {
            "x": 777,
            "y": 809.0
          },
          {
            "x": 776,
            "y": 808
          },
          {
            "x": 776,
            "y": 802
          },
          {
            "x": 775,
            "y": 801
          },
          {
            "x": 775,
            "y": 794
          },
          {
            "x": 774.0,
            "y": 793
          },
          {
            "x": 774.0,
            "y": 792
          },
          {
            "x": 773.0,
            "y": 791.0
          },
          {
            "x": 773.0,
            "y": 790
          },
          {
            "x": 772,
            "y": 789
          },
          {
            "x": 772,
            "y": 788
          },
          {
            "x": 770,
            "y": 786
          },
          {
            "x": 770,
            "y": 785
          },
          {
            "x": 769.0,
            "y": 784
          },
          {
            "x": 769.0,
            "y": 782.0
          },
          {
            "x": 768,
            "y": 781
          },
          {
            "x": 768,
            "y": 780
          },
          {
            "x": 767,
            "y": 779
          },
          {
            "x": 767,
            "y": 778.0
          },
          {
            "x": 766,
            "y": 777
          },
          {
            "x": 766,
            "y": 776
          },
          {
            "x": 765.0,
            "y": 776
          },
          {
            "x": 764,
            "y": 775
          },
          {
            "x": 764,
            "y": 774.0
          },
          {
            "x": 763,
            "y": 773.0
          },
          {
            "x": 762,
            "y": 773.0
          },
          {
            "x": 757,
            "y": 768
          },
          {
            "x": 757,
            "y": 767
          },
          {
            "x": 755,
            "y": 765.0
          },
          {
            "x": 755,
            "y": 763
          },
          {
            "x": 754,
            "y": 762
          },
          {
            "x": 754,
            "y": 761
          },
          {
            "x": 753,
            "y": 760.0
          },
          {
            "x": 753,
            "y": 758
          },
          {
            "x": 752,
            "y": 757
          },
          {
            "x": 752,
            "y": 753
          },
          {
            "x": 750,
            "y": 751.0
          },
          {
            "x": 750,
            "y": 750
          },
          {
            "x": 747.0,
            "y": 747.0
          },
          {
            "x": 745,
            "y": 747.0
          },
          {
            "x": 744,
            "y": 746
          },
          {
            "x": 743.0,
            "y": 746
          },
          {
            "x": 742.0,
            "y": 745
          },
          {
            "x": 742.0,
            "y": 744
          },
          {
            "x": 741,
            "y": 743.0
          },
          {
            "x": 741,
            "y": 741
          },
          {
            "x": 740,
            "y": 740
          },
          {
            "x": 740,
            "y": 737
          },
          {
            "x": 741,
            "y": 736
          },
          {
            "x": 741,
            "y": 727
          },
          {
            "x": 742.0,
            "y": 726
          },
          {
            "x": 742.0,
            "y": 724
          },
          {
            "x": 743.0,
            "y": 723
          },
          {
            "x": 743.0,
            "y": 718
          },
          {
            "x": 742.0,
            "y": 717
          },
          {
            "x": 742.0,
            "y": 716.0
          },
          {
            "x": 741,
            "y": 715
          },
          {
            "x": 741,
            "y": 712.0
          },
          {
            "x": 740,
            "y": 711.0
          },
          {
            "x": 740,
            "y": 710
          },
          {
            "x": 739,
            "y": 709
          },
          {
            "x": 739,
            "y": 708
          },
          {
            "x": 738.0,
            "y": 707.0
          },
          {
            "x": 738.0,
            "y": 706
          },
          {
            "x": 737,
            "y": 705
          },
          {
            "x": 737,
            "y": 704
          },
          {
            "x": 736,
            "y": 703.0
          },
          {
            "x": 736,
            "y": 701
          },
          {
            "x": 734.0,
            "y": 699
          },
          {
            "x": 734.0,
            "y": 698
          },
          {
            "x": 731,
            "y": 695
          },
          {
            "x": 730,
            "y": 695
          },
          {
            "x": 729.0,
            "y": 694
          },
          {
            "x": 729.0,
            "y": 693
          },
          {
            "x": 728,
            "y": 693
          },
          {
            "x": 725.0,
            "y": 690
          },
          {
            "x": 724,
            "y": 690
          },
          {
            "x": 722,
            "y": 688
          },
          {
            "x": 722,
            "y": 687
          },
          {
            "x": 720.0,
            "y": 685
          },
          {
            "x": 720.0,
            "y": 684
          },
          {
            "x": 719,
            "y": 684
          },
          {
            "x": 717,
            "y": 682
          },
          {
            "x": 717,
            "y": 681
          },
          {
            "x": 716.0,
            "y": 680
          },
          {
            "x": 715,
            "y": 680
          },
          {
            "x": 714,
            "y": 679
          },
          {
            "x": 713,
            "y": 679
          },
          {
            "x": 712.0,
            "y": 678
          },
          {
            "x": 706,
            "y": 678
          },
          {
            "x": 705,
            "y": 677
          },
          {
            "x": 703.0,
            "y": 677
          },
          {
            "x": 702,
            "y": 676
          },
          {
            "x": 701,
            "y": 676
          },
          {
            "x": 700,
            "y": 675
          },
          {
            "x": 699,
            "y": 675
          },
          {
            "x": 697,
            "y": 673
          },
          {
            "x": 696,
            "y": 673
          },
          {
            "x": 695,
            "y": 672
          },
          {
            "x": 693,
            "y": 672
          },
          {
            "x": 691,
            "y": 670
          },
          {
            "x": 691,
            "y": 669
          },
          {
            "x": 688,
            "y": 666
          },
          {
            "x": 687,
            "y": 666
          },
          {
            "x": 685,
            "y": 664
          },
          {
            "x": 684,
            "y": 664
          },
          {
            "x": 683,
            "y": 663
          },
          {
            "x": 683,
            "y": 662
          },
          {
            "x": 682,
            "y": 661
          },
          {
            "x": 680,
            "y": 661
          },
          {
            "x": 674,
            "y": 655
          },
          {
            "x": 673,
            "y": 655
          },
          {
            "x": 671,
            "y": 653
          },
          {
            "x": 670,
            "y": 653
          },
          {
            "x": 669,
            "y": 652
          },
          {
            "x": 668,
            "y": 652
          },
          {
            "x": 667,
            "y": 651
          },
          {
            "x": 666,
            "y": 651
          },
          {
            "x": 665,
            "y": 650
          },
          {
            "x": 661,
            "y": 650
          },
          {
            "x": 660,
            "y": 649
          },
          {
            "x": 657,
            "y": 649
          },
          {
            "x": 654,
            "y": 646
          },
          {
            "x": 654,
            "y": 645
          },
          {
            "x": 646,
            "y": 637
          },
          {
            "x": 643,
            "y": 637
          },
          {
            "x": 642,
            "y": 636
          },
          {
            "x": 639,
            "y": 636
          },
          {
            "x": 638,
            "y": 635
          },
          {
            "x": 627,
            "y": 635
          },
          {
            "x": 626,
            "y": 636
          },
          {
            "x": 625,
            "y": 636
          },
          {
            "x": 624,
            "y": 637
          },
          {
            "x": 621,
            "y": 637
          },
          {
            "x": 620,
            "y": 638
          },
          {
            "x": 618,
            "y": 638
          },
          {
            "x": 617,
            "y": 639
          },
          {
            "x": 616,
            "y": 638
          },
          {
            "x": 614,
            "y": 638
          },
          {
            "x": 613,
            "y": 637
          },
          {
            "x": 611,
            "y": 637
          },
          {
            "x": 610,
            "y": 636
          },
          {
            "x": 610,
            "y": 635
          },
          {
            "x": 607,
            "y": 632
          },
          {
            "x": 605,
            "y": 632
          },
          {
            "x": 604,
            "y": 631
          },
          {
            "x": 603,
            "y": 631
          },
          {
            "x": 602,
            "y": 630
          },
          {
            "x": 602,
            "y": 629
          },
          {
            "x": 601,
            "y": 628
          },
          {
            "x": 600,
            "y": 628
          },
          {
            "x": 598,
            "y": 626
          },
          {
            "x": 587,
            "y": 626
          },
          {
            "x": 581,
            "y": 632
          },
          {
            "x": 579,
            "y": 632
          },
          {
            "x": 578,
            "y": 633
          },
          {
            "x": 576,
            "y": 633
          },
          {
            "x": 575,
            "y": 634
          },
          {
            "x": 574,
            "y": 634
          },
          {
            "x": 572,
            "y": 636
          },
          {
            "x": 571,
            "y": 636
          },
          {
            "x": 570,
            "y": 637
          },
          {
            "x": 568,
            "y": 637
          },
          {
            "x": 567,
            "y": 638
          },
          {
            "x": 566,
            "y": 638
          },
          {
            "x": 565,
            "y": 639
          },
          {
            "x": 563,
            "y": 639
          },
          {
            "x": 560,
            "y": 642
          },
          {
            "x": 559,
            "y": 642
          },
          {
            "x": 558,
            "y": 643
          },
          {
            "x": 556,
            "y": 643
          },
          {
            "x": 555,
            "y": 644
          },
          {
            "x": 554,
            "y": 644
          },
          {
            "x": 553,
            "y": 645
          },
          {
            "x": 550,
            "y": 645
          },
          {
            "x": 549,
            "y": 646
          },
          {
            "x": 544,
            "y": 646
          },
          {
            "x": 543,
            "y": 647
          },
          {
            "x": 541,
            "y": 647
          },
          {
            "x": 540,
            "y": 648
          },
          {
            "x": 539,
            "y": 648
          },
          {
            "x": 538,
            "y": 649
          },
          {
            "x": 535,
            "y": 649
          },
          {
            "x": 534,
            "y": 650
          },
          {
            "x": 533,
            "y": 650
          },
          {
            "x": 532,
            "y": 651
          },
          {
            "x": 529,
            "y": 651
          },
          {
            "x": 528,
            "y": 652
          },
          {
            "x": 520,
            "y": 652
          },
          {
            "x": 519,
            "y": 653
          },
          {
            "x": 503,
            "y": 653
          },
          {
            "x": 502.0,
            "y": 654
          },
          {
            "x": 499,
            "y": 654
          },
          {
            "x": 498,
            "y": 655
          },
          {
            "x": 494,
            "y": 655
          },
          {
            "x": 491.0,
            "y": 658
          },
          {
            "x": 490,
            "y": 658
          },
          {
            "x": 489.0,
            "y": 659
          },
          {
            "x": 488,
            "y": 659
          },
          {
            "x": 487,
            "y": 660
          },
          {
            "x": 487,
            "y": 661
          },
          {
            "x": 486,
            "y": 662
          },
          {
            "x": 486,
            "y": 663
          },
          {
            "x": 485,
            "y": 664
          },
          {
            "x": 485,
            "y": 665
          },
          {
            "x": 484.0,
            "y": 666
          },
          {
            "x": 483,
            "y": 666
          },
          {
            "x": 483,
            "y": 667
          },
          {
            "x": 481,
            "y": 669
          },
          {
            "x": 481,
            "y": 670
          },
          {
            "x": 479,
            "y": 672
          },
          {
            "x": 478,
            "y": 672
          },
          {
            "x": 477,
            "y": 673
          },
          {
            "x": 476,
            "y": 673
          },
          {
            "x": 475,
            "y": 674
          },
          {
            "x": 475,
            "y": 675
          },
          {
            "x": 472,
            "y": 678
          },
          {
            "x": 471.0,
            "y": 678
          },
          {
            "x": 470,
            "y": 679
          },
          {
            "x": 470,
            "y": 680
          },
          {
            "x": 466,
            "y": 684
          },
          {
            "x": 464,
            "y": 684
          },
          {
            "x": 463,
            "y": 685
          },
          {
            "x": 462.0,
            "y": 685
          },
          {
            "x": 461,
            "y": 686
          },
          {
            "x": 460.0,
            "y": 686
          },
          {
            "x": 459,
            "y": 687
          },
          {
            "x": 458,
            "y": 687
          },
          {
            "x": 458,
            "y": 688
          },
          {
            "x": 457,
            "y": 689
          },
          {
            "x": 456,
            "y": 689
          },
          {
            "x": 453.0,
            "y": 692
          },
          {
            "x": 452,
            "y": 692
          },
          {
            "x": 452,
            "y": 693
          },
          {
            "x": 450,
            "y": 695
          },
          {
            "x": 448,
            "y": 695
          },
          {
            "x": 443,
            "y": 700
          },
          {
            "x": 442.0,
            "y": 700
          },
          {
            "x": 441,
            "y": 701
          },
          {
            "x": 440.0,
            "y": 701
          },
          {
            "x": 440.0,
            "y": 702
          },
          {
            "x": 435,
            "y": 707.0
          },
          {
            "x": 434,
            "y": 707.0
          },
          {
            "x": 430,
            "y": 711.0
          },
          {
            "x": 429.0,
            "y": 711.0
          },
          {
            "x": 429.0,
            "y": 712.0
          },
          {
            "x": 428,
            "y": 713
          },
          {
            "x": 427,
            "y": 713
          },
          {
            "x": 426,
            "y": 714
          },
          {
            "x": 426,
            "y": 715
          },
          {
            "x": 418.0,
            "y": 723
          },
          {
            "x": 418.0,
            "y": 724
          },
          {
            "x": 415,
            "y": 727
          },
          {
            "x": 414,
            "y": 727
          },
          {
            "x": 411.0,
            "y": 730
          },
          {
            "x": 410,
            "y": 730
          },
          {
            "x": 409.0,
            "y": 731
          },
          {
            "x": 408,
            "y": 731
          },
          {
            "x": 406,
            "y": 733
          },
          {
            "x": 406,
            "y": 734.0
          },
          {
            "x": 404,
            "y": 736
          },
          {
            "x": 403,
            "y": 736
          },
          {
            "x": 402.0,
            "y": 737
          },
          {
            "x": 402.0,
            "y": 738.0
          },
          {
            "x": 400.0,
            "y": 740
          },
          {
            "x": 400.0,
            "y": 741
          },
          {
            "x": 396,
            "y": 745
          },
          {
            "x": 396,
            "y": 746
          },
          {
            "x": 395,
            "y": 747.0
          },
          {
            "x": 394,
            "y": 747.0
          },
          {
            "x": 394,
            "y": 748
          },
          {
            "x": 387.0,
            "y": 755
          },
          {
            "x": 386,
            "y": 755
          },
          {
            "x": 384,
            "y": 757
          },
          {
            "x": 383,
            "y": 757
          },
          {
            "x": 383,
            "y": 758
          },
          {
            "x": 382,
            "y": 759
          },
          {
            "x": 381,
            "y": 759
          },
          {
            "x": 380.0,
            "y": 760.0
          },
          {
            "x": 380.0,
            "y": 761
          },
          {
            "x": 379,
            "y": 762
          },
          {
            "x": 379,
            "y": 763
          },
          {
            "x": 378.0,
            "y": 764
          },
          {
            "x": 378.0,
            "y": 765.0
          }
        ]
      }
    }
  ]
}