{
  "image": {
    "width": 5472,
    "height": 3648,
    "filename": "00000076.JPG",
    "original_filename": "EP-00-00012_0119_0033.JPG",
    "url": "https://darwin.v7labs.com/api/images/1221677/original?token=43ffe058-ebd2-4afa-8955-89cf45e925a6",
    "thumbnail_url": "https://darwin.v7labs.com/api/images/1221677/thumbnail?token=43ffe058-ebd2-4afa-8955-89cf45e925a6",
    "workview_url": "https://darwin.v7labs.com/workview?dataset=1190&image=76"
  },
  "dataset": "Mapping_1",
  "annotated": true,
  "annotations": [
    {
      "annotator": {
        "email": "order@bex.kg",
        "full_name": "Zhaparova  Nurzhan"
      },
      "bounding_box": {
        "h": 284.35,
        "w": 367.07,
        "x": 123.05,
        "y": 2068.03
      },
      "name": "Vehicle "
    },
    {
      "annotator": {
        "email": "order@bex.kg",
        "full_name": "Zhaparova  Nurzhan"
      },
      "bounding_box": {
        "h": 491.16,
        "w": 620.41,
        "x": 624.54,
        "y": 2207.62
      },
      "name": "Vehicle "
    },
    {
      "annotator": {
        "email": "order@bex.kg",
        "full_name": "Zhaparova  Nurzhan"
      },
      "bounding_box": {
        "h": 248.16,
        "w": 149.93,
        "x": 4098.83,
        "y": 2585.03
      },
      "name": "Vehicle "
    },
    {
      "annotator": {
        "email": "order@bex.kg",
        "full_name": "Zhaparova  Nurzhan"
      },
      "bounding_box": {
        "h": 260.64,
        "w": 357.99,
        "x": 4453.57,
        "y": 886.04
      },
      "name": "Vehicle "
    },
    {
      "annotator": {
        "email": "order@bex.kg",
        "full_name": "Zhaparova  Nurzhan"
      },
      "bounding_box": {
        "h": 214.19,
        "w": 155.1,
        "x": 4925.49,
        "y": 1844.48
      },
      "name": "Vehicle "
    },
    {
      "annotator": {
        "email": "order@bex.kg",
        "full_name": "Zhaparova  Nurzhan"
      },
      "bounding_box": {
        "h": 258.5,
        "w": 169.87,
        "x": 5191.38,
        "y": 1585.98
      },
      "name": "Vehicle "
    },
    {
      "annotator": {
        "email": "order@bex.kg",
        "full_name": "Zhaparova  Nurzhan"
      },
      "bounding_box": {
        "h": 265.89,
        "w": 155.1,
        "x": 3618.21,
        "y": 2930.2
      },
      "name": "Vehicle "
    },
    {
      "annotator": {
        "email": "order@bex.kg",
        "full_name": "Zhaparova  Nurzhan"
      },
      "name": "Road ",
      "polygon": {
        "path": [
          {
            "x": 3318.62,
            "y": 3646.76
          },
          {
            "x": 3494.28,
            "y": 3491.58
          },
          {
            "x": 4015.62,
            "y": 3033.82
          },
          {
            "x": 4282.64,
            "y": 2824.02
          },
          {
            "x": 4721.33,
            "y": 2436.19
          },
          {
            "x": 4946.67,
            "y": 2239.29
          },
          {
            "x": 5157.09,
            "y": 2069.27
          },
          {
            "x": 5459.91,
            "y": 1773.83
          },
          {
            "x": 5482.07,
            "y": 2194.83
          },
          {
            "x": 5319.58,
            "y": 2320.38
          },
          {
            "x": 5068.46,
            "y": 2534.57
          },
          {
            "x": 4883.82,
            "y": 2704.45
          },
          {
            "x": 4662.24,
            "y": 2889.09
          },
          {
            "x": 4448.05,
            "y": 3073.74
          },
          {
            "x": 4123.08,
            "y": 3354.4
          },
          {
            "x": 3790.72,
            "y": 3649.83
          }
        ]
      }
    },
    {
      "annotator": {
        "email": "order@bex.kg",
        "full_name": "Zhaparova  Nurzhan"
      },
      "name": "Building Polygon",
      "polygon": {
        "path": [
          {
            "x": 5472.0,
            "y": 115.81
          },
          {
            "x": 5139.05,
            "y": 542.86
          },
          {
            "x": 5066.67,
            "y": 535.62
          },
          {
            "x": 5030.48,
            "y": 564.57
          },
          {
            "x": 4907.43,
            "y": 571.81
          },
          {
            "x": 4784.38,
            "y": 492.19
          },
          {
            "x": 4248.76,
            "y": 1150.86
          },
          {
            "x": 4458.67,
            "y": 1302.86
          },
          {
            "x": 3814.48,
            "y": 2099.05
          },
          {
            "x": 3691.43,
            "y": 2041.14
          },
          {
            "x": 2866.29,
            "y": 3076.19
          },
          {
            "x": 2323.43,
            "y": 2656.38
          },
          {
            "x": 2424.76,
            "y": 2475.43
          },
          {
            "x": 2323.43,
            "y": 2366.86
          },
          {
            "x": 2265.52,
            "y": 2323.43
          },
          {
            "x": 1910.86,
            "y": 2736.0
          },
          {
            "x": 1809.52,
            "y": 2786.67
          },
          {
            "x": 1541.71,
            "y": 2533.33
          },
          {
            "x": 1462.1,
            "y": 2497.14
          },
          {
            "x": 1339.05,
            "y": 2627.43
          },
          {
            "x": 1006.1,
            "y": 2358.59
          },
          {
            "x": 949.22,
            "y": 2353.41
          },
          {
            "x": 913.03,
            "y": 2337.9
          },
          {
            "x": 835.48,
            "y": 2337.9
          },
          {
            "x": 861.33,
            "y": 2286.2
          },
          {
            "x": 716.57,
            "y": 2167.29
          },
          {
            "x": 633.85,
            "y": 2151.78
          },
          {
            "x": 654.53,
            "y": 2100.08
          },
          {
            "x": 525.28,
            "y": 1986.34
          },
          {
            "x": 427.05,
            "y": 1970.83
          },
          {
            "x": 344.33,
            "y": 2084.57
          },
          {
            "x": 240.93,
            "y": 2053.55
          },
          {
            "x": 204.73,
            "y": 2048.38
          },
          {
            "x": 101.33,
            "y": 2198.31
          },
          {
            "x": -2.07,
            "y": 2120.76
          },
          {
            "x": -1.06,
            "y": 507.7
          },
          {
            "x": -0.17,
            "y": 2.05
          },
          {
            "x": 1067.94,
            "y": 2.05
          },
          {
            "x": 863.22,
            "y": 251.28
          },
          {
            "x": 1134.69,
            "y": 424.85
          },
          {
            "x": 1366.11,
            "y": 108.86
          },
          {
            "x": 1463.36,
            "y": -7.51
          },
          {
            "x": 5469.41,
            "y": 2.05
          }
        ]
      }
    }
  ]
}