{
  "image": {
    "width": 5472,
    "height": 3648,
    "filename": "00000012.JPG",
    "original_filename": "EP-00-00012_0119_0072.JPG",
    "url": "https://darwin.v7labs.com/api/images/1221738/original?token=b19ef416-03ed-4ae6-a438-a83286cfedf7",
    "thumbnail_url": "https://darwin.v7labs.com/api/images/1221738/thumbnail?token=b19ef416-03ed-4ae6-a438-a83286cfedf7",
    "workview_url": "https://darwin.v7labs.com/workview?dataset=1192&image=12"
  },
  "dataset": "Mapping_3",
  "annotated": true,
  "annotations": [
    {
      "annotator": {
        "email": "corporate@bex.kg",
        "full_name": "Aizada Tynchybek kyzy"
      },
      "name": "Spring field Polygon ",
      "polygon": {
        "path": [
          {
            "x": 15.91,
            "y": 3165.49
          },
          {
            "x": 26.51,
            "y": 5.3
          },
          {
            "x": 5424.28,
            "y": 15.91
          },
          {
            "x": 5424.28,
            "y": 1702.05
          }
        ]
      }
    },
    {
      "annotator": {
        "email": "corporate@bex.kg",
        "full_name": "Aizada Tynchybek kyzy"
      },
      "name": "Spring field Polygon ",
      "polygon": {
        "path": [
          {
            "x": 47.72,
            "y": 3621.49
          },
          {
            "x": 5445.49,
            "y": 2136.84
          },
          {
            "x": 5434.88,
            "y": 3610.88
          }
        ]
      }
    },
    {
      "annotator": {
        "email": "corporate@bex.kg",
        "full_name": "Aizada Tynchybek kyzy"
      },
      "name": "Road ",
      "polygon": {
        "path": [
          {
            "x": 32.14,
            "y": 3219.16
          },
          {
            "x": 5450.79,
            "y": 1781.58
          },
          {
            "x": 5456.09,
            "y": 2099.72
          },
          {
            "x": 21.21,
            "y": 3552.56
          }
        ]
      }
    }
  ]
}