{
  "image": {
    "width": 5472,
    "height": 3648,
    "filename": "00000017.JPG",
    "original_filename": "EP-00-00012_0119_0077.JPG",
    "url": "https://darwin.v7labs.com/api/images/1221743/original?token=b19ef416-03ed-4ae6-a438-a83286cfedf7",
    "thumbnail_url": "https://darwin.v7labs.com/api/images/1221743/thumbnail?token=b19ef416-03ed-4ae6-a438-a83286cfedf7",
    "workview_url": "https://darwin.v7labs.com/workview?dataset=1192&image=17"
  },
  "dataset": "Mapping_3",
  "annotated": true,
  "annotations": [
    {
      "annotator": {
        "email": "corporate@bex.kg",
        "full_name": "Aizada Tynchybek kyzy"
      },
      "name": "Spring field Polygon ",
      "polygon": {
        "path": [
          {
            "x": 5.0,
            "y": 905
          },
          {
            "x": 5.0,
            "y": 914.0
          },
          {
            "x": 4.0,
            "y": 915.0
          },
          {
            "x": 0,
            "y": 915.0
          },
          {
            "x": 0,
            "y": 3646
          },
          {
            "x": 4815,
            "y": 3646
          },
          {
            "x": 4815,
            "y": 3639.0
          },
          {
            "x": 4816,
            "y": 3638.0
          },
          {
            "x": 4825.0,
            "y": 3638.0
          },
          {
            "x": 4825.0,
            "y": 3539.0
          },
          {
            "x": 4826.0,
            "y": 3538.0
          },
          {
            "x": 4835.0,
            "y": 3538.0
          },
          {
            "x": 4835.0,
            "y": 3420
          },
          {
            "x": 4836.0,
            "y": 3419
          },
          {
            "x": 4845,
            "y": 3419
          },
          {
            "x": 4845,
            "y": 3330.0
          },
          {
            "x": 4846,
            "y": 3329.0
          },
          {
            "x": 4855.0,
            "y": 3329.0
          },
          {
            "x": 4855.0,
            "y": 3181.0
          },
          {
            "x": 4856.0,
            "y": 3180.0
          },
          {
            "x": 4865.0,
            "y": 3180.0
          },
          {
            "x": 4865.0,
            "y": 3032
          },
          {
            "x": 4866.0,
            "y": 3031.0
          },
          {
            "x": 4875,
            "y": 3031.0
          },
          {
            "x": 4875,
            "y": 2933
          },
          {
            "x": 4876,
            "y": 2932.0
          },
          {
            "x": 4885.0,
            "y": 2932.0
          },
          {
            "x": 4885.0,
            "y": 2814.0
          },
          {
            "x": 4886.0,
            "y": 2813.0
          },
          {
            "x": 4895.0,
            "y": 2813.0
          },
          {
            "x": 4895.0,
            "y": 2664
          },
          {
            "x": 4896,
            "y": 2663
          },
          {
            "x": 4905,
            "y": 2663
          },
          {
            "x": 4905,
            "y": 2535
          },
          {
            "x": 4906,
            "y": 2534
          },
          {
            "x": 4915.0,
            "y": 2534
          },
          {
            "x": 4915.0,
            "y": 2416.0
          },
          {
            "x": 4916.0,
            "y": 2415.0
          },
          {
            "x": 4925,
            "y": 2415.0
          },
          {
            "x": 4925,
            "y": 2297.0
          },
          {
            "x": 4926,
            "y": 2296
          },
          {
            "x": 4935.0,
            "y": 2296
          },
          {
            "x": 4935.0,
            "y": 2197.0
          },
          {
            "x": 4936.0,
            "y": 2196
          },
          {
            "x": 4945.0,
            "y": 2196
          },
          {
            "x": 4945.0,
            "y": 2108
          },
          {
            "x": 4946.0,
            "y": 2107
          },
          {
            "x": 4955,
            "y": 2107
          },
          {
            "x": 4955,
            "y": 1859
          },
          {
            "x": 4946.0,
            "y": 1859
          },
          {
            "x": 4945.0,
            "y": 1858
          },
          {
            "x": 4945.0,
            "y": 1829.0
          },
          {
            "x": 4936.0,
            "y": 1829.0
          },
          {
            "x": 4935.0,
            "y": 1828.0
          },
          {
            "x": 4935.0,
            "y": 1810
          },
          {
            "x": 4926,
            "y": 1810
          },
          {
            "x": 4925,
            "y": 1809
          },
          {
            "x": 4925,
            "y": 1.8e3
          },
          {
            "x": 4916.0,
            "y": 1.8e3
          },
          {
            "x": 4915.0,
            "y": 1799.0
          },
          {
            "x": 4915.0,
            "y": 1780
          },
          {
            "x": 4906,
            "y": 1780
          },
          {
            "x": 4905,
            "y": 1779.0
          },
          {
            "x": 4905,
            "y": 1770.0
          },
          {
            "x": 4896,
            "y": 1770.0
          },
          {
            "x": 4895.0,
            "y": 1769.0
          },
          {
            "x": 4895.0,
            "y": 1750.0
          },
          {
            "x": 4886.0,
            "y": 1750.0
          },
          {
            "x": 4885.0,
            "y": 1749.0
          },
          {
            "x": 4885.0,
            "y": 1740.0
          },
          {
            "x": 4876,
            "y": 1740.0
          },
          {
            "x": 4875,
            "y": 1739
          },
          {
            "x": 4875,
            "y": 1730
          },
          {
            "x": 4866.0,
            "y": 1730
          },
          {
            "x": 4865.0,
            "y": 1729.0
          },
          {
            "x": 4865.0,
            "y": 1720.0
          },
          {
            "x": 4856.0,
            "y": 1720.0
          },
          {
            "x": 4855.0,
            "y": 1719.0
          },
          {
            "x": 4855.0,
            "y": 1710
          },
          {
            "x": 4846,
            "y": 1710
          },
          {
            "x": 4845,
            "y": 1709
          },
          {
            "x": 4845,
            "y": 1.7e3
          },
          {
            "x": 4836.0,
            "y": 1.7e3
          },
          {
            "x": 4835.0,
            "y": 1699.0
          },
          {
            "x": 4835.0,
            "y": 1690.0
          },
          {
            "x": 4816,
            "y": 1690.0
          },
          {
            "x": 4815,
            "y": 1689
          },
          {
            "x": 4815,
            "y": 1680
          },
          {
            "x": 4806.0,
            "y": 1680
          },
          {
            "x": 4805.0,
            "y": 1679.0
          },
          {
            "x": 4805.0,
            "y": 1670.0
          },
          {
            "x": 4797.0,
            "y": 1670.0
          },
          {
            "x": 4796.0,
            "y": 1669.0
          },
          {
            "x": 4796.0,
            "y": 1660
          },
          {
            "x": 4787,
            "y": 1660
          },
          {
            "x": 4786,
            "y": 1659
          },
          {
            "x": 4786,
            "y": 1651.0
          },
          {
            "x": 4777.0,
            "y": 1651.0
          },
          {
            "x": 4776.0,
            "y": 1650.0
          },
          {
            "x": 4776.0,
            "y": 1641.0
          },
          {
            "x": 4757,
            "y": 1641.0
          },
          {
            "x": 4756,
            "y": 1640.0
          },
          {
            "x": 4756,
            "y": 1631
          },
          {
            "x": 4747.0,
            "y": 1631
          },
          {
            "x": 4746.0,
            "y": 1630
          },
          {
            "x": 4746.0,
            "y": 1621.0
          },
          {
            "x": 4727,
            "y": 1621.0
          },
          {
            "x": 4726,
            "y": 1620.0
          },
          {
            "x": 4726,
            "y": 1611
          },
          {
            "x": 4707.0,
            "y": 1611
          },
          {
            "x": 4706,
            "y": 1610
          },
          {
            "x": 4706,
            "y": 1601.0
          },
          {
            "x": 4687.0,
            "y": 1601.0
          },
          {
            "x": 4686.0,
            "y": 1.6e3
          },
          {
            "x": 4686.0,
            "y": 1591.0
          },
          {
            "x": 4657.0,
            "y": 1591.0
          },
          {
            "x": 4656.0,
            "y": 1590.0
          },
          {
            "x": 4656.0,
            "y": 1581
          },
          {
            "x": 4618,
            "y": 1581
          },
          {
            "x": 4617,
            "y": 1580.0
          },
          {
            "x": 4617,
            "y": 1571.0
          },
          {
            "x": 4548.0,
            "y": 1571.0
          },
          {
            "x": 4547.0,
            "y": 1570.0
          },
          {
            "x": 4547.0,
            "y": 1561
          },
          {
            "x": 4468.0,
            "y": 1561
          },
          {
            "x": 4467.0,
            "y": 1560
          },
          {
            "x": 4467.0,
            "y": 1551.0
          },
          {
            "x": 4419,
            "y": 1551.0
          },
          {
            "x": 4418,
            "y": 1550.0
          },
          {
            "x": 4418,
            "y": 1541.0
          },
          {
            "x": 4359,
            "y": 1541.0
          },
          {
            "x": 4358,
            "y": 1540
          },
          {
            "x": 4358,
            "y": 1531
          },
          {
            "x": 4300,
            "y": 1531
          },
          {
            "x": 4299,
            "y": 1530.0
          },
          {
            "x": 4299,
            "y": 1521.0
          },
          {
            "x": 4220,
            "y": 1521.0
          },
          {
            "x": 4219,
            "y": 1520.0
          },
          {
            "x": 4219,
            "y": 1511
          },
          {
            "x": 4140.0,
            "y": 1511
          },
          {
            "x": 4139.0,
            "y": 1510
          },
          {
            "x": 4139.0,
            "y": 1501.0
          },
          {
            "x": 4081.0,
            "y": 1501.0
          },
          {
            "x": 4080.0,
            "y": 1.5e3
          },
          {
            "x": 4080.0,
            "y": 1491.0
          },
          {
            "x": 3981.0,
            "y": 1491.0
          },
          {
            "x": 3980.0,
            "y": 1490
          },
          {
            "x": 3980.0,
            "y": 1482
          },
          {
            "x": 3882.0,
            "y": 1482
          },
          {
            "x": 3882.0,
            "y": 1490
          },
          {
            "x": 3881.0,
            "y": 1491.0
          },
          {
            "x": 3733,
            "y": 1491.0
          },
          {
            "x": 3732,
            "y": 1490
          },
          {
            "x": 3732,
            "y": 1482
          },
          {
            "x": 3683.0,
            "y": 1482
          },
          {
            "x": 3682.0,
            "y": 1481
          },
          {
            "x": 3682.0,
            "y": 1472.0
          },
          {
            "x": 3633.0,
            "y": 1472.0
          },
          {
            "x": 3632.0,
            "y": 1471.0
          },
          {
            "x": 3632.0,
            "y": 1462.0
          },
          {
            "x": 3425.0,
            "y": 1462.0
          },
          {
            "x": 3424.0,
            "y": 1461
          },
          {
            "x": 3424.0,
            "y": 1452
          },
          {
            "x": 3375.0,
            "y": 1452
          },
          {
            "x": 3374.0,
            "y": 1451.0
          },
          {
            "x": 3374.0,
            "y": 1442.0
          },
          {
            "x": 3345.0,
            "y": 1442.0
          },
          {
            "x": 3344.0,
            "y": 1441.0
          },
          {
            "x": 3344.0,
            "y": 1432
          },
          {
            "x": 3296.0,
            "y": 1432
          },
          {
            "x": 3295.0,
            "y": 1431
          },
          {
            "x": 3295.0,
            "y": 1422.0
          },
          {
            "x": 3246,
            "y": 1422.0
          },
          {
            "x": 3245.0,
            "y": 1421.0
          },
          {
            "x": 3245.0,
            "y": 1412.0
          },
          {
            "x": 3196.0,
            "y": 1412.0
          },
          {
            "x": 3195.0,
            "y": 1411
          },
          {
            "x": 3195.0,
            "y": 1402
          },
          {
            "x": 3136,
            "y": 1402
          },
          {
            "x": 3135,
            "y": 1401.0
          },
          {
            "x": 3135,
            "y": 1392.0
          },
          {
            "x": 3097.0,
            "y": 1392.0
          },
          {
            "x": 3096.0,
            "y": 1391.0
          },
          {
            "x": 3096.0,
            "y": 1382
          },
          {
            "x": 3047,
            "y": 1382
          },
          {
            "x": 3046.0,
            "y": 1381
          },
          {
            "x": 3046.0,
            "y": 1372.0
          },
          {
            "x": 2997.0,
            "y": 1372.0
          },
          {
            "x": 2996.0,
            "y": 1371.0
          },
          {
            "x": 2996.0,
            "y": 1362.0
          },
          {
            "x": 2948,
            "y": 1362.0
          },
          {
            "x": 2947,
            "y": 1361
          },
          {
            "x": 2947,
            "y": 1352.0
          },
          {
            "x": 2898.0,
            "y": 1352.0
          },
          {
            "x": 2897.0,
            "y": 1351.0
          },
          {
            "x": 2897.0,
            "y": 1342.0
          },
          {
            "x": 2858.0,
            "y": 1342.0
          },
          {
            "x": 2857.0,
            "y": 1341.0
          },
          {
            "x": 2857.0,
            "y": 1332
          },
          {
            "x": 2808,
            "y": 1332
          },
          {
            "x": 2807,
            "y": 1331
          },
          {
            "x": 2807,
            "y": 1322.0
          },
          {
            "x": 2759.0,
            "y": 1322.0
          },
          {
            "x": 2758.0,
            "y": 1321.0
          },
          {
            "x": 2758.0,
            "y": 1313.0
          },
          {
            "x": 2659.0,
            "y": 1313.0
          },
          {
            "x": 2658.0,
            "y": 1312
          },
          {
            "x": 2658.0,
            "y": 1303
          },
          {
            "x": 2570.0,
            "y": 1303
          },
          {
            "x": 2569.0,
            "y": 1302.0
          },
          {
            "x": 2569.0,
            "y": 1293.0
          },
          {
            "x": 2510,
            "y": 1293.0
          },
          {
            "x": 2509,
            "y": 1292.0
          },
          {
            "x": 2509,
            "y": 1283
          },
          {
            "x": 2441.0,
            "y": 1283
          },
          {
            "x": 2440.0,
            "y": 1282
          },
          {
            "x": 2440.0,
            "y": 1273.0
          },
          {
            "x": 2371.0,
            "y": 1273.0
          },
          {
            "x": 2370.0,
            "y": 1272.0
          },
          {
            "x": 2370.0,
            "y": 1263.0
          },
          {
            "x": 2321,
            "y": 1263.0
          },
          {
            "x": 2320,
            "y": 1262
          },
          {
            "x": 2320,
            "y": 1253
          },
          {
            "x": 2252,
            "y": 1253
          },
          {
            "x": 2251,
            "y": 1252.0
          },
          {
            "x": 2251,
            "y": 1243.0
          },
          {
            "x": 2182,
            "y": 1243.0
          },
          {
            "x": 2181,
            "y": 1242.0
          },
          {
            "x": 2181,
            "y": 1233
          },
          {
            "x": 2142.0,
            "y": 1233
          },
          {
            "x": 2141.0,
            "y": 1232
          },
          {
            "x": 2141.0,
            "y": 1223.0
          },
          {
            "x": 2103.0,
            "y": 1223.0
          },
          {
            "x": 2102.0,
            "y": 1222.0
          },
          {
            "x": 2102.0,
            "y": 1213.0
          },
          {
            "x": 2053,
            "y": 1213.0
          },
          {
            "x": 2052,
            "y": 1212
          },
          {
            "x": 2052,
            "y": 1203
          },
          {
            "x": 1983.0,
            "y": 1203
          },
          {
            "x": 1982.0,
            "y": 1202.0
          },
          {
            "x": 1982.0,
            "y": 1193.0
          },
          {
            "x": 1914.0,
            "y": 1193.0
          },
          {
            "x": 1913.0,
            "y": 1192.0
          },
          {
            "x": 1913.0,
            "y": 1183
          },
          {
            "x": 1854.0,
            "y": 1183
          },
          {
            "x": 1853,
            "y": 1182
          },
          {
            "x": 1853,
            "y": 1173.0
          },
          {
            "x": 1795,
            "y": 1173.0
          },
          {
            "x": 1794,
            "y": 1172.0
          },
          {
            "x": 1794,
            "y": 1163.0
          },
          {
            "x": 1705.0,
            "y": 1163.0
          },
          {
            "x": 1704.0,
            "y": 1162
          },
          {
            "x": 1704.0,
            "y": 1154
          },
          {
            "x": 1616.0,
            "y": 1154
          },
          {
            "x": 1615.0,
            "y": 1153
          },
          {
            "x": 1615.0,
            "y": 1144.0
          },
          {
            "x": 1546.0,
            "y": 1144.0
          },
          {
            "x": 1545.0,
            "y": 1143.0
          },
          {
            "x": 1545.0,
            "y": 1134.0
          },
          {
            "x": 1496,
            "y": 1134.0
          },
          {
            "x": 1495,
            "y": 1133
          },
          {
            "x": 1495,
            "y": 1124.0
          },
          {
            "x": 1437.0,
            "y": 1124.0
          },
          {
            "x": 1436.0,
            "y": 1123.0
          },
          {
            "x": 1436.0,
            "y": 1114.0
          },
          {
            "x": 1377.0,
            "y": 1114.0
          },
          {
            "x": 1376.0,
            "y": 1113.0
          },
          {
            "x": 1376.0,
            "y": 1104
          },
          {
            "x": 1307.0,
            "y": 1104
          },
          {
            "x": 1306.0,
            "y": 1103
          },
          {
            "x": 1306.0,
            "y": 1094.0
          },
          {
            "x": 1238.0,
            "y": 1094.0
          },
          {
            "x": 1237.0,
            "y": 1093.0
          },
          {
            "x": 1237.0,
            "y": 1084
          },
          {
            "x": 1178.0,
            "y": 1084
          },
          {
            "x": 1177.0,
            "y": 1083
          },
          {
            "x": 1177.0,
            "y": 1074.0
          },
          {
            "x": 1129.0,
            "y": 1074.0
          },
          {
            "x": 1128.0,
            "y": 1073.0
          },
          {
            "x": 1128.0,
            "y": 1064.0
          },
          {
            "x": 1069,
            "y": 1064.0
          },
          {
            "x": 1068,
            "y": 1063.0
          },
          {
            "x": 1068,
            "y": 1054
          },
          {
            "x": 969,
            "y": 1054
          },
          {
            "x": 968.0,
            "y": 1053
          },
          {
            "x": 968.0,
            "y": 1044.0
          },
          {
            "x": 890.0,
            "y": 1044.0
          },
          {
            "x": 889.0,
            "y": 1043.0
          },
          {
            "x": 889.0,
            "y": 1034
          },
          {
            "x": 840,
            "y": 1034
          },
          {
            "x": 839.0,
            "y": 1033
          },
          {
            "x": 839.0,
            "y": 1024.0
          },
          {
            "x": 800.0,
            "y": 1024.0
          },
          {
            "x": 799.0,
            "y": 1023.0
          },
          {
            "x": 799.0,
            "y": 1014.0
          },
          {
            "x": 741,
            "y": 1014.0
          },
          {
            "x": 740.0,
            "y": 1013.0
          },
          {
            "x": 740.0,
            "y": 1004
          },
          {
            "x": 691.0,
            "y": 1004
          },
          {
            "x": 690.0,
            "y": 1003.0
          },
          {
            "x": 690.0,
            "y": 994.0
          },
          {
            "x": 632.0,
            "y": 994.0
          },
          {
            "x": 631.0,
            "y": 993.0
          },
          {
            "x": 631.0,
            "y": 985.0
          },
          {
            "x": 552.0,
            "y": 985.0
          },
          {
            "x": 551.0,
            "y": 984.0
          },
          {
            "x": 551.0,
            "y": 975.0
          },
          {
            "x": 482.0,
            "y": 975.0
          },
          {
            "x": 481.0,
            "y": 974.0
          },
          {
            "x": 481.0,
            "y": 965.0
          },
          {
            "x": 403.0,
            "y": 965.0
          },
          {
            "x": 402.0,
            "y": 964.0
          },
          {
            "x": 402.0,
            "y": 955
          },
          {
            "x": 343.0,
            "y": 955
          },
          {
            "x": 342,
            "y": 954
          },
          {
            "x": 342,
            "y": 945.0
          },
          {
            "x": 294.0,
            "y": 945.0
          },
          {
            "x": 293.0,
            "y": 944.0
          },
          {
            "x": 293.0,
            "y": 935.0
          },
          {
            "x": 224.0,
            "y": 935.0
          },
          {
            "x": 223.0,
            "y": 934.0
          },
          {
            "x": 223.0,
            "y": 925.0
          },
          {
            "x": 154.0,
            "y": 925.0
          },
          {
            "x": 153.0,
            "y": 924.0
          },
          {
            "x": 153.0,
            "y": 915.0
          },
          {
            "x": 85.0,
            "y": 915.0
          },
          {
            "x": 84.0,
            "y": 914.0
          },
          {
            "x": 84.0,
            "y": 905
          }
        ]
      }
    },
    {
      "annotator": {
        "email": "corporate@bex.kg",
        "full_name": "Aizada Tynchybek kyzy"
      },
      "name": "Spring field Polygon ",
      "polygon": {
        "path": [
          {
            "x": 0,
            "y": 0
          },
          {
            "x": 0,
            "y": 584
          },
          {
            "x": 5.0,
            "y": 584
          },
          {
            "x": 6.0,
            "y": 585
          },
          {
            "x": 6.0,
            "y": 604.0
          },
          {
            "x": 15.0,
            "y": 604.0
          },
          {
            "x": 16.0,
            "y": 605.0
          },
          {
            "x": 16.0,
            "y": 614.0
          },
          {
            "x": 25.0,
            "y": 614.0
          },
          {
            "x": 26.0,
            "y": 615.0
          },
          {
            "x": 26.0,
            "y": 625.0
          },
          {
            "x": 65.0,
            "y": 625.0
          },
          {
            "x": 66.0,
            "y": 626
          },
          {
            "x": 66.0,
            "y": 635
          },
          {
            "x": 116.0,
            "y": 635
          },
          {
            "x": 117.0,
            "y": 636
          },
          {
            "x": 117.0,
            "y": 645
          },
          {
            "x": 167.0,
            "y": 645
          },
          {
            "x": 168.0,
            "y": 646
          },
          {
            "x": 168.0,
            "y": 655
          },
          {
            "x": 217.0,
            "y": 655
          },
          {
            "x": 218.0,
            "y": 656.0
          },
          {
            "x": 218.0,
            "y": 665.0
          },
          {
            "x": 319.0,
            "y": 665.0
          },
          {
            "x": 320.0,
            "y": 666.0
          },
          {
            "x": 320.0,
            "y": 675.0
          },
          {
            "x": 369.0,
            "y": 675.0
          },
          {
            "x": 370.0,
            "y": 676.0
          },
          {
            "x": 370.0,
            "y": 685.0
          },
          {
            "x": 400.0,
            "y": 685.0
          },
          {
            "x": 401,
            "y": 686.0
          },
          {
            "x": 401,
            "y": 695.0
          },
          {
            "x": 470,
            "y": 695.0
          },
          {
            "x": 471,
            "y": 696
          },
          {
            "x": 471,
            "y": 706
          },
          {
            "x": 632.0,
            "y": 706
          },
          {
            "x": 633.0,
            "y": 707
          },
          {
            "x": 633.0,
            "y": 716
          },
          {
            "x": 673.0,
            "y": 716
          },
          {
            "x": 674.0,
            "y": 717.0
          },
          {
            "x": 674.0,
            "y": 726.0
          },
          {
            "x": 703.0,
            "y": 726.0
          },
          {
            "x": 704.0,
            "y": 727.0
          },
          {
            "x": 704.0,
            "y": 736.0
          },
          {
            "x": 754.0,
            "y": 736.0
          },
          {
            "x": 755.0,
            "y": 737.0
          },
          {
            "x": 755.0,
            "y": 746.0
          },
          {
            "x": 845.0,
            "y": 746.0
          },
          {
            "x": 846.0,
            "y": 747.0
          },
          {
            "x": 846.0,
            "y": 756.0
          },
          {
            "x": 987.0,
            "y": 756.0
          },
          {
            "x": 988.0,
            "y": 757
          },
          {
            "x": 988.0,
            "y": 766
          },
          {
            "x": 1078,
            "y": 766
          },
          {
            "x": 1079,
            "y": 767
          },
          {
            "x": 1079,
            "y": 777
          },
          {
            "x": 1139.0,
            "y": 777
          },
          {
            "x": 1140.0,
            "y": 778.0
          },
          {
            "x": 1140.0,
            "y": 787.0
          },
          {
            "x": 1179.0,
            "y": 787.0
          },
          {
            "x": 1180.0,
            "y": 788.0
          },
          {
            "x": 1180.0,
            "y": 797.0
          },
          {
            "x": 1291,
            "y": 797.0
          },
          {
            "x": 1292,
            "y": 798.0
          },
          {
            "x": 1292,
            "y": 807.0
          },
          {
            "x": 1351.0,
            "y": 807.0
          },
          {
            "x": 1352.0,
            "y": 808.0
          },
          {
            "x": 1352.0,
            "y": 817.0
          },
          {
            "x": 1412,
            "y": 817.0
          },
          {
            "x": 1413,
            "y": 818
          },
          {
            "x": 1413,
            "y": 827
          },
          {
            "x": 1524.0,
            "y": 827
          },
          {
            "x": 1525.0,
            "y": 828
          },
          {
            "x": 1525.0,
            "y": 837
          },
          {
            "x": 1615.0,
            "y": 837
          },
          {
            "x": 1616.0,
            "y": 838
          },
          {
            "x": 1616.0,
            "y": 847.0
          },
          {
            "x": 1645.0,
            "y": 847.0
          },
          {
            "x": 1646.0,
            "y": 848.0
          },
          {
            "x": 1646.0,
            "y": 858.0
          },
          {
            "x": 1696.0,
            "y": 858.0
          },
          {
            "x": 1697.0,
            "y": 859.0
          },
          {
            "x": 1697.0,
            "y": 868.0
          },
          {
            "x": 1746,
            "y": 868.0
          },
          {
            "x": 1747.0,
            "y": 869.0
          },
          {
            "x": 1747.0,
            "y": 878.0
          },
          {
            "x": 1777,
            "y": 878.0
          },
          {
            "x": 1778,
            "y": 879
          },
          {
            "x": 1778,
            "y": 888
          },
          {
            "x": 1838.0,
            "y": 888
          },
          {
            "x": 1839.0,
            "y": 889
          },
          {
            "x": 1839.0,
            "y": 898
          },
          {
            "x": 1939.0,
            "y": 898
          },
          {
            "x": 1940.0,
            "y": 899
          },
          {
            "x": 1940.0,
            "y": 908.0
          },
          {
            "x": 1969.0,
            "y": 908.0
          },
          {
            "x": 1970.0,
            "y": 909.0
          },
          {
            "x": 1970.0,
            "y": 918.0
          },
          {
            "x": 2.0e3,
            "y": 918.0
          },
          {
            "x": 2001.0,
            "y": 919.0
          },
          {
            "x": 2001.0,
            "y": 928.0
          },
          {
            "x": 2040.0,
            "y": 928.0
          },
          {
            "x": 2041.0,
            "y": 929.0
          },
          {
            "x": 2041.0,
            "y": 939.0
          },
          {
            "x": 2111.0,
            "y": 939.0
          },
          {
            "x": 2112.0,
            "y": 940
          },
          {
            "x": 2112.0,
            "y": 949
          },
          {
            "x": 2172.0,
            "y": 949
          },
          {
            "x": 2173.0,
            "y": 950
          },
          {
            "x": 2173.0,
            "y": 959
          },
          {
            "x": 2232,
            "y": 959
          },
          {
            "x": 2233,
            "y": 960
          },
          {
            "x": 2233,
            "y": 969.0
          },
          {
            "x": 2293.0,
            "y": 969.0
          },
          {
            "x": 2294.0,
            "y": 970.0
          },
          {
            "x": 2294.0,
            "y": 979.0
          },
          {
            "x": 2354.0,
            "y": 979.0
          },
          {
            "x": 2355.0,
            "y": 980.0
          },
          {
            "x": 2355.0,
            "y": 989.0
          },
          {
            "x": 2405,
            "y": 989.0
          },
          {
            "x": 2406,
            "y": 990.0
          },
          {
            "x": 2406,
            "y": 999.0
          },
          {
            "x": 2486.0,
            "y": 999.0
          },
          {
            "x": 2487.0,
            "y": 1.0e3
          },
          {
            "x": 2487.0,
            "y": 1009.0
          },
          {
            "x": 2556.0,
            "y": 1009.0
          },
          {
            "x": 2557.0,
            "y": 1010
          },
          {
            "x": 2557.0,
            "y": 1020
          },
          {
            "x": 2597.0,
            "y": 1020
          },
          {
            "x": 2598.0,
            "y": 1021
          },
          {
            "x": 2598.0,
            "y": 1030
          },
          {
            "x": 2658.0,
            "y": 1030
          },
          {
            "x": 2659.0,
            "y": 1031.0
          },
          {
            "x": 2659.0,
            "y": 1040
          },
          {
            "x": 2719,
            "y": 1040
          },
          {
            "x": 2720,
            "y": 1041.0
          },
          {
            "x": 2720,
            "y": 1050.0
          },
          {
            "x": 2789,
            "y": 1050.0
          },
          {
            "x": 2790,
            "y": 1051.0
          },
          {
            "x": 2790,
            "y": 1060.0
          },
          {
            "x": 2860,
            "y": 1060.0
          },
          {
            "x": 2861,
            "y": 1061.0
          },
          {
            "x": 2861,
            "y": 1070
          },
          {
            "x": 2931,
            "y": 1070
          },
          {
            "x": 2932,
            "y": 1071
          },
          {
            "x": 2932,
            "y": 1080
          },
          {
            "x": 2992,
            "y": 1080
          },
          {
            "x": 2993,
            "y": 1081
          },
          {
            "x": 2993,
            "y": 1090
          },
          {
            "x": 3154.0,
            "y": 1090
          },
          {
            "x": 3155.0,
            "y": 1091
          },
          {
            "x": 3155.0,
            "y": 1101.0
          },
          {
            "x": 3194.0,
            "y": 1101.0
          },
          {
            "x": 3195.0,
            "y": 1102.0
          },
          {
            "x": 3195.0,
            "y": 1111.0
          },
          {
            "x": 3215.0,
            "y": 1111.0
          },
          {
            "x": 3216.0,
            "y": 1112.0
          },
          {
            "x": 3216.0,
            "y": 1121
          },
          {
            "x": 3255.0,
            "y": 1121
          },
          {
            "x": 3256.0,
            "y": 1122
          },
          {
            "x": 3256.0,
            "y": 1131
          },
          {
            "x": 3316,
            "y": 1131
          },
          {
            "x": 3317,
            "y": 1132
          },
          {
            "x": 3317,
            "y": 1141
          },
          {
            "x": 3387,
            "y": 1141
          },
          {
            "x": 3388.0,
            "y": 1142
          },
          {
            "x": 3388.0,
            "y": 1151
          },
          {
            "x": 3448,
            "y": 1151
          },
          {
            "x": 3449,
            "y": 1152
          },
          {
            "x": 3449,
            "y": 1161
          },
          {
            "x": 3508.0,
            "y": 1161
          },
          {
            "x": 3509.0,
            "y": 1162
          },
          {
            "x": 3509.0,
            "y": 1171.0
          },
          {
            "x": 3569.0,
            "y": 1171.0
          },
          {
            "x": 3570.0,
            "y": 1172.0
          },
          {
            "x": 3570.0,
            "y": 1182.0
          },
          {
            "x": 3630,
            "y": 1182.0
          },
          {
            "x": 3631,
            "y": 1183.0
          },
          {
            "x": 3631,
            "y": 1192
          },
          {
            "x": 3701,
            "y": 1192
          },
          {
            "x": 3702.0,
            "y": 1193
          },
          {
            "x": 3702.0,
            "y": 1202
          },
          {
            "x": 3762,
            "y": 1202
          },
          {
            "x": 3763,
            "y": 1203
          },
          {
            "x": 3763,
            "y": 1212
          },
          {
            "x": 3853.0,
            "y": 1212
          },
          {
            "x": 3854.0,
            "y": 1213
          },
          {
            "x": 3854.0,
            "y": 1222
          },
          {
            "x": 3924.0,
            "y": 1222
          },
          {
            "x": 3925.0,
            "y": 1223.0
          },
          {
            "x": 3925.0,
            "y": 1232
          },
          {
            "x": 3994.0,
            "y": 1232
          },
          {
            "x": 3995.0,
            "y": 1233.0
          },
          {
            "x": 3995.0,
            "y": 1242.0
          },
          {
            "x": 4055.0,
            "y": 1242.0
          },
          {
            "x": 4056.0,
            "y": 1243.0
          },
          {
            "x": 4056.0,
            "y": 1252.0
          },
          {
            "x": 4116,
            "y": 1252.0
          },
          {
            "x": 4117,
            "y": 1253.0
          },
          {
            "x": 4117,
            "y": 1263
          },
          {
            "x": 4187,
            "y": 1263
          },
          {
            "x": 4188,
            "y": 1264
          },
          {
            "x": 4188,
            "y": 1273.0
          },
          {
            "x": 4359,
            "y": 1273.0
          },
          {
            "x": 4360,
            "y": 1274.0
          },
          {
            "x": 4360,
            "y": 1283
          },
          {
            "x": 4410.0,
            "y": 1283
          },
          {
            "x": 4411.0,
            "y": 1284
          },
          {
            "x": 4411.0,
            "y": 1293.0
          },
          {
            "x": 4440.0,
            "y": 1293.0
          },
          {
            "x": 4441.0,
            "y": 1294.0
          },
          {
            "x": 4441.0,
            "y": 1303.0
          },
          {
            "x": 4470,
            "y": 1303.0
          },
          {
            "x": 4471.0,
            "y": 1304.0
          },
          {
            "x": 4471.0,
            "y": 1313
          },
          {
            "x": 4511.0,
            "y": 1313
          },
          {
            "x": 4512.0,
            "y": 1314
          },
          {
            "x": 4512.0,
            "y": 1323.0
          },
          {
            "x": 4551.0,
            "y": 1323.0
          },
          {
            "x": 4552.0,
            "y": 1324.0
          },
          {
            "x": 4552.0,
            "y": 1333
          },
          {
            "x": 4764.0,
            "y": 1333
          },
          {
            "x": 4764.0,
            "y": 1324.0
          },
          {
            "x": 4765,
            "y": 1323.0
          },
          {
            "x": 4805,
            "y": 1323.0
          },
          {
            "x": 4805,
            "y": 1314
          },
          {
            "x": 4806,
            "y": 1313
          },
          {
            "x": 4835,
            "y": 1313
          },
          {
            "x": 4835,
            "y": 1304.0
          },
          {
            "x": 4836.0,
            "y": 1303.0
          },
          {
            "x": 4855,
            "y": 1303.0
          },
          {
            "x": 4855,
            "y": 1294.0
          },
          {
            "x": 4856.0,
            "y": 1293.0
          },
          {
            "x": 4875,
            "y": 1293.0
          },
          {
            "x": 4875,
            "y": 1284
          },
          {
            "x": 4876,
            "y": 1283
          },
          {
            "x": 4896.0,
            "y": 1283
          },
          {
            "x": 4896.0,
            "y": 1274.0
          },
          {
            "x": 4897.0,
            "y": 1273.0
          },
          {
            "x": 4906.0,
            "y": 1273.0
          },
          {
            "x": 4906.0,
            "y": 1264
          },
          {
            "x": 4907,
            "y": 1263
          },
          {
            "x": 4926.0,
            "y": 1263
          },
          {
            "x": 4926.0,
            "y": 1253.0
          },
          {
            "x": 4927,
            "y": 1252.0
          },
          {
            "x": 4936.0,
            "y": 1252.0
          },
          {
            "x": 4936.0,
            "y": 1243.0
          },
          {
            "x": 4937.0,
            "y": 1242.0
          },
          {
            "x": 4956,
            "y": 1242.0
          },
          {
            "x": 4956,
            "y": 1233.0
          },
          {
            "x": 4957,
            "y": 1232
          },
          {
            "x": 4967.0,
            "y": 1232
          },
          {
            "x": 4967.0,
            "y": 1223.0
          },
          {
            "x": 4968.0,
            "y": 1222
          },
          {
            "x": 4977,
            "y": 1222
          },
          {
            "x": 4977,
            "y": 1213
          },
          {
            "x": 4978,
            "y": 1212
          },
          {
            "x": 4987,
            "y": 1212
          },
          {
            "x": 4987,
            "y": 1203
          },
          {
            "x": 4988,
            "y": 1202
          },
          {
            "x": 4997,
            "y": 1202
          },
          {
            "x": 4997,
            "y": 1183.0
          },
          {
            "x": 4998.0,
            "y": 1182.0
          },
          {
            "x": 5007.0,
            "y": 1182.0
          },
          {
            "x": 5007.0,
            "y": 1152
          },
          {
            "x": 5008,
            "y": 1151
          },
          {
            "x": 5017,
            "y": 1151
          },
          {
            "x": 5017,
            "y": 1071
          },
          {
            "x": 5018,
            "y": 1070
          },
          {
            "x": 5027,
            "y": 1070
          },
          {
            "x": 5027,
            "y": 980.0
          },
          {
            "x": 5028,
            "y": 979.0
          },
          {
            "x": 5037.0,
            "y": 979.0
          },
          {
            "x": 5037.0,
            "y": 869.0
          },
          {
            "x": 5038.0,
            "y": 868.0
          },
          {
            "x": 5048,
            "y": 868.0
          },
          {
            "x": 5048,
            "y": 696
          },
          {
            "x": 5049,
            "y": 695.0
          },
          {
            "x": 5058,
            "y": 695.0
          },
          {
            "x": 5058,
            "y": 504.0
          },
          {
            "x": 5059,
            "y": 503.0
          },
          {
            "x": 5068.0,
            "y": 503.0
          },
          {
            "x": 5068.0,
            "y": 231.0
          },
          {
            "x": 5069.0,
            "y": 230.0
          },
          {
            "x": 5078,
            "y": 230.0
          },
          {
            "x": 5078,
            "y": 28.0
          },
          {
            "x": 5069.0,
            "y": 28.0
          },
          {
            "x": 5068.0,
            "y": 27.0
          },
          {
            "x": 5068.0,
            "y": 8.0
          },
          {
            "x": 5059,
            "y": 8.0
          },
          {
            "x": 5058,
            "y": 7.0
          },
          {
            "x": 5058,
            "y": 0
          }
        ]
      }
    },
    {
      "annotator": {
        "email": "corporate@bex.kg",
        "full_name": "Aizada Tynchybek kyzy"
      },
      "name": "Spring field Polygon ",
      "polygon": {
        "path": [
          {
            "x": 5470,
            "y": 0
          },
          {
            "x": 5412,
            "y": 0
          },
          {
            "x": 5412,
            "y": 3.0
          },
          {
            "x": 5411,
            "y": 4.0
          },
          {
            "x": 5405,
            "y": 4.0
          },
          {
            "x": 5405,
            "y": 10.0
          },
          {
            "x": 5404,
            "y": 11
          },
          {
            "x": 5398,
            "y": 11
          },
          {
            "x": 5398,
            "y": 67
          },
          {
            "x": 5397,
            "y": 68
          },
          {
            "x": 5391,
            "y": 68
          },
          {
            "x": 5391,
            "y": 259
          },
          {
            "x": 5390,
            "y": 260
          },
          {
            "x": 5384,
            "y": 260
          },
          {
            "x": 5384,
            "y": 451
          },
          {
            "x": 5383,
            "y": 452
          },
          {
            "x": 5377,
            "y": 452
          },
          {
            "x": 5377,
            "y": 657
          },
          {
            "x": 5376,
            "y": 658
          },
          {
            "x": 5369,
            "y": 658
          },
          {
            "x": 5369,
            "y": 799
          },
          {
            "x": 5368,
            "y": 800
          },
          {
            "x": 5362,
            "y": 800
          },
          {
            "x": 5362,
            "y": 913
          },
          {
            "x": 5361,
            "y": 914
          },
          {
            "x": 5355,
            "y": 914
          },
          {
            "x": 5355,
            "y": 1041
          },
          {
            "x": 5354,
            "y": 1042
          },
          {
            "x": 5348,
            "y": 1042
          },
          {
            "x": 5348,
            "y": 1126
          },
          {
            "x": 5347,
            "y": 1127.0
          },
          {
            "x": 5341,
            "y": 1127.0
          },
          {
            "x": 5341,
            "y": 1190.0
          },
          {
            "x": 5340,
            "y": 1191
          },
          {
            "x": 5334,
            "y": 1191
          },
          {
            "x": 5334,
            "y": 1375
          },
          {
            "x": 5333,
            "y": 1376.0
          },
          {
            "x": 5327,
            "y": 1376.0
          },
          {
            "x": 5327,
            "y": 1453.0
          },
          {
            "x": 5326,
            "y": 1454
          },
          {
            "x": 5320,
            "y": 1454
          },
          {
            "x": 5320,
            "y": 1709
          },
          {
            "x": 5319,
            "y": 1710.0
          },
          {
            "x": 5313,
            "y": 1710.0
          },
          {
            "x": 5313,
            "y": 1745
          },
          {
            "x": 5312,
            "y": 1746
          },
          {
            "x": 5305,
            "y": 1746
          },
          {
            "x": 5305,
            "y": 1809.0
          },
          {
            "x": 5304,
            "y": 1810
          },
          {
            "x": 5298,
            "y": 1810
          },
          {
            "x": 5298,
            "y": 1873
          },
          {
            "x": 5297,
            "y": 1874.0
          },
          {
            "x": 5291,
            "y": 1874.0
          },
          {
            "x": 5291,
            "y": 1930.0
          },
          {
            "x": 5290,
            "y": 1931.0
          },
          {
            "x": 5284,
            "y": 1931.0
          },
          {
            "x": 5284,
            "y": 1979.0
          },
          {
            "x": 5283,
            "y": 1980
          },
          {
            "x": 5277,
            "y": 1980
          },
          {
            "x": 5277,
            "y": 2079
          },
          {
            "x": 5276,
            "y": 2080
          },
          {
            "x": 5270,
            "y": 2080
          },
          {
            "x": 5270,
            "y": 2143
          },
          {
            "x": 5269,
            "y": 2144
          },
          {
            "x": 5263,
            "y": 2144
          },
          {
            "x": 5263,
            "y": 2235
          },
          {
            "x": 5262,
            "y": 2236
          },
          {
            "x": 5256,
            "y": 2236
          },
          {
            "x": 5256,
            "y": 2370
          },
          {
            "x": 5255,
            "y": 2371
          },
          {
            "x": 5249,
            "y": 2371
          },
          {
            "x": 5249,
            "y": 2484
          },
          {
            "x": 5248,
            "y": 2485
          },
          {
            "x": 5241,
            "y": 2485
          },
          {
            "x": 5241,
            "y": 2626
          },
          {
            "x": 5240,
            "y": 2627
          },
          {
            "x": 5234,
            "y": 2627
          },
          {
            "x": 5234,
            "y": 2726
          },
          {
            "x": 5233,
            "y": 2727
          },
          {
            "x": 5227,
            "y": 2727
          },
          {
            "x": 5227,
            "y": 2790
          },
          {
            "x": 5226,
            "y": 2791
          },
          {
            "x": 5220,
            "y": 2791
          },
          {
            "x": 5220,
            "y": 2861
          },
          {
            "x": 5219,
            "y": 2862
          },
          {
            "x": 5213,
            "y": 2862
          },
          {
            "x": 5213,
            "y": 2932
          },
          {
            "x": 5212,
            "y": 2933
          },
          {
            "x": 5206,
            "y": 2933
          },
          {
            "x": 5206,
            "y": 3024
          },
          {
            "x": 5205,
            "y": 3025
          },
          {
            "x": 5199,
            "y": 3025
          },
          {
            "x": 5199,
            "y": 3145
          },
          {
            "x": 5198,
            "y": 3146
          },
          {
            "x": 5192,
            "y": 3146
          },
          {
            "x": 5192,
            "y": 3259
          },
          {
            "x": 5191,
            "y": 3260
          },
          {
            "x": 5185,
            "y": 3260
          },
          {
            "x": 5185,
            "y": 3351
          },
          {
            "x": 5184,
            "y": 3352
          },
          {
            "x": 5177,
            "y": 3352
          },
          {
            "x": 5177,
            "y": 3458
          },
          {
            "x": 5176,
            "y": 3459
          },
          {
            "x": 5170,
            "y": 3459
          },
          {
            "x": 5170,
            "y": 3536
          },
          {
            "x": 5169,
            "y": 3537
          },
          {
            "x": 5163,
            "y": 3537
          },
          {
            "x": 5163,
            "y": 3643
          },
          {
            "x": 5169,
            "y": 3643
          },
          {
            "x": 5170,
            "y": 3644
          },
          {
            "x": 5170,
            "y": 3646
          },
          {
            "x": 5470,
            "y": 3646
          }
        ]
      }
    },
    {
      "annotator": {
        "email": "corporate@bex.kg",
        "full_name": "Aizada Tynchybek kyzy"
      },
      "name": "Road ",
      "polygon": {
        "path": [
          {
            "x": 3.15,
            "y": 625.38
          },
          {
            "x": 4.56,
            "y": 902.83
          },
          {
            "x": 4707.82,
            "y": 1583.49
          },
          {
            "x": 4815.48,
            "y": 1655.26
          },
          {
            "x": 4928.66,
            "y": 1785.0
          },
          {
            "x": 4967.31,
            "y": 1873.34
          },
          {
            "x": 4834.89,
            "y": 3646.23
          },
          {
            "x": 5148.73,
            "y": 3641.3
          },
          {
            "x": 5388.35,
            "y": 8.04
          },
          {
            "x": 5109.19,
            "y": 6.36
          },
          {
            "x": 5038.11,
            "y": 1173.35
          },
          {
            "x": 4995.6,
            "y": 1246.78
          },
          {
            "x": 4910.57,
            "y": 1300.89
          },
          {
            "x": 4786.9,
            "y": 1347.26
          },
          {
            "x": 4601.4,
            "y": 1339.53
          }
        ]
      }
    }
  ]
}