{
  "image": {
    "width": 5472,
    "height": 3648,
    "filename": "00000013.JPG",
    "original_filename": "EP-00-00012_0119_0073.JPG",
    "url": "https://darwin.v7labs.com/api/images/1221739/original?token=b19ef416-03ed-4ae6-a438-a83286cfedf7",
    "thumbnail_url": "https://darwin.v7labs.com/api/images/1221739/thumbnail?token=b19ef416-03ed-4ae6-a438-a83286cfedf7",
    "workview_url": "https://darwin.v7labs.com/workview?dataset=1192&image=13"
  },
  "dataset": "Mapping_3",
  "annotated": true,
  "annotations": [
    {
      "annotator": {
        "email": "corporate@bex.kg",
        "full_name": "Aizada Tynchybek kyzy"
      },
      "name": "Road ",
      "polygon": {
        "path": [
          {
            "x": 5455.26,
            "y": 2111.1
          },
          {
            "x": 5457.66,
            "y": 18.35
          },
          {
            "x": 26.85,
            "y": 25.18
          },
          {
            "x": 16.72,
            "y": 3628.35
          },
          {
            "x": 4221.47,
            "y": 3631.3
          }
        ]
      }
    },
    {
      "annotator": {
        "email": "corporate@bex.kg",
        "full_name": "Aizada Tynchybek kyzy"
      },
      "name": "Road ",
      "polygon": {
        "path": [
          {
            "x": 5463.52,
            "y": 2722.96
          },
          {
            "x": 5455.79,
            "y": 3619.57
          },
          {
            "x": 4702.18,
            "y": 3631.16
          }
        ]
      }
    },
    {
      "annotator": {
        "email": "corporate@bex.kg",
        "full_name": "Aizada Tynchybek kyzy"
      },
      "name": "Road ",
      "polygon": {
        "path": [
          {
            "x": 5440.34,
            "y": 2181.91
          },
          {
            "x": 5451.93,
            "y": 2692.05
          },
          {
            "x": 4659.67,
            "y": 3627.3
          },
          {
            "x": 4257.75,
            "y": 3627.3
          }
        ]
      }
    }
  ]
}