{
  "image": {
    "width": 5472,
    "height": 3648,
    "filename": "00000046.JPG",
    "original_filename": "EP-00-00012_0119_0106.JPG",
    "url": "https://darwin.v7labs.com/api/images/1221772/original?token=b19ef416-03ed-4ae6-a438-a83286cfedf7",
    "thumbnail_url": "https://darwin.v7labs.com/api/images/1221772/thumbnail?token=b19ef416-03ed-4ae6-a438-a83286cfedf7",
    "workview_url": "https://darwin.v7labs.com/workview?dataset=1192&image=46"
  },
  "dataset": "Mapping_3",
  "annotated": true,
  "annotations": [
    {
      "annotator": {
        "email": "corporate@bex.kg",
        "full_name": "Aizada Tynchybek kyzy"
      },
      "name": "Road ",
      "polygon": {
        "path": [
          {
            "x": 1990.0,
            "y": 0
          },
          {
            "x": 1990.0,
            "y": 3.0
          },
          {
            "x": 1989,
            "y": 4.0
          },
          {
            "x": 1983,
            "y": 4.0
          },
          {
            "x": 1983,
            "y": 81.0
          },
          {
            "x": 1989,
            "y": 81.0
          },
          {
            "x": 1990.0,
            "y": 82.0
          },
          {
            "x": 1990.0,
            "y": 359.0
          },
          {
            "x": 1996.0,
            "y": 359.0
          },
          {
            "x": 1997.0,
            "y": 360.0
          },
          {
            "x": 1997.0,
            "y": 1247
          },
          {
            "x": 2003.0,
            "y": 1247
          },
          {
            "x": 2004.0,
            "y": 1248
          },
          {
            "x": 2004.0,
            "y": 1283
          },
          {
            "x": 2003.0,
            "y": 1284.0
          },
          {
            "x": 1997.0,
            "y": 1284.0
          },
          {
            "x": 1997.0,
            "y": 1596
          },
          {
            "x": 2003.0,
            "y": 1596
          },
          {
            "x": 2004.0,
            "y": 1597
          },
          {
            "x": 2004.0,
            "y": 1731
          },
          {
            "x": 2003.0,
            "y": 1732
          },
          {
            "x": 1997.0,
            "y": 1732
          },
          {
            "x": 1997.0,
            "y": 1844.0
          },
          {
            "x": 2003.0,
            "y": 1844.0
          },
          {
            "x": 2004.0,
            "y": 1845.0
          },
          {
            "x": 2004.0,
            "y": 2328
          },
          {
            "x": 2003.0,
            "y": 2329
          },
          {
            "x": 1997.0,
            "y": 2329
          },
          {
            "x": 1997.0,
            "y": 2377
          },
          {
            "x": 2003.0,
            "y": 2377
          },
          {
            "x": 2004.0,
            "y": 2378.0
          },
          {
            "x": 2004.0,
            "y": 3287
          },
          {
            "x": 2003.0,
            "y": 3288
          },
          {
            "x": 1997.0,
            "y": 3288
          },
          {
            "x": 1997.0,
            "y": 3344
          },
          {
            "x": 2003.0,
            "y": 3344
          },
          {
            "x": 2004.0,
            "y": 3345
          },
          {
            "x": 2004.0,
            "y": 3451.0
          },
          {
            "x": 2003.0,
            "y": 3452
          },
          {
            "x": 1997.0,
            "y": 3452
          },
          {
            "x": 1997.0,
            "y": 3643
          },
          {
            "x": 2003.0,
            "y": 3643
          },
          {
            "x": 2004.0,
            "y": 3644
          },
          {
            "x": 2004.0,
            "y": 3646
          },
          {
            "x": 2380.0,
            "y": 3646
          },
          {
            "x": 2380.0,
            "y": 3644
          },
          {
            "x": 2381.0,
            "y": 3643
          },
          {
            "x": 2387.0,
            "y": 3643
          },
          {
            "x": 2387.0,
            "y": 3224
          },
          {
            "x": 2381.0,
            "y": 3224
          },
          {
            "x": 2380.0,
            "y": 3223
          },
          {
            "x": 2380.0,
            "y": 2563
          },
          {
            "x": 2374.0,
            "y": 2563
          },
          {
            "x": 2373,
            "y": 2562
          },
          {
            "x": 2373,
            "y": 2485
          },
          {
            "x": 2374.0,
            "y": 2484
          },
          {
            "x": 2380.0,
            "y": 2484
          },
          {
            "x": 2380.0,
            "y": 2329
          },
          {
            "x": 2374.0,
            "y": 2329
          },
          {
            "x": 2373,
            "y": 2328
          },
          {
            "x": 2373,
            "y": 1710.0
          },
          {
            "x": 2367,
            "y": 1710.0
          },
          {
            "x": 2366.0,
            "y": 1709.0
          },
          {
            "x": 2366.0,
            "y": 1490
          },
          {
            "x": 2360.0,
            "y": 1490
          },
          {
            "x": 2359,
            "y": 1489.0
          },
          {
            "x": 2359,
            "y": 971.0
          },
          {
            "x": 2352.0,
            "y": 971.0
          },
          {
            "x": 2351,
            "y": 970.0
          },
          {
            "x": 2351,
            "y": 644
          },
          {
            "x": 2345.0,
            "y": 644
          },
          {
            "x": 2344,
            "y": 643
          },
          {
            "x": 2344,
            "y": 11.0
          },
          {
            "x": 2338,
            "y": 11.0
          },
          {
            "x": 2337.0,
            "y": 10.0
          },
          {
            "x": 2337.0,
            "y": 4.0
          },
          {
            "x": 2324,
            "y": 4.0
          },
          {
            "x": 2323.0,
            "y": 3.0
          },
          {
            "x": 2323.0,
            "y": 0
          }
        ]
      }
    },
    {
      "annotator": {
        "email": "corporate@bex.kg",
        "full_name": "Aizada Tynchybek kyzy"
      },
      "name": "Spring field Polygon ",
      "polygon": {
        "path": [
          {
            "x": 0,
            "y": 0
          },
          {
            "x": 0,
            "y": 3646
          },
          {
            "x": 1996.0,
            "y": 3646
          },
          {
            "x": 1996.0,
            "y": 3644
          },
          {
            "x": 1997.0,
            "y": 3643
          },
          {
            "x": 2004.0,
            "y": 3643
          },
          {
            "x": 2004.0,
            "y": 3637
          },
          {
            "x": 2005.0,
            "y": 3636
          },
          {
            "x": 2011.0,
            "y": 3636
          },
          {
            "x": 2011.0,
            "y": 3573
          },
          {
            "x": 2005.0,
            "y": 3573
          },
          {
            "x": 2004.0,
            "y": 3572
          },
          {
            "x": 2004.0,
            "y": 3516
          },
          {
            "x": 2005.0,
            "y": 3515
          },
          {
            "x": 2011.0,
            "y": 3515
          },
          {
            "x": 2011.0,
            "y": 3487
          },
          {
            "x": 2005.0,
            "y": 3487
          },
          {
            "x": 2004.0,
            "y": 3486
          },
          {
            "x": 2004.0,
            "y": 3416
          },
          {
            "x": 2005.0,
            "y": 3415
          },
          {
            "x": 2011.0,
            "y": 3415
          },
          {
            "x": 2011.0,
            "y": 3246
          },
          {
            "x": 2005.0,
            "y": 3246
          },
          {
            "x": 2004.0,
            "y": 3245
          },
          {
            "x": 2004.0,
            "y": 3111
          },
          {
            "x": 2005.0,
            "y": 3110
          },
          {
            "x": 2011.0,
            "y": 3110
          },
          {
            "x": 2011.0,
            "y": 3025
          },
          {
            "x": 2005.0,
            "y": 3025
          },
          {
            "x": 2004.0,
            "y": 3024
          },
          {
            "x": 2004.0,
            "y": 2969
          },
          {
            "x": 2005.0,
            "y": 2968
          },
          {
            "x": 2011.0,
            "y": 2968
          },
          {
            "x": 2011.0,
            "y": 2798
          },
          {
            "x": 2005.0,
            "y": 2798
          },
          {
            "x": 2004.0,
            "y": 2797
          },
          {
            "x": 2004.0,
            "y": 2684
          },
          {
            "x": 2005.0,
            "y": 2683
          },
          {
            "x": 2011.0,
            "y": 2683
          },
          {
            "x": 2011.0,
            "y": 2179
          },
          {
            "x": 2005.0,
            "y": 2179
          },
          {
            "x": 2004.0,
            "y": 2178
          },
          {
            "x": 2004.0,
            "y": 2137
          },
          {
            "x": 2005.0,
            "y": 2136
          },
          {
            "x": 2011.0,
            "y": 2136
          },
          {
            "x": 2011.0,
            "y": 2009.0
          },
          {
            "x": 2005.0,
            "y": 2009.0
          },
          {
            "x": 2004.0,
            "y": 2008.0
          },
          {
            "x": 2004.0,
            "y": 1724.0
          },
          {
            "x": 2005.0,
            "y": 1723.0
          },
          {
            "x": 2011.0,
            "y": 1723.0
          },
          {
            "x": 2011.0,
            "y": 1611
          },
          {
            "x": 2005.0,
            "y": 1611
          },
          {
            "x": 2004.0,
            "y": 1610
          },
          {
            "x": 2004.0,
            "y": 829.0
          },
          {
            "x": 1997.0,
            "y": 829.0
          },
          {
            "x": 1996.0,
            "y": 828.0
          },
          {
            "x": 1996.0,
            "y": 438.0
          },
          {
            "x": 1997.0,
            "y": 437.0
          },
          {
            "x": 2004.0,
            "y": 437.0
          },
          {
            "x": 2004.0,
            "y": 338
          },
          {
            "x": 1997.0,
            "y": 338
          },
          {
            "x": 1996.0,
            "y": 337
          },
          {
            "x": 1996.0,
            "y": 139.0
          },
          {
            "x": 1997.0,
            "y": 138.0
          },
          {
            "x": 2004.0,
            "y": 138.0
          },
          {
            "x": 2004.0,
            "y": 54.0
          },
          {
            "x": 1997.0,
            "y": 54.0
          },
          {
            "x": 1996.0,
            "y": 53.0
          },
          {
            "x": 1996.0,
            "y": 25.0
          },
          {
            "x": 1990.0,
            "y": 25.0
          },
          {
            "x": 1989,
            "y": 24.0
          },
          {
            "x": 1989,
            "y": 18.0
          },
          {
            "x": 1983,
            "y": 18.0
          },
          {
            "x": 1982.0,
            "y": 17.0
          },
          {
            "x": 1982.0,
            "y": 11.0
          },
          {
            "x": 1976.0,
            "y": 11.0
          },
          {
            "x": 1975.0,
            "y": 10.0
          },
          {
            "x": 1975.0,
            "y": 4.0
          },
          {
            "x": 1962.0,
            "y": 4.0
          },
          {
            "x": 1961.0,
            "y": 3.0
          },
          {
            "x": 1961.0,
            "y": 0
          }
        ]
      }
    },
    {
      "annotator": {
        "email": "corporate@bex.kg",
        "full_name": "Aizada Tynchybek kyzy"
      },
      "name": "Spring field Polygon ",
      "polygon": {
        "path": [
          {
            "x": 2333.0,
            "y": 4.0
          },
          {
            "x": 2333.0,
            "y": 10.0
          },
          {
            "x": 2332,
            "y": 11.0
          },
          {
            "x": 2326,
            "y": 11.0
          },
          {
            "x": 2326,
            "y": 145.0
          },
          {
            "x": 2332,
            "y": 145.0
          },
          {
            "x": 2333.0,
            "y": 146.0
          },
          {
            "x": 2333.0,
            "y": 224.0
          },
          {
            "x": 2332,
            "y": 225.0
          },
          {
            "x": 2326,
            "y": 225.0
          },
          {
            "x": 2326,
            "y": 245
          },
          {
            "x": 2332,
            "y": 245
          },
          {
            "x": 2333.0,
            "y": 246.0
          },
          {
            "x": 2333.0,
            "y": 536
          },
          {
            "x": 2340,
            "y": 536
          },
          {
            "x": 2341.0,
            "y": 537
          },
          {
            "x": 2341.0,
            "y": 942
          },
          {
            "x": 2347.0,
            "y": 942
          },
          {
            "x": 2348.0,
            "y": 943
          },
          {
            "x": 2348.0,
            "y": 1482
          },
          {
            "x": 2354.0,
            "y": 1482
          },
          {
            "x": 2355,
            "y": 1483
          },
          {
            "x": 2355,
            "y": 1738
          },
          {
            "x": 2361,
            "y": 1738
          },
          {
            "x": 2362.0,
            "y": 1739
          },
          {
            "x": 2362.0,
            "y": 2164.0
          },
          {
            "x": 2368.0,
            "y": 2164.0
          },
          {
            "x": 2369,
            "y": 2165
          },
          {
            "x": 2369,
            "y": 3643
          },
          {
            "x": 2375,
            "y": 3643
          },
          {
            "x": 2376.0,
            "y": 3644
          },
          {
            "x": 2376.0,
            "y": 3646
          },
          {
            "x": 5470,
            "y": 3646
          },
          {
            "x": 5470,
            "y": 0
          },
          {
            "x": 2341.0,
            "y": 0
          },
          {
            "x": 2341.0,
            "y": 3.0
          },
          {
            "x": 2340,
            "y": 4.0
          }
        ]
      }
    }
  ]
}