{
  "image": {
    "width": 5472,
    "height": 3648,
    "filename": "00000028.JPG",
    "original_filename": "EP-00-00012_0119_0088.JPG",
    "url": "https://darwin.v7labs.com/api/images/1221754/original?token=b19ef416-03ed-4ae6-a438-a83286cfedf7",
    "thumbnail_url": "https://darwin.v7labs.com/api/images/1221754/thumbnail?token=b19ef416-03ed-4ae6-a438-a83286cfedf7",
    "workview_url": "https://darwin.v7labs.com/workview?dataset=1192&image=28"
  },
  "dataset": "Mapping_3",
  "annotated": true,
  "annotations": [
    {
      "annotator": {
        "email": "corporate@bex.kg",
        "full_name": "Aizada Tynchybek kyzy"
      },
      "name": "Building Polygon ",
      "polygon": {
        "path": [
          {
            "x": 0.34,
            "y": 1445.61
          },
          {
            "x": 92.67,
            "y": 1433.03
          },
          {
            "x": 444.06,
            "y": 1519.98
          },
          {
            "x": 443.78,
            "y": 1529.67
          },
          {
            "x": 554.91,
            "y": 1554.05
          },
          {
            "x": 626.84,
            "y": 3334.21
          },
          {
            "x": 145.37,
            "y": 3526.99
          },
          {
            "x": 3.01,
            "y": 3536.19
          }
        ]
      }
    },
    {
      "annotator": {
        "email": "corporate@bex.kg",
        "full_name": "Aizada Tynchybek kyzy"
      },
      "name": "Building Polygon ",
      "polygon": {
        "path": [
          {
            "x": 1841.33,
            "y": 3645.48
          },
          {
            "x": 2608.95,
            "y": 2219.61
          },
          {
            "x": 2636.45,
            "y": 2221.44
          },
          {
            "x": 2649.28,
            "y": 2230.24
          },
          {
            "x": 2654.41,
            "y": 2230.24
          },
          {
            "x": 2660.28,
            "y": 2219.97
          },
          {
            "x": 2671.87,
            "y": 2225.99
          },
          {
            "x": 2674.46,
            "y": 2224.08
          },
          {
            "x": 2844.94,
            "y": 2318.21
          },
          {
            "x": 2980.48,
            "y": 2072.56
          },
          {
            "x": 3336.18,
            "y": 2265.84
          },
          {
            "x": 3232.23,
            "y": 2472.11
          },
          {
            "x": 3069.81,
            "y": 2384.41
          },
          {
            "x": 3048.69,
            "y": 2346.24
          },
          {
            "x": 2988.6,
            "y": 2310.51
          },
          {
            "x": 2954.49,
            "y": 2377.1
          },
          {
            "x": 3015.25,
            "y": 2411.44
          },
          {
            "x": 3024.41,
            "y": 2400.18
          },
          {
            "x": 3085.67,
            "y": 2431.16
          },
          {
            "x": 3080.04,
            "y": 2450.17
          },
          {
            "x": 3357.6,
            "y": 2604.29
          },
          {
            "x": 3355.56,
            "y": 2637.17
          },
          {
            "x": 3312.6,
            "y": 2724.11
          },
          {
            "x": 4951.09,
            "y": 3641.11
          }
        ]
      }
    },
    {
      "annotator": {
        "email": "corporate@bex.kg",
        "full_name": "Aizada Tynchybek kyzy"
      },
      "name": "Road ",
      "polygon": {
        "path": [
          {
            "x": 1.01,
            "y": 1235.95
          },
          {
            "x": 145.94,
            "y": 1224.12
          },
          {
            "x": 158.75,
            "y": 1187.64
          },
          {
            "x": 168.61,
            "y": 1186.65
          },
          {
            "x": 177.48,
            "y": 1202.43
          },
          {
            "x": 192.27,
            "y": 1214.26
          },
          {
            "x": 324.38,
            "y": 1201.44
          },
          {
            "x": 331.28,
            "y": 1162.99
          },
          {
            "x": 969.15,
            "y": 1077.22
          },
          {
            "x": 1063.78,
            "y": 3305.35
          },
          {
            "x": 1060.96,
            "y": 3371.55
          },
          {
            "x": 973.64,
            "y": 3502.53
          },
          {
            "x": 790.55,
            "y": 3643.37
          },
          {
            "x": 0.43,
            "y": 3646.19
          },
          {
            "x": 0.43,
            "y": 3629.29
          },
          {
            "x": 187.75,
            "y": 3512.39
          },
          {
            "x": 628.58,
            "y": 3349.02
          },
          {
            "x": 649.71,
            "y": 3332.11
          },
          {
            "x": 786.32,
            "y": 3325.07
          },
          {
            "x": 845.48,
            "y": 3277.19
          },
          {
            "x": 863.79,
            "y": 3237.75
          },
          {
            "x": 787.58,
            "y": 1462.17
          },
          {
            "x": 772.4,
            "y": 1420.77
          },
          {
            "x": 747.56,
            "y": 1391.78
          },
          {
            "x": 724.09,
            "y": 1365.56
          },
          {
            "x": 678.55,
            "y": 1354.52
          },
          {
            "x": 642.66,
            "y": 1351.76
          },
          {
            "x": 616.43,
            "y": 1355.9
          },
          {
            "x": 470.13,
            "y": 1368.32
          },
          {
            "x": 423.2,
            "y": 1347.61
          },
          {
            "x": 399.74,
            "y": 1347.61
          },
          {
            "x": 388.7,
            "y": 1364.18
          },
          {
            "x": 381.79,
            "y": 1379.36
          },
          {
            "x": 329.34,
            "y": 1355.9
          },
          {
            "x": 322.44,
            "y": 1354.52
          },
          {
            "x": 303.12,
            "y": 1354.52
          },
          {
            "x": 287.94,
            "y": 1354.52
          },
          {
            "x": 275.52,
            "y": 1365.56
          },
          {
            "x": 264.47,
            "y": 1391.78
          },
          {
            "x": 123.69,
            "y": 1409.73
          },
          {
            "x": -1.81,
            "y": 1422.14
          }
        ]
      }
    },
    {
      "annotator": {
        "email": "corporate@bex.kg",
        "full_name": "Aizada Tynchybek kyzy"
      },
      "name": "Road ",
      "polygon": {
        "path": [
          {
            "x": 5473.6,
            "y": 1320.06
          },
          {
            "x": 4602.29,
            "y": 905.93
          },
          {
            "x": 4479.2,
            "y": 875.99
          },
          {
            "x": 4374.41,
            "y": 882.64
          },
          {
            "x": 3356.42,
            "y": 950.84
          },
          {
            "x": 2845.02,
            "y": 1983.24
          },
          {
            "x": 5465.6,
            "y": 3396.6
          },
          {
            "x": 5469.75,
            "y": 3062.59
          },
          {
            "x": 3258.88,
            "y": 1901.54
          },
          {
            "x": 3238.68,
            "y": 1855.2
          },
          {
            "x": 3229.18,
            "y": 1806.49
          },
          {
            "x": 3239.87,
            "y": 1760.15
          },
          {
            "x": 3350.19,
            "y": 1551.42
          },
          {
            "x": 3376.95,
            "y": 1516.21
          },
          {
            "x": 3420.61,
            "y": 1497.9
          },
          {
            "x": 3475.54,
            "y": 1492.27
          },
          {
            "x": 5467.53,
            "y": 2497.01
          },
          {
            "x": 5464.77,
            "y": 2168.51
          },
          {
            "x": 3914.74,
            "y": 1411.91
          },
          {
            "x": 3853.61,
            "y": 1374.44
          },
          {
            "x": 3826.01,
            "y": 1321.2
          },
          {
            "x": 3829.95,
            "y": 1262.05
          },
          {
            "x": 3859.53,
            "y": 1210.79
          },
          {
            "x": 3904.88,
            "y": 1181.21
          },
          {
            "x": 3946.75,
            "y": 1171.64
          },
          {
            "x": 4467.86,
            "y": 1139.25
          },
          {
            "x": 5465.78,
            "y": 1601.51
          }
        ]
      }
    }
  ]
}