{
  "image": {
    "width": 5472,
    "height": 3648,
    "filename": "00000028.JPG",
    "original_filename": "EP-00-00012_0119_0062.JPG",
    "url": "https://darwin.v7labs.com/api/images/1221707/original?token=352cf892-311a-4ca4-80fd-3f05fb7d64b8",
    "thumbnail_url": "https://darwin.v7labs.com/api/images/1221707/thumbnail?token=352cf892-311a-4ca4-80fd-3f05fb7d64b8",
    "workview_url": "https://darwin.v7labs.com/workview?dataset=1191&image=28"
  },
  "dataset": "Mapping_2",
  "annotated": true,
  "annotations": [
    {
      "annotator": {
        "email": "begimbaeva.s95@gmail.com",
        "full_name": "Saltanat Begimbaeva"
      },
      "name": "Building Polygon ",
      "polygon": {
        "path": [
          {
            "x": 1985.38,
            "y": 0.94
          },
          {
            "x": 1964.23,
            "y": 697.77
          },
          {
            "x": 1944.46,
            "y": 1298.0
          },
          {
            "x": 1924.37,
            "y": 1823.35
          },
          {
            "x": 1908.48,
            "y": 2242.41
          },
          {
            "x": 1886.77,
            "y": 2826.1
          },
          {
            "x": 1873.15,
            "y": 3257.14
          },
          {
            "x": 1526.38,
            "y": 3251.31
          },
          {
            "x": 974.44,
            "y": 3243.2
          },
          {
            "x": 986.76,
            "y": 3018.93
          },
          {
            "x": 989.24,
            "y": 2988.84
          },
          {
            "x": 511.04,
            "y": 2985.2
          },
          {
            "x": 3.07,
            "y": 2980.24
          },
          {
            "x": 4.96,
            "y": 2351.44
          },
          {
            "x": -0.64,
            "y": 2081.08
          },
          {
            "x": -2.39,
            "y": 1630.95
          },
          {
            "x": -2.39,
            "y": 1630.95
          },
          {
            "x": -2.39,
            "y": 1124.97
          },
          {
            "x": -2.39,
            "y": 1124.97
          },
          {
            "x": -2.39,
            "y": 819.89
          },
          {
            "x": 0.09,
            "y": 547.06
          },
          {
            "x": 0.09,
            "y": 547.06
          },
          {
            "x": 5.05,
            "y": 140.29
          },
          {
            "x": 1.38,
            "y": 0.01
          },
          {
            "x": 563.12,
            "y": -1.73
          },
          {
            "x": 1525.48,
            "y": -1.09
          }
        ]
      }
    },
    {
      "annotator": {
        "email": "begimbaeva.s95@gmail.com",
        "full_name": "Saltanat Begimbaeva"
      },
      "name": "Road Polygon ",
      "polygon": {
        "path": [
          {
            "x": 2045.08,
            "y": 3402.67
          },
          {
            "x": 2036.0,
            "y": 3651.37
          },
          {
            "x": 1797.91,
            "y": 3650.22
          },
          {
            "x": 1433.54,
            "y": 3651.19
          },
          {
            "x": 931.93,
            "y": 3648.92
          },
          {
            "x": 596.0,
            "y": 3648.97
          },
          {
            "x": 235.11,
            "y": 3651.19
          },
          {
            "x": 1.19,
            "y": 3651.24
          },
          {
            "x": -0.94,
            "y": 3356.12
          },
          {
            "x": 298.66,
            "y": 3360.66
          },
          {
            "x": 654.78,
            "y": 3368.49
          },
          {
            "x": 1111.24,
            "y": 3378.82
          },
          {
            "x": 1401.08,
            "y": 3389.78
          },
          {
            "x": 1904.58,
            "y": 3398.04
          }
        ]
      }
    },
    {
      "annotator": {
        "email": "begimbaeva.s95@gmail.com",
        "full_name": "Saltanat Begimbaeva"
      },
      "name": "Spring Field Polygon ",
      "polygon": {
        "path": [
          {
            "x": 5471.23,
            "y": 2731.47
          },
          {
            "x": 5285.77,
            "y": 2855.04
          },
          {
            "x": 5035.09,
            "y": 3027.57
          },
          {
            "x": 4806.26,
            "y": 3177.63
          },
          {
            "x": 5032.28,
            "y": 3480.02
          },
          {
            "x": 5144.41,
            "y": 3647.06
          },
          {
            "x": 5471.17,
            "y": 3647.06
          },
          {
            "x": 5469.63,
            "y": 3187.29
          }
        ]
      }
    },
    {
      "annotator": {
        "email": "begimbaeva.s95@gmail.com",
        "full_name": "Saltanat Begimbaeva"
      },
      "auto_annotate": {
        "bbox": {
          "x1": -112.31,
          "x2": 130.69,
          "y1": -71.73,
          "y2": 63.27
        },
        "clicks": [],
        "model": "145e8155-b48e-4be2-9c41-8f930ae1daee"
      },
      "name": "Vehicle Polygon ",
      "polygon": {
        "path": [
          {
            "x": 3948,
            "y": 1690.0
          },
          {
            "x": 3947,
            "y": 1689
          },
          {
            "x": 3947,
            "y": 1688.0
          },
          {
            "x": 3945,
            "y": 1686
          },
          {
            "x": 3945,
            "y": 1685
          },
          {
            "x": 3942,
            "y": 1682
          },
          {
            "x": 3942,
            "y": 1681
          },
          {
            "x": 3941,
            "y": 1680
          },
          {
            "x": 3941,
            "y": 1679.0
          },
          {
            "x": 3939.0,
            "y": 1677.0
          },
          {
            "x": 3938,
            "y": 1677.0
          },
          {
            "x": 3936,
            "y": 1675
          },
          {
            "x": 3935.0,
            "y": 1675
          },
          {
            "x": 3933,
            "y": 1673
          },
          {
            "x": 3932,
            "y": 1673
          },
          {
            "x": 3931.0,
            "y": 1672
          },
          {
            "x": 3930,
            "y": 1672
          },
          {
            "x": 3929,
            "y": 1671
          },
          {
            "x": 3928.0,
            "y": 1671
          },
          {
            "x": 3927,
            "y": 1670
          },
          {
            "x": 3924.0,
            "y": 1670
          },
          {
            "x": 3923,
            "y": 1669
          },
          {
            "x": 3922,
            "y": 1669
          },
          {
            "x": 3921,
            "y": 1668.0
          },
          {
            "x": 3918,
            "y": 1668.0
          },
          {
            "x": 3917,
            "y": 1667
          },
          {
            "x": 3906,
            "y": 1667
          },
          {
            "x": 3905,
            "y": 1668.0
          },
          {
            "x": 3900,
            "y": 1668.0
          },
          {
            "x": 3899,
            "y": 1669
          },
          {
            "x": 3895,
            "y": 1669
          },
          {
            "x": 3894.0,
            "y": 1670
          },
          {
            "x": 3884,
            "y": 1670
          },
          {
            "x": 3880,
            "y": 1666.0
          },
          {
            "x": 3874,
            "y": 1666.0
          },
          {
            "x": 3873,
            "y": 1667
          },
          {
            "x": 3869,
            "y": 1667
          },
          {
            "x": 3868,
            "y": 1668.0
          },
          {
            "x": 3866,
            "y": 1668.0
          },
          {
            "x": 3865.0,
            "y": 1669
          },
          {
            "x": 3863,
            "y": 1669
          },
          {
            "x": 3862,
            "y": 1670
          },
          {
            "x": 3862,
            "y": 1671
          },
          {
            "x": 3861.0,
            "y": 1672
          },
          {
            "x": 3858,
            "y": 1672
          },
          {
            "x": 3857.0,
            "y": 1673
          },
          {
            "x": 3856,
            "y": 1673
          },
          {
            "x": 3855,
            "y": 1674
          },
          {
            "x": 3851,
            "y": 1674
          },
          {
            "x": 3850.0,
            "y": 1675
          },
          {
            "x": 3837,
            "y": 1675
          },
          {
            "x": 3836,
            "y": 1676
          },
          {
            "x": 3832,
            "y": 1676
          },
          {
            "x": 3831,
            "y": 1677.0
          },
          {
            "x": 3829,
            "y": 1677.0
          },
          {
            "x": 3828.0,
            "y": 1678
          },
          {
            "x": 3825,
            "y": 1678
          },
          {
            "x": 3824.0,
            "y": 1679.0
          },
          {
            "x": 3819,
            "y": 1679.0
          },
          {
            "x": 3818,
            "y": 1680
          },
          {
            "x": 3811,
            "y": 1680
          },
          {
            "x": 3810,
            "y": 1681
          },
          {
            "x": 3802.0,
            "y": 1681
          },
          {
            "x": 3801,
            "y": 1682
          },
          {
            "x": 3796,
            "y": 1682
          },
          {
            "x": 3795,
            "y": 1683
          },
          {
            "x": 3789,
            "y": 1683
          },
          {
            "x": 3788,
            "y": 1684
          },
          {
            "x": 3784,
            "y": 1684
          },
          {
            "x": 3783.0,
            "y": 1685
          },
          {
            "x": 3776.0,
            "y": 1685
          },
          {
            "x": 3775,
            "y": 1686
          },
          {
            "x": 3773,
            "y": 1686
          },
          {
            "x": 3771,
            "y": 1688.0
          },
          {
            "x": 3770,
            "y": 1688.0
          },
          {
            "x": 3769,
            "y": 1689
          },
          {
            "x": 3768,
            "y": 1689
          },
          {
            "x": 3766,
            "y": 1691
          },
          {
            "x": 3765.0,
            "y": 1691
          },
          {
            "x": 3762,
            "y": 1694
          },
          {
            "x": 3762,
            "y": 1697
          },
          {
            "x": 3761.0,
            "y": 1698
          },
          {
            "x": 3761.0,
            "y": 1703.0
          },
          {
            "x": 3760,
            "y": 1704
          },
          {
            "x": 3760,
            "y": 1723
          },
          {
            "x": 3761.0,
            "y": 1724
          },
          {
            "x": 3761.0,
            "y": 1731
          },
          {
            "x": 3762,
            "y": 1732
          },
          {
            "x": 3762,
            "y": 1735
          },
          {
            "x": 3763,
            "y": 1736
          },
          {
            "x": 3763,
            "y": 1739
          },
          {
            "x": 3764,
            "y": 1740.0
          },
          {
            "x": 3764,
            "y": 1742.0
          },
          {
            "x": 3765.0,
            "y": 1743
          },
          {
            "x": 3765.0,
            "y": 1745
          },
          {
            "x": 3766,
            "y": 1746
          },
          {
            "x": 3766,
            "y": 1748
          },
          {
            "x": 3767,
            "y": 1749
          },
          {
            "x": 3767,
            "y": 1750
          },
          {
            "x": 3768,
            "y": 1751.0
          },
          {
            "x": 3768,
            "y": 1752
          },
          {
            "x": 3769,
            "y": 1753.0
          },
          {
            "x": 3769,
            "y": 1754
          },
          {
            "x": 3771,
            "y": 1756
          },
          {
            "x": 3771,
            "y": 1757
          },
          {
            "x": 3775,
            "y": 1761
          },
          {
            "x": 3776.0,
            "y": 1761
          },
          {
            "x": 3777,
            "y": 1762.0
          },
          {
            "x": 3789,
            "y": 1762.0
          },
          {
            "x": 3790,
            "y": 1761
          },
          {
            "x": 3797,
            "y": 1761
          },
          {
            "x": 3798.0,
            "y": 1760
          },
          {
            "x": 3805,
            "y": 1760
          },
          {
            "x": 3806,
            "y": 1759
          },
          {
            "x": 3809.0,
            "y": 1759
          },
          {
            "x": 3810,
            "y": 1758
          },
          {
            "x": 3815,
            "y": 1758
          },
          {
            "x": 3816,
            "y": 1757
          },
          {
            "x": 3821,
            "y": 1757
          },
          {
            "x": 3822,
            "y": 1756
          },
          {
            "x": 3836,
            "y": 1756
          },
          {
            "x": 3837,
            "y": 1755
          },
          {
            "x": 3847,
            "y": 1755
          },
          {
            "x": 3848,
            "y": 1754
          },
          {
            "x": 3858,
            "y": 1754
          },
          {
            "x": 3859,
            "y": 1753.0
          },
          {
            "x": 3863,
            "y": 1753.0
          },
          {
            "x": 3864,
            "y": 1752
          },
          {
            "x": 3868,
            "y": 1752
          },
          {
            "x": 3869,
            "y": 1751.0
          },
          {
            "x": 3876.0,
            "y": 1751.0
          },
          {
            "x": 3877,
            "y": 1750
          },
          {
            "x": 3883.0,
            "y": 1750
          },
          {
            "x": 3884,
            "y": 1751.0
          },
          {
            "x": 3890,
            "y": 1751.0
          },
          {
            "x": 3891.0,
            "y": 1750
          },
          {
            "x": 3892,
            "y": 1750
          },
          {
            "x": 3894.0,
            "y": 1748
          },
          {
            "x": 3895,
            "y": 1748
          },
          {
            "x": 3896,
            "y": 1747
          },
          {
            "x": 3908,
            "y": 1747
          },
          {
            "x": 3909.0,
            "y": 1746
          },
          {
            "x": 3914,
            "y": 1746
          },
          {
            "x": 3915,
            "y": 1745
          },
          {
            "x": 3921,
            "y": 1745
          },
          {
            "x": 3922,
            "y": 1744
          },
          {
            "x": 3926,
            "y": 1744
          },
          {
            "x": 3927,
            "y": 1743
          },
          {
            "x": 3930,
            "y": 1743
          },
          {
            "x": 3931.0,
            "y": 1742.0
          },
          {
            "x": 3932,
            "y": 1742.0
          },
          {
            "x": 3933,
            "y": 1741
          },
          {
            "x": 3934,
            "y": 1741
          },
          {
            "x": 3935.0,
            "y": 1740.0
          },
          {
            "x": 3936,
            "y": 1740.0
          },
          {
            "x": 3937,
            "y": 1739
          },
          {
            "x": 3938,
            "y": 1739
          },
          {
            "x": 3942,
            "y": 1735
          },
          {
            "x": 3942,
            "y": 1734
          },
          {
            "x": 3946.0,
            "y": 1730
          },
          {
            "x": 3946.0,
            "y": 1729.0
          },
          {
            "x": 3947,
            "y": 1728
          },
          {
            "x": 3947,
            "y": 1727.0
          },
          {
            "x": 3948,
            "y": 1726
          },
          {
            "x": 3948,
            "y": 1725.0
          },
          {
            "x": 3949,
            "y": 1724
          },
          {
            "x": 3949,
            "y": 1721
          },
          {
            "x": 3950.0,
            "y": 1720
          },
          {
            "x": 3950.0,
            "y": 1717
          },
          {
            "x": 3951,
            "y": 1716.0
          },
          {
            "x": 3951,
            "y": 1701.0
          },
          {
            "x": 3950.0,
            "y": 1700
          },
          {
            "x": 3950.0,
            "y": 1696
          },
          {
            "x": 3949,
            "y": 1695
          },
          {
            "x": 3949,
            "y": 1693
          },
          {
            "x": 3948,
            "y": 1692.0
          }
        ]
      }
    },
    {
      "annotator": {
        "email": "begimbaeva.s95@gmail.com",
        "full_name": "Saltanat Begimbaeva"
      },
      "auto_annotate": {
        "bbox": {
          "x1": -138.41,
          "x2": 117.59,
          "y1": -65.92,
          "y2": 57.08
        },
        "clicks": [
          {
            "type": "remove",
            "x": 81.0,
            "y": -50.2
          }
        ],
        "model": "145e8155-b48e-4be2-9c41-8f930ae1daee"
      },
      "name": "Vehicle Polygon ",
      "polygon": {
        "path": [
          {
            "x": 3867.0,
            "y": 1576
          },
          {
            "x": 3866.0,
            "y": 1575
          },
          {
            "x": 3866.0,
            "y": 1574
          },
          {
            "x": 3864.0,
            "y": 1572
          },
          {
            "x": 3864.0,
            "y": 1571
          },
          {
            "x": 3862,
            "y": 1569
          },
          {
            "x": 3861,
            "y": 1569
          },
          {
            "x": 3857.0,
            "y": 1565
          },
          {
            "x": 3856.0,
            "y": 1565
          },
          {
            "x": 3854,
            "y": 1563
          },
          {
            "x": 3853,
            "y": 1563
          },
          {
            "x": 3852,
            "y": 1562
          },
          {
            "x": 3851,
            "y": 1562
          },
          {
            "x": 3850,
            "y": 1561
          },
          {
            "x": 3849.0,
            "y": 1561
          },
          {
            "x": 3847.0,
            "y": 1559
          },
          {
            "x": 3846.0,
            "y": 1559
          },
          {
            "x": 3845,
            "y": 1558
          },
          {
            "x": 3829.0,
            "y": 1558
          },
          {
            "x": 3828.0,
            "y": 1559
          },
          {
            "x": 3820.0,
            "y": 1559
          },
          {
            "x": 3819.0,
            "y": 1560
          },
          {
            "x": 3813.0,
            "y": 1560
          },
          {
            "x": 3812.0,
            "y": 1561
          },
          {
            "x": 3805,
            "y": 1561
          },
          {
            "x": 3804.0,
            "y": 1562
          },
          {
            "x": 3803.0,
            "y": 1561
          },
          {
            "x": 3794.0,
            "y": 1561
          },
          {
            "x": 3793.0,
            "y": 1562
          },
          {
            "x": 3790,
            "y": 1562
          },
          {
            "x": 3789,
            "y": 1563
          },
          {
            "x": 3788,
            "y": 1563
          },
          {
            "x": 3787,
            "y": 1564
          },
          {
            "x": 3784.0,
            "y": 1564
          },
          {
            "x": 3783.0,
            "y": 1565
          },
          {
            "x": 3778,
            "y": 1565
          },
          {
            "x": 3777,
            "y": 1566
          },
          {
            "x": 3772,
            "y": 1566
          },
          {
            "x": 3771,
            "y": 1567
          },
          {
            "x": 3767,
            "y": 1567
          },
          {
            "x": 3766,
            "y": 1568
          },
          {
            "x": 3763,
            "y": 1568
          },
          {
            "x": 3762,
            "y": 1569
          },
          {
            "x": 3757,
            "y": 1569
          },
          {
            "x": 3756,
            "y": 1570
          },
          {
            "x": 3754,
            "y": 1570
          },
          {
            "x": 3753,
            "y": 1571
          },
          {
            "x": 3748,
            "y": 1571
          },
          {
            "x": 3747,
            "y": 1572
          },
          {
            "x": 3741,
            "y": 1572
          },
          {
            "x": 3740,
            "y": 1573
          },
          {
            "x": 3738,
            "y": 1573
          },
          {
            "x": 3737,
            "y": 1574
          },
          {
            "x": 3732,
            "y": 1574
          },
          {
            "x": 3731,
            "y": 1575
          },
          {
            "x": 3719,
            "y": 1575
          },
          {
            "x": 3718,
            "y": 1574
          },
          {
            "x": 3715,
            "y": 1574
          },
          {
            "x": 3714,
            "y": 1575
          },
          {
            "x": 3702,
            "y": 1575
          },
          {
            "x": 3701,
            "y": 1576
          },
          {
            "x": 3695,
            "y": 1576
          },
          {
            "x": 3694,
            "y": 1577
          },
          {
            "x": 3690,
            "y": 1577
          },
          {
            "x": 3689,
            "y": 1578
          },
          {
            "x": 3686,
            "y": 1578
          },
          {
            "x": 3685,
            "y": 1579
          },
          {
            "x": 3682,
            "y": 1579
          },
          {
            "x": 3681,
            "y": 1580
          },
          {
            "x": 3680,
            "y": 1580
          },
          {
            "x": 3679,
            "y": 1581
          },
          {
            "x": 3678,
            "y": 1581
          },
          {
            "x": 3676,
            "y": 1583
          },
          {
            "x": 3675,
            "y": 1583
          },
          {
            "x": 3673,
            "y": 1585
          },
          {
            "x": 3673,
            "y": 1586
          },
          {
            "x": 3672,
            "y": 1587
          },
          {
            "x": 3672,
            "y": 1588
          },
          {
            "x": 3670,
            "y": 1590
          },
          {
            "x": 3670,
            "y": 1591
          },
          {
            "x": 3669,
            "y": 1592
          },
          {
            "x": 3669,
            "y": 1594
          },
          {
            "x": 3668,
            "y": 1595
          },
          {
            "x": 3668,
            "y": 1615
          },
          {
            "x": 3669,
            "y": 1616
          },
          {
            "x": 3669,
            "y": 1621
          },
          {
            "x": 3670,
            "y": 1622
          },
          {
            "x": 3670,
            "y": 1630
          },
          {
            "x": 3671,
            "y": 1631
          },
          {
            "x": 3671,
            "y": 1634
          },
          {
            "x": 3672,
            "y": 1635
          },
          {
            "x": 3672,
            "y": 1637
          },
          {
            "x": 3673,
            "y": 1638
          },
          {
            "x": 3673,
            "y": 1640
          },
          {
            "x": 3674,
            "y": 1641
          },
          {
            "x": 3674,
            "y": 1642
          },
          {
            "x": 3675,
            "y": 1643
          },
          {
            "x": 3675,
            "y": 1645
          },
          {
            "x": 3677,
            "y": 1647
          },
          {
            "x": 3677,
            "y": 1648
          },
          {
            "x": 3684,
            "y": 1655
          },
          {
            "x": 3685,
            "y": 1655
          },
          {
            "x": 3686,
            "y": 1656
          },
          {
            "x": 3687,
            "y": 1656
          },
          {
            "x": 3688,
            "y": 1657
          },
          {
            "x": 3691,
            "y": 1657
          },
          {
            "x": 3692,
            "y": 1658
          },
          {
            "x": 3694,
            "y": 1658
          },
          {
            "x": 3695,
            "y": 1659
          },
          {
            "x": 3697,
            "y": 1659
          },
          {
            "x": 3698,
            "y": 1660
          },
          {
            "x": 3708,
            "y": 1660
          },
          {
            "x": 3709,
            "y": 1659
          },
          {
            "x": 3713,
            "y": 1659
          },
          {
            "x": 3714,
            "y": 1658
          },
          {
            "x": 3717,
            "y": 1658
          },
          {
            "x": 3718,
            "y": 1657
          },
          {
            "x": 3719,
            "y": 1657
          },
          {
            "x": 3721,
            "y": 1655
          },
          {
            "x": 3722,
            "y": 1655
          },
          {
            "x": 3724,
            "y": 1653
          },
          {
            "x": 3726,
            "y": 1653
          },
          {
            "x": 3727,
            "y": 1652
          },
          {
            "x": 3732,
            "y": 1652
          },
          {
            "x": 3733,
            "y": 1651
          },
          {
            "x": 3736,
            "y": 1651
          },
          {
            "x": 3737,
            "y": 1650
          },
          {
            "x": 3739,
            "y": 1650
          },
          {
            "x": 3740,
            "y": 1649
          },
          {
            "x": 3746,
            "y": 1649
          },
          {
            "x": 3747,
            "y": 1648
          },
          {
            "x": 3750,
            "y": 1648
          },
          {
            "x": 3751,
            "y": 1647
          },
          {
            "x": 3760,
            "y": 1647
          },
          {
            "x": 3761,
            "y": 1646
          },
          {
            "x": 3768,
            "y": 1646
          },
          {
            "x": 3769,
            "y": 1647
          },
          {
            "x": 3785.0,
            "y": 1647
          },
          {
            "x": 3786.0,
            "y": 1646
          },
          {
            "x": 3792.0,
            "y": 1646
          },
          {
            "x": 3793.0,
            "y": 1645
          },
          {
            "x": 3803.0,
            "y": 1645
          },
          {
            "x": 3804.0,
            "y": 1644
          },
          {
            "x": 3812.0,
            "y": 1644
          },
          {
            "x": 3813.0,
            "y": 1645
          },
          {
            "x": 3825,
            "y": 1645
          },
          {
            "x": 3826,
            "y": 1644
          },
          {
            "x": 3832,
            "y": 1644
          },
          {
            "x": 3833,
            "y": 1643
          },
          {
            "x": 3838.0,
            "y": 1643
          },
          {
            "x": 3839.0,
            "y": 1642
          },
          {
            "x": 3843,
            "y": 1642
          },
          {
            "x": 3844,
            "y": 1641
          },
          {
            "x": 3847.0,
            "y": 1641
          },
          {
            "x": 3848.0,
            "y": 1640
          },
          {
            "x": 3850,
            "y": 1640
          },
          {
            "x": 3851,
            "y": 1639
          },
          {
            "x": 3852,
            "y": 1639
          },
          {
            "x": 3854,
            "y": 1637
          },
          {
            "x": 3855.0,
            "y": 1637
          },
          {
            "x": 3856.0,
            "y": 1636
          },
          {
            "x": 3857.0,
            "y": 1636
          },
          {
            "x": 3858.0,
            "y": 1635
          },
          {
            "x": 3859,
            "y": 1635
          },
          {
            "x": 3860,
            "y": 1634
          },
          {
            "x": 3861,
            "y": 1634
          },
          {
            "x": 3864.0,
            "y": 1631
          },
          {
            "x": 3865.0,
            "y": 1631
          },
          {
            "x": 3868.0,
            "y": 1628
          },
          {
            "x": 3868.0,
            "y": 1627
          },
          {
            "x": 3870,
            "y": 1625
          },
          {
            "x": 3870,
            "y": 1624
          },
          {
            "x": 3871,
            "y": 1623
          },
          {
            "x": 3871,
            "y": 1621
          },
          {
            "x": 3872,
            "y": 1620
          },
          {
            "x": 3872,
            "y": 1615
          },
          {
            "x": 3873.0,
            "y": 1614
          },
          {
            "x": 3873.0,
            "y": 1599
          },
          {
            "x": 3872,
            "y": 1598
          },
          {
            "x": 3872,
            "y": 1593
          },
          {
            "x": 3871,
            "y": 1592
          },
          {
            "x": 3871,
            "y": 1589
          },
          {
            "x": 3870,
            "y": 1588
          },
          {
            "x": 3870,
            "y": 1586
          },
          {
            "x": 3869,
            "y": 1585
          },
          {
            "x": 3869,
            "y": 1583
          },
          {
            "x": 3868.0,
            "y": 1582
          },
          {
            "x": 3868.0,
            "y": 1580
          },
          {
            "x": 3867.0,
            "y": 1579
          }
        ]
      }
    },
    {
      "annotator": {
        "email": "begimbaeva.s95@gmail.com",
        "full_name": "Saltanat Begimbaeva"
      },
      "auto_annotate": {
        "bbox": {
          "x1": -145.51,
          "x2": 168.49,
          "y1": -72.49,
          "y2": 59.51
        },
        "model": "145e8155-b48e-4be2-9c41-8f930ae1daee"
      },
      "name": "Vehicle Polygon ",
      "polygon": {
        "path": [
          {
            "x": 4107,
            "y": 1884.0
          },
          {
            "x": 4104,
            "y": 1881.0
          },
          {
            "x": 4103,
            "y": 1881.0
          },
          {
            "x": 4102,
            "y": 1880
          },
          {
            "x": 4102,
            "y": 1879
          },
          {
            "x": 4101,
            "y": 1879
          },
          {
            "x": 4097,
            "y": 1875
          },
          {
            "x": 4095,
            "y": 1875
          },
          {
            "x": 4094,
            "y": 1874
          },
          {
            "x": 4090,
            "y": 1874
          },
          {
            "x": 4089,
            "y": 1873.0
          },
          {
            "x": 4086.0,
            "y": 1873.0
          },
          {
            "x": 4085.0,
            "y": 1874
          },
          {
            "x": 4083,
            "y": 1874
          },
          {
            "x": 4082,
            "y": 1873.0
          },
          {
            "x": 4081,
            "y": 1873.0
          },
          {
            "x": 4080,
            "y": 1872
          },
          {
            "x": 4079,
            "y": 1872
          },
          {
            "x": 4078.0,
            "y": 1871
          },
          {
            "x": 4078.0,
            "y": 1870.0
          },
          {
            "x": 4077.0,
            "y": 1869.0
          },
          {
            "x": 4076.0,
            "y": 1869.0
          },
          {
            "x": 4075,
            "y": 1868
          },
          {
            "x": 4072,
            "y": 1868
          },
          {
            "x": 4071.0,
            "y": 1867
          },
          {
            "x": 4068,
            "y": 1867
          },
          {
            "x": 4067,
            "y": 1868
          },
          {
            "x": 4061.0,
            "y": 1868
          },
          {
            "x": 4060,
            "y": 1869.0
          },
          {
            "x": 4050,
            "y": 1869.0
          },
          {
            "x": 4049,
            "y": 1870.0
          },
          {
            "x": 4041,
            "y": 1870.0
          },
          {
            "x": 4040.0,
            "y": 1871
          },
          {
            "x": 4039.0,
            "y": 1871
          },
          {
            "x": 4038,
            "y": 1872
          },
          {
            "x": 4031.0,
            "y": 1872
          },
          {
            "x": 4030,
            "y": 1873.0
          },
          {
            "x": 4029,
            "y": 1873.0
          },
          {
            "x": 4028,
            "y": 1872
          },
          {
            "x": 4023,
            "y": 1872
          },
          {
            "x": 4022,
            "y": 1873.0
          },
          {
            "x": 4013,
            "y": 1873.0
          },
          {
            "x": 4012,
            "y": 1874
          },
          {
            "x": 4011,
            "y": 1874
          },
          {
            "x": 4010.0,
            "y": 1875
          },
          {
            "x": 4004,
            "y": 1875
          },
          {
            "x": 4003.0,
            "y": 1876
          },
          {
            "x": 4000,
            "y": 1876
          },
          {
            "x": 3999,
            "y": 1877.0
          },
          {
            "x": 3996,
            "y": 1877.0
          },
          {
            "x": 3995.0,
            "y": 1878
          },
          {
            "x": 3993,
            "y": 1878
          },
          {
            "x": 3992,
            "y": 1879
          },
          {
            "x": 3987.0,
            "y": 1879
          },
          {
            "x": 3986.0,
            "y": 1880
          },
          {
            "x": 3982,
            "y": 1880
          },
          {
            "x": 3981,
            "y": 1881.0
          },
          {
            "x": 3972.0,
            "y": 1881.0
          },
          {
            "x": 3971.0,
            "y": 1882
          },
          {
            "x": 3970,
            "y": 1882
          },
          {
            "x": 3968,
            "y": 1884.0
          },
          {
            "x": 3967,
            "y": 1884.0
          },
          {
            "x": 3965.0,
            "y": 1886
          },
          {
            "x": 3960,
            "y": 1886
          },
          {
            "x": 3959,
            "y": 1887
          },
          {
            "x": 3947,
            "y": 1887
          },
          {
            "x": 3946,
            "y": 1888.0
          },
          {
            "x": 3942.0,
            "y": 1888.0
          },
          {
            "x": 3941.0,
            "y": 1887
          },
          {
            "x": 3927.0,
            "y": 1887
          },
          {
            "x": 3925,
            "y": 1889
          },
          {
            "x": 3917,
            "y": 1889
          },
          {
            "x": 3917,
            "y": 1891
          },
          {
            "x": 3916,
            "y": 1892.0
          },
          {
            "x": 3915,
            "y": 1892.0
          },
          {
            "x": 3914,
            "y": 1893
          },
          {
            "x": 3913.0,
            "y": 1893
          },
          {
            "x": 3913.0,
            "y": 1.9e3
          },
          {
            "x": 3911.0,
            "y": 1902
          },
          {
            "x": 3911.0,
            "y": 1904
          },
          {
            "x": 3914,
            "y": 1907.0
          },
          {
            "x": 3914,
            "y": 1910
          },
          {
            "x": 3913.0,
            "y": 1911.0
          },
          {
            "x": 3913.0,
            "y": 1912
          },
          {
            "x": 3912.0,
            "y": 1913
          },
          {
            "x": 3912.0,
            "y": 1914.0
          },
          {
            "x": 3913.0,
            "y": 1915.0
          },
          {
            "x": 3913.0,
            "y": 1918.0
          },
          {
            "x": 3911.0,
            "y": 1920
          },
          {
            "x": 3911.0,
            "y": 1922.0
          },
          {
            "x": 3910,
            "y": 1923
          },
          {
            "x": 3910,
            "y": 1925
          },
          {
            "x": 3911.0,
            "y": 1926.0
          },
          {
            "x": 3911.0,
            "y": 1929.0
          },
          {
            "x": 3910,
            "y": 1930.0
          },
          {
            "x": 3910,
            "y": 1934.0
          },
          {
            "x": 3911.0,
            "y": 1935
          },
          {
            "x": 3911.0,
            "y": 1942
          },
          {
            "x": 3912.0,
            "y": 1943
          },
          {
            "x": 3912.0,
            "y": 1944
          },
          {
            "x": 3913.0,
            "y": 1945.0
          },
          {
            "x": 3913.0,
            "y": 1951
          },
          {
            "x": 3914,
            "y": 1952.0
          },
          {
            "x": 3914,
            "y": 1956.0
          },
          {
            "x": 3915,
            "y": 1957
          },
          {
            "x": 3915,
            "y": 1958
          },
          {
            "x": 3914,
            "y": 1959
          },
          {
            "x": 3915,
            "y": 1960.0
          },
          {
            "x": 3915,
            "y": 1962
          },
          {
            "x": 3917,
            "y": 1964.0
          },
          {
            "x": 3917,
            "y": 1965
          },
          {
            "x": 3918,
            "y": 1965
          },
          {
            "x": 3919.0,
            "y": 1966
          },
          {
            "x": 3922,
            "y": 1966
          },
          {
            "x": 3923,
            "y": 1967.0
          },
          {
            "x": 3927.0,
            "y": 1967.0
          },
          {
            "x": 3928.0,
            "y": 1966
          },
          {
            "x": 3933,
            "y": 1966
          },
          {
            "x": 3934.0,
            "y": 1965
          },
          {
            "x": 3961,
            "y": 1965
          },
          {
            "x": 3962,
            "y": 1964.0
          },
          {
            "x": 3970,
            "y": 1964.0
          },
          {
            "x": 3971.0,
            "y": 1963.0
          },
          {
            "x": 3983,
            "y": 1963.0
          },
          {
            "x": 3984,
            "y": 1962
          },
          {
            "x": 3994.0,
            "y": 1962
          },
          {
            "x": 3995.0,
            "y": 1961
          },
          {
            "x": 3999,
            "y": 1961
          },
          {
            "x": 4000,
            "y": 1960.0
          },
          {
            "x": 4013,
            "y": 1960.0
          },
          {
            "x": 4014,
            "y": 1959
          },
          {
            "x": 4035,
            "y": 1959
          },
          {
            "x": 4036,
            "y": 1958
          },
          {
            "x": 4044,
            "y": 1958
          },
          {
            "x": 4045,
            "y": 1957
          },
          {
            "x": 4058,
            "y": 1957
          },
          {
            "x": 4059,
            "y": 1956.0
          },
          {
            "x": 4062.0,
            "y": 1956.0
          },
          {
            "x": 4063.0,
            "y": 1955
          },
          {
            "x": 4064,
            "y": 1955
          },
          {
            "x": 4065,
            "y": 1954
          },
          {
            "x": 4073,
            "y": 1954
          },
          {
            "x": 4074,
            "y": 1953
          },
          {
            "x": 4076.0,
            "y": 1953
          },
          {
            "x": 4077.0,
            "y": 1952.0
          },
          {
            "x": 4085.0,
            "y": 1952.0
          },
          {
            "x": 4086.0,
            "y": 1951
          },
          {
            "x": 4090,
            "y": 1951
          },
          {
            "x": 4091.0,
            "y": 1950
          },
          {
            "x": 4097,
            "y": 1950
          },
          {
            "x": 4098,
            "y": 1949.0
          },
          {
            "x": 4103,
            "y": 1949.0
          },
          {
            "x": 4104,
            "y": 1948.0
          },
          {
            "x": 4105,
            "y": 1948.0
          },
          {
            "x": 4108,
            "y": 1945.0
          },
          {
            "x": 4108,
            "y": 1943
          },
          {
            "x": 4114,
            "y": 1937.0
          },
          {
            "x": 4114,
            "y": 1936
          },
          {
            "x": 4115,
            "y": 1935
          },
          {
            "x": 4115,
            "y": 1933.0
          },
          {
            "x": 4116,
            "y": 1932
          },
          {
            "x": 4116,
            "y": 1931
          },
          {
            "x": 4117,
            "y": 1930.0
          },
          {
            "x": 4117,
            "y": 1916
          },
          {
            "x": 4115,
            "y": 1914.0
          },
          {
            "x": 4115,
            "y": 1913
          },
          {
            "x": 4114,
            "y": 1912
          },
          {
            "x": 4114,
            "y": 1910
          },
          {
            "x": 4113,
            "y": 1909
          },
          {
            "x": 4113,
            "y": 1906
          },
          {
            "x": 4112,
            "y": 1905
          },
          {
            "x": 4112,
            "y": 1903.0
          },
          {
            "x": 4111,
            "y": 1902
          },
          {
            "x": 4111,
            "y": 1898
          },
          {
            "x": 4110,
            "y": 1897
          },
          {
            "x": 4110,
            "y": 1896.0
          },
          {
            "x": 4109,
            "y": 1895
          },
          {
            "x": 4109,
            "y": 1892.0
          },
          {
            "x": 4108,
            "y": 1891
          },
          {
            "x": 4108,
            "y": 1887
          },
          {
            "x": 4107,
            "y": 1886
          }
        ]
      }
    },
    {
      "annotator": {
        "email": "begimbaeva.s95@gmail.com",
        "full_name": "Saltanat Begimbaeva"
      },
      "name": "Road Polygon ",
      "polygon": {
        "path": [
          {
            "x": 5470.96,
            "y": 2323.36
          },
          {
            "x": 5474.67,
            "y": 2612.36
          },
          {
            "x": 5315.35,
            "y": 2708.7
          },
          {
            "x": 5163.43,
            "y": 2801.33
          },
          {
            "x": 5181.96,
            "y": 2843.94
          },
          {
            "x": 5063.39,
            "y": 2925.45
          },
          {
            "x": 4926.89,
            "y": 3017.86
          },
          {
            "x": 4796.98,
            "y": 3105.15
          },
          {
            "x": 4639.15,
            "y": 3210.75
          },
          {
            "x": 4518.17,
            "y": 3293.69
          },
          {
            "x": 4411.96,
            "y": 3137.23
          },
          {
            "x": 4353.85,
            "y": 3051.43
          },
          {
            "x": 4174.47,
            "y": 2786.51
          },
          {
            "x": 4018.17,
            "y": 2561.89
          },
          {
            "x": 3816.74,
            "y": 2263.49
          },
          {
            "x": 3648.47,
            "y": 2020.44
          },
          {
            "x": 3475.73,
            "y": 1767.58
          },
          {
            "x": 3316.72,
            "y": 1529.05
          },
          {
            "x": 3144.65,
            "y": 1275.78
          },
          {
            "x": 3111.67,
            "y": 1203.54
          },
          {
            "x": 3345.32,
            "y": 797.15
          },
          {
            "x": 3616.46,
            "y": 333.19
          },
          {
            "x": 3806.36,
            "y": 4.06
          },
          {
            "x": 4001.23,
            "y": 2.79
          },
          {
            "x": 4080.98,
            "y": 140.34
          },
          {
            "x": 4023.93,
            "y": 170.31
          },
          {
            "x": 3947.67,
            "y": 226.17
          },
          {
            "x": 3970.62,
            "y": 283.69
          },
          {
            "x": 3801.14,
            "y": 582.67
          },
          {
            "x": 3643.87,
            "y": 685.19
          },
          {
            "x": 3519.29,
            "y": 958.86
          },
          {
            "x": 3392.63,
            "y": 1043.01
          },
          {
            "x": 3347.31,
            "y": 1096.18
          },
          {
            "x": 3336.76,
            "y": 1181.45
          },
          {
            "x": 3435.17,
            "y": 1320.32
          },
          {
            "x": 3708.77,
            "y": 1717.33
          },
          {
            "x": 4048.15,
            "y": 2207.02
          },
          {
            "x": 4283.4,
            "y": 2545.19
          },
          {
            "x": 4304.55,
            "y": 2576.11
          },
          {
            "x": 4451.28,
            "y": 2783.3
          },
          {
            "x": 4559.02,
            "y": 2856.82
          },
          {
            "x": 4673.3,
            "y": 2849.92
          },
          {
            "x": 4871.92,
            "y": 2725.78
          },
          {
            "x": 5100.13,
            "y": 2575.18
          }
        ]
      }
    },
    {
      "annotator": {
        "email": "begimbaeva.s95@gmail.com",
        "full_name": "Saltanat Begimbaeva"
      },
      "name": "Building Polygon ",
      "polygon": {
        "path": [
          {
            "x": 4469.9,
            "y": 165.96
          },
          {
            "x": 4251.55,
            "y": 291.5
          },
          {
            "x": 3872.87,
            "y": 534.67
          },
          {
            "x": 3645.17,
            "y": 683.92
          },
          {
            "x": 3917.43,
            "y": 1073.63
          },
          {
            "x": 4053.82,
            "y": 1266.5
          },
          {
            "x": 4141.54,
            "y": 1384.71
          },
          {
            "x": 4372.84,
            "y": 1720.88
          },
          {
            "x": 4620.64,
            "y": 2061.54
          },
          {
            "x": 4907.14,
            "y": 2471.66
          },
          {
            "x": 5016.33,
            "y": 2632.15
          },
          {
            "x": 5471.45,
            "y": 2321.43
          },
          {
            "x": 5478.42,
            "y": 1604.81
          },
          {
            "x": 5478.42,
            "y": 1019.21
          },
          {
            "x": 5481.01,
            "y": 608.87
          },
          {
            "x": 5471.29,
            "y": 147.79
          },
          {
            "x": 5475.83,
            "y": -2.35
          },
          {
            "x": 4688.54,
            "y": -2.18
          },
          {
            "x": 4349.69,
            "y": -4.94
          }
        ]
      }
    },
    {
      "annotator": {
        "email": "begimbaeva.s95@gmail.com",
        "full_name": "Saltanat Begimbaeva"
      },
      "bounding_box": {
        "h": 216.64,
        "w": 117.69,
        "x": 377.91,
        "y": 3123.38
      },
      "name": "Vehicle "
    },
    {
      "annotator": {
        "email": "begimbaeva.s95@gmail.com",
        "full_name": "Saltanat Begimbaeva"
      },
      "bounding_box": {
        "h": 231.33,
        "w": 104.54,
        "x": 862.58,
        "y": 3125.63
      },
      "name": "Vehicle "
    }
  ]
}