{
  "image": {
    "width": 5472,
    "height": 3648,
    "filename": "00000031.JPG",
    "original_filename": "EP-00-00012_0119_0091.JPG",
    "url": "https://darwin.v7labs.com/api/images/1221757/original?token=b19ef416-03ed-4ae6-a438-a83286cfedf7",
    "thumbnail_url": "https://darwin.v7labs.com/api/images/1221757/thumbnail?token=b19ef416-03ed-4ae6-a438-a83286cfedf7",
    "workview_url": "https://darwin.v7labs.com/workview?dataset=1192&image=31"
  },
  "dataset": "Mapping_3",
  "annotated": true,
  "annotations": [
    {
      "annotator": {
        "email": "corporate@bex.kg",
        "full_name": "Aizada Tynchybek kyzy"
      },
      "name": "Road ",
      "polygon": {
        "path": [
          {
            "x": 1946.41,
            "y": -0.19
          },
          {
            "x": 2210.24,
            "y": 0.33
          },
          {
            "x": 2194.36,
            "y": 37.19
          },
          {
            "x": 2181.84,
            "y": 118.6
          },
          {
            "x": 2152.02,
            "y": 361.39
          },
          {
            "x": 2154.93,
            "y": 375.3
          },
          {
            "x": 2160.75,
            "y": 385.0
          },
          {
            "x": 2169.81,
            "y": 394.05
          },
          {
            "x": 2183.07,
            "y": 400.52
          },
          {
            "x": 2188.89,
            "y": 402.46
          },
          {
            "x": 4857.88,
            "y": 1344.92
          },
          {
            "x": 4571.98,
            "y": 2393.9
          },
          {
            "x": 3559.14,
            "y": 2585.2
          },
          {
            "x": 3505.56,
            "y": 2591.43
          },
          {
            "x": 3448.07,
            "y": 2587.12
          },
          {
            "x": 3408.55,
            "y": 2583.53
          },
          {
            "x": 2087.63,
            "y": 2088.38
          },
          {
            "x": 2064.79,
            "y": 2086.8
          },
          {
            "x": 2049.54,
            "y": 2095.21
          },
          {
            "x": 2039.54,
            "y": 2104.15
          },
          {
            "x": 2031.13,
            "y": 2116.25
          },
          {
            "x": 2015.65,
            "y": 2298.18
          },
          {
            "x": 2026.98,
            "y": 2313.64
          },
          {
            "x": 2039.81,
            "y": 2326.47
          },
          {
            "x": 2052.28,
            "y": 2327.94
          },
          {
            "x": 2598.98,
            "y": 2530.58
          },
          {
            "x": 2522.2,
            "y": 2747.06
          },
          {
            "x": 2515.78,
            "y": 2746.6
          },
          {
            "x": 2511.2,
            "y": 2748.89
          },
          {
            "x": 2509.36,
            "y": 2753.94
          },
          {
            "x": 2511.2,
            "y": 2800.23
          },
          {
            "x": 1696.62,
            "y": 2962.22
          },
          {
            "x": 1779.31,
            "y": 1779.03
          },
          {
            "x": 2114.51,
            "y": 1828.32
          },
          {
            "x": 3490.23,
            "y": 2321.89
          },
          {
            "x": 3494.13,
            "y": 2326.92
          },
          {
            "x": 3947.23,
            "y": 2244.97
          },
          {
            "x": 3989.31,
            "y": 2232.87
          },
          {
            "x": 4018.77,
            "y": 2213.93
          },
          {
            "x": 4037.18,
            "y": 2193.42
          },
          {
            "x": 4050.33,
            "y": 2159.23
          },
          {
            "x": 4052.96,
            "y": 2123.99
          },
          {
            "x": 4045.59,
            "y": 2090.33
          },
          {
            "x": 4031.39,
            "y": 2064.03
          },
          {
            "x": 4010.88,
            "y": 2042.46
          },
          {
            "x": 3981.42,
            "y": 2024.05
          },
          {
            "x": 3946.71,
            "y": 2014.06
          },
          {
            "x": 2127.15,
            "y": 1358.3
          },
          {
            "x": 2098.7,
            "y": 1364.73
          },
          {
            "x": 2082.33,
            "y": 1376.51
          },
          {
            "x": 2074.14,
            "y": 1392.88
          },
          {
            "x": 2047.62,
            "y": 1758.06
          },
          {
            "x": 2053.89,
            "y": 1782.32
          },
          {
            "x": 2069.54,
            "y": 1804.24
          },
          {
            "x": 2090.68,
            "y": 1819.9
          },
          {
            "x": 1777.55,
            "y": 1775.28
          },
          {
            "x": 1830.61,
            "y": 1042.33
          },
          {
            "x": 2133.79,
            "y": 1092.41
          },
          {
            "x": 4323.02,
            "y": 1870.45
          },
          {
            "x": 4366.68,
            "y": 1866.22
          },
          {
            "x": 4408.94,
            "y": 1852.14
          },
          {
            "x": 4432.88,
            "y": 1825.38
          },
          {
            "x": 4499.07,
            "y": 1602.85
          },
          {
            "x": 4501.89,
            "y": 1553.56
          },
          {
            "x": 4486.4,
            "y": 1507.08
          },
          {
            "x": 4458.23,
            "y": 1459.19
          },
          {
            "x": 2181.73,
            "y": 654.16
          },
          {
            "x": 2153.85,
            "y": 649.31
          },
          {
            "x": 2127.18,
            "y": 657.79
          },
          {
            "x": 2112.63,
            "y": 680.83
          },
          {
            "x": 2094.44,
            "y": 1050.6
          },
          {
            "x": 2118.69,
            "y": 1084.55
          },
          {
            "x": 1827.72,
            "y": 1037.26
          },
          {
            "x": 1861.4,
            "y": 574.68
          }
        ]
      }
    },
    {
      "annotator": {
        "email": "corporate@bex.kg",
        "full_name": "Aizada Tynchybek kyzy"
      },
      "name": "Building Polygon ",
      "polygon": {
        "path": [
          {
            "x": 2496.72,
            "y": 0.48
          },
          {
            "x": 2494.2,
            "y": 69.04
          },
          {
            "x": 2485.18,
            "y": 91.04
          },
          {
            "x": 2485.98,
            "y": 93.09
          },
          {
            "x": 2488.59,
            "y": 93.38
          },
          {
            "x": 2488.3,
            "y": 109.22
          },
          {
            "x": 3019.56,
            "y": 304.75
          },
          {
            "x": 3004.48,
            "y": 352.86
          },
          {
            "x": 3014.04,
            "y": 358.9
          },
          {
            "x": 3097.04,
            "y": 363.93
          },
          {
            "x": 3165.45,
            "y": 388.57
          },
          {
            "x": 3178.02,
            "y": 356.38
          },
          {
            "x": 4573.46,
            "y": 853.31
          },
          {
            "x": 4560.78,
            "y": 871.61
          },
          {
            "x": 4548.11,
            "y": 875.14
          },
          {
            "x": 4534.73,
            "y": 911.75
          },
          {
            "x": 4509.38,
            "y": 906.12
          },
          {
            "x": 4483.32,
            "y": 920.91
          },
          {
            "x": 4477.69,
            "y": 941.33
          },
          {
            "x": 4412.9,
            "y": 922.32
          },
          {
            "x": 4370.05,
            "y": 955.08
          },
          {
            "x": 4305.55,
            "y": 1132.44
          },
          {
            "x": 4660.65,
            "y": 1261.32
          },
          {
            "x": 4707.93,
            "y": 1236.47
          },
          {
            "x": 4732.18,
            "y": 1140.08
          },
          {
            "x": 4756.63,
            "y": 1146.36
          },
          {
            "x": 4787.06,
            "y": 1127.2
          },
          {
            "x": 4800.66,
            "y": 1093.11
          },
          {
            "x": 4829.92,
            "y": 1102.1
          },
          {
            "x": 4863.8,
            "y": 1082.08
          },
          {
            "x": 4908.85,
            "y": 934.59
          },
          {
            "x": 4976.58,
            "y": 964.62
          },
          {
            "x": 4997.85,
            "y": 952.25
          },
          {
            "x": 5079.13,
            "y": 978.53
          },
          {
            "x": 5102.48,
            "y": 965.23
          },
          {
            "x": 5110.03,
            "y": 948.7
          },
          {
            "x": 5172.54,
            "y": 909.54
          },
          {
            "x": 5183.68,
            "y": 913.85
          },
          {
            "x": 5263.43,
            "y": 870.28
          },
          {
            "x": 5471.3,
            "y": 116.49
          },
          {
            "x": 5472.31,
            "y": 4.35
          }
        ]
      }
    }
  ]
}