{
  "image": {
    "width": 5472,
    "height": 3648,
    "filename": "00000030.JPG",
    "original_filename": "EP-00-00012_0119_0064.JPG",
    "url": "https://darwin.v7labs.com/api/images/1221709/original?token=352cf892-311a-4ca4-80fd-3f05fb7d64b8",
    "thumbnail_url": "https://darwin.v7labs.com/api/images/1221709/thumbnail?token=352cf892-311a-4ca4-80fd-3f05fb7d64b8",
    "workview_url": "https://darwin.v7labs.com/workview?dataset=1191&image=30"
  },
  "dataset": "Mapping_2",
  "annotated": true,
  "annotations": [
    {
      "annotator": {
        "email": "begimbaeva.s95@gmail.com",
        "full_name": "Saltanat Begimbaeva"
      },
      "name": "Building Polygon ",
      "polygon": {
        "path": [
          {
            "x": 876.91,
            "y": -0.74
          },
          {
            "x": 1055.49,
            "y": -0.74
          },
          {
            "x": 1283.68,
            "y": 9.18
          },
          {
            "x": 1637.27,
            "y": 2.25
          },
          {
            "x": 1637.27,
            "y": 249.75
          },
          {
            "x": 1628.66,
            "y": 533.83
          },
          {
            "x": 1622.2,
            "y": 880.33
          },
          {
            "x": 1629.38,
            "y": 1013.04
          },
          {
            "x": 1797.96,
            "y": 1027.39
          },
          {
            "x": 2049.05,
            "y": 1027.39
          },
          {
            "x": 2034.7,
            "y": 1614.28
          },
          {
            "x": 2026.16,
            "y": 2182.21
          },
          {
            "x": 2227.67,
            "y": 2187.9
          },
          {
            "x": 2527.6,
            "y": 2203.15
          },
          {
            "x": 2781.77,
            "y": 2213.32
          },
          {
            "x": 2974.94,
            "y": 2203.15
          },
          {
            "x": 3218.95,
            "y": 2208.24
          },
          {
            "x": 3224.03,
            "y": 2472.58
          },
          {
            "x": 3218.95,
            "y": 2625.08
          },
          {
            "x": 3224.03,
            "y": 2792.84
          },
          {
            "x": 3391.79,
            "y": 2782.67
          },
          {
            "x": 3468.04,
            "y": 2848.76
          },
          {
            "x": 3472.75,
            "y": 3190.49
          },
          {
            "x": 3468.04,
            "y": 3423.19
          },
          {
            "x": 3475.72,
            "y": 3648.49
          },
          {
            "x": 3196.89,
            "y": 3645.24
          },
          {
            "x": 2507.26,
            "y": 3646.87
          },
          {
            "x": 1460.06,
            "y": 3651.95
          },
          {
            "x": 667.04,
            "y": 3647.73
          },
          {
            "x": 377.28,
            "y": 3646.0
          },
          {
            "x": 112.93,
            "y": 3646.87
          },
          {
            "x": 138.35,
            "y": 3194.43
          },
          {
            "x": 161.38,
            "y": 2813.11
          },
          {
            "x": 153.85,
            "y": 2788.0
          },
          {
            "x": 171.55,
            "y": 2462.35
          },
          {
            "x": 191.7,
            "y": 2190.47
          },
          {
            "x": 433.13,
            "y": 2190.47
          },
          {
            "x": 783.96,
            "y": 2187.9
          },
          {
            "x": 799.27,
            "y": 1854.96
          },
          {
            "x": 817.15,
            "y": 1333.87
          },
          {
            "x": 840.0,
            "y": 833.18
          },
          {
            "x": 857.88,
            "y": 472.68
          },
          {
            "x": 870.75,
            "y": 240.8
          }
        ]
      }
    },
    {
      "annotator": {
        "email": "begimbaeva.s95@gmail.com",
        "full_name": "Saltanat Begimbaeva"
      },
      "name": "Building Polygon ",
      "polygon": {
        "path": [
          {
            "x": 3053.97,
            "y": 1941.19
          },
          {
            "x": 3177.24,
            "y": 1728.78
          },
          {
            "x": 3293.27,
            "y": 1503.75
          },
          {
            "x": 3480.86,
            "y": 1607.85
          },
          {
            "x": 3636.64,
            "y": 1692.3
          },
          {
            "x": 3797.34,
            "y": 1780.24
          },
          {
            "x": 3938.86,
            "y": 1852.29
          },
          {
            "x": 3825.65,
            "y": 2076.14
          },
          {
            "x": 3698.15,
            "y": 2299.78
          },
          {
            "x": 3380.51,
            "y": 2127.61
          },
          {
            "x": 3180.51,
            "y": 2013.0
          }
        ]
      }
    },
    {
      "annotator": {
        "email": "begimbaeva.s95@gmail.com",
        "full_name": "Saltanat Begimbaeva"
      },
      "name": "Road Polygon ",
      "polygon": {
        "path": [
          {
            "x": 545.63,
            "y": -5.01
          },
          {
            "x": 810.43,
            "y": -3.23
          },
          {
            "x": 794.0,
            "y": 300.83
          },
          {
            "x": 785.26,
            "y": 557.56
          },
          {
            "x": 770.81,
            "y": 901.19
          },
          {
            "x": 763.43,
            "y": 1170.66
          },
          {
            "x": 748.66,
            "y": 1495.52
          },
          {
            "x": 742.51,
            "y": 1688.7
          },
          {
            "x": 724.93,
            "y": 1988.42
          },
          {
            "x": 637.04,
            "y": 2001.6
          },
          {
            "x": 483.23,
            "y": 1997.21
          },
          {
            "x": 219.55,
            "y": 1992.81
          },
          {
            "x": 180.0,
            "y": 2010.39
          },
          {
            "x": 149.24,
            "y": 2036.76
          },
          {
            "x": 136.05,
            "y": 2190.57
          },
          {
            "x": 122.87,
            "y": 2463.04
          },
          {
            "x": 114.08,
            "y": 2722.32
          },
          {
            "x": 109.69,
            "y": 2827.79
          },
          {
            "x": 69.33,
            "y": 3641.39
          },
          {
            "x": 0.27,
            "y": 3644.53
          },
          {
            "x": 3.26,
            "y": 3281.9
          },
          {
            "x": 7.14,
            "y": 2541.99
          },
          {
            "x": -0.33,
            "y": 2058.58
          },
          {
            "x": -7.5,
            "y": 1641.24
          },
          {
            "x": 140.11,
            "y": 1725.18
          },
          {
            "x": 341.24,
            "y": 1713.93
          },
          {
            "x": 456.2,
            "y": 1637.87
          },
          {
            "x": 479.85,
            "y": 1276.15
          },
          {
            "x": 512.42,
            "y": 641.28
          },
          {
            "x": 527.17,
            "y": 381.45
          }
        ]
      }
    },
    {
      "annotator": {
        "email": "begimbaeva.s95@gmail.com",
        "full_name": "Saltanat Begimbaeva"
      },
      "bounding_box": {
        "h": 277.95,
        "w": 502.65,
        "x": 3751.4,
        "y": 2101.0
      },
      "name": "Vehicle "
    },
    {
      "annotator": {
        "email": "begimbaeva.s95@gmail.com",
        "full_name": "Saltanat Begimbaeva"
      },
      "bounding_box": {
        "h": 461.41,
        "w": 738.9,
        "x": 2853.36,
        "y": 896.98
      },
      "name": "Vehicle "
    },
    {
      "annotator": {
        "email": "begimbaeva.s95@gmail.com",
        "full_name": "Saltanat Begimbaeva"
      },
      "name": "Building Polygon ",
      "polygon": {
        "path": [
          {
            "x": 5325.34,
            "y": 78.3
          },
          {
            "x": 5283.4,
            "y": 164.28
          },
          {
            "x": 5177.17,
            "y": 363.94
          },
          {
            "x": 5047.59,
            "y": 594.25
          },
          {
            "x": 4809.96,
            "y": 1007.23
          },
          {
            "x": 4957.52,
            "y": 1081.94
          },
          {
            "x": 5157.21,
            "y": 1195.95
          },
          {
            "x": 5429.71,
            "y": 1336.42
          },
          {
            "x": 5474.81,
            "y": 1263.94
          },
          {
            "x": 5471.27,
            "y": 984.02
          },
          {
            "x": 5471.27,
            "y": 395.83
          },
          {
            "x": 5471.12,
            "y": 126.83
          },
          {
            "x": 5473.22,
            "y": 9.82
          },
          {
            "x": 5368.59,
            "y": 2.95
          }
        ]
      }
    },
    {
      "annotator": {
        "email": "begimbaeva.s95@gmail.com",
        "full_name": "Saltanat Begimbaeva"
      },
      "bounding_box": {
        "h": 107.05,
        "w": 224.96,
        "x": 288.65,
        "y": 202.26
      },
      "name": "Vehicle "
    },
    {
      "annotator": {
        "email": "begimbaeva.s95@gmail.com",
        "full_name": "Saltanat Begimbaeva"
      },
      "bounding_box": {
        "h": 100.6,
        "w": 226.85,
        "x": 277.66,
        "y": 419.82
      },
      "name": "Vehicle "
    },
    {
      "annotator": {
        "email": "begimbaeva.s95@gmail.com",
        "full_name": "Saltanat Begimbaeva"
      },
      "bounding_box": {
        "h": 87.38,
        "w": 192.02,
        "x": 275.98,
        "y": 1237.17
      },
      "name": "Vehicle "
    },
    {
      "annotator": {
        "email": "begimbaeva.s95@gmail.com",
        "full_name": "Saltanat Begimbaeva"
      },
      "name": "Road Polygon ",
      "polygon": {
        "path": [
          {
            "x": 2998.12,
            "y": 2189.92
          },
          {
            "x": 2996.94,
            "y": 2022.39
          },
          {
            "x": 3086.3,
            "y": 1980.91
          },
          {
            "x": 3284.48,
            "y": 2085.75
          },
          {
            "x": 3538.88,
            "y": 2233.57
          },
          {
            "x": 3822.51,
            "y": 2392.64
          },
          {
            "x": 4213.28,
            "y": 2600.27
          },
          {
            "x": 4442.25,
            "y": 2703.07
          },
          {
            "x": 4767.53,
            "y": 2768.48
          },
          {
            "x": 5093.38,
            "y": 2779.49
          },
          {
            "x": 5201.4,
            "y": 2758.97
          },
          {
            "x": 5288.4,
            "y": 2678.81
          },
          {
            "x": 5468.55,
            "y": 2416.76
          },
          {
            "x": 5470.73,
            "y": 2787.76
          },
          {
            "x": 5469.54,
            "y": 3065.67
          },
          {
            "x": 5472.9,
            "y": 3474.41
          },
          {
            "x": 5470.35,
            "y": 3647.29
          },
          {
            "x": 5162.85,
            "y": 3651.08
          },
          {
            "x": 4651.06,
            "y": 3648.09
          },
          {
            "x": 3930.46,
            "y": 3647.91
          },
          {
            "x": 3473.4,
            "y": 3645.36
          },
          {
            "x": 3468.8,
            "y": 3506.99
          },
          {
            "x": 3871.26,
            "y": 3501.65
          },
          {
            "x": 4096.06,
            "y": 3500.71
          },
          {
            "x": 4081.07,
            "y": 2991.85
          },
          {
            "x": 4077.28,
            "y": 2758.54
          },
          {
            "x": 3520.54,
            "y": 2758.35
          },
          {
            "x": 3230.82,
            "y": 2756.05
          },
          {
            "x": 3228.83,
            "y": 2379.02
          },
          {
            "x": 3228.21,
            "y": 2190.91
          }
        ]
      }
    }
  ]
}