{
  "image": {
    "width": 1280,
    "height": 1920,
    "filename": "00000081.jpg",
    "original_filename": "high-angle-photography-of-city-buildings-1980720.jpg",
    "url": "https://darwin.v7labs.com/api/images/1221782/original?token=43ffe058-ebd2-4afa-8955-89cf45e925a6",
    "thumbnail_url": "https://darwin.v7labs.com/api/images/1221782/thumbnail?token=43ffe058-ebd2-4afa-8955-89cf45e925a6",
    "workview_url": "https://darwin.v7labs.com/workview?dataset=1190&image=81"
  },
  "dataset": "Mapping_1",
  "annotated": true,
  "annotations": [
    {
      "annotator": {
        "email": "order@bex.kg",
        "full_name": "Zhaparova  Nurzhan"
      },
      "cuboid": {
        "back": {
          "h": 502.86,
          "w": 26.36,
          "x": 377.14,
          "y": 1005.71
        },
        "front": {
          "h": 544.76,
          "w": 175.24,
          "x": 175.24,
          "y": 986.67
        }
      },
      "name": "Building Cuboid "
    },
    {
      "annotator": {
        "email": "order@bex.kg",
        "full_name": "Zhaparova  Nurzhan"
      },
      "cuboid": {
        "back": {
          "h": 369.52,
          "w": 30.48,
          "x": 933.33,
          "y": 1120
        },
        "front": {
          "h": 460.95,
          "w": 156.19,
          "x": 739.05,
          "y": 1070.48
        }
      },
      "name": "Building Cuboid "
    },
    {
      "annotator": {
        "email": "order@bex.kg",
        "full_name": "Zhaparova  Nurzhan"
      },
      "cuboid": {
        "back": {
          "h": 301.48,
          "w": 84.68,
          "x": 473.99,
          "y": 1369.06
        },
        "front": {
          "h": 316.72,
          "w": 67.75,
          "x": 352.05,
          "y": 1394.47
        }
      },
      "name": "Building Cuboid "
    },
    {
      "annotator": {
        "email": "gm@bex.kg",
        "full_name": "Ahmet Shamiev"
      },
      "cuboid": {
        "back": {
          "h": 287.69,
          "w": 60.44,
          "x": 782.47,
          "y": 1361.94
        },
        "front": {
          "h": 292.53,
          "w": 123.3,
          "x": 659.17,
          "y": 1357.11
        }
      },
      "name": "Building Cuboid "
    },
    {
      "annotator": {
        "email": "gm@bex.kg",
        "full_name": "Ahmet Shamiev"
      },
      "cuboid": {
        "back": {
          "h": 406.15,
          "w": 9.67,
          "x": 714.78,
          "y": 762.39
        },
        "front": {
          "h": 413.41,
          "w": 65.27,
          "x": 635.0,
          "y": 755.13
        }
      },
      "name": "Building Cuboid "
    },
    {
      "annotator": {
        "email": "gm@bex.kg",
        "full_name": "Ahmet Shamiev"
      },
      "cuboid": {
        "back": {
          "h": 282.86,
          "w": 19.34,
          "x": 1164.44,
          "y": 1267.66
        },
        "front": {
          "h": 282.86,
          "w": 152.31,
          "x": 1012.14,
          "y": 1267.66
        }
      },
      "name": "Building Cuboid "
    }
  ]
}