{
  "image": {
    "width": 5472,
    "height": 3648,
    "filename": "00000027.JPG",
    "original_filename": "EP-00-00012_0119_0087.JPG",
    "url": "https://darwin.v7labs.com/api/images/1221753/original?token=b19ef416-03ed-4ae6-a438-a83286cfedf7",
    "thumbnail_url": "https://darwin.v7labs.com/api/images/1221753/thumbnail?token=b19ef416-03ed-4ae6-a438-a83286cfedf7",
    "workview_url": "https://darwin.v7labs.com/workview?dataset=1192&image=27"
  },
  "dataset": "Mapping_3",
  "annotated": true,
  "annotations": [
    {
      "annotator": {
        "email": "corporate@bex.kg",
        "full_name": "Aizada Tynchybek kyzy"
      },
      "name": "Building Polygon ",
      "polygon": {
        "path": [
          {
            "x": 411.86,
            "y": 3647.44
          },
          {
            "x": 2478.61,
            "y": 237.58
          },
          {
            "x": 3172.43,
            "y": 600.25
          },
          {
            "x": 3172.24,
            "y": 611.35
          },
          {
            "x": 3169.05,
            "y": 614.76
          },
          {
            "x": 3157.76,
            "y": 735.86
          },
          {
            "x": 3095.44,
            "y": 848.29
          },
          {
            "x": 5112.33,
            "y": 1897.33
          },
          {
            "x": 4208.04,
            "y": 3647.1
          }
        ]
      }
    },
    {
      "annotator": {
        "email": "corporate@bex.kg",
        "full_name": "Aizada Tynchybek kyzy"
      },
      "name": "Road ",
      "polygon": {
        "path": [
          {
            "x": -1.22,
            "y": 2333.98
          },
          {
            "x": 737.12,
            "y": 1804.06
          },
          {
            "x": 826.99,
            "y": 1682.36
          },
          {
            "x": 844.1,
            "y": 1544.03
          },
          {
            "x": 846.01,
            "y": 11.86
          },
          {
            "x": 644.64,
            "y": 15.39
          },
          {
            "x": 641.18,
            "y": 1554.07
          },
          {
            "x": 595.76,
            "y": 1623.46
          },
          {
            "x": 501.13,
            "y": 1667.62
          },
          {
            "x": 0.81,
            "y": 1798.11
          }
        ]
      }
    },
    {
      "annotator": {
        "email": "corporate@bex.kg",
        "full_name": "Aizada Tynchybek kyzy"
      },
      "name": "Road ",
      "polygon": {
        "path": [
          {
            "x": 4740.54,
            "y": 3647.46
          },
          {
            "x": 4399.88,
            "y": 3647.46
          },
          {
            "x": 5199.12,
            "y": 2097.39
          },
          {
            "x": 5225.62,
            "y": 2000.24
          },
          {
            "x": 5285.68,
            "y": 1724.68
          },
          {
            "x": 5279.92,
            "y": 1707.27
          },
          {
            "x": 5271.71,
            "y": 1696.25
          },
          {
            "x": 5258.1,
            "y": 1684.75
          },
          {
            "x": 5248.95,
            "y": 1684.99
          },
          {
            "x": 3180.49,
            "y": 608.12
          },
          {
            "x": 3081.04,
            "y": 543.7
          },
          {
            "x": 3092.22,
            "y": 522.72
          },
          {
            "x": 3089.87,
            "y": 497.62
          },
          {
            "x": 3078.81,
            "y": 490.65
          },
          {
            "x": 3093.29,
            "y": 466.51
          },
          {
            "x": 3093.96,
            "y": 434.11
          },
          {
            "x": 3016.56,
            "y": 393.01
          },
          {
            "x": 2905.87,
            "y": 299.29
          },
          {
            "x": 2821.97,
            "y": 256.13
          },
          {
            "x": 2743.97,
            "y": 214.62
          },
          {
            "x": 2869.32,
            "y": -0.02
          },
          {
            "x": 3135.54,
            "y": 2.5
          },
          {
            "x": 3039.65,
            "y": 165.26
          },
          {
            "x": 3037.13,
            "y": 201.85
          },
          {
            "x": 3047.22,
            "y": 254.84
          },
          {
            "x": 3058.58,
            "y": 278.81
          },
          {
            "x": 5294.49,
            "y": 1414.97
          },
          {
            "x": 5319.22,
            "y": 1417.45
          },
          {
            "x": 5335.29,
            "y": 1413.74
          },
          {
            "x": 5346.42,
            "y": 1407.55
          },
          {
            "x": 5356.31,
            "y": 1393.95
          },
          {
            "x": 5363.73,
            "y": 1370.46
          },
          {
            "x": 5414.28,
            "y": 1027.55
          },
          {
            "x": 5414.28,
            "y": 998.83
          },
          {
            "x": 5409.13,
            "y": 982.74
          },
          {
            "x": 5400.12,
            "y": 967.93
          },
          {
            "x": 5384.02,
            "y": 960.21
          },
          {
            "x": 5373.72,
            "y": 957.63
          },
          {
            "x": 3563.36,
            "y": 39.75
          },
          {
            "x": 3532.48,
            "y": -0.33
          },
          {
            "x": 3998.8,
            "y": -0.33
          },
          {
            "x": 5393.41,
            "y": 699.47
          },
          {
            "x": 5454.6,
            "y": 684.81
          },
          {
            "x": 5470.5,
            "y": 637.11
          },
          {
            "x": 5467.69,
            "y": 2189.89
          }
        ]
      }
    },
    {
      "annotator": {
        "email": "corporate@bex.kg",
        "full_name": "Aizada Tynchybek kyzy"
      },
      "name": "Building Polygon ",
      "polygon": {
        "path": [
          {
            "x": 3.22,
            "y": 1725.95
          },
          {
            "x": 110.29,
            "y": 1748.22
          },
          {
            "x": 108.85,
            "y": 1666.3
          },
          {
            "x": 382.63,
            "y": 1647.62
          },
          {
            "x": 413.67,
            "y": -1.17
          },
          {
            "x": 1.01,
            "y": 1.65
          }
        ]
      }
    }
  ]
}