{
  "image": {
    "width": 5472,
    "height": 3648,
    "filename": "00000011.JPG",
    "original_filename": "EP-00-00012_0119_0071.JPG",
    "url": "https://darwin.v7labs.com/api/images/1221737/original?token=b19ef416-03ed-4ae6-a438-a83286cfedf7",
    "thumbnail_url": "https://darwin.v7labs.com/api/images/1221737/thumbnail?token=b19ef416-03ed-4ae6-a438-a83286cfedf7",
    "workview_url": "https://darwin.v7labs.com/workview?dataset=1192&image=11"
  },
  "dataset": "Mapping_3",
  "annotated": true,
  "annotations": [
    {
      "annotator": {
        "email": "corporate@bex.kg",
        "full_name": "Aizada Tynchybek kyzy"
      },
      "name": "Spring field Polygon ",
      "polygon": {
        "path": [
          {
            "x": 12.35,
            "y": 57.1
          },
          {
            "x": 2120.93,
            "y": 1983.07
          },
          {
            "x": 3838.88,
            "y": 21.21
          },
          {
            "x": 4464.56,
            "y": 21.21
          },
          {
            "x": 5461.4,
            "y": 975.63
          },
          {
            "x": 5482.6,
            "y": 3616.19
          },
          {
            "x": 10.6,
            "y": 3637.4
          }
        ]
      }
    },
    {
      "annotator": {
        "email": "corporate@bex.kg",
        "full_name": "Aizada Tynchybek kyzy"
      },
      "name": "Spring field Polygon ",
      "polygon": {
        "path": [
          {
            "x": 29.69,
            "y": 1.98
          },
          {
            "x": 2094.42,
            "y": 1892.93
          },
          {
            "x": 3791.16,
            "y": 10.6
          }
        ]
      }
    }
  ]
}