{
  "image": {
    "width": 1280,
    "height": 1599,
    "filename": "00000085.jpg",
    "original_filename": "photo-of-person-holding-cake-3407783.jpg",
    "url": "https://darwin.v7labs.com/api/images/1221786/original?token=43ffe058-ebd2-4afa-8955-89cf45e925a6",
    "thumbnail_url": "https://darwin.v7labs.com/api/images/1221786/thumbnail?token=43ffe058-ebd2-4afa-8955-89cf45e925a6",
    "workview_url": "https://darwin.v7labs.com/workview?dataset=1190&image=85"
  },
  "dataset": "Mapping_1",
  "annotated": true,
  "annotations": [
    {
      "annotator": {
        "email": "order@bex.kg",
        "full_name": "Zhaparova  Nurzhan"
      },
      "name": "Road ",
      "polygon": {
        "path": [
          {
            "x": -4.04,
            "y": 1424.51
          },
          {
            "x": 941.4,
            "y": 1430.85
          },
          {
            "x": 1090.51,
            "y": 1592.65
          },
          {
            "x": -0.87,
            "y": 1595.83
          }
        ]
      }
    },
    {
      "annotator": {
        "email": "gm@bex.kg",
        "full_name": "Ahmet Shamiev"
      },
      "auto_annotate": {
        "bbox": {
          "x1": -198.59,
          "x2": 185.41,
          "y1": -214.52,
          "y2": 170.48
        },
        "clicks": [
          {
            "type": "add",
            "x": 70.75,
            "y": 147.17
          },
          {
            "type": "remove",
            "x": -145.4,
            "y": 128.31
          },
          {
            "type": "remove",
            "x": -50.58,
            "y": 147.68
          },
          {
            "type": "remove",
            "x": -87.79,
            "y": 139.52
          },
          {
            "type": "add",
            "x": -71.99,
            "y": 146.15
          },
          {
            "type": "remove",
            "x": -64.85,
            "y": 147.68
          },
          {
            "type": "remove",
            "x": -74.54,
            "y": 142.07
          },
          {
            "type": "remove",
            "x": -69.95,
            "y": 142.07
          },
          {
            "type": "add",
            "x": -61.79,
            "y": 143.09
          },
          {
            "type": "add",
            "x": -80.14,
            "y": 139.01
          },
          {
            "type": "add",
            "x": -87.27,
            "y": 140.02
          },
          {
            "type": "remove",
            "x": -68.66,
            "y": 145.34
          },
          {
            "type": "remove",
            "x": -62.01,
            "y": 146.14
          },
          {
            "type": "remove",
            "x": -68.39,
            "y": 146.67
          },
          {
            "type": "remove",
            "x": -70.25,
            "y": 149.33
          },
          {
            "type": "add",
            "x": -50.58,
            "y": 145.34
          },
          {
            "type": "remove",
            "x": 22.68,
            "y": -129.34
          }
        ],
        "model": "145e8155-b48e-4be2-9c41-8f930ae1daee"
      },
      "instance_id": {
        "value": 2
      },
      "name": "Food",
      "polygon": {
        "path": [
          {
            "x": 627,
            "y": 742
          },
          {
            "x": 625,
            "y": 742
          },
          {
            "x": 625,
            "y": 743
          },
          {
            "x": 623,
            "y": 745
          },
          {
            "x": 623,
            "y": 747
          },
          {
            "x": 622,
            "y": 748
          },
          {
            "x": 622,
            "y": 753
          },
          {
            "x": 621,
            "y": 754
          },
          {
            "x": 621,
            "y": 756.0
          },
          {
            "x": 619,
            "y": 758
          },
          {
            "x": 619,
            "y": 759
          },
          {
            "x": 617,
            "y": 761.0
          },
          {
            "x": 617,
            "y": 762
          },
          {
            "x": 608,
            "y": 771
          },
          {
            "x": 607,
            "y": 771
          },
          {
            "x": 598,
            "y": 780
          },
          {
            "x": 598,
            "y": 781
          },
          {
            "x": 596,
            "y": 783
          },
          {
            "x": 595.0,
            "y": 783
          },
          {
            "x": 595.0,
            "y": 784
          },
          {
            "x": 593,
            "y": 786
          },
          {
            "x": 592,
            "y": 786
          },
          {
            "x": 592,
            "y": 787
          },
          {
            "x": 590.0,
            "y": 789
          },
          {
            "x": 590.0,
            "y": 790
          },
          {
            "x": 589,
            "y": 791
          },
          {
            "x": 589,
            "y": 797
          },
          {
            "x": 591,
            "y": 799
          },
          {
            "x": 591,
            "y": 800
          },
          {
            "x": 592,
            "y": 801
          },
          {
            "x": 592,
            "y": 805
          },
          {
            "x": 594,
            "y": 807
          },
          {
            "x": 594,
            "y": 808
          },
          {
            "x": 595.0,
            "y": 809.0
          },
          {
            "x": 595.0,
            "y": 810
          },
          {
            "x": 596,
            "y": 811
          },
          {
            "x": 596,
            "y": 812
          },
          {
            "x": 597,
            "y": 812
          },
          {
            "x": 598,
            "y": 813
          },
          {
            "x": 598,
            "y": 815
          },
          {
            "x": 599,
            "y": 816
          },
          {
            "x": 599,
            "y": 817
          },
          {
            "x": 598,
            "y": 818
          },
          {
            "x": 598,
            "y": 821
          },
          {
            "x": 594,
            "y": 825
          },
          {
            "x": 592,
            "y": 825
          },
          {
            "x": 590.0,
            "y": 823
          },
          {
            "x": 590.0,
            "y": 822
          },
          {
            "x": 589,
            "y": 821
          },
          {
            "x": 589,
            "y": 819.0
          },
          {
            "x": 588,
            "y": 818
          },
          {
            "x": 588,
            "y": 813
          },
          {
            "x": 587,
            "y": 812
          },
          {
            "x": 587,
            "y": 810
          },
          {
            "x": 586,
            "y": 809.0
          },
          {
            "x": 586,
            "y": 808
          },
          {
            "x": 585.0,
            "y": 807
          },
          {
            "x": 585.0,
            "y": 804
          },
          {
            "x": 584,
            "y": 804
          },
          {
            "x": 582,
            "y": 802
          },
          {
            "x": 582,
            "y": 801
          },
          {
            "x": 579,
            "y": 798
          },
          {
            "x": 577,
            "y": 798
          },
          {
            "x": 576,
            "y": 797
          },
          {
            "x": 575.0,
            "y": 797
          },
          {
            "x": 570,
            "y": 792
          },
          {
            "x": 570,
            "y": 791
          },
          {
            "x": 567,
            "y": 788
          },
          {
            "x": 567,
            "y": 787
          },
          {
            "x": 564,
            "y": 784
          },
          {
            "x": 564,
            "y": 783
          },
          {
            "x": 563,
            "y": 783
          },
          {
            "x": 562,
            "y": 782
          },
          {
            "x": 562,
            "y": 781
          },
          {
            "x": 561,
            "y": 781
          },
          {
            "x": 559,
            "y": 779
          },
          {
            "x": 559,
            "y": 778
          },
          {
            "x": 557,
            "y": 778
          },
          {
            "x": 556,
            "y": 777
          },
          {
            "x": 556,
            "y": 776
          },
          {
            "x": 555,
            "y": 775
          },
          {
            "x": 553,
            "y": 775
          },
          {
            "x": 552,
            "y": 774
          },
          {
            "x": 550,
            "y": 774
          },
          {
            "x": 549,
            "y": 773
          },
          {
            "x": 548,
            "y": 773
          },
          {
            "x": 547,
            "y": 774
          },
          {
            "x": 545,
            "y": 774
          },
          {
            "x": 544,
            "y": 775
          },
          {
            "x": 540,
            "y": 775
          },
          {
            "x": 539,
            "y": 776
          },
          {
            "x": 537,
            "y": 776
          },
          {
            "x": 536,
            "y": 777
          },
          {
            "x": 527,
            "y": 777
          },
          {
            "x": 526,
            "y": 778
          },
          {
            "x": 522,
            "y": 778
          },
          {
            "x": 519,
            "y": 781
          },
          {
            "x": 518,
            "y": 781
          },
          {
            "x": 518,
            "y": 782
          },
          {
            "x": 508,
            "y": 792
          },
          {
            "x": 507,
            "y": 792
          },
          {
            "x": 506,
            "y": 793
          },
          {
            "x": 506,
            "y": 794
          },
          {
            "x": 505,
            "y": 795
          },
          {
            "x": 503,
            "y": 795
          },
          {
            "x": 503,
            "y": 796
          },
          {
            "x": 501,
            "y": 798
          },
          {
            "x": 500.0,
            "y": 798
          },
          {
            "x": 499,
            "y": 799
          },
          {
            "x": 498,
            "y": 799
          },
          {
            "x": 496,
            "y": 801
          },
          {
            "x": 495.0,
            "y": 801
          },
          {
            "x": 493,
            "y": 803
          },
          {
            "x": 492,
            "y": 803
          },
          {
            "x": 491,
            "y": 804
          },
          {
            "x": 490.0,
            "y": 804
          },
          {
            "x": 487,
            "y": 807
          },
          {
            "x": 485.0,
            "y": 807
          },
          {
            "x": 484,
            "y": 808
          },
          {
            "x": 483,
            "y": 808
          },
          {
            "x": 483,
            "y": 809.0
          },
          {
            "x": 482,
            "y": 810
          },
          {
            "x": 480,
            "y": 810
          },
          {
            "x": 478,
            "y": 812
          },
          {
            "x": 477,
            "y": 812
          },
          {
            "x": 476,
            "y": 813
          },
          {
            "x": 475,
            "y": 813
          },
          {
            "x": 473,
            "y": 815
          },
          {
            "x": 472,
            "y": 815
          },
          {
            "x": 471,
            "y": 816
          },
          {
            "x": 470,
            "y": 816
          },
          {
            "x": 469,
            "y": 817
          },
          {
            "x": 468,
            "y": 817
          },
          {
            "x": 466,
            "y": 819.0
          },
          {
            "x": 464,
            "y": 819.0
          },
          {
            "x": 463,
            "y": 820
          },
          {
            "x": 462,
            "y": 820
          },
          {
            "x": 461.0,
            "y": 821
          },
          {
            "x": 460,
            "y": 821
          },
          {
            "x": 459,
            "y": 822
          },
          {
            "x": 455,
            "y": 822
          },
          {
            "x": 454,
            "y": 823
          },
          {
            "x": 452,
            "y": 823
          },
          {
            "x": 451.0,
            "y": 824.0
          },
          {
            "x": 450,
            "y": 824.0
          },
          {
            "x": 449,
            "y": 825
          },
          {
            "x": 445,
            "y": 825
          },
          {
            "x": 443,
            "y": 827
          },
          {
            "x": 441,
            "y": 827
          },
          {
            "x": 440,
            "y": 828
          },
          {
            "x": 439,
            "y": 828
          },
          {
            "x": 437,
            "y": 830
          },
          {
            "x": 436,
            "y": 830
          },
          {
            "x": 435,
            "y": 831
          },
          {
            "x": 434,
            "y": 831
          },
          {
            "x": 433,
            "y": 832
          },
          {
            "x": 432,
            "y": 832
          },
          {
            "x": 432,
            "y": 833
          },
          {
            "x": 431,
            "y": 834.0
          },
          {
            "x": 429,
            "y": 834.0
          },
          {
            "x": 429,
            "y": 835
          },
          {
            "x": 427,
            "y": 837
          },
          {
            "x": 426,
            "y": 837
          },
          {
            "x": 422.0,
            "y": 841
          },
          {
            "x": 421,
            "y": 841
          },
          {
            "x": 421,
            "y": 842
          },
          {
            "x": 420,
            "y": 843
          },
          {
            "x": 418,
            "y": 843
          },
          {
            "x": 418,
            "y": 844.0
          },
          {
            "x": 416,
            "y": 846
          },
          {
            "x": 415,
            "y": 846
          },
          {
            "x": 414,
            "y": 847
          },
          {
            "x": 413,
            "y": 847
          },
          {
            "x": 411,
            "y": 849
          },
          {
            "x": 410,
            "y": 849
          },
          {
            "x": 407.0,
            "y": 852
          },
          {
            "x": 406,
            "y": 852
          },
          {
            "x": 406,
            "y": 853
          },
          {
            "x": 405,
            "y": 854
          },
          {
            "x": 404,
            "y": 854
          },
          {
            "x": 404,
            "y": 856
          },
          {
            "x": 403,
            "y": 857
          },
          {
            "x": 403,
            "y": 858
          },
          {
            "x": 404,
            "y": 859
          },
          {
            "x": 405,
            "y": 859
          },
          {
            "x": 406,
            "y": 860
          },
          {
            "x": 406,
            "y": 861
          },
          {
            "x": 407.0,
            "y": 862
          },
          {
            "x": 409,
            "y": 862
          },
          {
            "x": 410,
            "y": 863
          },
          {
            "x": 411,
            "y": 863
          },
          {
            "x": 413,
            "y": 865
          },
          {
            "x": 415,
            "y": 865
          },
          {
            "x": 416,
            "y": 866
          },
          {
            "x": 417.0,
            "y": 866
          },
          {
            "x": 418,
            "y": 867
          },
          {
            "x": 418,
            "y": 868
          },
          {
            "x": 420,
            "y": 868
          },
          {
            "x": 423,
            "y": 871
          },
          {
            "x": 424,
            "y": 871
          },
          {
            "x": 427,
            "y": 874
          },
          {
            "x": 428,
            "y": 874
          },
          {
            "x": 429,
            "y": 875
          },
          {
            "x": 430,
            "y": 875
          },
          {
            "x": 432,
            "y": 877
          },
          {
            "x": 434,
            "y": 877
          },
          {
            "x": 437,
            "y": 880
          },
          {
            "x": 439,
            "y": 880
          },
          {
            "x": 441,
            "y": 882
          },
          {
            "x": 442,
            "y": 882
          },
          {
            "x": 443,
            "y": 883
          },
          {
            "x": 444,
            "y": 883
          },
          {
            "x": 445,
            "y": 884
          },
          {
            "x": 445,
            "y": 886
          },
          {
            "x": 444,
            "y": 887.0
          },
          {
            "x": 444,
            "y": 888
          },
          {
            "x": 442,
            "y": 890
          },
          {
            "x": 440,
            "y": 890
          },
          {
            "x": 439,
            "y": 891
          },
          {
            "x": 437,
            "y": 891
          },
          {
            "x": 436,
            "y": 892.0
          },
          {
            "x": 434,
            "y": 892.0
          },
          {
            "x": 433,
            "y": 893
          },
          {
            "x": 432,
            "y": 893
          },
          {
            "x": 431,
            "y": 894
          },
          {
            "x": 430,
            "y": 894
          },
          {
            "x": 424,
            "y": 900
          },
          {
            "x": 424,
            "y": 901
          },
          {
            "x": 423,
            "y": 902.0
          },
          {
            "x": 423,
            "y": 906
          },
          {
            "x": 422.0,
            "y": 907.0
          },
          {
            "x": 422.0,
            "y": 909
          },
          {
            "x": 421,
            "y": 910
          },
          {
            "x": 421,
            "y": 919
          },
          {
            "x": 420,
            "y": 920
          },
          {
            "x": 418,
            "y": 920
          },
          {
            "x": 416,
            "y": 922.0
          },
          {
            "x": 415,
            "y": 922.0
          },
          {
            "x": 414,
            "y": 923
          },
          {
            "x": 411,
            "y": 923
          },
          {
            "x": 410,
            "y": 924
          },
          {
            "x": 409,
            "y": 924
          },
          {
            "x": 406,
            "y": 927.0
          },
          {
            "x": 406,
            "y": 928
          },
          {
            "x": 405,
            "y": 929
          },
          {
            "x": 405,
            "y": 930
          },
          {
            "x": 403,
            "y": 932
          },
          {
            "x": 403,
            "y": 945
          },
          {
            "x": 404,
            "y": 946
          },
          {
            "x": 404,
            "y": 948
          },
          {
            "x": 405,
            "y": 949
          },
          {
            "x": 405,
            "y": 950
          },
          {
            "x": 406,
            "y": 951
          },
          {
            "x": 406,
            "y": 953
          },
          {
            "x": 407.0,
            "y": 954
          },
          {
            "x": 408,
            "y": 954
          },
          {
            "x": 409,
            "y": 955
          },
          {
            "x": 409,
            "y": 956
          },
          {
            "x": 410,
            "y": 957
          },
          {
            "x": 411,
            "y": 957
          },
          {
            "x": 413,
            "y": 959
          },
          {
            "x": 414,
            "y": 959
          },
          {
            "x": 415,
            "y": 960
          },
          {
            "x": 418,
            "y": 960
          },
          {
            "x": 419,
            "y": 961
          },
          {
            "x": 422.0,
            "y": 961
          },
          {
            "x": 425,
            "y": 964
          },
          {
            "x": 425,
            "y": 965.0
          },
          {
            "x": 426,
            "y": 966
          },
          {
            "x": 426,
            "y": 969
          },
          {
            "x": 425,
            "y": 970.0
          },
          {
            "x": 425,
            "y": 971
          },
          {
            "x": 423,
            "y": 973
          },
          {
            "x": 422.0,
            "y": 973
          },
          {
            "x": 421,
            "y": 974
          },
          {
            "x": 421,
            "y": 975.0
          },
          {
            "x": 420,
            "y": 976
          },
          {
            "x": 419,
            "y": 976
          },
          {
            "x": 418,
            "y": 977
          },
          {
            "x": 418,
            "y": 978
          },
          {
            "x": 417.0,
            "y": 979
          },
          {
            "x": 416,
            "y": 979
          },
          {
            "x": 415,
            "y": 980.0
          },
          {
            "x": 415,
            "y": 981
          },
          {
            "x": 413,
            "y": 983
          },
          {
            "x": 413,
            "y": 984
          },
          {
            "x": 412.0,
            "y": 985.0
          },
          {
            "x": 412.0,
            "y": 986
          },
          {
            "x": 409,
            "y": 989
          },
          {
            "x": 409,
            "y": 990.0
          },
          {
            "x": 408,
            "y": 991
          },
          {
            "x": 408,
            "y": 992
          },
          {
            "x": 406,
            "y": 994
          },
          {
            "x": 406,
            "y": 996
          },
          {
            "x": 403,
            "y": 999
          },
          {
            "x": 403,
            "y": 1002
          },
          {
            "x": 402,
            "y": 1003
          },
          {
            "x": 402,
            "y": 1004
          },
          {
            "x": 401,
            "y": 1005.0
          },
          {
            "x": 401,
            "y": 1011
          },
          {
            "x": 402,
            "y": 1012
          },
          {
            "x": 402,
            "y": 1015
          },
          {
            "x": 403,
            "y": 1016
          },
          {
            "x": 403,
            "y": 1022
          },
          {
            "x": 404,
            "y": 1023
          },
          {
            "x": 404,
            "y": 1025
          },
          {
            "x": 405,
            "y": 1026
          },
          {
            "x": 405,
            "y": 1029
          },
          {
            "x": 406,
            "y": 1030
          },
          {
            "x": 406,
            "y": 1034
          },
          {
            "x": 405,
            "y": 1035
          },
          {
            "x": 405,
            "y": 1037
          },
          {
            "x": 406,
            "y": 1038
          },
          {
            "x": 406,
            "y": 1042
          },
          {
            "x": 407.0,
            "y": 1043
          },
          {
            "x": 407.0,
            "y": 1044
          },
          {
            "x": 408,
            "y": 1045
          },
          {
            "x": 408,
            "y": 1046
          },
          {
            "x": 409,
            "y": 1047
          },
          {
            "x": 409,
            "y": 1050
          },
          {
            "x": 410,
            "y": 1051
          },
          {
            "x": 410,
            "y": 1052
          },
          {
            "x": 411,
            "y": 1053
          },
          {
            "x": 411,
            "y": 1054
          },
          {
            "x": 412.0,
            "y": 1055
          },
          {
            "x": 412.0,
            "y": 1056
          },
          {
            "x": 423,
            "y": 1067
          },
          {
            "x": 424,
            "y": 1067
          },
          {
            "x": 426,
            "y": 1069
          },
          {
            "x": 428,
            "y": 1069
          },
          {
            "x": 430,
            "y": 1071
          },
          {
            "x": 431,
            "y": 1071
          },
          {
            "x": 433,
            "y": 1073
          },
          {
            "x": 434,
            "y": 1073
          },
          {
            "x": 435,
            "y": 1074
          },
          {
            "x": 435,
            "y": 1075
          },
          {
            "x": 437,
            "y": 1075
          },
          {
            "x": 438,
            "y": 1076
          },
          {
            "x": 438,
            "y": 1077
          },
          {
            "x": 439,
            "y": 1077
          },
          {
            "x": 440,
            "y": 1078
          },
          {
            "x": 441,
            "y": 1078
          },
          {
            "x": 442,
            "y": 1079
          },
          {
            "x": 443,
            "y": 1079
          },
          {
            "x": 444,
            "y": 1080
          },
          {
            "x": 445,
            "y": 1080
          },
          {
            "x": 446.0,
            "y": 1081
          },
          {
            "x": 449,
            "y": 1081
          },
          {
            "x": 451.0,
            "y": 1083
          },
          {
            "x": 453,
            "y": 1083
          },
          {
            "x": 454,
            "y": 1084
          },
          {
            "x": 460,
            "y": 1084
          },
          {
            "x": 461.0,
            "y": 1085
          },
          {
            "x": 464,
            "y": 1085
          },
          {
            "x": 465,
            "y": 1086
          },
          {
            "x": 468,
            "y": 1086
          },
          {
            "x": 469,
            "y": 1087
          },
          {
            "x": 476,
            "y": 1087
          },
          {
            "x": 477,
            "y": 1088
          },
          {
            "x": 482,
            "y": 1088
          },
          {
            "x": 483,
            "y": 1089
          },
          {
            "x": 485.0,
            "y": 1089
          },
          {
            "x": 486,
            "y": 1090
          },
          {
            "x": 496,
            "y": 1090
          },
          {
            "x": 497,
            "y": 1091
          },
          {
            "x": 497,
            "y": 1093
          },
          {
            "x": 505,
            "y": 1093
          },
          {
            "x": 506,
            "y": 1092
          },
          {
            "x": 508,
            "y": 1092
          },
          {
            "x": 509,
            "y": 1093
          },
          {
            "x": 520,
            "y": 1093
          },
          {
            "x": 521,
            "y": 1094
          },
          {
            "x": 539,
            "y": 1094
          },
          {
            "x": 540,
            "y": 1095
          },
          {
            "x": 548,
            "y": 1095
          },
          {
            "x": 549,
            "y": 1096
          },
          {
            "x": 572,
            "y": 1096
          },
          {
            "x": 573,
            "y": 1095
          },
          {
            "x": 626,
            "y": 1095
          },
          {
            "x": 627,
            "y": 1096
          },
          {
            "x": 635,
            "y": 1096
          },
          {
            "x": 636,
            "y": 1097
          },
          {
            "x": 638,
            "y": 1097
          },
          {
            "x": 639,
            "y": 1098
          },
          {
            "x": 645,
            "y": 1098
          },
          {
            "x": 646,
            "y": 1097
          },
          {
            "x": 647,
            "y": 1097
          },
          {
            "x": 648,
            "y": 1096
          },
          {
            "x": 651,
            "y": 1096
          },
          {
            "x": 652,
            "y": 1095
          },
          {
            "x": 653.0,
            "y": 1095
          },
          {
            "x": 654,
            "y": 1094
          },
          {
            "x": 656,
            "y": 1094
          },
          {
            "x": 657,
            "y": 1093
          },
          {
            "x": 662,
            "y": 1093
          },
          {
            "x": 663.0,
            "y": 1092
          },
          {
            "x": 665,
            "y": 1092
          },
          {
            "x": 666,
            "y": 1091
          },
          {
            "x": 668.0,
            "y": 1091
          },
          {
            "x": 669,
            "y": 1090
          },
          {
            "x": 677,
            "y": 1090
          },
          {
            "x": 678.0,
            "y": 1089
          },
          {
            "x": 681,
            "y": 1089
          },
          {
            "x": 682,
            "y": 1088
          },
          {
            "x": 684,
            "y": 1088
          },
          {
            "x": 685,
            "y": 1087
          },
          {
            "x": 688.0,
            "y": 1087
          },
          {
            "x": 689,
            "y": 1086
          },
          {
            "x": 691,
            "y": 1086
          },
          {
            "x": 692,
            "y": 1085
          },
          {
            "x": 694,
            "y": 1085
          },
          {
            "x": 695,
            "y": 1084
          },
          {
            "x": 698,
            "y": 1084
          },
          {
            "x": 699,
            "y": 1083
          },
          {
            "x": 701,
            "y": 1083
          },
          {
            "x": 702,
            "y": 1082
          },
          {
            "x": 703,
            "y": 1082
          },
          {
            "x": 704,
            "y": 1081
          },
          {
            "x": 707,
            "y": 1081
          },
          {
            "x": 708,
            "y": 1080
          },
          {
            "x": 712,
            "y": 1080
          },
          {
            "x": 713,
            "y": 1079
          },
          {
            "x": 715,
            "y": 1079
          },
          {
            "x": 716,
            "y": 1078
          },
          {
            "x": 719,
            "y": 1078
          },
          {
            "x": 720,
            "y": 1077
          },
          {
            "x": 721,
            "y": 1077
          },
          {
            "x": 722,
            "y": 1076
          },
          {
            "x": 723,
            "y": 1076
          },
          {
            "x": 724,
            "y": 1075
          },
          {
            "x": 725,
            "y": 1075
          },
          {
            "x": 727,
            "y": 1073
          },
          {
            "x": 727,
            "y": 1072
          },
          {
            "x": 728,
            "y": 1071
          },
          {
            "x": 728,
            "y": 1070
          },
          {
            "x": 729,
            "y": 1069
          },
          {
            "x": 729,
            "y": 1068
          },
          {
            "x": 730,
            "y": 1067
          },
          {
            "x": 730,
            "y": 1065
          },
          {
            "x": 731.0,
            "y": 1064
          },
          {
            "x": 731.0,
            "y": 1063
          },
          {
            "x": 732,
            "y": 1062
          },
          {
            "x": 732,
            "y": 1061
          },
          {
            "x": 733,
            "y": 1060
          },
          {
            "x": 733,
            "y": 1058
          },
          {
            "x": 734,
            "y": 1057
          },
          {
            "x": 734,
            "y": 1056
          },
          {
            "x": 735,
            "y": 1055
          },
          {
            "x": 735,
            "y": 1053
          },
          {
            "x": 736.0,
            "y": 1052
          },
          {
            "x": 736.0,
            "y": 1039
          },
          {
            "x": 737,
            "y": 1038
          },
          {
            "x": 737,
            "y": 1036
          },
          {
            "x": 738,
            "y": 1035
          },
          {
            "x": 738,
            "y": 1031
          },
          {
            "x": 737,
            "y": 1030
          },
          {
            "x": 737,
            "y": 1029
          },
          {
            "x": 736.0,
            "y": 1028
          },
          {
            "x": 736.0,
            "y": 1027
          },
          {
            "x": 735,
            "y": 1026
          },
          {
            "x": 734,
            "y": 1026
          },
          {
            "x": 733,
            "y": 1025
          },
          {
            "x": 733,
            "y": 1024
          },
          {
            "x": 731.0,
            "y": 1022
          },
          {
            "x": 731.0,
            "y": 1020
          },
          {
            "x": 730,
            "y": 1019
          },
          {
            "x": 730,
            "y": 1017
          },
          {
            "x": 729,
            "y": 1016
          },
          {
            "x": 729,
            "y": 1014
          },
          {
            "x": 728,
            "y": 1013
          },
          {
            "x": 728,
            "y": 1011
          },
          {
            "x": 727,
            "y": 1010
          },
          {
            "x": 727,
            "y": 1004
          },
          {
            "x": 726,
            "y": 1003
          },
          {
            "x": 726,
            "y": 1.0e3
          },
          {
            "x": 725,
            "y": 999
          },
          {
            "x": 725,
            "y": 998
          },
          {
            "x": 724,
            "y": 997
          },
          {
            "x": 724,
            "y": 993
          },
          {
            "x": 723,
            "y": 992
          },
          {
            "x": 723,
            "y": 991
          },
          {
            "x": 722,
            "y": 990.0
          },
          {
            "x": 722,
            "y": 988
          },
          {
            "x": 721,
            "y": 987
          },
          {
            "x": 721,
            "y": 985.0
          },
          {
            "x": 719,
            "y": 983
          },
          {
            "x": 719,
            "y": 982
          },
          {
            "x": 718,
            "y": 981
          },
          {
            "x": 718,
            "y": 976
          },
          {
            "x": 720,
            "y": 974
          },
          {
            "x": 720,
            "y": 973
          },
          {
            "x": 721,
            "y": 972
          },
          {
            "x": 721,
            "y": 968
          },
          {
            "x": 722,
            "y": 967
          },
          {
            "x": 722,
            "y": 964
          },
          {
            "x": 723,
            "y": 963
          },
          {
            "x": 723,
            "y": 961
          },
          {
            "x": 724,
            "y": 960
          },
          {
            "x": 724,
            "y": 940
          },
          {
            "x": 725,
            "y": 939
          },
          {
            "x": 725,
            "y": 937
          },
          {
            "x": 726,
            "y": 936
          },
          {
            "x": 726,
            "y": 934
          },
          {
            "x": 727,
            "y": 933
          },
          {
            "x": 727,
            "y": 915
          },
          {
            "x": 726,
            "y": 914
          },
          {
            "x": 726,
            "y": 913
          },
          {
            "x": 725,
            "y": 912.0
          },
          {
            "x": 725,
            "y": 911
          },
          {
            "x": 724,
            "y": 910
          },
          {
            "x": 724,
            "y": 894
          },
          {
            "x": 725,
            "y": 893
          },
          {
            "x": 725,
            "y": 891
          },
          {
            "x": 726,
            "y": 890
          },
          {
            "x": 726,
            "y": 888
          },
          {
            "x": 727,
            "y": 887.0
          },
          {
            "x": 727,
            "y": 879
          },
          {
            "x": 726,
            "y": 879
          },
          {
            "x": 721,
            "y": 874
          },
          {
            "x": 721,
            "y": 872
          },
          {
            "x": 720,
            "y": 871
          },
          {
            "x": 720,
            "y": 869
          },
          {
            "x": 719,
            "y": 868
          },
          {
            "x": 719,
            "y": 867
          },
          {
            "x": 718,
            "y": 866
          },
          {
            "x": 718,
            "y": 864
          },
          {
            "x": 715,
            "y": 861
          },
          {
            "x": 715,
            "y": 859
          },
          {
            "x": 714,
            "y": 858
          },
          {
            "x": 714,
            "y": 857
          },
          {
            "x": 713,
            "y": 856
          },
          {
            "x": 713,
            "y": 854
          },
          {
            "x": 712,
            "y": 853
          },
          {
            "x": 712,
            "y": 849
          },
          {
            "x": 711,
            "y": 848
          },
          {
            "x": 711,
            "y": 847
          },
          {
            "x": 708,
            "y": 844.0
          },
          {
            "x": 707,
            "y": 844.0
          },
          {
            "x": 704,
            "y": 841
          },
          {
            "x": 704,
            "y": 840
          },
          {
            "x": 703,
            "y": 839.0
          },
          {
            "x": 703,
            "y": 838
          },
          {
            "x": 701,
            "y": 836
          },
          {
            "x": 701,
            "y": 834.0
          },
          {
            "x": 700,
            "y": 834.0
          },
          {
            "x": 697,
            "y": 831
          },
          {
            "x": 696,
            "y": 831
          },
          {
            "x": 695,
            "y": 830
          },
          {
            "x": 695,
            "y": 829.0
          },
          {
            "x": 694,
            "y": 828
          },
          {
            "x": 693,
            "y": 828
          },
          {
            "x": 692,
            "y": 827
          },
          {
            "x": 692,
            "y": 826
          },
          {
            "x": 691,
            "y": 825
          },
          {
            "x": 690,
            "y": 825
          },
          {
            "x": 684,
            "y": 819.0
          },
          {
            "x": 683.0,
            "y": 819.0
          },
          {
            "x": 680,
            "y": 816
          },
          {
            "x": 679,
            "y": 816
          },
          {
            "x": 677,
            "y": 814.0
          },
          {
            "x": 676,
            "y": 814.0
          },
          {
            "x": 675,
            "y": 813
          },
          {
            "x": 673.0,
            "y": 813
          },
          {
            "x": 672,
            "y": 812
          },
          {
            "x": 671,
            "y": 812
          },
          {
            "x": 670,
            "y": 811
          },
          {
            "x": 669,
            "y": 811
          },
          {
            "x": 668.0,
            "y": 810
          },
          {
            "x": 665,
            "y": 810
          },
          {
            "x": 664,
            "y": 809.0
          },
          {
            "x": 663.0,
            "y": 809.0
          },
          {
            "x": 662,
            "y": 808
          },
          {
            "x": 657,
            "y": 808
          },
          {
            "x": 656,
            "y": 809.0
          },
          {
            "x": 654,
            "y": 809.0
          },
          {
            "x": 653.0,
            "y": 810
          },
          {
            "x": 651,
            "y": 810
          },
          {
            "x": 650,
            "y": 811
          },
          {
            "x": 648,
            "y": 811
          },
          {
            "x": 647,
            "y": 812
          },
          {
            "x": 646,
            "y": 812
          },
          {
            "x": 645,
            "y": 813
          },
          {
            "x": 642,
            "y": 813
          },
          {
            "x": 641,
            "y": 812
          },
          {
            "x": 641,
            "y": 785
          },
          {
            "x": 640,
            "y": 784
          },
          {
            "x": 640,
            "y": 782
          },
          {
            "x": 639,
            "y": 781
          },
          {
            "x": 639,
            "y": 780
          },
          {
            "x": 638,
            "y": 779
          },
          {
            "x": 638,
            "y": 768
          },
          {
            "x": 637,
            "y": 767
          },
          {
            "x": 637,
            "y": 761.0
          },
          {
            "x": 636,
            "y": 760
          },
          {
            "x": 636,
            "y": 757
          },
          {
            "x": 635,
            "y": 756.0
          },
          {
            "x": 635,
            "y": 754
          },
          {
            "x": 634,
            "y": 753
          },
          {
            "x": 634,
            "y": 752
          },
          {
            "x": 632,
            "y": 750
          },
          {
            "x": 632,
            "y": 749
          },
          {
            "x": 630,
            "y": 747
          },
          {
            "x": 630,
            "y": 745
          }
        ]
      },
      "text": {
        "text": "Tartlet"
      }
    }
  ]
}