{
  "image": {
    "width": 5472,
    "height": 3648,
    "filename": "00000051.JPG",
    "original_filename": "EP-00-00012_0119_0008.JPG",
    "url": "https://darwin.v7labs.com/api/images/1221652/original?token=43ffe058-ebd2-4afa-8955-89cf45e925a6",
    "thumbnail_url": "https://darwin.v7labs.com/api/images/1221652/thumbnail?token=43ffe058-ebd2-4afa-8955-89cf45e925a6",
    "workview_url": "https://darwin.v7labs.com/workview?dataset=1190&image=51"
  },
  "dataset": "Mapping_1",
  "annotated": true,
  "annotations": [
    {
      "annotator": {
        "email": "order@bex.kg",
        "full_name": "Zhaparova  Nurzhan"
      },
      "bounding_box": {
        "h": 303.56,
        "w": 204.11,
        "x": 3.23,
        "y": 2232.32
      },
      "name": "Vehicle "
    },
    {
      "annotator": {
        "email": "order@bex.kg",
        "full_name": "Zhaparova  Nurzhan"
      },
      "bounding_box": {
        "h": 162.25,
        "w": 183.18,
        "x": 192.92,
        "y": 2031.14
      },
      "name": "Vehicle "
    },
    {
      "annotator": {
        "email": "order@bex.kg",
        "full_name": "Zhaparova  Nurzhan"
      },
      "bounding_box": {
        "h": 214.58,
        "w": 198.88,
        "x": 611.61,
        "y": 1554.87
      },
      "name": "Vehicle "
    },
    {
      "annotator": {
        "email": "order@bex.kg",
        "full_name": "Zhaparova  Nurzhan"
      },
      "bounding_box": {
        "h": 193.65,
        "w": 204.11,
        "x": 768.62,
        "y": 1382.16
      },
      "name": "Vehicle "
    },
    {
      "annotator": {
        "email": "order@bex.kg",
        "full_name": "Zhaparova  Nurzhan"
      },
      "bounding_box": {
        "h": 198.88,
        "w": 240.75,
        "x": 779.09,
        "y": 1078.6
      },
      "name": "Vehicle "
    },
    {
      "annotator": {
        "email": "order@bex.kg",
        "full_name": "Zhaparova  Nurzhan"
      },
      "bounding_box": {
        "h": 198.88,
        "w": 219.82,
        "x": 883.77,
        "y": 973.93
      },
      "name": "Vehicle "
    },
    {
      "annotator": {
        "email": "order@bex.kg",
        "full_name": "Zhaparova  Nurzhan"
      },
      "bounding_box": {
        "h": 188.41,
        "w": 188.41,
        "x": 1134.98,
        "y": 680.84
      },
      "name": "Vehicle "
    },
    {
      "annotator": {
        "email": "order@bex.kg",
        "full_name": "Zhaparova  Nurzhan"
      },
      "bounding_box": {
        "h": 173.57,
        "w": 173.57,
        "x": 1223.89,
        "y": 515.18
      },
      "name": "Vehicle "
    },
    {
      "annotator": {
        "email": "order@bex.kg",
        "full_name": "Zhaparova  Nurzhan"
      },
      "bounding_box": {
        "h": 226.97,
        "w": 213.62,
        "x": 1539.87,
        "y": 363.86
      },
      "name": "Vehicle "
    },
    {
      "annotator": {
        "email": "order@bex.kg",
        "full_name": "Zhaparova  Nurzhan"
      },
      "bounding_box": {
        "h": 204.72,
        "w": 120.16,
        "x": 2964.01,
        "y": 506.28
      },
      "name": "Vehicle "
    },
    {
      "annotator": {
        "email": "order@bex.kg",
        "full_name": "Zhaparova  Nurzhan"
      },
      "bounding_box": {
        "h": 218.07,
        "w": 204.72,
        "x": 1361.85,
        "y": 2028.33
      },
      "name": "Vehicle "
    },
    {
      "annotator": {
        "email": "order@bex.kg",
        "full_name": "Zhaparova  Nurzhan"
      },
      "bounding_box": {
        "h": 229.77,
        "w": 139.66,
        "x": 2307.7,
        "y": 1901.83
      },
      "name": "Vehicle "
    },
    {
      "annotator": {
        "email": "order@bex.kg",
        "full_name": "Zhaparova  Nurzhan"
      },
      "bounding_box": {
        "h": 252.29,
        "w": 126.15,
        "x": 2127.5,
        "y": 2235.22
      },
      "name": "Vehicle "
    },
    {
      "annotator": {
        "email": "order@bex.kg",
        "full_name": "Zhaparova  Nurzhan"
      },
      "bounding_box": {
        "h": 229.77,
        "w": 135.16,
        "x": 2447.37,
        "y": 2419.93
      },
      "name": "Vehicle "
    },
    {
      "annotator": {
        "email": "order@bex.kg",
        "full_name": "Zhaparova  Nurzhan"
      },
      "bounding_box": {
        "h": 182.43,
        "w": 150.5,
        "x": 1730.76,
        "y": 2558.99
      },
      "name": "Vehicle "
    },
    {
      "annotator": {
        "email": "order@bex.kg",
        "full_name": "Zhaparova  Nurzhan"
      },
      "bounding_box": {
        "h": 200.67,
        "w": 114.02,
        "x": 1935.99,
        "y": 2759.66
      },
      "name": "Vehicle "
    },
    {
      "annotator": {
        "email": "order@bex.kg",
        "full_name": "Zhaparova  Nurzhan"
      },
      "bounding_box": {
        "h": 437.12,
        "w": 610.46,
        "x": 4432.67,
        "y": 672.88
      },
      "name": "Vehicle "
    },
    {
      "annotator": {
        "email": "order@bex.kg",
        "full_name": "Zhaparova  Nurzhan"
      },
      "name": "Building Polygon",
      "polygon": {
        "path": [
          {
            "x": 4.37,
            "y": 3647.32
          },
          {
            "x": 311.7,
            "y": 3292.3
          },
          {
            "x": 123.28,
            "y": 3092.39
          },
          {
            "x": 668.43,
            "y": 2490.94
          },
          {
            "x": 777.01,
            "y": 2594.34
          },
          {
            "x": 901.09,
            "y": 2470.26
          },
          {
            "x": 1169.93,
            "y": 2408.22
          },
          {
            "x": 2085.03,
            "y": 3204.41
          },
          {
            "x": 2585.38,
            "y": 3646.74
          }
        ]
      }
    },
    {
      "annotator": {
        "email": "order@bex.kg",
        "full_name": "Zhaparova  Nurzhan"
      },
      "bounding_box": {
        "h": 226.1,
        "w": 226.1,
        "x": 1098.6,
        "y": 166.7
      },
      "name": "Vehicle "
    },
    {
      "annotator": {
        "email": "order@bex.kg",
        "full_name": "Zhaparova  Nurzhan"
      },
      "name": "Road ",
      "polygon": {
        "path": [
          {
            "x": 2661.38,
            "y": 116.56
          },
          {
            "x": 2702.61,
            "y": 134.63
          },
          {
            "x": 2748.22,
            "y": 265.67
          },
          {
            "x": 2825.26,
            "y": 539.26
          },
          {
            "x": 2906.51,
            "y": 783.0
          },
          {
            "x": 3024.68,
            "y": 1233.53
          },
          {
            "x": 3105.92,
            "y": 1447.72
          },
          {
            "x": 3224.1,
            "y": 1890.87
          },
          {
            "x": 3320.11,
            "y": 2156.76
          },
          {
            "x": 3430.9,
            "y": 2577.75
          },
          {
            "x": 3534.3,
            "y": 2991.35
          },
          {
            "x": 3740.11,
            "y": 3646.79
          },
          {
            "x": 4195.67,
            "y": 3652.91
          },
          {
            "x": 4034.68,
            "y": 3134.55
          },
          {
            "x": 3877.66,
            "y": 2563.03
          },
          {
            "x": 3858.82,
            "y": 2512.78
          },
          {
            "x": 3890.23,
            "y": 2468.82
          },
          {
            "x": 3877.66,
            "y": 2412.3
          },
          {
            "x": 3833.7,
            "y": 2399.73
          },
          {
            "x": 3595.04,
            "y": 1627.24
          },
          {
            "x": 3482.0,
            "y": 1250.41
          },
          {
            "x": 3299.86,
            "y": 653.77
          },
          {
            "x": 3211.94,
            "y": 327.19
          },
          {
            "x": 3111.45,
            "y": 13.16
          },
          {
            "x": 2659.26,
            "y": -5.68
          },
          {
            "x": 2056.33,
            "y": 662.14
          },
          {
            "x": 2004.0,
            "y": 693.55
          },
          {
            "x": 1817.35,
            "y": 533.7
          },
          {
            "x": 1416.81,
            "y": 884.64
          },
          {
            "x": 918.61,
            "y": 1364.66
          },
          {
            "x": 979.69,
            "y": 1426.33
          },
          {
            "x": 966.58,
            "y": 1454.68
          },
          {
            "x": 879.78,
            "y": 1560.97
          },
          {
            "x": 814.56,
            "y": 1649.66
          },
          {
            "x": 746.46,
            "y": 1726.47
          },
          {
            "x": 695.21,
            "y": 1767.21
          },
          {
            "x": 647.23,
            "y": 1774.04
          },
          {
            "x": 601.76,
            "y": 1735.78
          },
          {
            "x": 468.43,
            "y": 1869.46
          },
          {
            "x": 328.62,
            "y": 2034.68
          },
          {
            "x": 376.65,
            "y": 2083.12
          },
          {
            "x": 356.72,
            "y": 2120.87
          },
          {
            "x": 330.18,
            "y": 2154.99
          },
          {
            "x": 272.99,
            "y": 2212.4
          },
          {
            "x": 189.83,
            "y": 2198.8
          },
          {
            "x": 153.86,
            "y": 2246.68
          },
          {
            "x": 214.81,
            "y": 2320.67
          },
          {
            "x": -1.34,
            "y": 2551.85
          },
          {
            "x": 2.58,
            "y": 2972.02
          },
          {
            "x": 553.28,
            "y": 2384.13
          },
          {
            "x": 635.78,
            "y": 2362.98
          },
          {
            "x": 1040.14,
            "y": 1878.52
          },
          {
            "x": 1394.36,
            "y": 1843.09
          },
          {
            "x": 1525.14,
            "y": 1943.91
          },
          {
            "x": 1536.04,
            "y": 1962.98
          },
          {
            "x": 1519.69,
            "y": 2017.48
          },
          {
            "x": 1582.36,
            "y": 2063.8
          },
          {
            "x": 1448.85,
            "y": 2254.53
          },
          {
            "x": 1418.88,
            "y": 2254.53
          },
          {
            "x": 1312.61,
            "y": 2344.45
          },
          {
            "x": 1320.79,
            "y": 2374.42
          },
          {
            "x": 1348.03,
            "y": 2360.8
          },
          {
            "x": 1473.37,
            "y": 2464.34
          },
          {
            "x": 1465.2,
            "y": 2467.06
          },
          {
            "x": 1511.52,
            "y": 2507.93
          },
          {
            "x": 1574.19,
            "y": 2434.37
          },
          {
            "x": 1582.36,
            "y": 2423.47
          },
          {
            "x": 1710.43,
            "y": 2472.51
          },
          {
            "x": 1748.57,
            "y": 2412.57
          },
          {
            "x": 1639.58,
            "y": 2366.25
          },
          {
            "x": 1683.18,
            "y": 2243.63
          },
          {
            "x": 1781.27,
            "y": 2268.16
          },
          {
            "x": 1803.07,
            "y": 2273.6
          },
          {
            "x": 1773.1,
            "y": 2379.87
          },
          {
            "x": 1816.69,
            "y": 2374.42
          },
          {
            "x": 1833.04,
            "y": 2398.94
          },
          {
            "x": 1803.07,
            "y": 2491.59
          },
          {
            "x": 1775.82,
            "y": 2543.36
          },
          {
            "x": 1655.93,
            "y": 2671.42
          },
          {
            "x": 1639.58,
            "y": 2690.49
          },
          {
            "x": 2119.71,
            "y": 3096.86
          },
          {
            "x": 2308.93,
            "y": 2880.61
          },
          {
            "x": 2267.87,
            "y": 2477.32
          },
          {
            "x": 2162.79,
            "y": 2497.03
          },
          {
            "x": 2120.1,
            "y": 2234.33
          },
          {
            "x": 2079.89,
            "y": 1982.54
          },
          {
            "x": 2177.62,
            "y": 1949.96
          },
          {
            "x": 2163.66,
            "y": 1828.96
          },
          {
            "x": 2219.51,
            "y": 1805.7
          },
          {
            "x": 2252.08,
            "y": 1824.31
          },
          {
            "x": 2266.04,
            "y": 1908.08
          },
          {
            "x": 2377.73,
            "y": 1889.46
          },
          {
            "x": 2452.19,
            "y": 2108.19
          },
          {
            "x": 2752.36,
            "y": 3213.79
          },
          {
            "x": 2688.43,
            "y": 3281.09
          },
          {
            "x": 2705.25,
            "y": 3392.14
          },
          {
            "x": 2841.77,
            "y": 3522.17
          },
          {
            "x": 2795.96,
            "y": 3651.59
          },
          {
            "x": 3148.39,
            "y": 3649.99
          },
          {
            "x": 2853.9,
            "y": 2672.03
          },
          {
            "x": 2668.97,
            "y": 2084.47
          },
          {
            "x": 2579.38,
            "y": 1709.79
          },
          {
            "x": 2473.49,
            "y": 1359.54
          },
          {
            "x": 2392.04,
            "y": 1164.05
          },
          {
            "x": 2172.11,
            "y": 895.26
          },
          {
            "x": 2070.74,
            "y": 754.24
          },
          {
            "x": 2277.86,
            "y": 538.45
          },
          {
            "x": 2364.79,
            "y": 434.46
          },
          {
            "x": 2420.73,
            "y": 384.3
          },
          {
            "x": 2489.42,
            "y": 309.41
          }
        ]
      }
    },
    {
      "annotator": {
        "email": "order@bex.kg",
        "full_name": "Zhaparova  Nurzhan"
      },
      "name": "Spring field Polygon ",
      "polygon": {
        "path": [
          {
            "x": 3581.24,
            "y": 1131.33
          },
          {
            "x": 5441.08,
            "y": 100.15
          },
          {
            "x": 5488.73,
            "y": 5.68
          },
          {
            "x": 3133.25,
            "y": -8.45
          },
          {
            "x": 3459.07,
            "y": 1118.31
          }
        ]
      }
    },
    {
      "annotator": {
        "email": "order@bex.kg",
        "full_name": "Zhaparova  Nurzhan"
      },
      "name": "Spring field Polygon ",
      "polygon": {
        "path": [
          {
            "x": 3863.09,
            "y": 1261.76
          },
          {
            "x": 4039.57,
            "y": 1044.55
          },
          {
            "x": 4392.53,
            "y": 840.92
          },
          {
            "x": 4745.49,
            "y": 637.29
          },
          {
            "x": 5098.45,
            "y": 447.23
          },
          {
            "x": 5473.7,
            "y": 240.36
          },
          {
            "x": 5474.18,
            "y": 3648.53
          },
          {
            "x": 4465.0,
            "y": 3644.36
          },
          {
            "x": 4121.02,
            "y": 2415.67
          },
          {
            "x": 3917.39,
            "y": 1777.63
          }
        ]
      }
    },
    {
      "annotator": {
        "email": "order@bex.kg",
        "full_name": "Zhaparova  Nurzhan"
      },
      "name": "Road ",
      "polygon": {
        "path": [
          {
            "x": 5472.87,
            "y": 76.39
          },
          {
            "x": 5220.87,
            "y": 205.23
          },
          {
            "x": 4503.4,
            "y": 592.99
          },
          {
            "x": 4270.37,
            "y": 721.53
          },
          {
            "x": 4231.7,
            "y": 674.76
          },
          {
            "x": 4131.47,
            "y": 722.24
          },
          {
            "x": 4144.66,
            "y": 780.27
          },
          {
            "x": 3593.77,
            "y": 1131.55
          },
          {
            "x": 3604.89,
            "y": 1166.46
          },
          {
            "x": 3732.32,
            "y": 1654.94
          },
          {
            "x": 3946.82,
            "y": 2375.45
          },
          {
            "x": 4183.59,
            "y": 3151.78
          },
          {
            "x": 4314.43,
            "y": 3644.0
          },
          {
            "x": 4467.89,
            "y": 3646.97
          },
          {
            "x": 4301.97,
            "y": 3052.09
          },
          {
            "x": 4172.76,
            "y": 2593.33
          },
          {
            "x": 3953.05,
            "y": 1868.28
          },
          {
            "x": 3865.82,
            "y": 1562.98
          },
          {
            "x": 3840.9,
            "y": 1444.6
          },
          {
            "x": 3870.78,
            "y": 1270.5
          },
          {
            "x": 3939.62,
            "y": 1124.24
          },
          {
            "x": 4061.27,
            "y": 1017.65
          },
          {
            "x": 4407.89,
            "y": 809.08
          },
          {
            "x": 4837.36,
            "y": 573.81
          },
          {
            "x": 5192.94,
            "y": 372.93
          },
          {
            "x": 5473.32,
            "y": 229.63
          }
        ]
      }
    },
    {
      "annotator": {
        "email": "order@bex.kg",
        "full_name": "Zhaparova  Nurzhan"
      },
      "name": "Spring field Polygon ",
      "polygon": {
        "path": [
          {
            "x": 1.97,
            "y": 2223.28
          },
          {
            "x": 125.29,
            "y": 2244.22
          },
          {
            "x": 183.46,
            "y": 2181.39
          },
          {
            "x": 185.79,
            "y": 2144.16
          },
          {
            "x": 271.88,
            "y": 2039.45
          },
          {
            "x": 311.44,
            "y": 2032.47
          },
          {
            "x": 460.36,
            "y": 1857.96
          },
          {
            "x": 592.99,
            "y": 1723.0
          },
          {
            "x": 748.89,
            "y": 1553.14
          },
          {
            "x": 900.14,
            "y": 1373.97
          },
          {
            "x": 930.39,
            "y": 1336.74
          },
          {
            "x": 618.59,
            "y": 1034.24
          },
          {
            "x": 248.62,
            "y": 634.02
          },
          {
            "x": 211.39,
            "y": 571.2
          },
          {
            "x": 295.15,
            "y": 457.18
          },
          {
            "x": 474.32,
            "y": 310.59
          },
          {
            "x": 560.42,
            "y": 243.11
          },
          {
            "x": 495.26,
            "y": 145.38
          },
          {
            "x": 604.63,
            "y": 45.32
          },
          {
            "x": 681.41,
            "y": 110.47
          },
          {
            "x": 737.26,
            "y": 131.42
          },
          {
            "x": 821.03,
            "y": 136.07
          },
          {
            "x": 895.49,
            "y": 124.44
          },
          {
            "x": 923.41,
            "y": 84.88
          },
          {
            "x": 839.64,
            "y": 3.44
          },
          {
            "x": 1314.32,
            "y": 1.11
          },
          {
            "x": 1619.14,
            "y": 336.18
          },
          {
            "x": 1812.28,
            "y": 529.31
          },
          {
            "x": 1958.87,
            "y": 659.62
          },
          {
            "x": 1998.43,
            "y": 694.52
          },
          {
            "x": 2044.96,
            "y": 666.6
          },
          {
            "x": 2207.84,
            "y": 475.79
          },
          {
            "x": 2473.11,
            "y": 184.93
          },
          {
            "x": 2640.64,
            "y": 3.44
          },
          {
            "x": -0.36,
            "y": 3.44
          }
        ]
      }
    },
    {
      "annotator": {
        "email": "order@bex.kg",
        "full_name": "Zhaparova  Nurzhan"
      },
      "name": "Building Polygon",
      "polygon": {
        "path": [
          {
            "x": 2361.9,
            "y": 433.82
          },
          {
            "x": 2482.13,
            "y": 832.29
          },
          {
            "x": 2690.9,
            "y": 768.69
          },
          {
            "x": 2565.87,
            "y": 378.73
          }
        ]
      }
    },
    {
      "annotator": {
        "email": "order@bex.kg",
        "full_name": "Zhaparova  Nurzhan"
      },
      "name": "Building Polygon",
      "polygon": {
        "path": [
          {
            "x": 2310.46,
            "y": 1003.76
          },
          {
            "x": 2424.63,
            "y": 924.44
          },
          {
            "x": 2473.91,
            "y": 997.75
          },
          {
            "x": 2554.43,
            "y": 1128.75
          },
          {
            "x": 2433.05,
            "y": 1205.66
          },
          {
            "x": 2353.73,
            "y": 1079.47
          }
        ]
      }
    },
    {
      "annotator": {
        "email": "order@bex.kg",
        "full_name": "Zhaparova  Nurzhan"
      },
      "name": "Building Polygon",
      "polygon": {
        "path": [
          {
            "x": 2608.51,
            "y": 946.07
          },
          {
            "x": 2723.88,
            "y": 904.01
          },
          {
            "x": 2777.96,
            "y": 1061.45
          },
          {
            "x": 2755.13,
            "y": 1072.26
          },
          {
            "x": 2755.13,
            "y": 1080.68
          },
          {
            "x": 2664.99,
            "y": 1108.32
          },
          {
            "x": 2657.78,
            "y": 1101.11
          }
        ]
      }
    },
    {
      "annotator": {
        "email": "order@bex.kg",
        "full_name": "Zhaparova  Nurzhan"
      },
      "name": "Building Polygon",
      "polygon": {
        "path": [
          {
            "x": 2585.27,
            "y": 1214.07
          },
          {
            "x": 2794.57,
            "y": 1151.94
          },
          {
            "x": 2859.68,
            "y": 1362.3
          },
          {
            "x": 2651.29,
            "y": 1425.41
          }
        ]
      }
    },
    {
      "annotator": {
        "email": "order@bex.kg",
        "full_name": "Zhaparova  Nurzhan"
      },
      "name": "Building Polygon",
      "polygon": {
        "path": [
          {
            "x": 2578.61,
            "y": 1571.79
          },
          {
            "x": 2905.63,
            "y": 1471.64
          },
          {
            "x": 2929.13,
            "y": 1500.26
          },
          {
            "x": 2944.46,
            "y": 1530.92
          },
          {
            "x": 2956.73,
            "y": 1572.81
          },
          {
            "x": 2957.75,
            "y": 1620.85
          },
          {
            "x": 2948.55,
            "y": 1635.15
          },
          {
            "x": 2630.73,
            "y": 1729.17
          }
        ]
      }
    },
    {
      "annotator": {
        "email": "order@bex.kg",
        "full_name": "Zhaparova  Nurzhan"
      },
      "name": "Building Polygon",
      "polygon": {
        "path": [
          {
            "x": 2669.56,
            "y": 1796.62
          },
          {
            "x": 2967.97,
            "y": 1705.67
          },
          {
            "x": 3064.03,
            "y": 2005.09
          },
          {
            "x": 2761.54,
            "y": 2097.07
          }
        ]
      }
    },
    {
      "annotator": {
        "email": "order@bex.kg",
        "full_name": "Zhaparova  Nurzhan"
      },
      "name": "Building Polygon",
      "polygon": {
        "path": [
          {
            "x": 2772.78,
            "y": 2165.54
          },
          {
            "x": 3075.27,
            "y": 2075.61
          },
          {
            "x": 3167.24,
            "y": 2369.92
          },
          {
            "x": 2866.8,
            "y": 2463.94
          }
        ]
      }
    }
  ]
}