{
  "image": {
    "width": 5472,
    "height": 3648,
    "filename": "00000013.JPG",
    "original_filename": "EP-00-00012_0119_0047.JPG",
    "url": "https://darwin.v7labs.com/api/images/1221692/original?token=352cf892-311a-4ca4-80fd-3f05fb7d64b8",
    "thumbnail_url": "https://darwin.v7labs.com/api/images/1221692/thumbnail?token=352cf892-311a-4ca4-80fd-3f05fb7d64b8",
    "workview_url": "https://darwin.v7labs.com/workview?dataset=1191&image=13"
  },
  "dataset": "Mapping_2",
  "annotated": true,
  "annotations": [
    {
      "annotator": {
        "email": "begimbaeva.s95@gmail.com",
        "full_name": "Saltanat Begimbaeva"
      },
      "name": "Spring Field Polygon ",
      "polygon": {
        "path": [
          {
            "x": 5.97,
            "y": 1124.59
          },
          {
            "x": 761.29,
            "y": 1069.75
          },
          {
            "x": 1563.87,
            "y": 1016.25
          },
          {
            "x": 2767.75,
            "y": 962.74
          },
          {
            "x": 3561.41,
            "y": 900.32
          },
          {
            "x": 3632.75,
            "y": 1408.62
          },
          {
            "x": 3784.35,
            "y": 2523.32
          },
          {
            "x": 3962.7,
            "y": 3646.93
          },
          {
            "x": 5460.85,
            "y": 3495.33
          },
          {
            "x": 5460.85,
            "y": 2122.03
          },
          {
            "x": 5469.77,
            "y": 1051.92
          },
          {
            "x": 5460.85,
            "y": -0.36
          },
          {
            "x": 4702.86,
            "y": -9.27
          },
          {
            "x": 2509.14,
            "y": 8.56
          },
          {
            "x": 618.61,
            "y": -0.36
          },
          {
            "x": -1.61,
            "y": -1.69
          }
        ]
      }
    }
  ]
}