{
  "image": {
    "width": 1280,
    "height": 832,
    "filename": "00000007.jpg",
    "original_filename": "adult-festival-horses-london-345045.jpg",
    "url": "https://darwin.v7labs.com/api/images/1221733/original?token=b19ef416-03ed-4ae6-a438-a83286cfedf7",
    "thumbnail_url": "https://darwin.v7labs.com/api/images/1221733/thumbnail?token=b19ef416-03ed-4ae6-a438-a83286cfedf7",
    "workview_url": "https://darwin.v7labs.com/workview?dataset=1192&image=7"
  },
  "dataset": "Mapping_3",
  "annotated": true,
  "annotations": [
    {
      "annotator": {
        "email": "corporate@bex.kg",
        "full_name": "Aizada Tynchybek kyzy"
      },
      "bounding_box": {
        "h": 642.78,
        "w": 747.5,
        "x": 393.36,
        "y": 179.11
      },
      "name": "Animal "
    },
    {
      "annotator": {
        "email": "corporate@bex.kg",
        "full_name": "Aizada Tynchybek kyzy"
      },
      "bounding_box": {
        "h": 440.56,
        "w": 144.44,
        "x": 678.64,
        "y": 103.28
      },
      "name": "Person "
    },
    {
      "annotator": {
        "email": "corporate@bex.kg",
        "full_name": "Aizada Tynchybek kyzy"
      },
      "bounding_box": {
        "h": 241.94,
        "w": 54.17,
        "x": 779.75,
        "y": 94.25
      },
      "name": "Person "
    },
    {
      "annotator": {
        "email": "corporate@bex.kg",
        "full_name": "Aizada Tynchybek kyzy"
      },
      "bounding_box": {
        "h": 133.61,
        "w": 111.94,
        "x": 893.5,
        "y": 3.97
      },
      "name": "Traffic light "
    },
    {
      "annotator": {
        "email": "corporate@bex.kg",
        "full_name": "Aizada Tynchybek kyzy"
      },
      "bounding_box": {
        "h": 335.83,
        "w": 137.22,
        "x": 360.86,
        "y": 307.31
      },
      "name": "Person "
    }
  ]
}