{
  "image": {
    "width": 5472,
    "height": 3648,
    "filename": "00000069.JPG",
    "original_filename": "EP-00-00012_0119_0026.JPG",
    "url": "https://darwin.v7labs.com/api/images/1221670/original?token=43ffe058-ebd2-4afa-8955-89cf45e925a6",
    "thumbnail_url": "https://darwin.v7labs.com/api/images/1221670/thumbnail?token=43ffe058-ebd2-4afa-8955-89cf45e925a6",
    "workview_url": "https://darwin.v7labs.com/workview?dataset=1190&image=69"
  },
  "dataset": "Mapping_1",
  "annotated": true,
  "annotations": [
    {
      "annotator": {
        "email": "order@bex.kg",
        "full_name": "Zhaparova  Nurzhan"
      },
      "name": "Building Polygon",
      "polygon": {
        "path": [
          {
            "x": 1451.61,
            "y": 2240.56
          },
          {
            "x": 5428.57,
            "y": 644.19
          },
          {
            "x": 5464.76,
            "y": 593.52
          },
          {
            "x": 5472.0,
            "y": 3631.11
          },
          {
            "x": 1919.92,
            "y": 3655.24
          }
        ]
      }
    },
    {
      "annotator": {
        "email": "order@bex.kg",
        "full_name": "Zhaparova  Nurzhan"
      },
      "name": "Building Polygon",
      "polygon": {
        "path": [
          {
            "x": 1390.0,
            "y": -2.45
          },
          {
            "x": 1463.27,
            "y": 374.38
          },
          {
            "x": 1290.56,
            "y": 437.18
          },
          {
            "x": 1395.23,
            "y": 923.92
          },
          {
            "x": 1431.87,
            "y": 976.26
          },
          {
            "x": 1583.65,
            "y": 944.85
          },
          {
            "x": 1620.28,
            "y": 1096.63
          },
          {
            "x": 1667.39,
            "y": 1122.8
          },
          {
            "x": 1724.96,
            "y": 1185.6
          },
          {
            "x": 2703.66,
            "y": 929.15
          },
          {
            "x": 2661.79,
            "y": 814.01
          },
          {
            "x": 2452.44,
            "y": 2.79
          }
        ]
      }
    },
    {
      "annotator": {
        "email": "order@bex.kg",
        "full_name": "Zhaparova  Nurzhan"
      },
      "name": "Building Polygon",
      "polygon": {
        "path": [
          {
            "x": 2928.71,
            "y": -7.68
          },
          {
            "x": 2975.81,
            "y": 149.33
          },
          {
            "x": 2907.78,
            "y": 170.26
          },
          {
            "x": 3038.62,
            "y": 484.29
          },
          {
            "x": 3106.66,
            "y": 452.88
          },
          {
            "x": 3232.27,
            "y": 725.04
          },
          {
            "x": 3666.66,
            "y": 562.79
          },
          {
            "x": 3849.84,
            "y": 562.79
          },
          {
            "x": 3980.69,
            "y": 526.16
          },
          {
            "x": 4001.62,
            "y": 463.35
          },
          {
            "x": 3991.15,
            "y": 437.18
          },
          {
            "x": 4116.76,
            "y": 384.85
          },
          {
            "x": 4190.03,
            "y": 212.13
          },
          {
            "x": 4101.06,
            "y": -7.68
          }
        ]
      }
    },
    {
      "annotator": {
        "email": "order@bex.kg",
        "full_name": "Zhaparova  Nurzhan"
      },
      "bounding_box": {
        "h": 289.28,
        "w": 173.57,
        "x": 1045.39,
        "y": 745.65
      },
      "name": "Vehicle "
    },
    {
      "annotator": {
        "email": "order@bex.kg",
        "full_name": "Zhaparova  Nurzhan"
      },
      "bounding_box": {
        "h": 191.37,
        "w": 93.46,
        "x": 3341.82,
        "y": 1284.15
      },
      "name": "Vehicle "
    },
    {
      "annotator": {
        "email": "order@bex.kg",
        "full_name": "Zhaparova  Nurzhan"
      },
      "bounding_box": {
        "h": 213.62,
        "w": 102.36,
        "x": 2838.92,
        "y": 1484.42
      },
      "name": "Vehicle "
    },
    {
      "annotator": {
        "email": "order@bex.kg",
        "full_name": "Zhaparova  Nurzhan"
      },
      "bounding_box": {
        "h": 170.3,
        "w": 227.06,
        "x": 5023.38,
        "y": 278.14
      },
      "name": "Vehicle "
    }
  ]
}