{
  "image": {
    "width": 5472,
    "height": 3648,
    "filename": "00000036.JPG",
    "original_filename": "EP-00-00012_0119_0096.JPG",
    "url": "https://darwin.v7labs.com/api/images/1221762/original?token=b19ef416-03ed-4ae6-a438-a83286cfedf7",
    "thumbnail_url": "https://darwin.v7labs.com/api/images/1221762/thumbnail?token=b19ef416-03ed-4ae6-a438-a83286cfedf7",
    "workview_url": "https://darwin.v7labs.com/workview?dataset=1192&image=36"
  },
  "dataset": "Mapping_3",
  "annotated": true,
  "annotations": [
    {
      "annotator": {
        "email": "corporate@bex.kg",
        "full_name": "Aizada Tynchybek kyzy"
      },
      "name": "Spring field Polygon ",
      "polygon": {
        "path": [
          {
            "x": 0,
            "y": 0
          },
          {
            "x": 0,
            "y": 2476
          },
          {
            "x": 4.0,
            "y": 2476
          },
          {
            "x": 5.0,
            "y": 2477
          },
          {
            "x": 5.0,
            "y": 2494
          },
          {
            "x": 94.0,
            "y": 2494
          },
          {
            "x": 94.0,
            "y": 2486
          },
          {
            "x": 95.0,
            "y": 2485
          },
          {
            "x": 130.0,
            "y": 2485
          },
          {
            "x": 130.0,
            "y": 2477
          },
          {
            "x": 131.0,
            "y": 2476
          },
          {
            "x": 147.0,
            "y": 2476
          },
          {
            "x": 147.0,
            "y": 2468
          },
          {
            "x": 148.0,
            "y": 2467
          },
          {
            "x": 165.0,
            "y": 2467
          },
          {
            "x": 165.0,
            "y": 2459
          },
          {
            "x": 166.0,
            "y": 2458
          },
          {
            "x": 183.0,
            "y": 2458
          },
          {
            "x": 183.0,
            "y": 2450
          },
          {
            "x": 184.0,
            "y": 2449
          },
          {
            "x": 201.0,
            "y": 2449
          },
          {
            "x": 201.0,
            "y": 2441
          },
          {
            "x": 202.0,
            "y": 2440
          },
          {
            "x": 210.0,
            "y": 2440
          },
          {
            "x": 210.0,
            "y": 2432
          },
          {
            "x": 211.0,
            "y": 2431
          },
          {
            "x": 219.0,
            "y": 2431
          },
          {
            "x": 219.0,
            "y": 2423
          },
          {
            "x": 220.0,
            "y": 2422
          },
          {
            "x": 228.0,
            "y": 2422
          },
          {
            "x": 228.0,
            "y": 2414
          },
          {
            "x": 229.0,
            "y": 2413
          },
          {
            "x": 237.0,
            "y": 2413
          },
          {
            "x": 237.0,
            "y": 2405
          },
          {
            "x": 238.0,
            "y": 2404
          },
          {
            "x": 255.0,
            "y": 2404
          },
          {
            "x": 255.0,
            "y": 2396
          },
          {
            "x": 256.0,
            "y": 2395
          },
          {
            "x": 273.0,
            "y": 2395
          },
          {
            "x": 274,
            "y": 2396
          },
          {
            "x": 274,
            "y": 2404
          },
          {
            "x": 317.0,
            "y": 2404
          },
          {
            "x": 317.0,
            "y": 2396
          },
          {
            "x": 318.0,
            "y": 2395
          },
          {
            "x": 353,
            "y": 2395
          },
          {
            "x": 353,
            "y": 2387
          },
          {
            "x": 354.0,
            "y": 2386
          },
          {
            "x": 371.0,
            "y": 2386
          },
          {
            "x": 371.0,
            "y": 2378
          },
          {
            "x": 372.0,
            "y": 2377
          },
          {
            "x": 380.0,
            "y": 2377
          },
          {
            "x": 380.0,
            "y": 2369
          },
          {
            "x": 381.0,
            "y": 2368
          },
          {
            "x": 389.0,
            "y": 2368
          },
          {
            "x": 389.0,
            "y": 2351
          },
          {
            "x": 390,
            "y": 2350
          },
          {
            "x": 398,
            "y": 2350
          },
          {
            "x": 398,
            "y": 2342
          },
          {
            "x": 399.0,
            "y": 2341
          },
          {
            "x": 416.0,
            "y": 2341
          },
          {
            "x": 416.0,
            "y": 2334
          },
          {
            "x": 417.0,
            "y": 2333
          },
          {
            "x": 425.0,
            "y": 2333
          },
          {
            "x": 425.0,
            "y": 2325
          },
          {
            "x": 426.0,
            "y": 2324
          },
          {
            "x": 434.0,
            "y": 2324
          },
          {
            "x": 434.0,
            "y": 2316
          },
          {
            "x": 435,
            "y": 2315
          },
          {
            "x": 443,
            "y": 2315
          },
          {
            "x": 443,
            "y": 2307
          },
          {
            "x": 444.0,
            "y": 2306
          },
          {
            "x": 452.0,
            "y": 2306
          },
          {
            "x": 452.0,
            "y": 2289
          },
          {
            "x": 453.0,
            "y": 2288
          },
          {
            "x": 461,
            "y": 2288
          },
          {
            "x": 461,
            "y": 2271
          },
          {
            "x": 462.0,
            "y": 2270
          },
          {
            "x": 469,
            "y": 2270
          },
          {
            "x": 469,
            "y": 2253
          },
          {
            "x": 470.0,
            "y": 2252
          },
          {
            "x": 478.0,
            "y": 2252
          },
          {
            "x": 478.0,
            "y": 2244
          },
          {
            "x": 479.0,
            "y": 2243
          },
          {
            "x": 505.0,
            "y": 2243
          },
          {
            "x": 505.0,
            "y": 2235
          },
          {
            "x": 506,
            "y": 2234
          },
          {
            "x": 514,
            "y": 2234
          },
          {
            "x": 514,
            "y": 2226
          },
          {
            "x": 515.0,
            "y": 2225
          },
          {
            "x": 532,
            "y": 2225
          },
          {
            "x": 532,
            "y": 2217
          },
          {
            "x": 533.0,
            "y": 2216
          },
          {
            "x": 541.0,
            "y": 2216
          },
          {
            "x": 541.0,
            "y": 2208
          },
          {
            "x": 542.0,
            "y": 2207
          },
          {
            "x": 550.0,
            "y": 2207
          },
          {
            "x": 550.0,
            "y": 2199
          },
          {
            "x": 551,
            "y": 2198
          },
          {
            "x": 559,
            "y": 2198
          },
          {
            "x": 559,
            "y": 2190
          },
          {
            "x": 560.0,
            "y": 2189
          },
          {
            "x": 568.0,
            "y": 2189
          },
          {
            "x": 568.0,
            "y": 2182
          },
          {
            "x": 569,
            "y": 2181
          },
          {
            "x": 577,
            "y": 2181
          },
          {
            "x": 577,
            "y": 2173
          },
          {
            "x": 578.0,
            "y": 2172
          },
          {
            "x": 586.0,
            "y": 2172
          },
          {
            "x": 586.0,
            "y": 2164
          },
          {
            "x": 587.0,
            "y": 2163
          },
          {
            "x": 595.0,
            "y": 2163
          },
          {
            "x": 595.0,
            "y": 2155
          },
          {
            "x": 596,
            "y": 2154
          },
          {
            "x": 613.0,
            "y": 2154
          },
          {
            "x": 613.0,
            "y": 2146
          },
          {
            "x": 614,
            "y": 2145
          },
          {
            "x": 630,
            "y": 2145
          },
          {
            "x": 630,
            "y": 2137
          },
          {
            "x": 631.0,
            "y": 2136
          },
          {
            "x": 648,
            "y": 2136
          },
          {
            "x": 648,
            "y": 2128
          },
          {
            "x": 649.0,
            "y": 2127
          },
          {
            "x": 702.0,
            "y": 2127
          },
          {
            "x": 702.0,
            "y": 2119
          },
          {
            "x": 703.0,
            "y": 2118
          },
          {
            "x": 782.0,
            "y": 2118
          },
          {
            "x": 782.0,
            "y": 2110
          },
          {
            "x": 783,
            "y": 2109
          },
          {
            "x": 800.0,
            "y": 2109
          },
          {
            "x": 801,
            "y": 2110
          },
          {
            "x": 801,
            "y": 2118
          },
          {
            "x": 809,
            "y": 2118
          },
          {
            "x": 810.0,
            "y": 2119
          },
          {
            "x": 810.0,
            "y": 2127
          },
          {
            "x": 845.0,
            "y": 2127
          },
          {
            "x": 846,
            "y": 2128
          },
          {
            "x": 846,
            "y": 2136
          },
          {
            "x": 899,
            "y": 2136
          },
          {
            "x": 900.0,
            "y": 2137
          },
          {
            "x": 900.0,
            "y": 2145
          },
          {
            "x": 979.0,
            "y": 2145
          },
          {
            "x": 979.0,
            "y": 2137
          },
          {
            "x": 980,
            "y": 2136
          },
          {
            "x": 1024.0,
            "y": 2136
          },
          {
            "x": 1024.0,
            "y": 2128
          },
          {
            "x": 1025,
            "y": 2127
          },
          {
            "x": 1167,
            "y": 2127
          },
          {
            "x": 1168,
            "y": 2128
          },
          {
            "x": 1168,
            "y": 2136
          },
          {
            "x": 1194,
            "y": 2136
          },
          {
            "x": 1195,
            "y": 2137
          },
          {
            "x": 1195,
            "y": 2145
          },
          {
            "x": 1221,
            "y": 2145
          },
          {
            "x": 1222,
            "y": 2146
          },
          {
            "x": 1222,
            "y": 2154
          },
          {
            "x": 1239,
            "y": 2154
          },
          {
            "x": 1240.0,
            "y": 2155
          },
          {
            "x": 1240.0,
            "y": 2163
          },
          {
            "x": 1364.0,
            "y": 2163
          },
          {
            "x": 1364.0,
            "y": 2155
          },
          {
            "x": 1365,
            "y": 2154
          },
          {
            "x": 1382,
            "y": 2154
          },
          {
            "x": 1382,
            "y": 2146
          },
          {
            "x": 1383,
            "y": 2145
          },
          {
            "x": 1391,
            "y": 2145
          },
          {
            "x": 1391,
            "y": 2137
          },
          {
            "x": 1392,
            "y": 2136
          },
          {
            "x": 1435.0,
            "y": 2136
          },
          {
            "x": 1436,
            "y": 2137
          },
          {
            "x": 1436,
            "y": 2145
          },
          {
            "x": 1480.0,
            "y": 2145
          },
          {
            "x": 1481,
            "y": 2146
          },
          {
            "x": 1481,
            "y": 2154
          },
          {
            "x": 1498,
            "y": 2154
          },
          {
            "x": 1499,
            "y": 2155
          },
          {
            "x": 1499,
            "y": 2163
          },
          {
            "x": 1543.0,
            "y": 2163
          },
          {
            "x": 1544,
            "y": 2164
          },
          {
            "x": 1544,
            "y": 2172
          },
          {
            "x": 1632,
            "y": 2172
          },
          {
            "x": 1632,
            "y": 2164
          },
          {
            "x": 1633.0,
            "y": 2163
          },
          {
            "x": 1677,
            "y": 2163
          },
          {
            "x": 1677,
            "y": 2155
          },
          {
            "x": 1678,
            "y": 2154
          },
          {
            "x": 1784,
            "y": 2154
          },
          {
            "x": 1784,
            "y": 2146
          },
          {
            "x": 1785,
            "y": 2145
          },
          {
            "x": 1874,
            "y": 2145
          },
          {
            "x": 1875,
            "y": 2146
          },
          {
            "x": 1875,
            "y": 2154
          },
          {
            "x": 2008,
            "y": 2154
          },
          {
            "x": 2008,
            "y": 2146
          },
          {
            "x": 2009,
            "y": 2145
          },
          {
            "x": 2061,
            "y": 2145
          },
          {
            "x": 2062,
            "y": 2146
          },
          {
            "x": 2062,
            "y": 2154
          },
          {
            "x": 2079,
            "y": 2154
          },
          {
            "x": 2080,
            "y": 2155
          },
          {
            "x": 2080,
            "y": 2163
          },
          {
            "x": 2097,
            "y": 2163
          },
          {
            "x": 2098,
            "y": 2164
          },
          {
            "x": 2098,
            "y": 2172
          },
          {
            "x": 2115,
            "y": 2172
          },
          {
            "x": 2116,
            "y": 2173
          },
          {
            "x": 2116,
            "y": 2181
          },
          {
            "x": 2133,
            "y": 2181
          },
          {
            "x": 2134,
            "y": 2182
          },
          {
            "x": 2134,
            "y": 2189
          },
          {
            "x": 2169,
            "y": 2189
          },
          {
            "x": 2170,
            "y": 2190
          },
          {
            "x": 2170,
            "y": 2198
          },
          {
            "x": 2285,
            "y": 2198
          },
          {
            "x": 2286,
            "y": 2199
          },
          {
            "x": 2286,
            "y": 2207
          },
          {
            "x": 2321,
            "y": 2207
          },
          {
            "x": 2322,
            "y": 2208
          },
          {
            "x": 2322,
            "y": 2216
          },
          {
            "x": 2401,
            "y": 2216
          },
          {
            "x": 2401,
            "y": 2208
          },
          {
            "x": 2402,
            "y": 2207
          },
          {
            "x": 2455,
            "y": 2207
          },
          {
            "x": 2455,
            "y": 2199
          },
          {
            "x": 2456,
            "y": 2198
          },
          {
            "x": 2491,
            "y": 2198
          },
          {
            "x": 2491,
            "y": 2190
          },
          {
            "x": 2492,
            "y": 2189
          },
          {
            "x": 2500,
            "y": 2189
          },
          {
            "x": 2500,
            "y": 2182
          },
          {
            "x": 2501,
            "y": 2181
          },
          {
            "x": 2518,
            "y": 2181
          },
          {
            "x": 2518,
            "y": 2173
          },
          {
            "x": 2519,
            "y": 2172
          },
          {
            "x": 2535,
            "y": 2172
          },
          {
            "x": 2535,
            "y": 2164
          },
          {
            "x": 2536,
            "y": 2163
          },
          {
            "x": 2562,
            "y": 2163
          },
          {
            "x": 2562,
            "y": 2155
          },
          {
            "x": 2563,
            "y": 2154
          },
          {
            "x": 2607,
            "y": 2154
          },
          {
            "x": 2607,
            "y": 2146
          },
          {
            "x": 2608,
            "y": 2145
          },
          {
            "x": 2661,
            "y": 2145
          },
          {
            "x": 2661,
            "y": 2137
          },
          {
            "x": 2662,
            "y": 2136
          },
          {
            "x": 2705,
            "y": 2136
          },
          {
            "x": 2705,
            "y": 2128
          },
          {
            "x": 2706,
            "y": 2127
          },
          {
            "x": 2741.0,
            "y": 2127
          },
          {
            "x": 2741.0,
            "y": 2119
          },
          {
            "x": 2742,
            "y": 2118
          },
          {
            "x": 2786.0,
            "y": 2118
          },
          {
            "x": 2786.0,
            "y": 2110
          },
          {
            "x": 2787,
            "y": 2109
          },
          {
            "x": 2849,
            "y": 2109
          },
          {
            "x": 2849,
            "y": 2101
          },
          {
            "x": 2850,
            "y": 2100
          },
          {
            "x": 2893,
            "y": 2100
          },
          {
            "x": 2893,
            "y": 2092
          },
          {
            "x": 2894,
            "y": 2091
          },
          {
            "x": 2929,
            "y": 2091
          },
          {
            "x": 2929,
            "y": 2083
          },
          {
            "x": 2930,
            "y": 2082
          },
          {
            "x": 2956,
            "y": 2082
          },
          {
            "x": 2956,
            "y": 2074
          },
          {
            "x": 2957.0,
            "y": 2073
          },
          {
            "x": 2983,
            "y": 2073
          },
          {
            "x": 2983,
            "y": 2065
          },
          {
            "x": 2984,
            "y": 2064
          },
          {
            "x": 3010,
            "y": 2064
          },
          {
            "x": 3010,
            "y": 2056
          },
          {
            "x": 3011,
            "y": 2055
          },
          {
            "x": 3027,
            "y": 2055
          },
          {
            "x": 3027,
            "y": 2047
          },
          {
            "x": 3028.0,
            "y": 2046
          },
          {
            "x": 3045,
            "y": 2046
          },
          {
            "x": 3045,
            "y": 2038
          },
          {
            "x": 3046,
            "y": 2037
          },
          {
            "x": 3054,
            "y": 2037
          },
          {
            "x": 3054,
            "y": 2029
          },
          {
            "x": 3055,
            "y": 2028.0
          },
          {
            "x": 3072,
            "y": 2028.0
          },
          {
            "x": 3072,
            "y": 2021
          },
          {
            "x": 3073.0,
            "y": 2020
          },
          {
            "x": 3090,
            "y": 2020
          },
          {
            "x": 3090,
            "y": 2012
          },
          {
            "x": 3091,
            "y": 2011
          },
          {
            "x": 3108.0,
            "y": 2011
          },
          {
            "x": 3108.0,
            "y": 2003
          },
          {
            "x": 3109,
            "y": 2002.0
          },
          {
            "x": 3162,
            "y": 2002.0
          },
          {
            "x": 3163.0,
            "y": 2003
          },
          {
            "x": 3163.0,
            "y": 2011
          },
          {
            "x": 3197,
            "y": 2011
          },
          {
            "x": 3198,
            "y": 2012
          },
          {
            "x": 3198,
            "y": 2020
          },
          {
            "x": 3224.0,
            "y": 2020
          },
          {
            "x": 3225,
            "y": 2021
          },
          {
            "x": 3225,
            "y": 2028.0
          },
          {
            "x": 3242,
            "y": 2028.0
          },
          {
            "x": 3243,
            "y": 2029
          },
          {
            "x": 3243,
            "y": 2037
          },
          {
            "x": 3323,
            "y": 2037
          },
          {
            "x": 3323,
            "y": 2029
          },
          {
            "x": 3324.0,
            "y": 2028.0
          },
          {
            "x": 3340.0,
            "y": 2028.0
          },
          {
            "x": 3340.0,
            "y": 2021
          },
          {
            "x": 3341,
            "y": 2020
          },
          {
            "x": 3367,
            "y": 2020
          },
          {
            "x": 3367,
            "y": 2012
          },
          {
            "x": 3368,
            "y": 2011
          },
          {
            "x": 3385,
            "y": 2011
          },
          {
            "x": 3385,
            "y": 2003
          },
          {
            "x": 3386,
            "y": 2002.0
          },
          {
            "x": 3403,
            "y": 2002.0
          },
          {
            "x": 3403,
            "y": 1994.0
          },
          {
            "x": 3404,
            "y": 1993
          },
          {
            "x": 3421.0,
            "y": 1993
          },
          {
            "x": 3421.0,
            "y": 1985
          },
          {
            "x": 3422,
            "y": 1984
          },
          {
            "x": 3439,
            "y": 1984
          },
          {
            "x": 3439,
            "y": 1976
          },
          {
            "x": 3440.0,
            "y": 1975
          },
          {
            "x": 3457,
            "y": 1975
          },
          {
            "x": 3457,
            "y": 1967
          },
          {
            "x": 3458,
            "y": 1966
          },
          {
            "x": 3475,
            "y": 1966
          },
          {
            "x": 3475,
            "y": 1958
          },
          {
            "x": 3476,
            "y": 1957.0
          },
          {
            "x": 3501,
            "y": 1957.0
          },
          {
            "x": 3501,
            "y": 1949.0
          },
          {
            "x": 3502,
            "y": 1948
          },
          {
            "x": 3519,
            "y": 1948
          },
          {
            "x": 3519,
            "y": 1940
          },
          {
            "x": 3520,
            "y": 1939
          },
          {
            "x": 3528,
            "y": 1939
          },
          {
            "x": 3528,
            "y": 1931
          },
          {
            "x": 3529,
            "y": 1930
          },
          {
            "x": 3546,
            "y": 1930
          },
          {
            "x": 3546,
            "y": 1922
          },
          {
            "x": 3547,
            "y": 1921
          },
          {
            "x": 3564,
            "y": 1921
          },
          {
            "x": 3564,
            "y": 1913
          },
          {
            "x": 3565,
            "y": 1912.0
          },
          {
            "x": 3582.0,
            "y": 1912.0
          },
          {
            "x": 3582.0,
            "y": 1904
          },
          {
            "x": 3583,
            "y": 1903
          },
          {
            "x": 3591,
            "y": 1903
          },
          {
            "x": 3591,
            "y": 1895
          },
          {
            "x": 3592,
            "y": 1894.0
          },
          {
            "x": 3609,
            "y": 1894.0
          },
          {
            "x": 3609,
            "y": 1886.0
          },
          {
            "x": 3610,
            "y": 1885
          },
          {
            "x": 3618,
            "y": 1885
          },
          {
            "x": 3618,
            "y": 1877
          },
          {
            "x": 3619,
            "y": 1876
          },
          {
            "x": 3636,
            "y": 1876
          },
          {
            "x": 3636,
            "y": 1868
          },
          {
            "x": 3637.0,
            "y": 1867
          },
          {
            "x": 3653.0,
            "y": 1867
          },
          {
            "x": 3653.0,
            "y": 1860
          },
          {
            "x": 3654,
            "y": 1859
          },
          {
            "x": 3680,
            "y": 1859
          },
          {
            "x": 3680,
            "y": 1851
          },
          {
            "x": 3681,
            "y": 1850
          },
          {
            "x": 3689,
            "y": 1850
          },
          {
            "x": 3689,
            "y": 1842
          },
          {
            "x": 3690,
            "y": 1841.0
          },
          {
            "x": 3707,
            "y": 1841.0
          },
          {
            "x": 3707,
            "y": 1833.0
          },
          {
            "x": 3708,
            "y": 1832
          },
          {
            "x": 3734,
            "y": 1832
          },
          {
            "x": 3734,
            "y": 1824
          },
          {
            "x": 3735,
            "y": 1823
          },
          {
            "x": 3752,
            "y": 1823
          },
          {
            "x": 3752,
            "y": 1815.0
          },
          {
            "x": 3753.0,
            "y": 1814
          },
          {
            "x": 3779,
            "y": 1814
          },
          {
            "x": 3779,
            "y": 1806
          },
          {
            "x": 3780,
            "y": 1805
          },
          {
            "x": 3806,
            "y": 1805
          },
          {
            "x": 3806,
            "y": 1797
          },
          {
            "x": 3807,
            "y": 1796
          },
          {
            "x": 3832,
            "y": 1796
          },
          {
            "x": 3832,
            "y": 1788
          },
          {
            "x": 3833,
            "y": 1787
          },
          {
            "x": 3850,
            "y": 1787
          },
          {
            "x": 3850,
            "y": 1779
          },
          {
            "x": 3851,
            "y": 1778.0
          },
          {
            "x": 3868,
            "y": 1778.0
          },
          {
            "x": 3868,
            "y": 1770.0
          },
          {
            "x": 3869.0,
            "y": 1769
          },
          {
            "x": 3886,
            "y": 1769
          },
          {
            "x": 3886,
            "y": 1761
          },
          {
            "x": 3887,
            "y": 1760
          },
          {
            "x": 3904.0,
            "y": 1760
          },
          {
            "x": 3904.0,
            "y": 1752
          },
          {
            "x": 3905,
            "y": 1751
          },
          {
            "x": 3922,
            "y": 1751
          },
          {
            "x": 3922,
            "y": 1743
          },
          {
            "x": 3923,
            "y": 1742
          },
          {
            "x": 3940.0,
            "y": 1742
          },
          {
            "x": 3940.0,
            "y": 1734
          },
          {
            "x": 3941,
            "y": 1733.0
          },
          {
            "x": 3949,
            "y": 1733.0
          },
          {
            "x": 3949,
            "y": 1725.0
          },
          {
            "x": 3950,
            "y": 1724
          },
          {
            "x": 3967,
            "y": 1724
          },
          {
            "x": 3967,
            "y": 1716
          },
          {
            "x": 3968,
            "y": 1715
          },
          {
            "x": 3984,
            "y": 1715
          },
          {
            "x": 3984,
            "y": 1707
          },
          {
            "x": 3985.0,
            "y": 1706
          },
          {
            "x": 4002,
            "y": 1706
          },
          {
            "x": 4002,
            "y": 1699.0
          },
          {
            "x": 4003,
            "y": 1698
          },
          {
            "x": 4020.0,
            "y": 1698
          },
          {
            "x": 4020.0,
            "y": 1690
          },
          {
            "x": 4021,
            "y": 1689
          },
          {
            "x": 4047,
            "y": 1689
          },
          {
            "x": 4047,
            "y": 1681
          },
          {
            "x": 4048,
            "y": 1680
          },
          {
            "x": 4065,
            "y": 1680
          },
          {
            "x": 4065,
            "y": 1672
          },
          {
            "x": 4066,
            "y": 1671
          },
          {
            "x": 4074,
            "y": 1671
          },
          {
            "x": 4074,
            "y": 1663
          },
          {
            "x": 4075.0,
            "y": 1662.0
          },
          {
            "x": 4092,
            "y": 1662.0
          },
          {
            "x": 4092,
            "y": 1654.0
          },
          {
            "x": 4093,
            "y": 1653
          },
          {
            "x": 4101,
            "y": 1653
          },
          {
            "x": 4101,
            "y": 1645
          },
          {
            "x": 4102,
            "y": 1644
          },
          {
            "x": 4119,
            "y": 1644
          },
          {
            "x": 4119,
            "y": 1636
          },
          {
            "x": 4120,
            "y": 1635
          },
          {
            "x": 4127,
            "y": 1635
          },
          {
            "x": 4127,
            "y": 1627
          },
          {
            "x": 4128,
            "y": 1626
          },
          {
            "x": 4145,
            "y": 1626
          },
          {
            "x": 4145,
            "y": 1618
          },
          {
            "x": 4146,
            "y": 1617.0
          },
          {
            "x": 4163,
            "y": 1617.0
          },
          {
            "x": 4163,
            "y": 1609.0
          },
          {
            "x": 4164,
            "y": 1608
          },
          {
            "x": 4181,
            "y": 1608
          },
          {
            "x": 4181,
            "y": 1600
          },
          {
            "x": 4182,
            "y": 1599
          },
          {
            "x": 4190,
            "y": 1599
          },
          {
            "x": 4190,
            "y": 1591
          },
          {
            "x": 4191,
            "y": 1590
          },
          {
            "x": 4208,
            "y": 1590
          },
          {
            "x": 4208,
            "y": 1582
          },
          {
            "x": 4209,
            "y": 1581
          },
          {
            "x": 4226,
            "y": 1581
          },
          {
            "x": 4226,
            "y": 1573
          },
          {
            "x": 4227,
            "y": 1572.0
          },
          {
            "x": 4244,
            "y": 1572.0
          },
          {
            "x": 4244,
            "y": 1564
          },
          {
            "x": 4245,
            "y": 1563
          },
          {
            "x": 4262,
            "y": 1563
          },
          {
            "x": 4262,
            "y": 1555
          },
          {
            "x": 4263,
            "y": 1554.0
          },
          {
            "x": 4280,
            "y": 1554.0
          },
          {
            "x": 4280,
            "y": 1546.0
          },
          {
            "x": 4281,
            "y": 1545
          },
          {
            "x": 4288,
            "y": 1545
          },
          {
            "x": 4288,
            "y": 1538.0
          },
          {
            "x": 4289,
            "y": 1537
          },
          {
            "x": 4306,
            "y": 1537
          },
          {
            "x": 4306,
            "y": 1529
          },
          {
            "x": 4307,
            "y": 1528
          },
          {
            "x": 4324,
            "y": 1528
          },
          {
            "x": 4324,
            "y": 1520
          },
          {
            "x": 4325,
            "y": 1519
          },
          {
            "x": 4342,
            "y": 1519
          },
          {
            "x": 4342,
            "y": 1511
          },
          {
            "x": 4343,
            "y": 1510
          },
          {
            "x": 4360,
            "y": 1510
          },
          {
            "x": 4360,
            "y": 1502
          },
          {
            "x": 4361,
            "y": 1501.0
          },
          {
            "x": 4369,
            "y": 1501.0
          },
          {
            "x": 4369,
            "y": 1493.0
          },
          {
            "x": 4370,
            "y": 1492
          },
          {
            "x": 4387,
            "y": 1492
          },
          {
            "x": 4387,
            "y": 1484
          },
          {
            "x": 4388,
            "y": 1483
          },
          {
            "x": 4396,
            "y": 1483
          },
          {
            "x": 4396,
            "y": 1475
          },
          {
            "x": 4397,
            "y": 1474
          },
          {
            "x": 4414,
            "y": 1474
          },
          {
            "x": 4414,
            "y": 1466
          },
          {
            "x": 4415,
            "y": 1465
          },
          {
            "x": 4423,
            "y": 1465
          },
          {
            "x": 4423,
            "y": 1457
          },
          {
            "x": 4424,
            "y": 1456.0
          },
          {
            "x": 4441,
            "y": 1456.0
          },
          {
            "x": 4441,
            "y": 1448
          },
          {
            "x": 4442,
            "y": 1447
          },
          {
            "x": 4449,
            "y": 1447
          },
          {
            "x": 4449,
            "y": 1439
          },
          {
            "x": 4450,
            "y": 1438.0
          },
          {
            "x": 4458,
            "y": 1438.0
          },
          {
            "x": 4458,
            "y": 1430.0
          },
          {
            "x": 4459,
            "y": 1429
          },
          {
            "x": 4467,
            "y": 1429
          },
          {
            "x": 4467,
            "y": 1421
          },
          {
            "x": 4468,
            "y": 1420
          },
          {
            "x": 4476,
            "y": 1420
          },
          {
            "x": 4476,
            "y": 1412
          },
          {
            "x": 4477,
            "y": 1411
          },
          {
            "x": 4485,
            "y": 1411
          },
          {
            "x": 4485,
            "y": 1394
          },
          {
            "x": 4486,
            "y": 1393.0
          },
          {
            "x": 4494,
            "y": 1393.0
          },
          {
            "x": 4494,
            "y": 1377.0
          },
          {
            "x": 4495,
            "y": 1376
          },
          {
            "x": 4503,
            "y": 1376
          },
          {
            "x": 4503,
            "y": 1314.0
          },
          {
            "x": 4495,
            "y": 1314.0
          },
          {
            "x": 4494,
            "y": 1313
          },
          {
            "x": 4494,
            "y": 1296
          },
          {
            "x": 4486,
            "y": 1296
          },
          {
            "x": 4485,
            "y": 1295
          },
          {
            "x": 4485,
            "y": 1287
          },
          {
            "x": 4477,
            "y": 1287
          },
          {
            "x": 4476,
            "y": 1286
          },
          {
            "x": 4476,
            "y": 1278
          },
          {
            "x": 4468,
            "y": 1278
          },
          {
            "x": 4467,
            "y": 1277
          },
          {
            "x": 4467,
            "y": 1269
          },
          {
            "x": 4459,
            "y": 1269
          },
          {
            "x": 4458,
            "y": 1268
          },
          {
            "x": 4458,
            "y": 1260
          },
          {
            "x": 4442,
            "y": 1260
          },
          {
            "x": 4441,
            "y": 1259
          },
          {
            "x": 4441,
            "y": 1251
          },
          {
            "x": 4433,
            "y": 1251
          },
          {
            "x": 4432,
            "y": 1250
          },
          {
            "x": 4432,
            "y": 1233
          },
          {
            "x": 4424,
            "y": 1233
          },
          {
            "x": 4423,
            "y": 1232
          },
          {
            "x": 4423,
            "y": 1225
          },
          {
            "x": 4415,
            "y": 1225
          },
          {
            "x": 4414,
            "y": 1224
          },
          {
            "x": 4414,
            "y": 1207
          },
          {
            "x": 4406,
            "y": 1207
          },
          {
            "x": 4405,
            "y": 1206
          },
          {
            "x": 4405,
            "y": 1180
          },
          {
            "x": 4397,
            "y": 1180
          },
          {
            "x": 4396,
            "y": 1179
          },
          {
            "x": 4396,
            "y": 1171
          },
          {
            "x": 4379,
            "y": 1171
          },
          {
            "x": 4378,
            "y": 1170
          },
          {
            "x": 4378,
            "y": 1162
          },
          {
            "x": 4370,
            "y": 1162
          },
          {
            "x": 4369,
            "y": 1161
          },
          {
            "x": 4369,
            "y": 1153
          },
          {
            "x": 4361,
            "y": 1153
          },
          {
            "x": 4360,
            "y": 1152
          },
          {
            "x": 4360,
            "y": 1144
          },
          {
            "x": 4352,
            "y": 1144
          },
          {
            "x": 4351,
            "y": 1143
          },
          {
            "x": 4351,
            "y": 1135
          },
          {
            "x": 4343,
            "y": 1135
          },
          {
            "x": 4342,
            "y": 1134
          },
          {
            "x": 4342,
            "y": 1126
          },
          {
            "x": 4334,
            "y": 1126
          },
          {
            "x": 4333,
            "y": 1125
          },
          {
            "x": 4333,
            "y": 1117
          },
          {
            "x": 4325,
            "y": 1117
          },
          {
            "x": 4324,
            "y": 1116
          },
          {
            "x": 4324,
            "y": 1108
          },
          {
            "x": 4316,
            "y": 1108
          },
          {
            "x": 4315,
            "y": 1107
          },
          {
            "x": 4315,
            "y": 1099
          },
          {
            "x": 4307,
            "y": 1099
          },
          {
            "x": 4306,
            "y": 1098
          },
          {
            "x": 4306,
            "y": 1090
          },
          {
            "x": 4298,
            "y": 1090
          },
          {
            "x": 4297,
            "y": 1089
          },
          {
            "x": 4297,
            "y": 1081
          },
          {
            "x": 4289,
            "y": 1081
          },
          {
            "x": 4288,
            "y": 1080
          },
          {
            "x": 4288,
            "y": 1072
          },
          {
            "x": 4281,
            "y": 1072
          },
          {
            "x": 4280,
            "y": 1071
          },
          {
            "x": 4280,
            "y": 1064
          },
          {
            "x": 4272,
            "y": 1064
          },
          {
            "x": 4271,
            "y": 1063
          },
          {
            "x": 4271,
            "y": 1055
          },
          {
            "x": 4254,
            "y": 1055
          },
          {
            "x": 4253,
            "y": 1054
          },
          {
            "x": 4253,
            "y": 1046
          },
          {
            "x": 4245,
            "y": 1046
          },
          {
            "x": 4244,
            "y": 1045
          },
          {
            "x": 4244,
            "y": 1037
          },
          {
            "x": 4236,
            "y": 1037
          },
          {
            "x": 4235,
            "y": 1036
          },
          {
            "x": 4235,
            "y": 1028
          },
          {
            "x": 4227,
            "y": 1028
          },
          {
            "x": 4226,
            "y": 1027
          },
          {
            "x": 4226,
            "y": 1019
          },
          {
            "x": 4209,
            "y": 1019
          },
          {
            "x": 4208,
            "y": 1018.0
          },
          {
            "x": 4208,
            "y": 1010
          },
          {
            "x": 4200,
            "y": 1010
          },
          {
            "x": 4199,
            "y": 1009
          },
          {
            "x": 4199,
            "y": 1001.0
          },
          {
            "x": 4191,
            "y": 1001.0
          },
          {
            "x": 4190,
            "y": 1000
          },
          {
            "x": 4190,
            "y": 992
          },
          {
            "x": 4173,
            "y": 992
          },
          {
            "x": 4172,
            "y": 991
          },
          {
            "x": 4172,
            "y": 983
          },
          {
            "x": 4164,
            "y": 983
          },
          {
            "x": 4163,
            "y": 982
          },
          {
            "x": 4163,
            "y": 974
          },
          {
            "x": 4146,
            "y": 974
          },
          {
            "x": 4145,
            "y": 973
          },
          {
            "x": 4145,
            "y": 965
          },
          {
            "x": 4137,
            "y": 965
          },
          {
            "x": 4136,
            "y": 964.0
          },
          {
            "x": 4136,
            "y": 956.0
          },
          {
            "x": 4120,
            "y": 956.0
          },
          {
            "x": 4119,
            "y": 955
          },
          {
            "x": 4119,
            "y": 947.0
          },
          {
            "x": 4102,
            "y": 947.0
          },
          {
            "x": 4101,
            "y": 946
          },
          {
            "x": 4101,
            "y": 938
          },
          {
            "x": 4093,
            "y": 938
          },
          {
            "x": 4092,
            "y": 937
          },
          {
            "x": 4092,
            "y": 929
          },
          {
            "x": 4084,
            "y": 929
          },
          {
            "x": 4083,
            "y": 928
          },
          {
            "x": 4083,
            "y": 920
          },
          {
            "x": 4075.0,
            "y": 920
          },
          {
            "x": 4074,
            "y": 919
          },
          {
            "x": 4074,
            "y": 911
          },
          {
            "x": 4066,
            "y": 911
          },
          {
            "x": 4065,
            "y": 910.0
          },
          {
            "x": 4065,
            "y": 903
          },
          {
            "x": 4057,
            "y": 903
          },
          {
            "x": 4056.0,
            "y": 902.0
          },
          {
            "x": 4056.0,
            "y": 885.0
          },
          {
            "x": 4048,
            "y": 885.0
          },
          {
            "x": 4047,
            "y": 884
          },
          {
            "x": 4047,
            "y": 867
          },
          {
            "x": 4039,
            "y": 867
          },
          {
            "x": 4038,
            "y": 866
          },
          {
            "x": 4038,
            "y": 849
          },
          {
            "x": 4030.0,
            "y": 849
          },
          {
            "x": 4029,
            "y": 848.0
          },
          {
            "x": 4029,
            "y": 840
          },
          {
            "x": 4021,
            "y": 840
          },
          {
            "x": 4020.0,
            "y": 839
          },
          {
            "x": 4020.0,
            "y": 831.0
          },
          {
            "x": 4012,
            "y": 831.0
          },
          {
            "x": 4011,
            "y": 830
          },
          {
            "x": 4011,
            "y": 813
          },
          {
            "x": 4003,
            "y": 813
          },
          {
            "x": 4002,
            "y": 812
          },
          {
            "x": 4002,
            "y": 786.0
          },
          {
            "x": 3994,
            "y": 786.0
          },
          {
            "x": 3993,
            "y": 785
          },
          {
            "x": 3993,
            "y": 768
          },
          {
            "x": 3985.0,
            "y": 768
          },
          {
            "x": 3984,
            "y": 767
          },
          {
            "x": 3984,
            "y": 750
          },
          {
            "x": 3976,
            "y": 750
          },
          {
            "x": 3975.0,
            "y": 749
          },
          {
            "x": 3975.0,
            "y": 742
          },
          {
            "x": 3968,
            "y": 742
          },
          {
            "x": 3967,
            "y": 741
          },
          {
            "x": 3967,
            "y": 724
          },
          {
            "x": 3959.0,
            "y": 724
          },
          {
            "x": 3958,
            "y": 723
          },
          {
            "x": 3958,
            "y": 715.0
          },
          {
            "x": 3950,
            "y": 715.0
          },
          {
            "x": 3949,
            "y": 714
          },
          {
            "x": 3949,
            "y": 706
          },
          {
            "x": 3941,
            "y": 706
          },
          {
            "x": 3940.0,
            "y": 705
          },
          {
            "x": 3940.0,
            "y": 697
          },
          {
            "x": 3932,
            "y": 697
          },
          {
            "x": 3931,
            "y": 696
          },
          {
            "x": 3931,
            "y": 688
          },
          {
            "x": 3923,
            "y": 688
          },
          {
            "x": 3922,
            "y": 687
          },
          {
            "x": 3922,
            "y": 679
          },
          {
            "x": 3914.0,
            "y": 679
          },
          {
            "x": 3913,
            "y": 678.0
          },
          {
            "x": 3913,
            "y": 670
          },
          {
            "x": 3896,
            "y": 670
          },
          {
            "x": 3895,
            "y": 669
          },
          {
            "x": 3895,
            "y": 661.0
          },
          {
            "x": 3878,
            "y": 661.0
          },
          {
            "x": 3877,
            "y": 660
          },
          {
            "x": 3877,
            "y": 652
          },
          {
            "x": 3869.0,
            "y": 652
          },
          {
            "x": 3868,
            "y": 651
          },
          {
            "x": 3868,
            "y": 643
          },
          {
            "x": 3860,
            "y": 643
          },
          {
            "x": 3859.0,
            "y": 642
          },
          {
            "x": 3859.0,
            "y": 634
          },
          {
            "x": 3851,
            "y": 634
          },
          {
            "x": 3850,
            "y": 633
          },
          {
            "x": 3850,
            "y": 625
          },
          {
            "x": 3842,
            "y": 625
          },
          {
            "x": 3841,
            "y": 624
          },
          {
            "x": 3841,
            "y": 616
          },
          {
            "x": 3833,
            "y": 616
          },
          {
            "x": 3832,
            "y": 615
          },
          {
            "x": 3832,
            "y": 607
          },
          {
            "x": 3824.0,
            "y": 607
          },
          {
            "x": 3823,
            "y": 606
          },
          {
            "x": 3823,
            "y": 598
          },
          {
            "x": 3815,
            "y": 598
          },
          {
            "x": 3814.0,
            "y": 597
          },
          {
            "x": 3814.0,
            "y": 590
          },
          {
            "x": 3807,
            "y": 590
          },
          {
            "x": 3806,
            "y": 589
          },
          {
            "x": 3806,
            "y": 581
          },
          {
            "x": 3798.0,
            "y": 581
          },
          {
            "x": 3797,
            "y": 580
          },
          {
            "x": 3797,
            "y": 563
          },
          {
            "x": 3789,
            "y": 563
          },
          {
            "x": 3788.0,
            "y": 562
          },
          {
            "x": 3788.0,
            "y": 554
          },
          {
            "x": 3780,
            "y": 554
          },
          {
            "x": 3779,
            "y": 553
          },
          {
            "x": 3779,
            "y": 545
          },
          {
            "x": 3771,
            "y": 545
          },
          {
            "x": 3770,
            "y": 544
          },
          {
            "x": 3770,
            "y": 536
          },
          {
            "x": 3762,
            "y": 536
          },
          {
            "x": 3761,
            "y": 535
          },
          {
            "x": 3761,
            "y": 527
          },
          {
            "x": 3753.0,
            "y": 527
          },
          {
            "x": 3752,
            "y": 526
          },
          {
            "x": 3752,
            "y": 518
          },
          {
            "x": 3744,
            "y": 518
          },
          {
            "x": 3743.0,
            "y": 517
          },
          {
            "x": 3743.0,
            "y": 509.0
          },
          {
            "x": 3735,
            "y": 509.0
          },
          {
            "x": 3734,
            "y": 508
          },
          {
            "x": 3734,
            "y": 500
          },
          {
            "x": 3717,
            "y": 500
          },
          {
            "x": 3716,
            "y": 499
          },
          {
            "x": 3716,
            "y": 491
          },
          {
            "x": 3708,
            "y": 491
          },
          {
            "x": 3707,
            "y": 490
          },
          {
            "x": 3707,
            "y": 482.0
          },
          {
            "x": 3699,
            "y": 482.0
          },
          {
            "x": 3698.0,
            "y": 481
          },
          {
            "x": 3698.0,
            "y": 473
          },
          {
            "x": 3690,
            "y": 473
          },
          {
            "x": 3689,
            "y": 472
          },
          {
            "x": 3689,
            "y": 464
          },
          {
            "x": 3672.0,
            "y": 464
          },
          {
            "x": 3671,
            "y": 463
          },
          {
            "x": 3671,
            "y": 455.0
          },
          {
            "x": 3663,
            "y": 455.0
          },
          {
            "x": 3662,
            "y": 454
          },
          {
            "x": 3662,
            "y": 446
          },
          {
            "x": 3646,
            "y": 446
          },
          {
            "x": 3645,
            "y": 445
          },
          {
            "x": 3645,
            "y": 437
          },
          {
            "x": 3637.0,
            "y": 437
          },
          {
            "x": 3636,
            "y": 436
          },
          {
            "x": 3636,
            "y": 429
          },
          {
            "x": 3628,
            "y": 429
          },
          {
            "x": 3627.0,
            "y": 428.0
          },
          {
            "x": 3627.0,
            "y": 420
          },
          {
            "x": 3619,
            "y": 420
          },
          {
            "x": 3618,
            "y": 419
          },
          {
            "x": 3618,
            "y": 411
          },
          {
            "x": 3610,
            "y": 411
          },
          {
            "x": 3609,
            "y": 410
          },
          {
            "x": 3609,
            "y": 402
          },
          {
            "x": 3601.0,
            "y": 402
          },
          {
            "x": 3600,
            "y": 401.0
          },
          {
            "x": 3600,
            "y": 393.0
          },
          {
            "x": 3592,
            "y": 393.0
          },
          {
            "x": 3591,
            "y": 392
          },
          {
            "x": 3591,
            "y": 384
          },
          {
            "x": 3583,
            "y": 384
          },
          {
            "x": 3582.0,
            "y": 383
          },
          {
            "x": 3582.0,
            "y": 366.0
          },
          {
            "x": 3574,
            "y": 366.0
          },
          {
            "x": 3573,
            "y": 365
          },
          {
            "x": 3573,
            "y": 348
          },
          {
            "x": 3565,
            "y": 348
          },
          {
            "x": 3564,
            "y": 347.0
          },
          {
            "x": 3564,
            "y": 330
          },
          {
            "x": 3556.0,
            "y": 330
          },
          {
            "x": 3555,
            "y": 329
          },
          {
            "x": 3555,
            "y": 303
          },
          {
            "x": 3547,
            "y": 303
          },
          {
            "x": 3546,
            "y": 302
          },
          {
            "x": 3546,
            "y": 285.0
          },
          {
            "x": 3538,
            "y": 285.0
          },
          {
            "x": 3537.0,
            "y": 284
          },
          {
            "x": 3537.0,
            "y": 268.0
          },
          {
            "x": 3529,
            "y": 268.0
          },
          {
            "x": 3528,
            "y": 267
          },
          {
            "x": 3528,
            "y": 259
          },
          {
            "x": 3520,
            "y": 259
          },
          {
            "x": 3519,
            "y": 258.0
          },
          {
            "x": 3519,
            "y": 250.0
          },
          {
            "x": 3511.0,
            "y": 250.0
          },
          {
            "x": 3510,
            "y": 249
          },
          {
            "x": 3510,
            "y": 241.0
          },
          {
            "x": 3502,
            "y": 241.0
          },
          {
            "x": 3501,
            "y": 240.0
          },
          {
            "x": 3501,
            "y": 232
          },
          {
            "x": 3493,
            "y": 232
          },
          {
            "x": 3492.0,
            "y": 231.0
          },
          {
            "x": 3492.0,
            "y": 223.0
          },
          {
            "x": 3485.0,
            "y": 223.0
          },
          {
            "x": 3484,
            "y": 222
          },
          {
            "x": 3484,
            "y": 214.0
          },
          {
            "x": 3476,
            "y": 214.0
          },
          {
            "x": 3475,
            "y": 213.0
          },
          {
            "x": 3475,
            "y": 205
          },
          {
            "x": 3467,
            "y": 205
          },
          {
            "x": 3466.0,
            "y": 204.0
          },
          {
            "x": 3466.0,
            "y": 196.0
          },
          {
            "x": 3449,
            "y": 196.0
          },
          {
            "x": 3448,
            "y": 195
          },
          {
            "x": 3448,
            "y": 187.0
          },
          {
            "x": 3440.0,
            "y": 187.0
          },
          {
            "x": 3439,
            "y": 186.0
          },
          {
            "x": 3439,
            "y": 178
          },
          {
            "x": 3431,
            "y": 178
          },
          {
            "x": 3430,
            "y": 177.0
          },
          {
            "x": 3430,
            "y": 169.0
          },
          {
            "x": 3413,
            "y": 169.0
          },
          {
            "x": 3412,
            "y": 168
          },
          {
            "x": 3412,
            "y": 160
          },
          {
            "x": 3404,
            "y": 160
          },
          {
            "x": 3403,
            "y": 159.0
          },
          {
            "x": 3403,
            "y": 151.0
          },
          {
            "x": 3386,
            "y": 151.0
          },
          {
            "x": 3385,
            "y": 150.0
          },
          {
            "x": 3385,
            "y": 142.0
          },
          {
            "x": 3368,
            "y": 142.0
          },
          {
            "x": 3367,
            "y": 141
          },
          {
            "x": 3367,
            "y": 133
          },
          {
            "x": 3350.0,
            "y": 133
          },
          {
            "x": 3349,
            "y": 132.0
          },
          {
            "x": 3349,
            "y": 124.0
          },
          {
            "x": 3332,
            "y": 124.0
          },
          {
            "x": 3331,
            "y": 123.0
          },
          {
            "x": 3331,
            "y": 115.0
          },
          {
            "x": 3324.0,
            "y": 115.0
          },
          {
            "x": 3323,
            "y": 114.0
          },
          {
            "x": 3323,
            "y": 107.0
          },
          {
            "x": 3306,
            "y": 107.0
          },
          {
            "x": 3305.0,
            "y": 106.0
          },
          {
            "x": 3305.0,
            "y": 98.0
          },
          {
            "x": 3297,
            "y": 98.0
          },
          {
            "x": 3296,
            "y": 97.0
          },
          {
            "x": 3296,
            "y": 89.0
          },
          {
            "x": 3288,
            "y": 89.0
          },
          {
            "x": 3287,
            "y": 88.0
          },
          {
            "x": 3287,
            "y": 80.0
          },
          {
            "x": 3270,
            "y": 80.0
          },
          {
            "x": 3269,
            "y": 79.0
          },
          {
            "x": 3269,
            "y": 62.0
          },
          {
            "x": 3261,
            "y": 62.0
          },
          {
            "x": 3260.0,
            "y": 61.0
          },
          {
            "x": 3260.0,
            "y": 44.0
          },
          {
            "x": 3252,
            "y": 44.0
          },
          {
            "x": 3251,
            "y": 43.0
          },
          {
            "x": 3251,
            "y": 35.0
          },
          {
            "x": 3243,
            "y": 35.0
          },
          {
            "x": 3242,
            "y": 34.0
          },
          {
            "x": 3242,
            "y": 17.0
          },
          {
            "x": 3234.0,
            "y": 17.0
          },
          {
            "x": 3233,
            "y": 16.0
          },
          {
            "x": 3233,
            "y": 8.0
          },
          {
            "x": 3225,
            "y": 8.0
          },
          {
            "x": 3224.0,
            "y": 7.0
          },
          {
            "x": 3224.0,
            "y": 0
          }
        ]
      }
    },
    {
      "annotator": {
        "email": "corporate@bex.kg",
        "full_name": "Aizada Tynchybek kyzy"
      },
      "name": "Road ",
      "polygon": {
        "path": [
          {
            "x": 390.43,
            "y": 3647.47
          },
          {
            "x": 487.01,
            "y": 3647.47
          },
          {
            "x": 435.7,
            "y": 3416.09
          },
          {
            "x": 422.62,
            "y": 3242.05
          },
          {
            "x": 438.51,
            "y": 3004.54
          },
          {
            "x": 487.81,
            "y": 2874.4
          },
          {
            "x": 617.94,
            "y": 2732.43
          },
          {
            "x": 722.14,
            "y": 2662.38
          },
          {
            "x": 853.26,
            "y": 2607.17
          },
          {
            "x": 965.65,
            "y": 2577.59
          },
          {
            "x": 1086.91,
            "y": 2571.68
          },
          {
            "x": 1285.08,
            "y": 2581.54
          },
          {
            "x": 1545.35,
            "y": 2598.3
          },
          {
            "x": 2064.16,
            "y": 2639.71
          },
          {
            "x": 2561.05,
            "y": 2665.34
          },
          {
            "x": 2662.6,
            "y": 2684.07
          },
          {
            "x": 2835.13,
            "y": 2637.73
          },
          {
            "x": 4618.33,
            "y": 1601.3
          },
          {
            "x": 4574.02,
            "y": 1901.96
          },
          {
            "x": 4448.42,
            "y": 2458.47
          },
          {
            "x": 4347.86,
            "y": 2999.09
          },
          {
            "x": 4299.74,
            "y": 3395.13
          },
          {
            "x": 4282.0,
            "y": 3574.56
          },
          {
            "x": 4291.85,
            "y": 3641.6
          },
          {
            "x": 4433.82,
            "y": 3641.6
          },
          {
            "x": 4429.88,
            "y": 3440.48
          },
          {
            "x": 4467.34,
            "y": 3186.12
          },
          {
            "x": 4522.55,
            "y": 2868.67
          },
          {
            "x": 4575.07,
            "y": 2678.78
          },
          {
            "x": 4643.43,
            "y": 2647.29
          },
          {
            "x": 4688.5,
            "y": 2355.75
          },
          {
            "x": 4775.67,
            "y": 1817.0
          },
          {
            "x": 4848.03,
            "y": 1494.96
          },
          {
            "x": 5162.98,
            "y": 805.49
          },
          {
            "x": 5311.48,
            "y": 504.79
          },
          {
            "x": 5370.64,
            "y": 516.62
          },
          {
            "x": 5428.8,
            "y": 397.33
          },
          {
            "x": 5451.48,
            "y": 368.74
          },
          {
            "x": 5472.18,
            "y": 358.88
          },
          {
            "x": 5467.3,
            "y": -0.35
          },
          {
            "x": 5250.4,
            "y": -0.35
          },
          {
            "x": 4556.49,
            "y": 1275.26
          },
          {
            "x": 4525.57,
            "y": 1340.96
          },
          {
            "x": 4492.72,
            "y": 1402.8
          },
          {
            "x": 4450.21,
            "y": 1449.17
          },
          {
            "x": 3119.66,
            "y": 2261.8
          },
          {
            "x": 3002.34,
            "y": 2321.94
          },
          {
            "x": 2841.64,
            "y": 2389.96
          },
          {
            "x": 2709.53,
            "y": 2440.24
          },
          {
            "x": 2542.92,
            "y": 2476.72
          },
          {
            "x": 2361.52,
            "y": 2486.58
          },
          {
            "x": 1497.46,
            "y": 2435.99
          },
          {
            "x": 1269.24,
            "y": 2433.23
          },
          {
            "x": 1120.65,
            "y": 2432.53
          },
          {
            "x": 1034.03,
            "y": 2431.82
          },
          {
            "x": 910.8,
            "y": 2442.38
          },
          {
            "x": 805.17,
            "y": 2471.96
          },
          {
            "x": 712.46,
            "y": 2507.01
          },
          {
            "x": 623.73,
            "y": 2551.37
          },
          {
            "x": 546.83,
            "y": 2607.57
          },
          {
            "x": 476.84,
            "y": 2675.6
          },
          {
            "x": 418.67,
            "y": 2755.45
          },
          {
            "x": 371.91,
            "y": 2838.6
          },
          {
            "x": 354.17,
            "y": 2903.67
          },
          {
            "x": 331.49,
            "y": 3007.18
          },
          {
            "x": 321.63,
            "y": 3114.65
          },
          {
            "x": 316.7,
            "y": 3214.22
          },
          {
            "x": 322.31,
            "y": 3355.48
          },
          {
            "x": 338.74,
            "y": 3470.5
          }
        ]
      }
    },
    {
      "annotator": {
        "email": "corporate@bex.kg",
        "full_name": "Aizada Tynchybek kyzy"
      },
      "name": "Building Polygon ",
      "polygon": {
        "path": [
          {
            "x": 4048.61,
            "y": 0.15
          },
          {
            "x": 4028.27,
            "y": 87.93
          },
          {
            "x": 4066.93,
            "y": 103.59
          },
          {
            "x": 4111.97,
            "y": 120.2
          },
          {
            "x": 4600.38,
            "y": 317.17
          },
          {
            "x": 4718.23,
            "y": 105.81
          },
          {
            "x": 4724.73,
            "y": 108.28
          },
          {
            "x": 4786.62,
            "y": 0.15
          }
        ]
      }
    },
    {
      "annotator": {
        "email": "corporate@bex.kg",
        "full_name": "Aizada Tynchybek kyzy"
      },
      "name": "Building Polygon ",
      "polygon": {
        "path": [
          {
            "x": 3878.88,
            "y": 2427.92
          },
          {
            "x": 3803.36,
            "y": 2409.59
          },
          {
            "x": 3816.56,
            "y": 2355.7
          },
          {
            "x": 3692.64,
            "y": 2324.17
          },
          {
            "x": 3695.21,
            "y": 2317.94
          },
          {
            "x": 3559.56,
            "y": 2279.44
          },
          {
            "x": 3543.79,
            "y": 2338.47
          },
          {
            "x": 3443.14,
            "y": 2305.65
          },
          {
            "x": 3142.45,
            "y": 2479.83
          },
          {
            "x": 3057.81,
            "y": 2776.53
          },
          {
            "x": 3275.57,
            "y": 2915.19
          },
          {
            "x": 3479.79,
            "y": 3015.19
          },
          {
            "x": 3717.81,
            "y": 3053.21
          }
        ]
      }
    }
  ]
}