{
  "image": {
    "width": 5472,
    "height": 3648,
    "filename": "00000053.JPG",
    "original_filename": "EP-00-00012_0119_0113.JPG",
    "url": "https://darwin.v7labs.com/api/images/1221779/original?token=b19ef416-03ed-4ae6-a438-a83286cfedf7",
    "thumbnail_url": "https://darwin.v7labs.com/api/images/1221779/thumbnail?token=b19ef416-03ed-4ae6-a438-a83286cfedf7",
    "workview_url": "https://darwin.v7labs.com/workview?dataset=1192&image=53"
  },
  "dataset": "Mapping_3",
  "annotated": true,
  "annotations": [
    {
      "annotator": {
        "email": "corporate@bex.kg",
        "full_name": "Aizada Tynchybek kyzy"
      },
      "name": "Building Polygon ",
      "polygon": {
        "path": [
          {
            "x": 1910.8,
            "y": 1701.64
          },
          {
            "x": 1539.48,
            "y": 1646.24
          },
          {
            "x": 1464.61,
            "y": 1561.65
          },
          {
            "x": 1426.43,
            "y": 1595.34
          },
          {
            "x": 1348.58,
            "y": 1500.26
          },
          {
            "x": 1371.78,
            "y": 1477.05
          },
          {
            "x": 1347.43,
            "y": 1444.74
          },
          {
            "x": 1361.44,
            "y": 1430.37
          },
          {
            "x": 1305.04,
            "y": 1340.18
          },
          {
            "x": 1766.84,
            "y": 990.36
          },
          {
            "x": 1867.97,
            "y": 1103.88
          },
          {
            "x": 2012.38,
            "y": 1291.0
          },
          {
            "x": 2114.91,
            "y": 1475.36
          },
          {
            "x": 2149.42,
            "y": 1527.61
          }
        ]
      }
    },
    {
      "annotator": {
        "email": "corporate@bex.kg",
        "full_name": "Aizada Tynchybek kyzy"
      },
      "name": "Building Polygon ",
      "polygon": {
        "path": [
          {
            "x": 681.01,
            "y": 1582.81
          },
          {
            "x": 694.81,
            "y": 1404.37
          },
          {
            "x": 1269.59,
            "y": 1457.6
          },
          {
            "x": 1252.82,
            "y": 1634.08
          }
        ]
      }
    },
    {
      "annotator": {
        "email": "corporate@bex.kg",
        "full_name": "Aizada Tynchybek kyzy"
      },
      "name": "Road ",
      "polygon": {
        "path": [
          {
            "x": 6.3,
            "y": 1970.41
          },
          {
            "x": -1.98,
            "y": 1666.76
          },
          {
            "x": 221.62,
            "y": 1550.82
          },
          {
            "x": 558.4,
            "y": 1252.69
          },
          {
            "x": 812.36,
            "y": 1059.45
          },
          {
            "x": 857.64,
            "y": 1061.86
          },
          {
            "x": 932.57,
            "y": 1022.42
          },
          {
            "x": 1007.5,
            "y": 945.52
          },
          {
            "x": 1007.5,
            "y": 923.83
          },
          {
            "x": 1269.31,
            "y": 712.97
          },
          {
            "x": 1498.43,
            "y": 508.7
          },
          {
            "x": 1644.74,
            "y": 354.11
          },
          {
            "x": 1772.93,
            "y": 166.49
          },
          {
            "x": 1849.38,
            "y": 224.84
          },
          {
            "x": 1711.49,
            "y": 451.74
          },
          {
            "x": 1484.74,
            "y": 672.58
          },
          {
            "x": 1061.88,
            "y": 1043.57
          },
          {
            "x": 588.35,
            "y": 1418.38
          },
          {
            "x": 517.37,
            "y": 1489.37
          },
          {
            "x": 513.42,
            "y": 1591.9
          },
          {
            "x": 588.35,
            "y": 1611.62
          },
          {
            "x": 1012.28,
            "y": 1660.91
          },
          {
            "x": 1743.81,
            "y": 1725.98
          },
          {
            "x": 2278.16,
            "y": 1773.3
          },
          {
            "x": 2515.78,
            "y": 1885.03
          },
          {
            "x": 2761.18,
            "y": 2091.79
          },
          {
            "x": 3267.45,
            "y": 2484.05
          },
          {
            "x": 3717.69,
            "y": 2845.4
          },
          {
            "x": 3992.02,
            "y": 3038.56
          },
          {
            "x": 4172.84,
            "y": 3118.62
          },
          {
            "x": 4386.77,
            "y": 3164.16
          },
          {
            "x": 4578.63,
            "y": 3151.74
          },
          {
            "x": 4775.71,
            "y": 3081.74
          },
          {
            "x": 4898.56,
            "y": 2971.33
          },
          {
            "x": 4986.89,
            "y": 2844.34
          },
          {
            "x": 5081.14,
            "y": 2676.39
          },
          {
            "x": 5158.44,
            "y": 2413.59
          },
          {
            "x": 5200.95,
            "y": 1957.56
          },
          {
            "x": 5249.26,
            "y": 1571.1
          },
          {
            "x": 5293.39,
            "y": 1314.8
          },
          {
            "x": 5383.1,
            "y": 1044.27
          },
          {
            "x": 5473.23,
            "y": 852.94
          },
          {
            "x": 5469.5,
            "y": 1178.84
          },
          {
            "x": 5423.98,
            "y": 1316.3
          },
          {
            "x": 5391.25,
            "y": 1496.3
          },
          {
            "x": 5358.52,
            "y": 1674.26
          },
          {
            "x": 5329.88,
            "y": 1903.35
          },
          {
            "x": 5311.7,
            "y": 2090.85
          },
          {
            "x": 5284.76,
            "y": 2306.42
          },
          {
            "x": 5267.79,
            "y": 2463.11
          },
          {
            "x": 5183.13,
            "y": 2785.74
          },
          {
            "x": 5050.63,
            "y": 3025.91
          },
          {
            "x": 4868.44,
            "y": 3224.66
          },
          {
            "x": 4709.03,
            "y": 3304.17
          },
          {
            "x": 4538.47,
            "y": 3327.83
          },
          {
            "x": 4307.77,
            "y": 3322.9
          },
          {
            "x": 4093.83,
            "y": 3255.86
          },
          {
            "x": 3853.28,
            "y": 3132.63
          },
          {
            "x": 2686.06,
            "y": 2227.18
          },
          {
            "x": 2442.59,
            "y": 2068.73
          },
          {
            "x": 2112.8,
            "y": 1954.89
          },
          {
            "x": 1842.27,
            "y": 1909.34
          },
          {
            "x": 1450.28,
            "y": 1874.84
          },
          {
            "x": 506.19,
            "y": 1786.58
          },
          {
            "x": 399.92,
            "y": 1789.34
          },
          {
            "x": 333.66,
            "y": 1810.04
          }
        ]
      }
    },
    {
      "annotator": {
        "email": "corporate@bex.kg",
        "full_name": "Aizada Tynchybek kyzy"
      },
      "name": "Road ",
      "polygon": {
        "path": [
          {
            "x": 4.7,
            "y": 713.67
          },
          {
            "x": 0.83,
            "y": 1051.82
          },
          {
            "x": 917.13,
            "y": 1.23
          },
          {
            "x": 640.36,
            "y": 0.77
          }
        ]
      }
    },
    {
      "annotator": {
        "email": "corporate@bex.kg",
        "full_name": "Aizada Tynchybek kyzy"
      },
      "name": "Spring field Polygon ",
      "polygon": {
        "path": [
          {
            "x": 5470.14,
            "y": 794.23
          },
          {
            "x": 5366.62,
            "y": 1012.53
          },
          {
            "x": 5318.02,
            "y": 1144.9
          },
          {
            "x": 5263.79,
            "y": 1347.01
          },
          {
            "x": 5231.26,
            "y": 1520.53
          },
          {
            "x": 5189.97,
            "y": 1759.99
          },
          {
            "x": 5158.22,
            "y": 2091.25
          },
          {
            "x": 5105.48,
            "y": 2360.96
          },
          {
            "x": 5069.6,
            "y": 2581.8
          },
          {
            "x": 4960.56,
            "y": 2652.19
          },
          {
            "x": 4808.73,
            "y": 2652.19
          },
          {
            "x": 4662.43,
            "y": 2595.6
          },
          {
            "x": 4470.57,
            "y": 2452.05
          },
          {
            "x": 4328.41,
            "y": 2272.62
          },
          {
            "x": 4155.88,
            "y": 2068.35
          },
          {
            "x": 3414.7,
            "y": 1012.74
          },
          {
            "x": 3207.91,
            "y": 402.98
          },
          {
            "x": 3176.05,
            "y": 7.84
          },
          {
            "x": 5470.19,
            "y": 1.32
          }
        ]
      }
    },
    {
      "annotator": {
        "email": "corporate@bex.kg",
        "full_name": "Aizada Tynchybek kyzy"
      },
      "name": "Spring field Polygon ",
      "polygon": {
        "path": [
          {
            "x": 3931.13,
            "y": 3646.16
          },
          {
            "x": 3425.96,
            "y": 3210.01
          },
          {
            "x": 2512.25,
            "y": 2511.61
          },
          {
            "x": 1802.8,
            "y": 2125.14
          },
          {
            "x": 1215.56,
            "y": 1953.46
          },
          {
            "x": 515.58,
            "y": 1846.98
          },
          {
            "x": 336.78,
            "y": 1903.49
          },
          {
            "x": 327.59,
            "y": 2066.99
          },
          {
            "x": 335.91,
            "y": 2243.31
          },
          {
            "x": 317.45,
            "y": 2527.49
          },
          {
            "x": 262.05,
            "y": 3642.37
          }
        ]
      }
    }
  ]
}