{
  "image": {
    "width": 5472,
    "height": 3648,
    "filename": "00000033.JPG",
    "original_filename": "EP-00-00012_0119_0093.JPG",
    "url": "https://darwin.v7labs.com/api/images/1221759/original?token=b19ef416-03ed-4ae6-a438-a83286cfedf7",
    "thumbnail_url": "https://darwin.v7labs.com/api/images/1221759/thumbnail?token=b19ef416-03ed-4ae6-a438-a83286cfedf7",
    "workview_url": "https://darwin.v7labs.com/workview?dataset=1192&image=33"
  },
  "dataset": "Mapping_3",
  "annotated": true,
  "annotations": [
    {
      "annotator": {
        "email": "corporate@bex.kg",
        "full_name": "Aizada Tynchybek kyzy"
      },
      "name": "Road ",
      "polygon": {
        "path": [
          {
            "x": 3642.28,
            "y": 2.28
          },
          {
            "x": 3377.98,
            "y": -0.14
          },
          {
            "x": 1975.67,
            "y": 3068.12
          },
          {
            "x": 1770.72,
            "y": 3514.1
          },
          {
            "x": 1744.37,
            "y": 3575.15
          },
          {
            "x": 1727.01,
            "y": 3625.12
          },
          {
            "x": 1722.8,
            "y": 3647.21
          },
          {
            "x": 2014.72,
            "y": 3647.21
          }
        ]
      }
    },
    {
      "annotator": {
        "email": "corporate@bex.kg",
        "full_name": "Aizada Tynchybek kyzy"
      },
      "name": "Building Polygon ",
      "polygon": {
        "path": [
          {
            "x": 4572.97,
            "y": 1.02
          },
          {
            "x": 4526.69,
            "y": 117.71
          },
          {
            "x": 4264.12,
            "y": 0.01
          },
          {
            "x": 4007.51,
            "y": 0.27
          },
          {
            "x": 3922.27,
            "y": 125.93
          },
          {
            "x": 3914.49,
            "y": 122.98
          },
          {
            "x": 2380.01,
            "y": 3646.73
          },
          {
            "x": 5470.87,
            "y": 3646.54
          },
          {
            "x": 5471.89,
            "y": 0.43
          }
        ]
      }
    }
  ]
}