{
  "image": {
    "width": 5472,
    "height": 3648,
    "filename": "00000027.JPG",
    "original_filename": "EP-00-00012_0119_0061.JPG",
    "url": "https://darwin.v7labs.com/api/images/1221706/original?token=352cf892-311a-4ca4-80fd-3f05fb7d64b8",
    "thumbnail_url": "https://darwin.v7labs.com/api/images/1221706/thumbnail?token=352cf892-311a-4ca4-80fd-3f05fb7d64b8",
    "workview_url": "https://darwin.v7labs.com/workview?dataset=1191&image=27"
  },
  "dataset": "Mapping_2",
  "annotated": true,
  "annotations": [
    {
      "annotator": {
        "email": "begimbaeva.s95@gmail.com",
        "full_name": "Saltanat Begimbaeva"
      },
      "name": "Spring Field Polygon ",
      "polygon": {
        "path": [
          {
            "x": 5470.83,
            "y": 943.67
          },
          {
            "x": 5445.28,
            "y": 885.11
          },
          {
            "x": 4988.82,
            "y": 1068.52
          },
          {
            "x": 5110.51,
            "y": 1320.71
          },
          {
            "x": 5075.79,
            "y": 1336.55
          },
          {
            "x": 4955.21,
            "y": 1088.21
          },
          {
            "x": 4923.06,
            "y": 1104.36
          },
          {
            "x": 4855.69,
            "y": 1153.97
          },
          {
            "x": 4643.19,
            "y": 1244.71
          },
          {
            "x": 4172.61,
            "y": 1431.17
          },
          {
            "x": 4015.88,
            "y": 1491.59
          },
          {
            "x": 3860.52,
            "y": 1562.41
          },
          {
            "x": 3804.84,
            "y": 1591.96
          },
          {
            "x": 3862.46,
            "y": 1744.87
          },
          {
            "x": 3966.06,
            "y": 1968.96
          },
          {
            "x": 4018.15,
            "y": 2085.54
          },
          {
            "x": 4003.27,
            "y": 2145.07
          },
          {
            "x": 4080.16,
            "y": 2338.53
          },
          {
            "x": 4164.49,
            "y": 2499.75
          },
          {
            "x": 4269.0,
            "y": 2775.41
          },
          {
            "x": 4363.91,
            "y": 2965.23
          },
          {
            "x": 4241.0,
            "y": 3064.38
          },
          {
            "x": 4325.43,
            "y": 3277.67
          },
          {
            "x": 4414.36,
            "y": 3496.03
          },
          {
            "x": 4446.77,
            "y": 3584.29
          },
          {
            "x": 4476.8,
            "y": 3657.43
          },
          {
            "x": 5473.19,
            "y": 3646.7
          },
          {
            "x": 5470.16,
            "y": 2631.79
          },
          {
            "x": 5471.91,
            "y": 2379.88
          },
          {
            "x": 5443.6,
            "y": 2392.54
          },
          {
            "x": 5040.54,
            "y": 1582.21
          },
          {
            "x": 4991.24,
            "y": 1439.79
          },
          {
            "x": 5012.81,
            "y": 1397.8
          },
          {
            "x": 5204.04,
            "y": 1334.19
          },
          {
            "x": 5316.53,
            "y": 1288.49
          },
          {
            "x": 5406.21,
            "y": 1394.11
          },
          {
            "x": 5458.53,
            "y": 1377.43
          },
          {
            "x": 5473.73,
            "y": 1348.56
          }
        ]
      }
    },
    {
      "annotator": {
        "email": "begimbaeva.s95@gmail.com",
        "full_name": "Saltanat Begimbaeva"
      },
      "name": "Road Polygon ",
      "polygon": {
        "path": [
          {
            "x": 2809.13,
            "y": 3.07
          },
          {
            "x": 2843.95,
            "y": 89.47
          },
          {
            "x": 2954.6,
            "y": 349.81
          },
          {
            "x": 3061.37,
            "y": 595.66
          },
          {
            "x": 3167.9,
            "y": 848.75
          },
          {
            "x": 3167.9,
            "y": 848.75
          },
          {
            "x": 3280.18,
            "y": 1105.59
          },
          {
            "x": 3391.64,
            "y": 1364.96
          },
          {
            "x": 3397.71,
            "y": 1378.73
          },
          {
            "x": 3496.26,
            "y": 1611.53
          },
          {
            "x": 3509.46,
            "y": 1638.23
          },
          {
            "x": 3590.57,
            "y": 1605.5
          },
          {
            "x": 3739.89,
            "y": 1544.76
          },
          {
            "x": 3739.89,
            "y": 1544.76
          },
          {
            "x": 3941.53,
            "y": 1456.33
          },
          {
            "x": 4069.63,
            "y": 1410.21
          },
          {
            "x": 4187.87,
            "y": 1372.65
          },
          {
            "x": 4167.46,
            "y": 1329.56
          },
          {
            "x": 4327.13,
            "y": 1268.79
          },
          {
            "x": 4521.95,
            "y": 1185.36
          },
          {
            "x": 4547.23,
            "y": 1172.71
          },
          {
            "x": 4577.57,
            "y": 1246.11
          },
          {
            "x": 4620.66,
            "y": 1238.51
          },
          {
            "x": 4575.1,
            "y": 1154.99
          },
          {
            "x": 4721.89,
            "y": 1096.78
          },
          {
            "x": 4759.83,
            "y": 1091.88
          },
          {
            "x": 4790.2,
            "y": 1167.83
          },
          {
            "x": 4859.41,
            "y": 1133.06
          },
          {
            "x": 4959.89,
            "y": 1064.97
          },
          {
            "x": 5251.7,
            "y": 947.46
          },
          {
            "x": 5251.7,
            "y": 947.46
          },
          {
            "x": 5471.92,
            "y": 869.14
          },
          {
            "x": 5468.5,
            "y": 573.15
          },
          {
            "x": 5464.84,
            "y": 576.81
          },
          {
            "x": 5116.72,
            "y": 732.33
          },
          {
            "x": 4760.96,
            "y": 862.94
          },
          {
            "x": 4457.96,
            "y": 987.81
          },
          {
            "x": 4010.27,
            "y": 1172.45
          },
          {
            "x": 3804.85,
            "y": 1255.39
          },
          {
            "x": 3682.53,
            "y": 1289.13
          },
          {
            "x": 3577.07,
            "y": 1238.51
          },
          {
            "x": 3451.64,
            "y": 977.7
          },
          {
            "x": 3178.01,
            "y": 355.64
          },
          {
            "x": 3034.75,
            "y": 0.59
          }
        ]
      }
    },
    {
      "annotator": {
        "email": "begimbaeva.s95@gmail.com",
        "full_name": "Saltanat Begimbaeva"
      },
      "name": "Building Polygon ",
      "polygon": {
        "path": [
          {
            "x": 1232.99,
            "y": 4.4
          },
          {
            "x": 1146.54,
            "y": 325.52
          },
          {
            "x": 1029.21,
            "y": 757.79
          },
          {
            "x": 655.6,
            "y": 674.42
          },
          {
            "x": 254.21,
            "y": 600.32
          },
          {
            "x": 180.11,
            "y": 584.88
          },
          {
            "x": 204.81,
            "y": 489.16
          },
          {
            "x": -11.33,
            "y": 439.76
          },
          {
            "x": -5.15,
            "y": 168.05
          },
          {
            "x": -2.07,
            "y": -4.86
          },
          {
            "x": 331.4,
            "y": -1.77
          },
          {
            "x": 782.2,
            "y": -1.77
          }
        ]
      }
    },
    {
      "annotator": {
        "email": "begimbaeva.s95@gmail.com",
        "full_name": "Saltanat Begimbaeva"
      },
      "bounding_box": {
        "h": 33.6,
        "w": 36.24,
        "x": 3046.16,
        "y": 602.25
      },
      "name": "Road sign "
    },
    {
      "annotator": {
        "email": "begimbaeva.s95@gmail.com",
        "full_name": "Saltanat Begimbaeva"
      },
      "bounding_box": {
        "h": 36.91,
        "w": 34.86,
        "x": 3488.65,
        "y": 1623.75
      },
      "name": "Road sign "
    },
    {
      "annotator": {
        "email": "begimbaeva.s95@gmail.com",
        "full_name": "Saltanat Begimbaeva"
      },
      "auto_annotate": {
        "bbox": {
          "x1": -109.99,
          "x2": 134.01,
          "y1": -75.13,
          "y2": 73.87
        },
        "model": "145e8155-b48e-4be2-9c41-8f930ae1daee"
      },
      "name": "Vehicle Polygon ",
      "polygon": {
        "path": [
          {
            "x": 3044,
            "y": 2016
          },
          {
            "x": 3041,
            "y": 2013
          },
          {
            "x": 3041,
            "y": 2012
          },
          {
            "x": 3036,
            "y": 2007
          },
          {
            "x": 3027,
            "y": 2007
          },
          {
            "x": 3026,
            "y": 2008
          },
          {
            "x": 3022,
            "y": 2008
          },
          {
            "x": 3021,
            "y": 2009
          },
          {
            "x": 3019,
            "y": 2009
          },
          {
            "x": 3018,
            "y": 2010
          },
          {
            "x": 3015,
            "y": 2010
          },
          {
            "x": 3014,
            "y": 2011
          },
          {
            "x": 3011,
            "y": 2011
          },
          {
            "x": 3010,
            "y": 2012
          },
          {
            "x": 3007,
            "y": 2012
          },
          {
            "x": 3006,
            "y": 2013
          },
          {
            "x": 3005,
            "y": 2013
          },
          {
            "x": 3004,
            "y": 2014
          },
          {
            "x": 3003,
            "y": 2014
          },
          {
            "x": 3002,
            "y": 2015.0
          },
          {
            "x": 3000,
            "y": 2015.0
          },
          {
            "x": 2999,
            "y": 2016
          },
          {
            "x": 2998,
            "y": 2016
          },
          {
            "x": 2997,
            "y": 2017.0
          },
          {
            "x": 2996,
            "y": 2017.0
          },
          {
            "x": 2995.0,
            "y": 2018
          },
          {
            "x": 2994,
            "y": 2018
          },
          {
            "x": 2993,
            "y": 2019.0
          },
          {
            "x": 2992,
            "y": 2019.0
          },
          {
            "x": 2991.0,
            "y": 2020
          },
          {
            "x": 2990,
            "y": 2020
          },
          {
            "x": 2989,
            "y": 2021
          },
          {
            "x": 2987,
            "y": 2021
          },
          {
            "x": 2986,
            "y": 2022
          },
          {
            "x": 2985,
            "y": 2022
          },
          {
            "x": 2984,
            "y": 2023
          },
          {
            "x": 2983,
            "y": 2023
          },
          {
            "x": 2982.0,
            "y": 2024
          },
          {
            "x": 2981,
            "y": 2024
          },
          {
            "x": 2980,
            "y": 2025
          },
          {
            "x": 2979,
            "y": 2025
          },
          {
            "x": 2978.0,
            "y": 2026
          },
          {
            "x": 2976,
            "y": 2026
          },
          {
            "x": 2975,
            "y": 2027
          },
          {
            "x": 2974,
            "y": 2027
          },
          {
            "x": 2973,
            "y": 2028
          },
          {
            "x": 2972,
            "y": 2028
          },
          {
            "x": 2971,
            "y": 2029
          },
          {
            "x": 2970,
            "y": 2029
          },
          {
            "x": 2969,
            "y": 2030
          },
          {
            "x": 2967,
            "y": 2030
          },
          {
            "x": 2966,
            "y": 2031
          },
          {
            "x": 2965.0,
            "y": 2031
          },
          {
            "x": 2964,
            "y": 2032.0
          },
          {
            "x": 2962,
            "y": 2032.0
          },
          {
            "x": 2961.0,
            "y": 2033
          },
          {
            "x": 2960,
            "y": 2033
          },
          {
            "x": 2959,
            "y": 2034.0
          },
          {
            "x": 2957,
            "y": 2034.0
          },
          {
            "x": 2956,
            "y": 2035
          },
          {
            "x": 2955,
            "y": 2035
          },
          {
            "x": 2954,
            "y": 2036
          },
          {
            "x": 2953,
            "y": 2036
          },
          {
            "x": 2952,
            "y": 2037
          },
          {
            "x": 2951,
            "y": 2037
          },
          {
            "x": 2950,
            "y": 2038
          },
          {
            "x": 2949,
            "y": 2038
          },
          {
            "x": 2948.0,
            "y": 2039
          },
          {
            "x": 2947,
            "y": 2039
          },
          {
            "x": 2946,
            "y": 2040
          },
          {
            "x": 2944.0,
            "y": 2040
          },
          {
            "x": 2943,
            "y": 2041
          },
          {
            "x": 2942,
            "y": 2041
          },
          {
            "x": 2941,
            "y": 2042
          },
          {
            "x": 2940,
            "y": 2042
          },
          {
            "x": 2939,
            "y": 2043
          },
          {
            "x": 2938,
            "y": 2043
          },
          {
            "x": 2936,
            "y": 2045
          },
          {
            "x": 2935.0,
            "y": 2045
          },
          {
            "x": 2934,
            "y": 2046
          },
          {
            "x": 2931.0,
            "y": 2046
          },
          {
            "x": 2930,
            "y": 2047.0
          },
          {
            "x": 2925,
            "y": 2047.0
          },
          {
            "x": 2924,
            "y": 2048
          },
          {
            "x": 2923,
            "y": 2048
          },
          {
            "x": 2918.0,
            "y": 2053
          },
          {
            "x": 2917,
            "y": 2053
          },
          {
            "x": 2916,
            "y": 2054
          },
          {
            "x": 2914.0,
            "y": 2054
          },
          {
            "x": 2913,
            "y": 2055
          },
          {
            "x": 2912,
            "y": 2055
          },
          {
            "x": 2911,
            "y": 2056
          },
          {
            "x": 2910,
            "y": 2056
          },
          {
            "x": 2909,
            "y": 2057
          },
          {
            "x": 2907,
            "y": 2057
          },
          {
            "x": 2906,
            "y": 2058
          },
          {
            "x": 2904,
            "y": 2058
          },
          {
            "x": 2903,
            "y": 2059
          },
          {
            "x": 2902,
            "y": 2059
          },
          {
            "x": 2901.0,
            "y": 2060
          },
          {
            "x": 2900,
            "y": 2060
          },
          {
            "x": 2899,
            "y": 2061
          },
          {
            "x": 2897,
            "y": 2061
          },
          {
            "x": 2896,
            "y": 2062
          },
          {
            "x": 2894,
            "y": 2062
          },
          {
            "x": 2893,
            "y": 2063
          },
          {
            "x": 2892,
            "y": 2063
          },
          {
            "x": 2891,
            "y": 2064
          },
          {
            "x": 2889,
            "y": 2064
          },
          {
            "x": 2888.0,
            "y": 2065
          },
          {
            "x": 2887,
            "y": 2065
          },
          {
            "x": 2886,
            "y": 2066
          },
          {
            "x": 2884.0,
            "y": 2066
          },
          {
            "x": 2882,
            "y": 2068
          },
          {
            "x": 2881,
            "y": 2068
          },
          {
            "x": 2879,
            "y": 2070
          },
          {
            "x": 2878,
            "y": 2070
          },
          {
            "x": 2876,
            "y": 2072
          },
          {
            "x": 2875,
            "y": 2072
          },
          {
            "x": 2874,
            "y": 2073
          },
          {
            "x": 2873,
            "y": 2073
          },
          {
            "x": 2871.0,
            "y": 2075
          },
          {
            "x": 2870,
            "y": 2075
          },
          {
            "x": 2866,
            "y": 2079
          },
          {
            "x": 2866,
            "y": 2082
          },
          {
            "x": 2865,
            "y": 2083
          },
          {
            "x": 2865,
            "y": 2099
          },
          {
            "x": 2866,
            "y": 2100
          },
          {
            "x": 2866,
            "y": 2110
          },
          {
            "x": 2867.0,
            "y": 2111
          },
          {
            "x": 2867.0,
            "y": 2113
          },
          {
            "x": 2868,
            "y": 2114
          },
          {
            "x": 2868,
            "y": 2115
          },
          {
            "x": 2869,
            "y": 2116
          },
          {
            "x": 2869,
            "y": 2117
          },
          {
            "x": 2870,
            "y": 2118
          },
          {
            "x": 2870,
            "y": 2119
          },
          {
            "x": 2872,
            "y": 2121
          },
          {
            "x": 2872,
            "y": 2122
          },
          {
            "x": 2873,
            "y": 2123
          },
          {
            "x": 2873,
            "y": 2124
          },
          {
            "x": 2877,
            "y": 2128
          },
          {
            "x": 2878,
            "y": 2128
          },
          {
            "x": 2881,
            "y": 2131
          },
          {
            "x": 2881,
            "y": 2132
          },
          {
            "x": 2886,
            "y": 2137
          },
          {
            "x": 2887,
            "y": 2137
          },
          {
            "x": 2891,
            "y": 2141
          },
          {
            "x": 2892,
            "y": 2141
          },
          {
            "x": 2893,
            "y": 2142
          },
          {
            "x": 2895,
            "y": 2142
          },
          {
            "x": 2896,
            "y": 2143
          },
          {
            "x": 2911,
            "y": 2143
          },
          {
            "x": 2912,
            "y": 2142
          },
          {
            "x": 2913,
            "y": 2142
          },
          {
            "x": 2915,
            "y": 2140
          },
          {
            "x": 2916,
            "y": 2140
          },
          {
            "x": 2917,
            "y": 2139
          },
          {
            "x": 2918.0,
            "y": 2139
          },
          {
            "x": 2920,
            "y": 2137
          },
          {
            "x": 2921,
            "y": 2137
          },
          {
            "x": 2922,
            "y": 2136
          },
          {
            "x": 2923,
            "y": 2136
          },
          {
            "x": 2925,
            "y": 2134
          },
          {
            "x": 2926,
            "y": 2134
          },
          {
            "x": 2927,
            "y": 2133
          },
          {
            "x": 2928,
            "y": 2133
          },
          {
            "x": 2929,
            "y": 2132
          },
          {
            "x": 2930,
            "y": 2132
          },
          {
            "x": 2931.0,
            "y": 2131
          },
          {
            "x": 2932,
            "y": 2131
          },
          {
            "x": 2933,
            "y": 2130
          },
          {
            "x": 2934,
            "y": 2130
          },
          {
            "x": 2935.0,
            "y": 2129
          },
          {
            "x": 2936,
            "y": 2129
          },
          {
            "x": 2937,
            "y": 2128
          },
          {
            "x": 2940,
            "y": 2128
          },
          {
            "x": 2941,
            "y": 2127
          },
          {
            "x": 2943,
            "y": 2127
          },
          {
            "x": 2944.0,
            "y": 2126
          },
          {
            "x": 2945,
            "y": 2126
          },
          {
            "x": 2946,
            "y": 2125
          },
          {
            "x": 2947,
            "y": 2125
          },
          {
            "x": 2948.0,
            "y": 2124
          },
          {
            "x": 2949,
            "y": 2124
          },
          {
            "x": 2950,
            "y": 2123
          },
          {
            "x": 2951,
            "y": 2123
          },
          {
            "x": 2952,
            "y": 2122
          },
          {
            "x": 2954,
            "y": 2122
          },
          {
            "x": 2955,
            "y": 2121
          },
          {
            "x": 2957,
            "y": 2121
          },
          {
            "x": 2958,
            "y": 2120
          },
          {
            "x": 2959,
            "y": 2120
          },
          {
            "x": 2960,
            "y": 2119
          },
          {
            "x": 2961.0,
            "y": 2119
          },
          {
            "x": 2962,
            "y": 2118
          },
          {
            "x": 2964,
            "y": 2118
          },
          {
            "x": 2966,
            "y": 2116
          },
          {
            "x": 2967,
            "y": 2116
          },
          {
            "x": 2968,
            "y": 2115
          },
          {
            "x": 2969,
            "y": 2115
          },
          {
            "x": 2970,
            "y": 2114
          },
          {
            "x": 2971,
            "y": 2114
          },
          {
            "x": 2972,
            "y": 2113
          },
          {
            "x": 2974,
            "y": 2113
          },
          {
            "x": 2975,
            "y": 2112
          },
          {
            "x": 2977,
            "y": 2112
          },
          {
            "x": 2979,
            "y": 2110
          },
          {
            "x": 2981,
            "y": 2110
          },
          {
            "x": 2982.0,
            "y": 2109
          },
          {
            "x": 2983,
            "y": 2109
          },
          {
            "x": 2984,
            "y": 2108
          },
          {
            "x": 2985,
            "y": 2108
          },
          {
            "x": 2986,
            "y": 2107
          },
          {
            "x": 2987,
            "y": 2107
          },
          {
            "x": 2988,
            "y": 2106
          },
          {
            "x": 2989,
            "y": 2106
          },
          {
            "x": 2990,
            "y": 2105
          },
          {
            "x": 2991.0,
            "y": 2105
          },
          {
            "x": 2993,
            "y": 2103
          },
          {
            "x": 2994,
            "y": 2103
          },
          {
            "x": 2996,
            "y": 2101
          },
          {
            "x": 2998,
            "y": 2101
          },
          {
            "x": 2999,
            "y": 2100
          },
          {
            "x": 3000,
            "y": 2100
          },
          {
            "x": 3001,
            "y": 2099
          },
          {
            "x": 3002,
            "y": 2099
          },
          {
            "x": 3003,
            "y": 2098
          },
          {
            "x": 3004,
            "y": 2098
          },
          {
            "x": 3005,
            "y": 2097
          },
          {
            "x": 3007,
            "y": 2097
          },
          {
            "x": 3008.0,
            "y": 2096
          },
          {
            "x": 3009,
            "y": 2096
          },
          {
            "x": 3010,
            "y": 2095
          },
          {
            "x": 3011,
            "y": 2095
          },
          {
            "x": 3012.0,
            "y": 2094
          },
          {
            "x": 3015,
            "y": 2094
          },
          {
            "x": 3016,
            "y": 2093
          },
          {
            "x": 3019,
            "y": 2093
          },
          {
            "x": 3020,
            "y": 2092
          },
          {
            "x": 3025.0,
            "y": 2092
          },
          {
            "x": 3026,
            "y": 2091
          },
          {
            "x": 3027,
            "y": 2091
          },
          {
            "x": 3028,
            "y": 2090
          },
          {
            "x": 3029.0,
            "y": 2090
          },
          {
            "x": 3030,
            "y": 2089
          },
          {
            "x": 3031,
            "y": 2089
          },
          {
            "x": 3032,
            "y": 2088
          },
          {
            "x": 3033,
            "y": 2088
          },
          {
            "x": 3034,
            "y": 2087
          },
          {
            "x": 3035,
            "y": 2087
          },
          {
            "x": 3038.0,
            "y": 2084
          },
          {
            "x": 3039,
            "y": 2084
          },
          {
            "x": 3040,
            "y": 2083
          },
          {
            "x": 3041,
            "y": 2083
          },
          {
            "x": 3041,
            "y": 2082
          },
          {
            "x": 3044,
            "y": 2079
          },
          {
            "x": 3045,
            "y": 2079
          },
          {
            "x": 3049,
            "y": 2075
          },
          {
            "x": 3050,
            "y": 2075
          },
          {
            "x": 3052,
            "y": 2073
          },
          {
            "x": 3053,
            "y": 2073
          },
          {
            "x": 3056,
            "y": 2070
          },
          {
            "x": 3057,
            "y": 2070
          },
          {
            "x": 3059.0,
            "y": 2068
          },
          {
            "x": 3060,
            "y": 2068
          },
          {
            "x": 3061,
            "y": 2067
          },
          {
            "x": 3061,
            "y": 2066
          },
          {
            "x": 3062,
            "y": 2065
          },
          {
            "x": 3062,
            "y": 2058
          },
          {
            "x": 3061,
            "y": 2057
          },
          {
            "x": 3061,
            "y": 2055
          },
          {
            "x": 3060,
            "y": 2054
          },
          {
            "x": 3060,
            "y": 2051
          },
          {
            "x": 3059.0,
            "y": 2050
          },
          {
            "x": 3059.0,
            "y": 2048
          },
          {
            "x": 3058,
            "y": 2047.0
          },
          {
            "x": 3058,
            "y": 2046
          },
          {
            "x": 3057,
            "y": 2045
          },
          {
            "x": 3057,
            "y": 2043
          },
          {
            "x": 3056,
            "y": 2042
          },
          {
            "x": 3056,
            "y": 2040
          },
          {
            "x": 3055.0,
            "y": 2039
          },
          {
            "x": 3055.0,
            "y": 2038
          },
          {
            "x": 3054,
            "y": 2037
          },
          {
            "x": 3054,
            "y": 2035
          },
          {
            "x": 3053,
            "y": 2034.0
          },
          {
            "x": 3053,
            "y": 2033
          },
          {
            "x": 3052,
            "y": 2032.0
          },
          {
            "x": 3052,
            "y": 2030
          },
          {
            "x": 3050,
            "y": 2028
          },
          {
            "x": 3050,
            "y": 2027
          },
          {
            "x": 3049,
            "y": 2026
          },
          {
            "x": 3049,
            "y": 2025
          },
          {
            "x": 3048,
            "y": 2024
          },
          {
            "x": 3048,
            "y": 2023
          },
          {
            "x": 3046,
            "y": 2021
          },
          {
            "x": 3046,
            "y": 2020
          },
          {
            "x": 3045,
            "y": 2019.0
          },
          {
            "x": 3045,
            "y": 2018
          },
          {
            "x": 3044,
            "y": 2017.0
          }
        ]
      }
    },
    {
      "annotator": {
        "email": "begimbaeva.s95@gmail.com",
        "full_name": "Saltanat Begimbaeva"
      },
      "auto_annotate": {
        "bbox": {
          "x1": -105.33,
          "x2": 114.67,
          "y1": -66.47,
          "y2": 68.53
        },
        "model": "145e8155-b48e-4be2-9c41-8f930ae1daee"
      },
      "name": "Vehicle Polygon ",
      "polygon": {
        "path": [
          {
            "x": 3138,
            "y": 2251
          },
          {
            "x": 3136.0,
            "y": 2249
          },
          {
            "x": 3136.0,
            "y": 2248
          },
          {
            "x": 3133,
            "y": 2245
          },
          {
            "x": 3133,
            "y": 2244
          },
          {
            "x": 3129,
            "y": 2240
          },
          {
            "x": 3128,
            "y": 2240
          },
          {
            "x": 3127,
            "y": 2239
          },
          {
            "x": 3126,
            "y": 2239
          },
          {
            "x": 3125,
            "y": 2238
          },
          {
            "x": 3123,
            "y": 2238
          },
          {
            "x": 3122,
            "y": 2237
          },
          {
            "x": 3118,
            "y": 2237
          },
          {
            "x": 3117,
            "y": 2236
          },
          {
            "x": 3116,
            "y": 2236
          },
          {
            "x": 3115.0,
            "y": 2235
          },
          {
            "x": 3111,
            "y": 2235
          },
          {
            "x": 3110,
            "y": 2236
          },
          {
            "x": 3109,
            "y": 2236
          },
          {
            "x": 3108,
            "y": 2237
          },
          {
            "x": 3104,
            "y": 2237
          },
          {
            "x": 3103,
            "y": 2238
          },
          {
            "x": 3102.0,
            "y": 2238
          },
          {
            "x": 3101,
            "y": 2239
          },
          {
            "x": 3100,
            "y": 2239
          },
          {
            "x": 3099,
            "y": 2240
          },
          {
            "x": 3095,
            "y": 2240
          },
          {
            "x": 3094,
            "y": 2241
          },
          {
            "x": 3093,
            "y": 2241
          },
          {
            "x": 3092,
            "y": 2242
          },
          {
            "x": 3091,
            "y": 2242
          },
          {
            "x": 3090,
            "y": 2243
          },
          {
            "x": 3087,
            "y": 2243
          },
          {
            "x": 3086,
            "y": 2244
          },
          {
            "x": 3085.0,
            "y": 2244
          },
          {
            "x": 3084,
            "y": 2245
          },
          {
            "x": 3083,
            "y": 2245
          },
          {
            "x": 3082,
            "y": 2246
          },
          {
            "x": 3081,
            "y": 2246
          },
          {
            "x": 3080,
            "y": 2247
          },
          {
            "x": 3078,
            "y": 2247
          },
          {
            "x": 3077,
            "y": 2248
          },
          {
            "x": 3075,
            "y": 2248
          },
          {
            "x": 3074,
            "y": 2249
          },
          {
            "x": 3072.0,
            "y": 2249
          },
          {
            "x": 3071,
            "y": 2250
          },
          {
            "x": 3069,
            "y": 2250
          },
          {
            "x": 3068.0,
            "y": 2251
          },
          {
            "x": 3066,
            "y": 2251
          },
          {
            "x": 3065,
            "y": 2252
          },
          {
            "x": 3063,
            "y": 2252
          },
          {
            "x": 3062,
            "y": 2253
          },
          {
            "x": 3061,
            "y": 2253
          },
          {
            "x": 3060,
            "y": 2254
          },
          {
            "x": 3056,
            "y": 2254
          },
          {
            "x": 3055.0,
            "y": 2255
          },
          {
            "x": 3052,
            "y": 2255
          },
          {
            "x": 3051,
            "y": 2256
          },
          {
            "x": 3049,
            "y": 2256
          },
          {
            "x": 3048,
            "y": 2257
          },
          {
            "x": 3046,
            "y": 2257
          },
          {
            "x": 3045,
            "y": 2258
          },
          {
            "x": 3044,
            "y": 2258
          },
          {
            "x": 3042.0,
            "y": 2260
          },
          {
            "x": 3039,
            "y": 2260
          },
          {
            "x": 3038.0,
            "y": 2261
          },
          {
            "x": 3037,
            "y": 2261
          },
          {
            "x": 3036,
            "y": 2262
          },
          {
            "x": 3033,
            "y": 2262
          },
          {
            "x": 3031,
            "y": 2264
          },
          {
            "x": 3030,
            "y": 2264
          },
          {
            "x": 3029.0,
            "y": 2265
          },
          {
            "x": 3023,
            "y": 2265
          },
          {
            "x": 3020,
            "y": 2262
          },
          {
            "x": 3017,
            "y": 2262
          },
          {
            "x": 3016,
            "y": 2263
          },
          {
            "x": 3016,
            "y": 2264
          },
          {
            "x": 3015,
            "y": 2265
          },
          {
            "x": 3015,
            "y": 2267
          },
          {
            "x": 3013,
            "y": 2269
          },
          {
            "x": 3013,
            "y": 2270
          },
          {
            "x": 3012.0,
            "y": 2271
          },
          {
            "x": 3011,
            "y": 2271
          },
          {
            "x": 3010,
            "y": 2272
          },
          {
            "x": 3009,
            "y": 2272
          },
          {
            "x": 3008.0,
            "y": 2273
          },
          {
            "x": 3007,
            "y": 2273
          },
          {
            "x": 3006,
            "y": 2274
          },
          {
            "x": 3003,
            "y": 2274
          },
          {
            "x": 3002,
            "y": 2275
          },
          {
            "x": 3000,
            "y": 2275
          },
          {
            "x": 2999,
            "y": 2276
          },
          {
            "x": 2997,
            "y": 2276
          },
          {
            "x": 2996,
            "y": 2277
          },
          {
            "x": 2994,
            "y": 2277
          },
          {
            "x": 2993,
            "y": 2278
          },
          {
            "x": 2992,
            "y": 2278
          },
          {
            "x": 2991.0,
            "y": 2279
          },
          {
            "x": 2989,
            "y": 2279
          },
          {
            "x": 2988,
            "y": 2280
          },
          {
            "x": 2986,
            "y": 2280
          },
          {
            "x": 2985,
            "y": 2281
          },
          {
            "x": 2984,
            "y": 2281
          },
          {
            "x": 2983,
            "y": 2282
          },
          {
            "x": 2981,
            "y": 2282
          },
          {
            "x": 2980,
            "y": 2283
          },
          {
            "x": 2979,
            "y": 2283
          },
          {
            "x": 2978.0,
            "y": 2284
          },
          {
            "x": 2976,
            "y": 2284
          },
          {
            "x": 2975,
            "y": 2285
          },
          {
            "x": 2974,
            "y": 2285
          },
          {
            "x": 2973,
            "y": 2286
          },
          {
            "x": 2972,
            "y": 2286
          },
          {
            "x": 2970,
            "y": 2288
          },
          {
            "x": 2969,
            "y": 2288
          },
          {
            "x": 2964,
            "y": 2293
          },
          {
            "x": 2964,
            "y": 2294
          },
          {
            "x": 2962,
            "y": 2296
          },
          {
            "x": 2962,
            "y": 2297
          },
          {
            "x": 2960,
            "y": 2299
          },
          {
            "x": 2960,
            "y": 2305
          },
          {
            "x": 2959,
            "y": 2306
          },
          {
            "x": 2959,
            "y": 2309
          },
          {
            "x": 2958,
            "y": 2310
          },
          {
            "x": 2958,
            "y": 2315
          },
          {
            "x": 2959,
            "y": 2316
          },
          {
            "x": 2959,
            "y": 2318
          },
          {
            "x": 2960,
            "y": 2319
          },
          {
            "x": 2960,
            "y": 2321
          },
          {
            "x": 2961.0,
            "y": 2322
          },
          {
            "x": 2961.0,
            "y": 2323
          },
          {
            "x": 2962,
            "y": 2324
          },
          {
            "x": 2962,
            "y": 2326
          },
          {
            "x": 2963,
            "y": 2327
          },
          {
            "x": 2963,
            "y": 2329
          },
          {
            "x": 2964,
            "y": 2330
          },
          {
            "x": 2964,
            "y": 2331
          },
          {
            "x": 2965.0,
            "y": 2332
          },
          {
            "x": 2965.0,
            "y": 2333
          },
          {
            "x": 2966,
            "y": 2334
          },
          {
            "x": 2966,
            "y": 2335
          },
          {
            "x": 2967,
            "y": 2336
          },
          {
            "x": 2967,
            "y": 2337
          },
          {
            "x": 2968,
            "y": 2338
          },
          {
            "x": 2968,
            "y": 2340
          },
          {
            "x": 2969,
            "y": 2341
          },
          {
            "x": 2969,
            "y": 2342
          },
          {
            "x": 2971,
            "y": 2344
          },
          {
            "x": 2971,
            "y": 2345
          },
          {
            "x": 2974,
            "y": 2348
          },
          {
            "x": 2974,
            "y": 2349
          },
          {
            "x": 2976,
            "y": 2351
          },
          {
            "x": 2976,
            "y": 2352
          },
          {
            "x": 2981,
            "y": 2357
          },
          {
            "x": 2982.0,
            "y": 2357
          },
          {
            "x": 2983,
            "y": 2358
          },
          {
            "x": 2984,
            "y": 2358
          },
          {
            "x": 2986,
            "y": 2360
          },
          {
            "x": 2989,
            "y": 2360
          },
          {
            "x": 2990,
            "y": 2361
          },
          {
            "x": 2991.0,
            "y": 2361
          },
          {
            "x": 2992,
            "y": 2362.0
          },
          {
            "x": 2996,
            "y": 2362.0
          },
          {
            "x": 2997,
            "y": 2361
          },
          {
            "x": 3001,
            "y": 2361
          },
          {
            "x": 3002,
            "y": 2360
          },
          {
            "x": 3006,
            "y": 2360
          },
          {
            "x": 3007,
            "y": 2359
          },
          {
            "x": 3009,
            "y": 2359
          },
          {
            "x": 3010,
            "y": 2358
          },
          {
            "x": 3012.0,
            "y": 2358
          },
          {
            "x": 3013,
            "y": 2357
          },
          {
            "x": 3015,
            "y": 2357
          },
          {
            "x": 3016,
            "y": 2356
          },
          {
            "x": 3018,
            "y": 2356
          },
          {
            "x": 3019,
            "y": 2355
          },
          {
            "x": 3020,
            "y": 2355
          },
          {
            "x": 3021,
            "y": 2354
          },
          {
            "x": 3023,
            "y": 2354
          },
          {
            "x": 3024,
            "y": 2353
          },
          {
            "x": 3025.0,
            "y": 2353
          },
          {
            "x": 3026,
            "y": 2352
          },
          {
            "x": 3027,
            "y": 2352
          },
          {
            "x": 3028,
            "y": 2351
          },
          {
            "x": 3030,
            "y": 2351
          },
          {
            "x": 3031,
            "y": 2350
          },
          {
            "x": 3032,
            "y": 2350
          },
          {
            "x": 3033,
            "y": 2349
          },
          {
            "x": 3034,
            "y": 2349
          },
          {
            "x": 3035,
            "y": 2348
          },
          {
            "x": 3037,
            "y": 2348
          },
          {
            "x": 3038.0,
            "y": 2347
          },
          {
            "x": 3039,
            "y": 2347
          },
          {
            "x": 3040,
            "y": 2346
          },
          {
            "x": 3044,
            "y": 2346
          },
          {
            "x": 3045,
            "y": 2347
          },
          {
            "x": 3045,
            "y": 2348
          },
          {
            "x": 3046,
            "y": 2349
          },
          {
            "x": 3048,
            "y": 2349
          },
          {
            "x": 3049,
            "y": 2350
          },
          {
            "x": 3051,
            "y": 2350
          },
          {
            "x": 3052,
            "y": 2349
          },
          {
            "x": 3051,
            "y": 2348
          },
          {
            "x": 3051,
            "y": 2347
          },
          {
            "x": 3049,
            "y": 2345
          },
          {
            "x": 3049,
            "y": 2344
          },
          {
            "x": 3051,
            "y": 2342
          },
          {
            "x": 3052,
            "y": 2342
          },
          {
            "x": 3053,
            "y": 2341
          },
          {
            "x": 3055.0,
            "y": 2341
          },
          {
            "x": 3056,
            "y": 2340
          },
          {
            "x": 3060,
            "y": 2340
          },
          {
            "x": 3061,
            "y": 2339
          },
          {
            "x": 3062,
            "y": 2339
          },
          {
            "x": 3063,
            "y": 2338
          },
          {
            "x": 3065,
            "y": 2338
          },
          {
            "x": 3066,
            "y": 2337
          },
          {
            "x": 3068.0,
            "y": 2337
          },
          {
            "x": 3069,
            "y": 2336
          },
          {
            "x": 3071,
            "y": 2336
          },
          {
            "x": 3072.0,
            "y": 2335
          },
          {
            "x": 3077,
            "y": 2335
          },
          {
            "x": 3078,
            "y": 2334
          },
          {
            "x": 3079,
            "y": 2334
          },
          {
            "x": 3081,
            "y": 2332
          },
          {
            "x": 3082,
            "y": 2332
          },
          {
            "x": 3084,
            "y": 2330
          },
          {
            "x": 3085.0,
            "y": 2330
          },
          {
            "x": 3086,
            "y": 2329
          },
          {
            "x": 3089.0,
            "y": 2329
          },
          {
            "x": 3090,
            "y": 2328
          },
          {
            "x": 3092,
            "y": 2328
          },
          {
            "x": 3093,
            "y": 2327
          },
          {
            "x": 3094,
            "y": 2327
          },
          {
            "x": 3095,
            "y": 2326
          },
          {
            "x": 3097,
            "y": 2326
          },
          {
            "x": 3098,
            "y": 2325
          },
          {
            "x": 3100,
            "y": 2325
          },
          {
            "x": 3101,
            "y": 2324
          },
          {
            "x": 3102.0,
            "y": 2324
          },
          {
            "x": 3103,
            "y": 2323
          },
          {
            "x": 3105,
            "y": 2323
          },
          {
            "x": 3106.0,
            "y": 2322
          },
          {
            "x": 3108,
            "y": 2322
          },
          {
            "x": 3109,
            "y": 2321
          },
          {
            "x": 3113,
            "y": 2321
          },
          {
            "x": 3114,
            "y": 2320
          },
          {
            "x": 3115.0,
            "y": 2320
          },
          {
            "x": 3117,
            "y": 2318
          },
          {
            "x": 3120,
            "y": 2318
          },
          {
            "x": 3121,
            "y": 2317
          },
          {
            "x": 3122,
            "y": 2317
          },
          {
            "x": 3123,
            "y": 2316
          },
          {
            "x": 3124,
            "y": 2316
          },
          {
            "x": 3125,
            "y": 2315
          },
          {
            "x": 3127,
            "y": 2315
          },
          {
            "x": 3128,
            "y": 2314
          },
          {
            "x": 3130,
            "y": 2314
          },
          {
            "x": 3131,
            "y": 2313
          },
          {
            "x": 3132.0,
            "y": 2313
          },
          {
            "x": 3133,
            "y": 2312
          },
          {
            "x": 3135,
            "y": 2312
          },
          {
            "x": 3136.0,
            "y": 2311
          },
          {
            "x": 3137,
            "y": 2311
          },
          {
            "x": 3138,
            "y": 2310
          },
          {
            "x": 3139,
            "y": 2310
          },
          {
            "x": 3142,
            "y": 2307
          },
          {
            "x": 3143,
            "y": 2307
          },
          {
            "x": 3149.0,
            "y": 2301
          },
          {
            "x": 3149.0,
            "y": 2299
          },
          {
            "x": 3150,
            "y": 2298
          },
          {
            "x": 3150,
            "y": 2282
          },
          {
            "x": 3149.0,
            "y": 2281
          },
          {
            "x": 3149.0,
            "y": 2279
          },
          {
            "x": 3148,
            "y": 2278
          },
          {
            "x": 3148,
            "y": 2276
          },
          {
            "x": 3147,
            "y": 2275
          },
          {
            "x": 3147,
            "y": 2272
          },
          {
            "x": 3146,
            "y": 2271
          },
          {
            "x": 3146,
            "y": 2270
          },
          {
            "x": 3145,
            "y": 2269
          },
          {
            "x": 3145,
            "y": 2268
          },
          {
            "x": 3144,
            "y": 2267
          },
          {
            "x": 3144,
            "y": 2264
          },
          {
            "x": 3143,
            "y": 2263
          },
          {
            "x": 3143,
            "y": 2262
          },
          {
            "x": 3142,
            "y": 2261
          },
          {
            "x": 3142,
            "y": 2260
          },
          {
            "x": 3141,
            "y": 2259
          },
          {
            "x": 3141,
            "y": 2257
          },
          {
            "x": 3140,
            "y": 2256
          },
          {
            "x": 3140,
            "y": 2255
          },
          {
            "x": 3139,
            "y": 2254
          },
          {
            "x": 3139,
            "y": 2253
          },
          {
            "x": 3138,
            "y": 2252
          }
        ]
      }
    },
    {
      "annotator": {
        "email": "begimbaeva.s95@gmail.com",
        "full_name": "Saltanat Begimbaeva"
      },
      "auto_annotate": {
        "bbox": {
          "x1": -155.21,
          "x2": 99.79,
          "y1": -79.11,
          "y2": 68.89
        },
        "model": "145e8155-b48e-4be2-9c41-8f930ae1daee"
      },
      "name": "Vehicle Polygon ",
      "polygon": {
        "path": [
          {
            "x": 2840,
            "y": 2114
          },
          {
            "x": 2836,
            "y": 2110
          },
          {
            "x": 2836,
            "y": 2109
          },
          {
            "x": 2833,
            "y": 2106
          },
          {
            "x": 2832,
            "y": 2106
          },
          {
            "x": 2830,
            "y": 2104
          },
          {
            "x": 2829,
            "y": 2104
          },
          {
            "x": 2828,
            "y": 2103
          },
          {
            "x": 2826,
            "y": 2103
          },
          {
            "x": 2825,
            "y": 2102
          },
          {
            "x": 2821,
            "y": 2102
          },
          {
            "x": 2820.0,
            "y": 2103
          },
          {
            "x": 2818,
            "y": 2103
          },
          {
            "x": 2817,
            "y": 2104
          },
          {
            "x": 2814,
            "y": 2104
          },
          {
            "x": 2813,
            "y": 2105
          },
          {
            "x": 2811.0,
            "y": 2105
          },
          {
            "x": 2810,
            "y": 2106
          },
          {
            "x": 2809,
            "y": 2106
          },
          {
            "x": 2807.0,
            "y": 2108
          },
          {
            "x": 2806,
            "y": 2108
          },
          {
            "x": 2805,
            "y": 2109
          },
          {
            "x": 2804,
            "y": 2109
          },
          {
            "x": 2803,
            "y": 2110
          },
          {
            "x": 2801,
            "y": 2110
          },
          {
            "x": 2800,
            "y": 2111
          },
          {
            "x": 2799,
            "y": 2111
          },
          {
            "x": 2798,
            "y": 2112
          },
          {
            "x": 2796,
            "y": 2112
          },
          {
            "x": 2795,
            "y": 2113
          },
          {
            "x": 2792,
            "y": 2113
          },
          {
            "x": 2791,
            "y": 2114
          },
          {
            "x": 2789,
            "y": 2114
          },
          {
            "x": 2788,
            "y": 2115
          },
          {
            "x": 2779,
            "y": 2115
          },
          {
            "x": 2777.0,
            "y": 2113
          },
          {
            "x": 2776,
            "y": 2113
          },
          {
            "x": 2775,
            "y": 2112
          },
          {
            "x": 2774,
            "y": 2112
          },
          {
            "x": 2773,
            "y": 2111
          },
          {
            "x": 2772,
            "y": 2111
          },
          {
            "x": 2771,
            "y": 2110
          },
          {
            "x": 2770,
            "y": 2110
          },
          {
            "x": 2769,
            "y": 2111
          },
          {
            "x": 2769,
            "y": 2114
          },
          {
            "x": 2771,
            "y": 2116
          },
          {
            "x": 2771,
            "y": 2117
          },
          {
            "x": 2772,
            "y": 2118
          },
          {
            "x": 2772,
            "y": 2120
          },
          {
            "x": 2769,
            "y": 2123
          },
          {
            "x": 2767,
            "y": 2123
          },
          {
            "x": 2764.0,
            "y": 2126
          },
          {
            "x": 2763,
            "y": 2126
          },
          {
            "x": 2762,
            "y": 2127
          },
          {
            "x": 2761,
            "y": 2127
          },
          {
            "x": 2760.0,
            "y": 2128
          },
          {
            "x": 2758,
            "y": 2128
          },
          {
            "x": 2757,
            "y": 2129
          },
          {
            "x": 2754,
            "y": 2129
          },
          {
            "x": 2753,
            "y": 2130
          },
          {
            "x": 2750,
            "y": 2130
          },
          {
            "x": 2749,
            "y": 2131
          },
          {
            "x": 2747.0,
            "y": 2131
          },
          {
            "x": 2746,
            "y": 2132
          },
          {
            "x": 2745,
            "y": 2132
          },
          {
            "x": 2744,
            "y": 2133
          },
          {
            "x": 2743.0,
            "y": 2133
          },
          {
            "x": 2742,
            "y": 2134
          },
          {
            "x": 2741,
            "y": 2134
          },
          {
            "x": 2740,
            "y": 2135
          },
          {
            "x": 2738,
            "y": 2135
          },
          {
            "x": 2737,
            "y": 2136
          },
          {
            "x": 2735,
            "y": 2136
          },
          {
            "x": 2734.0,
            "y": 2137
          },
          {
            "x": 2732,
            "y": 2137
          },
          {
            "x": 2731,
            "y": 2138
          },
          {
            "x": 2728,
            "y": 2138
          },
          {
            "x": 2727,
            "y": 2139
          },
          {
            "x": 2726,
            "y": 2139
          },
          {
            "x": 2725,
            "y": 2140
          },
          {
            "x": 2723,
            "y": 2140
          },
          {
            "x": 2722,
            "y": 2141
          },
          {
            "x": 2721,
            "y": 2141
          },
          {
            "x": 2720,
            "y": 2142
          },
          {
            "x": 2719,
            "y": 2142
          },
          {
            "x": 2718,
            "y": 2143
          },
          {
            "x": 2717.0,
            "y": 2143
          },
          {
            "x": 2716,
            "y": 2144
          },
          {
            "x": 2715,
            "y": 2144
          },
          {
            "x": 2711,
            "y": 2148
          },
          {
            "x": 2710,
            "y": 2148
          },
          {
            "x": 2709,
            "y": 2149
          },
          {
            "x": 2708,
            "y": 2149
          },
          {
            "x": 2705,
            "y": 2152
          },
          {
            "x": 2704,
            "y": 2152
          },
          {
            "x": 2703,
            "y": 2153
          },
          {
            "x": 2702,
            "y": 2153
          },
          {
            "x": 2701,
            "y": 2154
          },
          {
            "x": 2699,
            "y": 2154
          },
          {
            "x": 2698,
            "y": 2155
          },
          {
            "x": 2697,
            "y": 2155
          },
          {
            "x": 2696.0,
            "y": 2156
          },
          {
            "x": 2693,
            "y": 2156
          },
          {
            "x": 2692,
            "y": 2157
          },
          {
            "x": 2691,
            "y": 2157
          },
          {
            "x": 2690,
            "y": 2158
          },
          {
            "x": 2689,
            "y": 2158
          },
          {
            "x": 2688,
            "y": 2159
          },
          {
            "x": 2687.0,
            "y": 2159
          },
          {
            "x": 2686,
            "y": 2160
          },
          {
            "x": 2680,
            "y": 2160
          },
          {
            "x": 2679,
            "y": 2161
          },
          {
            "x": 2678,
            "y": 2161
          },
          {
            "x": 2673,
            "y": 2166
          },
          {
            "x": 2673,
            "y": 2167
          },
          {
            "x": 2672,
            "y": 2168
          },
          {
            "x": 2672,
            "y": 2171
          },
          {
            "x": 2671,
            "y": 2172
          },
          {
            "x": 2671,
            "y": 2173
          },
          {
            "x": 2672,
            "y": 2174
          },
          {
            "x": 2672,
            "y": 2179
          },
          {
            "x": 2673,
            "y": 2180
          },
          {
            "x": 2673,
            "y": 2183
          },
          {
            "x": 2674,
            "y": 2184
          },
          {
            "x": 2674,
            "y": 2188
          },
          {
            "x": 2675,
            "y": 2189
          },
          {
            "x": 2675,
            "y": 2192
          },
          {
            "x": 2676,
            "y": 2193
          },
          {
            "x": 2676,
            "y": 2197
          },
          {
            "x": 2677,
            "y": 2198
          },
          {
            "x": 2677,
            "y": 2200
          },
          {
            "x": 2678,
            "y": 2201
          },
          {
            "x": 2678,
            "y": 2202
          },
          {
            "x": 2679,
            "y": 2203
          },
          {
            "x": 2679,
            "y": 2204
          },
          {
            "x": 2680,
            "y": 2205
          },
          {
            "x": 2680,
            "y": 2206
          },
          {
            "x": 2682,
            "y": 2208
          },
          {
            "x": 2682,
            "y": 2209
          },
          {
            "x": 2684,
            "y": 2211
          },
          {
            "x": 2684,
            "y": 2212
          },
          {
            "x": 2685,
            "y": 2213
          },
          {
            "x": 2685,
            "y": 2214
          },
          {
            "x": 2687.0,
            "y": 2216
          },
          {
            "x": 2687.0,
            "y": 2218
          },
          {
            "x": 2689,
            "y": 2220
          },
          {
            "x": 2689,
            "y": 2221
          },
          {
            "x": 2694,
            "y": 2226
          },
          {
            "x": 2695,
            "y": 2226
          },
          {
            "x": 2696.0,
            "y": 2227
          },
          {
            "x": 2697,
            "y": 2227
          },
          {
            "x": 2698,
            "y": 2228
          },
          {
            "x": 2701,
            "y": 2228
          },
          {
            "x": 2702,
            "y": 2229
          },
          {
            "x": 2708,
            "y": 2229
          },
          {
            "x": 2709,
            "y": 2228
          },
          {
            "x": 2712,
            "y": 2228
          },
          {
            "x": 2713.0,
            "y": 2227
          },
          {
            "x": 2715,
            "y": 2227
          },
          {
            "x": 2716,
            "y": 2226
          },
          {
            "x": 2719,
            "y": 2226
          },
          {
            "x": 2720,
            "y": 2225
          },
          {
            "x": 2721,
            "y": 2225
          },
          {
            "x": 2723,
            "y": 2223
          },
          {
            "x": 2724,
            "y": 2223
          },
          {
            "x": 2725,
            "y": 2222
          },
          {
            "x": 2726,
            "y": 2222
          },
          {
            "x": 2727,
            "y": 2221
          },
          {
            "x": 2728,
            "y": 2221
          },
          {
            "x": 2729,
            "y": 2220
          },
          {
            "x": 2731,
            "y": 2220
          },
          {
            "x": 2732,
            "y": 2219
          },
          {
            "x": 2733,
            "y": 2219
          },
          {
            "x": 2734.0,
            "y": 2218
          },
          {
            "x": 2737,
            "y": 2218
          },
          {
            "x": 2739,
            "y": 2216
          },
          {
            "x": 2740,
            "y": 2216
          },
          {
            "x": 2743.0,
            "y": 2213
          },
          {
            "x": 2744,
            "y": 2213
          },
          {
            "x": 2745,
            "y": 2212
          },
          {
            "x": 2746,
            "y": 2212
          },
          {
            "x": 2747.0,
            "y": 2211
          },
          {
            "x": 2748,
            "y": 2211
          },
          {
            "x": 2749,
            "y": 2210
          },
          {
            "x": 2750,
            "y": 2210
          },
          {
            "x": 2751,
            "y": 2209
          },
          {
            "x": 2753,
            "y": 2209
          },
          {
            "x": 2754,
            "y": 2208
          },
          {
            "x": 2756,
            "y": 2208
          },
          {
            "x": 2757,
            "y": 2207
          },
          {
            "x": 2758,
            "y": 2207
          },
          {
            "x": 2759,
            "y": 2206
          },
          {
            "x": 2762,
            "y": 2206
          },
          {
            "x": 2763,
            "y": 2205
          },
          {
            "x": 2764.0,
            "y": 2205
          },
          {
            "x": 2765,
            "y": 2204
          },
          {
            "x": 2767,
            "y": 2204
          },
          {
            "x": 2768,
            "y": 2203
          },
          {
            "x": 2772,
            "y": 2203
          },
          {
            "x": 2773,
            "y": 2202
          },
          {
            "x": 2776,
            "y": 2202
          },
          {
            "x": 2777.0,
            "y": 2201
          },
          {
            "x": 2778,
            "y": 2201
          },
          {
            "x": 2780,
            "y": 2199
          },
          {
            "x": 2780,
            "y": 2198
          },
          {
            "x": 2781.0,
            "y": 2197
          },
          {
            "x": 2782,
            "y": 2197
          },
          {
            "x": 2784,
            "y": 2195
          },
          {
            "x": 2785,
            "y": 2195
          },
          {
            "x": 2786,
            "y": 2194
          },
          {
            "x": 2787,
            "y": 2194
          },
          {
            "x": 2788,
            "y": 2193
          },
          {
            "x": 2789,
            "y": 2193
          },
          {
            "x": 2790.0,
            "y": 2192
          },
          {
            "x": 2792,
            "y": 2192
          },
          {
            "x": 2796,
            "y": 2188
          },
          {
            "x": 2797,
            "y": 2188
          },
          {
            "x": 2798,
            "y": 2187
          },
          {
            "x": 2802,
            "y": 2187
          },
          {
            "x": 2803,
            "y": 2186
          },
          {
            "x": 2805,
            "y": 2186
          },
          {
            "x": 2809,
            "y": 2182
          },
          {
            "x": 2812,
            "y": 2182
          },
          {
            "x": 2813,
            "y": 2181
          },
          {
            "x": 2814,
            "y": 2182
          },
          {
            "x": 2815,
            "y": 2181
          },
          {
            "x": 2822,
            "y": 2181
          },
          {
            "x": 2823,
            "y": 2180
          },
          {
            "x": 2825,
            "y": 2180
          },
          {
            "x": 2826,
            "y": 2179
          },
          {
            "x": 2827,
            "y": 2179
          },
          {
            "x": 2828,
            "y": 2178
          },
          {
            "x": 2829,
            "y": 2178
          },
          {
            "x": 2830,
            "y": 2177
          },
          {
            "x": 2832,
            "y": 2177
          },
          {
            "x": 2833,
            "y": 2176
          },
          {
            "x": 2834,
            "y": 2176
          },
          {
            "x": 2836,
            "y": 2174
          },
          {
            "x": 2837.0,
            "y": 2174
          },
          {
            "x": 2838,
            "y": 2173
          },
          {
            "x": 2839,
            "y": 2173
          },
          {
            "x": 2841.0,
            "y": 2171
          },
          {
            "x": 2841.0,
            "y": 2169
          },
          {
            "x": 2843,
            "y": 2167
          },
          {
            "x": 2843,
            "y": 2166
          },
          {
            "x": 2848,
            "y": 2161
          },
          {
            "x": 2849,
            "y": 2161
          },
          {
            "x": 2852,
            "y": 2158
          },
          {
            "x": 2852,
            "y": 2156
          },
          {
            "x": 2853,
            "y": 2155
          },
          {
            "x": 2853,
            "y": 2154
          },
          {
            "x": 2854.0,
            "y": 2153
          },
          {
            "x": 2854.0,
            "y": 2147
          },
          {
            "x": 2853,
            "y": 2146
          },
          {
            "x": 2853,
            "y": 2144
          },
          {
            "x": 2852,
            "y": 2143
          },
          {
            "x": 2852,
            "y": 2141
          },
          {
            "x": 2851,
            "y": 2140
          },
          {
            "x": 2851,
            "y": 2138
          },
          {
            "x": 2850,
            "y": 2137
          },
          {
            "x": 2850,
            "y": 2136
          },
          {
            "x": 2849,
            "y": 2135
          },
          {
            "x": 2849,
            "y": 2133
          },
          {
            "x": 2848,
            "y": 2132
          },
          {
            "x": 2848,
            "y": 2131
          },
          {
            "x": 2847,
            "y": 2130
          },
          {
            "x": 2847,
            "y": 2128
          },
          {
            "x": 2846,
            "y": 2127
          },
          {
            "x": 2846,
            "y": 2124
          },
          {
            "x": 2844,
            "y": 2122
          },
          {
            "x": 2844,
            "y": 2121
          },
          {
            "x": 2842,
            "y": 2119
          },
          {
            "x": 2842,
            "y": 2118
          },
          {
            "x": 2841.0,
            "y": 2117
          },
          {
            "x": 2841.0,
            "y": 2116
          },
          {
            "x": 2840,
            "y": 2115
          }
        ]
      }
    },
    {
      "annotator": {
        "email": "begimbaeva.s95@gmail.com",
        "full_name": "Saltanat Begimbaeva"
      },
      "name": "Road Polygon ",
      "polygon": {
        "path": [
          {
            "x": -9.44,
            "y": 1017.6
          },
          {
            "x": 263.74,
            "y": 1078.24
          },
          {
            "x": 565.96,
            "y": 1137.09
          },
          {
            "x": 834.43,
            "y": 1198.21
          },
          {
            "x": 1214.13,
            "y": 1272.79
          },
          {
            "x": 1093.83,
            "y": 1759.16
          },
          {
            "x": 1028.98,
            "y": 2018.56
          },
          {
            "x": 937.1,
            "y": 2342.81
          },
          {
            "x": 910.08,
            "y": 2467.11
          },
          {
            "x": 623.88,
            "y": 2559.09
          },
          {
            "x": 1.74,
            "y": 2761.69
          },
          {
            "x": -0.91,
            "y": 2472.62
          },
          {
            "x": 369.78,
            "y": 2340.5
          },
          {
            "x": 383.01,
            "y": 2186.75
          },
          {
            "x": 314.85,
            "y": 2124.44
          },
          {
            "x": -0.8,
            "y": 2077.9
          },
          {
            "x": -3.44,
            "y": 1777.8
          },
          {
            "x": 266.99,
            "y": 1834.49
          },
          {
            "x": 683.11,
            "y": 1921.18
          },
          {
            "x": 788.1,
            "y": 1869.89
          },
          {
            "x": 866.85,
            "y": 1553.91
          },
          {
            "x": 812.7,
            "y": 1461.6
          },
          {
            "x": 632.15,
            "y": 1424.21
          },
          {
            "x": 299.63,
            "y": 1359.25
          },
          {
            "x": 2.18,
            "y": 1294.4
          }
        ]
      }
    },
    {
      "annotator": {
        "email": "begimbaeva.s95@gmail.com",
        "full_name": "Saltanat Begimbaeva"
      },
      "name": "Building Polygon ",
      "polygon": {
        "path": [
          {
            "x": 3638.36,
            "y": 5.2
          },
          {
            "x": 3763.09,
            "y": 276.71
          },
          {
            "x": 3910.26,
            "y": 612.52
          },
          {
            "x": 4005.47,
            "y": 805.78
          },
          {
            "x": 4387.37,
            "y": 643.3
          },
          {
            "x": 4976.87,
            "y": 404.35
          },
          {
            "x": 4831.95,
            "y": 528.69
          },
          {
            "x": 5284.48,
            "y": 354.97
          },
          {
            "x": 5471.96,
            "y": 278.12
          },
          {
            "x": 5471.57,
            "y": 0.21
          },
          {
            "x": 4330.63,
            "y": 2.25
          }
        ]
      }
    }
  ]
}