{
  "image": {
    "width": 5472,
    "height": 3648,
    "filename": "00000022.JPG",
    "original_filename": "EP-00-00012_0119_0056.JPG",
    "url": "https://darwin.v7labs.com/api/images/1221701/original?token=352cf892-311a-4ca4-80fd-3f05fb7d64b8",
    "thumbnail_url": "https://darwin.v7labs.com/api/images/1221701/thumbnail?token=352cf892-311a-4ca4-80fd-3f05fb7d64b8",
    "workview_url": "https://darwin.v7labs.com/workview?dataset=1191&image=22"
  },
  "dataset": "Mapping_2",
  "annotated": true,
  "annotations": [
    {
      "annotator": {
        "email": "begimbaeva.s95@gmail.com",
        "full_name": "Saltanat Begimbaeva"
      },
      "name": "Building Polygon ",
      "polygon": {
        "path": [
          {
            "x": -0.5,
            "y": 2930.35
          },
          {
            "x": 254.21,
            "y": 2894.58
          },
          {
            "x": 365.61,
            "y": 2876.76
          },
          {
            "x": 355.65,
            "y": 2825.13
          },
          {
            "x": 572.58,
            "y": 2793.42
          },
          {
            "x": 963.18,
            "y": 2737.26
          },
          {
            "x": 1410.9,
            "y": 2665.97
          },
          {
            "x": 1374.71,
            "y": 2361.92
          },
          {
            "x": 1566.17,
            "y": 2329.75
          },
          {
            "x": 1973.48,
            "y": 2262.73
          },
          {
            "x": 2229.52,
            "y": 2224.4
          },
          {
            "x": 2431.25,
            "y": 2186.66
          },
          {
            "x": 2398.16,
            "y": 1979.49
          },
          {
            "x": 2365.73,
            "y": 1793.36
          },
          {
            "x": 2339.37,
            "y": 1605.34
          },
          {
            "x": 2308.26,
            "y": 1569.55
          },
          {
            "x": 2551.0,
            "y": 1535.2
          },
          {
            "x": 2596.19,
            "y": 1530.23
          },
          {
            "x": 2691.38,
            "y": 1518.52
          },
          {
            "x": 2788.44,
            "y": 1500.62
          },
          {
            "x": 2885.2,
            "y": 1486.57
          },
          {
            "x": 2985.5,
            "y": 1469.2
          },
          {
            "x": 3135.57,
            "y": 1447.45
          },
          {
            "x": 3451.04,
            "y": 1395.02
          },
          {
            "x": 3410.21,
            "y": 1160.87
          },
          {
            "x": 3342.15,
            "y": 761.99
          },
          {
            "x": 3293.41,
            "y": 470.0
          },
          {
            "x": 3239.89,
            "y": 130.8
          },
          {
            "x": 3215.53,
            "y": -4.31
          },
          {
            "x": 2900.44,
            "y": -4.08
          },
          {
            "x": 2642.83,
            "y": -4.95
          },
          {
            "x": 2320.39,
            "y": -6.26
          },
          {
            "x": 2026.88,
            "y": -6.26
          },
          {
            "x": 1737.52,
            "y": -6.26
          },
          {
            "x": 1452.28,
            "y": -6.26
          },
          {
            "x": 1033.03,
            "y": -1.9
          },
          {
            "x": 720.59,
            "y": -0.37
          },
          {
            "x": 247.37,
            "y": 1.59
          },
          {
            "x": 0.21,
            "y": -0.37
          },
          {
            "x": 0.66,
            "y": 277.88
          },
          {
            "x": 1.75,
            "y": 746.1
          },
          {
            "x": 1.3,
            "y": 1353.77
          },
          {
            "x": -0.66,
            "y": 1825.03
          },
          {
            "x": 1.52,
            "y": 2420.31
          }
        ]
      }
    },
    {
      "annotator": {
        "email": "begimbaeva.s95@gmail.com",
        "full_name": "Saltanat Begimbaeva"
      },
      "name": "Road Polygon ",
      "polygon": {
        "path": [
          {
            "x": 3359.83,
            "y": 1.17
          },
          {
            "x": 3382.28,
            "y": 137.42
          },
          {
            "x": 3420.52,
            "y": 369.34
          },
          {
            "x": 3463.81,
            "y": 630.05
          },
          {
            "x": 3463.81,
            "y": 630.05
          },
          {
            "x": 3496.63,
            "y": 826.97
          },
          {
            "x": 3535.46,
            "y": 1047.65
          },
          {
            "x": 3553.68,
            "y": 1163.99
          },
          {
            "x": 3576.45,
            "y": 1275.2
          },
          {
            "x": 3588.98,
            "y": 1349.36
          },
          {
            "x": 3595.86,
            "y": 1397.91
          },
          {
            "x": 3684.85,
            "y": 1388.74
          },
          {
            "x": 3756.17,
            "y": 1381.69
          },
          {
            "x": 3806.72,
            "y": 1377.82
          },
          {
            "x": 3780.3,
            "y": 1225.46
          },
          {
            "x": 3755.91,
            "y": 1096.54
          },
          {
            "x": 3737.44,
            "y": 990.73
          },
          {
            "x": 3716.79,
            "y": 864.82
          },
          {
            "x": 3688.5,
            "y": 695.89
          },
          {
            "x": 3661.4,
            "y": 550.33
          },
          {
            "x": 3626.74,
            "y": 337.0
          },
          {
            "x": 3596.96,
            "y": 160.8
          },
          {
            "x": 3569.99,
            "y": 0.92
          },
          {
            "x": 3450.76,
            "y": 1.73
          }
        ]
      }
    },
    {
      "annotator": {
        "email": "begimbaeva.s95@gmail.com",
        "full_name": "Saltanat Begimbaeva"
      },
      "auto_annotate": {
        "bbox": {
          "x1": -90.25,
          "x2": 79.75,
          "y1": -98.89,
          "y2": 62.11
        },
        "clicks": [
          {
            "type": "add",
            "x": -43.19,
            "y": 23.79
          },
          {
            "type": "add",
            "x": -59.41,
            "y": -51.48
          }
        ],
        "model": "145e8155-b48e-4be2-9c41-8f930ae1daee"
      },
      "name": "Vehicle Polygon ",
      "polygon": {
        "path": [
          {
            "x": 3329,
            "y": 668
          },
          {
            "x": 3329,
            "y": 679
          },
          {
            "x": 3330.0,
            "y": 680
          },
          {
            "x": 3330.0,
            "y": 682.0
          },
          {
            "x": 3331,
            "y": 683
          },
          {
            "x": 3331,
            "y": 688
          },
          {
            "x": 3332,
            "y": 689
          },
          {
            "x": 3332,
            "y": 693
          },
          {
            "x": 3333,
            "y": 694
          },
          {
            "x": 3333,
            "y": 698
          },
          {
            "x": 3334,
            "y": 699
          },
          {
            "x": 3334,
            "y": 705
          },
          {
            "x": 3335.0,
            "y": 706.0
          },
          {
            "x": 3335.0,
            "y": 711
          },
          {
            "x": 3336,
            "y": 712
          },
          {
            "x": 3336,
            "y": 716
          },
          {
            "x": 3337,
            "y": 717
          },
          {
            "x": 3337,
            "y": 721
          },
          {
            "x": 3338,
            "y": 722
          },
          {
            "x": 3338,
            "y": 729
          },
          {
            "x": 3339,
            "y": 730.0
          },
          {
            "x": 3339,
            "y": 732
          },
          {
            "x": 3340.0,
            "y": 733
          },
          {
            "x": 3340.0,
            "y": 738
          },
          {
            "x": 3341,
            "y": 739.0
          },
          {
            "x": 3341,
            "y": 740
          },
          {
            "x": 3342,
            "y": 741
          },
          {
            "x": 3342,
            "y": 746
          },
          {
            "x": 3343,
            "y": 747
          },
          {
            "x": 3343,
            "y": 749.0
          },
          {
            "x": 3344,
            "y": 750
          },
          {
            "x": 3344,
            "y": 751
          },
          {
            "x": 3345.0,
            "y": 751
          },
          {
            "x": 3346,
            "y": 752
          },
          {
            "x": 3347,
            "y": 752
          },
          {
            "x": 3350.0,
            "y": 755
          },
          {
            "x": 3351,
            "y": 755
          },
          {
            "x": 3353,
            "y": 757
          },
          {
            "x": 3356,
            "y": 757
          },
          {
            "x": 3357,
            "y": 758
          },
          {
            "x": 3360.0,
            "y": 758
          },
          {
            "x": 3361,
            "y": 759
          },
          {
            "x": 3364,
            "y": 759
          },
          {
            "x": 3365.0,
            "y": 760
          },
          {
            "x": 3367,
            "y": 760
          },
          {
            "x": 3368,
            "y": 761
          },
          {
            "x": 3370,
            "y": 761
          },
          {
            "x": 3371,
            "y": 762
          },
          {
            "x": 3374,
            "y": 762
          },
          {
            "x": 3375,
            "y": 763.0
          },
          {
            "x": 3377,
            "y": 763.0
          },
          {
            "x": 3378,
            "y": 764
          },
          {
            "x": 3380,
            "y": 764
          },
          {
            "x": 3381,
            "y": 765
          },
          {
            "x": 3384,
            "y": 765
          },
          {
            "x": 3385,
            "y": 766
          },
          {
            "x": 3388,
            "y": 766
          },
          {
            "x": 3389,
            "y": 767
          },
          {
            "x": 3392,
            "y": 767
          },
          {
            "x": 3393,
            "y": 768.0
          },
          {
            "x": 3396,
            "y": 768.0
          },
          {
            "x": 3397,
            "y": 769
          },
          {
            "x": 3412,
            "y": 769
          },
          {
            "x": 3413,
            "y": 770
          },
          {
            "x": 3417,
            "y": 770
          },
          {
            "x": 3418,
            "y": 771
          },
          {
            "x": 3421.0,
            "y": 771
          },
          {
            "x": 3422,
            "y": 772
          },
          {
            "x": 3424,
            "y": 772
          },
          {
            "x": 3425,
            "y": 773.0
          },
          {
            "x": 3426.0,
            "y": 773.0
          },
          {
            "x": 3427,
            "y": 774
          },
          {
            "x": 3428,
            "y": 774
          },
          {
            "x": 3429,
            "y": 775
          },
          {
            "x": 3430,
            "y": 775
          },
          {
            "x": 3433,
            "y": 778
          },
          {
            "x": 3436.0,
            "y": 778
          },
          {
            "x": 3437,
            "y": 777
          },
          {
            "x": 3438,
            "y": 777
          },
          {
            "x": 3439,
            "y": 776
          },
          {
            "x": 3440,
            "y": 776
          },
          {
            "x": 3445,
            "y": 771
          },
          {
            "x": 3445,
            "y": 770
          },
          {
            "x": 3448,
            "y": 767
          },
          {
            "x": 3448,
            "y": 766
          },
          {
            "x": 3450,
            "y": 764
          },
          {
            "x": 3450,
            "y": 762
          },
          {
            "x": 3451.0,
            "y": 761
          },
          {
            "x": 3451.0,
            "y": 760
          },
          {
            "x": 3452,
            "y": 759
          },
          {
            "x": 3452,
            "y": 758
          },
          {
            "x": 3453,
            "y": 757
          },
          {
            "x": 3453,
            "y": 756
          },
          {
            "x": 3454,
            "y": 755
          },
          {
            "x": 3454,
            "y": 754
          },
          {
            "x": 3455,
            "y": 753
          },
          {
            "x": 3455,
            "y": 751
          },
          {
            "x": 3456.0,
            "y": 750
          },
          {
            "x": 3456.0,
            "y": 748
          },
          {
            "x": 3457,
            "y": 747
          },
          {
            "x": 3457,
            "y": 742
          },
          {
            "x": 3458,
            "y": 741
          },
          {
            "x": 3458,
            "y": 738
          },
          {
            "x": 3459,
            "y": 737
          },
          {
            "x": 3459,
            "y": 732
          },
          {
            "x": 3460,
            "y": 731
          },
          {
            "x": 3460,
            "y": 727
          },
          {
            "x": 3461,
            "y": 726
          },
          {
            "x": 3461,
            "y": 712
          },
          {
            "x": 3460,
            "y": 711
          },
          {
            "x": 3460,
            "y": 710
          },
          {
            "x": 3459,
            "y": 710
          },
          {
            "x": 3457,
            "y": 708
          },
          {
            "x": 3456.0,
            "y": 708
          },
          {
            "x": 3452,
            "y": 704
          },
          {
            "x": 3452,
            "y": 703
          },
          {
            "x": 3451.0,
            "y": 702
          },
          {
            "x": 3451.0,
            "y": 701.0
          },
          {
            "x": 3450,
            "y": 701.0
          },
          {
            "x": 3449,
            "y": 700
          },
          {
            "x": 3446.0,
            "y": 700
          },
          {
            "x": 3445,
            "y": 699
          },
          {
            "x": 3443,
            "y": 699
          },
          {
            "x": 3442,
            "y": 698
          },
          {
            "x": 3440,
            "y": 698
          },
          {
            "x": 3439,
            "y": 697
          },
          {
            "x": 3438,
            "y": 697
          },
          {
            "x": 3437,
            "y": 696.0
          },
          {
            "x": 3434,
            "y": 696.0
          },
          {
            "x": 3433,
            "y": 695
          },
          {
            "x": 3430,
            "y": 695
          },
          {
            "x": 3429,
            "y": 694
          },
          {
            "x": 3427,
            "y": 694
          },
          {
            "x": 3426.0,
            "y": 693
          },
          {
            "x": 3423,
            "y": 693
          },
          {
            "x": 3422,
            "y": 692
          },
          {
            "x": 3420,
            "y": 692
          },
          {
            "x": 3419,
            "y": 691
          },
          {
            "x": 3417,
            "y": 691
          },
          {
            "x": 3416.0,
            "y": 690
          },
          {
            "x": 3414,
            "y": 690
          },
          {
            "x": 3413,
            "y": 689
          },
          {
            "x": 3411.0,
            "y": 689
          },
          {
            "x": 3410,
            "y": 688
          },
          {
            "x": 3409,
            "y": 688
          },
          {
            "x": 3408,
            "y": 687
          },
          {
            "x": 3406.0,
            "y": 687
          },
          {
            "x": 3405,
            "y": 686
          },
          {
            "x": 3404,
            "y": 686
          },
          {
            "x": 3403,
            "y": 685
          },
          {
            "x": 3401.0,
            "y": 685
          },
          {
            "x": 3400,
            "y": 684
          },
          {
            "x": 3396,
            "y": 684
          },
          {
            "x": 3395,
            "y": 683
          },
          {
            "x": 3393,
            "y": 683
          },
          {
            "x": 3392,
            "y": 682.0
          },
          {
            "x": 3391,
            "y": 682.0
          },
          {
            "x": 3390,
            "y": 681
          },
          {
            "x": 3388,
            "y": 681
          },
          {
            "x": 3383,
            "y": 676
          },
          {
            "x": 3382,
            "y": 676
          },
          {
            "x": 3381,
            "y": 675
          },
          {
            "x": 3380,
            "y": 675
          },
          {
            "x": 3379,
            "y": 674
          },
          {
            "x": 3374,
            "y": 674
          },
          {
            "x": 3372,
            "y": 672.0
          },
          {
            "x": 3371,
            "y": 672.0
          },
          {
            "x": 3368,
            "y": 669
          },
          {
            "x": 3365.0,
            "y": 669
          },
          {
            "x": 3364,
            "y": 670
          },
          {
            "x": 3362,
            "y": 670
          },
          {
            "x": 3361,
            "y": 671
          },
          {
            "x": 3360.0,
            "y": 671
          },
          {
            "x": 3358,
            "y": 673
          },
          {
            "x": 3354,
            "y": 673
          },
          {
            "x": 3353,
            "y": 672.0
          },
          {
            "x": 3348,
            "y": 672.0
          },
          {
            "x": 3347,
            "y": 671
          },
          {
            "x": 3343,
            "y": 671
          },
          {
            "x": 3342,
            "y": 670
          },
          {
            "x": 3338,
            "y": 670
          },
          {
            "x": 3337,
            "y": 669
          },
          {
            "x": 3334,
            "y": 669
          },
          {
            "x": 3333,
            "y": 668
          }
        ]
      }
    },
    {
      "annotator": {
        "email": "begimbaeva.s95@gmail.com",
        "full_name": "Saltanat Begimbaeva"
      },
      "auto_annotate": {
        "bbox": {
          "x1": -77.92,
          "x2": 78.08,
          "y1": -71.05,
          "y2": 50.95
        },
        "clicks": [
          {
            "type": "add",
            "x": -46.28,
            "y": 31.68
          }
        ],
        "model": "145e8155-b48e-4be2-9c41-8f930ae1daee"
      },
      "name": "Vehicle Polygon ",
      "polygon": {
        "path": [
          {
            "x": 3387,
            "y": 1019
          },
          {
            "x": 3387,
            "y": 1021
          },
          {
            "x": 3388,
            "y": 1022
          },
          {
            "x": 3388,
            "y": 1026
          },
          {
            "x": 3389,
            "y": 1027
          },
          {
            "x": 3389,
            "y": 1032
          },
          {
            "x": 3390,
            "y": 1033
          },
          {
            "x": 3390,
            "y": 1035
          },
          {
            "x": 3391,
            "y": 1036
          },
          {
            "x": 3391,
            "y": 1042
          },
          {
            "x": 3392,
            "y": 1043
          },
          {
            "x": 3392,
            "y": 1046
          },
          {
            "x": 3393,
            "y": 1047
          },
          {
            "x": 3393,
            "y": 1053
          },
          {
            "x": 3394,
            "y": 1054
          },
          {
            "x": 3394,
            "y": 1060
          },
          {
            "x": 3395,
            "y": 1061
          },
          {
            "x": 3395,
            "y": 1066
          },
          {
            "x": 3396,
            "y": 1067
          },
          {
            "x": 3396,
            "y": 1071
          },
          {
            "x": 3397,
            "y": 1072
          },
          {
            "x": 3397,
            "y": 1077
          },
          {
            "x": 3398,
            "y": 1078
          },
          {
            "x": 3398,
            "y": 1085
          },
          {
            "x": 3399,
            "y": 1086
          },
          {
            "x": 3399,
            "y": 1087
          },
          {
            "x": 3400,
            "y": 1088
          },
          {
            "x": 3400,
            "y": 1094
          },
          {
            "x": 3401.0,
            "y": 1095
          },
          {
            "x": 3401.0,
            "y": 1098
          },
          {
            "x": 3402,
            "y": 1099
          },
          {
            "x": 3403,
            "y": 1099
          },
          {
            "x": 3405,
            "y": 1101
          },
          {
            "x": 3406.0,
            "y": 1101
          },
          {
            "x": 3407,
            "y": 1102
          },
          {
            "x": 3419,
            "y": 1102
          },
          {
            "x": 3420,
            "y": 1103
          },
          {
            "x": 3428,
            "y": 1103
          },
          {
            "x": 3429,
            "y": 1104
          },
          {
            "x": 3435,
            "y": 1104
          },
          {
            "x": 3436.0,
            "y": 1105
          },
          {
            "x": 3442,
            "y": 1105
          },
          {
            "x": 3443,
            "y": 1106
          },
          {
            "x": 3447,
            "y": 1106
          },
          {
            "x": 3448,
            "y": 1107
          },
          {
            "x": 3451.0,
            "y": 1107
          },
          {
            "x": 3452,
            "y": 1108
          },
          {
            "x": 3457,
            "y": 1108
          },
          {
            "x": 3458,
            "y": 1109
          },
          {
            "x": 3468,
            "y": 1109
          },
          {
            "x": 3469,
            "y": 1110
          },
          {
            "x": 3470,
            "y": 1110
          },
          {
            "x": 3472,
            "y": 1112
          },
          {
            "x": 3474,
            "y": 1112
          },
          {
            "x": 3475,
            "y": 1113
          },
          {
            "x": 3478,
            "y": 1113
          },
          {
            "x": 3479,
            "y": 1114
          },
          {
            "x": 3481,
            "y": 1114
          },
          {
            "x": 3482,
            "y": 1115
          },
          {
            "x": 3488,
            "y": 1115
          },
          {
            "x": 3489,
            "y": 1114
          },
          {
            "x": 3495,
            "y": 1114
          },
          {
            "x": 3496,
            "y": 1113
          },
          {
            "x": 3498,
            "y": 1113
          },
          {
            "x": 3499,
            "y": 1112
          },
          {
            "x": 3500,
            "y": 1112
          },
          {
            "x": 3501,
            "y": 1111
          },
          {
            "x": 3502.0,
            "y": 1111
          },
          {
            "x": 3504,
            "y": 1109
          },
          {
            "x": 3505,
            "y": 1109
          },
          {
            "x": 3506,
            "y": 1108
          },
          {
            "x": 3506,
            "y": 1107
          },
          {
            "x": 3508,
            "y": 1105
          },
          {
            "x": 3508,
            "y": 1104
          },
          {
            "x": 3509,
            "y": 1103
          },
          {
            "x": 3509,
            "y": 1102
          },
          {
            "x": 3510,
            "y": 1101
          },
          {
            "x": 3510,
            "y": 1100
          },
          {
            "x": 3511,
            "y": 1099
          },
          {
            "x": 3511,
            "y": 1097
          },
          {
            "x": 3512.0,
            "y": 1096
          },
          {
            "x": 3512.0,
            "y": 1094
          },
          {
            "x": 3513,
            "y": 1093
          },
          {
            "x": 3513,
            "y": 1091
          },
          {
            "x": 3514,
            "y": 1090
          },
          {
            "x": 3514,
            "y": 1087
          },
          {
            "x": 3515,
            "y": 1086
          },
          {
            "x": 3515,
            "y": 1082
          },
          {
            "x": 3516,
            "y": 1081
          },
          {
            "x": 3516,
            "y": 1078
          },
          {
            "x": 3517.0,
            "y": 1077
          },
          {
            "x": 3517.0,
            "y": 1068
          },
          {
            "x": 3518,
            "y": 1067
          },
          {
            "x": 3518,
            "y": 1055
          },
          {
            "x": 3517.0,
            "y": 1054
          },
          {
            "x": 3517.0,
            "y": 1049
          },
          {
            "x": 3516,
            "y": 1048
          },
          {
            "x": 3516,
            "y": 1047
          },
          {
            "x": 3513,
            "y": 1044
          },
          {
            "x": 3512.0,
            "y": 1044
          },
          {
            "x": 3511,
            "y": 1043
          },
          {
            "x": 3509,
            "y": 1043
          },
          {
            "x": 3508,
            "y": 1042
          },
          {
            "x": 3505,
            "y": 1042
          },
          {
            "x": 3504,
            "y": 1041
          },
          {
            "x": 3501,
            "y": 1041
          },
          {
            "x": 3500,
            "y": 1040
          },
          {
            "x": 3494,
            "y": 1040
          },
          {
            "x": 3493,
            "y": 1039
          },
          {
            "x": 3491,
            "y": 1039
          },
          {
            "x": 3490,
            "y": 1038
          },
          {
            "x": 3489,
            "y": 1038
          },
          {
            "x": 3488,
            "y": 1037
          },
          {
            "x": 3487.0,
            "y": 1037
          },
          {
            "x": 3486,
            "y": 1036
          },
          {
            "x": 3482,
            "y": 1036
          },
          {
            "x": 3481,
            "y": 1035
          },
          {
            "x": 3479,
            "y": 1035
          },
          {
            "x": 3478,
            "y": 1034
          },
          {
            "x": 3477,
            "y": 1034
          },
          {
            "x": 3476,
            "y": 1033
          },
          {
            "x": 3473,
            "y": 1033
          },
          {
            "x": 3472,
            "y": 1032
          },
          {
            "x": 3467,
            "y": 1032
          },
          {
            "x": 3466,
            "y": 1031
          },
          {
            "x": 3463,
            "y": 1031
          },
          {
            "x": 3462,
            "y": 1030
          },
          {
            "x": 3458,
            "y": 1030
          },
          {
            "x": 3457,
            "y": 1029
          },
          {
            "x": 3455,
            "y": 1029
          },
          {
            "x": 3454,
            "y": 1028
          },
          {
            "x": 3451.0,
            "y": 1028
          },
          {
            "x": 3450,
            "y": 1027
          },
          {
            "x": 3447,
            "y": 1027
          },
          {
            "x": 3446.0,
            "y": 1026
          },
          {
            "x": 3442,
            "y": 1026
          },
          {
            "x": 3441.0,
            "y": 1025
          },
          {
            "x": 3434,
            "y": 1025
          },
          {
            "x": 3433,
            "y": 1024
          },
          {
            "x": 3426.0,
            "y": 1024
          },
          {
            "x": 3425,
            "y": 1023
          },
          {
            "x": 3421.0,
            "y": 1023
          },
          {
            "x": 3420,
            "y": 1022
          },
          {
            "x": 3416.0,
            "y": 1022
          },
          {
            "x": 3415,
            "y": 1021
          },
          {
            "x": 3411.0,
            "y": 1021
          },
          {
            "x": 3410,
            "y": 1020
          },
          {
            "x": 3400,
            "y": 1020
          },
          {
            "x": 3399,
            "y": 1019
          },
          {
            "x": 3394,
            "y": 1019
          },
          {
            "x": 3393,
            "y": 1018
          },
          {
            "x": 3388,
            "y": 1018
          }
        ]
      }
    },
    {
      "annotator": {
        "email": "begimbaeva.s95@gmail.com",
        "full_name": "Saltanat Begimbaeva"
      },
      "bounding_box": {
        "h": 30.5,
        "w": 35.53,
        "x": 3797.36,
        "y": 1380.82
      },
      "name": "Road sign "
    },
    {
      "annotator": {
        "email": "begimbaeva.s95@gmail.com",
        "full_name": "Saltanat Begimbaeva"
      },
      "bounding_box": {
        "h": 38.02,
        "w": 160.45,
        "x": 2692.0,
        "y": 2291.64
      },
      "name": "Road sign "
    },
    {
      "annotator": {
        "email": "begimbaeva.s95@gmail.com",
        "full_name": "Saltanat Begimbaeva"
      },
      "bounding_box": {
        "h": 54.0,
        "w": 153.96,
        "x": 2289.18,
        "y": 2724.42
      },
      "name": "Road sign "
    },
    {
      "annotator": {
        "email": "begimbaeva.s95@gmail.com",
        "full_name": "Saltanat Begimbaeva"
      },
      "name": "Building Polygon ",
      "polygon": {
        "path": [
          {
            "x": 5471.34,
            "y": 1011.41
          },
          {
            "x": 5252.58,
            "y": 1525.68
          },
          {
            "x": 5252.58,
            "y": 1525.68
          },
          {
            "x": 4949.98,
            "y": 2249.51
          },
          {
            "x": 4694.08,
            "y": 2846.8
          },
          {
            "x": 4399.91,
            "y": 3536.76
          },
          {
            "x": 4354.67,
            "y": 3644.05
          },
          {
            "x": 4449.56,
            "y": 3646.12
          },
          {
            "x": 4703.17,
            "y": 3646.12
          },
          {
            "x": 5338.31,
            "y": 3646.12
          },
          {
            "x": 5470.64,
            "y": 3646.12
          },
          {
            "x": 5466.07,
            "y": 3108.59
          },
          {
            "x": 5469.16,
            "y": 2340.71
          },
          {
            "x": 5462.45,
            "y": 1788.39
          },
          {
            "x": 5463.99,
            "y": 1459.36
          },
          {
            "x": 5463.46,
            "y": 1206.51
          }
        ]
      }
    }
  ]
}