{
  "image": {
    "width": 5472,
    "height": 3648,
    "filename": "00000063.JPG",
    "original_filename": "EP-00-00012_0119_0020.JPG",
    "url": "https://darwin.v7labs.com/api/images/1221664/original?token=43ffe058-ebd2-4afa-8955-89cf45e925a6",
    "thumbnail_url": "https://darwin.v7labs.com/api/images/1221664/thumbnail?token=43ffe058-ebd2-4afa-8955-89cf45e925a6",
    "workview_url": "https://darwin.v7labs.com/workview?dataset=1190&image=63"
  },
  "dataset": "Mapping_1",
  "annotated": true,
  "annotations": [
    {
      "annotator": {
        "email": "order@bex.kg",
        "full_name": "Zhaparova  Nurzhan"
      },
      "name": "Spring field Polygon ",
      "polygon": {
        "path": [
          {
            "x": 1772.59,
            "y": 3646.77
          },
          {
            "x": 1815.68,
            "y": 3123.61
          },
          {
            "x": 2388.08,
            "y": 3074.37
          },
          {
            "x": 2991.25,
            "y": 3068.21
          },
          {
            "x": 3569.81,
            "y": 3012.82
          },
          {
            "x": 4277.62,
            "y": 2957.43
          },
          {
            "x": 4665.37,
            "y": 2932.81
          },
          {
            "x": 5250.08,
            "y": 2895.88
          },
          {
            "x": 5465.5,
            "y": 2883.57
          },
          {
            "x": 5471.66,
            "y": 3646.77
          }
        ]
      }
    },
    {
      "annotator": {
        "email": "order@bex.kg",
        "full_name": "Zhaparova  Nurzhan"
      },
      "name": "Building Polygon",
      "polygon": {
        "path": [
          {
            "x": 2245.47,
            "y": 337.85
          },
          {
            "x": 2254.81,
            "y": 875.01
          },
          {
            "x": 2189.53,
            "y": 892.62
          },
          {
            "x": 2248.61,
            "y": 2232.45
          },
          {
            "x": 2651.36,
            "y": 2193.66
          },
          {
            "x": 2650.26,
            "y": 2447.74
          },
          {
            "x": 2990.0,
            "y": 2455.12
          },
          {
            "x": 3418.38,
            "y": 2425.58
          },
          {
            "x": 3405.9,
            "y": 2157.92
          },
          {
            "x": 4214.36,
            "y": 2118.7
          },
          {
            "x": 4220.41,
            "y": 2154.59
          },
          {
            "x": 4718.28,
            "y": 2130.15
          },
          {
            "x": 4725.67,
            "y": 2107.99
          },
          {
            "x": 5456.86,
            "y": 2063.67
          },
          {
            "x": 5472.45,
            "y": 241.51
          },
          {
            "x": 5456.54,
            "y": 242.77
          },
          {
            "x": 5442.36,
            "y": 156.29
          }
        ]
      }
    },
    {
      "annotator": {
        "email": "order@bex.kg",
        "full_name": "Zhaparova  Nurzhan"
      },
      "name": "Vehicle Polygon ",
      "polygon": {
        "path": [
          {
            "x": 2110,
            "y": 2181
          },
          {
            "x": 2108,
            "y": 2179
          },
          {
            "x": 2108,
            "y": 2176
          },
          {
            "x": 2107,
            "y": 2175
          },
          {
            "x": 2107,
            "y": 2174
          },
          {
            "x": 2106,
            "y": 2173
          },
          {
            "x": 2106,
            "y": 2171
          },
          {
            "x": 2101,
            "y": 2166
          },
          {
            "x": 2100,
            "y": 2166
          },
          {
            "x": 2098,
            "y": 2164
          },
          {
            "x": 2097,
            "y": 2164
          },
          {
            "x": 2096,
            "y": 2163
          },
          {
            "x": 2096,
            "y": 2162
          },
          {
            "x": 2095,
            "y": 2162
          },
          {
            "x": 2094,
            "y": 2161
          },
          {
            "x": 2094,
            "y": 2160
          },
          {
            "x": 2093,
            "y": 2160
          },
          {
            "x": 2091,
            "y": 2158
          },
          {
            "x": 2090,
            "y": 2158
          },
          {
            "x": 2089,
            "y": 2157
          },
          {
            "x": 2088,
            "y": 2157
          },
          {
            "x": 2086,
            "y": 2155
          },
          {
            "x": 2084,
            "y": 2155
          },
          {
            "x": 2083,
            "y": 2154
          },
          {
            "x": 2079,
            "y": 2154
          },
          {
            "x": 2078,
            "y": 2153
          },
          {
            "x": 2059,
            "y": 2153
          },
          {
            "x": 2058,
            "y": 2154
          },
          {
            "x": 2051,
            "y": 2154
          },
          {
            "x": 2050,
            "y": 2155
          },
          {
            "x": 2040.0,
            "y": 2155
          },
          {
            "x": 2039,
            "y": 2156
          },
          {
            "x": 2034,
            "y": 2156
          },
          {
            "x": 2033.0,
            "y": 2157
          },
          {
            "x": 2031,
            "y": 2157
          },
          {
            "x": 2030,
            "y": 2156
          },
          {
            "x": 2029,
            "y": 2156
          },
          {
            "x": 2025,
            "y": 2152
          },
          {
            "x": 2025,
            "y": 2151
          },
          {
            "x": 2024,
            "y": 2151
          },
          {
            "x": 2022,
            "y": 2149
          },
          {
            "x": 2018,
            "y": 2149
          },
          {
            "x": 2018,
            "y": 2150
          },
          {
            "x": 2017.0,
            "y": 2151
          },
          {
            "x": 2017.0,
            "y": 2157
          },
          {
            "x": 2016,
            "y": 2158
          },
          {
            "x": 2012,
            "y": 2158
          },
          {
            "x": 2011,
            "y": 2159
          },
          {
            "x": 2004,
            "y": 2159
          },
          {
            "x": 2003.0,
            "y": 2160
          },
          {
            "x": 2001,
            "y": 2160
          },
          {
            "x": 2000,
            "y": 2159
          },
          {
            "x": 1990,
            "y": 2159
          },
          {
            "x": 1989.0,
            "y": 2160
          },
          {
            "x": 1986,
            "y": 2160
          },
          {
            "x": 1985,
            "y": 2161
          },
          {
            "x": 1984,
            "y": 2161
          },
          {
            "x": 1983,
            "y": 2162
          },
          {
            "x": 1976,
            "y": 2162
          },
          {
            "x": 1975,
            "y": 2163
          },
          {
            "x": 1968,
            "y": 2163
          },
          {
            "x": 1967,
            "y": 2164
          },
          {
            "x": 1958,
            "y": 2164
          },
          {
            "x": 1957,
            "y": 2165
          },
          {
            "x": 1939,
            "y": 2165
          },
          {
            "x": 1938,
            "y": 2164
          },
          {
            "x": 1937,
            "y": 2165
          },
          {
            "x": 1931,
            "y": 2165
          },
          {
            "x": 1930,
            "y": 2166
          },
          {
            "x": 1928,
            "y": 2166
          },
          {
            "x": 1927,
            "y": 2167
          },
          {
            "x": 1918,
            "y": 2167
          },
          {
            "x": 1917,
            "y": 2168
          },
          {
            "x": 1913.0,
            "y": 2168
          },
          {
            "x": 1912,
            "y": 2169
          },
          {
            "x": 1904,
            "y": 2169
          },
          {
            "x": 1903,
            "y": 2170
          },
          {
            "x": 1902,
            "y": 2170
          },
          {
            "x": 1901,
            "y": 2171
          },
          {
            "x": 1900,
            "y": 2171
          },
          {
            "x": 1899.0,
            "y": 2172
          },
          {
            "x": 1897,
            "y": 2172
          },
          {
            "x": 1896,
            "y": 2173
          },
          {
            "x": 1895,
            "y": 2173
          },
          {
            "x": 1894,
            "y": 2174
          },
          {
            "x": 1892.0,
            "y": 2174
          },
          {
            "x": 1891,
            "y": 2175
          },
          {
            "x": 1890.0,
            "y": 2175
          },
          {
            "x": 1889,
            "y": 2176
          },
          {
            "x": 1888,
            "y": 2176
          },
          {
            "x": 1888,
            "y": 2177
          },
          {
            "x": 1884,
            "y": 2181
          },
          {
            "x": 1884,
            "y": 2182
          },
          {
            "x": 1883.0,
            "y": 2183
          },
          {
            "x": 1883.0,
            "y": 2185
          },
          {
            "x": 1880,
            "y": 2188
          },
          {
            "x": 1880,
            "y": 2190
          },
          {
            "x": 1879,
            "y": 2191
          },
          {
            "x": 1879,
            "y": 2216
          },
          {
            "x": 1878,
            "y": 2217
          },
          {
            "x": 1878,
            "y": 2218
          },
          {
            "x": 1879,
            "y": 2219
          },
          {
            "x": 1879,
            "y": 2228
          },
          {
            "x": 1880,
            "y": 2229
          },
          {
            "x": 1880,
            "y": 2232
          },
          {
            "x": 1881,
            "y": 2233
          },
          {
            "x": 1881,
            "y": 2236
          },
          {
            "x": 1883.0,
            "y": 2238
          },
          {
            "x": 1883.0,
            "y": 2240
          },
          {
            "x": 1884,
            "y": 2241
          },
          {
            "x": 1884,
            "y": 2244
          },
          {
            "x": 1885,
            "y": 2245
          },
          {
            "x": 1885,
            "y": 2246
          },
          {
            "x": 1886,
            "y": 2247
          },
          {
            "x": 1886,
            "y": 2248
          },
          {
            "x": 1887,
            "y": 2248
          },
          {
            "x": 1888,
            "y": 2249
          },
          {
            "x": 1888,
            "y": 2251
          },
          {
            "x": 1889,
            "y": 2251
          },
          {
            "x": 1890.0,
            "y": 2252
          },
          {
            "x": 1890.0,
            "y": 2253
          },
          {
            "x": 1891,
            "y": 2254
          },
          {
            "x": 1892.0,
            "y": 2254
          },
          {
            "x": 1893,
            "y": 2255
          },
          {
            "x": 1894,
            "y": 2255
          },
          {
            "x": 1895,
            "y": 2256
          },
          {
            "x": 1901,
            "y": 2256
          },
          {
            "x": 1902,
            "y": 2257
          },
          {
            "x": 1908,
            "y": 2257
          },
          {
            "x": 1909,
            "y": 2258
          },
          {
            "x": 1913.0,
            "y": 2258
          },
          {
            "x": 1914,
            "y": 2257
          },
          {
            "x": 1933,
            "y": 2257
          },
          {
            "x": 1934,
            "y": 2256
          },
          {
            "x": 1939,
            "y": 2256
          },
          {
            "x": 1940,
            "y": 2257
          },
          {
            "x": 1943.0,
            "y": 2257
          },
          {
            "x": 1944,
            "y": 2256
          },
          {
            "x": 1949,
            "y": 2256
          },
          {
            "x": 1950.0,
            "y": 2255
          },
          {
            "x": 1951,
            "y": 2255
          },
          {
            "x": 1952,
            "y": 2254
          },
          {
            "x": 1962,
            "y": 2254
          },
          {
            "x": 1963,
            "y": 2253
          },
          {
            "x": 1981,
            "y": 2253
          },
          {
            "x": 1982,
            "y": 2252
          },
          {
            "x": 1993,
            "y": 2252
          },
          {
            "x": 1994,
            "y": 2253
          },
          {
            "x": 2004,
            "y": 2253
          },
          {
            "x": 2005,
            "y": 2252
          },
          {
            "x": 2006,
            "y": 2252
          },
          {
            "x": 2007,
            "y": 2251
          },
          {
            "x": 2011,
            "y": 2251
          },
          {
            "x": 2012,
            "y": 2250
          },
          {
            "x": 2015,
            "y": 2250
          },
          {
            "x": 2016,
            "y": 2249
          },
          {
            "x": 2024,
            "y": 2249
          },
          {
            "x": 2026.0,
            "y": 2251
          },
          {
            "x": 2026.0,
            "y": 2254
          },
          {
            "x": 2027,
            "y": 2255
          },
          {
            "x": 2027,
            "y": 2256
          },
          {
            "x": 2030,
            "y": 2256
          },
          {
            "x": 2031,
            "y": 2255
          },
          {
            "x": 2032,
            "y": 2255
          },
          {
            "x": 2032,
            "y": 2254
          },
          {
            "x": 2033.0,
            "y": 2253
          },
          {
            "x": 2034,
            "y": 2253
          },
          {
            "x": 2034,
            "y": 2251
          },
          {
            "x": 2036,
            "y": 2249
          },
          {
            "x": 2036,
            "y": 2248
          },
          {
            "x": 2037,
            "y": 2247
          },
          {
            "x": 2041,
            "y": 2247
          },
          {
            "x": 2042,
            "y": 2246
          },
          {
            "x": 2067,
            "y": 2246
          },
          {
            "x": 2068,
            "y": 2245
          },
          {
            "x": 2071,
            "y": 2245
          },
          {
            "x": 2072,
            "y": 2244
          },
          {
            "x": 2080,
            "y": 2244
          },
          {
            "x": 2081,
            "y": 2243
          },
          {
            "x": 2083,
            "y": 2243
          },
          {
            "x": 2084,
            "y": 2242
          },
          {
            "x": 2087,
            "y": 2242
          },
          {
            "x": 2088,
            "y": 2241
          },
          {
            "x": 2089,
            "y": 2241
          },
          {
            "x": 2090,
            "y": 2240
          },
          {
            "x": 2091,
            "y": 2240
          },
          {
            "x": 2092,
            "y": 2239
          },
          {
            "x": 2093,
            "y": 2239
          },
          {
            "x": 2095,
            "y": 2237
          },
          {
            "x": 2096,
            "y": 2237
          },
          {
            "x": 2096,
            "y": 2236
          },
          {
            "x": 2097,
            "y": 2235
          },
          {
            "x": 2098,
            "y": 2235
          },
          {
            "x": 2100,
            "y": 2233
          },
          {
            "x": 2101,
            "y": 2233
          },
          {
            "x": 2102,
            "y": 2232
          },
          {
            "x": 2103,
            "y": 2232
          },
          {
            "x": 2103,
            "y": 2231
          },
          {
            "x": 2106,
            "y": 2228
          },
          {
            "x": 2106,
            "y": 2227
          },
          {
            "x": 2108,
            "y": 2225
          },
          {
            "x": 2108,
            "y": 2224
          },
          {
            "x": 2109,
            "y": 2223
          },
          {
            "x": 2110,
            "y": 2223
          },
          {
            "x": 2110,
            "y": 2222
          },
          {
            "x": 2111,
            "y": 2221
          },
          {
            "x": 2111,
            "y": 2220
          },
          {
            "x": 2113,
            "y": 2218
          },
          {
            "x": 2113,
            "y": 2201
          },
          {
            "x": 2112,
            "y": 2200
          },
          {
            "x": 2112,
            "y": 2196
          },
          {
            "x": 2111,
            "y": 2195
          },
          {
            "x": 2111,
            "y": 2188
          },
          {
            "x": 2110,
            "y": 2187
          }
        ]
      }
    },
    {
      "annotator": {
        "email": "order@bex.kg",
        "full_name": "Zhaparova  Nurzhan"
      },
      "name": "Vehicle Polygon ",
      "polygon": {
        "path": [
          {
            "x": 1397,
            "y": 1595
          },
          {
            "x": 1396,
            "y": 1595
          },
          {
            "x": 1395,
            "y": 1594
          },
          {
            "x": 1393,
            "y": 1594
          },
          {
            "x": 1392,
            "y": 1593
          },
          {
            "x": 1389,
            "y": 1593
          },
          {
            "x": 1388,
            "y": 1592.0
          },
          {
            "x": 1386,
            "y": 1592.0
          },
          {
            "x": 1385,
            "y": 1591
          },
          {
            "x": 1382.0,
            "y": 1591
          },
          {
            "x": 1381,
            "y": 1590
          },
          {
            "x": 1374,
            "y": 1590
          },
          {
            "x": 1373,
            "y": 1589
          },
          {
            "x": 1366,
            "y": 1589
          },
          {
            "x": 1365,
            "y": 1590
          },
          {
            "x": 1361.0,
            "y": 1590
          },
          {
            "x": 1360,
            "y": 1591
          },
          {
            "x": 1357,
            "y": 1591
          },
          {
            "x": 1356,
            "y": 1592.0
          },
          {
            "x": 1355,
            "y": 1592.0
          },
          {
            "x": 1354.0,
            "y": 1593
          },
          {
            "x": 1352.0,
            "y": 1593
          },
          {
            "x": 1351,
            "y": 1594
          },
          {
            "x": 1350,
            "y": 1594
          },
          {
            "x": 1342,
            "y": 1602
          },
          {
            "x": 1342,
            "y": 1603
          },
          {
            "x": 1341,
            "y": 1604
          },
          {
            "x": 1340,
            "y": 1604
          },
          {
            "x": 1340,
            "y": 1605
          },
          {
            "x": 1336,
            "y": 1609
          },
          {
            "x": 1336,
            "y": 1610
          },
          {
            "x": 1334,
            "y": 1612
          },
          {
            "x": 1334,
            "y": 1613
          },
          {
            "x": 1333,
            "y": 1614
          },
          {
            "x": 1333,
            "y": 1615.0
          },
          {
            "x": 1332,
            "y": 1616
          },
          {
            "x": 1332,
            "y": 1617
          },
          {
            "x": 1330,
            "y": 1619
          },
          {
            "x": 1330,
            "y": 1620
          },
          {
            "x": 1329,
            "y": 1621
          },
          {
            "x": 1329,
            "y": 1622.0
          },
          {
            "x": 1326,
            "y": 1625
          },
          {
            "x": 1326,
            "y": 1626
          },
          {
            "x": 1324.0,
            "y": 1628
          },
          {
            "x": 1324.0,
            "y": 1629.0
          },
          {
            "x": 1316,
            "y": 1637
          },
          {
            "x": 1315.0,
            "y": 1637
          },
          {
            "x": 1316,
            "y": 1638.0
          },
          {
            "x": 1316,
            "y": 1643
          },
          {
            "x": 1312,
            "y": 1647
          },
          {
            "x": 1312,
            "y": 1648
          },
          {
            "x": 1307,
            "y": 1653
          },
          {
            "x": 1307,
            "y": 1654
          },
          {
            "x": 1306,
            "y": 1655
          },
          {
            "x": 1306,
            "y": 1656
          },
          {
            "x": 1303,
            "y": 1659.0
          },
          {
            "x": 1303,
            "y": 1660
          },
          {
            "x": 1301.0,
            "y": 1662
          },
          {
            "x": 1300,
            "y": 1662
          },
          {
            "x": 1298,
            "y": 1664
          },
          {
            "x": 1297,
            "y": 1664
          },
          {
            "x": 1295,
            "y": 1666.0
          },
          {
            "x": 1295,
            "y": 1667
          },
          {
            "x": 1293,
            "y": 1669
          },
          {
            "x": 1293,
            "y": 1671
          },
          {
            "x": 1292.0,
            "y": 1672
          },
          {
            "x": 1292.0,
            "y": 1673
          },
          {
            "x": 1287,
            "y": 1678
          },
          {
            "x": 1286,
            "y": 1678
          },
          {
            "x": 1283,
            "y": 1681
          },
          {
            "x": 1283,
            "y": 1682.0
          },
          {
            "x": 1282,
            "y": 1683
          },
          {
            "x": 1282,
            "y": 1684
          },
          {
            "x": 1281,
            "y": 1685
          },
          {
            "x": 1281,
            "y": 1687
          },
          {
            "x": 1279,
            "y": 1689.0
          },
          {
            "x": 1279,
            "y": 1690
          },
          {
            "x": 1278.0,
            "y": 1691
          },
          {
            "x": 1278.0,
            "y": 1692
          },
          {
            "x": 1272,
            "y": 1698
          },
          {
            "x": 1272,
            "y": 1699
          },
          {
            "x": 1271.0,
            "y": 1700
          },
          {
            "x": 1271.0,
            "y": 1701
          },
          {
            "x": 1270,
            "y": 1702
          },
          {
            "x": 1270,
            "y": 1703
          },
          {
            "x": 1269,
            "y": 1704
          },
          {
            "x": 1269,
            "y": 1705.0
          },
          {
            "x": 1267,
            "y": 1707
          },
          {
            "x": 1267,
            "y": 1708
          },
          {
            "x": 1266,
            "y": 1709
          },
          {
            "x": 1266,
            "y": 1711
          },
          {
            "x": 1265,
            "y": 1712.0
          },
          {
            "x": 1265,
            "y": 1713
          },
          {
            "x": 1263,
            "y": 1715
          },
          {
            "x": 1263,
            "y": 1716
          },
          {
            "x": 1261,
            "y": 1718
          },
          {
            "x": 1261,
            "y": 1719.0
          },
          {
            "x": 1259,
            "y": 1721
          },
          {
            "x": 1259,
            "y": 1722
          },
          {
            "x": 1258,
            "y": 1723
          },
          {
            "x": 1258,
            "y": 1724
          },
          {
            "x": 1257,
            "y": 1725
          },
          {
            "x": 1257,
            "y": 1726.0
          },
          {
            "x": 1256,
            "y": 1727
          },
          {
            "x": 1256,
            "y": 1728
          },
          {
            "x": 1254,
            "y": 1730
          },
          {
            "x": 1254,
            "y": 1732
          },
          {
            "x": 1253,
            "y": 1733.0
          },
          {
            "x": 1253,
            "y": 1734
          },
          {
            "x": 1252,
            "y": 1735.0
          },
          {
            "x": 1252,
            "y": 1736
          },
          {
            "x": 1251,
            "y": 1737
          },
          {
            "x": 1251,
            "y": 1738
          },
          {
            "x": 1250,
            "y": 1739
          },
          {
            "x": 1250,
            "y": 1740
          },
          {
            "x": 1249,
            "y": 1741
          },
          {
            "x": 1249,
            "y": 1742.0
          },
          {
            "x": 1248.0,
            "y": 1743
          },
          {
            "x": 1248.0,
            "y": 1746
          },
          {
            "x": 1247,
            "y": 1747
          },
          {
            "x": 1247,
            "y": 1753
          },
          {
            "x": 1248.0,
            "y": 1754
          },
          {
            "x": 1248.0,
            "y": 1755
          },
          {
            "x": 1249,
            "y": 1756.0
          },
          {
            "x": 1249,
            "y": 1757
          },
          {
            "x": 1251,
            "y": 1759
          },
          {
            "x": 1251,
            "y": 1760
          },
          {
            "x": 1252,
            "y": 1761
          },
          {
            "x": 1252,
            "y": 1762
          },
          {
            "x": 1253,
            "y": 1763.0
          },
          {
            "x": 1253,
            "y": 1764
          },
          {
            "x": 1254,
            "y": 1765.0
          },
          {
            "x": 1254,
            "y": 1766
          },
          {
            "x": 1258,
            "y": 1770
          },
          {
            "x": 1259,
            "y": 1770
          },
          {
            "x": 1264.0,
            "y": 1775
          },
          {
            "x": 1265,
            "y": 1775
          },
          {
            "x": 1267,
            "y": 1777
          },
          {
            "x": 1268,
            "y": 1777
          },
          {
            "x": 1270,
            "y": 1779.0
          },
          {
            "x": 1271.0,
            "y": 1779.0
          },
          {
            "x": 1273,
            "y": 1781
          },
          {
            "x": 1275,
            "y": 1781
          },
          {
            "x": 1277,
            "y": 1783
          },
          {
            "x": 1278.0,
            "y": 1783
          },
          {
            "x": 1280,
            "y": 1785
          },
          {
            "x": 1281,
            "y": 1785
          },
          {
            "x": 1282,
            "y": 1786.0
          },
          {
            "x": 1283,
            "y": 1786.0
          },
          {
            "x": 1284,
            "y": 1787
          },
          {
            "x": 1286,
            "y": 1787
          },
          {
            "x": 1287,
            "y": 1788
          },
          {
            "x": 1289,
            "y": 1788
          },
          {
            "x": 1290,
            "y": 1789
          },
          {
            "x": 1293,
            "y": 1789
          },
          {
            "x": 1294.0,
            "y": 1790
          },
          {
            "x": 1295,
            "y": 1790
          },
          {
            "x": 1296,
            "y": 1791
          },
          {
            "x": 1304,
            "y": 1791
          },
          {
            "x": 1305,
            "y": 1792
          },
          {
            "x": 1308.0,
            "y": 1792
          },
          {
            "x": 1309,
            "y": 1791
          },
          {
            "x": 1314,
            "y": 1791
          },
          {
            "x": 1316,
            "y": 1789
          },
          {
            "x": 1318,
            "y": 1789
          },
          {
            "x": 1319,
            "y": 1788
          },
          {
            "x": 1321,
            "y": 1788
          },
          {
            "x": 1322.0,
            "y": 1787
          },
          {
            "x": 1323,
            "y": 1787
          },
          {
            "x": 1324.0,
            "y": 1786.0
          },
          {
            "x": 1325,
            "y": 1786.0
          },
          {
            "x": 1326,
            "y": 1785
          },
          {
            "x": 1327,
            "y": 1785
          },
          {
            "x": 1328,
            "y": 1784
          },
          {
            "x": 1329,
            "y": 1784
          },
          {
            "x": 1332,
            "y": 1781
          },
          {
            "x": 1333,
            "y": 1781
          },
          {
            "x": 1335,
            "y": 1779.0
          },
          {
            "x": 1336,
            "y": 1779.0
          },
          {
            "x": 1338.0,
            "y": 1777
          },
          {
            "x": 1339,
            "y": 1777
          },
          {
            "x": 1342,
            "y": 1774
          },
          {
            "x": 1343,
            "y": 1774
          },
          {
            "x": 1345.0,
            "y": 1772.0
          },
          {
            "x": 1345.0,
            "y": 1771
          },
          {
            "x": 1348,
            "y": 1768
          },
          {
            "x": 1348,
            "y": 1766
          },
          {
            "x": 1349,
            "y": 1765.0
          },
          {
            "x": 1349,
            "y": 1763.0
          },
          {
            "x": 1350,
            "y": 1762
          },
          {
            "x": 1350,
            "y": 1760
          },
          {
            "x": 1351,
            "y": 1759
          },
          {
            "x": 1351,
            "y": 1757
          },
          {
            "x": 1352.0,
            "y": 1756.0
          },
          {
            "x": 1352.0,
            "y": 1755
          },
          {
            "x": 1353,
            "y": 1754
          },
          {
            "x": 1354.0,
            "y": 1754
          },
          {
            "x": 1354.0,
            "y": 1753
          },
          {
            "x": 1356,
            "y": 1751
          },
          {
            "x": 1356,
            "y": 1749.0
          },
          {
            "x": 1357,
            "y": 1748
          },
          {
            "x": 1357,
            "y": 1747
          },
          {
            "x": 1360,
            "y": 1744
          },
          {
            "x": 1361.0,
            "y": 1744
          },
          {
            "x": 1362,
            "y": 1743
          },
          {
            "x": 1362,
            "y": 1740
          },
          {
            "x": 1363,
            "y": 1739
          },
          {
            "x": 1363,
            "y": 1738
          },
          {
            "x": 1364,
            "y": 1737
          },
          {
            "x": 1364,
            "y": 1736
          },
          {
            "x": 1367,
            "y": 1733.0
          },
          {
            "x": 1368.0,
            "y": 1733.0
          },
          {
            "x": 1368.0,
            "y": 1732
          },
          {
            "x": 1369,
            "y": 1731
          },
          {
            "x": 1369,
            "y": 1730
          },
          {
            "x": 1370,
            "y": 1729
          },
          {
            "x": 1370,
            "y": 1728
          },
          {
            "x": 1372,
            "y": 1726.0
          },
          {
            "x": 1372,
            "y": 1724
          },
          {
            "x": 1373,
            "y": 1723
          },
          {
            "x": 1373,
            "y": 1721
          },
          {
            "x": 1378,
            "y": 1716
          },
          {
            "x": 1378,
            "y": 1714
          },
          {
            "x": 1379,
            "y": 1713
          },
          {
            "x": 1379,
            "y": 1712.0
          },
          {
            "x": 1380,
            "y": 1711
          },
          {
            "x": 1381,
            "y": 1711
          },
          {
            "x": 1381,
            "y": 1709
          },
          {
            "x": 1382.0,
            "y": 1708
          },
          {
            "x": 1382.0,
            "y": 1707
          },
          {
            "x": 1383,
            "y": 1706
          },
          {
            "x": 1383,
            "y": 1705.0
          },
          {
            "x": 1384,
            "y": 1704
          },
          {
            "x": 1385,
            "y": 1704
          },
          {
            "x": 1387,
            "y": 1702
          },
          {
            "x": 1388,
            "y": 1702
          },
          {
            "x": 1389,
            "y": 1701
          },
          {
            "x": 1389,
            "y": 1699
          },
          {
            "x": 1390,
            "y": 1698
          },
          {
            "x": 1390,
            "y": 1697
          },
          {
            "x": 1391.0,
            "y": 1696.0
          },
          {
            "x": 1396,
            "y": 1696.0
          },
          {
            "x": 1397,
            "y": 1695
          },
          {
            "x": 1398.0,
            "y": 1695
          },
          {
            "x": 1399,
            "y": 1694
          },
          {
            "x": 1400,
            "y": 1694
          },
          {
            "x": 1403,
            "y": 1697
          },
          {
            "x": 1403,
            "y": 1700
          },
          {
            "x": 1404,
            "y": 1701
          },
          {
            "x": 1406,
            "y": 1701
          },
          {
            "x": 1406,
            "y": 1699
          },
          {
            "x": 1405.0,
            "y": 1698
          },
          {
            "x": 1405.0,
            "y": 1695
          },
          {
            "x": 1407,
            "y": 1693
          },
          {
            "x": 1411,
            "y": 1693
          },
          {
            "x": 1412.0,
            "y": 1692
          },
          {
            "x": 1412.0,
            "y": 1691
          },
          {
            "x": 1413,
            "y": 1690
          },
          {
            "x": 1412.0,
            "y": 1689.0
          },
          {
            "x": 1414,
            "y": 1687
          },
          {
            "x": 1414,
            "y": 1686
          },
          {
            "x": 1415,
            "y": 1685
          },
          {
            "x": 1415,
            "y": 1684
          },
          {
            "x": 1414,
            "y": 1683
          },
          {
            "x": 1414,
            "y": 1682.0
          },
          {
            "x": 1415,
            "y": 1681
          },
          {
            "x": 1415,
            "y": 1680
          },
          {
            "x": 1416,
            "y": 1679
          },
          {
            "x": 1423,
            "y": 1679
          },
          {
            "x": 1424,
            "y": 1678
          },
          {
            "x": 1427,
            "y": 1678
          },
          {
            "x": 1428.0,
            "y": 1677
          },
          {
            "x": 1428.0,
            "y": 1675.0
          },
          {
            "x": 1429,
            "y": 1674
          },
          {
            "x": 1429,
            "y": 1658
          },
          {
            "x": 1428.0,
            "y": 1657
          },
          {
            "x": 1428.0,
            "y": 1649
          },
          {
            "x": 1427,
            "y": 1648
          },
          {
            "x": 1427,
            "y": 1644
          },
          {
            "x": 1426,
            "y": 1643
          },
          {
            "x": 1426,
            "y": 1640
          },
          {
            "x": 1425,
            "y": 1639
          },
          {
            "x": 1425,
            "y": 1632
          },
          {
            "x": 1424,
            "y": 1631
          },
          {
            "x": 1424,
            "y": 1626
          },
          {
            "x": 1423,
            "y": 1625
          },
          {
            "x": 1423,
            "y": 1623
          },
          {
            "x": 1422,
            "y": 1622.0
          },
          {
            "x": 1422,
            "y": 1621
          },
          {
            "x": 1420,
            "y": 1619
          },
          {
            "x": 1420,
            "y": 1617
          },
          {
            "x": 1419,
            "y": 1616
          },
          {
            "x": 1419,
            "y": 1615.0
          },
          {
            "x": 1418,
            "y": 1614
          },
          {
            "x": 1418,
            "y": 1613
          },
          {
            "x": 1408,
            "y": 1603
          },
          {
            "x": 1407,
            "y": 1603
          },
          {
            "x": 1405.0,
            "y": 1601
          },
          {
            "x": 1404,
            "y": 1601
          },
          {
            "x": 1400,
            "y": 1597
          },
          {
            "x": 1399,
            "y": 1597
          }
        ]
      }
    },
    {
      "annotator": {
        "email": "order@bex.kg",
        "full_name": "Zhaparova  Nurzhan"
      },
      "name": "Vehicle Polygon ",
      "polygon": {
        "path": [
          {
            "x": 3552,
            "y": 2592
          },
          {
            "x": 3552,
            "y": 2596
          },
          {
            "x": 3551,
            "y": 2597
          },
          {
            "x": 3551,
            "y": 2618.0
          },
          {
            "x": 3552,
            "y": 2619
          },
          {
            "x": 3552,
            "y": 2622
          },
          {
            "x": 3553,
            "y": 2623
          },
          {
            "x": 3553,
            "y": 2624
          },
          {
            "x": 3554,
            "y": 2625
          },
          {
            "x": 3554,
            "y": 2629
          },
          {
            "x": 3555,
            "y": 2630
          },
          {
            "x": 3555,
            "y": 2633
          },
          {
            "x": 3556,
            "y": 2634
          },
          {
            "x": 3556,
            "y": 2635
          },
          {
            "x": 3557,
            "y": 2635
          },
          {
            "x": 3558,
            "y": 2636
          },
          {
            "x": 3558,
            "y": 2637
          },
          {
            "x": 3562,
            "y": 2641
          },
          {
            "x": 3562,
            "y": 2642
          },
          {
            "x": 3565,
            "y": 2645
          },
          {
            "x": 3566,
            "y": 2645
          },
          {
            "x": 3568,
            "y": 2647
          },
          {
            "x": 3569,
            "y": 2647
          },
          {
            "x": 3570,
            "y": 2648
          },
          {
            "x": 3572,
            "y": 2648
          },
          {
            "x": 3573,
            "y": 2649
          },
          {
            "x": 3574,
            "y": 2649
          },
          {
            "x": 3575,
            "y": 2650
          },
          {
            "x": 3580.0,
            "y": 2650
          },
          {
            "x": 3581.0,
            "y": 2651
          },
          {
            "x": 3586.0,
            "y": 2651
          },
          {
            "x": 3587.0,
            "y": 2652
          },
          {
            "x": 3590,
            "y": 2652
          },
          {
            "x": 3591,
            "y": 2653
          },
          {
            "x": 3592,
            "y": 2653
          },
          {
            "x": 3593,
            "y": 2654
          },
          {
            "x": 3604,
            "y": 2654
          },
          {
            "x": 3605,
            "y": 2653
          },
          {
            "x": 3606,
            "y": 2653
          },
          {
            "x": 3607,
            "y": 2652
          },
          {
            "x": 3633.0,
            "y": 2652
          },
          {
            "x": 3634.0,
            "y": 2653
          },
          {
            "x": 3635.0,
            "y": 2653
          },
          {
            "x": 3637.0,
            "y": 2655
          },
          {
            "x": 3637.0,
            "y": 2656
          },
          {
            "x": 3638.0,
            "y": 2657
          },
          {
            "x": 3638.0,
            "y": 2658
          },
          {
            "x": 3639.0,
            "y": 2658
          },
          {
            "x": 3640.0,
            "y": 2659
          },
          {
            "x": 3643,
            "y": 2659
          },
          {
            "x": 3644,
            "y": 2658
          },
          {
            "x": 3644,
            "y": 2656
          },
          {
            "x": 3646,
            "y": 2654
          },
          {
            "x": 3647,
            "y": 2654
          },
          {
            "x": 3648,
            "y": 2653
          },
          {
            "x": 3656,
            "y": 2653
          },
          {
            "x": 3657,
            "y": 2652
          },
          {
            "x": 3664,
            "y": 2652
          },
          {
            "x": 3665,
            "y": 2653
          },
          {
            "x": 3674,
            "y": 2653
          },
          {
            "x": 3675,
            "y": 2652
          },
          {
            "x": 3701,
            "y": 2652
          },
          {
            "x": 3702,
            "y": 2653
          },
          {
            "x": 3704,
            "y": 2653
          },
          {
            "x": 3705,
            "y": 2654
          },
          {
            "x": 3707,
            "y": 2654
          },
          {
            "x": 3708,
            "y": 2653
          },
          {
            "x": 3713,
            "y": 2653
          },
          {
            "x": 3714,
            "y": 2652
          },
          {
            "x": 3722,
            "y": 2652
          },
          {
            "x": 3723,
            "y": 2651
          },
          {
            "x": 3729,
            "y": 2651
          },
          {
            "x": 3730,
            "y": 2650
          },
          {
            "x": 3735,
            "y": 2650
          },
          {
            "x": 3736,
            "y": 2649
          },
          {
            "x": 3738,
            "y": 2649
          },
          {
            "x": 3739,
            "y": 2648
          },
          {
            "x": 3744.0,
            "y": 2648
          },
          {
            "x": 3745.0,
            "y": 2647
          },
          {
            "x": 3749.0,
            "y": 2647
          },
          {
            "x": 3750.0,
            "y": 2646
          },
          {
            "x": 3752,
            "y": 2646
          },
          {
            "x": 3753,
            "y": 2645
          },
          {
            "x": 3755,
            "y": 2645
          },
          {
            "x": 3759,
            "y": 2641
          },
          {
            "x": 3759,
            "y": 2640
          },
          {
            "x": 3761,
            "y": 2638
          },
          {
            "x": 3761,
            "y": 2636
          },
          {
            "x": 3762,
            "y": 2635
          },
          {
            "x": 3762,
            "y": 2634
          },
          {
            "x": 3763,
            "y": 2633
          },
          {
            "x": 3763,
            "y": 2627
          },
          {
            "x": 3764,
            "y": 2626
          },
          {
            "x": 3764,
            "y": 2613.0
          },
          {
            "x": 3765,
            "y": 2612.0
          },
          {
            "x": 3765,
            "y": 2600
          },
          {
            "x": 3764,
            "y": 2599
          },
          {
            "x": 3764,
            "y": 2595
          },
          {
            "x": 3763,
            "y": 2594
          },
          {
            "x": 3763,
            "y": 2591
          },
          {
            "x": 3762,
            "y": 2590
          },
          {
            "x": 3762,
            "y": 2587
          },
          {
            "x": 3761,
            "y": 2586
          },
          {
            "x": 3761,
            "y": 2583
          },
          {
            "x": 3760,
            "y": 2582
          },
          {
            "x": 3760,
            "y": 2581
          },
          {
            "x": 3759,
            "y": 2580
          },
          {
            "x": 3759,
            "y": 2577
          },
          {
            "x": 3755,
            "y": 2573
          },
          {
            "x": 3753,
            "y": 2573
          },
          {
            "x": 3752,
            "y": 2572
          },
          {
            "x": 3751,
            "y": 2572
          },
          {
            "x": 3750.0,
            "y": 2571
          },
          {
            "x": 3746.0,
            "y": 2571
          },
          {
            "x": 3745.0,
            "y": 2570
          },
          {
            "x": 3729,
            "y": 2570
          },
          {
            "x": 3728,
            "y": 2569
          },
          {
            "x": 3723,
            "y": 2569
          },
          {
            "x": 3722,
            "y": 2568
          },
          {
            "x": 3716,
            "y": 2568
          },
          {
            "x": 3715,
            "y": 2567
          },
          {
            "x": 3704,
            "y": 2567
          },
          {
            "x": 3703,
            "y": 2568
          },
          {
            "x": 3671,
            "y": 2568
          },
          {
            "x": 3670,
            "y": 2567
          },
          {
            "x": 3668,
            "y": 2567
          },
          {
            "x": 3667,
            "y": 2566
          },
          {
            "x": 3664,
            "y": 2566
          },
          {
            "x": 3663,
            "y": 2567
          },
          {
            "x": 3659,
            "y": 2567
          },
          {
            "x": 3658,
            "y": 2568
          },
          {
            "x": 3647,
            "y": 2568
          },
          {
            "x": 3646,
            "y": 2567
          },
          {
            "x": 3644,
            "y": 2567
          },
          {
            "x": 3641.0,
            "y": 2564.0
          },
          {
            "x": 3637.0,
            "y": 2564.0
          },
          {
            "x": 3634.0,
            "y": 2567
          },
          {
            "x": 3633.0,
            "y": 2567
          },
          {
            "x": 3632,
            "y": 2568
          },
          {
            "x": 3620,
            "y": 2568
          },
          {
            "x": 3619,
            "y": 2567
          },
          {
            "x": 3616,
            "y": 2567
          },
          {
            "x": 3615,
            "y": 2566
          },
          {
            "x": 3609,
            "y": 2566
          },
          {
            "x": 3608,
            "y": 2565
          },
          {
            "x": 3605,
            "y": 2565
          },
          {
            "x": 3604,
            "y": 2564.0
          },
          {
            "x": 3597,
            "y": 2564.0
          },
          {
            "x": 3596,
            "y": 2563.0
          },
          {
            "x": 3589,
            "y": 2563.0
          },
          {
            "x": 3588.0,
            "y": 2564.0
          },
          {
            "x": 3582.0,
            "y": 2564.0
          },
          {
            "x": 3581.0,
            "y": 2565
          },
          {
            "x": 3580.0,
            "y": 2565
          },
          {
            "x": 3579,
            "y": 2566
          },
          {
            "x": 3578,
            "y": 2566
          },
          {
            "x": 3577,
            "y": 2567
          },
          {
            "x": 3575,
            "y": 2567
          },
          {
            "x": 3574,
            "y": 2568
          },
          {
            "x": 3573,
            "y": 2568
          },
          {
            "x": 3571,
            "y": 2570
          },
          {
            "x": 3570,
            "y": 2570
          },
          {
            "x": 3567,
            "y": 2573
          },
          {
            "x": 3566,
            "y": 2573
          },
          {
            "x": 3565,
            "y": 2574
          },
          {
            "x": 3564,
            "y": 2574
          },
          {
            "x": 3562,
            "y": 2576
          },
          {
            "x": 3561,
            "y": 2576
          },
          {
            "x": 3560,
            "y": 2577
          },
          {
            "x": 3559,
            "y": 2577
          },
          {
            "x": 3555,
            "y": 2581
          },
          {
            "x": 3555,
            "y": 2583
          },
          {
            "x": 3554,
            "y": 2584
          },
          {
            "x": 3554,
            "y": 2587
          },
          {
            "x": 3553,
            "y": 2588
          },
          {
            "x": 3553,
            "y": 2591
          }
        ]
      }
    },
    {
      "annotator": {
        "email": "order@bex.kg",
        "full_name": "Zhaparova  Nurzhan"
      },
      "name": "Vehicle Polygon ",
      "polygon": {
        "path": [
          {
            "x": 4710,
            "y": 2513
          },
          {
            "x": 4709,
            "y": 2512
          },
          {
            "x": 4709,
            "y": 2510
          },
          {
            "x": 4708,
            "y": 2509
          },
          {
            "x": 4708,
            "y": 2507
          },
          {
            "x": 4707,
            "y": 2506
          },
          {
            "x": 4707,
            "y": 2504
          },
          {
            "x": 4706,
            "y": 2503
          },
          {
            "x": 4706,
            "y": 2502
          },
          {
            "x": 4705,
            "y": 2501
          },
          {
            "x": 4705,
            "y": 2500
          },
          {
            "x": 4702,
            "y": 2497
          },
          {
            "x": 4702,
            "y": 2496
          },
          {
            "x": 4701,
            "y": 2495
          },
          {
            "x": 4701,
            "y": 2494
          },
          {
            "x": 4696,
            "y": 2489
          },
          {
            "x": 4695,
            "y": 2489
          },
          {
            "x": 4694,
            "y": 2488
          },
          {
            "x": 4692,
            "y": 2488
          },
          {
            "x": 4691,
            "y": 2487
          },
          {
            "x": 4688,
            "y": 2487
          },
          {
            "x": 4687,
            "y": 2486
          },
          {
            "x": 4680,
            "y": 2486
          },
          {
            "x": 4679,
            "y": 2485
          },
          {
            "x": 4670,
            "y": 2485
          },
          {
            "x": 4669,
            "y": 2486
          },
          {
            "x": 4655,
            "y": 2486
          },
          {
            "x": 4654,
            "y": 2485
          },
          {
            "x": 4652,
            "y": 2485
          },
          {
            "x": 4651,
            "y": 2484
          },
          {
            "x": 4647,
            "y": 2484
          },
          {
            "x": 4646,
            "y": 2485
          },
          {
            "x": 4645,
            "y": 2485
          },
          {
            "x": 4644,
            "y": 2486
          },
          {
            "x": 4641,
            "y": 2486
          },
          {
            "x": 4640,
            "y": 2487
          },
          {
            "x": 4639,
            "y": 2487
          },
          {
            "x": 4638,
            "y": 2488
          },
          {
            "x": 4633,
            "y": 2488
          },
          {
            "x": 4632,
            "y": 2489
          },
          {
            "x": 4626,
            "y": 2489
          },
          {
            "x": 4625,
            "y": 2490
          },
          {
            "x": 4618,
            "y": 2490
          },
          {
            "x": 4617,
            "y": 2489
          },
          {
            "x": 4609,
            "y": 2489
          },
          {
            "x": 4608,
            "y": 2490
          },
          {
            "x": 4605,
            "y": 2490
          },
          {
            "x": 4604,
            "y": 2491
          },
          {
            "x": 4600,
            "y": 2491
          },
          {
            "x": 4599,
            "y": 2492
          },
          {
            "x": 4593,
            "y": 2492
          },
          {
            "x": 4592,
            "y": 2493
          },
          {
            "x": 4584,
            "y": 2493
          },
          {
            "x": 4583,
            "y": 2494
          },
          {
            "x": 4567,
            "y": 2494
          },
          {
            "x": 4566,
            "y": 2495
          },
          {
            "x": 4559,
            "y": 2495
          },
          {
            "x": 4558,
            "y": 2494
          },
          {
            "x": 4555,
            "y": 2494
          },
          {
            "x": 4554,
            "y": 2493
          },
          {
            "x": 4539,
            "y": 2493
          },
          {
            "x": 4538,
            "y": 2494
          },
          {
            "x": 4535,
            "y": 2494
          },
          {
            "x": 4534,
            "y": 2495
          },
          {
            "x": 4531,
            "y": 2495
          },
          {
            "x": 4530,
            "y": 2496
          },
          {
            "x": 4529,
            "y": 2496
          },
          {
            "x": 4528,
            "y": 2497
          },
          {
            "x": 4527,
            "y": 2497
          },
          {
            "x": 4526,
            "y": 2498
          },
          {
            "x": 4525,
            "y": 2498
          },
          {
            "x": 4524,
            "y": 2499
          },
          {
            "x": 4524,
            "y": 2500
          },
          {
            "x": 4523,
            "y": 2501
          },
          {
            "x": 4523,
            "y": 2502
          },
          {
            "x": 4522,
            "y": 2503
          },
          {
            "x": 4522,
            "y": 2505
          },
          {
            "x": 4521,
            "y": 2506
          },
          {
            "x": 4521,
            "y": 2507
          },
          {
            "x": 4520,
            "y": 2508
          },
          {
            "x": 4520,
            "y": 2509
          },
          {
            "x": 4518,
            "y": 2511
          },
          {
            "x": 4518,
            "y": 2512
          },
          {
            "x": 4517,
            "y": 2513
          },
          {
            "x": 4517,
            "y": 2514
          },
          {
            "x": 4516,
            "y": 2515
          },
          {
            "x": 4516,
            "y": 2517
          },
          {
            "x": 4515,
            "y": 2518
          },
          {
            "x": 4515,
            "y": 2530
          },
          {
            "x": 4516,
            "y": 2531.0
          },
          {
            "x": 4516,
            "y": 2538
          },
          {
            "x": 4517,
            "y": 2539.0
          },
          {
            "x": 4517,
            "y": 2545.0
          },
          {
            "x": 4518,
            "y": 2546
          },
          {
            "x": 4518,
            "y": 2550
          },
          {
            "x": 4519,
            "y": 2551.0
          },
          {
            "x": 4519,
            "y": 2553.0
          },
          {
            "x": 4520,
            "y": 2554
          },
          {
            "x": 4520,
            "y": 2555.0
          },
          {
            "x": 4521,
            "y": 2556
          },
          {
            "x": 4521,
            "y": 2557.0
          },
          {
            "x": 4522,
            "y": 2558
          },
          {
            "x": 4522,
            "y": 2559.0
          },
          {
            "x": 4524,
            "y": 2561.0
          },
          {
            "x": 4524,
            "y": 2562
          },
          {
            "x": 4525,
            "y": 2563.0
          },
          {
            "x": 4525,
            "y": 2564
          },
          {
            "x": 4526,
            "y": 2565.0
          },
          {
            "x": 4526,
            "y": 2566
          },
          {
            "x": 4527,
            "y": 2567.0
          },
          {
            "x": 4527,
            "y": 2568
          },
          {
            "x": 4530,
            "y": 2571.0
          },
          {
            "x": 4531,
            "y": 2571.0
          },
          {
            "x": 4532,
            "y": 2572
          },
          {
            "x": 4534,
            "y": 2572
          },
          {
            "x": 4535,
            "y": 2573.0
          },
          {
            "x": 4538,
            "y": 2573.0
          },
          {
            "x": 4539,
            "y": 2574
          },
          {
            "x": 4542,
            "y": 2574
          },
          {
            "x": 4543,
            "y": 2575.0
          },
          {
            "x": 4548,
            "y": 2575.0
          },
          {
            "x": 4549,
            "y": 2576
          },
          {
            "x": 4553,
            "y": 2576
          },
          {
            "x": 4554,
            "y": 2577.0
          },
          {
            "x": 4582,
            "y": 2577.0
          },
          {
            "x": 4583,
            "y": 2576
          },
          {
            "x": 4594,
            "y": 2576
          },
          {
            "x": 4595,
            "y": 2575.0
          },
          {
            "x": 4605,
            "y": 2575.0
          },
          {
            "x": 4606,
            "y": 2574
          },
          {
            "x": 4616,
            "y": 2574
          },
          {
            "x": 4617,
            "y": 2573.0
          },
          {
            "x": 4623,
            "y": 2573.0
          },
          {
            "x": 4624,
            "y": 2572
          },
          {
            "x": 4628,
            "y": 2572
          },
          {
            "x": 4629,
            "y": 2571.0
          },
          {
            "x": 4635,
            "y": 2571.0
          },
          {
            "x": 4636,
            "y": 2572
          },
          {
            "x": 4639,
            "y": 2572
          },
          {
            "x": 4640,
            "y": 2571.0
          },
          {
            "x": 4649,
            "y": 2571.0
          },
          {
            "x": 4652,
            "y": 2574
          },
          {
            "x": 4653,
            "y": 2574
          },
          {
            "x": 4654,
            "y": 2575.0
          },
          {
            "x": 4658,
            "y": 2575.0
          },
          {
            "x": 4661,
            "y": 2572
          },
          {
            "x": 4661,
            "y": 2571.0
          },
          {
            "x": 4663,
            "y": 2569.0
          },
          {
            "x": 4664,
            "y": 2569.0
          },
          {
            "x": 4665,
            "y": 2568
          },
          {
            "x": 4668,
            "y": 2568
          },
          {
            "x": 4669,
            "y": 2567.0
          },
          {
            "x": 4674,
            "y": 2567.0
          },
          {
            "x": 4675,
            "y": 2566
          },
          {
            "x": 4679,
            "y": 2566
          },
          {
            "x": 4680,
            "y": 2565.0
          },
          {
            "x": 4682,
            "y": 2565.0
          },
          {
            "x": 4683,
            "y": 2564
          },
          {
            "x": 4685,
            "y": 2564
          },
          {
            "x": 4686,
            "y": 2563.0
          },
          {
            "x": 4688,
            "y": 2563.0
          },
          {
            "x": 4689,
            "y": 2562
          },
          {
            "x": 4690,
            "y": 2562
          },
          {
            "x": 4691,
            "y": 2561.0
          },
          {
            "x": 4692,
            "y": 2561.0
          },
          {
            "x": 4694,
            "y": 2559.0
          },
          {
            "x": 4695,
            "y": 2559.0
          },
          {
            "x": 4696,
            "y": 2558
          },
          {
            "x": 4697,
            "y": 2558
          },
          {
            "x": 4698,
            "y": 2557.0
          },
          {
            "x": 4699,
            "y": 2557.0
          },
          {
            "x": 4701,
            "y": 2555.0
          },
          {
            "x": 4702,
            "y": 2555.0
          },
          {
            "x": 4705,
            "y": 2552
          },
          {
            "x": 4705,
            "y": 2551.0
          },
          {
            "x": 4707,
            "y": 2549.0
          },
          {
            "x": 4707,
            "y": 2547.0
          },
          {
            "x": 4708,
            "y": 2546
          },
          {
            "x": 4708,
            "y": 2545.0
          },
          {
            "x": 4709,
            "y": 2544
          },
          {
            "x": 4709,
            "y": 2541.0
          },
          {
            "x": 4710,
            "y": 2540
          },
          {
            "x": 4710,
            "y": 2537.0
          },
          {
            "x": 4711,
            "y": 2536
          },
          {
            "x": 4711,
            "y": 2520
          },
          {
            "x": 4710,
            "y": 2519
          }
        ]
      }
    },
    {
      "annotator": {
        "email": "order@bex.kg",
        "full_name": "Zhaparova  Nurzhan"
      },
      "name": "Vehicle Polygon ",
      "polygon": {
        "path": [
          {
            "x": 1560,
            "y": 3150
          },
          {
            "x": 1551,
            "y": 3150
          },
          {
            "x": 1550,
            "y": 3151
          },
          {
            "x": 1548,
            "y": 3151
          },
          {
            "x": 1547,
            "y": 3152
          },
          {
            "x": 1544,
            "y": 3152
          },
          {
            "x": 1543,
            "y": 3153
          },
          {
            "x": 1540,
            "y": 3153
          },
          {
            "x": 1539,
            "y": 3154
          },
          {
            "x": 1537,
            "y": 3154
          },
          {
            "x": 1535,
            "y": 3156
          },
          {
            "x": 1534,
            "y": 3156
          },
          {
            "x": 1533,
            "y": 3157
          },
          {
            "x": 1532,
            "y": 3157
          },
          {
            "x": 1531,
            "y": 3158
          },
          {
            "x": 1530,
            "y": 3158
          },
          {
            "x": 1529,
            "y": 3159
          },
          {
            "x": 1528,
            "y": 3159
          },
          {
            "x": 1525,
            "y": 3162
          },
          {
            "x": 1524,
            "y": 3162
          },
          {
            "x": 1519,
            "y": 3167
          },
          {
            "x": 1518,
            "y": 3167
          },
          {
            "x": 1517,
            "y": 3168
          },
          {
            "x": 1517,
            "y": 3169
          },
          {
            "x": 1514,
            "y": 3172
          },
          {
            "x": 1514,
            "y": 3173
          },
          {
            "x": 1513,
            "y": 3174
          },
          {
            "x": 1513,
            "y": 3175
          },
          {
            "x": 1512,
            "y": 3176
          },
          {
            "x": 1512,
            "y": 3177
          },
          {
            "x": 1511,
            "y": 3178
          },
          {
            "x": 1511,
            "y": 3179
          },
          {
            "x": 1510,
            "y": 3180
          },
          {
            "x": 1510,
            "y": 3181
          },
          {
            "x": 1509,
            "y": 3182
          },
          {
            "x": 1509,
            "y": 3187
          },
          {
            "x": 1508,
            "y": 3188
          },
          {
            "x": 1508,
            "y": 3192
          },
          {
            "x": 1507,
            "y": 3193
          },
          {
            "x": 1507,
            "y": 3200
          },
          {
            "x": 1506,
            "y": 3201
          },
          {
            "x": 1506,
            "y": 3210
          },
          {
            "x": 1505,
            "y": 3211
          },
          {
            "x": 1505,
            "y": 3222
          },
          {
            "x": 1504,
            "y": 3223
          },
          {
            "x": 1504,
            "y": 3233
          },
          {
            "x": 1502,
            "y": 3235
          },
          {
            "x": 1501,
            "y": 3235
          },
          {
            "x": 1500,
            "y": 3236
          },
          {
            "x": 1497,
            "y": 3236
          },
          {
            "x": 1496,
            "y": 3237
          },
          {
            "x": 1495,
            "y": 3237
          },
          {
            "x": 1495,
            "y": 3238
          },
          {
            "x": 1494,
            "y": 3239
          },
          {
            "x": 1494,
            "y": 3240
          },
          {
            "x": 1493,
            "y": 3241
          },
          {
            "x": 1493,
            "y": 3243
          },
          {
            "x": 1494,
            "y": 3244
          },
          {
            "x": 1500,
            "y": 3244
          },
          {
            "x": 1502,
            "y": 3246
          },
          {
            "x": 1502,
            "y": 3260
          },
          {
            "x": 1501,
            "y": 3261
          },
          {
            "x": 1501,
            "y": 3263
          },
          {
            "x": 1500,
            "y": 3264
          },
          {
            "x": 1500,
            "y": 3284
          },
          {
            "x": 1499,
            "y": 3285
          },
          {
            "x": 1499,
            "y": 3316
          },
          {
            "x": 1498,
            "y": 3317
          },
          {
            "x": 1498,
            "y": 3325
          },
          {
            "x": 1499,
            "y": 3326
          },
          {
            "x": 1499,
            "y": 3345
          },
          {
            "x": 1498,
            "y": 3346
          },
          {
            "x": 1498,
            "y": 3352
          },
          {
            "x": 1499,
            "y": 3353
          },
          {
            "x": 1499,
            "y": 3361
          },
          {
            "x": 1500,
            "y": 3362
          },
          {
            "x": 1500,
            "y": 3365
          },
          {
            "x": 1501,
            "y": 3366
          },
          {
            "x": 1501,
            "y": 3367
          },
          {
            "x": 1503,
            "y": 3369
          },
          {
            "x": 1503,
            "y": 3370
          },
          {
            "x": 1505,
            "y": 3372
          },
          {
            "x": 1506,
            "y": 3372
          },
          {
            "x": 1507,
            "y": 3373
          },
          {
            "x": 1508,
            "y": 3373
          },
          {
            "x": 1509,
            "y": 3374
          },
          {
            "x": 1510,
            "y": 3374
          },
          {
            "x": 1512,
            "y": 3376
          },
          {
            "x": 1514,
            "y": 3376
          },
          {
            "x": 1515,
            "y": 3377
          },
          {
            "x": 1519,
            "y": 3377
          },
          {
            "x": 1520,
            "y": 3378
          },
          {
            "x": 1524,
            "y": 3378
          },
          {
            "x": 1525,
            "y": 3379
          },
          {
            "x": 1550,
            "y": 3379
          },
          {
            "x": 1551,
            "y": 3378
          },
          {
            "x": 1554,
            "y": 3378
          },
          {
            "x": 1555,
            "y": 3377
          },
          {
            "x": 1559,
            "y": 3377
          },
          {
            "x": 1560,
            "y": 3376
          },
          {
            "x": 1563,
            "y": 3376
          },
          {
            "x": 1564,
            "y": 3375
          },
          {
            "x": 1567,
            "y": 3375
          },
          {
            "x": 1568,
            "y": 3374
          },
          {
            "x": 1570,
            "y": 3374
          },
          {
            "x": 1571,
            "y": 3373
          },
          {
            "x": 1575,
            "y": 3373
          },
          {
            "x": 1576,
            "y": 3372
          },
          {
            "x": 1577,
            "y": 3372
          },
          {
            "x": 1578,
            "y": 3371
          },
          {
            "x": 1579,
            "y": 3371
          },
          {
            "x": 1580,
            "y": 3370
          },
          {
            "x": 1581,
            "y": 3370
          },
          {
            "x": 1581,
            "y": 3369
          },
          {
            "x": 1582,
            "y": 3368
          },
          {
            "x": 1583,
            "y": 3368
          },
          {
            "x": 1585,
            "y": 3366
          },
          {
            "x": 1585,
            "y": 3365
          },
          {
            "x": 1588,
            "y": 3362
          },
          {
            "x": 1588,
            "y": 3361
          },
          {
            "x": 1589,
            "y": 3360
          },
          {
            "x": 1589,
            "y": 3359
          },
          {
            "x": 1591,
            "y": 3357
          },
          {
            "x": 1591,
            "y": 3356
          },
          {
            "x": 1592,
            "y": 3355
          },
          {
            "x": 1592,
            "y": 3352
          },
          {
            "x": 1593,
            "y": 3351
          },
          {
            "x": 1593,
            "y": 3349
          },
          {
            "x": 1594,
            "y": 3348
          },
          {
            "x": 1594,
            "y": 3346
          },
          {
            "x": 1595,
            "y": 3345
          },
          {
            "x": 1595,
            "y": 3327
          },
          {
            "x": 1594,
            "y": 3326
          },
          {
            "x": 1594,
            "y": 3325
          },
          {
            "x": 1593,
            "y": 3324
          },
          {
            "x": 1593,
            "y": 3308
          },
          {
            "x": 1594,
            "y": 3307
          },
          {
            "x": 1594,
            "y": 3300
          },
          {
            "x": 1595,
            "y": 3299
          },
          {
            "x": 1595,
            "y": 3293
          },
          {
            "x": 1596,
            "y": 3292
          },
          {
            "x": 1596,
            "y": 3288
          },
          {
            "x": 1595,
            "y": 3287
          },
          {
            "x": 1595,
            "y": 3281
          },
          {
            "x": 1596,
            "y": 3280
          },
          {
            "x": 1596,
            "y": 3275
          },
          {
            "x": 1597,
            "y": 3274
          },
          {
            "x": 1597,
            "y": 3264
          },
          {
            "x": 1598,
            "y": 3263
          },
          {
            "x": 1598,
            "y": 3258
          },
          {
            "x": 1599,
            "y": 3257
          },
          {
            "x": 1599,
            "y": 3256
          },
          {
            "x": 1600,
            "y": 3255
          },
          {
            "x": 1600,
            "y": 3245
          },
          {
            "x": 1599,
            "y": 3244
          },
          {
            "x": 1599,
            "y": 3229
          },
          {
            "x": 1600,
            "y": 3228
          },
          {
            "x": 1600,
            "y": 3227
          },
          {
            "x": 1601,
            "y": 3226
          },
          {
            "x": 1602,
            "y": 3226
          },
          {
            "x": 1602,
            "y": 3225
          },
          {
            "x": 1603,
            "y": 3224
          },
          {
            "x": 1603,
            "y": 3219
          },
          {
            "x": 1604,
            "y": 3218
          },
          {
            "x": 1604,
            "y": 3216
          },
          {
            "x": 1603,
            "y": 3215
          },
          {
            "x": 1603,
            "y": 3205
          },
          {
            "x": 1602,
            "y": 3204
          },
          {
            "x": 1602,
            "y": 3200
          },
          {
            "x": 1603,
            "y": 3199
          },
          {
            "x": 1603,
            "y": 3197
          },
          {
            "x": 1602,
            "y": 3196
          },
          {
            "x": 1602,
            "y": 3189
          },
          {
            "x": 1600,
            "y": 3187
          },
          {
            "x": 1600,
            "y": 3185
          },
          {
            "x": 1599,
            "y": 3184
          },
          {
            "x": 1599,
            "y": 3183
          },
          {
            "x": 1598,
            "y": 3182
          },
          {
            "x": 1598,
            "y": 3181
          },
          {
            "x": 1597,
            "y": 3180
          },
          {
            "x": 1597,
            "y": 3176
          },
          {
            "x": 1595,
            "y": 3174
          },
          {
            "x": 1595,
            "y": 3172
          },
          {
            "x": 1594,
            "y": 3171
          },
          {
            "x": 1594,
            "y": 3170
          },
          {
            "x": 1593,
            "y": 3169
          },
          {
            "x": 1593,
            "y": 3168
          },
          {
            "x": 1589,
            "y": 3164
          },
          {
            "x": 1589,
            "y": 3163
          },
          {
            "x": 1588,
            "y": 3163
          },
          {
            "x": 1584,
            "y": 3159
          },
          {
            "x": 1583,
            "y": 3159
          },
          {
            "x": 1582,
            "y": 3158
          },
          {
            "x": 1581,
            "y": 3158
          },
          {
            "x": 1580,
            "y": 3157
          },
          {
            "x": 1577,
            "y": 3157
          },
          {
            "x": 1576,
            "y": 3156
          },
          {
            "x": 1574,
            "y": 3156
          },
          {
            "x": 1572,
            "y": 3154
          },
          {
            "x": 1570,
            "y": 3154
          },
          {
            "x": 1569,
            "y": 3153
          },
          {
            "x": 1567,
            "y": 3153
          },
          {
            "x": 1566,
            "y": 3152
          },
          {
            "x": 1563,
            "y": 3152
          },
          {
            "x": 1562,
            "y": 3151
          },
          {
            "x": 1561,
            "y": 3151
          }
        ]
      }
    }
  ]
}