{
  "image": {
    "width": 5472,
    "height": 3648,
    "filename": "00000006.JPG",
    "original_filename": "EP-00-00012_0119_0040.JPG",
    "url": "https://darwin.v7labs.com/api/images/1221685/original?token=352cf892-311a-4ca4-80fd-3f05fb7d64b8",
    "thumbnail_url": "https://darwin.v7labs.com/api/images/1221685/thumbnail?token=352cf892-311a-4ca4-80fd-3f05fb7d64b8",
    "workview_url": "https://darwin.v7labs.com/workview?dataset=1191&image=6"
  },
  "dataset": "Mapping_2",
  "annotated": true,
  "annotations": [
    {
      "annotator": {
        "email": "begimbaeva.s95@gmail.com",
        "full_name": "Saltanat Begimbaeva"
      },
      "name": "Spring Field Polygon ",
      "polygon": {
        "path": [
          {
            "x": -7.5,
            "y": 2329.82
          },
          {
            "x": 1356.13,
            "y": 2177.73
          },
          {
            "x": 2624.87,
            "y": 2024.34
          },
          {
            "x": 3061.65,
            "y": 1960.64
          },
          {
            "x": 3371.03,
            "y": 1915.14
          },
          {
            "x": 3144.84,
            "y": 10.74
          },
          {
            "x": 4199.09,
            "y": -4.86
          },
          {
            "x": 5246.84,
            "y": 5.54
          },
          {
            "x": 5463.93,
            "y": 5.54
          },
          {
            "x": 5467.83,
            "y": 2115.34
          },
          {
            "x": 5482.13,
            "y": 3125.57
          },
          {
            "x": 5473.03,
            "y": 3662.26
          },
          {
            "x": 4362.89,
            "y": 3662.26
          },
          {
            "x": 3325.54,
            "y": 3662.26
          },
          {
            "x": 1569.32,
            "y": 3653.16
          },
          {
            "x": 6.79,
            "y": 3642.76
          }
        ]
      }
    }
  ]
}