{
  "image": {
    "width": 5472,
    "height": 3648,
    "filename": "00000015.JPG",
    "original_filename": "EP-00-00012_0119_0075.JPG",
    "url": "https://darwin.v7labs.com/api/images/1221741/original?token=b19ef416-03ed-4ae6-a438-a83286cfedf7",
    "thumbnail_url": "https://darwin.v7labs.com/api/images/1221741/thumbnail?token=b19ef416-03ed-4ae6-a438-a83286cfedf7",
    "workview_url": "https://darwin.v7labs.com/workview?dataset=1192&image=15"
  },
  "dataset": "Mapping_3",
  "annotated": true,
  "annotations": [
    {
      "annotator": {
        "email": "corporate@bex.kg",
        "full_name": "Aizada Tynchybek kyzy"
      },
      "name": "Spring field Polygon ",
      "polygon": {
        "path": [
          {
            "x": 21.21,
            "y": 10.6
          },
          {
            "x": 5450.79,
            "y": 10.6
          },
          {
            "x": 5450.79,
            "y": 3388.19
          },
          {
            "x": 4035.07,
            "y": 3642.7
          },
          {
            "x": 21.21,
            "y": 3632.09
          }
        ]
      }
    }
  ]
}