{
  "image": {
    "width": 5472,
    "height": 3648,
    "filename": "00000057.JPG",
    "original_filename": "EP-00-00012_0119_0014.JPG",
    "url": "https://darwin.v7labs.com/api/images/1221658/original?token=43ffe058-ebd2-4afa-8955-89cf45e925a6",
    "thumbnail_url": "https://darwin.v7labs.com/api/images/1221658/thumbnail?token=43ffe058-ebd2-4afa-8955-89cf45e925a6",
    "workview_url": "https://darwin.v7labs.com/workview?dataset=1190&image=57"
  },
  "dataset": "Mapping_1",
  "annotated": true,
  "annotations": [
    {
      "annotator": {
        "email": "order@bex.kg",
        "full_name": "Zhaparova  Nurzhan"
      },
      "name": "Road ",
      "polygon": {
        "path": [
          {
            "x": 1237.71,
            "y": 0
          },
          {
            "x": 1121.9,
            "y": 115.81
          },
          {
            "x": 998.86,
            "y": 173.71
          },
          {
            "x": 716.57,
            "y": 173.71
          },
          {
            "x": 448.76,
            "y": 180.95
          },
          {
            "x": 0.0,
            "y": 159.24
          },
          {
            "x": 0.0,
            "y": 304.0
          },
          {
            "x": 159.24,
            "y": 311.24
          },
          {
            "x": 325.71,
            "y": 304.0
          },
          {
            "x": 492.19,
            "y": 304.0
          },
          {
            "x": 658.67,
            "y": 325.71
          },
          {
            "x": 861.33,
            "y": 398.1
          },
          {
            "x": 962.67,
            "y": 484.95
          },
          {
            "x": 1020.57,
            "y": 629.71
          },
          {
            "x": 1013.33,
            "y": 803.43
          },
          {
            "x": 919.24,
            "y": 1071.24
          },
          {
            "x": 774.48,
            "y": 1606.86
          },
          {
            "x": 644.19,
            "y": 2091.81
          },
          {
            "x": 448.76,
            "y": 2830.1
          },
          {
            "x": 361.9,
            "y": 3199.24
          },
          {
            "x": 311.24,
            "y": 3271.62
          },
          {
            "x": 304.0,
            "y": 3372.95
          },
          {
            "x": 238.86,
            "y": 3628.7
          },
          {
            "x": 744.05,
            "y": 3651.45
          },
          {
            "x": 780.98,
            "y": 3474.19
          },
          {
            "x": 825.29,
            "y": 3215.68
          },
          {
            "x": 913.92,
            "y": 2875.94
          },
          {
            "x": 1024.71,
            "y": 2403.24
          },
          {
            "x": 1105.95,
            "y": 2063.5
          },
          {
            "x": 1253.67,
            "y": 1273.22
          },
          {
            "x": 1371.84,
            "y": 615.88
          },
          {
            "x": 1533.22,
            "y": 1.25
          }
        ]
      }
    },
    {
      "annotator": {
        "email": "order@bex.kg",
        "full_name": "Zhaparova  Nurzhan"
      },
      "bounding_box": {
        "h": 228.88,
        "w": 125.88,
        "x": 4898.22,
        "y": 306.96
      },
      "name": "Vehicle "
    },
    {
      "annotator": {
        "email": "order@bex.kg",
        "full_name": "Zhaparova  Nurzhan"
      },
      "bounding_box": {
        "h": 198.36,
        "w": 110.63,
        "x": 4989.77,
        "y": 821.94
      },
      "name": "Vehicle "
    },
    {
      "annotator": {
        "email": "order@bex.kg",
        "full_name": "Zhaparova  Nurzhan"
      },
      "bounding_box": {
        "h": 225.06,
        "w": 129.7,
        "x": 5012.66,
        "y": 1096.59
      },
      "name": "Vehicle "
    },
    {
      "annotator": {
        "email": "order@bex.kg",
        "full_name": "Zhaparova  Nurzhan"
      },
      "bounding_box": {
        "h": 267.03,
        "w": 122.07,
        "x": 5058.44,
        "y": 1397.95
      },
      "name": "Vehicle "
    },
    {
      "annotator": {
        "email": "order@bex.kg",
        "full_name": "Zhaparova  Nurzhan"
      },
      "bounding_box": {
        "h": 202.18,
        "w": 133.51,
        "x": 5081.32,
        "y": 1729.82
      },
      "name": "Vehicle "
    },
    {
      "annotator": {
        "email": "order@bex.kg",
        "full_name": "Zhaparova  Nurzhan"
      },
      "bounding_box": {
        "h": 198.36,
        "w": 133.51,
        "x": 5127.1,
        "y": 1947.26
      },
      "name": "Vehicle "
    },
    {
      "annotator": {
        "email": "order@bex.kg",
        "full_name": "Zhaparova  Nurzhan"
      },
      "bounding_box": {
        "h": 103.0,
        "w": 137.33,
        "x": 5336.91,
        "y": 493.88
      },
      "name": "Vehicle "
    },
    {
      "annotator": {
        "email": "order@bex.kg",
        "full_name": "Zhaparova  Nurzhan"
      },
      "bounding_box": {
        "h": 129.64,
        "w": 154.46,
        "x": 5318.01,
        "y": 238.89
      },
      "name": "Vehicle "
    },
    {
      "annotator": {
        "email": "order@bex.kg",
        "full_name": "Zhaparova  Nurzhan"
      },
      "bounding_box": {
        "h": 103.2,
        "w": 86.78,
        "x": 5384.9,
        "y": 856.71
      },
      "name": "Vehicle "
    },
    {
      "annotator": {
        "email": "order@bex.kg",
        "full_name": "Zhaparova  Nurzhan"
      },
      "bounding_box": {
        "h": 271.47,
        "w": 155.12,
        "x": 5246.94,
        "y": 3036.76
      },
      "name": "Vehicle "
    },
    {
      "annotator": {
        "email": "order@bex.kg",
        "full_name": "Zhaparova  Nurzhan"
      },
      "bounding_box": {
        "h": 227.15,
        "w": 160.67,
        "x": 5307.88,
        "y": 3419.04
      },
      "name": "Vehicle "
    },
    {
      "annotator": {
        "email": "order@bex.kg",
        "full_name": "Zhaparova  Nurzhan"
      },
      "bounding_box": {
        "h": 310.2,
        "w": 413.61,
        "x": 915.19,
        "y": 2833.81
      },
      "name": "Tree "
    },
    {
      "annotator": {
        "email": "order@bex.kg",
        "full_name": "Zhaparova  Nurzhan"
      },
      "bounding_box": {
        "h": 531.78,
        "w": 361.9,
        "x": 1328.79,
        "y": 1807.19
      },
      "name": "Tree "
    },
    {
      "annotator": {
        "email": "order@bex.kg",
        "full_name": "Zhaparova  Nurzhan"
      },
      "bounding_box": {
        "h": 347.13,
        "w": 324.98,
        "x": 1579.91,
        "y": 1179.39
      },
      "name": "Tree "
    },
    {
      "annotator": {
        "email": "order@bex.kg",
        "full_name": "Zhaparova  Nurzhan"
      },
      "bounding_box": {
        "h": 413.61,
        "w": 517.01,
        "x": 4896.14,
        "y": 2242.95
      },
      "name": "Tree "
    },
    {
      "annotator": {
        "email": "order@bex.kg",
        "full_name": "Zhaparova  Nurzhan"
      },
      "bounding_box": {
        "h": 413.61,
        "w": 398.83,
        "x": 4763.2,
        "y": 2538.38
      },
      "name": "Tree "
    },
    {
      "annotator": {
        "email": "order@bex.kg",
        "full_name": "Zhaparova  Nurzhan"
      },
      "bounding_box": {
        "h": 332.36,
        "w": 354.52,
        "x": 4667.18,
        "y": 802.71
      },
      "name": "Tree "
    }
  ]
}