{
  "image": {
    "width": 1125,
    "height": 1500,
    "filename": "00000044.jpeg",
    "original_filename": "pexels-photo-723465.jpeg",
    "url": "https://darwin.v7labs.com/api/images/1221723/original?token=352cf892-311a-4ca4-80fd-3f05fb7d64b8",
    "thumbnail_url": "https://darwin.v7labs.com/api/images/1221723/thumbnail?token=352cf892-311a-4ca4-80fd-3f05fb7d64b8",
    "workview_url": "https://darwin.v7labs.com/workview?dataset=1191&image=44"
  },
  "dataset": "Mapping_2",
  "annotated": true,
  "annotations": [
    {
      "annotator": {
        "email": "begimbaeva.s95@gmail.com",
        "full_name": "Saltanat Begimbaeva"
      },
      "bounding_box": {
        "h": 64.63,
        "w": 25.28,
        "x": 525.51,
        "y": 949.49
      },
      "name": "Person "
    },
    {
      "annotator": {
        "email": "begimbaeva.s95@gmail.com",
        "full_name": "Saltanat Begimbaeva"
      },
      "bounding_box": {
        "h": 60.79,
        "w": 27.19,
        "x": 504.07,
        "y": 978.6
      },
      "name": "Person "
    },
    {
      "annotator": {
        "email": "begimbaeva.s95@gmail.com",
        "full_name": "Saltanat Begimbaeva"
      },
      "auto_annotate": {
        "bbox": {
          "x1": -100.35,
          "x2": 207.65,
          "y1": -347.6,
          "y2": 273.4
        },
        "clicks": [
          {
            "type": "remove",
            "x": 98.46,
            "y": 153.88
          },
          {
            "type": "add",
            "x": 88.34,
            "y": 54.72
          }
        ],
        "model": "145e8155-b48e-4be2-9c41-8f930ae1daee"
      },
      "name": "Tree Polygon ",
      "polygon": {
        "path": [
          {
            "x": 14.0,
            "y": 846
          },
          {
            "x": 2.0,
            "y": 846
          },
          {
            "x": 2.0,
            "y": 847
          },
          {
            "x": 0,
            "y": 849
          },
          {
            "x": 0,
            "y": 1104
          },
          {
            "x": 1.0,
            "y": 1105
          },
          {
            "x": 0,
            "y": 1106
          },
          {
            "x": 0,
            "y": 1369
          },
          {
            "x": 1.0,
            "y": 1370
          },
          {
            "x": 1.0,
            "y": 1374
          },
          {
            "x": 2.0,
            "y": 1375
          },
          {
            "x": 2.0,
            "y": 1377
          },
          {
            "x": 3.0,
            "y": 1378
          },
          {
            "x": 3.0,
            "y": 1379
          },
          {
            "x": 5.0,
            "y": 1379
          },
          {
            "x": 5.0,
            "y": 1378
          },
          {
            "x": 6.0,
            "y": 1377
          },
          {
            "x": 6.0,
            "y": 1375
          },
          {
            "x": 7.0,
            "y": 1374
          },
          {
            "x": 7.0,
            "y": 1370
          },
          {
            "x": 8.0,
            "y": 1369
          },
          {
            "x": 8.0,
            "y": 1368
          },
          {
            "x": 10.0,
            "y": 1366.0
          },
          {
            "x": 12.0,
            "y": 1366.0
          },
          {
            "x": 13.0,
            "y": 1365
          },
          {
            "x": 13.0,
            "y": 1364
          },
          {
            "x": 14.0,
            "y": 1363
          },
          {
            "x": 17.0,
            "y": 1363
          },
          {
            "x": 19.0,
            "y": 1361
          },
          {
            "x": 20.0,
            "y": 1362
          },
          {
            "x": 20.0,
            "y": 1363
          },
          {
            "x": 21.0,
            "y": 1364
          },
          {
            "x": 21.0,
            "y": 1365
          },
          {
            "x": 22.0,
            "y": 1366.0
          },
          {
            "x": 37.0,
            "y": 1366.0
          },
          {
            "x": 38.0,
            "y": 1367
          },
          {
            "x": 41,
            "y": 1367
          },
          {
            "x": 42.0,
            "y": 1368
          },
          {
            "x": 49.0,
            "y": 1368
          },
          {
            "x": 50.0,
            "y": 1367
          },
          {
            "x": 52.0,
            "y": 1367
          },
          {
            "x": 53.0,
            "y": 1366.0
          },
          {
            "x": 60.0,
            "y": 1366.0
          },
          {
            "x": 61.0,
            "y": 1367
          },
          {
            "x": 62.0,
            "y": 1367
          },
          {
            "x": 63.0,
            "y": 1366.0
          },
          {
            "x": 64.0,
            "y": 1366.0
          },
          {
            "x": 65.0,
            "y": 1365
          },
          {
            "x": 65.0,
            "y": 1364
          },
          {
            "x": 67.0,
            "y": 1362
          },
          {
            "x": 67.0,
            "y": 1361
          },
          {
            "x": 68.0,
            "y": 1360
          },
          {
            "x": 69.0,
            "y": 1360
          },
          {
            "x": 69.0,
            "y": 1359
          },
          {
            "x": 72.0,
            "y": 1356
          },
          {
            "x": 75.0,
            "y": 1356
          },
          {
            "x": 76.0,
            "y": 1355
          },
          {
            "x": 78.0,
            "y": 1355
          },
          {
            "x": 80.0,
            "y": 1357
          },
          {
            "x": 81.0,
            "y": 1357
          },
          {
            "x": 82,
            "y": 1358
          },
          {
            "x": 84.0,
            "y": 1356
          },
          {
            "x": 85.0,
            "y": 1356
          },
          {
            "x": 86,
            "y": 1355
          },
          {
            "x": 89.0,
            "y": 1355
          },
          {
            "x": 90,
            "y": 1354
          },
          {
            "x": 91.0,
            "y": 1354
          },
          {
            "x": 92.0,
            "y": 1355
          },
          {
            "x": 95.0,
            "y": 1355
          },
          {
            "x": 96.0,
            "y": 1356
          },
          {
            "x": 97.0,
            "y": 1355
          },
          {
            "x": 101.0,
            "y": 1355
          },
          {
            "x": 103.0,
            "y": 1357
          },
          {
            "x": 103.0,
            "y": 1358
          },
          {
            "x": 104.0,
            "y": 1358
          },
          {
            "x": 105.0,
            "y": 1359
          },
          {
            "x": 105.0,
            "y": 1360
          },
          {
            "x": 106.0,
            "y": 1361
          },
          {
            "x": 107.0,
            "y": 1361
          },
          {
            "x": 109.0,
            "y": 1363
          },
          {
            "x": 111.0,
            "y": 1363
          },
          {
            "x": 112.0,
            "y": 1364
          },
          {
            "x": 112.0,
            "y": 1365
          },
          {
            "x": 116.0,
            "y": 1365
          },
          {
            "x": 116.0,
            "y": 1364
          },
          {
            "x": 120.0,
            "y": 1360
          },
          {
            "x": 120.0,
            "y": 1359
          },
          {
            "x": 121.0,
            "y": 1358
          },
          {
            "x": 122.0,
            "y": 1358
          },
          {
            "x": 126.0,
            "y": 1354
          },
          {
            "x": 128.0,
            "y": 1354
          },
          {
            "x": 128.0,
            "y": 1353
          },
          {
            "x": 130.0,
            "y": 1351
          },
          {
            "x": 135.0,
            "y": 1351
          },
          {
            "x": 135.0,
            "y": 1345
          },
          {
            "x": 134.0,
            "y": 1344
          },
          {
            "x": 134.0,
            "y": 1340
          },
          {
            "x": 135.0,
            "y": 1339
          },
          {
            "x": 135.0,
            "y": 1337
          },
          {
            "x": 136.0,
            "y": 1336
          },
          {
            "x": 136.0,
            "y": 1334
          },
          {
            "x": 138.0,
            "y": 1332
          },
          {
            "x": 146.0,
            "y": 1332
          },
          {
            "x": 147.0,
            "y": 1333
          },
          {
            "x": 149.0,
            "y": 1333
          },
          {
            "x": 150.0,
            "y": 1334
          },
          {
            "x": 152.0,
            "y": 1334
          },
          {
            "x": 153.0,
            "y": 1335
          },
          {
            "x": 153.0,
            "y": 1336
          },
          {
            "x": 154.0,
            "y": 1336
          },
          {
            "x": 154.0,
            "y": 1335
          },
          {
            "x": 155.0,
            "y": 1334
          },
          {
            "x": 158.0,
            "y": 1334
          },
          {
            "x": 162.0,
            "y": 1330
          },
          {
            "x": 163.0,
            "y": 1330
          },
          {
            "x": 163.0,
            "y": 1329
          },
          {
            "x": 164,
            "y": 1328
          },
          {
            "x": 164,
            "y": 1327
          },
          {
            "x": 166.0,
            "y": 1325
          },
          {
            "x": 166.0,
            "y": 1324
          },
          {
            "x": 168,
            "y": 1322
          },
          {
            "x": 169.0,
            "y": 1322
          },
          {
            "x": 169.0,
            "y": 1318
          },
          {
            "x": 170.0,
            "y": 1317
          },
          {
            "x": 170.0,
            "y": 1316
          },
          {
            "x": 169.0,
            "y": 1315
          },
          {
            "x": 169.0,
            "y": 1312
          },
          {
            "x": 168,
            "y": 1312
          },
          {
            "x": 165.0,
            "y": 1309
          },
          {
            "x": 165.0,
            "y": 1305
          },
          {
            "x": 166.0,
            "y": 1304
          },
          {
            "x": 167.0,
            "y": 1304
          },
          {
            "x": 168,
            "y": 1303
          },
          {
            "x": 169.0,
            "y": 1303
          },
          {
            "x": 169.0,
            "y": 1300
          },
          {
            "x": 170.0,
            "y": 1299
          },
          {
            "x": 170.0,
            "y": 1298
          },
          {
            "x": 171.0,
            "y": 1297
          },
          {
            "x": 171.0,
            "y": 1296
          },
          {
            "x": 172,
            "y": 1295
          },
          {
            "x": 172,
            "y": 1293
          },
          {
            "x": 173.0,
            "y": 1292
          },
          {
            "x": 174.0,
            "y": 1292
          },
          {
            "x": 175.0,
            "y": 1291
          },
          {
            "x": 176,
            "y": 1291
          },
          {
            "x": 177.0,
            "y": 1290
          },
          {
            "x": 180,
            "y": 1290
          },
          {
            "x": 180,
            "y": 1289
          },
          {
            "x": 181.0,
            "y": 1288
          },
          {
            "x": 188.0,
            "y": 1288
          },
          {
            "x": 188.0,
            "y": 1279
          },
          {
            "x": 189.0,
            "y": 1278
          },
          {
            "x": 189.0,
            "y": 1276
          },
          {
            "x": 191.0,
            "y": 1274
          },
          {
            "x": 193.0,
            "y": 1274
          },
          {
            "x": 193.0,
            "y": 1273
          },
          {
            "x": 194.0,
            "y": 1272
          },
          {
            "x": 194.0,
            "y": 1270
          },
          {
            "x": 195.0,
            "y": 1269
          },
          {
            "x": 195.0,
            "y": 1268
          },
          {
            "x": 196.0,
            "y": 1267
          },
          {
            "x": 198.0,
            "y": 1267
          },
          {
            "x": 199.0,
            "y": 1266
          },
          {
            "x": 199.0,
            "y": 1265
          },
          {
            "x": 200.0,
            "y": 1264
          },
          {
            "x": 200.0,
            "y": 1263
          },
          {
            "x": 202.0,
            "y": 1261
          },
          {
            "x": 202.0,
            "y": 1259
          },
          {
            "x": 203,
            "y": 1258
          },
          {
            "x": 205.0,
            "y": 1258
          },
          {
            "x": 206.0,
            "y": 1257
          },
          {
            "x": 209.0,
            "y": 1257
          },
          {
            "x": 210.0,
            "y": 1256
          },
          {
            "x": 211,
            "y": 1256
          },
          {
            "x": 212.0,
            "y": 1255
          },
          {
            "x": 212.0,
            "y": 1254
          },
          {
            "x": 213.0,
            "y": 1253
          },
          {
            "x": 215,
            "y": 1253
          },
          {
            "x": 217.0,
            "y": 1251
          },
          {
            "x": 218.0,
            "y": 1251
          },
          {
            "x": 220.0,
            "y": 1249
          },
          {
            "x": 221.0,
            "y": 1249
          },
          {
            "x": 221.0,
            "y": 1248
          },
          {
            "x": 224.0,
            "y": 1245
          },
          {
            "x": 224.0,
            "y": 1239
          },
          {
            "x": 223,
            "y": 1238
          },
          {
            "x": 223,
            "y": 1235
          },
          {
            "x": 226.0,
            "y": 1232
          },
          {
            "x": 230.0,
            "y": 1232
          },
          {
            "x": 232.0,
            "y": 1234
          },
          {
            "x": 234.0,
            "y": 1234
          },
          {
            "x": 235.0,
            "y": 1235
          },
          {
            "x": 235.0,
            "y": 1237.0
          },
          {
            "x": 235.0,
            "y": 1236
          },
          {
            "x": 236.0,
            "y": 1235
          },
          {
            "x": 239.0,
            "y": 1235
          },
          {
            "x": 240.0,
            "y": 1234
          },
          {
            "x": 240.0,
            "y": 1230
          },
          {
            "x": 239.0,
            "y": 1229
          },
          {
            "x": 237.0,
            "y": 1229
          },
          {
            "x": 236.0,
            "y": 1228
          },
          {
            "x": 236.0,
            "y": 1225
          },
          {
            "x": 235.0,
            "y": 1224
          },
          {
            "x": 235.0,
            "y": 1223
          },
          {
            "x": 234.0,
            "y": 1222
          },
          {
            "x": 234.0,
            "y": 1221
          },
          {
            "x": 233.0,
            "y": 1220
          },
          {
            "x": 233.0,
            "y": 1218
          },
          {
            "x": 232.0,
            "y": 1218
          },
          {
            "x": 231.0,
            "y": 1217
          },
          {
            "x": 231.0,
            "y": 1216
          },
          {
            "x": 230.0,
            "y": 1215
          },
          {
            "x": 230.0,
            "y": 1212
          },
          {
            "x": 229.0,
            "y": 1211
          },
          {
            "x": 229.0,
            "y": 1203
          },
          {
            "x": 228.0,
            "y": 1202
          },
          {
            "x": 228.0,
            "y": 1198
          },
          {
            "x": 227.0,
            "y": 1197
          },
          {
            "x": 227.0,
            "y": 1195
          },
          {
            "x": 226.0,
            "y": 1195
          },
          {
            "x": 224.0,
            "y": 1193
          },
          {
            "x": 224.0,
            "y": 1192
          },
          {
            "x": 223,
            "y": 1191
          },
          {
            "x": 223,
            "y": 1189
          },
          {
            "x": 222.0,
            "y": 1188
          },
          {
            "x": 222.0,
            "y": 1186
          },
          {
            "x": 223,
            "y": 1185
          },
          {
            "x": 223,
            "y": 1184
          },
          {
            "x": 224.0,
            "y": 1183
          },
          {
            "x": 228.0,
            "y": 1183
          },
          {
            "x": 229.0,
            "y": 1184
          },
          {
            "x": 229.0,
            "y": 1185
          },
          {
            "x": 231.0,
            "y": 1185
          },
          {
            "x": 232.0,
            "y": 1186
          },
          {
            "x": 235.0,
            "y": 1186
          },
          {
            "x": 236.0,
            "y": 1187
          },
          {
            "x": 237.0,
            "y": 1187
          },
          {
            "x": 238.0,
            "y": 1188
          },
          {
            "x": 239.0,
            "y": 1188
          },
          {
            "x": 240.0,
            "y": 1189
          },
          {
            "x": 241.0,
            "y": 1189
          },
          {
            "x": 242.0,
            "y": 1190
          },
          {
            "x": 242.0,
            "y": 1191
          },
          {
            "x": 243.0,
            "y": 1192
          },
          {
            "x": 243.0,
            "y": 1193
          },
          {
            "x": 244.0,
            "y": 1193
          },
          {
            "x": 246,
            "y": 1195
          },
          {
            "x": 246,
            "y": 1196
          },
          {
            "x": 247.0,
            "y": 1197
          },
          {
            "x": 247.0,
            "y": 1198
          },
          {
            "x": 249.0,
            "y": 1200
          },
          {
            "x": 250,
            "y": 1200
          },
          {
            "x": 251.0,
            "y": 1201
          },
          {
            "x": 251.0,
            "y": 1202
          },
          {
            "x": 252.0,
            "y": 1202
          },
          {
            "x": 253.0,
            "y": 1203
          },
          {
            "x": 254,
            "y": 1203
          },
          {
            "x": 255.0,
            "y": 1204
          },
          {
            "x": 256.0,
            "y": 1204
          },
          {
            "x": 259.0,
            "y": 1207
          },
          {
            "x": 259.0,
            "y": 1208
          },
          {
            "x": 260.0,
            "y": 1208
          },
          {
            "x": 261.0,
            "y": 1209
          },
          {
            "x": 262,
            "y": 1209
          },
          {
            "x": 264.0,
            "y": 1211
          },
          {
            "x": 266,
            "y": 1211
          },
          {
            "x": 266,
            "y": 1210
          },
          {
            "x": 267.0,
            "y": 1209
          },
          {
            "x": 268.0,
            "y": 1209
          },
          {
            "x": 268.0,
            "y": 1207
          },
          {
            "x": 269.0,
            "y": 1206
          },
          {
            "x": 268.0,
            "y": 1205
          },
          {
            "x": 268.0,
            "y": 1198
          },
          {
            "x": 267.0,
            "y": 1198
          },
          {
            "x": 266,
            "y": 1197
          },
          {
            "x": 266,
            "y": 1190
          },
          {
            "x": 265.0,
            "y": 1189
          },
          {
            "x": 265.0,
            "y": 1184
          },
          {
            "x": 264.0,
            "y": 1183
          },
          {
            "x": 264.0,
            "y": 1182
          },
          {
            "x": 267.0,
            "y": 1179
          },
          {
            "x": 268.0,
            "y": 1179
          },
          {
            "x": 268.0,
            "y": 1178
          },
          {
            "x": 269.0,
            "y": 1177
          },
          {
            "x": 270,
            "y": 1177
          },
          {
            "x": 271.0,
            "y": 1176
          },
          {
            "x": 272.0,
            "y": 1176
          },
          {
            "x": 273.0,
            "y": 1175
          },
          {
            "x": 274,
            "y": 1175
          },
          {
            "x": 275.0,
            "y": 1174
          },
          {
            "x": 275.0,
            "y": 1171
          },
          {
            "x": 276.0,
            "y": 1170
          },
          {
            "x": 276.0,
            "y": 1168
          },
          {
            "x": 275.0,
            "y": 1167
          },
          {
            "x": 275.0,
            "y": 1164
          },
          {
            "x": 274,
            "y": 1163
          },
          {
            "x": 274,
            "y": 1160
          },
          {
            "x": 273.0,
            "y": 1160
          },
          {
            "x": 272.0,
            "y": 1159
          },
          {
            "x": 272.0,
            "y": 1157
          },
          {
            "x": 271.0,
            "y": 1156
          },
          {
            "x": 271.0,
            "y": 1152
          },
          {
            "x": 270,
            "y": 1151
          },
          {
            "x": 270,
            "y": 1147
          },
          {
            "x": 271.0,
            "y": 1146
          },
          {
            "x": 271.0,
            "y": 1139
          },
          {
            "x": 272.0,
            "y": 1138
          },
          {
            "x": 283.0,
            "y": 1138
          },
          {
            "x": 283.0,
            "y": 1137
          },
          {
            "x": 284.0,
            "y": 1136
          },
          {
            "x": 287.0,
            "y": 1136
          },
          {
            "x": 288.0,
            "y": 1135
          },
          {
            "x": 291.0,
            "y": 1135
          },
          {
            "x": 292.0,
            "y": 1134
          },
          {
            "x": 292.0,
            "y": 1130
          },
          {
            "x": 291.0,
            "y": 1129
          },
          {
            "x": 291.0,
            "y": 1128
          },
          {
            "x": 290.0,
            "y": 1128
          },
          {
            "x": 289,
            "y": 1127
          },
          {
            "x": 289,
            "y": 1124
          },
          {
            "x": 288.0,
            "y": 1123
          },
          {
            "x": 288.0,
            "y": 1120
          },
          {
            "x": 286.0,
            "y": 1118
          },
          {
            "x": 286.0,
            "y": 1117
          },
          {
            "x": 285,
            "y": 1116
          },
          {
            "x": 285,
            "y": 1114
          },
          {
            "x": 284.0,
            "y": 1114
          },
          {
            "x": 281,
            "y": 1111
          },
          {
            "x": 281,
            "y": 1110
          },
          {
            "x": 280.0,
            "y": 1110
          },
          {
            "x": 279.0,
            "y": 1109
          },
          {
            "x": 279.0,
            "y": 1108
          },
          {
            "x": 278.0,
            "y": 1108
          },
          {
            "x": 276.0,
            "y": 1106
          },
          {
            "x": 275.0,
            "y": 1106
          },
          {
            "x": 274,
            "y": 1105
          },
          {
            "x": 272.0,
            "y": 1105
          },
          {
            "x": 271.0,
            "y": 1104
          },
          {
            "x": 270,
            "y": 1104
          },
          {
            "x": 269.0,
            "y": 1103
          },
          {
            "x": 269.0,
            "y": 1102
          },
          {
            "x": 268.0,
            "y": 1101
          },
          {
            "x": 267.0,
            "y": 1101
          },
          {
            "x": 263.0,
            "y": 1097
          },
          {
            "x": 263.0,
            "y": 1096
          },
          {
            "x": 262,
            "y": 1095
          },
          {
            "x": 261.0,
            "y": 1095
          },
          {
            "x": 260.0,
            "y": 1094
          },
          {
            "x": 259.0,
            "y": 1094
          },
          {
            "x": 258,
            "y": 1093
          },
          {
            "x": 255.0,
            "y": 1093
          },
          {
            "x": 254,
            "y": 1092
          },
          {
            "x": 251.0,
            "y": 1092
          },
          {
            "x": 250,
            "y": 1091
          },
          {
            "x": 250,
            "y": 1090
          },
          {
            "x": 247.0,
            "y": 1090
          },
          {
            "x": 246,
            "y": 1089
          },
          {
            "x": 242.0,
            "y": 1089
          },
          {
            "x": 241.0,
            "y": 1088
          },
          {
            "x": 237.0,
            "y": 1088
          },
          {
            "x": 236.0,
            "y": 1087
          },
          {
            "x": 231.0,
            "y": 1087
          },
          {
            "x": 230.0,
            "y": 1086
          },
          {
            "x": 230.0,
            "y": 1085
          },
          {
            "x": 226.0,
            "y": 1085
          },
          {
            "x": 225.0,
            "y": 1084
          },
          {
            "x": 223,
            "y": 1084
          },
          {
            "x": 221.0,
            "y": 1082
          },
          {
            "x": 219,
            "y": 1082
          },
          {
            "x": 217.0,
            "y": 1080
          },
          {
            "x": 217.0,
            "y": 1079
          },
          {
            "x": 215,
            "y": 1077
          },
          {
            "x": 213.0,
            "y": 1077
          },
          {
            "x": 212.0,
            "y": 1076
          },
          {
            "x": 202.0,
            "y": 1076
          },
          {
            "x": 201.0,
            "y": 1077
          },
          {
            "x": 197.0,
            "y": 1077
          },
          {
            "x": 197.0,
            "y": 1080
          },
          {
            "x": 198.0,
            "y": 1080
          },
          {
            "x": 199.0,
            "y": 1081
          },
          {
            "x": 199.0,
            "y": 1082
          },
          {
            "x": 198.0,
            "y": 1083
          },
          {
            "x": 197.0,
            "y": 1083
          },
          {
            "x": 196.0,
            "y": 1084
          },
          {
            "x": 195.0,
            "y": 1083
          },
          {
            "x": 188.0,
            "y": 1083
          },
          {
            "x": 187.0,
            "y": 1084
          },
          {
            "x": 185.0,
            "y": 1084
          },
          {
            "x": 184.0,
            "y": 1085
          },
          {
            "x": 184.0,
            "y": 1086
          },
          {
            "x": 183.0,
            "y": 1087
          },
          {
            "x": 181.0,
            "y": 1087
          },
          {
            "x": 180,
            "y": 1088
          },
          {
            "x": 177.0,
            "y": 1088
          },
          {
            "x": 176,
            "y": 1089
          },
          {
            "x": 172,
            "y": 1089
          },
          {
            "x": 171.0,
            "y": 1090
          },
          {
            "x": 168,
            "y": 1090
          },
          {
            "x": 168,
            "y": 1091
          },
          {
            "x": 163.0,
            "y": 1096
          },
          {
            "x": 161.0,
            "y": 1096
          },
          {
            "x": 161.0,
            "y": 1097
          },
          {
            "x": 160.0,
            "y": 1098
          },
          {
            "x": 159.0,
            "y": 1098
          },
          {
            "x": 158.0,
            "y": 1099
          },
          {
            "x": 148.0,
            "y": 1099
          },
          {
            "x": 147.0,
            "y": 1100
          },
          {
            "x": 143.0,
            "y": 1100
          },
          {
            "x": 140.0,
            "y": 1097
          },
          {
            "x": 140.0,
            "y": 1096
          },
          {
            "x": 139.0,
            "y": 1095
          },
          {
            "x": 138.0,
            "y": 1095
          },
          {
            "x": 136.0,
            "y": 1093
          },
          {
            "x": 136.0,
            "y": 1092
          },
          {
            "x": 135.0,
            "y": 1091
          },
          {
            "x": 135.0,
            "y": 1089
          },
          {
            "x": 134.0,
            "y": 1088
          },
          {
            "x": 133,
            "y": 1088
          },
          {
            "x": 132.0,
            "y": 1087
          },
          {
            "x": 132.0,
            "y": 1085
          },
          {
            "x": 131.0,
            "y": 1084
          },
          {
            "x": 131.0,
            "y": 1082
          },
          {
            "x": 130.0,
            "y": 1081
          },
          {
            "x": 130.0,
            "y": 1073
          },
          {
            "x": 131.0,
            "y": 1072
          },
          {
            "x": 131.0,
            "y": 1071
          },
          {
            "x": 133,
            "y": 1069
          },
          {
            "x": 135.0,
            "y": 1069
          },
          {
            "x": 136.0,
            "y": 1068
          },
          {
            "x": 136.0,
            "y": 1067
          },
          {
            "x": 137,
            "y": 1066
          },
          {
            "x": 139.0,
            "y": 1066
          },
          {
            "x": 140.0,
            "y": 1065
          },
          {
            "x": 141.0,
            "y": 1065
          },
          {
            "x": 142.0,
            "y": 1066
          },
          {
            "x": 146.0,
            "y": 1066
          },
          {
            "x": 147.0,
            "y": 1067
          },
          {
            "x": 147.0,
            "y": 1068
          },
          {
            "x": 148.0,
            "y": 1068
          },
          {
            "x": 149.0,
            "y": 1069
          },
          {
            "x": 151.0,
            "y": 1069
          },
          {
            "x": 152.0,
            "y": 1070
          },
          {
            "x": 154.0,
            "y": 1070
          },
          {
            "x": 155.0,
            "y": 1071
          },
          {
            "x": 157.0,
            "y": 1071
          },
          {
            "x": 158.0,
            "y": 1072
          },
          {
            "x": 159.0,
            "y": 1072
          },
          {
            "x": 160.0,
            "y": 1071
          },
          {
            "x": 161.0,
            "y": 1071
          },
          {
            "x": 162.0,
            "y": 1070
          },
          {
            "x": 163.0,
            "y": 1070
          },
          {
            "x": 164,
            "y": 1069
          },
          {
            "x": 165.0,
            "y": 1069
          },
          {
            "x": 166.0,
            "y": 1068
          },
          {
            "x": 166.0,
            "y": 1067
          },
          {
            "x": 167.0,
            "y": 1066
          },
          {
            "x": 169.0,
            "y": 1066
          },
          {
            "x": 170.0,
            "y": 1065
          },
          {
            "x": 175.0,
            "y": 1065
          },
          {
            "x": 177.0,
            "y": 1067
          },
          {
            "x": 177.0,
            "y": 1068
          },
          {
            "x": 177.0,
            "y": 1067
          },
          {
            "x": 178.0,
            "y": 1066
          },
          {
            "x": 178.0,
            "y": 1063
          },
          {
            "x": 179.0,
            "y": 1062
          },
          {
            "x": 180,
            "y": 1062
          },
          {
            "x": 180,
            "y": 1054
          },
          {
            "x": 179.0,
            "y": 1054
          },
          {
            "x": 178.0,
            "y": 1053
          },
          {
            "x": 178.0,
            "y": 1048
          },
          {
            "x": 177.0,
            "y": 1047
          },
          {
            "x": 177.0,
            "y": 1046
          },
          {
            "x": 176,
            "y": 1045
          },
          {
            "x": 176,
            "y": 1043
          },
          {
            "x": 174.0,
            "y": 1041
          },
          {
            "x": 173.0,
            "y": 1041
          },
          {
            "x": 171.0,
            "y": 1039
          },
          {
            "x": 171.0,
            "y": 1038
          },
          {
            "x": 169.0,
            "y": 1036
          },
          {
            "x": 167.0,
            "y": 1036
          },
          {
            "x": 166.0,
            "y": 1035
          },
          {
            "x": 165.0,
            "y": 1035
          },
          {
            "x": 164,
            "y": 1034
          },
          {
            "x": 162.0,
            "y": 1034
          },
          {
            "x": 161.0,
            "y": 1033
          },
          {
            "x": 161.0,
            "y": 1032
          },
          {
            "x": 160.0,
            "y": 1031
          },
          {
            "x": 158.0,
            "y": 1031
          },
          {
            "x": 157.0,
            "y": 1030
          },
          {
            "x": 154.0,
            "y": 1030
          },
          {
            "x": 153.0,
            "y": 1029
          },
          {
            "x": 149.0,
            "y": 1029
          },
          {
            "x": 148.0,
            "y": 1028
          },
          {
            "x": 144.0,
            "y": 1028
          },
          {
            "x": 143.0,
            "y": 1027
          },
          {
            "x": 143.0,
            "y": 1026
          },
          {
            "x": 142.0,
            "y": 1026
          },
          {
            "x": 141.0,
            "y": 1025
          },
          {
            "x": 140.0,
            "y": 1025
          },
          {
            "x": 139.0,
            "y": 1024
          },
          {
            "x": 138.0,
            "y": 1024
          },
          {
            "x": 135.0,
            "y": 1021
          },
          {
            "x": 135.0,
            "y": 1020
          },
          {
            "x": 134.0,
            "y": 1019
          },
          {
            "x": 133,
            "y": 1019
          },
          {
            "x": 132.0,
            "y": 1018
          },
          {
            "x": 132.0,
            "y": 1017
          },
          {
            "x": 131.0,
            "y": 1016
          },
          {
            "x": 131.0,
            "y": 1009
          },
          {
            "x": 132.0,
            "y": 1008
          },
          {
            "x": 132.0,
            "y": 1003
          },
          {
            "x": 131.0,
            "y": 1002
          },
          {
            "x": 131.0,
            "y": 1001
          },
          {
            "x": 130.0,
            "y": 1000
          },
          {
            "x": 130.0,
            "y": 997
          },
          {
            "x": 129,
            "y": 996
          },
          {
            "x": 129,
            "y": 995
          },
          {
            "x": 128.0,
            "y": 994
          },
          {
            "x": 128.0,
            "y": 985
          },
          {
            "x": 126.0,
            "y": 985
          },
          {
            "x": 125,
            "y": 984
          },
          {
            "x": 123.0,
            "y": 984
          },
          {
            "x": 122.0,
            "y": 983
          },
          {
            "x": 117.0,
            "y": 983
          },
          {
            "x": 116.0,
            "y": 982
          },
          {
            "x": 109.0,
            "y": 982
          },
          {
            "x": 108.0,
            "y": 981
          },
          {
            "x": 108.0,
            "y": 980
          },
          {
            "x": 107.0,
            "y": 980
          },
          {
            "x": 104.0,
            "y": 977
          },
          {
            "x": 104.0,
            "y": 976
          },
          {
            "x": 103.0,
            "y": 976
          },
          {
            "x": 102.0,
            "y": 975
          },
          {
            "x": 102.0,
            "y": 974
          },
          {
            "x": 100.0,
            "y": 972
          },
          {
            "x": 100.0,
            "y": 971
          },
          {
            "x": 99.0,
            "y": 970
          },
          {
            "x": 99.0,
            "y": 968
          },
          {
            "x": 98.0,
            "y": 968
          },
          {
            "x": 97.0,
            "y": 967
          },
          {
            "x": 97.0,
            "y": 966
          },
          {
            "x": 96.0,
            "y": 965
          },
          {
            "x": 96.0,
            "y": 964
          },
          {
            "x": 95.0,
            "y": 963
          },
          {
            "x": 95.0,
            "y": 961
          },
          {
            "x": 94.0,
            "y": 960
          },
          {
            "x": 94.0,
            "y": 950
          },
          {
            "x": 95.0,
            "y": 949
          },
          {
            "x": 95.0,
            "y": 948
          },
          {
            "x": 96.0,
            "y": 947
          },
          {
            "x": 96.0,
            "y": 944
          },
          {
            "x": 97.0,
            "y": 943
          },
          {
            "x": 97.0,
            "y": 941
          },
          {
            "x": 96.0,
            "y": 940
          },
          {
            "x": 96.0,
            "y": 937
          },
          {
            "x": 94.0,
            "y": 935
          },
          {
            "x": 92.0,
            "y": 935
          },
          {
            "x": 91.0,
            "y": 934
          },
          {
            "x": 91.0,
            "y": 933
          },
          {
            "x": 90,
            "y": 933
          },
          {
            "x": 88.0,
            "y": 931
          },
          {
            "x": 86,
            "y": 931
          },
          {
            "x": 85.0,
            "y": 930
          },
          {
            "x": 84.0,
            "y": 930
          },
          {
            "x": 82,
            "y": 928
          },
          {
            "x": 82,
            "y": 925
          },
          {
            "x": 81.0,
            "y": 924
          },
          {
            "x": 81.0,
            "y": 923
          },
          {
            "x": 82,
            "y": 922
          },
          {
            "x": 83.0,
            "y": 922
          },
          {
            "x": 83.0,
            "y": 921
          },
          {
            "x": 84.0,
            "y": 920
          },
          {
            "x": 84.0,
            "y": 919
          },
          {
            "x": 86,
            "y": 917
          },
          {
            "x": 87.0,
            "y": 917
          },
          {
            "x": 87.0,
            "y": 916
          },
          {
            "x": 88.0,
            "y": 915
          },
          {
            "x": 88.0,
            "y": 914
          },
          {
            "x": 89.0,
            "y": 913
          },
          {
            "x": 89.0,
            "y": 908
          },
          {
            "x": 88.0,
            "y": 907
          },
          {
            "x": 88.0,
            "y": 903
          },
          {
            "x": 87.0,
            "y": 902
          },
          {
            "x": 86,
            "y": 902
          },
          {
            "x": 83.0,
            "y": 899
          },
          {
            "x": 83.0,
            "y": 898
          },
          {
            "x": 82,
            "y": 898
          },
          {
            "x": 81.0,
            "y": 897
          },
          {
            "x": 78.0,
            "y": 897
          },
          {
            "x": 77.0,
            "y": 896.0
          },
          {
            "x": 71.0,
            "y": 896.0
          },
          {
            "x": 70.0,
            "y": 895
          },
          {
            "x": 67.0,
            "y": 895
          },
          {
            "x": 65.0,
            "y": 893
          },
          {
            "x": 65.0,
            "y": 892
          },
          {
            "x": 63.0,
            "y": 892
          },
          {
            "x": 61.0,
            "y": 890
          },
          {
            "x": 61.0,
            "y": 889
          },
          {
            "x": 60.0,
            "y": 888
          },
          {
            "x": 60.0,
            "y": 873
          },
          {
            "x": 59.0,
            "y": 872
          },
          {
            "x": 59.0,
            "y": 869
          },
          {
            "x": 58.0,
            "y": 868
          },
          {
            "x": 57.0,
            "y": 868
          },
          {
            "x": 53.0,
            "y": 864
          },
          {
            "x": 53.0,
            "y": 863
          },
          {
            "x": 51.0,
            "y": 863
          },
          {
            "x": 50.0,
            "y": 862
          },
          {
            "x": 49.0,
            "y": 862
          },
          {
            "x": 48.0,
            "y": 861
          },
          {
            "x": 44.0,
            "y": 861
          },
          {
            "x": 43,
            "y": 860
          },
          {
            "x": 32.0,
            "y": 860
          },
          {
            "x": 31.0,
            "y": 861
          },
          {
            "x": 28.0,
            "y": 861
          },
          {
            "x": 27.0,
            "y": 860
          },
          {
            "x": 27.0,
            "y": 859
          },
          {
            "x": 26.0,
            "y": 858
          },
          {
            "x": 26.0,
            "y": 856
          },
          {
            "x": 25.0,
            "y": 855
          },
          {
            "x": 25.0,
            "y": 853.0
          },
          {
            "x": 24.0,
            "y": 852
          },
          {
            "x": 24.0,
            "y": 850
          },
          {
            "x": 23.0,
            "y": 849
          },
          {
            "x": 21.0,
            "y": 849
          },
          {
            "x": 20.0,
            "y": 848
          },
          {
            "x": 15.0,
            "y": 848
          },
          {
            "x": 14.0,
            "y": 847
          }
        ]
      }
    }
  ]
}