{
  "image": {
    "width": 5472,
    "height": 3648,
    "filename": "00000048.JPG",
    "original_filename": "EP-00-00012_0119_0108.JPG",
    "url": "https://darwin.v7labs.com/api/images/1221774/original?token=b19ef416-03ed-4ae6-a438-a83286cfedf7",
    "thumbnail_url": "https://darwin.v7labs.com/api/images/1221774/thumbnail?token=b19ef416-03ed-4ae6-a438-a83286cfedf7",
    "workview_url": "https://darwin.v7labs.com/workview?dataset=1192&image=48"
  },
  "dataset": "Mapping_3",
  "annotated": true,
  "annotations": [
    {
      "annotator": {
        "email": "corporate@bex.kg",
        "full_name": "Aizada Tynchybek kyzy"
      },
      "name": "Spring field Polygon ",
      "polygon": {
        "path": [
          {
            "x": 0,
            "y": 0
          },
          {
            "x": 0,
            "y": 3477
          },
          {
            "x": 68.0,
            "y": 3477
          },
          {
            "x": 68.0,
            "y": 3471.0
          },
          {
            "x": 69.0,
            "y": 3470.0
          },
          {
            "x": 116.0,
            "y": 3470.0
          },
          {
            "x": 116.0,
            "y": 3465.0
          },
          {
            "x": 117.0,
            "y": 3464
          },
          {
            "x": 185.0,
            "y": 3464
          },
          {
            "x": 185.0,
            "y": 3458.0
          },
          {
            "x": 186.0,
            "y": 3457.0
          },
          {
            "x": 233.0,
            "y": 3457.0
          },
          {
            "x": 233.0,
            "y": 3451.0
          },
          {
            "x": 234.0,
            "y": 3450
          },
          {
            "x": 268.0,
            "y": 3450
          },
          {
            "x": 268.0,
            "y": 3444.0
          },
          {
            "x": 269.0,
            "y": 3443.0
          },
          {
            "x": 302.0,
            "y": 3443.0
          },
          {
            "x": 302.0,
            "y": 3437.0
          },
          {
            "x": 303.0,
            "y": 3436
          },
          {
            "x": 392.0,
            "y": 3436
          },
          {
            "x": 392.0,
            "y": 3430.0
          },
          {
            "x": 393.0,
            "y": 3429.0
          },
          {
            "x": 460.0,
            "y": 3429.0
          },
          {
            "x": 460.0,
            "y": 3423.0
          },
          {
            "x": 461.0,
            "y": 3422.0
          },
          {
            "x": 515.0,
            "y": 3422.0
          },
          {
            "x": 515.0,
            "y": 3416.0
          },
          {
            "x": 516.0,
            "y": 3415.0
          },
          {
            "x": 564.0,
            "y": 3415.0
          },
          {
            "x": 564.0,
            "y": 3409.0
          },
          {
            "x": 565.0,
            "y": 3408.0
          },
          {
            "x": 591.0,
            "y": 3408.0
          },
          {
            "x": 591.0,
            "y": 3403
          },
          {
            "x": 592.0,
            "y": 3402.0
          },
          {
            "x": 612,
            "y": 3402.0
          },
          {
            "x": 612,
            "y": 3396.0
          },
          {
            "x": 613,
            "y": 3395.0
          },
          {
            "x": 626.0,
            "y": 3395.0
          },
          {
            "x": 626.0,
            "y": 3389
          },
          {
            "x": 627,
            "y": 3388.0
          },
          {
            "x": 639.0,
            "y": 3388.0
          },
          {
            "x": 639.0,
            "y": 3382.0
          },
          {
            "x": 640.0,
            "y": 3381.0
          },
          {
            "x": 660.0,
            "y": 3381.0
          },
          {
            "x": 660.0,
            "y": 3375
          },
          {
            "x": 661.0,
            "y": 3374
          },
          {
            "x": 722.0,
            "y": 3374
          },
          {
            "x": 723.0,
            "y": 3375
          },
          {
            "x": 723.0,
            "y": 3381.0
          },
          {
            "x": 749.0,
            "y": 3381.0
          },
          {
            "x": 750.0,
            "y": 3382.0
          },
          {
            "x": 750.0,
            "y": 3388.0
          },
          {
            "x": 770,
            "y": 3388.0
          },
          {
            "x": 771.0,
            "y": 3389
          },
          {
            "x": 771.0,
            "y": 3395.0
          },
          {
            "x": 846.0,
            "y": 3395.0
          },
          {
            "x": 846.0,
            "y": 3389
          },
          {
            "x": 847.0,
            "y": 3388.0
          },
          {
            "x": 949.0,
            "y": 3388.0
          },
          {
            "x": 949.0,
            "y": 3382.0
          },
          {
            "x": 950.0,
            "y": 3381.0
          },
          {
            "x": 983,
            "y": 3381.0
          },
          {
            "x": 983,
            "y": 3375
          },
          {
            "x": 984.0,
            "y": 3374
          },
          {
            "x": 1018.0,
            "y": 3374
          },
          {
            "x": 1018.0,
            "y": 3368.0
          },
          {
            "x": 1019.0,
            "y": 3367.0
          },
          {
            "x": 1052.0,
            "y": 3367.0
          },
          {
            "x": 1052.0,
            "y": 3361
          },
          {
            "x": 1053,
            "y": 3360
          },
          {
            "x": 1073.0,
            "y": 3360
          },
          {
            "x": 1073.0,
            "y": 3354.0
          },
          {
            "x": 1074.0,
            "y": 3353.0
          },
          {
            "x": 1087.0,
            "y": 3353.0
          },
          {
            "x": 1087.0,
            "y": 3348
          },
          {
            "x": 1088.0,
            "y": 3347
          },
          {
            "x": 1.1e3,
            "y": 3347
          },
          {
            "x": 1.1e3,
            "y": 3341.0
          },
          {
            "x": 1101.0,
            "y": 3340.0
          },
          {
            "x": 1114.0,
            "y": 3340.0
          },
          {
            "x": 1114.0,
            "y": 3334
          },
          {
            "x": 1115.0,
            "y": 3333
          },
          {
            "x": 1128.0,
            "y": 3333
          },
          {
            "x": 1128.0,
            "y": 3327.0
          },
          {
            "x": 1129.0,
            "y": 3326.0
          },
          {
            "x": 1135.0,
            "y": 3326.0
          },
          {
            "x": 1135.0,
            "y": 3320
          },
          {
            "x": 1136.0,
            "y": 3319
          },
          {
            "x": 1148.0,
            "y": 3319
          },
          {
            "x": 1148.0,
            "y": 3313.0
          },
          {
            "x": 1149.0,
            "y": 3312.0
          },
          {
            "x": 1155,
            "y": 3312.0
          },
          {
            "x": 1155,
            "y": 3306
          },
          {
            "x": 1156.0,
            "y": 3305
          },
          {
            "x": 1162.0,
            "y": 3305
          },
          {
            "x": 1162.0,
            "y": 3299.0
          },
          {
            "x": 1163.0,
            "y": 3298.0
          },
          {
            "x": 1169,
            "y": 3298.0
          },
          {
            "x": 1169,
            "y": 3293
          },
          {
            "x": 1170.0,
            "y": 3292
          },
          {
            "x": 1183,
            "y": 3292
          },
          {
            "x": 1183,
            "y": 3286.0
          },
          {
            "x": 1184.0,
            "y": 3285.0
          },
          {
            "x": 1190.0,
            "y": 3285.0
          },
          {
            "x": 1190.0,
            "y": 3279
          },
          {
            "x": 1191.0,
            "y": 3278
          },
          {
            "x": 1197,
            "y": 3278
          },
          {
            "x": 1197,
            "y": 3272.0
          },
          {
            "x": 1198,
            "y": 3271.0
          },
          {
            "x": 1204.0,
            "y": 3271.0
          },
          {
            "x": 1204.0,
            "y": 3265
          },
          {
            "x": 1205.0,
            "y": 3264
          },
          {
            "x": 1210,
            "y": 3264
          },
          {
            "x": 1210,
            "y": 3258.0
          },
          {
            "x": 1211,
            "y": 3257.0
          },
          {
            "x": 1217.0,
            "y": 3257.0
          },
          {
            "x": 1217.0,
            "y": 3251.0
          },
          {
            "x": 1218.0,
            "y": 3250
          },
          {
            "x": 1224,
            "y": 3250
          },
          {
            "x": 1224,
            "y": 3244.0
          },
          {
            "x": 1225,
            "y": 3243.0
          },
          {
            "x": 1231.0,
            "y": 3243.0
          },
          {
            "x": 1231.0,
            "y": 3237.0
          },
          {
            "x": 1232.0,
            "y": 3236
          },
          {
            "x": 1238.0,
            "y": 3236
          },
          {
            "x": 1238.0,
            "y": 3231.0
          },
          {
            "x": 1239,
            "y": 3230.0
          },
          {
            "x": 1245.0,
            "y": 3230.0
          },
          {
            "x": 1245.0,
            "y": 3224.0
          },
          {
            "x": 1246.0,
            "y": 3223.0
          },
          {
            "x": 1252.0,
            "y": 3223.0
          },
          {
            "x": 1252.0,
            "y": 3210.0
          },
          {
            "x": 1253,
            "y": 3209.0
          },
          {
            "x": 1259.0,
            "y": 3209.0
          },
          {
            "x": 1259.0,
            "y": 3203
          },
          {
            "x": 1260.0,
            "y": 3202.0
          },
          {
            "x": 1265.0,
            "y": 3202.0
          },
          {
            "x": 1265.0,
            "y": 3196.0
          },
          {
            "x": 1266.0,
            "y": 3195.0
          },
          {
            "x": 1272.0,
            "y": 3195.0
          },
          {
            "x": 1272.0,
            "y": 3182.0
          },
          {
            "x": 1273.0,
            "y": 3181.0
          },
          {
            "x": 1279.0,
            "y": 3181.0
          },
          {
            "x": 1279.0,
            "y": 3169.0
          },
          {
            "x": 1280.0,
            "y": 3168.0
          },
          {
            "x": 1286.0,
            "y": 3168.0
          },
          {
            "x": 1286.0,
            "y": 3155.0
          },
          {
            "x": 1287.0,
            "y": 3154.0
          },
          {
            "x": 1293.0,
            "y": 3154.0
          },
          {
            "x": 1293.0,
            "y": 3141.0
          },
          {
            "x": 1294.0,
            "y": 3140.0
          },
          {
            "x": 1.3e3,
            "y": 3140.0
          },
          {
            "x": 1.3e3,
            "y": 3017.0
          },
          {
            "x": 1294.0,
            "y": 3017.0
          },
          {
            "x": 1293.0,
            "y": 3016.0
          },
          {
            "x": 1293.0,
            "y": 2969.0
          },
          {
            "x": 1287.0,
            "y": 2969.0
          },
          {
            "x": 1286.0,
            "y": 2968.0
          },
          {
            "x": 1286.0,
            "y": 2914.0
          },
          {
            "x": 1280.0,
            "y": 2914.0
          },
          {
            "x": 1279.0,
            "y": 2913.0
          },
          {
            "x": 1279.0,
            "y": 2845.0
          },
          {
            "x": 1273.0,
            "y": 2845.0
          },
          {
            "x": 1272.0,
            "y": 2844.0
          },
          {
            "x": 1272.0,
            "y": 2735
          },
          {
            "x": 1266.0,
            "y": 2735
          },
          {
            "x": 1265.0,
            "y": 2734
          },
          {
            "x": 1265.0,
            "y": 2653.0
          },
          {
            "x": 1260.0,
            "y": 2653.0
          },
          {
            "x": 1259.0,
            "y": 2652
          },
          {
            "x": 1259.0,
            "y": 2591
          },
          {
            "x": 1253,
            "y": 2591
          },
          {
            "x": 1252.0,
            "y": 2590.0
          },
          {
            "x": 1252.0,
            "y": 2515.0
          },
          {
            "x": 1246.0,
            "y": 2515.0
          },
          {
            "x": 1245.0,
            "y": 2514.0
          },
          {
            "x": 1245.0,
            "y": 2426.0
          },
          {
            "x": 1239,
            "y": 2426.0
          },
          {
            "x": 1238.0,
            "y": 2425.0
          },
          {
            "x": 1238.0,
            "y": 2357.0
          },
          {
            "x": 1232.0,
            "y": 2357.0
          },
          {
            "x": 1231.0,
            "y": 2356.0
          },
          {
            "x": 1231.0,
            "y": 2288.0
          },
          {
            "x": 1225,
            "y": 2288.0
          },
          {
            "x": 1224,
            "y": 2287.0
          },
          {
            "x": 1224,
            "y": 2226.0
          },
          {
            "x": 1218.0,
            "y": 2226.0
          },
          {
            "x": 1217.0,
            "y": 2225
          },
          {
            "x": 1217.0,
            "y": 2185.0
          },
          {
            "x": 1211,
            "y": 2185.0
          },
          {
            "x": 1210,
            "y": 2184.0
          },
          {
            "x": 1210,
            "y": 2130
          },
          {
            "x": 1205.0,
            "y": 2130
          },
          {
            "x": 1204.0,
            "y": 2129
          },
          {
            "x": 1204.0,
            "y": 2068
          },
          {
            "x": 1198,
            "y": 2068
          },
          {
            "x": 1197,
            "y": 2067
          },
          {
            "x": 1197,
            "y": 2006.0
          },
          {
            "x": 1191.0,
            "y": 2006.0
          },
          {
            "x": 1190.0,
            "y": 2005.0
          },
          {
            "x": 1190.0,
            "y": 1965
          },
          {
            "x": 1184.0,
            "y": 1965
          },
          {
            "x": 1183,
            "y": 1964.0
          },
          {
            "x": 1183,
            "y": 1930
          },
          {
            "x": 1177.0,
            "y": 1930
          },
          {
            "x": 1176.0,
            "y": 1929.0
          },
          {
            "x": 1176.0,
            "y": 1889
          },
          {
            "x": 1170.0,
            "y": 1889
          },
          {
            "x": 1169,
            "y": 1888
          },
          {
            "x": 1169,
            "y": 1820.0
          },
          {
            "x": 1163.0,
            "y": 1820.0
          },
          {
            "x": 1162.0,
            "y": 1819.0
          },
          {
            "x": 1162.0,
            "y": 1772.0
          },
          {
            "x": 1156.0,
            "y": 1772.0
          },
          {
            "x": 1155,
            "y": 1771.0
          },
          {
            "x": 1155,
            "y": 1731
          },
          {
            "x": 1149.0,
            "y": 1731
          },
          {
            "x": 1148.0,
            "y": 1730
          },
          {
            "x": 1148.0,
            "y": 1682
          },
          {
            "x": 1143.0,
            "y": 1682
          },
          {
            "x": 1142.0,
            "y": 1681
          },
          {
            "x": 1142.0,
            "y": 1634.0
          },
          {
            "x": 1136.0,
            "y": 1634.0
          },
          {
            "x": 1135.0,
            "y": 1633.0
          },
          {
            "x": 1135.0,
            "y": 1.6e3
          },
          {
            "x": 1129.0,
            "y": 1.6e3
          },
          {
            "x": 1128.0,
            "y": 1599.0
          },
          {
            "x": 1128.0,
            "y": 1559
          },
          {
            "x": 1122.0,
            "y": 1559
          },
          {
            "x": 1121.0,
            "y": 1558.0
          },
          {
            "x": 1121.0,
            "y": 1531
          },
          {
            "x": 1115.0,
            "y": 1531
          },
          {
            "x": 1114.0,
            "y": 1530.0
          },
          {
            "x": 1114.0,
            "y": 1490
          },
          {
            "x": 1108.0,
            "y": 1490
          },
          {
            "x": 1107.0,
            "y": 1489
          },
          {
            "x": 1107.0,
            "y": 1448.0
          },
          {
            "x": 1101.0,
            "y": 1448.0
          },
          {
            "x": 1.1e3,
            "y": 1447
          },
          {
            "x": 1.1e3,
            "y": 1421.0
          },
          {
            "x": 1094.0,
            "y": 1421.0
          },
          {
            "x": 1093.0,
            "y": 1420.0
          },
          {
            "x": 1093.0,
            "y": 1393.0
          },
          {
            "x": 1088.0,
            "y": 1393.0
          },
          {
            "x": 1087.0,
            "y": 1392.0
          },
          {
            "x": 1087.0,
            "y": 1359.0
          },
          {
            "x": 1081.0,
            "y": 1359.0
          },
          {
            "x": 1080.0,
            "y": 1358.0
          },
          {
            "x": 1080.0,
            "y": 1318
          },
          {
            "x": 1074.0,
            "y": 1318
          },
          {
            "x": 1073.0,
            "y": 1317
          },
          {
            "x": 1073.0,
            "y": 1276
          },
          {
            "x": 1067.0,
            "y": 1276
          },
          {
            "x": 1066.0,
            "y": 1275
          },
          {
            "x": 1066.0,
            "y": 1249.0
          },
          {
            "x": 1060.0,
            "y": 1249.0
          },
          {
            "x": 1059.0,
            "y": 1248.0
          },
          {
            "x": 1059.0,
            "y": 1221.0
          },
          {
            "x": 1053,
            "y": 1221.0
          },
          {
            "x": 1052.0,
            "y": 1220.0
          },
          {
            "x": 1052.0,
            "y": 1194.0
          },
          {
            "x": 1046.0,
            "y": 1194.0
          },
          {
            "x": 1045.0,
            "y": 1193.0
          },
          {
            "x": 1045.0,
            "y": 1159.0
          },
          {
            "x": 1039,
            "y": 1159.0
          },
          {
            "x": 1038.0,
            "y": 1158.0
          },
          {
            "x": 1038.0,
            "y": 1139
          },
          {
            "x": 1033.0,
            "y": 1139
          },
          {
            "x": 1032.0,
            "y": 1138.0
          },
          {
            "x": 1032.0,
            "y": 1111
          },
          {
            "x": 1026,
            "y": 1111
          },
          {
            "x": 1025,
            "y": 1110
          },
          {
            "x": 1025,
            "y": 1077.0
          },
          {
            "x": 1019.0,
            "y": 1077.0
          },
          {
            "x": 1018.0,
            "y": 1076
          },
          {
            "x": 1018.0,
            "y": 1043.0
          },
          {
            "x": 1012,
            "y": 1043.0
          },
          {
            "x": 1011,
            "y": 1042.0
          },
          {
            "x": 1011,
            "y": 1015.0
          },
          {
            "x": 1005.0,
            "y": 1015.0
          },
          {
            "x": 1004.0,
            "y": 1014.0
          },
          {
            "x": 1004.0,
            "y": 994.0
          },
          {
            "x": 998.0,
            "y": 994.0
          },
          {
            "x": 997,
            "y": 993.0
          },
          {
            "x": 997,
            "y": 967.0
          },
          {
            "x": 991.0,
            "y": 967.0
          },
          {
            "x": 990.0,
            "y": 966.0
          },
          {
            "x": 990.0,
            "y": 932.0
          },
          {
            "x": 984.0,
            "y": 932.0
          },
          {
            "x": 983,
            "y": 931.0
          },
          {
            "x": 983,
            "y": 905
          },
          {
            "x": 977.0,
            "y": 905
          },
          {
            "x": 976.0,
            "y": 904.0
          },
          {
            "x": 976.0,
            "y": 877.0
          },
          {
            "x": 971.0,
            "y": 877.0
          },
          {
            "x": 970.0,
            "y": 876
          },
          {
            "x": 970.0,
            "y": 857.0
          },
          {
            "x": 964.0,
            "y": 857.0
          },
          {
            "x": 963.0,
            "y": 856.0
          },
          {
            "x": 963.0,
            "y": 836.0
          },
          {
            "x": 957.0,
            "y": 836.0
          },
          {
            "x": 956.0,
            "y": 835.0
          },
          {
            "x": 956.0,
            "y": 809.0
          },
          {
            "x": 950.0,
            "y": 809.0
          },
          {
            "x": 949.0,
            "y": 808.0
          },
          {
            "x": 949.0,
            "y": 781.0
          },
          {
            "x": 943.0,
            "y": 781.0
          },
          {
            "x": 942.0,
            "y": 780.0
          },
          {
            "x": 942.0,
            "y": 760.0
          },
          {
            "x": 936.0,
            "y": 760.0
          },
          {
            "x": 935.0,
            "y": 759.0
          },
          {
            "x": 935.0,
            "y": 733.0
          },
          {
            "x": 929.0,
            "y": 733.0
          },
          {
            "x": 928.0,
            "y": 732.0
          },
          {
            "x": 928.0,
            "y": 712
          },
          {
            "x": 922.0,
            "y": 712
          },
          {
            "x": 921.0,
            "y": 711.0
          },
          {
            "x": 921.0,
            "y": 692.0
          },
          {
            "x": 916.0,
            "y": 692.0
          },
          {
            "x": 915.0,
            "y": 691
          },
          {
            "x": 915.0,
            "y": 671.0
          },
          {
            "x": 909.0,
            "y": 671.0
          },
          {
            "x": 908.0,
            "y": 670
          },
          {
            "x": 908.0,
            "y": 650.0
          },
          {
            "x": 902.0,
            "y": 650.0
          },
          {
            "x": 901.0,
            "y": 649.0
          },
          {
            "x": 901.0,
            "y": 630.0
          },
          {
            "x": 895.0,
            "y": 630.0
          },
          {
            "x": 894.0,
            "y": 629.0
          },
          {
            "x": 894.0,
            "y": 609.0
          },
          {
            "x": 888.0,
            "y": 609.0
          },
          {
            "x": 887.0,
            "y": 608.0
          },
          {
            "x": 887.0,
            "y": 588.0
          },
          {
            "x": 881.0,
            "y": 588.0
          },
          {
            "x": 880.0,
            "y": 587.0
          },
          {
            "x": 880.0,
            "y": 561.0
          },
          {
            "x": 874.0,
            "y": 561.0
          },
          {
            "x": 873.0,
            "y": 560.0
          },
          {
            "x": 873.0,
            "y": 540.0
          },
          {
            "x": 867.0,
            "y": 540.0
          },
          {
            "x": 866.0,
            "y": 539.0
          },
          {
            "x": 866.0,
            "y": 520
          },
          {
            "x": 860.0,
            "y": 520
          },
          {
            "x": 859.0,
            "y": 519.0
          },
          {
            "x": 859.0,
            "y": 499.0
          },
          {
            "x": 854.0,
            "y": 499.0
          },
          {
            "x": 853.0,
            "y": 498.0
          },
          {
            "x": 853.0,
            "y": 478.0
          },
          {
            "x": 847.0,
            "y": 478.0
          },
          {
            "x": 846.0,
            "y": 477
          },
          {
            "x": 846.0,
            "y": 458.0
          },
          {
            "x": 840,
            "y": 458.0
          },
          {
            "x": 839.0,
            "y": 457.0
          },
          {
            "x": 839.0,
            "y": 430.0
          },
          {
            "x": 833.0,
            "y": 430.0
          },
          {
            "x": 832.0,
            "y": 429.0
          },
          {
            "x": 832.0,
            "y": 410.0
          },
          {
            "x": 826,
            "y": 410.0
          },
          {
            "x": 825.0,
            "y": 409.0
          },
          {
            "x": 825.0,
            "y": 389.0
          },
          {
            "x": 819.0,
            "y": 389.0
          },
          {
            "x": 818.0,
            "y": 388.0
          },
          {
            "x": 818.0,
            "y": 361.0
          },
          {
            "x": 812,
            "y": 361.0
          },
          {
            "x": 811.0,
            "y": 360.0
          },
          {
            "x": 811.0,
            "y": 341.0
          },
          {
            "x": 805.0,
            "y": 341.0
          },
          {
            "x": 804.0,
            "y": 340.0
          },
          {
            "x": 804.0,
            "y": 327.0
          },
          {
            "x": 799.0,
            "y": 327.0
          },
          {
            "x": 798,
            "y": 326.0
          },
          {
            "x": 798,
            "y": 306
          },
          {
            "x": 792.0,
            "y": 306
          },
          {
            "x": 791.0,
            "y": 305.0
          },
          {
            "x": 791.0,
            "y": 293.0
          },
          {
            "x": 785.0,
            "y": 293.0
          },
          {
            "x": 784,
            "y": 292
          },
          {
            "x": 784,
            "y": 272.0
          },
          {
            "x": 778.0,
            "y": 272.0
          },
          {
            "x": 777.0,
            "y": 271
          },
          {
            "x": 777.0,
            "y": 251.0
          },
          {
            "x": 771.0,
            "y": 251.0
          },
          {
            "x": 770,
            "y": 250.0
          },
          {
            "x": 770,
            "y": 231.0
          },
          {
            "x": 764.0,
            "y": 231.0
          },
          {
            "x": 763.0,
            "y": 230.0
          },
          {
            "x": 763.0,
            "y": 217.0
          },
          {
            "x": 757.0,
            "y": 217.0
          },
          {
            "x": 756.0,
            "y": 216.0
          },
          {
            "x": 756.0,
            "y": 203.0
          },
          {
            "x": 750.0,
            "y": 203.0
          },
          {
            "x": 749.0,
            "y": 202.0
          },
          {
            "x": 749.0,
            "y": 182.0
          },
          {
            "x": 744.0,
            "y": 182.0
          },
          {
            "x": 743.0,
            "y": 181.0
          },
          {
            "x": 743.0,
            "y": 169.0
          },
          {
            "x": 737.0,
            "y": 169.0
          },
          {
            "x": 736.0,
            "y": 168.0
          },
          {
            "x": 736.0,
            "y": 148.0
          },
          {
            "x": 730.0,
            "y": 148.0
          },
          {
            "x": 729.0,
            "y": 147.0
          },
          {
            "x": 729.0,
            "y": 134.0
          },
          {
            "x": 723.0,
            "y": 134.0
          },
          {
            "x": 722.0,
            "y": 133.0
          },
          {
            "x": 722.0,
            "y": 114
          },
          {
            "x": 716.0,
            "y": 114
          },
          {
            "x": 715.0,
            "y": 113.0
          },
          {
            "x": 715.0,
            "y": 100.0
          },
          {
            "x": 709.0,
            "y": 100.0
          },
          {
            "x": 708.0,
            "y": 99.0
          },
          {
            "x": 708.0,
            "y": 79.0
          },
          {
            "x": 702.0,
            "y": 79.0
          },
          {
            "x": 701.0,
            "y": 78.0
          },
          {
            "x": 701.0,
            "y": 65.0
          },
          {
            "x": 695.0,
            "y": 65.0
          },
          {
            "x": 694.0,
            "y": 64.0
          },
          {
            "x": 694.0,
            "y": 45.0
          },
          {
            "x": 688.0,
            "y": 45.0
          },
          {
            "x": 687.0,
            "y": 44.0
          },
          {
            "x": 687.0,
            "y": 24.0
          },
          {
            "x": 682.0,
            "y": 24.0
          },
          {
            "x": 681.0,
            "y": 23.0
          },
          {
            "x": 681.0,
            "y": 10.0
          },
          {
            "x": 675.0,
            "y": 10.0
          },
          {
            "x": 674.0,
            "y": 9.0
          },
          {
            "x": 674.0,
            "y": 4.0
          },
          {
            "x": 668.0,
            "y": 4.0
          },
          {
            "x": 667.0,
            "y": 3.0
          },
          {
            "x": 667.0,
            "y": 0
          }
        ]
      }
    },
    {
      "annotator": {
        "email": "corporate@bex.kg",
        "full_name": "Aizada Tynchybek kyzy"
      },
      "name": "Spring field Polygon ",
      "polygon": {
        "path": [
          {
            "x": 1439,
            "y": 774.0
          },
          {
            "x": 1439,
            "y": 789.0
          },
          {
            "x": 1438,
            "y": 790.0
          },
          {
            "x": 1431.0,
            "y": 790.0
          },
          {
            "x": 1431.0,
            "y": 797.0
          },
          {
            "x": 1430.0,
            "y": 798
          },
          {
            "x": 1423.0,
            "y": 798
          },
          {
            "x": 1423.0,
            "y": 814.0
          },
          {
            "x": 1422.0,
            "y": 815.0
          },
          {
            "x": 1415.0,
            "y": 815.0
          },
          {
            "x": 1415.0,
            "y": 830.0
          },
          {
            "x": 1414.0,
            "y": 831.0
          },
          {
            "x": 1406.0,
            "y": 831.0
          },
          {
            "x": 1406.0,
            "y": 838.0
          },
          {
            "x": 1405.0,
            "y": 839.0
          },
          {
            "x": 1398.0,
            "y": 839.0
          },
          {
            "x": 1398.0,
            "y": 855
          },
          {
            "x": 1397,
            "y": 856.0
          },
          {
            "x": 1390.0,
            "y": 856.0
          },
          {
            "x": 1390.0,
            "y": 871.0
          },
          {
            "x": 1389.0,
            "y": 872.0
          },
          {
            "x": 1382,
            "y": 872.0
          },
          {
            "x": 1382,
            "y": 888.0
          },
          {
            "x": 1381,
            "y": 889.0
          },
          {
            "x": 1374.0,
            "y": 889.0
          },
          {
            "x": 1374.0,
            "y": 912
          },
          {
            "x": 1373.0,
            "y": 913.0
          },
          {
            "x": 1365.0,
            "y": 913.0
          },
          {
            "x": 1365.0,
            "y": 953.0
          },
          {
            "x": 1364.0,
            "y": 954
          },
          {
            "x": 1357.0,
            "y": 954
          },
          {
            "x": 1357.0,
            "y": 986.0
          },
          {
            "x": 1364.0,
            "y": 986.0
          },
          {
            "x": 1365.0,
            "y": 987.0
          },
          {
            "x": 1365.0,
            "y": 1043.0
          },
          {
            "x": 1373.0,
            "y": 1043.0
          },
          {
            "x": 1374.0,
            "y": 1044.0
          },
          {
            "x": 1374.0,
            "y": 1084
          },
          {
            "x": 1381,
            "y": 1084
          },
          {
            "x": 1382,
            "y": 1085.0
          },
          {
            "x": 1382,
            "y": 1109.0
          },
          {
            "x": 1389.0,
            "y": 1109.0
          },
          {
            "x": 1390.0,
            "y": 1110
          },
          {
            "x": 1390.0,
            "y": 1142.0
          },
          {
            "x": 1397,
            "y": 1142.0
          },
          {
            "x": 1398.0,
            "y": 1143.0
          },
          {
            "x": 1398.0,
            "y": 1183
          },
          {
            "x": 1405.0,
            "y": 1183
          },
          {
            "x": 1406.0,
            "y": 1184.0
          },
          {
            "x": 1406.0,
            "y": 1216.0
          },
          {
            "x": 1414.0,
            "y": 1216.0
          },
          {
            "x": 1415.0,
            "y": 1217
          },
          {
            "x": 1415.0,
            "y": 1240
          },
          {
            "x": 1422.0,
            "y": 1240
          },
          {
            "x": 1423.0,
            "y": 1241.0
          },
          {
            "x": 1423.0,
            "y": 1273.0
          },
          {
            "x": 1430.0,
            "y": 1273.0
          },
          {
            "x": 1431.0,
            "y": 1274
          },
          {
            "x": 1431.0,
            "y": 1331
          },
          {
            "x": 1438,
            "y": 1331
          },
          {
            "x": 1439,
            "y": 1332
          },
          {
            "x": 1439,
            "y": 1380.0
          },
          {
            "x": 1446.0,
            "y": 1380.0
          },
          {
            "x": 1447.0,
            "y": 1381
          },
          {
            "x": 1447.0,
            "y": 1421.0
          },
          {
            "x": 1455.0,
            "y": 1421.0
          },
          {
            "x": 1456.0,
            "y": 1422.0
          },
          {
            "x": 1456.0,
            "y": 1486.0
          },
          {
            "x": 1463.0,
            "y": 1486.0
          },
          {
            "x": 1464.0,
            "y": 1487.0
          },
          {
            "x": 1464.0,
            "y": 1544.0
          },
          {
            "x": 1471.0,
            "y": 1544.0
          },
          {
            "x": 1472.0,
            "y": 1545
          },
          {
            "x": 1472.0,
            "y": 1593.0
          },
          {
            "x": 1479.0,
            "y": 1593.0
          },
          {
            "x": 1480.0,
            "y": 1594.0
          },
          {
            "x": 1480.0,
            "y": 1650.0
          },
          {
            "x": 1487.0,
            "y": 1650.0
          },
          {
            "x": 1488.0,
            "y": 1651.0
          },
          {
            "x": 1488.0,
            "y": 1708.0
          },
          {
            "x": 1496,
            "y": 1708.0
          },
          {
            "x": 1497,
            "y": 1709
          },
          {
            "x": 1497,
            "y": 1749.0
          },
          {
            "x": 1504.0,
            "y": 1749.0
          },
          {
            "x": 1505.0,
            "y": 1750.0
          },
          {
            "x": 1505.0,
            "y": 1806.0
          },
          {
            "x": 1512.0,
            "y": 1806.0
          },
          {
            "x": 1513.0,
            "y": 1807.0
          },
          {
            "x": 1513.0,
            "y": 1864.0
          },
          {
            "x": 1520.0,
            "y": 1864.0
          },
          {
            "x": 1521.0,
            "y": 1865.0
          },
          {
            "x": 1521.0,
            "y": 1938
          },
          {
            "x": 1528.0,
            "y": 1938
          },
          {
            "x": 1529.0,
            "y": 1939.0
          },
          {
            "x": 1529.0,
            "y": 2011.0
          },
          {
            "x": 1537.0,
            "y": 2011.0
          },
          {
            "x": 1538,
            "y": 2012.0
          },
          {
            "x": 1538,
            "y": 2077.0
          },
          {
            "x": 1545.0,
            "y": 2077.0
          },
          {
            "x": 1546.0,
            "y": 2078
          },
          {
            "x": 1546.0,
            "y": 2134.0
          },
          {
            "x": 1553,
            "y": 2134.0
          },
          {
            "x": 1554,
            "y": 2135
          },
          {
            "x": 1554,
            "y": 2200
          },
          {
            "x": 1561.0,
            "y": 2200
          },
          {
            "x": 1562.0,
            "y": 2201
          },
          {
            "x": 1562.0,
            "y": 2290.0
          },
          {
            "x": 1569.0,
            "y": 2290.0
          },
          {
            "x": 1570.0,
            "y": 2291.0
          },
          {
            "x": 1570.0,
            "y": 2356.0
          },
          {
            "x": 1578.0,
            "y": 2356.0
          },
          {
            "x": 1579.0,
            "y": 2357.0
          },
          {
            "x": 1579.0,
            "y": 2430.0
          },
          {
            "x": 1586.0,
            "y": 2430.0
          },
          {
            "x": 1587.0,
            "y": 2431.0
          },
          {
            "x": 1587.0,
            "y": 2520
          },
          {
            "x": 1594.0,
            "y": 2520
          },
          {
            "x": 1595,
            "y": 2521
          },
          {
            "x": 1595,
            "y": 2635
          },
          {
            "x": 1602.0,
            "y": 2635
          },
          {
            "x": 1603.0,
            "y": 2636
          },
          {
            "x": 1603.0,
            "y": 2709
          },
          {
            "x": 1610,
            "y": 2709
          },
          {
            "x": 1611,
            "y": 2710.0
          },
          {
            "x": 1611,
            "y": 2783.0
          },
          {
            "x": 1619.0,
            "y": 2783.0
          },
          {
            "x": 1620.0,
            "y": 2784.0
          },
          {
            "x": 1620.0,
            "y": 2897.0
          },
          {
            "x": 1627.0,
            "y": 2897.0
          },
          {
            "x": 1628.0,
            "y": 2898.0
          },
          {
            "x": 1628.0,
            "y": 2979
          },
          {
            "x": 1635.0,
            "y": 2979
          },
          {
            "x": 1636.0,
            "y": 2980
          },
          {
            "x": 1636.0,
            "y": 3119
          },
          {
            "x": 1643.0,
            "y": 3119
          },
          {
            "x": 1644.0,
            "y": 3120
          },
          {
            "x": 1644.0,
            "y": 3201.0
          },
          {
            "x": 1651.0,
            "y": 3201.0
          },
          {
            "x": 1652,
            "y": 3202.0
          },
          {
            "x": 1652,
            "y": 3324.0
          },
          {
            "x": 1660.0,
            "y": 3324.0
          },
          {
            "x": 1661.0,
            "y": 3325.0
          },
          {
            "x": 1661.0,
            "y": 3414.0
          },
          {
            "x": 1668,
            "y": 3414.0
          },
          {
            "x": 1669.0,
            "y": 3415.0
          },
          {
            "x": 1669.0,
            "y": 3595.0
          },
          {
            "x": 1668,
            "y": 3596.0
          },
          {
            "x": 1661.0,
            "y": 3596.0
          },
          {
            "x": 1661.0,
            "y": 3636.0
          },
          {
            "x": 1668,
            "y": 3636.0
          },
          {
            "x": 1669.0,
            "y": 3637.0
          },
          {
            "x": 1669.0,
            "y": 3644.0
          },
          {
            "x": 1676.0,
            "y": 3644.0
          },
          {
            "x": 1677.0,
            "y": 3645
          },
          {
            "x": 1677.0,
            "y": 3646
          },
          {
            "x": 5470,
            "y": 3646
          },
          {
            "x": 5470,
            "y": 388.0
          },
          {
            "x": 5467,
            "y": 388.0
          },
          {
            "x": 5466,
            "y": 387.0
          },
          {
            "x": 5466,
            "y": 364.0
          },
          {
            "x": 5385,
            "y": 364.0
          },
          {
            "x": 5385,
            "y": 371.0
          },
          {
            "x": 5384,
            "y": 372.0
          },
          {
            "x": 4983,
            "y": 372.0
          },
          {
            "x": 4983,
            "y": 379.0
          },
          {
            "x": 4982,
            "y": 380.0
          },
          {
            "x": 4942.0,
            "y": 380.0
          },
          {
            "x": 4942.0,
            "y": 387.0
          },
          {
            "x": 4941.0,
            "y": 388.0
          },
          {
            "x": 4868,
            "y": 388.0
          },
          {
            "x": 4867.0,
            "y": 387.0
          },
          {
            "x": 4867.0,
            "y": 380.0
          },
          {
            "x": 4852.0,
            "y": 380.0
          },
          {
            "x": 4851.0,
            "y": 379.0
          },
          {
            "x": 4851.0,
            "y": 372.0
          },
          {
            "x": 4827.0,
            "y": 372.0
          },
          {
            "x": 4826.0,
            "y": 371.0
          },
          {
            "x": 4826.0,
            "y": 364.0
          },
          {
            "x": 4811,
            "y": 364.0
          },
          {
            "x": 4810.0,
            "y": 363
          },
          {
            "x": 4810.0,
            "y": 355.0
          },
          {
            "x": 4778.0,
            "y": 355.0
          },
          {
            "x": 4777.0,
            "y": 354.0
          },
          {
            "x": 4777.0,
            "y": 347.0
          },
          {
            "x": 4721.0,
            "y": 347.0
          },
          {
            "x": 4720.0,
            "y": 346.0
          },
          {
            "x": 4720.0,
            "y": 339.0
          },
          {
            "x": 4671,
            "y": 339.0
          },
          {
            "x": 4670,
            "y": 338.0
          },
          {
            "x": 4670,
            "y": 331.0
          },
          {
            "x": 4425.0,
            "y": 331.0
          },
          {
            "x": 4424.0,
            "y": 330.0
          },
          {
            "x": 4424.0,
            "y": 323.0
          },
          {
            "x": 4376.0,
            "y": 323.0
          },
          {
            "x": 4375.0,
            "y": 322.0
          },
          {
            "x": 4375.0,
            "y": 314.0
          },
          {
            "x": 4146,
            "y": 314.0
          },
          {
            "x": 4145,
            "y": 313.0
          },
          {
            "x": 4145,
            "y": 306
          },
          {
            "x": 3999.0,
            "y": 306
          },
          {
            "x": 3998.0,
            "y": 305.0
          },
          {
            "x": 3998.0,
            "y": 298.0
          },
          {
            "x": 3876,
            "y": 298.0
          },
          {
            "x": 3875,
            "y": 297.0
          },
          {
            "x": 3875,
            "y": 290.0
          },
          {
            "x": 3818,
            "y": 290.0
          },
          {
            "x": 3817,
            "y": 289.0
          },
          {
            "x": 3817,
            "y": 282.0
          },
          {
            "x": 3769.0,
            "y": 282.0
          },
          {
            "x": 3768.0,
            "y": 281.0
          },
          {
            "x": 3768.0,
            "y": 273.0
          },
          {
            "x": 3367.0,
            "y": 273.0
          },
          {
            "x": 3367.0,
            "y": 281.0
          },
          {
            "x": 3366.0,
            "y": 282.0
          },
          {
            "x": 3318,
            "y": 282.0
          },
          {
            "x": 3318,
            "y": 289.0
          },
          {
            "x": 3317,
            "y": 290.0
          },
          {
            "x": 3285.0,
            "y": 290.0
          },
          {
            "x": 3285.0,
            "y": 297.0
          },
          {
            "x": 3284.0,
            "y": 298.0
          },
          {
            "x": 3244.0,
            "y": 298.0
          },
          {
            "x": 3244.0,
            "y": 305.0
          },
          {
            "x": 3243.0,
            "y": 306
          },
          {
            "x": 3203,
            "y": 306
          },
          {
            "x": 3203,
            "y": 313.0
          },
          {
            "x": 3202.0,
            "y": 314.0
          },
          {
            "x": 3162,
            "y": 314.0
          },
          {
            "x": 3162,
            "y": 322.0
          },
          {
            "x": 3161,
            "y": 323.0
          },
          {
            "x": 3129.0,
            "y": 323.0
          },
          {
            "x": 3129.0,
            "y": 330.0
          },
          {
            "x": 3128.0,
            "y": 331.0
          },
          {
            "x": 3096.0,
            "y": 331.0
          },
          {
            "x": 3096.0,
            "y": 338.0
          },
          {
            "x": 3095.0,
            "y": 339.0
          },
          {
            "x": 3055.0,
            "y": 339.0
          },
          {
            "x": 3055.0,
            "y": 346.0
          },
          {
            "x": 3054.0,
            "y": 347.0
          },
          {
            "x": 3022,
            "y": 347.0
          },
          {
            "x": 3022,
            "y": 354.0
          },
          {
            "x": 3021,
            "y": 355.0
          },
          {
            "x": 2998.0,
            "y": 355.0
          },
          {
            "x": 2998.0,
            "y": 363
          },
          {
            "x": 2997.0,
            "y": 364.0
          },
          {
            "x": 2965,
            "y": 364.0
          },
          {
            "x": 2965,
            "y": 371.0
          },
          {
            "x": 2964,
            "y": 372.0
          },
          {
            "x": 2924.0,
            "y": 372.0
          },
          {
            "x": 2924.0,
            "y": 379.0
          },
          {
            "x": 2923,
            "y": 380.0
          },
          {
            "x": 2891,
            "y": 380.0
          },
          {
            "x": 2891,
            "y": 387.0
          },
          {
            "x": 2890,
            "y": 388.0
          },
          {
            "x": 2858.0,
            "y": 388.0
          },
          {
            "x": 2858.0,
            "y": 395.0
          },
          {
            "x": 2857.0,
            "y": 396.0
          },
          {
            "x": 2826.0,
            "y": 396.0
          },
          {
            "x": 2826.0,
            "y": 404.0
          },
          {
            "x": 2825.0,
            "y": 405.0
          },
          {
            "x": 2785.0,
            "y": 405.0
          },
          {
            "x": 2785.0,
            "y": 412.0
          },
          {
            "x": 2784.0,
            "y": 413
          },
          {
            "x": 2760.0,
            "y": 413
          },
          {
            "x": 2760.0,
            "y": 420
          },
          {
            "x": 2759.0,
            "y": 421.0
          },
          {
            "x": 2735,
            "y": 421.0
          },
          {
            "x": 2735,
            "y": 428.0
          },
          {
            "x": 2734,
            "y": 429.0
          },
          {
            "x": 2711.0,
            "y": 429.0
          },
          {
            "x": 2711.0,
            "y": 436.0
          },
          {
            "x": 2710.0,
            "y": 437.0
          },
          {
            "x": 2678,
            "y": 437.0
          },
          {
            "x": 2678,
            "y": 445.0
          },
          {
            "x": 2677,
            "y": 446.0
          },
          {
            "x": 2653.0,
            "y": 446.0
          },
          {
            "x": 2653.0,
            "y": 453.0
          },
          {
            "x": 2652,
            "y": 454.0
          },
          {
            "x": 2629.0,
            "y": 454.0
          },
          {
            "x": 2629.0,
            "y": 461.0
          },
          {
            "x": 2628.0,
            "y": 462.0
          },
          {
            "x": 2596.0,
            "y": 462.0
          },
          {
            "x": 2596.0,
            "y": 469.0
          },
          {
            "x": 2595,
            "y": 470
          },
          {
            "x": 2571.0,
            "y": 470
          },
          {
            "x": 2571.0,
            "y": 477
          },
          {
            "x": 2570.0,
            "y": 478.0
          },
          {
            "x": 2563,
            "y": 478.0
          },
          {
            "x": 2563,
            "y": 486.0
          },
          {
            "x": 2562,
            "y": 487.0
          },
          {
            "x": 2555.0,
            "y": 487.0
          },
          {
            "x": 2555.0,
            "y": 494.0
          },
          {
            "x": 2554.0,
            "y": 495.0
          },
          {
            "x": 2538,
            "y": 495.0
          },
          {
            "x": 2538,
            "y": 502.0
          },
          {
            "x": 2537,
            "y": 503.0
          },
          {
            "x": 2506,
            "y": 503.0
          },
          {
            "x": 2506,
            "y": 510.0
          },
          {
            "x": 2505,
            "y": 511.0
          },
          {
            "x": 2448,
            "y": 511.0
          },
          {
            "x": 2448,
            "y": 518.0
          },
          {
            "x": 2447.0,
            "y": 519.0
          },
          {
            "x": 2440.0,
            "y": 519.0
          },
          {
            "x": 2440.0,
            "y": 527
          },
          {
            "x": 2439.0,
            "y": 528.0
          },
          {
            "x": 2424,
            "y": 528.0
          },
          {
            "x": 2424,
            "y": 535.0
          },
          {
            "x": 2423,
            "y": 536.0
          },
          {
            "x": 2268.0,
            "y": 536.0
          },
          {
            "x": 2268.0,
            "y": 543.0
          },
          {
            "x": 2267,
            "y": 544.0
          },
          {
            "x": 2243.0,
            "y": 544.0
          },
          {
            "x": 2243.0,
            "y": 551.0
          },
          {
            "x": 2242.0,
            "y": 552.0
          },
          {
            "x": 2219.0,
            "y": 552.0
          },
          {
            "x": 2219.0,
            "y": 559.0
          },
          {
            "x": 2218.0,
            "y": 560.0
          },
          {
            "x": 2177.0,
            "y": 560.0
          },
          {
            "x": 2177.0,
            "y": 568.0
          },
          {
            "x": 2176.0,
            "y": 569.0
          },
          {
            "x": 2128.0,
            "y": 569.0
          },
          {
            "x": 2128.0,
            "y": 576.0
          },
          {
            "x": 2127.0,
            "y": 577
          },
          {
            "x": 2079,
            "y": 577
          },
          {
            "x": 2079,
            "y": 584
          },
          {
            "x": 2078,
            "y": 585.0
          },
          {
            "x": 2030.0,
            "y": 585.0
          },
          {
            "x": 2030.0,
            "y": 592.0
          },
          {
            "x": 2029.0,
            "y": 593.0
          },
          {
            "x": 1981,
            "y": 593.0
          },
          {
            "x": 1981,
            "y": 600.0
          },
          {
            "x": 1980,
            "y": 601.0
          },
          {
            "x": 1931.0,
            "y": 601.0
          },
          {
            "x": 1931.0,
            "y": 609.0
          },
          {
            "x": 1930.0,
            "y": 610.0
          },
          {
            "x": 1899.0,
            "y": 610.0
          },
          {
            "x": 1899.0,
            "y": 617.0
          },
          {
            "x": 1898.0,
            "y": 618.0
          },
          {
            "x": 1866,
            "y": 618.0
          },
          {
            "x": 1866,
            "y": 625.0
          },
          {
            "x": 1865.0,
            "y": 626.0
          },
          {
            "x": 1833.0,
            "y": 626.0
          },
          {
            "x": 1833.0,
            "y": 633.0
          },
          {
            "x": 1832.0,
            "y": 634
          },
          {
            "x": 1759.0,
            "y": 634
          },
          {
            "x": 1759.0,
            "y": 641
          },
          {
            "x": 1758.0,
            "y": 642.0
          },
          {
            "x": 1726.0,
            "y": 642.0
          },
          {
            "x": 1726.0,
            "y": 650.0
          },
          {
            "x": 1725,
            "y": 651.0
          },
          {
            "x": 1677.0,
            "y": 651.0
          },
          {
            "x": 1677.0,
            "y": 658.0
          },
          {
            "x": 1676.0,
            "y": 659.0
          },
          {
            "x": 1644.0,
            "y": 659.0
          },
          {
            "x": 1644.0,
            "y": 666.0
          },
          {
            "x": 1643.0,
            "y": 667.0
          },
          {
            "x": 1611,
            "y": 667.0
          },
          {
            "x": 1611,
            "y": 674.0
          },
          {
            "x": 1610,
            "y": 675.0
          },
          {
            "x": 1587.0,
            "y": 675.0
          },
          {
            "x": 1587.0,
            "y": 682.0
          },
          {
            "x": 1586.0,
            "y": 683.0
          },
          {
            "x": 1570.0,
            "y": 683.0
          },
          {
            "x": 1570.0,
            "y": 691
          },
          {
            "x": 1569.0,
            "y": 692.0
          },
          {
            "x": 1554,
            "y": 692.0
          },
          {
            "x": 1554,
            "y": 699.0
          },
          {
            "x": 1553,
            "y": 700.0
          },
          {
            "x": 1538,
            "y": 700.0
          },
          {
            "x": 1538,
            "y": 707.0
          },
          {
            "x": 1537.0,
            "y": 708.0
          },
          {
            "x": 1521.0,
            "y": 708.0
          },
          {
            "x": 1521.0,
            "y": 715.0
          },
          {
            "x": 1520.0,
            "y": 716.0
          },
          {
            "x": 1505.0,
            "y": 716.0
          },
          {
            "x": 1505.0,
            "y": 723.0
          },
          {
            "x": 1504.0,
            "y": 724.0
          },
          {
            "x": 1488.0,
            "y": 724.0
          },
          {
            "x": 1488.0,
            "y": 732.0
          },
          {
            "x": 1487.0,
            "y": 733.0
          },
          {
            "x": 1480.0,
            "y": 733.0
          },
          {
            "x": 1480.0,
            "y": 740.0
          },
          {
            "x": 1479.0,
            "y": 741
          },
          {
            "x": 1472.0,
            "y": 741
          },
          {
            "x": 1472.0,
            "y": 748
          },
          {
            "x": 1471.0,
            "y": 749.0
          },
          {
            "x": 1464.0,
            "y": 749.0
          },
          {
            "x": 1464.0,
            "y": 756.0
          },
          {
            "x": 1463.0,
            "y": 757.0
          },
          {
            "x": 1456.0,
            "y": 757.0
          },
          {
            "x": 1456.0,
            "y": 765.0
          },
          {
            "x": 1455.0,
            "y": 766.0
          },
          {
            "x": 1447.0,
            "y": 766.0
          },
          {
            "x": 1447.0,
            "y": 773.0
          },
          {
            "x": 1446.0,
            "y": 774.0
          }
        ]
      }
    },
    {
      "annotator": {
        "email": "corporate@bex.kg",
        "full_name": "Aizada Tynchybek kyzy"
      },
      "name": "Road ",
      "polygon": {
        "path": [
          {
            "x": 1675.02,
            "y": 3643.66
          },
          {
            "x": 3.16,
            "y": 3648.75
          },
          {
            "x": 3.16,
            "y": 3479.02
          },
          {
            "x": 1058.89,
            "y": 3368.69
          },
          {
            "x": 1165.82,
            "y": 3309.28
          },
          {
            "x": 1250.69,
            "y": 3227.81
          },
          {
            "x": 1301.61,
            "y": 3142.95
          },
          {
            "x": 1259.12,
            "y": 2601.17
          },
          {
            "x": 1209.43,
            "y": 2120.85
          },
          {
            "x": 1159.74,
            "y": 1748.19
          },
          {
            "x": 1076.93,
            "y": 1252.14
          },
          {
            "x": 988.59,
            "y": 904.32
          },
          {
            "x": 850.73,
            "y": 437.72
          },
          {
            "x": 676.62,
            "y": -1.0
          },
          {
            "x": 1041.4,
            "y": 6.89
          },
          {
            "x": 1179.42,
            "y": 369.69
          },
          {
            "x": 1238.58,
            "y": 440.67
          },
          {
            "x": 1315.47,
            "y": 489.97
          },
          {
            "x": 1390.4,
            "y": 515.6
          },
          {
            "x": 1483.07,
            "y": 519.55
          },
          {
            "x": 1577.72,
            "y": 501.8
          },
          {
            "x": 3154.88,
            "y": 164.37
          },
          {
            "x": 3414.7,
            "y": 143.16
          },
          {
            "x": 3743.44,
            "y": 137.86
          },
          {
            "x": 4236.56,
            "y": 164.37
          },
          {
            "x": 4724.37,
            "y": 196.19
          },
          {
            "x": 5265.21,
            "y": 222.7
          },
          {
            "x": 5470.4,
            "y": 231.48
          },
          {
            "x": 5471.78,
            "y": 365.37
          },
          {
            "x": 4069.46,
            "y": 296.36
          },
          {
            "x": 3530.05,
            "y": 252.78
          },
          {
            "x": 3405.82,
            "y": 267.57
          },
          {
            "x": 1613.35,
            "y": 660.16
          },
          {
            "x": 1525.02,
            "y": 690.53
          },
          {
            "x": 1444.97,
            "y": 740.22
          },
          {
            "x": 1395.28,
            "y": 823.03
          },
          {
            "x": 1359.39,
            "y": 933.45
          },
          {
            "x": 1362.15,
            "y": 1021.79
          },
          {
            "x": 1431.63,
            "y": 1344.41
          },
          {
            "x": 1480.32,
            "y": 1650.11
          },
          {
            "x": 1542.54,
            "y": 2123.53
          },
          {
            "x": 1608.24,
            "y": 2802.47
          }
        ]
      }
    }
  ]
}