{
  "image": {
    "width": 5472,
    "height": 3648,
    "filename": "00000055.JPG",
    "original_filename": "EP-00-00012_0119_0012.JPG",
    "url": "https://darwin.v7labs.com/api/images/1221656/original?token=43ffe058-ebd2-4afa-8955-89cf45e925a6",
    "thumbnail_url": "https://darwin.v7labs.com/api/images/1221656/thumbnail?token=43ffe058-ebd2-4afa-8955-89cf45e925a6",
    "workview_url": "https://darwin.v7labs.com/workview?dataset=1190&image=55"
  },
  "dataset": "Mapping_1",
  "annotated": true,
  "annotations": [
    {
      "annotator": {
        "email": "order@bex.kg",
        "full_name": "Zhaparova  Nurzhan"
      },
      "name": "Vehicle Polygon ",
      "polygon": {
        "path": [
          {
            "x": 3990,
            "y": 2017
          },
          {
            "x": 3989.0,
            "y": 2018.0
          },
          {
            "x": 3988,
            "y": 2018.0
          },
          {
            "x": 3987,
            "y": 2019
          },
          {
            "x": 3984,
            "y": 2019
          },
          {
            "x": 3983,
            "y": 2020.0
          },
          {
            "x": 3981.0,
            "y": 2020.0
          },
          {
            "x": 3980,
            "y": 2021
          },
          {
            "x": 3979,
            "y": 2021
          },
          {
            "x": 3978,
            "y": 2022.0
          },
          {
            "x": 3976,
            "y": 2022.0
          },
          {
            "x": 3972,
            "y": 2026
          },
          {
            "x": 3971,
            "y": 2026
          },
          {
            "x": 3964,
            "y": 2033
          },
          {
            "x": 3963,
            "y": 2033
          },
          {
            "x": 3961,
            "y": 2035
          },
          {
            "x": 3960,
            "y": 2035
          },
          {
            "x": 3957,
            "y": 2038
          },
          {
            "x": 3957,
            "y": 2039
          },
          {
            "x": 3956,
            "y": 2040
          },
          {
            "x": 3956,
            "y": 2042
          },
          {
            "x": 3955,
            "y": 2043.0
          },
          {
            "x": 3955,
            "y": 2049
          },
          {
            "x": 3954.0,
            "y": 2050
          },
          {
            "x": 3954.0,
            "y": 2053
          },
          {
            "x": 3953,
            "y": 2054
          },
          {
            "x": 3954.0,
            "y": 2055
          },
          {
            "x": 3954.0,
            "y": 2058
          },
          {
            "x": 3955,
            "y": 2059
          },
          {
            "x": 3955,
            "y": 2063
          },
          {
            "x": 3956,
            "y": 2064
          },
          {
            "x": 3956,
            "y": 2065
          },
          {
            "x": 3957,
            "y": 2066
          },
          {
            "x": 3957,
            "y": 2069
          },
          {
            "x": 3958.0,
            "y": 2070
          },
          {
            "x": 3958.0,
            "y": 2072
          },
          {
            "x": 3960,
            "y": 2074
          },
          {
            "x": 3960,
            "y": 2075
          },
          {
            "x": 3962.0,
            "y": 2077
          },
          {
            "x": 3962.0,
            "y": 2080
          },
          {
            "x": 3963,
            "y": 2081
          },
          {
            "x": 3963,
            "y": 2084
          },
          {
            "x": 3964,
            "y": 2085
          },
          {
            "x": 3964,
            "y": 2086
          },
          {
            "x": 3965,
            "y": 2087
          },
          {
            "x": 3965,
            "y": 2091
          },
          {
            "x": 3967,
            "y": 2093
          },
          {
            "x": 3967,
            "y": 2095
          },
          {
            "x": 3968,
            "y": 2096
          },
          {
            "x": 3968,
            "y": 2097
          },
          {
            "x": 3969,
            "y": 2098
          },
          {
            "x": 3969,
            "y": 2100
          },
          {
            "x": 3970.0,
            "y": 2101
          },
          {
            "x": 3970.0,
            "y": 2102
          },
          {
            "x": 3971,
            "y": 2103
          },
          {
            "x": 3971,
            "y": 2104
          },
          {
            "x": 3972,
            "y": 2105
          },
          {
            "x": 3972,
            "y": 2107
          },
          {
            "x": 3974.0,
            "y": 2109
          },
          {
            "x": 3974.0,
            "y": 2112
          },
          {
            "x": 3975,
            "y": 2113
          },
          {
            "x": 3975,
            "y": 2114
          },
          {
            "x": 3977,
            "y": 2116
          },
          {
            "x": 3977,
            "y": 2117
          },
          {
            "x": 3979,
            "y": 2119
          },
          {
            "x": 3979,
            "y": 2121
          },
          {
            "x": 3980,
            "y": 2121
          },
          {
            "x": 3981.0,
            "y": 2122
          },
          {
            "x": 3981.0,
            "y": 2123
          },
          {
            "x": 3982,
            "y": 2124
          },
          {
            "x": 3982,
            "y": 2125
          },
          {
            "x": 3984,
            "y": 2127
          },
          {
            "x": 3984,
            "y": 2128
          },
          {
            "x": 3986,
            "y": 2130
          },
          {
            "x": 3986,
            "y": 2131
          },
          {
            "x": 3987,
            "y": 2132
          },
          {
            "x": 3987,
            "y": 2133
          },
          {
            "x": 3988,
            "y": 2134
          },
          {
            "x": 3988,
            "y": 2135
          },
          {
            "x": 3989.0,
            "y": 2136
          },
          {
            "x": 3990,
            "y": 2136
          },
          {
            "x": 3991,
            "y": 2137
          },
          {
            "x": 3991,
            "y": 2138
          },
          {
            "x": 3993.0,
            "y": 2140
          },
          {
            "x": 3993.0,
            "y": 2141
          },
          {
            "x": 3994,
            "y": 2142
          },
          {
            "x": 3994,
            "y": 2144
          },
          {
            "x": 3996,
            "y": 2146
          },
          {
            "x": 3996,
            "y": 2148
          },
          {
            "x": 3997.0,
            "y": 2149
          },
          {
            "x": 3997.0,
            "y": 2150
          },
          {
            "x": 3998,
            "y": 2151
          },
          {
            "x": 3998,
            "y": 2153
          },
          {
            "x": 3999,
            "y": 2154
          },
          {
            "x": 3999,
            "y": 2156
          },
          {
            "x": 4000,
            "y": 2157
          },
          {
            "x": 4000,
            "y": 2158
          },
          {
            "x": 4001.0,
            "y": 2159
          },
          {
            "x": 4001.0,
            "y": 2161
          },
          {
            "x": 4002,
            "y": 2162
          },
          {
            "x": 4002,
            "y": 2163
          },
          {
            "x": 4003,
            "y": 2164
          },
          {
            "x": 4003,
            "y": 2166
          },
          {
            "x": 4005.0,
            "y": 2168
          },
          {
            "x": 4005.0,
            "y": 2170
          },
          {
            "x": 4006,
            "y": 2171
          },
          {
            "x": 4006,
            "y": 2172
          },
          {
            "x": 4007,
            "y": 2173
          },
          {
            "x": 4007,
            "y": 2174
          },
          {
            "x": 4008,
            "y": 2175
          },
          {
            "x": 4008,
            "y": 2176
          },
          {
            "x": 4009.0,
            "y": 2176
          },
          {
            "x": 4010,
            "y": 2177
          },
          {
            "x": 4010,
            "y": 2179
          },
          {
            "x": 4011,
            "y": 2180
          },
          {
            "x": 4011,
            "y": 2183
          },
          {
            "x": 4013,
            "y": 2185
          },
          {
            "x": 4013,
            "y": 2186
          },
          {
            "x": 4015,
            "y": 2188
          },
          {
            "x": 4015,
            "y": 2189
          },
          {
            "x": 4018,
            "y": 2192
          },
          {
            "x": 4018,
            "y": 2193
          },
          {
            "x": 4019,
            "y": 2194
          },
          {
            "x": 4019,
            "y": 2195
          },
          {
            "x": 4020.0,
            "y": 2196
          },
          {
            "x": 4020.0,
            "y": 2199
          },
          {
            "x": 4017,
            "y": 2202
          },
          {
            "x": 4017,
            "y": 2207
          },
          {
            "x": 4023,
            "y": 2213
          },
          {
            "x": 4025,
            "y": 2213
          },
          {
            "x": 4027,
            "y": 2215
          },
          {
            "x": 4028.0,
            "y": 2215
          },
          {
            "x": 4029,
            "y": 2216
          },
          {
            "x": 4029,
            "y": 2217
          },
          {
            "x": 4030,
            "y": 2218
          },
          {
            "x": 4030,
            "y": 2219
          },
          {
            "x": 4032.0,
            "y": 2221
          },
          {
            "x": 4032.0,
            "y": 2222
          },
          {
            "x": 4033,
            "y": 2222
          },
          {
            "x": 4034,
            "y": 2223
          },
          {
            "x": 4034,
            "y": 2224
          },
          {
            "x": 4035,
            "y": 2225
          },
          {
            "x": 4035,
            "y": 2226
          },
          {
            "x": 4036.0,
            "y": 2227
          },
          {
            "x": 4035,
            "y": 2228
          },
          {
            "x": 4035,
            "y": 2229
          },
          {
            "x": 4034,
            "y": 2230
          },
          {
            "x": 4034,
            "y": 2231
          },
          {
            "x": 4033,
            "y": 2232
          },
          {
            "x": 4033,
            "y": 2234
          },
          {
            "x": 4034,
            "y": 2235
          },
          {
            "x": 4034,
            "y": 2237
          },
          {
            "x": 4035,
            "y": 2238
          },
          {
            "x": 4036.0,
            "y": 2238
          },
          {
            "x": 4037,
            "y": 2239
          },
          {
            "x": 4039,
            "y": 2239
          },
          {
            "x": 4040.0,
            "y": 2240
          },
          {
            "x": 4046,
            "y": 2240
          },
          {
            "x": 4047.0,
            "y": 2239
          },
          {
            "x": 4055.0,
            "y": 2239
          },
          {
            "x": 4056,
            "y": 2238
          },
          {
            "x": 4058,
            "y": 2238
          },
          {
            "x": 4059.0,
            "y": 2237
          },
          {
            "x": 4064,
            "y": 2237
          },
          {
            "x": 4065,
            "y": 2236
          },
          {
            "x": 4066,
            "y": 2236
          },
          {
            "x": 4068,
            "y": 2234
          },
          {
            "x": 4070,
            "y": 2234
          },
          {
            "x": 4071.0,
            "y": 2233
          },
          {
            "x": 4072,
            "y": 2233
          },
          {
            "x": 4073,
            "y": 2232
          },
          {
            "x": 4080,
            "y": 2232
          },
          {
            "x": 4081,
            "y": 2231
          },
          {
            "x": 4084,
            "y": 2231
          },
          {
            "x": 4086.0,
            "y": 2229
          },
          {
            "x": 4088,
            "y": 2229
          },
          {
            "x": 4089,
            "y": 2228
          },
          {
            "x": 4090.0,
            "y": 2228
          },
          {
            "x": 4091,
            "y": 2227
          },
          {
            "x": 4094.0,
            "y": 2227
          },
          {
            "x": 4096,
            "y": 2225
          },
          {
            "x": 4098,
            "y": 2225
          },
          {
            "x": 4099,
            "y": 2224
          },
          {
            "x": 4101,
            "y": 2224
          },
          {
            "x": 4101,
            "y": 2223
          },
          {
            "x": 4102,
            "y": 2222
          },
          {
            "x": 4103,
            "y": 2222
          },
          {
            "x": 4105,
            "y": 2220
          },
          {
            "x": 4106,
            "y": 2220
          },
          {
            "x": 4107,
            "y": 2219
          },
          {
            "x": 4108,
            "y": 2219
          },
          {
            "x": 4108,
            "y": 2218
          },
          {
            "x": 4109,
            "y": 2217
          },
          {
            "x": 4110,
            "y": 2217
          },
          {
            "x": 4110,
            "y": 2216
          },
          {
            "x": 4111,
            "y": 2215
          },
          {
            "x": 4111,
            "y": 2214
          },
          {
            "x": 4112,
            "y": 2213
          },
          {
            "x": 4112,
            "y": 2209
          },
          {
            "x": 4111,
            "y": 2208
          },
          {
            "x": 4111,
            "y": 2207
          },
          {
            "x": 4110,
            "y": 2206
          },
          {
            "x": 4110,
            "y": 2202
          },
          {
            "x": 4108,
            "y": 2200
          },
          {
            "x": 4108,
            "y": 2198
          },
          {
            "x": 4107,
            "y": 2197
          },
          {
            "x": 4107,
            "y": 2196
          },
          {
            "x": 4106,
            "y": 2195
          },
          {
            "x": 4106,
            "y": 2191
          },
          {
            "x": 4105,
            "y": 2190
          },
          {
            "x": 4105,
            "y": 2184
          },
          {
            "x": 4104,
            "y": 2183
          },
          {
            "x": 4104,
            "y": 2182
          },
          {
            "x": 4103,
            "y": 2181
          },
          {
            "x": 4103,
            "y": 2178
          },
          {
            "x": 4101,
            "y": 2176
          },
          {
            "x": 4101,
            "y": 2172
          },
          {
            "x": 4100,
            "y": 2171
          },
          {
            "x": 4100,
            "y": 2170
          },
          {
            "x": 4099,
            "y": 2169
          },
          {
            "x": 4099,
            "y": 2168
          },
          {
            "x": 4098,
            "y": 2167
          },
          {
            "x": 4098,
            "y": 2165
          },
          {
            "x": 4097,
            "y": 2165
          },
          {
            "x": 4096,
            "y": 2164
          },
          {
            "x": 4096,
            "y": 2162
          },
          {
            "x": 4095,
            "y": 2161
          },
          {
            "x": 4095,
            "y": 2160
          },
          {
            "x": 4094.0,
            "y": 2159
          },
          {
            "x": 4094.0,
            "y": 2155
          },
          {
            "x": 4093,
            "y": 2154
          },
          {
            "x": 4093,
            "y": 2151
          },
          {
            "x": 4092,
            "y": 2150
          },
          {
            "x": 4092,
            "y": 2149
          },
          {
            "x": 4091,
            "y": 2148
          },
          {
            "x": 4091,
            "y": 2146
          },
          {
            "x": 4090.0,
            "y": 2145
          },
          {
            "x": 4090.0,
            "y": 2144
          },
          {
            "x": 4089,
            "y": 2143
          },
          {
            "x": 4089,
            "y": 2141
          },
          {
            "x": 4088,
            "y": 2140
          },
          {
            "x": 4088,
            "y": 2137
          },
          {
            "x": 4086.0,
            "y": 2135
          },
          {
            "x": 4086.0,
            "y": 2133
          },
          {
            "x": 4085,
            "y": 2132
          },
          {
            "x": 4085,
            "y": 2131
          },
          {
            "x": 4084,
            "y": 2130
          },
          {
            "x": 4084,
            "y": 2128
          },
          {
            "x": 4083,
            "y": 2127
          },
          {
            "x": 4083,
            "y": 2126
          },
          {
            "x": 4082.0,
            "y": 2125
          },
          {
            "x": 4082.0,
            "y": 2123
          },
          {
            "x": 4081,
            "y": 2122
          },
          {
            "x": 4081,
            "y": 2120
          },
          {
            "x": 4080,
            "y": 2119
          },
          {
            "x": 4080,
            "y": 2118
          },
          {
            "x": 4079,
            "y": 2117
          },
          {
            "x": 4079,
            "y": 2116
          },
          {
            "x": 4077,
            "y": 2114
          },
          {
            "x": 4077,
            "y": 2112
          },
          {
            "x": 4076,
            "y": 2111
          },
          {
            "x": 4076,
            "y": 2108
          },
          {
            "x": 4075.0,
            "y": 2107
          },
          {
            "x": 4075.0,
            "y": 2106
          },
          {
            "x": 4074,
            "y": 2105
          },
          {
            "x": 4074,
            "y": 2103
          },
          {
            "x": 4073,
            "y": 2102
          },
          {
            "x": 4073,
            "y": 2101
          },
          {
            "x": 4072,
            "y": 2100
          },
          {
            "x": 4072,
            "y": 2098
          },
          {
            "x": 4071.0,
            "y": 2098
          },
          {
            "x": 4070,
            "y": 2097
          },
          {
            "x": 4070,
            "y": 2095
          },
          {
            "x": 4069,
            "y": 2094
          },
          {
            "x": 4069,
            "y": 2093
          },
          {
            "x": 4068,
            "y": 2092
          },
          {
            "x": 4068,
            "y": 2091
          },
          {
            "x": 4067.0,
            "y": 2090
          },
          {
            "x": 4067.0,
            "y": 2089
          },
          {
            "x": 4066,
            "y": 2088
          },
          {
            "x": 4066,
            "y": 2087
          },
          {
            "x": 4065,
            "y": 2086
          },
          {
            "x": 4065,
            "y": 2084
          },
          {
            "x": 4064,
            "y": 2083
          },
          {
            "x": 4064,
            "y": 2081
          },
          {
            "x": 4062,
            "y": 2079
          },
          {
            "x": 4062,
            "y": 2077
          },
          {
            "x": 4060,
            "y": 2075
          },
          {
            "x": 4060,
            "y": 2067
          },
          {
            "x": 4057,
            "y": 2064
          },
          {
            "x": 4057,
            "y": 2063
          },
          {
            "x": 4056,
            "y": 2062
          },
          {
            "x": 4056,
            "y": 2061
          },
          {
            "x": 4055.0,
            "y": 2060
          },
          {
            "x": 4055.0,
            "y": 2058
          },
          {
            "x": 4053,
            "y": 2056
          },
          {
            "x": 4053,
            "y": 2055
          },
          {
            "x": 4052,
            "y": 2054
          },
          {
            "x": 4052,
            "y": 2050
          },
          {
            "x": 4051.0,
            "y": 2049
          },
          {
            "x": 4051.0,
            "y": 2046
          },
          {
            "x": 4050,
            "y": 2045.0
          },
          {
            "x": 4050,
            "y": 2041.0
          },
          {
            "x": 4048,
            "y": 2039
          },
          {
            "x": 4048,
            "y": 2037
          },
          {
            "x": 4046,
            "y": 2035
          },
          {
            "x": 4046,
            "y": 2033
          },
          {
            "x": 4045,
            "y": 2032
          },
          {
            "x": 4045,
            "y": 2031
          },
          {
            "x": 4044.0,
            "y": 2031
          },
          {
            "x": 4043,
            "y": 2030
          },
          {
            "x": 4043,
            "y": 2029
          },
          {
            "x": 4041,
            "y": 2027
          },
          {
            "x": 4041,
            "y": 2026
          },
          {
            "x": 4040.0,
            "y": 2025
          },
          {
            "x": 4040.0,
            "y": 2024
          },
          {
            "x": 4036.0,
            "y": 2020.0
          },
          {
            "x": 4036.0,
            "y": 2019
          },
          {
            "x": 4035,
            "y": 2019
          },
          {
            "x": 4033,
            "y": 2017
          },
          {
            "x": 4032.0,
            "y": 2017
          },
          {
            "x": 4031,
            "y": 2016.0
          },
          {
            "x": 4030,
            "y": 2016.0
          },
          {
            "x": 4028.0,
            "y": 2014.0
          },
          {
            "x": 4017,
            "y": 2014.0
          },
          {
            "x": 4016.0,
            "y": 2013
          },
          {
            "x": 4011,
            "y": 2013
          },
          {
            "x": 4010,
            "y": 2014.0
          },
          {
            "x": 4006,
            "y": 2014.0
          },
          {
            "x": 4005.0,
            "y": 2015
          },
          {
            "x": 4003,
            "y": 2015
          },
          {
            "x": 4002,
            "y": 2016.0
          },
          {
            "x": 3998,
            "y": 2016.0
          },
          {
            "x": 3997.0,
            "y": 2017
          }
        ]
      }
    },
    {
      "annotator": {
        "email": "order@bex.kg",
        "full_name": "Zhaparova  Nurzhan"
      },
      "name": "Spring field Polygon ",
      "polygon": {
        "path": [
          {
            "x": 3463.77,
            "y": 283.57
          },
          {
            "x": 3695.8,
            "y": 2.7
          },
          {
            "x": 5466.54,
            "y": 2.7
          },
          {
            "x": 5478.75,
            "y": 3654.08
          },
          {
            "x": 4709.39,
            "y": 3666.29
          },
          {
            "x": 4465.15,
            "y": 2958.0
          },
          {
            "x": 4086.58,
            "y": 1968.83
          },
          {
            "x": 3842.34,
            "y": 1358.23
          }
        ]
      }
    },
    {
      "annotator": {
        "email": "order@bex.kg",
        "full_name": "Zhaparova  Nurzhan"
      },
      "name": "Spring field Polygon ",
      "polygon": {
        "path": [
          {
            "x": 3512.62,
            "y": 1639.1
          },
          {
            "x": 4233.13,
            "y": 3654.08
          },
          {
            "x": 7.78,
            "y": 3654.08
          },
          {
            "x": -4.43,
            "y": 2933.57
          },
          {
            "x": 484.04,
            "y": 2567.22
          },
          {
            "x": 764.92,
            "y": 2628.28
          },
          {
            "x": 1167.92,
            "y": 2725.97
          },
          {
            "x": 1534.28,
            "y": 2799.24
          },
          {
            "x": 1741.88,
            "y": 2750.39
          },
          {
            "x": 1876.21,
            "y": 2603.85
          },
          {
            "x": 1973.91,
            "y": 2347.4
          },
          {
            "x": 1961.7,
            "y": 2103.16
          },
          {
            "x": 1754.09,
            "y": 1773.44
          },
          {
            "x": 1791.48,
            "y": 1669.01
          },
          {
            "x": 1828.86,
            "y": 1625.4
          },
          {
            "x": 1860.01,
            "y": 1588.01
          },
          {
            "x": 1922.32,
            "y": 1581.78
          },
          {
            "x": 2040.7,
            "y": 1482.09
          },
          {
            "x": 2190.23,
            "y": 1345.02
          },
          {
            "x": 2277.46,
            "y": 1264.02
          },
          {
            "x": 2470.61,
            "y": 1257.79
          },
          {
            "x": 2638.84,
            "y": 1264.02
          },
          {
            "x": 2825.76,
            "y": 1307.64
          },
          {
            "x": 3000.21,
            "y": 1407.33
          },
          {
            "x": 3224.52,
            "y": 1531.94
          }
        ]
      }
    },
    {
      "annotator": {
        "email": "order@bex.kg",
        "full_name": "Zhaparova  Nurzhan"
      },
      "bounding_box": {
        "h": 286.1,
        "w": 365.57,
        "x": 11.17,
        "y": 1592.89
      },
      "name": "Tree "
    },
    {
      "annotator": {
        "email": "order@bex.kg",
        "full_name": "Zhaparova  Nurzhan"
      },
      "bounding_box": {
        "h": 354.98,
        "w": 392.06,
        "x": 286.68,
        "y": 1815.41
      },
      "name": "Tree "
    },
    {
      "annotator": {
        "email": "order@bex.kg",
        "full_name": "Zhaparova  Nurzhan"
      },
      "bounding_box": {
        "h": 339.08,
        "w": 365.57,
        "x": 1288.03,
        "y": 771.68
      },
      "name": "Tree "
    },
    {
      "annotator": {
        "email": "order@bex.kg",
        "full_name": "Zhaparova  Nurzhan"
      },
      "bounding_box": {
        "h": 354.98,
        "w": 360.27,
        "x": 2003.27,
        "y": 496.17
      },
      "name": "Tree "
    },
    {
      "annotator": {
        "email": "order@bex.kg",
        "full_name": "Zhaparova  Nurzhan"
      },
      "bounding_box": {
        "h": 354.52,
        "w": 347.13,
        "x": 2209.92,
        "y": 165.43
      },
      "name": "Tree "
    },
    {
      "annotator": {
        "email": "order@bex.kg",
        "full_name": "Zhaparova  Nurzhan"
      },
      "bounding_box": {
        "h": 265.89,
        "w": 280.66,
        "x": 1781.55,
        "y": 1561.35
      },
      "name": "Tree "
    },
    {
      "annotator": {
        "email": "order@bex.kg",
        "full_name": "Zhaparova  Nurzhan"
      },
      "bounding_box": {
        "h": 265.89,
        "w": 280.66,
        "x": 2003.12,
        "y": 2004.5
      },
      "name": "Tree "
    },
    {
      "annotator": {
        "email": "order@bex.kg",
        "full_name": "Zhaparova  Nurzhan"
      },
      "bounding_box": {
        "h": 273.28,
        "w": 273.28,
        "x": 1944.03,
        "y": 2484.57
      },
      "name": "Tree "
    },
    {
      "annotator": {
        "email": "order@bex.kg",
        "full_name": "Zhaparova  Nurzhan"
      },
      "bounding_box": {
        "h": 258.5,
        "w": 295.43,
        "x": 1596.9,
        "y": 2868.64
      },
      "name": "Tree "
    },
    {
      "annotator": {
        "email": "order@bex.kg",
        "full_name": "Zhaparova  Nurzhan"
      },
      "bounding_box": {
        "h": 251.12,
        "w": 280.66,
        "x": 1094.66,
        "y": 2905.57
      },
      "name": "Tree "
    },
    {
      "annotator": {
        "email": "order@bex.kg",
        "full_name": "Zhaparova  Nurzhan"
      },
      "bounding_box": {
        "h": 288.05,
        "w": 273.28,
        "x": 644.13,
        "y": 2780.01
      },
      "name": "Tree "
    },
    {
      "annotator": {
        "email": "order@bex.kg",
        "full_name": "Zhaparova  Nurzhan"
      },
      "bounding_box": {
        "h": 214.19,
        "w": 310.2,
        "x": 208.37,
        "y": 2720.92
      },
      "name": "Tree "
    },
    {
      "annotator": {
        "email": "order@bex.kg",
        "full_name": "Zhaparova  Nurzhan"
      },
      "name": "Building Polygon",
      "polygon": {
        "path": [
          {
            "x": 2.16,
            "y": 1041.68
          },
          {
            "x": 127.71,
            "y": 1285.41
          },
          {
            "x": 194.19,
            "y": 1270.64
          },
          {
            "x": 511.78,
            "y": 1403.59
          },
          {
            "x": 1841.22,
            "y": 509.9
          },
          {
            "x": 2225.28,
            "y": 221.86
          },
          {
            "x": 2114.5,
            "y": 0.28
          },
          {
            "x": 2.16,
            "y": 7.67
          }
        ]
      }
    },
    {
      "annotator": {
        "email": "order@bex.kg",
        "full_name": "Zhaparova  Nurzhan"
      },
      "name": "Road ",
      "polygon": {
        "path": [
          {
            "x": 2892.14,
            "y": -9.65
          },
          {
            "x": 3391.91,
            "y": 1360.42
          },
          {
            "x": 3434.99,
            "y": 1506.9
          },
          {
            "x": 3305.74,
            "y": 1489.67
          },
          {
            "x": 3073.09,
            "y": 1369.03
          },
          {
            "x": 2840.44,
            "y": 1231.17
          },
          {
            "x": 2469.91,
            "y": 1179.46
          },
          {
            "x": 2237.26,
            "y": 1213.93
          },
          {
            "x": 2009.18,
            "y": 1403.85
          },
          {
            "x": 1858.12,
            "y": 1558.6
          },
          {
            "x": 1711.64,
            "y": 1696.47
          },
          {
            "x": 1685.79,
            "y": 1679.24
          },
          {
            "x": 1185.49,
            "y": 2033.05
          },
          {
            "x": 970.59,
            "y": 1722.32
          },
          {
            "x": 763.79,
            "y": 1886.04
          },
          {
            "x": 815.49,
            "y": 2032.53
          },
          {
            "x": 824.11,
            "y": 2092.84
          },
          {
            "x": 729.32,
            "y": 2204.86
          },
          {
            "x": 617.31,
            "y": 2230.71
          },
          {
            "x": 488.05,
            "y": 2213.48
          },
          {
            "x": 384.65,
            "y": 2135.93
          },
          {
            "x": 260.15,
            "y": 1950.58
          },
          {
            "x": 212.32,
            "y": 1859.84
          },
          {
            "x": 91.68,
            "y": 1894.66
          },
          {
            "x": 14.13,
            "y": 1748.17
          },
          {
            "x": -2.93,
            "y": 2001.75
          },
          {
            "x": 83.07,
            "y": 2118.69
          },
          {
            "x": 156.04,
            "y": 2256.56
          },
          {
            "x": 186.47,
            "y": 2403.05
          },
          {
            "x": 95.73,
            "y": 2497.48
          },
          {
            "x": -3.1,
            "y": 2540.92
          },
          {
            "x": -7.15,
            "y": 2924.27
          },
          {
            "x": 414.9,
            "y": 2610.03
          },
          {
            "x": 501.42,
            "y": 2549.53
          },
          {
            "x": 608.69,
            "y": 2584
          },
          {
            "x": 1401.43,
            "y": 2764.95
          },
          {
            "x": 1582.39,
            "y": 2790.8
          },
          {
            "x": 1797.8,
            "y": 2704.63
          },
          {
            "x": 1918.44,
            "y": 2515.07
          },
          {
            "x": 1970.14,
            "y": 2351.35
          },
          {
            "x": 1944.29,
            "y": 2144.54
          },
          {
            "x": 1832.27,
            "y": 1937.74
          },
          {
            "x": 1763.34,
            "y": 1782.64
          },
          {
            "x": 1797.8,
            "y": 1696.47
          },
          {
            "x": 1901.21,
            "y": 1601.69
          },
          {
            "x": 2073.54,
            "y": 1463.82
          },
          {
            "x": 2228.64,
            "y": 1317.33
          },
          {
            "x": 2349.28,
            "y": 1248.4
          },
          {
            "x": 2547.46,
            "y": 1265.63
          },
          {
            "x": 2745.65,
            "y": 1282.87
          },
          {
            "x": 2961.07,
            "y": 1403.5
          },
          {
            "x": 3176.49,
            "y": 1524.14
          },
          {
            "x": 3374.68,
            "y": 1601.69
          },
          {
            "x": 3503.93,
            "y": 1644.77
          },
          {
            "x": 3883.07,
            "y": 2661.55
          },
          {
            "x": 4150.19,
            "y": 3402.59
          },
          {
            "x": 4244.97,
            "y": 3635.25
          },
          {
            "x": 4710.28,
            "y": 3635.25
          },
          {
            "x": 4503.47,
            "y": 3126.86
          },
          {
            "x": 4219.12,
            "y": 2291.03
          },
          {
            "x": 3900.3,
            "y": 1489.67
          },
          {
            "x": 3598.71,
            "y": 757.24
          },
          {
            "x": 3434.99,
            "y": 274.7
          },
          {
            "x": 3547.01,
            "y": 145.45
          },
          {
            "x": 3702.11,
            "y": 7.58
          }
        ]
      }
    },
    {
      "annotator": {
        "email": "order@bex.kg",
        "full_name": "Zhaparova  Nurzhan"
      },
      "name": "Spring field Polygon ",
      "polygon": {
        "path": [
          {
            "x": 2877.93,
            "y": -0.33
          },
          {
            "x": 3004.94,
            "y": 317.84
          },
          {
            "x": 3166.93,
            "y": 778.9
          },
          {
            "x": 3328.93,
            "y": 1177.66
          },
          {
            "x": 3434.85,
            "y": 1476.73
          },
          {
            "x": 3385.0,
            "y": 1520.34
          },
          {
            "x": 3279.08,
            "y": 1476.73
          },
          {
            "x": 2960.91,
            "y": 1290.02
          },
          {
            "x": 2624.87,
            "y": 1183.89
          },
          {
            "x": 2363.18,
            "y": 1183.89
          },
          {
            "x": 2248.02,
            "y": 1212.44
          },
          {
            "x": 2120.19,
            "y": 1302.27
          },
          {
            "x": 2001.81,
            "y": 1395.73
          },
          {
            "x": 1964.43,
            "y": 1358.35
          },
          {
            "x": 1889.66,
            "y": 1327.2
          },
          {
            "x": 1814.89,
            "y": 1383.27
          },
          {
            "x": 1746.35,
            "y": 1352.12
          },
          {
            "x": 1733.89,
            "y": 1264.89
          },
          {
            "x": 1656.32,
            "y": 1212.24
          },
          {
            "x": 1596.82,
            "y": 1271.12
          },
          {
            "x": 1490.9,
            "y": 1115.35
          },
          {
            "x": 1603.05,
            "y": 1065.51
          },
          {
            "x": 1605.65,
            "y": 1000.4
          },
          {
            "x": 1672.61,
            "y": 973.49
          },
          {
            "x": 1721.43,
            "y": 928.44
          },
          {
            "x": 1752.58,
            "y": 853.67
          },
          {
            "x": 1702.74,
            "y": 788.15
          },
          {
            "x": 1823.93,
            "y": 694.48
          },
          {
            "x": 1889.66,
            "y": 766.44
          },
          {
            "x": 2001.81,
            "y": 772.67
          },
          {
            "x": 2082.81,
            "y": 866.13
          },
          {
            "x": 2182.5,
            "y": 878.59
          },
          {
            "x": 2325.8,
            "y": 853.67
          },
          {
            "x": 2388.11,
            "y": 772.67
          },
          {
            "x": 2388.11,
            "y": 623.14
          },
          {
            "x": 2413.03,
            "y": 573.29
          },
          {
            "x": 2506.49,
            "y": 573.29
          },
          {
            "x": 2581.26,
            "y": 504.76
          },
          {
            "x": 2587.49,
            "y": 386.37
          },
          {
            "x": 2568.79,
            "y": 292.91
          },
          {
            "x": 2537.64,
            "y": 180.76
          },
          {
            "x": 2568.79,
            "y": 93.54
          },
          {
            "x": 2522.17,
            "y": -0.13
          }
        ]
      }
    }
  ]
}