{
  "image": {
    "width": 5472,
    "height": 3648,
    "filename": "00000067.JPG",
    "original_filename": "EP-00-00012_0119_0024.JPG",
    "url": "https://darwin.v7labs.com/api/images/1221668/original?token=43ffe058-ebd2-4afa-8955-89cf45e925a6",
    "thumbnail_url": "https://darwin.v7labs.com/api/images/1221668/thumbnail?token=43ffe058-ebd2-4afa-8955-89cf45e925a6",
    "workview_url": "https://darwin.v7labs.com/workview?dataset=1190&image=67"
  },
  "dataset": "Mapping_1",
  "annotated": true,
  "annotations": [
    {
      "annotator": {
        "email": "order@bex.kg",
        "full_name": "Zhaparova  Nurzhan"
      },
      "bounding_box": {
        "h": 246.1,
        "w": 101.33,
        "x": 2207.62,
        "y": 2280
      },
      "name": "Vehicle "
    },
    {
      "annotator": {
        "email": "order@bex.kg",
        "full_name": "Zhaparova  Nurzhan"
      },
      "bounding_box": {
        "h": 202.67,
        "w": 94.1,
        "x": 2714.29,
        "y": 2106.29
      },
      "name": "Vehicle "
    },
    {
      "annotator": {
        "email": "order@bex.kg",
        "full_name": "Zhaparova  Nurzhan"
      },
      "bounding_box": {
        "h": 253.33,
        "w": 115.81,
        "x": 4675.81,
        "y": 1273.9
      },
      "name": "Vehicle "
    },
    {
      "annotator": {
        "email": "order@bex.kg",
        "full_name": "Zhaparova  Nurzhan"
      },
      "bounding_box": {
        "h": 202.67,
        "w": 166.48,
        "x": 3503.24,
        "y": 2736.0
      },
      "name": "Vehicle "
    },
    {
      "annotator": {
        "email": "order@bex.kg",
        "full_name": "Zhaparova  Nurzhan"
      },
      "bounding_box": {
        "h": 130.29,
        "w": 224.38,
        "x": 3184.76,
        "y": 1150.86
      },
      "name": "Vehicle "
    },
    {
      "annotator": {
        "email": "order@bex.kg",
        "full_name": "Zhaparova  Nurzhan"
      },
      "bounding_box": {
        "h": 123.05,
        "w": 202.67,
        "x": 2091.81,
        "y": 564.57
      },
      "name": "Vehicle "
    },
    {
      "annotator": {
        "email": "order@bex.kg",
        "full_name": "Zhaparova  Nurzhan"
      },
      "bounding_box": {
        "h": 180.95,
        "w": 123.05,
        "x": 369.14,
        "y": 875.81
      },
      "name": "Vehicle "
    },
    {
      "annotator": {
        "email": "order@bex.kg",
        "full_name": "Zhaparova  Nurzhan"
      },
      "bounding_box": {
        "h": 266.71,
        "w": 523.16,
        "x": 2134.78,
        "y": 3141.43
      },
      "name": "Vehicle "
    },
    {
      "annotator": {
        "email": "order@bex.kg",
        "full_name": "Zhaparova  Nurzhan"
      },
      "name": "Building Polygon",
      "polygon": {
        "path": [
          {
            "x": 2279.37,
            "y": -9.94
          },
          {
            "x": 2390.16,
            "y": 1090.55
          },
          {
            "x": 3342.93,
            "y": 1016.69
          },
          {
            "x": 3394.63,
            "y": 928.06
          },
          {
            "x": 3379.86,
            "y": 736.03
          },
          {
            "x": 3815.62,
            "y": 713.87
          },
          {
            "x": 3867.32,
            "y": 580.93
          },
          {
            "x": 3874.71,
            "y": 514.45
          },
          {
            "x": 4280.93,
            "y": 507.07
          },
          {
            "x": 4332.63,
            "y": 403.67
          },
          {
            "x": 5093.36,
            "y": 337.19
          },
          {
            "x": 5108.14,
            "y": 292.88
          },
          {
            "x": 5359.25,
            "y": 270.72
          },
          {
            "x": 5470.04,
            "y": 167.32
          },
          {
            "x": 5470.04,
            "y": 4.83
          }
        ]
      }
    }
  ]
}