{
  "image": {
    "width": 480,
    "height": 640,
    "filename": "00000033.jpg",
    "original_filename": "COCO_test2014_000000553768.jpg",
    "url": "https://darwin.v7labs.com/api/images/1135337/original?token=6731805e-fe9c-459b-85db-592a9652a349",
    "thumbnail_url": "https://darwin.v7labs.com/api/images/1135337/thumbnail?token=6731805e-fe9c-459b-85db-592a9652a349",
    "workview_url": "https://darwin.v7labs.com/workview?dataset=1130&image=33"
  },
  "dataset": "First DS",
  "annotated": true,
  "annotations": [
    {
      "annotator": {
        "email": "order@bex.kg",
        "full_name": "Zhaparova  Nurzhan"
      },
      "name": "Object",
      "polygon": {
        "path": [
          {
            "x": 176.0,
            "y": 134
          },
          {
            "x": 171.0,
            "y": 139
          },
          {
            "x": 171.0,
            "y": 140
          },
          {
            "x": 170,
            "y": 141
          },
          {
            "x": 170,
            "y": 144
          },
          {
            "x": 167,
            "y": 147
          },
          {
            "x": 166.0,
            "y": 147
          },
          {
            "x": 165,
            "y": 148
          },
          {
            "x": 164.0,
            "y": 148
          },
          {
            "x": 163.0,
            "y": 149
          },
          {
            "x": 162,
            "y": 149
          },
          {
            "x": 161.0,
            "y": 150
          },
          {
            "x": 157,
            "y": 150
          },
          {
            "x": 156.0,
            "y": 151
          },
          {
            "x": 139.0,
            "y": 151
          },
          {
            "x": 138.0,
            "y": 152
          },
          {
            "x": 137,
            "y": 152
          },
          {
            "x": 136.0,
            "y": 153
          },
          {
            "x": 136.0,
            "y": 158
          },
          {
            "x": 133.0,
            "y": 161
          },
          {
            "x": 131.0,
            "y": 161
          },
          {
            "x": 130,
            "y": 162
          },
          {
            "x": 128.0,
            "y": 162
          },
          {
            "x": 127.0,
            "y": 163.0
          },
          {
            "x": 126.0,
            "y": 163.0
          },
          {
            "x": 125,
            "y": 164
          },
          {
            "x": 124.0,
            "y": 164
          },
          {
            "x": 124.0,
            "y": 165
          },
          {
            "x": 121.0,
            "y": 168.0
          },
          {
            "x": 120,
            "y": 168.0
          },
          {
            "x": 118.0,
            "y": 170
          },
          {
            "x": 116.0,
            "y": 170
          },
          {
            "x": 115,
            "y": 171
          },
          {
            "x": 113.0,
            "y": 171
          },
          {
            "x": 109.0,
            "y": 175
          },
          {
            "x": 109.0,
            "y": 176
          },
          {
            "x": 108.0,
            "y": 177
          },
          {
            "x": 108.0,
            "y": 180
          },
          {
            "x": 107.0,
            "y": 181
          },
          {
            "x": 107.0,
            "y": 186
          },
          {
            "x": 106.0,
            "y": 187
          },
          {
            "x": 105,
            "y": 187
          },
          {
            "x": 102.0,
            "y": 190
          },
          {
            "x": 101.0,
            "y": 190
          },
          {
            "x": 93.0,
            "y": 198.0
          },
          {
            "x": 93.0,
            "y": 199
          },
          {
            "x": 92.0,
            "y": 200
          },
          {
            "x": 92.0,
            "y": 203.0
          },
          {
            "x": 91.0,
            "y": 204
          },
          {
            "x": 91.0,
            "y": 206
          },
          {
            "x": 90,
            "y": 207
          },
          {
            "x": 90,
            "y": 209
          },
          {
            "x": 89.0,
            "y": 210
          },
          {
            "x": 88.0,
            "y": 210
          },
          {
            "x": 87.0,
            "y": 211
          },
          {
            "x": 86.0,
            "y": 211
          },
          {
            "x": 85,
            "y": 212
          },
          {
            "x": 85,
            "y": 213.0
          },
          {
            "x": 84.0,
            "y": 214
          },
          {
            "x": 84.0,
            "y": 219
          },
          {
            "x": 85,
            "y": 220
          },
          {
            "x": 85,
            "y": 221
          },
          {
            "x": 86.0,
            "y": 222
          },
          {
            "x": 86.0,
            "y": 223.0
          },
          {
            "x": 88.0,
            "y": 225
          },
          {
            "x": 88.0,
            "y": 226
          },
          {
            "x": 90,
            "y": 228.0
          },
          {
            "x": 90,
            "y": 230
          },
          {
            "x": 94.0,
            "y": 234
          },
          {
            "x": 94.0,
            "y": 235
          },
          {
            "x": 97.0,
            "y": 238.0
          },
          {
            "x": 97.0,
            "y": 241
          },
          {
            "x": 98.0,
            "y": 242
          },
          {
            "x": 98.0,
            "y": 243.0
          },
          {
            "x": 99.0,
            "y": 244
          },
          {
            "x": 99.0,
            "y": 246
          },
          {
            "x": 101.0,
            "y": 248.0
          },
          {
            "x": 101.0,
            "y": 264
          },
          {
            "x": 100,
            "y": 265
          },
          {
            "x": 100,
            "y": 268
          },
          {
            "x": 99.0,
            "y": 269
          },
          {
            "x": 99.0,
            "y": 270
          },
          {
            "x": 97.0,
            "y": 272
          },
          {
            "x": 97.0,
            "y": 273
          },
          {
            "x": 94.0,
            "y": 276
          },
          {
            "x": 94.0,
            "y": 277
          },
          {
            "x": 92.0,
            "y": 279
          },
          {
            "x": 92.0,
            "y": 280
          },
          {
            "x": 90,
            "y": 282
          },
          {
            "x": 90,
            "y": 284
          },
          {
            "x": 89.0,
            "y": 285
          },
          {
            "x": 89.0,
            "y": 287
          },
          {
            "x": 88.0,
            "y": 288
          },
          {
            "x": 88.0,
            "y": 293
          },
          {
            "x": 89.0,
            "y": 294
          },
          {
            "x": 89.0,
            "y": 296
          },
          {
            "x": 90,
            "y": 297
          },
          {
            "x": 90,
            "y": 299
          },
          {
            "x": 91.0,
            "y": 300
          },
          {
            "x": 91.0,
            "y": 301
          },
          {
            "x": 93.0,
            "y": 303
          },
          {
            "x": 93.0,
            "y": 304
          },
          {
            "x": 94.0,
            "y": 304
          },
          {
            "x": 95,
            "y": 305
          },
          {
            "x": 95,
            "y": 306
          },
          {
            "x": 96.0,
            "y": 307
          },
          {
            "x": 97.0,
            "y": 307
          },
          {
            "x": 98.0,
            "y": 308
          },
          {
            "x": 99.0,
            "y": 308
          },
          {
            "x": 100,
            "y": 309
          },
          {
            "x": 101.0,
            "y": 309
          },
          {
            "x": 102.0,
            "y": 310
          },
          {
            "x": 106.0,
            "y": 310
          },
          {
            "x": 107.0,
            "y": 311
          },
          {
            "x": 108.0,
            "y": 311
          },
          {
            "x": 109.0,
            "y": 312
          },
          {
            "x": 110,
            "y": 312
          },
          {
            "x": 113.0,
            "y": 315
          },
          {
            "x": 113.0,
            "y": 316
          },
          {
            "x": 115,
            "y": 318
          },
          {
            "x": 116.0,
            "y": 318
          },
          {
            "x": 119.0,
            "y": 321
          },
          {
            "x": 119.0,
            "y": 322
          },
          {
            "x": 120,
            "y": 323
          },
          {
            "x": 120,
            "y": 324
          },
          {
            "x": 123.0,
            "y": 327
          },
          {
            "x": 130,
            "y": 327
          },
          {
            "x": 131.0,
            "y": 326.0
          },
          {
            "x": 132,
            "y": 326.0
          },
          {
            "x": 134.0,
            "y": 324
          },
          {
            "x": 134.0,
            "y": 323
          },
          {
            "x": 135,
            "y": 322
          },
          {
            "x": 135,
            "y": 309
          },
          {
            "x": 137,
            "y": 307
          },
          {
            "x": 138.0,
            "y": 307
          },
          {
            "x": 139.0,
            "y": 306
          },
          {
            "x": 149.0,
            "y": 306
          },
          {
            "x": 150,
            "y": 305
          },
          {
            "x": 154.0,
            "y": 305
          },
          {
            "x": 155,
            "y": 304
          },
          {
            "x": 161.0,
            "y": 304
          },
          {
            "x": 163.0,
            "y": 306
          },
          {
            "x": 164.0,
            "y": 306
          },
          {
            "x": 166.0,
            "y": 308
          },
          {
            "x": 167,
            "y": 308
          },
          {
            "x": 168.0,
            "y": 309
          },
          {
            "x": 169.0,
            "y": 309
          },
          {
            "x": 170,
            "y": 310
          },
          {
            "x": 171.0,
            "y": 310
          },
          {
            "x": 173.0,
            "y": 312
          },
          {
            "x": 174.0,
            "y": 312
          },
          {
            "x": 176.0,
            "y": 314
          },
          {
            "x": 177,
            "y": 314
          },
          {
            "x": 178.0,
            "y": 315
          },
          {
            "x": 180,
            "y": 315
          },
          {
            "x": 182,
            "y": 317
          },
          {
            "x": 183.0,
            "y": 317
          },
          {
            "x": 184.0,
            "y": 318
          },
          {
            "x": 186.0,
            "y": 318
          },
          {
            "x": 187,
            "y": 319
          },
          {
            "x": 191.0,
            "y": 319
          },
          {
            "x": 193.0,
            "y": 321
          },
          {
            "x": 193.0,
            "y": 331.0
          },
          {
            "x": 192,
            "y": 332
          },
          {
            "x": 192,
            "y": 334
          },
          {
            "x": 191.0,
            "y": 335
          },
          {
            "x": 191.0,
            "y": 337
          },
          {
            "x": 190,
            "y": 338
          },
          {
            "x": 190,
            "y": 340
          },
          {
            "x": 189.0,
            "y": 341.0
          },
          {
            "x": 189.0,
            "y": 346.0
          },
          {
            "x": 188.0,
            "y": 347
          },
          {
            "x": 188.0,
            "y": 362
          },
          {
            "x": 189.0,
            "y": 363
          },
          {
            "x": 189.0,
            "y": 369
          },
          {
            "x": 190,
            "y": 370
          },
          {
            "x": 190,
            "y": 372
          },
          {
            "x": 191.0,
            "y": 373
          },
          {
            "x": 191.0,
            "y": 375
          },
          {
            "x": 192,
            "y": 376.0
          },
          {
            "x": 192,
            "y": 378
          },
          {
            "x": 193.0,
            "y": 379
          },
          {
            "x": 193.0,
            "y": 383
          },
          {
            "x": 195,
            "y": 385
          },
          {
            "x": 195,
            "y": 386.0
          },
          {
            "x": 196.0,
            "y": 387
          },
          {
            "x": 196.0,
            "y": 388
          },
          {
            "x": 195,
            "y": 389
          },
          {
            "x": 195,
            "y": 392
          },
          {
            "x": 193.0,
            "y": 394
          },
          {
            "x": 193.0,
            "y": 395
          },
          {
            "x": 192,
            "y": 396.0
          },
          {
            "x": 192,
            "y": 397
          },
          {
            "x": 191.0,
            "y": 398
          },
          {
            "x": 191.0,
            "y": 399
          },
          {
            "x": 190,
            "y": 400
          },
          {
            "x": 190,
            "y": 401.0
          },
          {
            "x": 189.0,
            "y": 402
          },
          {
            "x": 189.0,
            "y": 406.0
          },
          {
            "x": 188.0,
            "y": 407
          },
          {
            "x": 188.0,
            "y": 413
          },
          {
            "x": 189.0,
            "y": 414
          },
          {
            "x": 189.0,
            "y": 417
          },
          {
            "x": 191.0,
            "y": 419
          },
          {
            "x": 191.0,
            "y": 420
          },
          {
            "x": 192,
            "y": 421.0
          },
          {
            "x": 192,
            "y": 422
          },
          {
            "x": 193.0,
            "y": 423
          },
          {
            "x": 193.0,
            "y": 425
          },
          {
            "x": 194.0,
            "y": 426.0
          },
          {
            "x": 194.0,
            "y": 427
          },
          {
            "x": 196.0,
            "y": 429
          },
          {
            "x": 197.0,
            "y": 429
          },
          {
            "x": 198.0,
            "y": 430
          },
          {
            "x": 199.0,
            "y": 430
          },
          {
            "x": 200,
            "y": 431.0
          },
          {
            "x": 201.0,
            "y": 431.0
          },
          {
            "x": 203.0,
            "y": 433
          },
          {
            "x": 204.0,
            "y": 433
          },
          {
            "x": 205,
            "y": 434
          },
          {
            "x": 208.0,
            "y": 434
          },
          {
            "x": 209.0,
            "y": 435
          },
          {
            "x": 217.0,
            "y": 435
          },
          {
            "x": 218.0,
            "y": 436.0
          },
          {
            "x": 220,
            "y": 436.0
          },
          {
            "x": 223.0,
            "y": 439
          },
          {
            "x": 222.0,
            "y": 440
          },
          {
            "x": 222.0,
            "y": 441.0
          },
          {
            "x": 216.0,
            "y": 447
          },
          {
            "x": 216.0,
            "y": 448
          },
          {
            "x": 215,
            "y": 449
          },
          {
            "x": 215,
            "y": 455
          },
          {
            "x": 214.0,
            "y": 456.0
          },
          {
            "x": 214.0,
            "y": 459
          },
          {
            "x": 213.0,
            "y": 460
          },
          {
            "x": 213.0,
            "y": 461.0
          },
          {
            "x": 212.0,
            "y": 462
          },
          {
            "x": 212.0,
            "y": 463
          },
          {
            "x": 207.0,
            "y": 468
          },
          {
            "x": 207.0,
            "y": 469
          },
          {
            "x": 204.0,
            "y": 472
          },
          {
            "x": 204.0,
            "y": 473
          },
          {
            "x": 201.0,
            "y": 476.0
          },
          {
            "x": 200,
            "y": 476.0
          },
          {
            "x": 200,
            "y": 477
          },
          {
            "x": 199.0,
            "y": 478
          },
          {
            "x": 199.0,
            "y": 479
          },
          {
            "x": 197.0,
            "y": 481.0
          },
          {
            "x": 197.0,
            "y": 482
          },
          {
            "x": 196.0,
            "y": 483
          },
          {
            "x": 196.0,
            "y": 484
          },
          {
            "x": 193.0,
            "y": 487
          },
          {
            "x": 193.0,
            "y": 489
          },
          {
            "x": 192,
            "y": 490
          },
          {
            "x": 192,
            "y": 492
          },
          {
            "x": 191.0,
            "y": 493
          },
          {
            "x": 191.0,
            "y": 503.0
          },
          {
            "x": 192,
            "y": 504
          },
          {
            "x": 192,
            "y": 506.0
          },
          {
            "x": 193.0,
            "y": 507
          },
          {
            "x": 193.0,
            "y": 509
          },
          {
            "x": 195,
            "y": 511.0
          },
          {
            "x": 195,
            "y": 512
          },
          {
            "x": 202.0,
            "y": 519
          },
          {
            "x": 203.0,
            "y": 519
          },
          {
            "x": 204.0,
            "y": 520
          },
          {
            "x": 205,
            "y": 520
          },
          {
            "x": 207.0,
            "y": 522
          },
          {
            "x": 209.0,
            "y": 522
          },
          {
            "x": 211.0,
            "y": 524
          },
          {
            "x": 212.0,
            "y": 524
          },
          {
            "x": 213.0,
            "y": 525
          },
          {
            "x": 214.0,
            "y": 525
          },
          {
            "x": 215,
            "y": 526
          },
          {
            "x": 216.0,
            "y": 526
          },
          {
            "x": 217.0,
            "y": 527
          },
          {
            "x": 219.0,
            "y": 527
          },
          {
            "x": 220,
            "y": 528
          },
          {
            "x": 223.0,
            "y": 528
          },
          {
            "x": 224.0,
            "y": 529
          },
          {
            "x": 228.0,
            "y": 529
          },
          {
            "x": 229.0,
            "y": 530
          },
          {
            "x": 234.0,
            "y": 530
          },
          {
            "x": 235,
            "y": 531
          },
          {
            "x": 244.0,
            "y": 531
          },
          {
            "x": 245,
            "y": 530
          },
          {
            "x": 251.0,
            "y": 530
          },
          {
            "x": 252.0,
            "y": 529
          },
          {
            "x": 257.0,
            "y": 529
          },
          {
            "x": 258.0,
            "y": 528
          },
          {
            "x": 260,
            "y": 528
          },
          {
            "x": 261.0,
            "y": 527
          },
          {
            "x": 263.0,
            "y": 527
          },
          {
            "x": 264,
            "y": 526
          },
          {
            "x": 266.0,
            "y": 526
          },
          {
            "x": 267.0,
            "y": 525
          },
          {
            "x": 269,
            "y": 525
          },
          {
            "x": 270,
            "y": 524
          },
          {
            "x": 271.0,
            "y": 524
          },
          {
            "x": 273.0,
            "y": 522
          },
          {
            "x": 274,
            "y": 522
          },
          {
            "x": 275,
            "y": 521
          },
          {
            "x": 276.0,
            "y": 521
          },
          {
            "x": 277.0,
            "y": 520
          },
          {
            "x": 279,
            "y": 520
          },
          {
            "x": 280,
            "y": 519
          },
          {
            "x": 281.0,
            "y": 519
          },
          {
            "x": 285,
            "y": 515
          },
          {
            "x": 286.0,
            "y": 515
          },
          {
            "x": 288.0,
            "y": 513
          },
          {
            "x": 289,
            "y": 513
          },
          {
            "x": 292.0,
            "y": 510
          },
          {
            "x": 293.0,
            "y": 510
          },
          {
            "x": 303.0,
            "y": 500
          },
          {
            "x": 303.0,
            "y": 499
          },
          {
            "x": 304,
            "y": 498.0
          },
          {
            "x": 304,
            "y": 497
          },
          {
            "x": 305,
            "y": 496.0
          },
          {
            "x": 305,
            "y": 492
          },
          {
            "x": 306.0,
            "y": 491.0
          },
          {
            "x": 306.0,
            "y": 490
          },
          {
            "x": 307.0,
            "y": 489
          },
          {
            "x": 307.0,
            "y": 487
          },
          {
            "x": 308.0,
            "y": 486.0
          },
          {
            "x": 308.0,
            "y": 474
          },
          {
            "x": 307.0,
            "y": 473
          },
          {
            "x": 307.0,
            "y": 470
          },
          {
            "x": 306.0,
            "y": 469
          },
          {
            "x": 306.0,
            "y": 468
          },
          {
            "x": 305,
            "y": 467
          },
          {
            "x": 305,
            "y": 460
          },
          {
            "x": 310,
            "y": 455
          },
          {
            "x": 310,
            "y": 454
          },
          {
            "x": 311.0,
            "y": 453
          },
          {
            "x": 311.0,
            "y": 452
          },
          {
            "x": 312.0,
            "y": 451.0
          },
          {
            "x": 312.0,
            "y": 450
          },
          {
            "x": 313.0,
            "y": 449
          },
          {
            "x": 313.0,
            "y": 447
          },
          {
            "x": 314,
            "y": 446.0
          },
          {
            "x": 314,
            "y": 445
          },
          {
            "x": 315,
            "y": 444
          },
          {
            "x": 315,
            "y": 443
          },
          {
            "x": 317.0,
            "y": 441.0
          },
          {
            "x": 317.0,
            "y": 438
          },
          {
            "x": 318.0,
            "y": 437
          },
          {
            "x": 318.0,
            "y": 436.0
          },
          {
            "x": 319,
            "y": 435
          },
          {
            "x": 319,
            "y": 434
          },
          {
            "x": 320,
            "y": 433
          },
          {
            "x": 320,
            "y": 432
          },
          {
            "x": 324,
            "y": 428
          },
          {
            "x": 324,
            "y": 422
          },
          {
            "x": 323.0,
            "y": 421.0
          },
          {
            "x": 323.0,
            "y": 420
          },
          {
            "x": 321.0,
            "y": 418
          },
          {
            "x": 321.0,
            "y": 417
          },
          {
            "x": 319,
            "y": 415
          },
          {
            "x": 319,
            "y": 414
          },
          {
            "x": 318.0,
            "y": 413
          },
          {
            "x": 318.0,
            "y": 411.0
          },
          {
            "x": 317.0,
            "y": 410
          },
          {
            "x": 317.0,
            "y": 402
          },
          {
            "x": 318.0,
            "y": 401.0
          },
          {
            "x": 318.0,
            "y": 399
          },
          {
            "x": 325,
            "y": 392
          },
          {
            "x": 325,
            "y": 391.0
          },
          {
            "x": 327.0,
            "y": 389
          },
          {
            "x": 327.0,
            "y": 388
          },
          {
            "x": 328.0,
            "y": 387
          },
          {
            "x": 328.0,
            "y": 385
          },
          {
            "x": 329,
            "y": 384
          },
          {
            "x": 329,
            "y": 383
          },
          {
            "x": 331.0,
            "y": 381.0
          },
          {
            "x": 331.0,
            "y": 380
          },
          {
            "x": 332.0,
            "y": 379
          },
          {
            "x": 332.0,
            "y": 378
          },
          {
            "x": 333.0,
            "y": 377
          },
          {
            "x": 333.0,
            "y": 376.0
          },
          {
            "x": 334,
            "y": 375
          },
          {
            "x": 334,
            "y": 373
          },
          {
            "x": 335,
            "y": 372
          },
          {
            "x": 335,
            "y": 369
          },
          {
            "x": 336.0,
            "y": 368
          },
          {
            "x": 336.0,
            "y": 364
          },
          {
            "x": 337.0,
            "y": 363
          },
          {
            "x": 337.0,
            "y": 360
          },
          {
            "x": 338.0,
            "y": 359
          },
          {
            "x": 338.0,
            "y": 356.0
          },
          {
            "x": 339,
            "y": 355
          },
          {
            "x": 339,
            "y": 352
          },
          {
            "x": 340,
            "y": 351.0
          },
          {
            "x": 340,
            "y": 334
          },
          {
            "x": 339,
            "y": 333
          },
          {
            "x": 339,
            "y": 322
          },
          {
            "x": 340,
            "y": 321
          },
          {
            "x": 340,
            "y": 319
          },
          {
            "x": 346.0,
            "y": 313
          },
          {
            "x": 346.0,
            "y": 311
          },
          {
            "x": 349,
            "y": 308
          },
          {
            "x": 349,
            "y": 307
          },
          {
            "x": 355,
            "y": 301
          },
          {
            "x": 360,
            "y": 301
          },
          {
            "x": 362.0,
            "y": 299
          },
          {
            "x": 362.0,
            "y": 298
          },
          {
            "x": 363.0,
            "y": 297
          },
          {
            "x": 363.0,
            "y": 296
          },
          {
            "x": 364,
            "y": 295
          },
          {
            "x": 364,
            "y": 293
          },
          {
            "x": 365,
            "y": 292
          },
          {
            "x": 365,
            "y": 291
          },
          {
            "x": 366.0,
            "y": 290
          },
          {
            "x": 366.0,
            "y": 289
          },
          {
            "x": 367.0,
            "y": 288
          },
          {
            "x": 367.0,
            "y": 272
          },
          {
            "x": 366.0,
            "y": 271
          },
          {
            "x": 366.0,
            "y": 269
          },
          {
            "x": 365,
            "y": 268
          },
          {
            "x": 365,
            "y": 265
          },
          {
            "x": 366.0,
            "y": 264
          },
          {
            "x": 366.0,
            "y": 251
          },
          {
            "x": 365,
            "y": 250
          },
          {
            "x": 365,
            "y": 246
          },
          {
            "x": 364,
            "y": 245
          },
          {
            "x": 364,
            "y": 243.0
          },
          {
            "x": 363.0,
            "y": 242
          },
          {
            "x": 363.0,
            "y": 239
          },
          {
            "x": 362.0,
            "y": 238.0
          },
          {
            "x": 362.0,
            "y": 237
          },
          {
            "x": 361.0,
            "y": 236
          },
          {
            "x": 361.0,
            "y": 235
          },
          {
            "x": 359,
            "y": 233.0
          },
          {
            "x": 359,
            "y": 232
          },
          {
            "x": 358.0,
            "y": 231
          },
          {
            "x": 358.0,
            "y": 230
          },
          {
            "x": 357.0,
            "y": 229
          },
          {
            "x": 357.0,
            "y": 227
          },
          {
            "x": 356.0,
            "y": 226
          },
          {
            "x": 356.0,
            "y": 223.0
          },
          {
            "x": 355,
            "y": 222
          },
          {
            "x": 355,
            "y": 221
          },
          {
            "x": 354,
            "y": 220
          },
          {
            "x": 354,
            "y": 219
          },
          {
            "x": 347.0,
            "y": 212
          },
          {
            "x": 347.0,
            "y": 211
          },
          {
            "x": 346.0,
            "y": 210
          },
          {
            "x": 346.0,
            "y": 209
          },
          {
            "x": 345,
            "y": 208.0
          },
          {
            "x": 345,
            "y": 207
          },
          {
            "x": 344,
            "y": 207
          },
          {
            "x": 339,
            "y": 202
          },
          {
            "x": 336.0,
            "y": 202
          },
          {
            "x": 331.0,
            "y": 197
          },
          {
            "x": 331.0,
            "y": 196
          },
          {
            "x": 329,
            "y": 194
          },
          {
            "x": 323.0,
            "y": 194
          },
          {
            "x": 320,
            "y": 191
          },
          {
            "x": 320,
            "y": 189
          },
          {
            "x": 319,
            "y": 188.0
          },
          {
            "x": 319,
            "y": 182
          },
          {
            "x": 318.0,
            "y": 181
          },
          {
            "x": 318.0,
            "y": 180
          },
          {
            "x": 317.0,
            "y": 179
          },
          {
            "x": 317.0,
            "y": 177
          },
          {
            "x": 315,
            "y": 175
          },
          {
            "x": 312.0,
            "y": 175
          },
          {
            "x": 311.0,
            "y": 174
          },
          {
            "x": 304,
            "y": 174
          },
          {
            "x": 303.0,
            "y": 173.0
          },
          {
            "x": 299,
            "y": 173.0
          },
          {
            "x": 298.0,
            "y": 172
          },
          {
            "x": 294,
            "y": 172
          },
          {
            "x": 293.0,
            "y": 171
          },
          {
            "x": 290,
            "y": 171
          },
          {
            "x": 283.0,
            "y": 164
          },
          {
            "x": 281.0,
            "y": 166
          },
          {
            "x": 280,
            "y": 166
          },
          {
            "x": 279,
            "y": 167
          },
          {
            "x": 278.0,
            "y": 167
          },
          {
            "x": 277.0,
            "y": 168.0
          },
          {
            "x": 272.0,
            "y": 168.0
          },
          {
            "x": 271.0,
            "y": 167
          },
          {
            "x": 270,
            "y": 167
          },
          {
            "x": 268.0,
            "y": 165
          },
          {
            "x": 267.0,
            "y": 165
          },
          {
            "x": 266.0,
            "y": 164
          },
          {
            "x": 261.0,
            "y": 164
          },
          {
            "x": 260,
            "y": 165
          },
          {
            "x": 259,
            "y": 165
          },
          {
            "x": 258.0,
            "y": 166
          },
          {
            "x": 256.0,
            "y": 166
          },
          {
            "x": 255,
            "y": 167
          },
          {
            "x": 249.0,
            "y": 167
          },
          {
            "x": 247.0,
            "y": 165
          },
          {
            "x": 247.0,
            "y": 164
          },
          {
            "x": 246.0,
            "y": 163.0
          },
          {
            "x": 246.0,
            "y": 161
          },
          {
            "x": 245,
            "y": 160
          },
          {
            "x": 245,
            "y": 159
          },
          {
            "x": 244.0,
            "y": 158
          },
          {
            "x": 244.0,
            "y": 157
          },
          {
            "x": 243.0,
            "y": 157
          },
          {
            "x": 240,
            "y": 154
          },
          {
            "x": 239.0,
            "y": 154
          },
          {
            "x": 237.0,
            "y": 152
          },
          {
            "x": 236.0,
            "y": 152
          },
          {
            "x": 235,
            "y": 151
          },
          {
            "x": 234.0,
            "y": 151
          },
          {
            "x": 233.0,
            "y": 150
          },
          {
            "x": 232.0,
            "y": 150
          },
          {
            "x": 230,
            "y": 148
          },
          {
            "x": 230,
            "y": 147
          },
          {
            "x": 228.0,
            "y": 145
          },
          {
            "x": 227.0,
            "y": 145
          },
          {
            "x": 226.0,
            "y": 144
          },
          {
            "x": 226.0,
            "y": 143
          },
          {
            "x": 222.0,
            "y": 139
          },
          {
            "x": 221.0,
            "y": 139
          },
          {
            "x": 219.0,
            "y": 137
          },
          {
            "x": 218.0,
            "y": 137
          },
          {
            "x": 217.0,
            "y": 136
          },
          {
            "x": 216.0,
            "y": 136
          },
          {
            "x": 214.0,
            "y": 134
          },
          {
            "x": 204.0,
            "y": 134
          },
          {
            "x": 203.0,
            "y": 135
          },
          {
            "x": 201.0,
            "y": 135
          },
          {
            "x": 200,
            "y": 136
          },
          {
            "x": 198.0,
            "y": 136
          },
          {
            "x": 197.0,
            "y": 137
          },
          {
            "x": 195,
            "y": 137
          },
          {
            "x": 194.0,
            "y": 138
          },
          {
            "x": 193.0,
            "y": 137
          },
          {
            "x": 191.0,
            "y": 137
          },
          {
            "x": 190,
            "y": 136
          },
          {
            "x": 189.0,
            "y": 136
          },
          {
            "x": 188.0,
            "y": 135
          },
          {
            "x": 187,
            "y": 135
          },
          {
            "x": 186.0,
            "y": 134
          }
        ]
      }
    }
  ]
}