{
  "image": {
    "width": 300,
    "height": 400,
    "filename": "00000065.jpg",
    "original_filename": "COCO_test2014_000000579944.jpg",
    "url": "https://darwin.v7labs.com/api/images/1180683/original?token=dcdac99e-befb-4f2f-8808-28ca35ffd97c",
    "thumbnail_url": "https://darwin.v7labs.com/api/images/1180683/thumbnail?token=dcdac99e-befb-4f2f-8808-28ca35ffd97c",
    "workview_url": "https://darwin.v7labs.com/workview?dataset=1152&image=65"
  },
  "dataset": "4_Saltanat",
  "annotated": true,
  "annotations": [
    {
      "annotator": {
        "email": "begimbaeva.s95@gmail.com",
        "full_name": "Saltanat Begimbaeva"
      },
      "bounding_box": {
        "h": 352.7,
        "w": 269.19,
        "x": 30.24,
        "y": 44.71
      },
      "name": "Men"
    },
    {
      "annotator": {
        "email": "begimbaeva.s95@gmail.com",
        "full_name": "Saltanat Begimbaeva"
      },
      "bounding_box": {
        "h": 48.86,
        "w": 29.32,
        "x": 39.13,
        "y": 127.33
      },
      "name": "Object"
    },
    {
      "annotator": {
        "email": "begimbaeva.s95@gmail.com",
        "full_name": "Saltanat Begimbaeva"
      },
      "bounding_box": {
        "h": 61.3,
        "w": 49.75,
        "x": 12.47,
        "y": 192.18
      },
      "name": "Object"
    },
    {
      "annotator": {
        "email": "begimbaeva.s95@gmail.com",
        "full_name": "Saltanat Begimbaeva"
      },
      "attributes": [
        "glasses"
      ],
      "bounding_box": {
        "h": 26.65,
        "w": 82.62,
        "x": 151.95,
        "y": 96.23
      },
      "name": "Object"
    }
  ]
}