{
  "image": {
    "width": 640,
    "height": 426,
    "filename": "00000032.jpg",
    "original_filename": "COCO_test2014_000000574679.jpg",
    "url": "https://darwin.v7labs.com/api/images/1180851/original?token=4b25de6b-1a37-42ba-8685-0c7d525e03f0",
    "thumbnail_url": "https://darwin.v7labs.com/api/images/1180851/thumbnail?token=4b25de6b-1a37-42ba-8685-0c7d525e03f0",
    "workview_url": "https://darwin.v7labs.com/workview?dataset=1153&image=32"
  },
  "dataset": "4_Aizada",
  "annotated": true,
  "annotations": [
    {
      "annotator": {
        "email": "corporate@bex.kg",
        "full_name": "Aizada Tynchybek kyzy"
      },
      "bounding_box": {
        "h": 305.88,
        "w": 592.56,
        "x": 46.32,
        "y": 34.06
      },
      "name": "Animal"
    },
    {
      "annotator": {
        "email": "corporate@bex.kg",
        "full_name": "Aizada Tynchybek kyzy"
      },
      "bounding_box": {
        "h": 197.52,
        "w": 492.25,
        "x": 148.49,
        "y": 186.38
      },
      "name": "Animal"
    }
  ]
}