{
  "image": {
    "width": 640,
    "height": 480,
    "filename": "00000053.jpg",
    "original_filename": "COCO_test2014_000000011094.jpg",
    "url": "https://darwin.v7labs.com/api/images/1180373/original?token=6731805e-fe9c-459b-85db-592a9652a349",
    "thumbnail_url": "https://darwin.v7labs.com/api/images/1180373/thumbnail?token=6731805e-fe9c-459b-85db-592a9652a349",
    "workview_url": "https://darwin.v7labs.com/workview?dataset=1130&image=53"
  },
  "dataset": "First DS",
  "annotated": true,
  "annotations": [
    {
      "annotator": {
        "email": "order@bex.kg",
        "full_name": "Zhaparova  Nurzhan"
      },
      "bounding_box": {
        "h": 178.1,
        "w": 123.81,
        "x": 103.81,
        "y": 200.95
      },
      "name": "Child"
    },
    {
      "annotator": {
        "email": "order@bex.kg",
        "full_name": "Zhaparova  Nurzhan"
      },
      "bounding_box": {
        "h": 364.76,
        "w": 212.38,
        "x": 324.87,
        "y": 42.99
      },
      "name": "Child"
    },
    {
      "annotator": {
        "email": "order@bex.kg",
        "full_name": "Zhaparova  Nurzhan"
      },
      "name": "Object",
      "polygon": {
        "path": [
          {
            "x": 466.63,
            "y": 288.63
          },
          {
            "x": 465,
            "y": 287
          },
          {
            "x": 462.95,
            "y": 286.58
          },
          {
            "x": 460.05,
            "y": 286
          },
          {
            "x": 458.0,
            "y": 286
          },
          {
            "x": 457,
            "y": 285
          },
          {
            "x": 456.0,
            "y": 285
          },
          {
            "x": 453.52,
            "y": 284
          },
          {
            "x": 450,
            "y": 284
          },
          {
            "x": 449,
            "y": 283
          },
          {
            "x": 447,
            "y": 283
          },
          {
            "x": 446.0,
            "y": 282
          },
          {
            "x": 441.0,
            "y": 282
          },
          {
            "x": 440,
            "y": 281
          },
          {
            "x": 437,
            "y": 281
          },
          {
            "x": 436.0,
            "y": 280
          },
          {
            "x": 432,
            "y": 280
          },
          {
            "x": 429.74,
            "y": 279.12
          },
          {
            "x": 427.04,
            "y": 278.43
          },
          {
            "x": 424.65,
            "y": 279.08
          },
          {
            "x": 421.35,
            "y": 277.69
          },
          {
            "x": 419.08,
            "y": 277.86
          },
          {
            "x": 414.43,
            "y": 277.16
          },
          {
            "x": 411.0,
            "y": 276.43
          },
          {
            "x": 402.08,
            "y": 275.74
          },
          {
            "x": 399,
            "y": 275
          },
          {
            "x": 396.0,
            "y": 275
          },
          {
            "x": 395,
            "y": 274
          },
          {
            "x": 385.82,
            "y": 273.31
          },
          {
            "x": 381.0,
            "y": 275
          },
          {
            "x": 378.0,
            "y": 275
          },
          {
            "x": 375.61,
            "y": 276
          },
          {
            "x": 372,
            "y": 276
          },
          {
            "x": 371.0,
            "y": 277
          },
          {
            "x": 369.31,
            "y": 276.65
          },
          {
            "x": 367.96,
            "y": 278.35
          },
          {
            "x": 364,
            "y": 278
          },
          {
            "x": 363.0,
            "y": 279
          },
          {
            "x": 354.43,
            "y": 279.69
          },
          {
            "x": 351.0,
            "y": 279.04
          },
          {
            "x": 347,
            "y": 278
          },
          {
            "x": 346.0,
            "y": 279
          },
          {
            "x": 342,
            "y": 279
          },
          {
            "x": 341.0,
            "y": 280
          },
          {
            "x": 339.0,
            "y": 280
          },
          {
            "x": 337,
            "y": 282
          },
          {
            "x": 337,
            "y": 283
          },
          {
            "x": 335,
            "y": 285
          },
          {
            "x": 334.0,
            "y": 285
          },
          {
            "x": 333.0,
            "y": 286
          },
          {
            "x": 328.26,
            "y": 286
          },
          {
            "x": 326.0,
            "y": 287
          },
          {
            "x": 324.0,
            "y": 287
          },
          {
            "x": 323.0,
            "y": 288
          },
          {
            "x": 322,
            "y": 288
          },
          {
            "x": 320,
            "y": 290
          },
          {
            "x": 320,
            "y": 337
          },
          {
            "x": 319.95,
            "y": 340.11
          },
          {
            "x": 319.95,
            "y": 350.52
          },
          {
            "x": 320,
            "y": 353
          },
          {
            "x": 320,
            "y": 359
          },
          {
            "x": 320.16,
            "y": 361.48
          },
          {
            "x": 321.0,
            "y": 376
          },
          {
            "x": 321.16,
            "y": 378.05
          },
          {
            "x": 322,
            "y": 379
          },
          {
            "x": 323.0,
            "y": 380
          },
          {
            "x": 328.74,
            "y": 380.21
          },
          {
            "x": 330.79,
            "y": 379.84
          },
          {
            "x": 333.0,
            "y": 379
          },
          {
            "x": 334.21,
            "y": 378.84
          },
          {
            "x": 335,
            "y": 378
          },
          {
            "x": 337.26,
            "y": 377.84
          },
          {
            "x": 339.0,
            "y": 377
          },
          {
            "x": 340,
            "y": 376
          },
          {
            "x": 342,
            "y": 376
          },
          {
            "x": 343.0,
            "y": 375
          },
          {
            "x": 345,
            "y": 375
          },
          {
            "x": 346.0,
            "y": 374
          },
          {
            "x": 348.0,
            "y": 374
          },
          {
            "x": 349.0,
            "y": 373
          },
          {
            "x": 351.0,
            "y": 373
          },
          {
            "x": 352,
            "y": 372
          },
          {
            "x": 354,
            "y": 372
          },
          {
            "x": 355,
            "y": 371
          },
          {
            "x": 357,
            "y": 371
          },
          {
            "x": 358.0,
            "y": 370
          },
          {
            "x": 359,
            "y": 370
          },
          {
            "x": 360,
            "y": 369
          },
          {
            "x": 363.0,
            "y": 369
          },
          {
            "x": 364,
            "y": 368
          },
          {
            "x": 365,
            "y": 368
          },
          {
            "x": 366.0,
            "y": 367
          },
          {
            "x": 369,
            "y": 367
          },
          {
            "x": 370,
            "y": 366
          },
          {
            "x": 371.0,
            "y": 366
          },
          {
            "x": 372,
            "y": 365
          },
          {
            "x": 375,
            "y": 365
          },
          {
            "x": 376.0,
            "y": 364
          },
          {
            "x": 377,
            "y": 364
          },
          {
            "x": 378.0,
            "y": 363
          },
          {
            "x": 380,
            "y": 363
          },
          {
            "x": 381.0,
            "y": 362
          },
          {
            "x": 382,
            "y": 362
          },
          {
            "x": 383.0,
            "y": 361
          },
          {
            "x": 387.54,
            "y": 359.92
          },
          {
            "x": 389.43,
            "y": 359.31
          },
          {
            "x": 391.41,
            "y": 358.34
          },
          {
            "x": 391.61,
            "y": 362.85
          },
          {
            "x": 391.43,
            "y": 368.1
          },
          {
            "x": 391.36,
            "y": 370.54
          },
          {
            "x": 391.0,
            "y": 402
          },
          {
            "x": 392,
            "y": 403
          },
          {
            "x": 392,
            "y": 405
          },
          {
            "x": 394,
            "y": 407
          },
          {
            "x": 403.0,
            "y": 407
          },
          {
            "x": 404,
            "y": 406
          },
          {
            "x": 405,
            "y": 406
          },
          {
            "x": 406.0,
            "y": 405
          },
          {
            "x": 407,
            "y": 405
          },
          {
            "x": 408.0,
            "y": 404
          },
          {
            "x": 409,
            "y": 404
          },
          {
            "x": 410,
            "y": 403
          },
          {
            "x": 412,
            "y": 403
          },
          {
            "x": 414,
            "y": 401
          },
          {
            "x": 416.0,
            "y": 401
          },
          {
            "x": 417,
            "y": 400
          },
          {
            "x": 418.0,
            "y": 400
          },
          {
            "x": 419,
            "y": 399
          },
          {
            "x": 421.0,
            "y": 399
          },
          {
            "x": 423.0,
            "y": 397
          },
          {
            "x": 425,
            "y": 397
          },
          {
            "x": 426.0,
            "y": 396
          },
          {
            "x": 427,
            "y": 396
          },
          {
            "x": 428.0,
            "y": 395
          },
          {
            "x": 429,
            "y": 395
          },
          {
            "x": 430,
            "y": 394
          },
          {
            "x": 431.0,
            "y": 394
          },
          {
            "x": 432,
            "y": 393
          },
          {
            "x": 434,
            "y": 393
          },
          {
            "x": 435,
            "y": 392
          },
          {
            "x": 436.0,
            "y": 392
          },
          {
            "x": 437,
            "y": 391
          },
          {
            "x": 439,
            "y": 391
          },
          {
            "x": 440,
            "y": 390
          },
          {
            "x": 441.0,
            "y": 390
          },
          {
            "x": 442,
            "y": 389
          },
          {
            "x": 443.0,
            "y": 389
          },
          {
            "x": 444,
            "y": 388
          },
          {
            "x": 445,
            "y": 388
          },
          {
            "x": 446.0,
            "y": 387
          },
          {
            "x": 448.0,
            "y": 387
          },
          {
            "x": 449,
            "y": 386
          },
          {
            "x": 450,
            "y": 386
          },
          {
            "x": 451.0,
            "y": 385
          },
          {
            "x": 453.0,
            "y": 385
          },
          {
            "x": 454,
            "y": 384
          },
          {
            "x": 455,
            "y": 384
          },
          {
            "x": 456.0,
            "y": 383
          },
          {
            "x": 457,
            "y": 383
          },
          {
            "x": 458.0,
            "y": 382
          },
          {
            "x": 459,
            "y": 382
          },
          {
            "x": 460,
            "y": 381
          },
          {
            "x": 462,
            "y": 381
          },
          {
            "x": 463.0,
            "y": 380
          },
          {
            "x": 464,
            "y": 380
          },
          {
            "x": 466.89,
            "y": 378.71
          },
          {
            "x": 467.06,
            "y": 374.89
          },
          {
            "x": 467,
            "y": 373
          },
          {
            "x": 467,
            "y": 368
          },
          {
            "x": 467.31,
            "y": 367.69
          },
          {
            "x": 467.11,
            "y": 366
          },
          {
            "x": 467.08,
            "y": 364.3
          },
          {
            "x": 467.25,
            "y": 364
          },
          {
            "x": 467.29,
            "y": 362.65
          },
          {
            "x": 467.11,
            "y": 361.82
          },
          {
            "x": 467,
            "y": 361
          },
          {
            "x": 467,
            "y": 325
          },
          {
            "x": 467.05,
            "y": 321.26
          }
        ]
      }
    }
  ]
}