{
  "image": {
    "width": 640,
    "height": 481,
    "filename": "00000095.jpg",
    "original_filename": "COCO_test2014_000000580531.jpg",
    "url": "https://darwin.v7labs.com/api/images/1180713/original?token=dcdac99e-befb-4f2f-8808-28ca35ffd97c",
    "thumbnail_url": "https://darwin.v7labs.com/api/images/1180713/thumbnail?token=dcdac99e-befb-4f2f-8808-28ca35ffd97c",
    "workview_url": "https://darwin.v7labs.com/workview?dataset=1152&image=95"
  },
  "dataset": "4_Saltanat",
  "annotated": true,
  "annotations": [
    {
      "annotator": {
        "email": "begimbaeva.s95@gmail.com",
        "full_name": "Saltanat Begimbaeva"
      },
      "name": "Animal",
      "polygon": {
        "path": [
          {
            "x": 467,
            "y": 89
          },
          {
            "x": 466,
            "y": 89
          },
          {
            "x": 465.0,
            "y": 88
          },
          {
            "x": 464.0,
            "y": 88
          },
          {
            "x": 463,
            "y": 87
          },
          {
            "x": 462,
            "y": 87
          },
          {
            "x": 461,
            "y": 86.0
          },
          {
            "x": 459,
            "y": 86.0
          },
          {
            "x": 458,
            "y": 85.0
          },
          {
            "x": 454,
            "y": 85.0
          },
          {
            "x": 453,
            "y": 84.0
          },
          {
            "x": 444,
            "y": 84.0
          },
          {
            "x": 443,
            "y": 83
          },
          {
            "x": 439,
            "y": 83
          },
          {
            "x": 438.0,
            "y": 82
          },
          {
            "x": 417,
            "y": 82
          },
          {
            "x": 416,
            "y": 83
          },
          {
            "x": 407,
            "y": 83
          },
          {
            "x": 406.0,
            "y": 84.0
          },
          {
            "x": 398,
            "y": 84.0
          },
          {
            "x": 397.0,
            "y": 85.0
          },
          {
            "x": 394,
            "y": 85.0
          },
          {
            "x": 393,
            "y": 86.0
          },
          {
            "x": 390,
            "y": 86.0
          },
          {
            "x": 389,
            "y": 87
          },
          {
            "x": 384,
            "y": 87
          },
          {
            "x": 383.0,
            "y": 88
          },
          {
            "x": 376,
            "y": 88
          },
          {
            "x": 375,
            "y": 89
          },
          {
            "x": 370.0,
            "y": 89
          },
          {
            "x": 369.0,
            "y": 90
          },
          {
            "x": 368,
            "y": 90
          },
          {
            "x": 367,
            "y": 91
          },
          {
            "x": 366,
            "y": 91
          },
          {
            "x": 365.0,
            "y": 92.0
          },
          {
            "x": 363,
            "y": 92.0
          },
          {
            "x": 362,
            "y": 93.0
          },
          {
            "x": 359,
            "y": 93.0
          },
          {
            "x": 358,
            "y": 94.0
          },
          {
            "x": 353,
            "y": 94.0
          },
          {
            "x": 352.0,
            "y": 95.0
          },
          {
            "x": 348,
            "y": 95.0
          },
          {
            "x": 347.0,
            "y": 96
          },
          {
            "x": 343.0,
            "y": 96
          },
          {
            "x": 342.0,
            "y": 97
          },
          {
            "x": 338.0,
            "y": 97
          },
          {
            "x": 337.0,
            "y": 98.0
          },
          {
            "x": 335,
            "y": 98.0
          },
          {
            "x": 334.0,
            "y": 99.0
          },
          {
            "x": 329.0,
            "y": 99.0
          },
          {
            "x": 328.0,
            "y": 100
          },
          {
            "x": 325.0,
            "y": 100
          },
          {
            "x": 324.0,
            "y": 101.0
          },
          {
            "x": 320.0,
            "y": 101.0
          },
          {
            "x": 319.0,
            "y": 102
          },
          {
            "x": 314,
            "y": 102
          },
          {
            "x": 313,
            "y": 103.0
          },
          {
            "x": 306.0,
            "y": 103.0
          },
          {
            "x": 305,
            "y": 104
          },
          {
            "x": 279.0,
            "y": 104
          },
          {
            "x": 278.0,
            "y": 105.0
          },
          {
            "x": 256.0,
            "y": 105.0
          },
          {
            "x": 255.0,
            "y": 106.0
          },
          {
            "x": 249,
            "y": 106.0
          },
          {
            "x": 248.0,
            "y": 107.0
          },
          {
            "x": 233.0,
            "y": 107.0
          },
          {
            "x": 232.0,
            "y": 108.0
          },
          {
            "x": 226,
            "y": 108.0
          },
          {
            "x": 225.0,
            "y": 109
          },
          {
            "x": 192,
            "y": 109
          },
          {
            "x": 191,
            "y": 110.0
          },
          {
            "x": 189,
            "y": 110.0
          },
          {
            "x": 188.0,
            "y": 111
          },
          {
            "x": 186.0,
            "y": 111
          },
          {
            "x": 183,
            "y": 114.0
          },
          {
            "x": 182,
            "y": 114.0
          },
          {
            "x": 180,
            "y": 116.0
          },
          {
            "x": 180,
            "y": 117.0
          },
          {
            "x": 178,
            "y": 119.0
          },
          {
            "x": 177.0,
            "y": 119.0
          },
          {
            "x": 176,
            "y": 120
          },
          {
            "x": 175.0,
            "y": 119.0
          },
          {
            "x": 172.0,
            "y": 119.0
          },
          {
            "x": 171,
            "y": 118
          },
          {
            "x": 171,
            "y": 117.0
          },
          {
            "x": 169,
            "y": 115.0
          },
          {
            "x": 169,
            "y": 114.0
          },
          {
            "x": 168.0,
            "y": 114.0
          },
          {
            "x": 166,
            "y": 112.0
          },
          {
            "x": 166,
            "y": 111
          },
          {
            "x": 165.0,
            "y": 110.0
          },
          {
            "x": 165.0,
            "y": 109
          },
          {
            "x": 164,
            "y": 108.0
          },
          {
            "x": 164,
            "y": 107.0
          },
          {
            "x": 162,
            "y": 105.0
          },
          {
            "x": 162,
            "y": 104
          },
          {
            "x": 161.0,
            "y": 104
          },
          {
            "x": 160,
            "y": 103.0
          },
          {
            "x": 160,
            "y": 102
          },
          {
            "x": 159,
            "y": 102
          },
          {
            "x": 158,
            "y": 101.0
          },
          {
            "x": 154.0,
            "y": 101.0
          },
          {
            "x": 153,
            "y": 102
          },
          {
            "x": 153,
            "y": 108.0
          },
          {
            "x": 154.0,
            "y": 109
          },
          {
            "x": 154.0,
            "y": 112.0
          },
          {
            "x": 155,
            "y": 113
          },
          {
            "x": 155,
            "y": 119.0
          },
          {
            "x": 156.0,
            "y": 120
          },
          {
            "x": 156.0,
            "y": 134
          },
          {
            "x": 155,
            "y": 135.0
          },
          {
            "x": 155,
            "y": 136
          },
          {
            "x": 153,
            "y": 138
          },
          {
            "x": 153,
            "y": 139.0
          },
          {
            "x": 152,
            "y": 140
          },
          {
            "x": 152,
            "y": 141
          },
          {
            "x": 151,
            "y": 142.0
          },
          {
            "x": 151,
            "y": 146.0
          },
          {
            "x": 149,
            "y": 148.0
          },
          {
            "x": 149,
            "y": 149
          },
          {
            "x": 148,
            "y": 150
          },
          {
            "x": 148,
            "y": 152
          },
          {
            "x": 147,
            "y": 153.0
          },
          {
            "x": 147,
            "y": 154
          },
          {
            "x": 146,
            "y": 155.0
          },
          {
            "x": 146,
            "y": 158.0
          },
          {
            "x": 145,
            "y": 159
          },
          {
            "x": 145,
            "y": 167.0
          },
          {
            "x": 146,
            "y": 168
          },
          {
            "x": 146,
            "y": 173.0
          },
          {
            "x": 147,
            "y": 174
          },
          {
            "x": 147,
            "y": 175
          },
          {
            "x": 146,
            "y": 176.0
          },
          {
            "x": 146,
            "y": 182.0
          },
          {
            "x": 145,
            "y": 183
          },
          {
            "x": 145,
            "y": 184
          },
          {
            "x": 144,
            "y": 185.0
          },
          {
            "x": 144,
            "y": 186
          },
          {
            "x": 141,
            "y": 189.0
          },
          {
            "x": 141,
            "y": 191
          },
          {
            "x": 139,
            "y": 193
          },
          {
            "x": 138,
            "y": 193
          },
          {
            "x": 137,
            "y": 194.0
          },
          {
            "x": 137,
            "y": 195
          },
          {
            "x": 136,
            "y": 196.0
          },
          {
            "x": 136,
            "y": 197
          },
          {
            "x": 135,
            "y": 198.0
          },
          {
            "x": 134,
            "y": 198.0
          },
          {
            "x": 134,
            "y": 199
          },
          {
            "x": 132,
            "y": 201
          },
          {
            "x": 132,
            "y": 202
          },
          {
            "x": 131,
            "y": 203.0
          },
          {
            "x": 131,
            "y": 206
          },
          {
            "x": 130,
            "y": 207.0
          },
          {
            "x": 130,
            "y": 209
          },
          {
            "x": 131,
            "y": 210
          },
          {
            "x": 131,
            "y": 212.0
          },
          {
            "x": 134,
            "y": 215
          },
          {
            "x": 135,
            "y": 215
          },
          {
            "x": 136,
            "y": 216.0
          },
          {
            "x": 138,
            "y": 216.0
          },
          {
            "x": 139,
            "y": 217
          },
          {
            "x": 141,
            "y": 217
          },
          {
            "x": 142,
            "y": 218
          },
          {
            "x": 145,
            "y": 218
          },
          {
            "x": 146,
            "y": 219.0
          },
          {
            "x": 154.0,
            "y": 219.0
          },
          {
            "x": 155,
            "y": 218
          },
          {
            "x": 156.0,
            "y": 218
          },
          {
            "x": 157,
            "y": 217
          },
          {
            "x": 158,
            "y": 217
          },
          {
            "x": 159,
            "y": 216.0
          },
          {
            "x": 161.0,
            "y": 216.0
          },
          {
            "x": 163.0,
            "y": 214.0
          },
          {
            "x": 164,
            "y": 214.0
          },
          {
            "x": 166,
            "y": 212.0
          },
          {
            "x": 167,
            "y": 212.0
          },
          {
            "x": 172.0,
            "y": 207.0
          },
          {
            "x": 174,
            "y": 207.0
          },
          {
            "x": 174,
            "y": 206
          },
          {
            "x": 178,
            "y": 202
          },
          {
            "x": 179.0,
            "y": 202
          },
          {
            "x": 183,
            "y": 198.0
          },
          {
            "x": 184.0,
            "y": 198.0
          },
          {
            "x": 187,
            "y": 195
          },
          {
            "x": 188.0,
            "y": 195
          },
          {
            "x": 189,
            "y": 194.0
          },
          {
            "x": 192,
            "y": 194.0
          },
          {
            "x": 193.0,
            "y": 193
          },
          {
            "x": 200,
            "y": 200
          },
          {
            "x": 200,
            "y": 202
          },
          {
            "x": 202.0,
            "y": 204
          },
          {
            "x": 202.0,
            "y": 205.0
          },
          {
            "x": 203.0,
            "y": 206
          },
          {
            "x": 203.0,
            "y": 207.0
          },
          {
            "x": 204,
            "y": 208
          },
          {
            "x": 204,
            "y": 209
          },
          {
            "x": 205.0,
            "y": 210
          },
          {
            "x": 205.0,
            "y": 213
          },
          {
            "x": 206.0,
            "y": 214.0
          },
          {
            "x": 206.0,
            "y": 216.0
          },
          {
            "x": 207.0,
            "y": 217
          },
          {
            "x": 207.0,
            "y": 219.0
          },
          {
            "x": 208,
            "y": 220
          },
          {
            "x": 208,
            "y": 221.0
          },
          {
            "x": 209,
            "y": 222
          },
          {
            "x": 209,
            "y": 224
          },
          {
            "x": 210.0,
            "y": 225
          },
          {
            "x": 210.0,
            "y": 227
          },
          {
            "x": 211.0,
            "y": 228.0
          },
          {
            "x": 212.0,
            "y": 228.0
          },
          {
            "x": 215.0,
            "y": 231
          },
          {
            "x": 216.0,
            "y": 231
          },
          {
            "x": 217,
            "y": 232.0
          },
          {
            "x": 217,
            "y": 233
          },
          {
            "x": 219.0,
            "y": 235
          },
          {
            "x": 219.0,
            "y": 236
          },
          {
            "x": 220.0,
            "y": 237.0
          },
          {
            "x": 220.0,
            "y": 239.0
          },
          {
            "x": 222,
            "y": 241.0
          },
          {
            "x": 223.0,
            "y": 241.0
          },
          {
            "x": 225.0,
            "y": 243
          },
          {
            "x": 226,
            "y": 243
          },
          {
            "x": 227,
            "y": 244
          },
          {
            "x": 229.0,
            "y": 244
          },
          {
            "x": 231,
            "y": 246.0
          },
          {
            "x": 235,
            "y": 246.0
          },
          {
            "x": 236,
            "y": 247
          },
          {
            "x": 239.0,
            "y": 247
          },
          {
            "x": 240,
            "y": 248.0
          },
          {
            "x": 241.0,
            "y": 248.0
          },
          {
            "x": 242.0,
            "y": 249
          },
          {
            "x": 244,
            "y": 249
          },
          {
            "x": 245,
            "y": 250.0
          },
          {
            "x": 246.0,
            "y": 250.0
          },
          {
            "x": 247.0,
            "y": 251
          },
          {
            "x": 248.0,
            "y": 251
          },
          {
            "x": 249,
            "y": 252
          },
          {
            "x": 250.0,
            "y": 252
          },
          {
            "x": 259,
            "y": 261
          },
          {
            "x": 259,
            "y": 262
          },
          {
            "x": 261.0,
            "y": 264
          },
          {
            "x": 261.0,
            "y": 266
          },
          {
            "x": 262,
            "y": 267
          },
          {
            "x": 262,
            "y": 268
          },
          {
            "x": 263,
            "y": 269
          },
          {
            "x": 263,
            "y": 282
          },
          {
            "x": 262,
            "y": 283
          },
          {
            "x": 262,
            "y": 286
          },
          {
            "x": 261.0,
            "y": 287
          },
          {
            "x": 261.0,
            "y": 288
          },
          {
            "x": 260.0,
            "y": 289
          },
          {
            "x": 260.0,
            "y": 291
          },
          {
            "x": 259,
            "y": 292
          },
          {
            "x": 259,
            "y": 294
          },
          {
            "x": 257.0,
            "y": 296
          },
          {
            "x": 257.0,
            "y": 298
          },
          {
            "x": 256.0,
            "y": 299
          },
          {
            "x": 256.0,
            "y": 300
          },
          {
            "x": 255.0,
            "y": 301
          },
          {
            "x": 255.0,
            "y": 303
          },
          {
            "x": 254,
            "y": 304
          },
          {
            "x": 254,
            "y": 307
          },
          {
            "x": 250.0,
            "y": 311
          },
          {
            "x": 250.0,
            "y": 312
          },
          {
            "x": 249,
            "y": 313
          },
          {
            "x": 249,
            "y": 315
          },
          {
            "x": 248.0,
            "y": 316
          },
          {
            "x": 248.0,
            "y": 318
          },
          {
            "x": 247.0,
            "y": 319
          },
          {
            "x": 247.0,
            "y": 321
          },
          {
            "x": 246.0,
            "y": 322
          },
          {
            "x": 246.0,
            "y": 324
          },
          {
            "x": 245,
            "y": 325
          },
          {
            "x": 245,
            "y": 328
          },
          {
            "x": 244,
            "y": 329
          },
          {
            "x": 244,
            "y": 330
          },
          {
            "x": 242.0,
            "y": 332
          },
          {
            "x": 242.0,
            "y": 333
          },
          {
            "x": 241.0,
            "y": 334
          },
          {
            "x": 241.0,
            "y": 335
          },
          {
            "x": 240,
            "y": 336
          },
          {
            "x": 240,
            "y": 340
          },
          {
            "x": 239.0,
            "y": 341
          },
          {
            "x": 239.0,
            "y": 343
          },
          {
            "x": 238.0,
            "y": 344
          },
          {
            "x": 238.0,
            "y": 345
          },
          {
            "x": 237.0,
            "y": 346
          },
          {
            "x": 237.0,
            "y": 349
          },
          {
            "x": 235,
            "y": 351
          },
          {
            "x": 235,
            "y": 354
          },
          {
            "x": 234.0,
            "y": 355
          },
          {
            "x": 234.0,
            "y": 356
          },
          {
            "x": 233.0,
            "y": 357
          },
          {
            "x": 233.0,
            "y": 358
          },
          {
            "x": 232.0,
            "y": 359
          },
          {
            "x": 232.0,
            "y": 360
          },
          {
            "x": 231,
            "y": 361
          },
          {
            "x": 231,
            "y": 370.0
          },
          {
            "x": 232.0,
            "y": 371
          },
          {
            "x": 232.0,
            "y": 372
          },
          {
            "x": 234.0,
            "y": 374.0
          },
          {
            "x": 236,
            "y": 374.0
          },
          {
            "x": 237.0,
            "y": 375
          },
          {
            "x": 244,
            "y": 375
          },
          {
            "x": 245,
            "y": 374.0
          },
          {
            "x": 248.0,
            "y": 374.0
          },
          {
            "x": 249,
            "y": 373
          },
          {
            "x": 250.0,
            "y": 373
          },
          {
            "x": 252.0,
            "y": 371
          },
          {
            "x": 253,
            "y": 371
          },
          {
            "x": 257.0,
            "y": 367
          },
          {
            "x": 257.0,
            "y": 366
          },
          {
            "x": 258,
            "y": 365
          },
          {
            "x": 258,
            "y": 362
          },
          {
            "x": 259,
            "y": 361
          },
          {
            "x": 259,
            "y": 359
          },
          {
            "x": 260.0,
            "y": 358
          },
          {
            "x": 260.0,
            "y": 356
          },
          {
            "x": 261.0,
            "y": 355
          },
          {
            "x": 261.0,
            "y": 354
          },
          {
            "x": 262,
            "y": 353
          },
          {
            "x": 262,
            "y": 352
          },
          {
            "x": 263,
            "y": 351
          },
          {
            "x": 263,
            "y": 347
          },
          {
            "x": 264,
            "y": 346
          },
          {
            "x": 264,
            "y": 343
          },
          {
            "x": 265.0,
            "y": 342
          },
          {
            "x": 265.0,
            "y": 339
          },
          {
            "x": 266.0,
            "y": 338
          },
          {
            "x": 266.0,
            "y": 336
          },
          {
            "x": 267,
            "y": 335
          },
          {
            "x": 267,
            "y": 334
          },
          {
            "x": 268,
            "y": 333
          },
          {
            "x": 268,
            "y": 326
          },
          {
            "x": 269.0,
            "y": 325
          },
          {
            "x": 269.0,
            "y": 324
          },
          {
            "x": 270.0,
            "y": 323
          },
          {
            "x": 270.0,
            "y": 322
          },
          {
            "x": 272,
            "y": 320
          },
          {
            "x": 272,
            "y": 319
          },
          {
            "x": 273,
            "y": 318
          },
          {
            "x": 273,
            "y": 316
          },
          {
            "x": 274.0,
            "y": 315
          },
          {
            "x": 275.0,
            "y": 315
          },
          {
            "x": 276,
            "y": 314
          },
          {
            "x": 276,
            "y": 313
          },
          {
            "x": 278.0,
            "y": 311
          },
          {
            "x": 278.0,
            "y": 309
          },
          {
            "x": 279.0,
            "y": 308
          },
          {
            "x": 279.0,
            "y": 307
          },
          {
            "x": 280,
            "y": 306
          },
          {
            "x": 280,
            "y": 305
          },
          {
            "x": 281,
            "y": 304
          },
          {
            "x": 281,
            "y": 302
          },
          {
            "x": 282,
            "y": 301
          },
          {
            "x": 282,
            "y": 300
          },
          {
            "x": 283.0,
            "y": 299
          },
          {
            "x": 283.0,
            "y": 296
          },
          {
            "x": 285,
            "y": 294
          },
          {
            "x": 285,
            "y": 292
          },
          {
            "x": 287.0,
            "y": 290
          },
          {
            "x": 287.0,
            "y": 289
          },
          {
            "x": 288.0,
            "y": 288
          },
          {
            "x": 288.0,
            "y": 286
          },
          {
            "x": 289,
            "y": 285
          },
          {
            "x": 289,
            "y": 284
          },
          {
            "x": 290,
            "y": 283
          },
          {
            "x": 290,
            "y": 282
          },
          {
            "x": 292.0,
            "y": 280
          },
          {
            "x": 292.0,
            "y": 279
          },
          {
            "x": 293.0,
            "y": 278
          },
          {
            "x": 293.0,
            "y": 277
          },
          {
            "x": 294,
            "y": 276
          },
          {
            "x": 294,
            "y": 274
          },
          {
            "x": 295,
            "y": 273
          },
          {
            "x": 295,
            "y": 272
          },
          {
            "x": 298,
            "y": 269
          },
          {
            "x": 298,
            "y": 266
          },
          {
            "x": 299,
            "y": 265
          },
          {
            "x": 299,
            "y": 264
          },
          {
            "x": 303,
            "y": 260
          },
          {
            "x": 303,
            "y": 258
          },
          {
            "x": 306.0,
            "y": 255.0
          },
          {
            "x": 306.0,
            "y": 254
          },
          {
            "x": 307,
            "y": 253
          },
          {
            "x": 307,
            "y": 252
          },
          {
            "x": 308,
            "y": 251
          },
          {
            "x": 308,
            "y": 248.0
          },
          {
            "x": 311.0,
            "y": 245
          },
          {
            "x": 311.0,
            "y": 244
          },
          {
            "x": 314,
            "y": 241.0
          },
          {
            "x": 315.0,
            "y": 241.0
          },
          {
            "x": 317,
            "y": 239.0
          },
          {
            "x": 318,
            "y": 239.0
          },
          {
            "x": 320.0,
            "y": 237.0
          },
          {
            "x": 321,
            "y": 237.0
          },
          {
            "x": 322,
            "y": 236
          },
          {
            "x": 324.0,
            "y": 236
          },
          {
            "x": 325.0,
            "y": 235
          },
          {
            "x": 326,
            "y": 235
          },
          {
            "x": 328.0,
            "y": 233
          },
          {
            "x": 330,
            "y": 233
          },
          {
            "x": 331,
            "y": 232.0
          },
          {
            "x": 332,
            "y": 232.0
          },
          {
            "x": 333.0,
            "y": 231
          },
          {
            "x": 337.0,
            "y": 231
          },
          {
            "x": 338.0,
            "y": 230.0
          },
          {
            "x": 339,
            "y": 230.0
          },
          {
            "x": 340,
            "y": 229
          },
          {
            "x": 342.0,
            "y": 229
          },
          {
            "x": 344,
            "y": 227
          },
          {
            "x": 346.0,
            "y": 227
          },
          {
            "x": 347.0,
            "y": 226
          },
          {
            "x": 351.0,
            "y": 226
          },
          {
            "x": 352.0,
            "y": 225
          },
          {
            "x": 353,
            "y": 225
          },
          {
            "x": 354,
            "y": 224
          },
          {
            "x": 356.0,
            "y": 224
          },
          {
            "x": 358,
            "y": 222
          },
          {
            "x": 359,
            "y": 222
          },
          {
            "x": 360.0,
            "y": 221.0
          },
          {
            "x": 362,
            "y": 221.0
          },
          {
            "x": 363,
            "y": 220
          },
          {
            "x": 364.0,
            "y": 220
          },
          {
            "x": 365.0,
            "y": 219.0
          },
          {
            "x": 367,
            "y": 219.0
          },
          {
            "x": 369.0,
            "y": 217
          },
          {
            "x": 371,
            "y": 217
          },
          {
            "x": 372,
            "y": 216.0
          },
          {
            "x": 374.0,
            "y": 216.0
          },
          {
            "x": 375,
            "y": 215
          },
          {
            "x": 377,
            "y": 215
          },
          {
            "x": 378.0,
            "y": 214.0
          },
          {
            "x": 379.0,
            "y": 214.0
          },
          {
            "x": 380,
            "y": 213
          },
          {
            "x": 391,
            "y": 213
          },
          {
            "x": 392.0,
            "y": 214.0
          },
          {
            "x": 397.0,
            "y": 214.0
          },
          {
            "x": 398,
            "y": 215
          },
          {
            "x": 402,
            "y": 215
          },
          {
            "x": 403,
            "y": 216.0
          },
          {
            "x": 405.0,
            "y": 216.0
          },
          {
            "x": 407,
            "y": 218
          },
          {
            "x": 407,
            "y": 220
          },
          {
            "x": 409,
            "y": 222
          },
          {
            "x": 409,
            "y": 223.0
          },
          {
            "x": 411,
            "y": 225
          },
          {
            "x": 411,
            "y": 226
          },
          {
            "x": 412,
            "y": 227
          },
          {
            "x": 412,
            "y": 229
          },
          {
            "x": 414.0,
            "y": 231
          },
          {
            "x": 415.0,
            "y": 231
          },
          {
            "x": 416,
            "y": 232.0
          },
          {
            "x": 416,
            "y": 233
          },
          {
            "x": 417,
            "y": 234
          },
          {
            "x": 417,
            "y": 235
          },
          {
            "x": 418,
            "y": 236
          },
          {
            "x": 420,
            "y": 236
          },
          {
            "x": 422,
            "y": 238
          },
          {
            "x": 422,
            "y": 239.0
          },
          {
            "x": 423.0,
            "y": 240
          },
          {
            "x": 424.0,
            "y": 240
          },
          {
            "x": 425,
            "y": 241.0
          },
          {
            "x": 426,
            "y": 241.0
          },
          {
            "x": 427,
            "y": 242
          },
          {
            "x": 427,
            "y": 243
          },
          {
            "x": 428.0,
            "y": 243
          },
          {
            "x": 432.0,
            "y": 247
          },
          {
            "x": 433.0,
            "y": 247
          },
          {
            "x": 435,
            "y": 249
          },
          {
            "x": 436,
            "y": 249
          },
          {
            "x": 438.0,
            "y": 251
          },
          {
            "x": 441.0,
            "y": 251
          },
          {
            "x": 443,
            "y": 253
          },
          {
            "x": 444,
            "y": 253
          },
          {
            "x": 447.0,
            "y": 256
          },
          {
            "x": 448,
            "y": 256
          },
          {
            "x": 449,
            "y": 257
          },
          {
            "x": 450,
            "y": 257
          },
          {
            "x": 452,
            "y": 259
          },
          {
            "x": 452,
            "y": 260
          },
          {
            "x": 453,
            "y": 261
          },
          {
            "x": 454,
            "y": 261
          },
          {
            "x": 455.0,
            "y": 262
          },
          {
            "x": 455.0,
            "y": 263
          },
          {
            "x": 456.0,
            "y": 264
          },
          {
            "x": 456.0,
            "y": 266
          },
          {
            "x": 457,
            "y": 267
          },
          {
            "x": 457,
            "y": 284
          },
          {
            "x": 458,
            "y": 284
          },
          {
            "x": 459,
            "y": 285
          },
          {
            "x": 463,
            "y": 285
          },
          {
            "x": 464.0,
            "y": 284
          },
          {
            "x": 466,
            "y": 284
          },
          {
            "x": 466,
            "y": 283
          },
          {
            "x": 468,
            "y": 281
          },
          {
            "x": 469.0,
            "y": 281
          },
          {
            "x": 471,
            "y": 279
          },
          {
            "x": 471,
            "y": 278
          },
          {
            "x": 473.0,
            "y": 276
          },
          {
            "x": 474.0,
            "y": 276
          },
          {
            "x": 476,
            "y": 274
          },
          {
            "x": 476,
            "y": 272
          },
          {
            "x": 477,
            "y": 271
          },
          {
            "x": 478.0,
            "y": 271
          },
          {
            "x": 478.0,
            "y": 269
          },
          {
            "x": 479,
            "y": 268
          },
          {
            "x": 479,
            "y": 267
          },
          {
            "x": 480,
            "y": 266
          },
          {
            "x": 480,
            "y": 265
          },
          {
            "x": 481,
            "y": 264
          },
          {
            "x": 481,
            "y": 252
          },
          {
            "x": 480,
            "y": 251
          },
          {
            "x": 480,
            "y": 250.0
          },
          {
            "x": 479,
            "y": 249
          },
          {
            "x": 479,
            "y": 248.0
          },
          {
            "x": 477,
            "y": 246.0
          },
          {
            "x": 477,
            "y": 244
          },
          {
            "x": 476,
            "y": 243
          },
          {
            "x": 476,
            "y": 234
          },
          {
            "x": 477,
            "y": 233
          },
          {
            "x": 477,
            "y": 231
          },
          {
            "x": 478.0,
            "y": 230.0
          },
          {
            "x": 478.0,
            "y": 228.0
          },
          {
            "x": 479,
            "y": 227
          },
          {
            "x": 479,
            "y": 226
          },
          {
            "x": 480,
            "y": 225
          },
          {
            "x": 480,
            "y": 220
          },
          {
            "x": 481,
            "y": 219.0
          },
          {
            "x": 481,
            "y": 205.0
          },
          {
            "x": 482.0,
            "y": 204
          },
          {
            "x": 482.0,
            "y": 202
          },
          {
            "x": 483.0,
            "y": 201
          },
          {
            "x": 483.0,
            "y": 196.0
          },
          {
            "x": 484,
            "y": 195
          },
          {
            "x": 484,
            "y": 193
          },
          {
            "x": 485,
            "y": 192
          },
          {
            "x": 485,
            "y": 178.0
          },
          {
            "x": 486,
            "y": 177
          },
          {
            "x": 486,
            "y": 166
          },
          {
            "x": 485,
            "y": 165
          },
          {
            "x": 485,
            "y": 160.0
          },
          {
            "x": 484,
            "y": 159
          },
          {
            "x": 484,
            "y": 158.0
          },
          {
            "x": 483.0,
            "y": 157
          },
          {
            "x": 483.0,
            "y": 154
          },
          {
            "x": 482.0,
            "y": 153.0
          },
          {
            "x": 482.0,
            "y": 151.0
          },
          {
            "x": 481,
            "y": 150
          },
          {
            "x": 481,
            "y": 143
          },
          {
            "x": 480,
            "y": 142.0
          },
          {
            "x": 480,
            "y": 137.0
          },
          {
            "x": 479,
            "y": 136
          },
          {
            "x": 479,
            "y": 119.0
          },
          {
            "x": 478.0,
            "y": 118
          },
          {
            "x": 478.0,
            "y": 111
          },
          {
            "x": 477,
            "y": 110.0
          },
          {
            "x": 477,
            "y": 107.0
          },
          {
            "x": 476,
            "y": 106.0
          },
          {
            "x": 476,
            "y": 101.0
          },
          {
            "x": 475,
            "y": 100
          },
          {
            "x": 475,
            "y": 99.0
          },
          {
            "x": 473.0,
            "y": 97
          },
          {
            "x": 473.0,
            "y": 96
          },
          {
            "x": 472,
            "y": 95.0
          },
          {
            "x": 472,
            "y": 94.0
          }
        ]
      }
    },
    {
      "annotator": {
        "email": "begimbaeva.s95@gmail.com",
        "full_name": "Saltanat Begimbaeva"
      },
      "bounding_box": {
        "h": 103.56,
        "w": 86.67,
        "x": 121.82,
        "y": 194.0
      },
      "name": "Object"
    }
  ]
}