{
  "image": {
    "width": 640,
    "height": 477,
    "filename": "00000133.jpg",
    "original_filename": "COCO_test2014_000000575811.jpg",
    "url": "https://darwin.v7labs.com/api/images/1180952/original?token=4b25de6b-1a37-42ba-8685-0c7d525e03f0",
    "thumbnail_url": "https://darwin.v7labs.com/api/images/1180952/thumbnail?token=4b25de6b-1a37-42ba-8685-0c7d525e03f0",
    "workview_url": "https://darwin.v7labs.com/workview?dataset=1153&image=133"
  },
  "dataset": "4_Aizada",
  "annotated": true,
  "annotations": [
    {
      "annotator": {
        "email": "corporate@bex.kg",
        "full_name": "Aizada Tynchybek kyzy"
      },
      "cuboid": {
        "back": {
          "h": 473.53,
          "w": 640.62,
          "x": -0.31,
          "y": 1.39
        },
        "front": {
          "h": 192.05,
          "w": 176.1,
          "x": 305.44,
          "y": 83.2
        }
      },
      "name": "Transport"
    },
    {
      "annotator": {
        "email": "corporate@bex.kg",
        "full_name": "Aizada Tynchybek kyzy"
      },
      "bounding_box": {
        "h": 123.41,
        "w": 28.43,
        "x": 401.12,
        "y": 131.04
      },
      "name": "Men"
    }
  ]
}