{
  "image": {
    "width": 640,
    "height": 480,
    "filename": "00000126.jpg",
    "original_filename": "COCO_test2014_000000580940.jpg",
    "url": "https://darwin.v7labs.com/api/images/1180744/original?token=dcdac99e-befb-4f2f-8808-28ca35ffd97c",
    "thumbnail_url": "https://darwin.v7labs.com/api/images/1180744/thumbnail?token=dcdac99e-befb-4f2f-8808-28ca35ffd97c",
    "workview_url": "https://darwin.v7labs.com/workview?dataset=1152&image=126"
  },
  "dataset": "4_Saltanat",
  "annotated": true,
  "annotations": [
    {
      "annotator": {
        "email": "begimbaeva.s95@gmail.com",
        "full_name": "Saltanat Begimbaeva"
      },
      "cuboid": {
        "back": {
          "h": 69.11,
          "w": 275.48,
          "x": 0.18,
          "y": 414.69
        },
        "front": {
          "h": 26.04,
          "w": 277.62,
          "x": 1.47,
          "y": 438.3
        }
      },
      "name": "Transport"
    },
    {
      "annotator": {
        "email": "begimbaeva.s95@gmail.com",
        "full_name": "Saltanat Begimbaeva"
      },
      "bounding_box": {
        "h": 50.74,
        "w": 20.85,
        "x": 365.46,
        "y": 377.96
      },
      "name": "Men"
    }
  ]
}