{
  "image": {
    "width": 640,
    "height": 427,
    "filename": "00000140.jpg",
    "original_filename": "COCO_test2014_000000575881.jpg",
    "url": "https://darwin.v7labs.com/api/images/1180959/original?token=4b25de6b-1a37-42ba-8685-0c7d525e03f0",
    "thumbnail_url": "https://darwin.v7labs.com/api/images/1180959/thumbnail?token=4b25de6b-1a37-42ba-8685-0c7d525e03f0",
    "workview_url": "https://darwin.v7labs.com/workview?dataset=1153&image=140"
  },
  "dataset": "4_Aizada",
  "annotated": true,
  "annotations": [
    {
      "annotator": {
        "email": "corporate@bex.kg",
        "full_name": "Aizada Tynchybek kyzy"
      },
      "bounding_box": {
        "h": 26.6,
        "w": 59.85,
        "x": 189.37,
        "y": 108.94
      },
      "name": "Object"
    },
    {
      "annotator": {
        "email": "corporate@bex.kg",
        "full_name": "Aizada Tynchybek kyzy"
      },
      "bounding_box": {
        "h": 131.52,
        "w": 253.43,
        "x": 51.2,
        "y": 107.46
      },
      "name": "Object"
    },
    {
      "annotator": {
        "email": "corporate@bex.kg",
        "full_name": "Aizada Tynchybek kyzy"
      },
      "bounding_box": {
        "h": 120.43,
        "w": 196.54,
        "x": 80.02,
        "y": 201.29
      },
      "name": "Object"
    },
    {
      "annotator": {
        "email": "corporate@bex.kg",
        "full_name": "Aizada Tynchybek kyzy"
      },
      "bounding_box": {
        "h": 50.24,
        "w": 53.2,
        "x": 29.04,
        "y": 250.06
      },
      "name": "Object"
    },
    {
      "annotator": {
        "email": "corporate@bex.kg",
        "full_name": "Aizada Tynchybek kyzy"
      },
      "bounding_box": {
        "h": 56.15,
        "w": 46.55,
        "x": 301.68,
        "y": 185.78
      },
      "name": "Object"
    },
    {
      "annotator": {
        "email": "corporate@bex.kg",
        "full_name": "Aizada Tynchybek kyzy"
      },
      "bounding_box": {
        "h": 147.77,
        "w": 265.99,
        "x": 372.61,
        "y": 105.24
      },
      "name": "Object"
    },
    {
      "annotator": {
        "email": "corporate@bex.kg",
        "full_name": "Aizada Tynchybek kyzy"
      },
      "bounding_box": {
        "h": 25.12,
        "w": 107.87,
        "x": 392.56,
        "y": 238.24
      },
      "name": "Object"
    },
    {
      "annotator": {
        "email": "corporate@bex.kg",
        "full_name": "Aizada Tynchybek kyzy"
      },
      "bounding_box": {
        "h": 71.67,
        "w": 67.97,
        "x": 304.63,
        "y": 120.76
      },
      "name": "Object"
    }
  ]
}