{
  "image": {
    "width": 640,
    "height": 480,
    "filename": "00000146.jpg",
    "original_filename": "COCO_test2014_000000575959.jpg",
    "url": "https://darwin.v7labs.com/api/images/1180965/original?token=4b25de6b-1a37-42ba-8685-0c7d525e03f0",
    "thumbnail_url": "https://darwin.v7labs.com/api/images/1180965/thumbnail?token=4b25de6b-1a37-42ba-8685-0c7d525e03f0",
    "workview_url": "https://darwin.v7labs.com/workview?dataset=1153&image=146"
  },
  "dataset": "4_Aizada",
  "annotated": true,
  "annotations": [
    {
      "annotator": {
        "email": "corporate@bex.kg",
        "full_name": "Aizada Tynchybek kyzy"
      },
      "bounding_box": {
        "h": 418.6,
        "w": 184.88,
        "x": 0.47,
        "y": 60
      },
      "name": "Men"
    },
    {
      "annotator": {
        "email": "corporate@bex.kg",
        "full_name": "Aizada Tynchybek kyzy"
      },
      "bounding_box": {
        "h": 291.63,
        "w": 380.23,
        "x": 262.79,
        "y": 142.33
      },
      "name": "Animal"
    }
  ]
}