{
  "image": {
    "width": 640,
    "height": 427,
    "filename": "00000157.jpg",
    "original_filename": "COCO_test2014_000000012380.jpg",
    "url": "https://darwin.v7labs.com/api/images/1180477/original?token=6731805e-fe9c-459b-85db-592a9652a349",
    "thumbnail_url": "https://darwin.v7labs.com/api/images/1180477/thumbnail?token=6731805e-fe9c-459b-85db-592a9652a349",
    "workview_url": "https://darwin.v7labs.com/workview?dataset=1130&image=157"
  },
  "dataset": "First DS",
  "annotated": true,
  "annotations": [
    {
      "annotator": {
        "email": "order@bex.kg",
        "full_name": "Zhaparova  Nurzhan"
      },
      "bounding_box": {
        "h": 272.19,
        "w": 323.99,
        "x": 193.76,
        "y": 48.91
      },
      "name": "Men"
    }
  ]
}