{
  "image": {
    "width": 640,
    "height": 471,
    "filename": "00000117.jpg",
    "original_filename": "COCO_test2014_000000580770.jpg",
    "url": "https://darwin.v7labs.com/api/images/1180735/original?token=dcdac99e-befb-4f2f-8808-28ca35ffd97c",
    "thumbnail_url": "https://darwin.v7labs.com/api/images/1180735/thumbnail?token=dcdac99e-befb-4f2f-8808-28ca35ffd97c",
    "workview_url": "https://darwin.v7labs.com/workview?dataset=1152&image=117"
  },
  "dataset": "4_Saltanat",
  "annotated": true,
  "annotations": [
    {
      "annotator": {
        "email": "begimbaeva.s95@gmail.com",
        "full_name": "Saltanat Begimbaeva"
      },
      "bounding_box": {
        "h": 234.62,
        "w": 106.33,
        "x": 280.46,
        "y": 115.99
      },
      "name": "Men"
    },
    {
      "annotator": {
        "email": "begimbaeva.s95@gmail.com",
        "full_name": "Saltanat Begimbaeva"
      },
      "attributes": [
        " helmet"
      ],
      "bounding_box": {
        "h": 24.6,
        "w": 37.79,
        "x": 323.51,
        "y": 115.99
      },
      "name": "Object"
    },
    {
      "annotator": {
        "email": "begimbaeva.s95@gmail.com",
        "full_name": "Saltanat Begimbaeva"
      },
      "attributes": [
        "bicycle"
      ],
      "bounding_box": {
        "h": 181.57,
        "w": 97.89,
        "x": 276.23,
        "y": 222.85
      },
      "name": "Object"
    },
    {
      "annotator": {
        "email": "begimbaeva.s95@gmail.com",
        "full_name": "Saltanat Begimbaeva"
      },
      "cuboid": {
        "back": {
          "h": 67.25,
          "w": 35.12,
          "x": 105.86,
          "y": 109.27
        },
        "front": {
          "h": 76.22,
          "w": 79.21,
          "x": 144.72,
          "y": 104.04
        }
      },
      "name": "Transport"
    }
  ]
}