{
  "image": {
    "width": 427,
    "height": 640,
    "filename": "00000097.jpg",
    "original_filename": "COCO_test2014_000000580535.jpg",
    "url": "https://darwin.v7labs.com/api/images/1180715/original?token=dcdac99e-befb-4f2f-8808-28ca35ffd97c",
    "thumbnail_url": "https://darwin.v7labs.com/api/images/1180715/thumbnail?token=dcdac99e-befb-4f2f-8808-28ca35ffd97c",
    "workview_url": "https://darwin.v7labs.com/workview?dataset=1152&image=97"
  },
  "dataset": "4_Saltanat",
  "annotated": true,
  "annotations": [
    {
      "annotator": {
        "email": "begimbaeva.s95@gmail.com",
        "full_name": "Saltanat Begimbaeva"
      },
      "bounding_box": {
        "h": 517.34,
        "w": 166.8,
        "x": 50.24,
        "y": 74.96
      },
      "name": "Women"
    },
    {
      "annotator": {
        "email": "begimbaeva.s95@gmail.com",
        "full_name": "Saltanat Begimbaeva"
      },
      "bounding_box": {
        "h": 195.12,
        "w": 113.45,
        "x": 151.78,
        "y": 148.18
      },
      "name": "Object"
    },
    {
      "annotator": {
        "email": "begimbaeva.s95@gmail.com",
        "full_name": "Saltanat Begimbaeva"
      },
      "bounding_box": {
        "h": 69.93,
        "w": 288.02,
        "x": 41.09,
        "y": 24.2
      },
      "name": "Object"
    }
  ]
}