{
  "image": {
    "width": 480,
    "height": 640,
    "filename": "00000093.jpg",
    "original_filename": "COCO_test2014_000000575388.jpg",
    "url": "https://darwin.v7labs.com/api/images/1180912/original?token=4b25de6b-1a37-42ba-8685-0c7d525e03f0",
    "thumbnail_url": "https://darwin.v7labs.com/api/images/1180912/thumbnail?token=4b25de6b-1a37-42ba-8685-0c7d525e03f0",
    "workview_url": "https://darwin.v7labs.com/workview?dataset=1153&image=93"
  },
  "dataset": "4_Aizada",
  "annotated": true,
  "annotations": [
    {
      "annotator": {
        "email": "corporate@bex.kg",
        "full_name": "Aizada Tynchybek kyzy"
      },
      "bounding_box": {
        "h": 486.51,
        "w": 267.91,
        "x": 99.53,
        "y": 93.95
      },
      "name": "Object"
    }
  ]
}