{
  "image": {
    "width": 442,
    "height": 640,
    "filename": "00000048.jpg",
    "original_filename": "COCO_test2014_000000574919.jpg",
    "url": "https://darwin.v7labs.com/api/images/1180867/original?token=4b25de6b-1a37-42ba-8685-0c7d525e03f0",
    "thumbnail_url": "https://darwin.v7labs.com/api/images/1180867/thumbnail?token=4b25de6b-1a37-42ba-8685-0c7d525e03f0",
    "workview_url": "https://darwin.v7labs.com/workview?dataset=1153&image=48"
  },
  "dataset": "4_Aizada",
  "annotated": true,
  "annotations": [
    {
      "annotator": {
        "email": "corporate@bex.kg",
        "full_name": "Aizada Tynchybek kyzy"
      },
      "bounding_box": {
        "h": 378.6,
        "w": 201.84,
        "x": 51.72,
        "y": 139.54
      },
      "name": "Object"
    },
    {
      "annotator": {
        "email": "corporate@bex.kg",
        "full_name": "Aizada Tynchybek kyzy"
      },
      "bounding_box": {
        "h": 180.47,
        "w": 85.58,
        "x": 341,
        "y": 438.14
      },
      "name": "Object"
    }
  ]
}