{
  "image": {
    "width": 480,
    "height": 640,
    "filename": "00000156.jpg",
    "original_filename": "COCO_test2014_000000012376.jpg",
    "url": "https://darwin.v7labs.com/api/images/1180476/original?token=6731805e-fe9c-459b-85db-592a9652a349",
    "thumbnail_url": "https://darwin.v7labs.com/api/images/1180476/thumbnail?token=6731805e-fe9c-459b-85db-592a9652a349",
    "workview_url": "https://darwin.v7labs.com/workview?dataset=1130&image=156"
  },
  "dataset": "First DS",
  "annotated": true,
  "annotations": [
    {
      "annotator": {
        "email": "order@bex.kg",
        "full_name": "Zhaparova  Nurzhan"
      },
      "bounding_box": {
        "h": 50.79,
        "w": 48.25,
        "x": 92.7,
        "y": 406.35
      },
      "name": "Animal"
    },
    {
      "annotator": {
        "email": "order@bex.kg",
        "full_name": "Zhaparova  Nurzhan"
      },
      "bounding_box": {
        "h": 48.25,
        "w": 82.54,
        "x": 214.6,
        "y": 407.62
      },
      "name": "Animal"
    },
    {
      "annotator": {
        "email": "order@bex.kg",
        "full_name": "Zhaparova  Nurzhan"
      },
      "bounding_box": {
        "h": 69.84,
        "w": 44.44,
        "x": 135.87,
        "y": 476.19
      },
      "name": "Animal"
    },
    {
      "annotator": {
        "email": "order@bex.kg",
        "full_name": "Zhaparova  Nurzhan"
      },
      "name": "Greenery",
      "polygon": {
        "path": [
          {
            "x": 478.82,
            "y": 11.0
          },
          {
            "x": 449.82,
            "y": 11.0
          },
          {
            "x": 448.82,
            "y": 10.0
          },
          {
            "x": 443.82,
            "y": 10.0
          },
          {
            "x": 442.82,
            "y": 11.0
          },
          {
            "x": 418.82,
            "y": 11.0
          },
          {
            "x": 417.82,
            "y": 12.0
          },
          {
            "x": 407.82,
            "y": 12.0
          },
          {
            "x": 407.82,
            "y": 13.0
          },
          {
            "x": 406.82,
            "y": 14.0
          },
          {
            "x": 401.82,
            "y": 14.0
          },
          {
            "x": 400.82,
            "y": 15.0
          },
          {
            "x": 397.82,
            "y": 15.0
          },
          {
            "x": 396.82,
            "y": 16.0
          },
          {
            "x": 394.82,
            "y": 16.0
          },
          {
            "x": 393.82,
            "y": 17.0
          },
          {
            "x": 391.82,
            "y": 17.0
          },
          {
            "x": 391.82,
            "y": 18.0
          },
          {
            "x": 390.82,
            "y": 19.0
          },
          {
            "x": 387.82,
            "y": 19.0
          },
          {
            "x": 386.82,
            "y": 20.0
          },
          {
            "x": 383.82,
            "y": 20.0
          },
          {
            "x": 382.82,
            "y": 21.0
          },
          {
            "x": 380.82,
            "y": 21.0
          },
          {
            "x": 379.82,
            "y": 22.0
          },
          {
            "x": 376.82,
            "y": 22.0
          },
          {
            "x": 376.82,
            "y": 23.0
          },
          {
            "x": 375.82,
            "y": 24.0
          },
          {
            "x": 372.82,
            "y": 24.0
          },
          {
            "x": 371.82,
            "y": 25.0
          },
          {
            "x": 370.82,
            "y": 25.0
          },
          {
            "x": 369.82,
            "y": 26.0
          },
          {
            "x": 367.82,
            "y": 26.0
          },
          {
            "x": 366.82,
            "y": 27.0
          },
          {
            "x": 365.82,
            "y": 27.0
          },
          {
            "x": 365.82,
            "y": 28.0
          },
          {
            "x": 364.82,
            "y": 29.0
          },
          {
            "x": 361.82,
            "y": 29.0
          },
          {
            "x": 360.82,
            "y": 30.0
          },
          {
            "x": 358.82,
            "y": 30.0
          },
          {
            "x": 357.82,
            "y": 31.0
          },
          {
            "x": 356.82,
            "y": 31.0
          },
          {
            "x": 355.82,
            "y": 32.0
          },
          {
            "x": 353.82,
            "y": 32.0
          },
          {
            "x": 353.82,
            "y": 33.0
          },
          {
            "x": 352.82,
            "y": 34.0
          },
          {
            "x": 350.82,
            "y": 34.0
          },
          {
            "x": 349.82,
            "y": 35
          },
          {
            "x": 346.82,
            "y": 35
          },
          {
            "x": 345.82,
            "y": 36.0
          },
          {
            "x": 342.82,
            "y": 36.0
          },
          {
            "x": 341.82,
            "y": 37
          },
          {
            "x": 337.82,
            "y": 37
          },
          {
            "x": 336.82,
            "y": 38.0
          },
          {
            "x": 331.82,
            "y": 38.0
          },
          {
            "x": 331.82,
            "y": 39
          },
          {
            "x": 330.82,
            "y": 40.0
          },
          {
            "x": 318.82,
            "y": 40.0
          },
          {
            "x": 317.82,
            "y": 41
          },
          {
            "x": 313.82,
            "y": 41
          },
          {
            "x": 312.82,
            "y": 42.0
          },
          {
            "x": 311.82,
            "y": 42.0
          },
          {
            "x": 310.82,
            "y": 43
          },
          {
            "x": 307.82,
            "y": 43
          },
          {
            "x": 307.82,
            "y": 44.0
          },
          {
            "x": 306.82,
            "y": 45
          },
          {
            "x": 305.82,
            "y": 45
          },
          {
            "x": 304.82,
            "y": 46.0
          },
          {
            "x": 282.82,
            "y": 46.0
          },
          {
            "x": 281.82,
            "y": 47
          },
          {
            "x": 277.82,
            "y": 47
          },
          {
            "x": 276.82,
            "y": 48.0
          },
          {
            "x": 272.82,
            "y": 48.0
          },
          {
            "x": 272.82,
            "y": 49
          },
          {
            "x": 271.82,
            "y": 50.0
          },
          {
            "x": 269.82,
            "y": 50.0
          },
          {
            "x": 268.82,
            "y": 51.0
          },
          {
            "x": 266.82,
            "y": 51.0
          },
          {
            "x": 265.82,
            "y": 52.0
          },
          {
            "x": 264.82,
            "y": 52.0
          },
          {
            "x": 263.82,
            "y": 53.0
          },
          {
            "x": 260.82,
            "y": 53.0
          },
          {
            "x": 260.82,
            "y": 54.0
          },
          {
            "x": 259.82,
            "y": 55.0
          },
          {
            "x": 257.82,
            "y": 55.0
          },
          {
            "x": 256.82,
            "y": 56.0
          },
          {
            "x": 255.82,
            "y": 56.0
          },
          {
            "x": 254.82,
            "y": 57.0
          },
          {
            "x": 249.82,
            "y": 57.0
          },
          {
            "x": 248.82,
            "y": 58.0
          },
          {
            "x": 245.82,
            "y": 58.0
          },
          {
            "x": 245.82,
            "y": 59.0
          },
          {
            "x": 244.82,
            "y": 60.0
          },
          {
            "x": 240.82,
            "y": 60.0
          },
          {
            "x": 239.82,
            "y": 61.0
          },
          {
            "x": 238.82,
            "y": 61.0
          },
          {
            "x": 237.82,
            "y": 62.0
          },
          {
            "x": 234.82,
            "y": 62.0
          },
          {
            "x": 233.82,
            "y": 63.0
          },
          {
            "x": 229.82,
            "y": 63.0
          },
          {
            "x": 229.82,
            "y": 64.0
          },
          {
            "x": 228.82,
            "y": 65.0
          },
          {
            "x": 225.82,
            "y": 65.0
          },
          {
            "x": 224.82,
            "y": 66.0
          },
          {
            "x": 223.82,
            "y": 66.0
          },
          {
            "x": 222.82,
            "y": 67.0
          },
          {
            "x": 219.82,
            "y": 67.0
          },
          {
            "x": 218.82,
            "y": 68.0
          },
          {
            "x": 216.82,
            "y": 68.0
          },
          {
            "x": 216.82,
            "y": 69.0
          },
          {
            "x": 214.82,
            "y": 71.0
          },
          {
            "x": 213.82,
            "y": 71.0
          },
          {
            "x": 212.82,
            "y": 72
          },
          {
            "x": 210.82,
            "y": 72
          },
          {
            "x": 209.82,
            "y": 73.0
          },
          {
            "x": 209.82,
            "y": 74
          },
          {
            "x": 207.82,
            "y": 76
          },
          {
            "x": 206.82,
            "y": 76
          },
          {
            "x": 205.82,
            "y": 77.0
          },
          {
            "x": 204.82,
            "y": 77.0
          },
          {
            "x": 203.82,
            "y": 78
          },
          {
            "x": 200.82,
            "y": 78
          },
          {
            "x": 200.82,
            "y": 79.0
          },
          {
            "x": 199.82,
            "y": 80
          },
          {
            "x": 196.82,
            "y": 80
          },
          {
            "x": 195.82,
            "y": 81.0
          },
          {
            "x": 193.82,
            "y": 81.0
          },
          {
            "x": 192.82,
            "y": 82
          },
          {
            "x": 189.82,
            "y": 82
          },
          {
            "x": 188.82,
            "y": 83.0
          },
          {
            "x": 188.82,
            "y": 84
          },
          {
            "x": 187.82,
            "y": 85.0
          },
          {
            "x": 185.82,
            "y": 85.0
          },
          {
            "x": 184.82,
            "y": 86
          },
          {
            "x": 183.82,
            "y": 86
          },
          {
            "x": 182.82,
            "y": 87.0
          },
          {
            "x": 180.82,
            "y": 87.0
          },
          {
            "x": 179.82,
            "y": 88
          },
          {
            "x": 176.82,
            "y": 88
          },
          {
            "x": 176.82,
            "y": 89.0
          },
          {
            "x": 175.82,
            "y": 90
          },
          {
            "x": 168.82,
            "y": 90
          },
          {
            "x": 167.82,
            "y": 89.0
          },
          {
            "x": 167.82,
            "y": 88
          },
          {
            "x": 160.82,
            "y": 88
          },
          {
            "x": 159.82,
            "y": 87.0
          },
          {
            "x": 144.82,
            "y": 87.0
          },
          {
            "x": 143.82,
            "y": 86
          },
          {
            "x": 132.82,
            "y": 86
          },
          {
            "x": 131.82,
            "y": 87.0
          },
          {
            "x": 127.82,
            "y": 87.0
          },
          {
            "x": 126.82,
            "y": 88
          },
          {
            "x": 122.82,
            "y": 88
          },
          {
            "x": 122.82,
            "y": 89.0
          },
          {
            "x": 121.82,
            "y": 90
          },
          {
            "x": 117.82,
            "y": 90
          },
          {
            "x": 116.82,
            "y": 91.0
          },
          {
            "x": 112.82,
            "y": 91.0
          },
          {
            "x": 111.82,
            "y": 92
          },
          {
            "x": 107.82,
            "y": 92
          },
          {
            "x": 106.82,
            "y": 93.0
          },
          {
            "x": 86.82,
            "y": 93.0
          },
          {
            "x": 86.82,
            "y": 94
          },
          {
            "x": 85.82,
            "y": 95.0
          },
          {
            "x": 78.82,
            "y": 95.0
          },
          {
            "x": 77.82,
            "y": 96
          },
          {
            "x": 74.82,
            "y": 96
          },
          {
            "x": 73.82,
            "y": 97.0
          },
          {
            "x": 66.82,
            "y": 97.0
          },
          {
            "x": 65.82,
            "y": 98
          },
          {
            "x": 59.82,
            "y": 98
          },
          {
            "x": 59.82,
            "y": 99.0
          },
          {
            "x": 58.82,
            "y": 100
          },
          {
            "x": 56.82,
            "y": 100
          },
          {
            "x": 55.82,
            "y": 101.0
          },
          {
            "x": 51.82,
            "y": 101.0
          },
          {
            "x": 50.82,
            "y": 102.0
          },
          {
            "x": 41.82,
            "y": 102.0
          },
          {
            "x": 40.82,
            "y": 103.0
          },
          {
            "x": 31.82,
            "y": 103.0
          },
          {
            "x": 31.82,
            "y": 104.0
          },
          {
            "x": 30.82,
            "y": 105.0
          },
          {
            "x": 28.82,
            "y": 105.0
          },
          {
            "x": 27.82,
            "y": 106.0
          },
          {
            "x": 26.82,
            "y": 106.0
          },
          {
            "x": 25.82,
            "y": 107.0
          },
          {
            "x": 20.82,
            "y": 107.0
          },
          {
            "x": 19.82,
            "y": 108.0
          },
          {
            "x": 11.82,
            "y": 108.0
          },
          {
            "x": 10.82,
            "y": 109.0
          },
          {
            "x": 1.82,
            "y": 109.0
          },
          {
            "x": 1.82,
            "y": 111.0
          },
          {
            "x": 0.82,
            "y": 112.0
          },
          {
            "x": 0.82,
            "y": 638
          },
          {
            "x": 478.82,
            "y": 638
          }
        ]
      }
    }
  ]
}