{
  "image": {
    "width": 640,
    "height": 427,
    "filename": "00000089.jpg",
    "original_filename": "COCO_test2014_000000575306.jpg",
    "url": "https://darwin.v7labs.com/api/images/1180908/original?token=4b25de6b-1a37-42ba-8685-0c7d525e03f0",
    "thumbnail_url": "https://darwin.v7labs.com/api/images/1180908/thumbnail?token=4b25de6b-1a37-42ba-8685-0c7d525e03f0",
    "workview_url": "https://darwin.v7labs.com/workview?dataset=1153&image=89"
  },
  "dataset": "4_Aizada",
  "annotated": true,
  "annotations": [
    {
      "annotator": {
        "email": "corporate@bex.kg",
        "full_name": "Aizada Tynchybek kyzy"
      },
      "bounding_box": {
        "h": 258.54,
        "w": 130.1,
        "x": 171.55,
        "y": 121.72
      },
      "name": "Child"
    },
    {
      "annotator": {
        "email": "corporate@bex.kg",
        "full_name": "Aizada Tynchybek kyzy"
      },
      "bounding_box": {
        "h": 25.58,
        "w": 26.13,
        "x": 485.13,
        "y": 22.8
      },
      "name": "Object"
    },
    {
      "annotator": {
        "email": "gm@bex.kg",
        "full_name": "Ahmet Shamiev"
      },
      "name": "Object_Polygon",
      "polygon": {
        "path": [
          {
            "x": 170,
            "y": 231.89
          },
          {
            "x": 169,
            "y": 231.89
          },
          {
            "x": 168.0,
            "y": 232.89
          },
          {
            "x": 164.0,
            "y": 232.89
          },
          {
            "x": 163,
            "y": 233.89
          },
          {
            "x": 157,
            "y": 233.89
          },
          {
            "x": 156.0,
            "y": 234.89
          },
          {
            "x": 151.0,
            "y": 234.89
          },
          {
            "x": 150.0,
            "y": 235.89
          },
          {
            "x": 133,
            "y": 235.89
          },
          {
            "x": 132,
            "y": 236.89
          },
          {
            "x": 122,
            "y": 236.89
          },
          {
            "x": 121,
            "y": 237.89
          },
          {
            "x": 118,
            "y": 237.89
          },
          {
            "x": 117,
            "y": 238.89
          },
          {
            "x": 114,
            "y": 238.89
          },
          {
            "x": 113,
            "y": 239.89
          },
          {
            "x": 107,
            "y": 239.89
          },
          {
            "x": 106,
            "y": 240.89
          },
          {
            "x": 103,
            "y": 240.89
          },
          {
            "x": 102.0,
            "y": 241.89
          },
          {
            "x": 98,
            "y": 241.89
          },
          {
            "x": 97,
            "y": 242.89
          },
          {
            "x": 95,
            "y": 242.89
          },
          {
            "x": 94,
            "y": 243.89
          },
          {
            "x": 90,
            "y": 243.89
          },
          {
            "x": 89,
            "y": 244.89
          },
          {
            "x": 88,
            "y": 244.89
          },
          {
            "x": 87,
            "y": 245.89
          },
          {
            "x": 86,
            "y": 245.89
          },
          {
            "x": 83,
            "y": 248.89
          },
          {
            "x": 83,
            "y": 249.89
          },
          {
            "x": 82.0,
            "y": 250.89
          },
          {
            "x": 82.0,
            "y": 255.89
          },
          {
            "x": 83,
            "y": 256.89
          },
          {
            "x": 83,
            "y": 257.89
          },
          {
            "x": 84.0,
            "y": 258.89
          },
          {
            "x": 84.0,
            "y": 259.89
          },
          {
            "x": 85,
            "y": 259.89
          },
          {
            "x": 87,
            "y": 261.89
          },
          {
            "x": 97,
            "y": 261.89
          },
          {
            "x": 98,
            "y": 260.89
          },
          {
            "x": 103,
            "y": 260.89
          },
          {
            "x": 104,
            "y": 259.89
          },
          {
            "x": 108,
            "y": 259.89
          },
          {
            "x": 109,
            "y": 258.89
          },
          {
            "x": 113,
            "y": 258.89
          },
          {
            "x": 114,
            "y": 257.89
          },
          {
            "x": 117,
            "y": 257.89
          },
          {
            "x": 118,
            "y": 256.89
          },
          {
            "x": 122,
            "y": 256.89
          },
          {
            "x": 123,
            "y": 255.89
          },
          {
            "x": 127.0,
            "y": 255.89
          },
          {
            "x": 128,
            "y": 254.89
          },
          {
            "x": 130,
            "y": 254.89
          },
          {
            "x": 131,
            "y": 253.89
          },
          {
            "x": 133,
            "y": 253.89
          },
          {
            "x": 134,
            "y": 252.89
          },
          {
            "x": 135,
            "y": 252.89
          },
          {
            "x": 136,
            "y": 251.89
          },
          {
            "x": 138,
            "y": 251.89
          },
          {
            "x": 139,
            "y": 250.89
          },
          {
            "x": 140,
            "y": 250.89
          },
          {
            "x": 141,
            "y": 249.89
          },
          {
            "x": 142,
            "y": 249.89
          },
          {
            "x": 143,
            "y": 248.89
          },
          {
            "x": 145.0,
            "y": 248.89
          },
          {
            "x": 146.0,
            "y": 247.89
          },
          {
            "x": 147,
            "y": 247.89
          },
          {
            "x": 148,
            "y": 246.89
          },
          {
            "x": 150.0,
            "y": 246.89
          },
          {
            "x": 151.0,
            "y": 245.89
          },
          {
            "x": 153,
            "y": 245.89
          },
          {
            "x": 154,
            "y": 244.89
          },
          {
            "x": 155.0,
            "y": 244.89
          },
          {
            "x": 156.0,
            "y": 243.89
          },
          {
            "x": 159.0,
            "y": 243.89
          },
          {
            "x": 167.08,
            "y": 242.02
          },
          {
            "x": 196.88,
            "y": 235.59
          },
          {
            "x": 199.4,
            "y": 236.77
          },
          {
            "x": 204.71,
            "y": 236.77
          },
          {
            "x": 208.11,
            "y": 233.7
          },
          {
            "x": 207.67,
            "y": 224.0
          },
          {
            "x": 199.74,
            "y": 221.91
          }
        ]
      }
    }
  ]
}