{
  "image": {
    "width": 640,
    "height": 480,
    "filename": "00000105.jpg",
    "original_filename": "COCO_test2014_000000575525.jpg",
    "url": "https://darwin.v7labs.com/api/images/1180924/original?token=4b25de6b-1a37-42ba-8685-0c7d525e03f0",
    "thumbnail_url": "https://darwin.v7labs.com/api/images/1180924/thumbnail?token=4b25de6b-1a37-42ba-8685-0c7d525e03f0",
    "workview_url": "https://darwin.v7labs.com/workview?dataset=1153&image=105"
  },
  "dataset": "4_Aizada",
  "annotated": true,
  "annotations": [
    {
      "annotator": {
        "email": "corporate@bex.kg",
        "full_name": "Aizada Tynchybek kyzy"
      },
      "bounding_box": {
        "h": 50.93,
        "w": 53.72,
        "x": 340.93,
        "y": 217.67
      },
      "name": "Animal"
    },
    {
      "annotator": {
        "email": "corporate@bex.kg",
        "full_name": "Aizada Tynchybek kyzy"
      },
      "bounding_box": {
        "h": 59.3,
        "w": 53.72,
        "x": 267.67,
        "y": 221.16
      },
      "name": "Animal"
    },
    {
      "annotator": {
        "email": "corporate@bex.kg",
        "full_name": "Aizada Tynchybek kyzy"
      },
      "name": "Greenery",
      "polygon": {
        "path": [
          {
            "x": 632,
            "y": 237
          },
          {
            "x": 632,
            "y": 232
          },
          {
            "x": 631,
            "y": 232
          },
          {
            "x": 630,
            "y": 231
          },
          {
            "x": 630,
            "y": 230.0
          },
          {
            "x": 625,
            "y": 225
          },
          {
            "x": 624,
            "y": 225
          },
          {
            "x": 622,
            "y": 223
          },
          {
            "x": 622,
            "y": 219
          },
          {
            "x": 621,
            "y": 218.0
          },
          {
            "x": 621,
            "y": 215.0
          },
          {
            "x": 620,
            "y": 214
          },
          {
            "x": 618,
            "y": 214
          },
          {
            "x": 616,
            "y": 212.0
          },
          {
            "x": 615,
            "y": 212.0
          },
          {
            "x": 614,
            "y": 211
          },
          {
            "x": 611,
            "y": 211
          },
          {
            "x": 610,
            "y": 210
          },
          {
            "x": 610,
            "y": 209.0
          },
          {
            "x": 608,
            "y": 207
          },
          {
            "x": 607,
            "y": 207
          },
          {
            "x": 606,
            "y": 206.0
          },
          {
            "x": 606,
            "y": 205
          },
          {
            "x": 602,
            "y": 201
          },
          {
            "x": 602,
            "y": 200.0
          },
          {
            "x": 601,
            "y": 200.0
          },
          {
            "x": 599,
            "y": 198
          },
          {
            "x": 599,
            "y": 197.0
          },
          {
            "x": 597,
            "y": 197.0
          },
          {
            "x": 596,
            "y": 196
          },
          {
            "x": 594,
            "y": 196
          },
          {
            "x": 593,
            "y": 197.0
          },
          {
            "x": 590,
            "y": 197.0
          },
          {
            "x": 589,
            "y": 198
          },
          {
            "x": 588,
            "y": 198
          },
          {
            "x": 586,
            "y": 200.0
          },
          {
            "x": 583,
            "y": 200.0
          },
          {
            "x": 582,
            "y": 201
          },
          {
            "x": 581,
            "y": 200.0
          },
          {
            "x": 579,
            "y": 200.0
          },
          {
            "x": 578,
            "y": 199
          },
          {
            "x": 578,
            "y": 196
          },
          {
            "x": 577,
            "y": 195
          },
          {
            "x": 577,
            "y": 193
          },
          {
            "x": 576,
            "y": 192
          },
          {
            "x": 576,
            "y": 187
          },
          {
            "x": 575,
            "y": 186
          },
          {
            "x": 575,
            "y": 185.0
          },
          {
            "x": 574,
            "y": 184
          },
          {
            "x": 574,
            "y": 175
          },
          {
            "x": 575,
            "y": 174
          },
          {
            "x": 575,
            "y": 173
          },
          {
            "x": 574,
            "y": 172
          },
          {
            "x": 574,
            "y": 170
          },
          {
            "x": 567,
            "y": 163
          },
          {
            "x": 567,
            "y": 161
          },
          {
            "x": 562,
            "y": 161
          },
          {
            "x": 561,
            "y": 160
          },
          {
            "x": 545,
            "y": 160
          },
          {
            "x": 544,
            "y": 159
          },
          {
            "x": 544,
            "y": 158
          },
          {
            "x": 542,
            "y": 156
          },
          {
            "x": 542,
            "y": 153
          },
          {
            "x": 541,
            "y": 153
          },
          {
            "x": 540,
            "y": 152
          },
          {
            "x": 540,
            "y": 151
          },
          {
            "x": 539,
            "y": 150
          },
          {
            "x": 539,
            "y": 149
          },
          {
            "x": 538,
            "y": 148
          },
          {
            "x": 538,
            "y": 145
          },
          {
            "x": 537,
            "y": 145
          },
          {
            "x": 535,
            "y": 143
          },
          {
            "x": 531,
            "y": 143
          },
          {
            "x": 530,
            "y": 144
          },
          {
            "x": 528,
            "y": 144
          },
          {
            "x": 527,
            "y": 143
          },
          {
            "x": 525,
            "y": 143
          },
          {
            "x": 522,
            "y": 140
          },
          {
            "x": 522,
            "y": 139
          },
          {
            "x": 521,
            "y": 139
          },
          {
            "x": 517,
            "y": 135
          },
          {
            "x": 517,
            "y": 127
          },
          {
            "x": 516,
            "y": 126
          },
          {
            "x": 516,
            "y": 125
          },
          {
            "x": 515,
            "y": 124
          },
          {
            "x": 514,
            "y": 124
          },
          {
            "x": 513,
            "y": 123
          },
          {
            "x": 513,
            "y": 122
          },
          {
            "x": 512,
            "y": 121.0
          },
          {
            "x": 511,
            "y": 121.0
          },
          {
            "x": 509.0,
            "y": 119
          },
          {
            "x": 509.0,
            "y": 117
          },
          {
            "x": 507,
            "y": 117
          },
          {
            "x": 505,
            "y": 115.0
          },
          {
            "x": 503.0,
            "y": 115.0
          },
          {
            "x": 501,
            "y": 113
          },
          {
            "x": 499,
            "y": 113
          },
          {
            "x": 498,
            "y": 112.0
          },
          {
            "x": 494,
            "y": 112.0
          },
          {
            "x": 493,
            "y": 113
          },
          {
            "x": 482,
            "y": 113
          },
          {
            "x": 481,
            "y": 114
          },
          {
            "x": 479.0,
            "y": 114
          },
          {
            "x": 478.0,
            "y": 115.0
          },
          {
            "x": 473.0,
            "y": 115.0
          },
          {
            "x": 470,
            "y": 112.0
          },
          {
            "x": 470,
            "y": 109.0
          },
          {
            "x": 469,
            "y": 108
          },
          {
            "x": 469,
            "y": 105
          },
          {
            "x": 468,
            "y": 104
          },
          {
            "x": 468,
            "y": 102
          },
          {
            "x": 466.0,
            "y": 100.0
          },
          {
            "x": 464,
            "y": 100.0
          },
          {
            "x": 463,
            "y": 101
          },
          {
            "x": 460.0,
            "y": 101
          },
          {
            "x": 459,
            "y": 102
          },
          {
            "x": 457,
            "y": 102
          },
          {
            "x": 456,
            "y": 101
          },
          {
            "x": 444,
            "y": 101
          },
          {
            "x": 443.0,
            "y": 102
          },
          {
            "x": 440,
            "y": 102
          },
          {
            "x": 439,
            "y": 103.0
          },
          {
            "x": 424.0,
            "y": 103.0
          },
          {
            "x": 420,
            "y": 107
          },
          {
            "x": 420,
            "y": 109.0
          },
          {
            "x": 419.0,
            "y": 110
          },
          {
            "x": 418.0,
            "y": 110
          },
          {
            "x": 417,
            "y": 111
          },
          {
            "x": 417,
            "y": 113
          },
          {
            "x": 416,
            "y": 114
          },
          {
            "x": 416,
            "y": 115.0
          },
          {
            "x": 414,
            "y": 117
          },
          {
            "x": 414,
            "y": 118.0
          },
          {
            "x": 413.0,
            "y": 119
          },
          {
            "x": 413.0,
            "y": 120
          },
          {
            "x": 411,
            "y": 122
          },
          {
            "x": 411,
            "y": 123
          },
          {
            "x": 407.0,
            "y": 127
          },
          {
            "x": 408,
            "y": 128
          },
          {
            "x": 408,
            "y": 129
          },
          {
            "x": 409,
            "y": 129
          },
          {
            "x": 411,
            "y": 131
          },
          {
            "x": 412.0,
            "y": 131
          },
          {
            "x": 414,
            "y": 133
          },
          {
            "x": 414,
            "y": 134
          },
          {
            "x": 413.0,
            "y": 135
          },
          {
            "x": 413.0,
            "y": 136
          },
          {
            "x": 412.0,
            "y": 137
          },
          {
            "x": 410,
            "y": 137
          },
          {
            "x": 409,
            "y": 136
          },
          {
            "x": 408,
            "y": 136
          },
          {
            "x": 407.0,
            "y": 135
          },
          {
            "x": 406.0,
            "y": 135
          },
          {
            "x": 405,
            "y": 134
          },
          {
            "x": 403,
            "y": 134
          },
          {
            "x": 401.0,
            "y": 132
          },
          {
            "x": 395.0,
            "y": 132
          },
          {
            "x": 394.0,
            "y": 133
          },
          {
            "x": 393,
            "y": 133
          },
          {
            "x": 391,
            "y": 135
          },
          {
            "x": 388.0,
            "y": 135
          },
          {
            "x": 387,
            "y": 136
          },
          {
            "x": 381,
            "y": 136
          },
          {
            "x": 380,
            "y": 135
          },
          {
            "x": 376.0,
            "y": 135
          },
          {
            "x": 375,
            "y": 134
          },
          {
            "x": 366,
            "y": 134
          },
          {
            "x": 365.0,
            "y": 133
          },
          {
            "x": 363.0,
            "y": 133
          },
          {
            "x": 361,
            "y": 131
          },
          {
            "x": 348,
            "y": 131
          },
          {
            "x": 347.0,
            "y": 132
          },
          {
            "x": 345.0,
            "y": 132
          },
          {
            "x": 343,
            "y": 134
          },
          {
            "x": 342,
            "y": 134
          },
          {
            "x": 341.0,
            "y": 135
          },
          {
            "x": 338,
            "y": 135
          },
          {
            "x": 337,
            "y": 136
          },
          {
            "x": 336,
            "y": 136
          },
          {
            "x": 333.0,
            "y": 139
          },
          {
            "x": 330,
            "y": 139
          },
          {
            "x": 329.0,
            "y": 140
          },
          {
            "x": 328.0,
            "y": 140
          },
          {
            "x": 326,
            "y": 142
          },
          {
            "x": 325,
            "y": 142
          },
          {
            "x": 323.0,
            "y": 144
          },
          {
            "x": 323.0,
            "y": 145
          },
          {
            "x": 319,
            "y": 149
          },
          {
            "x": 318,
            "y": 149
          },
          {
            "x": 316.0,
            "y": 151
          },
          {
            "x": 316.0,
            "y": 153
          },
          {
            "x": 315.0,
            "y": 154
          },
          {
            "x": 315.0,
            "y": 157
          },
          {
            "x": 312,
            "y": 160
          },
          {
            "x": 311.0,
            "y": 160
          },
          {
            "x": 310.0,
            "y": 159
          },
          {
            "x": 309.0,
            "y": 159
          },
          {
            "x": 308,
            "y": 158
          },
          {
            "x": 308,
            "y": 157
          },
          {
            "x": 307,
            "y": 156
          },
          {
            "x": 307,
            "y": 155
          },
          {
            "x": 306,
            "y": 154
          },
          {
            "x": 306,
            "y": 153
          },
          {
            "x": 304.0,
            "y": 151
          },
          {
            "x": 304.0,
            "y": 150
          },
          {
            "x": 303.0,
            "y": 149
          },
          {
            "x": 291.0,
            "y": 149
          },
          {
            "x": 291.0,
            "y": 151
          },
          {
            "x": 287.0,
            "y": 155
          },
          {
            "x": 287.0,
            "y": 156
          },
          {
            "x": 286,
            "y": 157
          },
          {
            "x": 284,
            "y": 157
          },
          {
            "x": 283,
            "y": 158
          },
          {
            "x": 282,
            "y": 158
          },
          {
            "x": 281,
            "y": 159
          },
          {
            "x": 280,
            "y": 159
          },
          {
            "x": 279,
            "y": 160
          },
          {
            "x": 277,
            "y": 160
          },
          {
            "x": 276,
            "y": 161
          },
          {
            "x": 274,
            "y": 161
          },
          {
            "x": 273,
            "y": 162
          },
          {
            "x": 273,
            "y": 163
          },
          {
            "x": 271,
            "y": 165
          },
          {
            "x": 271,
            "y": 166
          },
          {
            "x": 270,
            "y": 167
          },
          {
            "x": 270,
            "y": 168
          },
          {
            "x": 269,
            "y": 169
          },
          {
            "x": 269,
            "y": 173
          },
          {
            "x": 268,
            "y": 174
          },
          {
            "x": 268,
            "y": 175
          },
          {
            "x": 267,
            "y": 176
          },
          {
            "x": 267,
            "y": 177
          },
          {
            "x": 268,
            "y": 178
          },
          {
            "x": 268,
            "y": 179
          },
          {
            "x": 269,
            "y": 180
          },
          {
            "x": 269,
            "y": 190
          },
          {
            "x": 268,
            "y": 191.0
          },
          {
            "x": 268,
            "y": 192
          },
          {
            "x": 267,
            "y": 193
          },
          {
            "x": 266,
            "y": 193
          },
          {
            "x": 265,
            "y": 194.0
          },
          {
            "x": 252,
            "y": 194.0
          },
          {
            "x": 251,
            "y": 195
          },
          {
            "x": 249,
            "y": 195
          },
          {
            "x": 248,
            "y": 196
          },
          {
            "x": 247,
            "y": 196
          },
          {
            "x": 245,
            "y": 198
          },
          {
            "x": 245,
            "y": 199
          },
          {
            "x": 244,
            "y": 200.0
          },
          {
            "x": 244,
            "y": 216
          },
          {
            "x": 242.0,
            "y": 218.0
          },
          {
            "x": 242.0,
            "y": 219
          },
          {
            "x": 241,
            "y": 220
          },
          {
            "x": 241,
            "y": 224.0
          },
          {
            "x": 242.0,
            "y": 225
          },
          {
            "x": 242.0,
            "y": 226
          },
          {
            "x": 244,
            "y": 228
          },
          {
            "x": 249,
            "y": 228
          },
          {
            "x": 250,
            "y": 229
          },
          {
            "x": 256,
            "y": 229
          },
          {
            "x": 257,
            "y": 228
          },
          {
            "x": 275,
            "y": 228
          },
          {
            "x": 277,
            "y": 226
          },
          {
            "x": 278,
            "y": 226
          },
          {
            "x": 280,
            "y": 224.0
          },
          {
            "x": 294,
            "y": 224.0
          },
          {
            "x": 295,
            "y": 223
          },
          {
            "x": 297.0,
            "y": 223
          },
          {
            "x": 299.0,
            "y": 221.0
          },
          {
            "x": 301,
            "y": 221.0
          },
          {
            "x": 302,
            "y": 220
          },
          {
            "x": 308,
            "y": 220
          },
          {
            "x": 309.0,
            "y": 221.0
          },
          {
            "x": 312,
            "y": 221.0
          },
          {
            "x": 313,
            "y": 222
          },
          {
            "x": 315.0,
            "y": 222
          },
          {
            "x": 317.0,
            "y": 224.0
          },
          {
            "x": 320,
            "y": 224.0
          },
          {
            "x": 323.0,
            "y": 227.0
          },
          {
            "x": 323.0,
            "y": 229
          },
          {
            "x": 324,
            "y": 230.0
          },
          {
            "x": 324,
            "y": 232
          },
          {
            "x": 325,
            "y": 233.0
          },
          {
            "x": 325,
            "y": 235
          },
          {
            "x": 328.0,
            "y": 238
          },
          {
            "x": 330,
            "y": 238
          },
          {
            "x": 331,
            "y": 239.0
          },
          {
            "x": 332,
            "y": 239.0
          },
          {
            "x": 333.0,
            "y": 240
          },
          {
            "x": 335.0,
            "y": 240
          },
          {
            "x": 336,
            "y": 241
          },
          {
            "x": 342,
            "y": 241
          },
          {
            "x": 342,
            "y": 240
          },
          {
            "x": 345.0,
            "y": 237
          },
          {
            "x": 345.0,
            "y": 236.0
          },
          {
            "x": 346.0,
            "y": 235
          },
          {
            "x": 346.0,
            "y": 233.0
          },
          {
            "x": 347.0,
            "y": 232
          },
          {
            "x": 347.0,
            "y": 231
          },
          {
            "x": 348,
            "y": 230.0
          },
          {
            "x": 348,
            "y": 229
          },
          {
            "x": 349,
            "y": 228
          },
          {
            "x": 349,
            "y": 227.0
          },
          {
            "x": 350,
            "y": 226
          },
          {
            "x": 350,
            "y": 225
          },
          {
            "x": 351.0,
            "y": 224.0
          },
          {
            "x": 351.0,
            "y": 223
          },
          {
            "x": 352.0,
            "y": 222
          },
          {
            "x": 352.0,
            "y": 221.0
          },
          {
            "x": 353.0,
            "y": 220
          },
          {
            "x": 354,
            "y": 220
          },
          {
            "x": 357.0,
            "y": 217
          },
          {
            "x": 360,
            "y": 217
          },
          {
            "x": 361,
            "y": 216
          },
          {
            "x": 363.0,
            "y": 216
          },
          {
            "x": 364.0,
            "y": 215.0
          },
          {
            "x": 365.0,
            "y": 215.0
          },
          {
            "x": 366,
            "y": 214
          },
          {
            "x": 380,
            "y": 214
          },
          {
            "x": 381,
            "y": 215.0
          },
          {
            "x": 385,
            "y": 215.0
          },
          {
            "x": 386,
            "y": 216
          },
          {
            "x": 387,
            "y": 216
          },
          {
            "x": 388.0,
            "y": 217
          },
          {
            "x": 391,
            "y": 217
          },
          {
            "x": 392,
            "y": 218.0
          },
          {
            "x": 392,
            "y": 219
          },
          {
            "x": 393,
            "y": 220
          },
          {
            "x": 393,
            "y": 221.0
          },
          {
            "x": 394.0,
            "y": 222
          },
          {
            "x": 394.0,
            "y": 231
          },
          {
            "x": 392,
            "y": 233.0
          },
          {
            "x": 392,
            "y": 235
          },
          {
            "x": 391,
            "y": 236.0
          },
          {
            "x": 391,
            "y": 242.0
          },
          {
            "x": 392,
            "y": 243
          },
          {
            "x": 392,
            "y": 246
          },
          {
            "x": 393,
            "y": 246
          },
          {
            "x": 395.0,
            "y": 248
          },
          {
            "x": 397,
            "y": 248
          },
          {
            "x": 398,
            "y": 249
          },
          {
            "x": 401.0,
            "y": 249
          },
          {
            "x": 402,
            "y": 250
          },
          {
            "x": 404,
            "y": 250
          },
          {
            "x": 405,
            "y": 251
          },
          {
            "x": 410,
            "y": 251
          },
          {
            "x": 411,
            "y": 252
          },
          {
            "x": 415,
            "y": 252
          },
          {
            "x": 416,
            "y": 253
          },
          {
            "x": 417,
            "y": 253
          },
          {
            "x": 418.0,
            "y": 252
          },
          {
            "x": 423,
            "y": 252
          },
          {
            "x": 424.0,
            "y": 251
          },
          {
            "x": 426,
            "y": 251
          },
          {
            "x": 427,
            "y": 250
          },
          {
            "x": 436.0,
            "y": 250
          },
          {
            "x": 437.0,
            "y": 251
          },
          {
            "x": 469,
            "y": 251
          },
          {
            "x": 470,
            "y": 250
          },
          {
            "x": 471,
            "y": 251
          },
          {
            "x": 477,
            "y": 251
          },
          {
            "x": 478.0,
            "y": 252
          },
          {
            "x": 493,
            "y": 252
          },
          {
            "x": 494,
            "y": 251
          },
          {
            "x": 520,
            "y": 251
          },
          {
            "x": 521,
            "y": 250
          },
          {
            "x": 523,
            "y": 250
          },
          {
            "x": 524,
            "y": 249
          },
          {
            "x": 549,
            "y": 249
          },
          {
            "x": 550,
            "y": 250
          },
          {
            "x": 562,
            "y": 250
          },
          {
            "x": 563,
            "y": 249
          },
          {
            "x": 596,
            "y": 249
          },
          {
            "x": 597,
            "y": 248
          },
          {
            "x": 617,
            "y": 248
          },
          {
            "x": 618,
            "y": 247
          },
          {
            "x": 619,
            "y": 247
          },
          {
            "x": 620,
            "y": 246
          },
          {
            "x": 621,
            "y": 246
          },
          {
            "x": 623,
            "y": 244
          },
          {
            "x": 624,
            "y": 244
          },
          {
            "x": 626,
            "y": 242.0
          },
          {
            "x": 628,
            "y": 242.0
          },
          {
            "x": 630,
            "y": 240
          },
          {
            "x": 630,
            "y": 239.0
          }
        ]
      }
    },
    {
      "annotator": {
        "email": "corporate@bex.kg",
        "full_name": "Aizada Tynchybek kyzy"
      },
      "name": "Greenery",
      "polygon": {
        "path": [
          {
            "x": 0,
            "y": 244
          },
          {
            "x": 0,
            "y": 261
          },
          {
            "x": 12.0,
            "y": 261
          },
          {
            "x": 13.0,
            "y": 260
          },
          {
            "x": 40.0,
            "y": 260
          },
          {
            "x": 42.0,
            "y": 258
          },
          {
            "x": 44.0,
            "y": 258
          },
          {
            "x": 45.0,
            "y": 259
          },
          {
            "x": 50.0,
            "y": 259
          },
          {
            "x": 51,
            "y": 260
          },
          {
            "x": 63.0,
            "y": 260
          },
          {
            "x": 64,
            "y": 259
          },
          {
            "x": 67.0,
            "y": 259
          },
          {
            "x": 68,
            "y": 258
          },
          {
            "x": 73,
            "y": 258
          },
          {
            "x": 74.0,
            "y": 259
          },
          {
            "x": 89.0,
            "y": 259
          },
          {
            "x": 90,
            "y": 260
          },
          {
            "x": 93.0,
            "y": 260
          },
          {
            "x": 94,
            "y": 259
          },
          {
            "x": 108.0,
            "y": 259
          },
          {
            "x": 109.0,
            "y": 258
          },
          {
            "x": 123.0,
            "y": 258
          },
          {
            "x": 124,
            "y": 257
          },
          {
            "x": 131.0,
            "y": 257
          },
          {
            "x": 132,
            "y": 256
          },
          {
            "x": 135.0,
            "y": 256
          },
          {
            "x": 136,
            "y": 257
          },
          {
            "x": 146,
            "y": 257
          },
          {
            "x": 147.0,
            "y": 256
          },
          {
            "x": 148.0,
            "y": 257
          },
          {
            "x": 159.0,
            "y": 257
          },
          {
            "x": 160.0,
            "y": 258
          },
          {
            "x": 165.0,
            "y": 258
          },
          {
            "x": 166,
            "y": 257
          },
          {
            "x": 172.0,
            "y": 257
          },
          {
            "x": 173.0,
            "y": 256
          },
          {
            "x": 176.0,
            "y": 256
          },
          {
            "x": 177.0,
            "y": 255
          },
          {
            "x": 177.0,
            "y": 253
          },
          {
            "x": 176.0,
            "y": 252
          },
          {
            "x": 176.0,
            "y": 251
          },
          {
            "x": 174,
            "y": 249
          },
          {
            "x": 174,
            "y": 248
          },
          {
            "x": 172.0,
            "y": 246
          },
          {
            "x": 168.0,
            "y": 246
          },
          {
            "x": 167,
            "y": 247
          },
          {
            "x": 166,
            "y": 247
          },
          {
            "x": 164.0,
            "y": 249
          },
          {
            "x": 162,
            "y": 249
          },
          {
            "x": 161.0,
            "y": 248
          },
          {
            "x": 161.0,
            "y": 247
          },
          {
            "x": 159.0,
            "y": 245
          },
          {
            "x": 155.0,
            "y": 245
          },
          {
            "x": 154,
            "y": 244
          },
          {
            "x": 149,
            "y": 244
          },
          {
            "x": 148.0,
            "y": 243
          },
          {
            "x": 147.0,
            "y": 243
          },
          {
            "x": 146,
            "y": 242
          },
          {
            "x": 144.0,
            "y": 242
          },
          {
            "x": 143.0,
            "y": 241
          },
          {
            "x": 140,
            "y": 241
          },
          {
            "x": 139.0,
            "y": 240.0
          },
          {
            "x": 137,
            "y": 240.0
          },
          {
            "x": 136,
            "y": 241
          },
          {
            "x": 135.0,
            "y": 241
          },
          {
            "x": 134.0,
            "y": 242
          },
          {
            "x": 124,
            "y": 242
          },
          {
            "x": 123.0,
            "y": 241
          },
          {
            "x": 122.0,
            "y": 241
          },
          {
            "x": 121.0,
            "y": 240.0
          },
          {
            "x": 118.0,
            "y": 240.0
          },
          {
            "x": 117.0,
            "y": 241
          },
          {
            "x": 112.0,
            "y": 241
          },
          {
            "x": 109.0,
            "y": 238
          },
          {
            "x": 108.0,
            "y": 238
          },
          {
            "x": 107,
            "y": 237
          },
          {
            "x": 105.0,
            "y": 237
          },
          {
            "x": 102,
            "y": 240.0
          },
          {
            "x": 102,
            "y": 241
          },
          {
            "x": 101.0,
            "y": 242
          },
          {
            "x": 90,
            "y": 242
          },
          {
            "x": 89.0,
            "y": 241
          },
          {
            "x": 85,
            "y": 241
          },
          {
            "x": 84.0,
            "y": 240.0
          },
          {
            "x": 83.0,
            "y": 240.0
          },
          {
            "x": 82.0,
            "y": 239
          },
          {
            "x": 80.0,
            "y": 239
          },
          {
            "x": 79.0,
            "y": 240.0
          },
          {
            "x": 77,
            "y": 240.0
          },
          {
            "x": 76.0,
            "y": 241
          },
          {
            "x": 72.0,
            "y": 241
          },
          {
            "x": 71.0,
            "y": 240.0
          },
          {
            "x": 65.0,
            "y": 240.0
          },
          {
            "x": 63.0,
            "y": 242
          },
          {
            "x": 59.0,
            "y": 242
          },
          {
            "x": 56.0,
            "y": 239
          },
          {
            "x": 55.0,
            "y": 239
          },
          {
            "x": 54.0,
            "y": 238
          },
          {
            "x": 51,
            "y": 238
          },
          {
            "x": 50.0,
            "y": 237
          },
          {
            "x": 45.0,
            "y": 237
          },
          {
            "x": 44.0,
            "y": 238
          },
          {
            "x": 38.0,
            "y": 238
          },
          {
            "x": 36.0,
            "y": 236
          },
          {
            "x": 35.0,
            "y": 236
          },
          {
            "x": 34,
            "y": 235
          },
          {
            "x": 27.0,
            "y": 235
          },
          {
            "x": 26.0,
            "y": 236
          },
          {
            "x": 24.0,
            "y": 236
          },
          {
            "x": 23.0,
            "y": 235
          },
          {
            "x": 17,
            "y": 235
          },
          {
            "x": 16.0,
            "y": 236
          },
          {
            "x": 15.0,
            "y": 236
          },
          {
            "x": 11.0,
            "y": 240.0
          },
          {
            "x": 10.0,
            "y": 240.0
          },
          {
            "x": 9.0,
            "y": 241
          },
          {
            "x": 5.0,
            "y": 241
          },
          {
            "x": 4.0,
            "y": 242
          },
          {
            "x": 1.0,
            "y": 242
          },
          {
            "x": 1.0,
            "y": 243
          }
        ]
      }
    }
  ]
}