{
  "image": {
    "width": 640,
    "height": 505,
    "filename": "00000080.jpg",
    "original_filename": "COCO_test2014_000000575195.jpg",
    "url": "https://darwin.v7labs.com/api/images/1180899/original?token=4b25de6b-1a37-42ba-8685-0c7d525e03f0",
    "thumbnail_url": "https://darwin.v7labs.com/api/images/1180899/thumbnail?token=4b25de6b-1a37-42ba-8685-0c7d525e03f0",
    "workview_url": "https://darwin.v7labs.com/workview?dataset=1153&image=80"
  },
  "dataset": "4_Aizada",
  "annotated": true,
  "annotations": [
    {
      "annotator": {
        "email": "corporate@bex.kg",
        "full_name": "Aizada Tynchybek kyzy"
      },
      "bounding_box": {
        "h": 278.92,
        "w": 268.06,
        "x": 134.88,
        "y": 125.52
      },
      "name": "Men"
    }
  ]
}