{
  "image": {
    "width": 459,
    "height": 640,
    "filename": "00000076.jpg",
    "original_filename": "COCO_test2014_000000580176.jpg",
    "url": "https://darwin.v7labs.com/api/images/1180694/original?token=dcdac99e-befb-4f2f-8808-28ca35ffd97c",
    "thumbnail_url": "https://darwin.v7labs.com/api/images/1180694/thumbnail?token=dcdac99e-befb-4f2f-8808-28ca35ffd97c",
    "workview_url": "https://darwin.v7labs.com/workview?dataset=1152&image=76"
  },
  "dataset": "4_Saltanat",
  "annotated": true,
  "annotations": [
    {
      "annotator": {
        "email": "begimbaeva.s95@gmail.com",
        "full_name": "Saltanat Begimbaeva"
      },
      "bounding_box": {
        "h": 573.13,
        "w": 200.6,
        "x": 128.01,
        "y": 48.96
      },
      "name": "Men"
    },
    {
      "annotator": {
        "email": "begimbaeva.s95@gmail.com",
        "full_name": "Saltanat Begimbaeva"
      },
      "attributes": [
        "cap"
      ],
      "bounding_box": {
        "h": 38.21,
        "w": 62.09,
        "x": 208.01,
        "y": 52.54
      },
      "name": "Object"
    },
    {
      "annotator": {
        "email": "begimbaeva.s95@gmail.com",
        "full_name": "Saltanat Begimbaeva"
      },
      "bounding_box": {
        "h": 74.03,
        "w": 56.12,
        "x": 129.2,
        "y": 156.42
      },
      "name": "Object"
    }
  ]
}