{
  "image": {
    "width": 640,
    "height": 480,
    "filename": "00000153.jpg",
    "original_filename": "COCO_test2014_000000576103.jpg",
    "url": "https://darwin.v7labs.com/api/images/1180972/original?token=4b25de6b-1a37-42ba-8685-0c7d525e03f0",
    "thumbnail_url": "https://darwin.v7labs.com/api/images/1180972/thumbnail?token=4b25de6b-1a37-42ba-8685-0c7d525e03f0",
    "workview_url": "https://darwin.v7labs.com/workview?dataset=1153&image=153"
  },
  "dataset": "4_Aizada",
  "annotated": true,
  "annotations": [
    {
      "annotator": {
        "email": "corporate@bex.kg",
        "full_name": "Aizada Tynchybek kyzy"
      },
      "cuboid": {
        "back": {
          "h": 287.88,
          "w": 239.44,
          "x": 300.23,
          "y": 92.96
        },
        "front": {
          "h": 122.09,
          "w": 76.05,
          "x": 187.44,
          "y": 191.86
        }
      },
      "name": "Transport"
    },
    {
      "annotator": {
        "email": "corporate@bex.kg",
        "full_name": "Aizada Tynchybek kyzy"
      },
      "bounding_box": {
        "h": 67.67,
        "w": 25.81,
        "x": 47.91,
        "y": 237.21
      },
      "name": "Men"
    },
    {
      "annotator": {
        "email": "corporate@bex.kg",
        "full_name": "Aizada Tynchybek kyzy"
      },
      "bounding_box": {
        "h": 124.19,
        "w": 26.51,
        "x": 20.0,
        "y": 222.56
      },
      "name": "Men"
    }
  ]
}