{
  "image": {
    "width": 640,
    "height": 427,
    "filename": "00000018.jpg",
    "original_filename": "COCO_test2014_000000579245.jpg",
    "url": "https://darwin.v7labs.com/api/images/1180636/original?token=dcdac99e-befb-4f2f-8808-28ca35ffd97c",
    "thumbnail_url": "https://darwin.v7labs.com/api/images/1180636/thumbnail?token=dcdac99e-befb-4f2f-8808-28ca35ffd97c",
    "workview_url": "https://darwin.v7labs.com/workview?dataset=1152&image=18"
  },
  "dataset": "4_Saltanat",
  "annotated": true,
  "annotations": [
    {
      "annotator": {
        "email": "begimbaeva.s95@gmail.com",
        "full_name": "Saltanat Begimbaeva"
      },
      "attributes": [
        "Red  traffic light"
      ],
      "bounding_box": {
        "h": 224.31,
        "w": 82.89,
        "x": 339.41,
        "y": 7.91
      },
      "name": "Object"
    },
    {
      "annotator": {
        "email": "begimbaeva.s95@gmail.com",
        "full_name": "Saltanat Begimbaeva"
      },
      "attributes": [
        "Red  traffic light"
      ],
      "bounding_box": {
        "h": 163.84,
        "w": 95.6,
        "x": 451.33,
        "y": 200.35
      },
      "name": "Object"
    },
    {
      "annotator": {
        "email": "begimbaeva.s95@gmail.com",
        "full_name": "Saltanat Begimbaeva"
      },
      "attributes": [
        " traffic light"
      ],
      "bounding_box": {
        "h": 133.14,
        "w": 106.41,
        "x": 319.46,
        "y": 240.28
      },
      "name": "Object"
    }
  ]
}