{
  "image": {
    "width": 500,
    "height": 280,
    "filename": "00000095.jpg",
    "original_filename": "COCO_test2014_000000575402.jpg",
    "url": "https://darwin.v7labs.com/api/images/1180914/original?token=4b25de6b-1a37-42ba-8685-0c7d525e03f0",
    "thumbnail_url": "https://darwin.v7labs.com/api/images/1180914/thumbnail?token=4b25de6b-1a37-42ba-8685-0c7d525e03f0",
    "workview_url": "https://darwin.v7labs.com/workview?dataset=1153&image=95"
  },
  "dataset": "4_Aizada",
  "annotated": true,
  "annotations": [
    {
      "annotator": {
        "email": "corporate@bex.kg",
        "full_name": "Aizada Tynchybek kyzy"
      },
      "bounding_box": {
        "h": 182.73,
        "w": 83.02,
        "x": 19.24,
        "y": 88.31
      },
      "name": "Men"
    },
    {
      "annotator": {
        "email": "corporate@bex.kg",
        "full_name": "Aizada Tynchybek kyzy"
      },
      "bounding_box": {
        "h": 170.12,
        "w": 94.83,
        "x": 225.58,
        "y": 108.66
      },
      "name": "Women"
    },
    {
      "annotator": {
        "email": "corporate@bex.kg",
        "full_name": "Aizada Tynchybek kyzy"
      },
      "bounding_box": {
        "h": 253.55,
        "w": 138.37,
        "x": 331.4,
        "y": 21.98
      },
      "name": "Women"
    },
    {
      "annotator": {
        "email": "corporate@bex.kg",
        "full_name": "Aizada Tynchybek kyzy"
      },
      "bounding_box": {
        "h": 260.47,
        "w": 109.88,
        "x": 108.37,
        "y": 18.72
      },
      "name": "Women"
    }
  ]
}