{
  "image": {
    "width": 612,
    "height": 612,
    "filename": "00000189.jpg",
    "original_filename": "COCO_test2014_000000012852.jpg",
    "url": "https://darwin.v7labs.com/api/images/1180509/original?token=6731805e-fe9c-459b-85db-592a9652a349",
    "thumbnail_url": "https://darwin.v7labs.com/api/images/1180509/thumbnail?token=6731805e-fe9c-459b-85db-592a9652a349",
    "workview_url": "https://darwin.v7labs.com/workview?dataset=1130&image=189"
  },
  "dataset": "First DS",
  "annotated": true,
  "annotations": [
    {
      "annotator": {
        "email": "order@bex.kg",
        "full_name": "Zhaparova  Nurzhan"
      },
      "bounding_box": {
        "h": 246.9,
        "w": 550.48,
        "x": 42.9,
        "y": 358.62
      },
      "name": "Food"
    },
    {
      "annotator": {
        "email": "order@bex.kg",
        "full_name": "Zhaparova  Nurzhan"
      },
      "name": "Object",
      "polygon": {
        "path": [
          {
            "x": 453.0,
            "y": 74
          },
          {
            "x": 450.0,
            "y": 74
          },
          {
            "x": 449.0,
            "y": 73.0
          },
          {
            "x": 444,
            "y": 73.0
          },
          {
            "x": 443,
            "y": 72.0
          },
          {
            "x": 429.0,
            "y": 72.0
          },
          {
            "x": 428.0,
            "y": 71.0
          },
          {
            "x": 417.0,
            "y": 71.0
          },
          {
            "x": 416.0,
            "y": 72.0
          },
          {
            "x": 412.0,
            "y": 72.0
          },
          {
            "x": 411.0,
            "y": 71.0
          },
          {
            "x": 410.0,
            "y": 72.0
          },
          {
            "x": 396.0,
            "y": 72.0
          },
          {
            "x": 395.0,
            "y": 73.0
          },
          {
            "x": 390.0,
            "y": 73.0
          },
          {
            "x": 389.0,
            "y": 74
          },
          {
            "x": 384.0,
            "y": 74
          },
          {
            "x": 383.0,
            "y": 75.0
          },
          {
            "x": 379,
            "y": 75.0
          },
          {
            "x": 378,
            "y": 76.0
          },
          {
            "x": 376.0,
            "y": 76.0
          },
          {
            "x": 374.0,
            "y": 78.0
          },
          {
            "x": 373.0,
            "y": 78.0
          },
          {
            "x": 372.0,
            "y": 79
          },
          {
            "x": 371.0,
            "y": 79
          },
          {
            "x": 370.0,
            "y": 80.0
          },
          {
            "x": 368.0,
            "y": 80.0
          },
          {
            "x": 366.0,
            "y": 82.0
          },
          {
            "x": 364.0,
            "y": 82.0
          },
          {
            "x": 362.0,
            "y": 84
          },
          {
            "x": 360,
            "y": 84
          },
          {
            "x": 356.0,
            "y": 88.0
          },
          {
            "x": 354.0,
            "y": 88.0
          },
          {
            "x": 352.0,
            "y": 90
          },
          {
            "x": 351.0,
            "y": 90
          },
          {
            "x": 351.0,
            "y": 91.0
          },
          {
            "x": 348.0,
            "y": 94.0
          },
          {
            "x": 348.0,
            "y": 95
          },
          {
            "x": 344.0,
            "y": 99.0
          },
          {
            "x": 344.0,
            "y": 100
          },
          {
            "x": 342.0,
            "y": 102.0
          },
          {
            "x": 342.0,
            "y": 104.0
          },
          {
            "x": 341.0,
            "y": 105
          },
          {
            "x": 341.0,
            "y": 106
          },
          {
            "x": 340,
            "y": 107.0
          },
          {
            "x": 340,
            "y": 109.0
          },
          {
            "x": 339,
            "y": 110.0
          },
          {
            "x": 339,
            "y": 112.0
          },
          {
            "x": 337,
            "y": 114.0
          },
          {
            "x": 337,
            "y": 115.0
          },
          {
            "x": 336,
            "y": 116
          },
          {
            "x": 336,
            "y": 118.0
          },
          {
            "x": 335.0,
            "y": 119.0
          },
          {
            "x": 335.0,
            "y": 120.0
          },
          {
            "x": 333.0,
            "y": 122
          },
          {
            "x": 333.0,
            "y": 124.0
          },
          {
            "x": 332.0,
            "y": 125.0
          },
          {
            "x": 332.0,
            "y": 126.0
          },
          {
            "x": 331.0,
            "y": 127
          },
          {
            "x": 331.0,
            "y": 129.0
          },
          {
            "x": 330.0,
            "y": 130.0
          },
          {
            "x": 330.0,
            "y": 131
          },
          {
            "x": 328.0,
            "y": 133
          },
          {
            "x": 328.0,
            "y": 135.0
          },
          {
            "x": 327.0,
            "y": 136
          },
          {
            "x": 327.0,
            "y": 137
          },
          {
            "x": 326.0,
            "y": 138
          },
          {
            "x": 326.0,
            "y": 140.0
          },
          {
            "x": 325.0,
            "y": 141.0
          },
          {
            "x": 325.0,
            "y": 143
          },
          {
            "x": 324.0,
            "y": 144.0
          },
          {
            "x": 324.0,
            "y": 145.0
          },
          {
            "x": 323.0,
            "y": 146.0
          },
          {
            "x": 323.0,
            "y": 147
          },
          {
            "x": 322.0,
            "y": 148
          },
          {
            "x": 322.0,
            "y": 150.0
          },
          {
            "x": 321.0,
            "y": 151.0
          },
          {
            "x": 321.0,
            "y": 153
          },
          {
            "x": 320.0,
            "y": 154
          },
          {
            "x": 320.0,
            "y": 155.0
          },
          {
            "x": 319,
            "y": 156.0
          },
          {
            "x": 319,
            "y": 158
          },
          {
            "x": 318,
            "y": 159
          },
          {
            "x": 318,
            "y": 161.0
          },
          {
            "x": 317,
            "y": 162.0
          },
          {
            "x": 317,
            "y": 165.0
          },
          {
            "x": 316,
            "y": 166.0
          },
          {
            "x": 316,
            "y": 169
          },
          {
            "x": 315,
            "y": 170
          },
          {
            "x": 315,
            "y": 171.0
          },
          {
            "x": 314.0,
            "y": 172.0
          },
          {
            "x": 314.0,
            "y": 175
          },
          {
            "x": 313.0,
            "y": 176.0
          },
          {
            "x": 313.0,
            "y": 180
          },
          {
            "x": 312.0,
            "y": 181.0
          },
          {
            "x": 312.0,
            "y": 185
          },
          {
            "x": 311.0,
            "y": 186
          },
          {
            "x": 311.0,
            "y": 187.0
          },
          {
            "x": 310.0,
            "y": 188.0
          },
          {
            "x": 310.0,
            "y": 197.0
          },
          {
            "x": 309.0,
            "y": 198.0
          },
          {
            "x": 309.0,
            "y": 205
          },
          {
            "x": 308,
            "y": 206
          },
          {
            "x": 308,
            "y": 211
          },
          {
            "x": 307,
            "y": 212
          },
          {
            "x": 307,
            "y": 222
          },
          {
            "x": 308,
            "y": 223.0
          },
          {
            "x": 308,
            "y": 232
          },
          {
            "x": 309.0,
            "y": 233
          },
          {
            "x": 309.0,
            "y": 242
          },
          {
            "x": 310.0,
            "y": 243
          },
          {
            "x": 310.0,
            "y": 247
          },
          {
            "x": 312.0,
            "y": 249
          },
          {
            "x": 312.0,
            "y": 251.0
          },
          {
            "x": 313.0,
            "y": 252.0
          },
          {
            "x": 313.0,
            "y": 253.0
          },
          {
            "x": 314.0,
            "y": 254.0
          },
          {
            "x": 314.0,
            "y": 255.0
          },
          {
            "x": 317,
            "y": 258
          },
          {
            "x": 317,
            "y": 259
          },
          {
            "x": 318,
            "y": 260
          },
          {
            "x": 318,
            "y": 261
          },
          {
            "x": 319,
            "y": 262.0
          },
          {
            "x": 319,
            "y": 264.0
          },
          {
            "x": 321.0,
            "y": 266.0
          },
          {
            "x": 321.0,
            "y": 267
          },
          {
            "x": 322.0,
            "y": 268
          },
          {
            "x": 322.0,
            "y": 269
          },
          {
            "x": 323.0,
            "y": 270
          },
          {
            "x": 323.0,
            "y": 271
          },
          {
            "x": 324.0,
            "y": 271
          },
          {
            "x": 325.0,
            "y": 272.0
          },
          {
            "x": 325.0,
            "y": 273.0
          },
          {
            "x": 326.0,
            "y": 274.0
          },
          {
            "x": 326.0,
            "y": 275.0
          },
          {
            "x": 331.0,
            "y": 280
          },
          {
            "x": 331.0,
            "y": 281
          },
          {
            "x": 339,
            "y": 289
          },
          {
            "x": 340,
            "y": 289
          },
          {
            "x": 342.0,
            "y": 291
          },
          {
            "x": 342.0,
            "y": 292
          },
          {
            "x": 343.0,
            "y": 292
          },
          {
            "x": 349.0,
            "y": 298.0
          },
          {
            "x": 350.0,
            "y": 298.0
          },
          {
            "x": 353.0,
            "y": 301
          },
          {
            "x": 354.0,
            "y": 301
          },
          {
            "x": 355.0,
            "y": 302
          },
          {
            "x": 356.0,
            "y": 302
          },
          {
            "x": 357,
            "y": 303
          },
          {
            "x": 358,
            "y": 303
          },
          {
            "x": 360,
            "y": 305.0
          },
          {
            "x": 364.0,
            "y": 305.0
          },
          {
            "x": 365.0,
            "y": 306.0
          },
          {
            "x": 366.0,
            "y": 306.0
          },
          {
            "x": 369.0,
            "y": 309
          },
          {
            "x": 369.0,
            "y": 310
          },
          {
            "x": 371.0,
            "y": 312
          },
          {
            "x": 373.0,
            "y": 312
          },
          {
            "x": 374.0,
            "y": 313
          },
          {
            "x": 374.0,
            "y": 316.0
          },
          {
            "x": 379,
            "y": 316.0
          },
          {
            "x": 380,
            "y": 317.0
          },
          {
            "x": 383.0,
            "y": 317.0
          },
          {
            "x": 384.0,
            "y": 318.0
          },
          {
            "x": 385.0,
            "y": 318.0
          },
          {
            "x": 386.0,
            "y": 319.0
          },
          {
            "x": 387.0,
            "y": 319.0
          },
          {
            "x": 388.0,
            "y": 318.0
          },
          {
            "x": 390.0,
            "y": 318.0
          },
          {
            "x": 391.0,
            "y": 317.0
          },
          {
            "x": 401,
            "y": 317.0
          },
          {
            "x": 402,
            "y": 318.0
          },
          {
            "x": 403,
            "y": 318.0
          },
          {
            "x": 404.0,
            "y": 319.0
          },
          {
            "x": 432.0,
            "y": 319.0
          },
          {
            "x": 433.0,
            "y": 318.0
          },
          {
            "x": 434.0,
            "y": 318.0
          },
          {
            "x": 435.0,
            "y": 317.0
          },
          {
            "x": 436.0,
            "y": 317.0
          },
          {
            "x": 437.0,
            "y": 316.0
          },
          {
            "x": 441,
            "y": 316.0
          },
          {
            "x": 442,
            "y": 315.0
          },
          {
            "x": 445,
            "y": 315.0
          },
          {
            "x": 446.0,
            "y": 314
          },
          {
            "x": 448.0,
            "y": 314
          },
          {
            "x": 449.0,
            "y": 313
          },
          {
            "x": 455.0,
            "y": 313
          },
          {
            "x": 456.0,
            "y": 312
          },
          {
            "x": 459.0,
            "y": 312
          },
          {
            "x": 460.0,
            "y": 311
          },
          {
            "x": 462,
            "y": 311
          },
          {
            "x": 463,
            "y": 310
          },
          {
            "x": 464,
            "y": 310
          },
          {
            "x": 466,
            "y": 308.0
          },
          {
            "x": 468.0,
            "y": 308.0
          },
          {
            "x": 469.0,
            "y": 307.0
          },
          {
            "x": 471.0,
            "y": 307.0
          },
          {
            "x": 472.0,
            "y": 306.0
          },
          {
            "x": 473.0,
            "y": 306.0
          },
          {
            "x": 474.0,
            "y": 305.0
          },
          {
            "x": 475.0,
            "y": 305.0
          },
          {
            "x": 476.0,
            "y": 304.0
          },
          {
            "x": 476.0,
            "y": 303
          },
          {
            "x": 478.0,
            "y": 301
          },
          {
            "x": 479.0,
            "y": 301
          },
          {
            "x": 483.0,
            "y": 297.0
          },
          {
            "x": 484,
            "y": 297.0
          },
          {
            "x": 492.0,
            "y": 289
          },
          {
            "x": 492.0,
            "y": 288
          },
          {
            "x": 493.0,
            "y": 287.0
          },
          {
            "x": 494.0,
            "y": 287.0
          },
          {
            "x": 494.0,
            "y": 286.0
          },
          {
            "x": 497.0,
            "y": 283.0
          },
          {
            "x": 498.0,
            "y": 283.0
          },
          {
            "x": 498.0,
            "y": 282
          },
          {
            "x": 502.0,
            "y": 278
          },
          {
            "x": 503.0,
            "y": 278
          },
          {
            "x": 503.0,
            "y": 277.0
          },
          {
            "x": 504.0,
            "y": 276.0
          },
          {
            "x": 504.0,
            "y": 275.0
          },
          {
            "x": 506,
            "y": 273.0
          },
          {
            "x": 506,
            "y": 272.0
          },
          {
            "x": 507,
            "y": 271
          },
          {
            "x": 507,
            "y": 270
          },
          {
            "x": 508,
            "y": 269
          },
          {
            "x": 508,
            "y": 268
          },
          {
            "x": 510.0,
            "y": 266.0
          },
          {
            "x": 510.0,
            "y": 265.0
          },
          {
            "x": 511.0,
            "y": 264.0
          },
          {
            "x": 511.0,
            "y": 263.0
          },
          {
            "x": 513.0,
            "y": 261
          },
          {
            "x": 513.0,
            "y": 260
          },
          {
            "x": 514.0,
            "y": 259
          },
          {
            "x": 514.0,
            "y": 258
          },
          {
            "x": 515.0,
            "y": 257
          },
          {
            "x": 515.0,
            "y": 256.0
          },
          {
            "x": 516.0,
            "y": 255.0
          },
          {
            "x": 516.0,
            "y": 254.0
          },
          {
            "x": 517.0,
            "y": 253.0
          },
          {
            "x": 517.0,
            "y": 251.0
          },
          {
            "x": 518.0,
            "y": 250.0
          },
          {
            "x": 518.0,
            "y": 247
          },
          {
            "x": 519.0,
            "y": 246.0
          },
          {
            "x": 519.0,
            "y": 244
          },
          {
            "x": 520.0,
            "y": 243
          },
          {
            "x": 520.0,
            "y": 242
          },
          {
            "x": 521.0,
            "y": 241.0
          },
          {
            "x": 521.0,
            "y": 236.0
          },
          {
            "x": 522.0,
            "y": 235.0
          },
          {
            "x": 522.0,
            "y": 231
          },
          {
            "x": 523,
            "y": 230.0
          },
          {
            "x": 523,
            "y": 226
          },
          {
            "x": 524,
            "y": 225.0
          },
          {
            "x": 524,
            "y": 180
          },
          {
            "x": 523,
            "y": 179
          },
          {
            "x": 523,
            "y": 171.0
          },
          {
            "x": 522.0,
            "y": 170
          },
          {
            "x": 522.0,
            "y": 162.0
          },
          {
            "x": 521.0,
            "y": 161.0
          },
          {
            "x": 521.0,
            "y": 154
          },
          {
            "x": 520.0,
            "y": 153
          },
          {
            "x": 520.0,
            "y": 151.0
          },
          {
            "x": 519.0,
            "y": 150.0
          },
          {
            "x": 519.0,
            "y": 144.0
          },
          {
            "x": 518.0,
            "y": 143
          },
          {
            "x": 518.0,
            "y": 137
          },
          {
            "x": 517.0,
            "y": 136
          },
          {
            "x": 517.0,
            "y": 131
          },
          {
            "x": 516.0,
            "y": 130.0
          },
          {
            "x": 516.0,
            "y": 125.0
          },
          {
            "x": 515.0,
            "y": 124.0
          },
          {
            "x": 515.0,
            "y": 122
          },
          {
            "x": 514.0,
            "y": 121
          },
          {
            "x": 514.0,
            "y": 116
          },
          {
            "x": 513.0,
            "y": 115.0
          },
          {
            "x": 513.0,
            "y": 112.0
          },
          {
            "x": 512.0,
            "y": 111
          },
          {
            "x": 512.0,
            "y": 109.0
          },
          {
            "x": 511.0,
            "y": 108.0
          },
          {
            "x": 511.0,
            "y": 107.0
          },
          {
            "x": 508,
            "y": 104.0
          },
          {
            "x": 508,
            "y": 103.0
          },
          {
            "x": 507,
            "y": 102.0
          },
          {
            "x": 506,
            "y": 102.0
          },
          {
            "x": 504.0,
            "y": 100
          },
          {
            "x": 504.0,
            "y": 99.0
          },
          {
            "x": 503.0,
            "y": 98.0
          },
          {
            "x": 502.0,
            "y": 98.0
          },
          {
            "x": 500.0,
            "y": 96.0
          },
          {
            "x": 499.0,
            "y": 96.0
          },
          {
            "x": 498.0,
            "y": 95
          },
          {
            "x": 498.0,
            "y": 94.0
          },
          {
            "x": 496.0,
            "y": 94.0
          },
          {
            "x": 494.0,
            "y": 92.0
          },
          {
            "x": 493.0,
            "y": 92.0
          },
          {
            "x": 490.0,
            "y": 89.0
          },
          {
            "x": 489.0,
            "y": 89.0
          },
          {
            "x": 488,
            "y": 88.0
          },
          {
            "x": 487,
            "y": 88.0
          },
          {
            "x": 486,
            "y": 87.0
          },
          {
            "x": 485,
            "y": 87.0
          },
          {
            "x": 484,
            "y": 86.0
          },
          {
            "x": 483.0,
            "y": 86.0
          },
          {
            "x": 482.0,
            "y": 85
          },
          {
            "x": 479.0,
            "y": 85
          },
          {
            "x": 478.0,
            "y": 84
          },
          {
            "x": 477.0,
            "y": 84
          },
          {
            "x": 475.0,
            "y": 82.0
          },
          {
            "x": 473.0,
            "y": 82.0
          },
          {
            "x": 471.0,
            "y": 80.0
          },
          {
            "x": 468.0,
            "y": 80.0
          },
          {
            "x": 467,
            "y": 79
          },
          {
            "x": 463,
            "y": 79
          },
          {
            "x": 462,
            "y": 78.0
          },
          {
            "x": 460.0,
            "y": 78.0
          },
          {
            "x": 458.0,
            "y": 76.0
          },
          {
            "x": 456.0,
            "y": 76.0
          },
          {
            "x": 455.0,
            "y": 75.0
          },
          {
            "x": 454.0,
            "y": 75.0
          }
        ]
      }
    },
    {
      "annotator": {
        "email": "order@bex.kg",
        "full_name": "Zhaparova  Nurzhan"
      },
      "name": "Object",
      "polygon": {
        "path": [
          {
            "x": 306.0,
            "y": 256.0
          },
          {
            "x": 304.0,
            "y": 254.0
          },
          {
            "x": 288.0,
            "y": 254.0
          },
          {
            "x": 287.0,
            "y": 255.0
          },
          {
            "x": 261.0,
            "y": 255.0
          },
          {
            "x": 260.0,
            "y": 256.0
          },
          {
            "x": 237.0,
            "y": 256.0
          },
          {
            "x": 236.0,
            "y": 257
          },
          {
            "x": 224.0,
            "y": 257
          },
          {
            "x": 223.0,
            "y": 258
          },
          {
            "x": 220.0,
            "y": 258
          },
          {
            "x": 218.0,
            "y": 260
          },
          {
            "x": 217.0,
            "y": 260
          },
          {
            "x": 217.0,
            "y": 262.0
          },
          {
            "x": 216.0,
            "y": 263.0
          },
          {
            "x": 216.0,
            "y": 270
          },
          {
            "x": 214.0,
            "y": 272.0
          },
          {
            "x": 214.0,
            "y": 275.0
          },
          {
            "x": 215.0,
            "y": 276.0
          },
          {
            "x": 215.0,
            "y": 277.0
          },
          {
            "x": 216.0,
            "y": 278
          },
          {
            "x": 216.0,
            "y": 289
          },
          {
            "x": 217.0,
            "y": 290
          },
          {
            "x": 217.0,
            "y": 297.0
          },
          {
            "x": 219.0,
            "y": 297.0
          },
          {
            "x": 220.0,
            "y": 298.0
          },
          {
            "x": 228.0,
            "y": 298.0
          },
          {
            "x": 229.0,
            "y": 297.0
          },
          {
            "x": 244.0,
            "y": 297.0
          },
          {
            "x": 245.0,
            "y": 296.0
          },
          {
            "x": 258.0,
            "y": 296.0
          },
          {
            "x": 259.0,
            "y": 295.0
          },
          {
            "x": 267.0,
            "y": 295.0
          },
          {
            "x": 268.0,
            "y": 294.0
          },
          {
            "x": 280.0,
            "y": 294.0
          },
          {
            "x": 281.0,
            "y": 293.0
          },
          {
            "x": 303.0,
            "y": 293.0
          },
          {
            "x": 304.0,
            "y": 292
          },
          {
            "x": 305.0,
            "y": 292
          },
          {
            "x": 306.0,
            "y": 291
          },
          {
            "x": 306.0,
            "y": 289
          },
          {
            "x": 307.0,
            "y": 288
          },
          {
            "x": 307.0,
            "y": 282
          },
          {
            "x": 308.0,
            "y": 281
          },
          {
            "x": 307.0,
            "y": 280
          },
          {
            "x": 307.0,
            "y": 273.0
          },
          {
            "x": 308.0,
            "y": 272.0
          },
          {
            "x": 308.0,
            "y": 267
          },
          {
            "x": 307.0,
            "y": 266.0
          },
          {
            "x": 307.0,
            "y": 259
          },
          {
            "x": 306.0,
            "y": 258
          }
        ]
      }
    },
    {
      "annotator": {
        "email": "order@bex.kg",
        "full_name": "Zhaparova  Nurzhan"
      },
      "name": "Object",
      "polygon": {
        "path": [
          {
            "x": 155.0,
            "y": 0
          },
          {
            "x": 154,
            "y": 1.0
          },
          {
            "x": 154,
            "y": 2.0
          },
          {
            "x": 155.0,
            "y": 3.0
          },
          {
            "x": 155.0,
            "y": 8.0
          },
          {
            "x": 156.0,
            "y": 9.0
          },
          {
            "x": 156.0,
            "y": 19.0
          },
          {
            "x": 157.0,
            "y": 20.0
          },
          {
            "x": 157.0,
            "y": 25.0
          },
          {
            "x": 158,
            "y": 26.0
          },
          {
            "x": 158,
            "y": 31.0
          },
          {
            "x": 159.0,
            "y": 32
          },
          {
            "x": 159.0,
            "y": 36.0
          },
          {
            "x": 160.0,
            "y": 37.0
          },
          {
            "x": 160.0,
            "y": 41.0
          },
          {
            "x": 161.0,
            "y": 42.0
          },
          {
            "x": 161.0,
            "y": 50.0
          },
          {
            "x": 162,
            "y": 51.0
          },
          {
            "x": 162,
            "y": 59.0
          },
          {
            "x": 163.0,
            "y": 60.0
          },
          {
            "x": 163.0,
            "y": 65.0
          },
          {
            "x": 164.0,
            "y": 66
          },
          {
            "x": 164.0,
            "y": 70.0
          },
          {
            "x": 165.0,
            "y": 71.0
          },
          {
            "x": 165.0,
            "y": 77
          },
          {
            "x": 166,
            "y": 78.0
          },
          {
            "x": 166,
            "y": 83
          },
          {
            "x": 167.0,
            "y": 84.0
          },
          {
            "x": 167.0,
            "y": 91.0
          },
          {
            "x": 168.0,
            "y": 92.0
          },
          {
            "x": 168.0,
            "y": 104.0
          },
          {
            "x": 169,
            "y": 105.0
          },
          {
            "x": 169,
            "y": 108.0
          },
          {
            "x": 170.0,
            "y": 109
          },
          {
            "x": 170.0,
            "y": 112.0
          },
          {
            "x": 171.0,
            "y": 113
          },
          {
            "x": 171.0,
            "y": 121.0
          },
          {
            "x": 172.0,
            "y": 122.0
          },
          {
            "x": 172.0,
            "y": 126
          },
          {
            "x": 173,
            "y": 127.0
          },
          {
            "x": 173,
            "y": 140.0
          },
          {
            "x": 174.0,
            "y": 141
          },
          {
            "x": 174.0,
            "y": 147
          },
          {
            "x": 175.0,
            "y": 148.0
          },
          {
            "x": 175.0,
            "y": 160
          },
          {
            "x": 176.0,
            "y": 161.0
          },
          {
            "x": 176.0,
            "y": 164
          },
          {
            "x": 177,
            "y": 165.0
          },
          {
            "x": 177,
            "y": 168.0
          },
          {
            "x": 178.0,
            "y": 169
          },
          {
            "x": 178.0,
            "y": 180.0
          },
          {
            "x": 179.0,
            "y": 181
          },
          {
            "x": 179.0,
            "y": 185.0
          },
          {
            "x": 180.0,
            "y": 186
          },
          {
            "x": 180.0,
            "y": 189.0
          },
          {
            "x": 181,
            "y": 190
          },
          {
            "x": 181,
            "y": 193.0
          },
          {
            "x": 182.0,
            "y": 194
          },
          {
            "x": 182.0,
            "y": 199.0
          },
          {
            "x": 183.0,
            "y": 200.0
          },
          {
            "x": 183.0,
            "y": 202.0
          },
          {
            "x": 184.0,
            "y": 203
          },
          {
            "x": 184.0,
            "y": 204.0
          },
          {
            "x": 185.0,
            "y": 205
          },
          {
            "x": 185.0,
            "y": 207
          },
          {
            "x": 186.0,
            "y": 208.0
          },
          {
            "x": 186.0,
            "y": 209
          },
          {
            "x": 187.0,
            "y": 210.0
          },
          {
            "x": 187.0,
            "y": 211
          },
          {
            "x": 189.0,
            "y": 213
          },
          {
            "x": 189.0,
            "y": 214.0
          },
          {
            "x": 191.0,
            "y": 216.0
          },
          {
            "x": 191.0,
            "y": 217.0
          },
          {
            "x": 192,
            "y": 217.0
          },
          {
            "x": 201.0,
            "y": 226.0
          },
          {
            "x": 202.0,
            "y": 226.0
          },
          {
            "x": 204.0,
            "y": 228
          },
          {
            "x": 207,
            "y": 228
          },
          {
            "x": 208.0,
            "y": 229.0
          },
          {
            "x": 210.0,
            "y": 229.0
          },
          {
            "x": 211.0,
            "y": 230.0
          },
          {
            "x": 214.0,
            "y": 230.0
          },
          {
            "x": 215,
            "y": 231.0
          },
          {
            "x": 218,
            "y": 231.0
          },
          {
            "x": 219.0,
            "y": 232.0
          },
          {
            "x": 224.0,
            "y": 232.0
          },
          {
            "x": 225.0,
            "y": 233.0
          },
          {
            "x": 230.0,
            "y": 233.0
          },
          {
            "x": 231.0,
            "y": 234.0
          },
          {
            "x": 244.0,
            "y": 234.0
          },
          {
            "x": 245,
            "y": 233.0
          },
          {
            "x": 254.0,
            "y": 233.0
          },
          {
            "x": 255.0,
            "y": 232.0
          },
          {
            "x": 261.0,
            "y": 232.0
          },
          {
            "x": 262.0,
            "y": 231.0
          },
          {
            "x": 269.0,
            "y": 231.0
          },
          {
            "x": 270.0,
            "y": 230.0
          },
          {
            "x": 272.0,
            "y": 230.0
          },
          {
            "x": 273.0,
            "y": 229.0
          },
          {
            "x": 274.0,
            "y": 229.0
          },
          {
            "x": 275,
            "y": 228
          },
          {
            "x": 277.0,
            "y": 228
          },
          {
            "x": 278,
            "y": 227.0
          },
          {
            "x": 279.0,
            "y": 227.0
          },
          {
            "x": 280.0,
            "y": 226.0
          },
          {
            "x": 282.0,
            "y": 226.0
          },
          {
            "x": 283,
            "y": 225.0
          },
          {
            "x": 284.0,
            "y": 225.0
          },
          {
            "x": 285.0,
            "y": 224
          },
          {
            "x": 286,
            "y": 224
          },
          {
            "x": 287.0,
            "y": 223.0
          },
          {
            "x": 288.0,
            "y": 223.0
          },
          {
            "x": 290.0,
            "y": 221.0
          },
          {
            "x": 291.0,
            "y": 221.0
          },
          {
            "x": 297,
            "y": 215
          },
          {
            "x": 297,
            "y": 214.0
          },
          {
            "x": 299.0,
            "y": 212.0
          },
          {
            "x": 299.0,
            "y": 211
          },
          {
            "x": 300.0,
            "y": 210.0
          },
          {
            "x": 300.0,
            "y": 208.0
          },
          {
            "x": 301.0,
            "y": 207
          },
          {
            "x": 301.0,
            "y": 206.0
          },
          {
            "x": 302,
            "y": 205
          },
          {
            "x": 302,
            "y": 204.0
          },
          {
            "x": 303.0,
            "y": 203
          },
          {
            "x": 303.0,
            "y": 201
          },
          {
            "x": 304.0,
            "y": 200.0
          },
          {
            "x": 304.0,
            "y": 199.0
          },
          {
            "x": 305,
            "y": 198
          },
          {
            "x": 305,
            "y": 196
          },
          {
            "x": 306.0,
            "y": 195.0
          },
          {
            "x": 306.0,
            "y": 193.0
          },
          {
            "x": 307.0,
            "y": 192
          },
          {
            "x": 307.0,
            "y": 99.0
          },
          {
            "x": 306.0,
            "y": 98
          },
          {
            "x": 306.0,
            "y": 91.0
          },
          {
            "x": 307.0,
            "y": 90.0
          },
          {
            "x": 307.0,
            "y": 1.0
          },
          {
            "x": 306.0,
            "y": 0
          }
        ]
      }
    }
  ]
}