{
  "image": {
    "width": 640,
    "height": 480,
    "filename": "00000154.jpg",
    "original_filename": "COCO_test2014_000000581408.jpg",
    "url": "https://darwin.v7labs.com/api/images/1180772/original?token=dcdac99e-befb-4f2f-8808-28ca35ffd97c",
    "thumbnail_url": "https://darwin.v7labs.com/api/images/1180772/thumbnail?token=dcdac99e-befb-4f2f-8808-28ca35ffd97c",
    "workview_url": "https://darwin.v7labs.com/workview?dataset=1152&image=154"
  },
  "dataset": "4_Saltanat",
  "annotated": true,
  "annotations": [
    {
      "annotator": {
        "email": "begimbaeva.s95@gmail.com",
        "full_name": "Saltanat Begimbaeva"
      },
      "attributes": [
        "pillow"
      ],
      "bounding_box": {
        "h": 71.64,
        "w": 90.45,
        "x": 229.55,
        "y": 198.81
      },
      "name": "Object"
    },
    {
      "annotator": {
        "email": "begimbaeva.s95@gmail.com",
        "full_name": "Saltanat Begimbaeva"
      },
      "attributes": [
        "pillow"
      ],
      "bounding_box": {
        "h": 77.01,
        "w": 82.39,
        "x": 289.55,
        "y": 196.12
      },
      "name": "Object"
    },
    {
      "annotator": {
        "email": "begimbaeva.s95@gmail.com",
        "full_name": "Saltanat Begimbaeva"
      },
      "attributes": [
        "pillow"
      ],
      "bounding_box": {
        "h": 47.59,
        "w": 94.93,
        "x": 353.13,
        "y": 224.01
      },
      "name": "Object"
    },
    {
      "annotator": {
        "email": "begimbaeva.s95@gmail.com",
        "full_name": "Saltanat Begimbaeva"
      },
      "attributes": [
        "pillow"
      ],
      "bounding_box": {
        "h": 68.32,
        "w": 97.1,
        "x": 430.66,
        "y": 210.45
      },
      "name": "Object"
    },
    {
      "annotator": {
        "email": "begimbaeva.s95@gmail.com",
        "full_name": "Saltanat Begimbaeva"
      },
      "bounding_box": {
        "h": 79.96,
        "w": 18.28,
        "x": 121.38,
        "y": 123.03
      },
      "name": "Object"
    },
    {
      "annotator": {
        "email": "begimbaeva.s95@gmail.com",
        "full_name": "Saltanat Begimbaeva"
      },
      "bounding_box": {
        "h": 60.92,
        "w": 16.75,
        "x": 169.36,
        "y": 142.83
      },
      "name": "Object"
    },
    {
      "annotator": {
        "email": "begimbaeva.s95@gmail.com",
        "full_name": "Saltanat Begimbaeva"
      },
      "bounding_box": {
        "h": 80.36,
        "w": 18.48,
        "x": 196.31,
        "y": 123.8
      },
      "name": "Object"
    }
  ]
}