{
  "image": {
    "width": 480,
    "height": 640,
    "filename": "00000171.jpg",
    "original_filename": "COCO_test2014_000000576330.jpg",
    "url": "https://darwin.v7labs.com/api/images/1180990/original?token=4b25de6b-1a37-42ba-8685-0c7d525e03f0",
    "thumbnail_url": "https://darwin.v7labs.com/api/images/1180990/thumbnail?token=4b25de6b-1a37-42ba-8685-0c7d525e03f0",
    "workview_url": "https://darwin.v7labs.com/workview?dataset=1153&image=171"
  },
  "dataset": "4_Aizada",
  "annotated": true,
  "annotations": [
    {
      "annotator": {
        "email": "corporate@bex.kg",
        "full_name": "Aizada Tynchybek kyzy"
      },
      "bounding_box": {
        "h": 122.79,
        "w": 55.81,
        "x": 374.88,
        "y": 36.28
      },
      "name": "Men"
    },
    {
      "annotator": {
        "email": "corporate@bex.kg",
        "full_name": "Aizada Tynchybek kyzy"
      },
      "bounding_box": {
        "h": 175.81,
        "w": 37.21,
        "x": 441.86,
        "y": 25.12
      },
      "name": "Men"
    },
    {
      "annotator": {
        "email": "corporate@bex.kg",
        "full_name": "Aizada Tynchybek kyzy"
      },
      "bounding_box": {
        "h": 450.23,
        "w": 155.35,
        "x": 130.23,
        "y": 69.77
      },
      "name": "Child"
    },
    {
      "annotator": {
        "email": "corporate@bex.kg",
        "full_name": "Aizada Tynchybek kyzy"
      },
      "bounding_box": {
        "h": 489.39,
        "w": 177.97,
        "x": 274.42,
        "y": 37.21
      },
      "name": "Child"
    }
  ]
}