{
  "image": {
    "width": 640,
    "height": 427,
    "filename": "00000049.jpg",
    "original_filename": "COCO_test2014_000000579766.jpg",
    "url": "https://darwin.v7labs.com/api/images/1180667/original?token=dcdac99e-befb-4f2f-8808-28ca35ffd97c",
    "thumbnail_url": "https://darwin.v7labs.com/api/images/1180667/thumbnail?token=dcdac99e-befb-4f2f-8808-28ca35ffd97c",
    "workview_url": "https://darwin.v7labs.com/workview?dataset=1152&image=49"
  },
  "dataset": "4_Saltanat",
  "annotated": true,
  "annotations": [
    {
      "annotator": {
        "email": "begimbaeva.s95@gmail.com",
        "full_name": "Saltanat Begimbaeva"
      },
      "name": "Animal",
      "polygon": {
        "path": [
          {
            "x": 346.0,
            "y": 220.0
          },
          {
            "x": 344,
            "y": 218
          },
          {
            "x": 344,
            "y": 216.0
          },
          {
            "x": 342,
            "y": 214
          },
          {
            "x": 342,
            "y": 213
          },
          {
            "x": 341,
            "y": 213
          },
          {
            "x": 340,
            "y": 212
          },
          {
            "x": 340,
            "y": 211.0
          },
          {
            "x": 339,
            "y": 211.0
          },
          {
            "x": 336.0,
            "y": 208
          },
          {
            "x": 335,
            "y": 208
          },
          {
            "x": 333,
            "y": 206.0
          },
          {
            "x": 332,
            "y": 206.0
          },
          {
            "x": 331,
            "y": 205
          },
          {
            "x": 330,
            "y": 205
          },
          {
            "x": 329.0,
            "y": 204
          },
          {
            "x": 327.0,
            "y": 204
          },
          {
            "x": 325,
            "y": 202.0
          },
          {
            "x": 323,
            "y": 202.0
          },
          {
            "x": 321,
            "y": 200
          },
          {
            "x": 320,
            "y": 200
          },
          {
            "x": 319.0,
            "y": 199
          },
          {
            "x": 311,
            "y": 199
          },
          {
            "x": 310.0,
            "y": 200
          },
          {
            "x": 307.0,
            "y": 200
          },
          {
            "x": 306,
            "y": 201.0
          },
          {
            "x": 298.0,
            "y": 201.0
          },
          {
            "x": 297,
            "y": 202.0
          },
          {
            "x": 286,
            "y": 202.0
          },
          {
            "x": 285,
            "y": 203
          },
          {
            "x": 281.0,
            "y": 203
          },
          {
            "x": 280.0,
            "y": 204
          },
          {
            "x": 273,
            "y": 204
          },
          {
            "x": 272.0,
            "y": 205
          },
          {
            "x": 261.0,
            "y": 205
          },
          {
            "x": 260.0,
            "y": 206.0
          },
          {
            "x": 253.0,
            "y": 206.0
          },
          {
            "x": 252.0,
            "y": 207
          },
          {
            "x": 248,
            "y": 207
          },
          {
            "x": 247,
            "y": 206.0
          },
          {
            "x": 244.0,
            "y": 206.0
          },
          {
            "x": 243,
            "y": 207
          },
          {
            "x": 242,
            "y": 207
          },
          {
            "x": 240.0,
            "y": 209
          },
          {
            "x": 240.0,
            "y": 210
          },
          {
            "x": 239.0,
            "y": 211.0
          },
          {
            "x": 235.0,
            "y": 211.0
          },
          {
            "x": 229,
            "y": 217
          },
          {
            "x": 227,
            "y": 217
          },
          {
            "x": 226,
            "y": 218
          },
          {
            "x": 222,
            "y": 218
          },
          {
            "x": 221.0,
            "y": 217
          },
          {
            "x": 217,
            "y": 217
          },
          {
            "x": 216.0,
            "y": 218
          },
          {
            "x": 213,
            "y": 218
          },
          {
            "x": 212,
            "y": 219
          },
          {
            "x": 207,
            "y": 219
          },
          {
            "x": 206.0,
            "y": 220.0
          },
          {
            "x": 201.0,
            "y": 220.0
          },
          {
            "x": 200,
            "y": 219
          },
          {
            "x": 196,
            "y": 219
          },
          {
            "x": 195,
            "y": 218
          },
          {
            "x": 192.0,
            "y": 218
          },
          {
            "x": 191,
            "y": 217
          },
          {
            "x": 180,
            "y": 217
          },
          {
            "x": 179,
            "y": 216.0
          },
          {
            "x": 177,
            "y": 216.0
          },
          {
            "x": 176,
            "y": 215
          },
          {
            "x": 173,
            "y": 215
          },
          {
            "x": 172,
            "y": 214
          },
          {
            "x": 170,
            "y": 214
          },
          {
            "x": 169,
            "y": 213
          },
          {
            "x": 164,
            "y": 213
          },
          {
            "x": 163,
            "y": 212
          },
          {
            "x": 160,
            "y": 212
          },
          {
            "x": 159,
            "y": 211.0
          },
          {
            "x": 155,
            "y": 211.0
          },
          {
            "x": 154,
            "y": 210
          },
          {
            "x": 153,
            "y": 210
          },
          {
            "x": 152,
            "y": 209
          },
          {
            "x": 150,
            "y": 209
          },
          {
            "x": 149,
            "y": 208
          },
          {
            "x": 146,
            "y": 208
          },
          {
            "x": 145,
            "y": 207
          },
          {
            "x": 144,
            "y": 207
          },
          {
            "x": 143,
            "y": 206.0
          },
          {
            "x": 138,
            "y": 206.0
          },
          {
            "x": 137,
            "y": 205
          },
          {
            "x": 133,
            "y": 205
          },
          {
            "x": 132,
            "y": 204
          },
          {
            "x": 131,
            "y": 204
          },
          {
            "x": 130,
            "y": 205
          },
          {
            "x": 118,
            "y": 205
          },
          {
            "x": 117.0,
            "y": 206.0
          },
          {
            "x": 111,
            "y": 206.0
          },
          {
            "x": 110.0,
            "y": 207
          },
          {
            "x": 109,
            "y": 207
          },
          {
            "x": 108.0,
            "y": 208
          },
          {
            "x": 103.0,
            "y": 208
          },
          {
            "x": 102,
            "y": 209
          },
          {
            "x": 99,
            "y": 209
          },
          {
            "x": 98,
            "y": 210
          },
          {
            "x": 97,
            "y": 210
          },
          {
            "x": 96.0,
            "y": 211.0
          },
          {
            "x": 94,
            "y": 211.0
          },
          {
            "x": 92,
            "y": 213
          },
          {
            "x": 91.0,
            "y": 213
          },
          {
            "x": 89,
            "y": 215
          },
          {
            "x": 87,
            "y": 215
          },
          {
            "x": 86,
            "y": 216.0
          },
          {
            "x": 85,
            "y": 216.0
          },
          {
            "x": 84,
            "y": 217
          },
          {
            "x": 83,
            "y": 217
          },
          {
            "x": 76,
            "y": 224
          },
          {
            "x": 76,
            "y": 225.0
          },
          {
            "x": 74,
            "y": 227
          },
          {
            "x": 74,
            "y": 228
          },
          {
            "x": 73,
            "y": 229
          },
          {
            "x": 73,
            "y": 230.0
          },
          {
            "x": 72,
            "y": 231
          },
          {
            "x": 72,
            "y": 234.0
          },
          {
            "x": 69,
            "y": 237
          },
          {
            "x": 69,
            "y": 238
          },
          {
            "x": 68,
            "y": 239.0
          },
          {
            "x": 67,
            "y": 239.0
          },
          {
            "x": 67,
            "y": 240.0
          },
          {
            "x": 65,
            "y": 242
          },
          {
            "x": 65,
            "y": 244.0
          },
          {
            "x": 64,
            "y": 245
          },
          {
            "x": 64,
            "y": 246
          },
          {
            "x": 63,
            "y": 247
          },
          {
            "x": 63,
            "y": 249.0
          },
          {
            "x": 61.0,
            "y": 251
          },
          {
            "x": 61.0,
            "y": 252
          },
          {
            "x": 60.0,
            "y": 253.0
          },
          {
            "x": 59,
            "y": 253.0
          },
          {
            "x": 59,
            "y": 254.0
          },
          {
            "x": 58,
            "y": 255
          },
          {
            "x": 57,
            "y": 255
          },
          {
            "x": 54.0,
            "y": 258
          },
          {
            "x": 54.0,
            "y": 259
          },
          {
            "x": 53,
            "y": 260
          },
          {
            "x": 53,
            "y": 261
          },
          {
            "x": 52,
            "y": 262
          },
          {
            "x": 52,
            "y": 263
          },
          {
            "x": 51,
            "y": 264
          },
          {
            "x": 51,
            "y": 265
          },
          {
            "x": 50,
            "y": 266
          },
          {
            "x": 50,
            "y": 268
          },
          {
            "x": 49,
            "y": 269
          },
          {
            "x": 49,
            "y": 270
          },
          {
            "x": 47,
            "y": 272
          },
          {
            "x": 47,
            "y": 274
          },
          {
            "x": 45,
            "y": 276
          },
          {
            "x": 45,
            "y": 278
          },
          {
            "x": 43,
            "y": 280
          },
          {
            "x": 43,
            "y": 281
          },
          {
            "x": 41,
            "y": 283
          },
          {
            "x": 41,
            "y": 284
          },
          {
            "x": 36,
            "y": 289
          },
          {
            "x": 35,
            "y": 289
          },
          {
            "x": 33,
            "y": 291
          },
          {
            "x": 32,
            "y": 291
          },
          {
            "x": 31,
            "y": 292
          },
          {
            "x": 30.0,
            "y": 292
          },
          {
            "x": 29,
            "y": 293
          },
          {
            "x": 25,
            "y": 293
          },
          {
            "x": 23,
            "y": 295
          },
          {
            "x": 22,
            "y": 295
          },
          {
            "x": 21.0,
            "y": 296
          },
          {
            "x": 20,
            "y": 296
          },
          {
            "x": 20,
            "y": 298
          },
          {
            "x": 19,
            "y": 299
          },
          {
            "x": 19,
            "y": 302
          },
          {
            "x": 18.0,
            "y": 303
          },
          {
            "x": 18.0,
            "y": 306
          },
          {
            "x": 17.0,
            "y": 307
          },
          {
            "x": 14.0,
            "y": 307
          },
          {
            "x": 13,
            "y": 308
          },
          {
            "x": 12.0,
            "y": 308
          },
          {
            "x": 11.0,
            "y": 309
          },
          {
            "x": 10.0,
            "y": 309
          },
          {
            "x": 10.0,
            "y": 310
          },
          {
            "x": 9.0,
            "y": 311
          },
          {
            "x": 9.0,
            "y": 314
          },
          {
            "x": 8.0,
            "y": 315
          },
          {
            "x": 8.0,
            "y": 316
          },
          {
            "x": 7.0,
            "y": 317
          },
          {
            "x": 7.0,
            "y": 328
          },
          {
            "x": 13,
            "y": 328
          },
          {
            "x": 13,
            "y": 327
          },
          {
            "x": 14.0,
            "y": 326
          },
          {
            "x": 14.0,
            "y": 323
          },
          {
            "x": 13,
            "y": 322
          },
          {
            "x": 13,
            "y": 318
          },
          {
            "x": 14.0,
            "y": 317
          },
          {
            "x": 17.0,
            "y": 317
          },
          {
            "x": 18.0,
            "y": 316
          },
          {
            "x": 19,
            "y": 316
          },
          {
            "x": 20,
            "y": 317
          },
          {
            "x": 23,
            "y": 317
          },
          {
            "x": 25,
            "y": 315
          },
          {
            "x": 27.0,
            "y": 315
          },
          {
            "x": 29,
            "y": 313
          },
          {
            "x": 30.0,
            "y": 313
          },
          {
            "x": 31,
            "y": 312
          },
          {
            "x": 31,
            "y": 311
          },
          {
            "x": 32,
            "y": 310
          },
          {
            "x": 33,
            "y": 310
          },
          {
            "x": 34,
            "y": 309
          },
          {
            "x": 35,
            "y": 309
          },
          {
            "x": 36,
            "y": 308
          },
          {
            "x": 37,
            "y": 308
          },
          {
            "x": 37,
            "y": 307
          },
          {
            "x": 38,
            "y": 306
          },
          {
            "x": 40,
            "y": 306
          },
          {
            "x": 40,
            "y": 305
          },
          {
            "x": 41,
            "y": 304
          },
          {
            "x": 44,
            "y": 304
          },
          {
            "x": 44,
            "y": 303
          },
          {
            "x": 46,
            "y": 301
          },
          {
            "x": 46,
            "y": 300
          },
          {
            "x": 49,
            "y": 297
          },
          {
            "x": 49,
            "y": 296
          },
          {
            "x": 51,
            "y": 294
          },
          {
            "x": 51,
            "y": 293
          },
          {
            "x": 53,
            "y": 291
          },
          {
            "x": 53,
            "y": 290
          },
          {
            "x": 58,
            "y": 285
          },
          {
            "x": 58,
            "y": 282
          },
          {
            "x": 59,
            "y": 281
          },
          {
            "x": 59,
            "y": 276
          },
          {
            "x": 60.0,
            "y": 275
          },
          {
            "x": 60.0,
            "y": 269
          },
          {
            "x": 62,
            "y": 267
          },
          {
            "x": 62,
            "y": 264
          },
          {
            "x": 64,
            "y": 262
          },
          {
            "x": 64,
            "y": 260
          },
          {
            "x": 66,
            "y": 258
          },
          {
            "x": 66,
            "y": 257
          },
          {
            "x": 71,
            "y": 252
          },
          {
            "x": 71,
            "y": 249.0
          },
          {
            "x": 72,
            "y": 248
          },
          {
            "x": 73,
            "y": 248
          },
          {
            "x": 73,
            "y": 247
          },
          {
            "x": 74,
            "y": 246
          },
          {
            "x": 77,
            "y": 249.0
          },
          {
            "x": 76,
            "y": 250
          },
          {
            "x": 76,
            "y": 252
          },
          {
            "x": 75,
            "y": 253.0
          },
          {
            "x": 75,
            "y": 259
          },
          {
            "x": 76,
            "y": 260
          },
          {
            "x": 76,
            "y": 268
          },
          {
            "x": 77,
            "y": 269
          },
          {
            "x": 77,
            "y": 270
          },
          {
            "x": 78,
            "y": 271
          },
          {
            "x": 78,
            "y": 272
          },
          {
            "x": 79,
            "y": 273
          },
          {
            "x": 79,
            "y": 278
          },
          {
            "x": 80,
            "y": 279
          },
          {
            "x": 80,
            "y": 281
          },
          {
            "x": 81,
            "y": 282
          },
          {
            "x": 81,
            "y": 295
          },
          {
            "x": 80,
            "y": 296
          },
          {
            "x": 80,
            "y": 298
          },
          {
            "x": 79,
            "y": 299
          },
          {
            "x": 79,
            "y": 301
          },
          {
            "x": 78,
            "y": 302
          },
          {
            "x": 78,
            "y": 303
          },
          {
            "x": 76,
            "y": 305
          },
          {
            "x": 76,
            "y": 306
          },
          {
            "x": 75,
            "y": 307
          },
          {
            "x": 75,
            "y": 308
          },
          {
            "x": 74,
            "y": 309
          },
          {
            "x": 74,
            "y": 310
          },
          {
            "x": 72,
            "y": 312
          },
          {
            "x": 72,
            "y": 314
          },
          {
            "x": 70,
            "y": 316
          },
          {
            "x": 70,
            "y": 318
          },
          {
            "x": 67,
            "y": 321
          },
          {
            "x": 67,
            "y": 322
          },
          {
            "x": 66,
            "y": 323
          },
          {
            "x": 66,
            "y": 324
          },
          {
            "x": 63,
            "y": 327
          },
          {
            "x": 63,
            "y": 329
          },
          {
            "x": 61.0,
            "y": 331
          },
          {
            "x": 61.0,
            "y": 335
          },
          {
            "x": 60.0,
            "y": 336
          },
          {
            "x": 60.0,
            "y": 340
          },
          {
            "x": 59,
            "y": 341
          },
          {
            "x": 59,
            "y": 348
          },
          {
            "x": 58,
            "y": 349
          },
          {
            "x": 58,
            "y": 350
          },
          {
            "x": 57,
            "y": 351
          },
          {
            "x": 57,
            "y": 353
          },
          {
            "x": 56,
            "y": 354
          },
          {
            "x": 56,
            "y": 357
          },
          {
            "x": 55.0,
            "y": 358
          },
          {
            "x": 55.0,
            "y": 360
          },
          {
            "x": 54.0,
            "y": 361
          },
          {
            "x": 54.0,
            "y": 366.0
          },
          {
            "x": 56,
            "y": 368
          },
          {
            "x": 61.0,
            "y": 368
          },
          {
            "x": 62,
            "y": 367
          },
          {
            "x": 63,
            "y": 367
          },
          {
            "x": 64,
            "y": 366.0
          },
          {
            "x": 65,
            "y": 366.0
          },
          {
            "x": 66,
            "y": 365.0
          },
          {
            "x": 66,
            "y": 363
          },
          {
            "x": 69,
            "y": 360
          },
          {
            "x": 69,
            "y": 358
          },
          {
            "x": 72,
            "y": 355
          },
          {
            "x": 72,
            "y": 354
          },
          {
            "x": 73,
            "y": 353
          },
          {
            "x": 73,
            "y": 350
          },
          {
            "x": 74,
            "y": 349
          },
          {
            "x": 74,
            "y": 348
          },
          {
            "x": 75,
            "y": 347
          },
          {
            "x": 75,
            "y": 346
          },
          {
            "x": 78,
            "y": 343
          },
          {
            "x": 78,
            "y": 342
          },
          {
            "x": 79,
            "y": 341
          },
          {
            "x": 79,
            "y": 340
          },
          {
            "x": 80,
            "y": 339
          },
          {
            "x": 80,
            "y": 338
          },
          {
            "x": 81,
            "y": 337
          },
          {
            "x": 81,
            "y": 336
          },
          {
            "x": 82,
            "y": 335
          },
          {
            "x": 82,
            "y": 334
          },
          {
            "x": 84,
            "y": 332
          },
          {
            "x": 84,
            "y": 331
          },
          {
            "x": 85,
            "y": 330
          },
          {
            "x": 85,
            "y": 329
          },
          {
            "x": 86,
            "y": 328
          },
          {
            "x": 87,
            "y": 328
          },
          {
            "x": 87,
            "y": 327
          },
          {
            "x": 88,
            "y": 326
          },
          {
            "x": 88,
            "y": 325
          },
          {
            "x": 89,
            "y": 324
          },
          {
            "x": 89,
            "y": 323
          },
          {
            "x": 90,
            "y": 322
          },
          {
            "x": 90,
            "y": 321
          },
          {
            "x": 94,
            "y": 317
          },
          {
            "x": 95,
            "y": 318
          },
          {
            "x": 96.0,
            "y": 318
          },
          {
            "x": 97,
            "y": 319
          },
          {
            "x": 97,
            "y": 326
          },
          {
            "x": 96.0,
            "y": 327
          },
          {
            "x": 96.0,
            "y": 328
          },
          {
            "x": 95,
            "y": 329
          },
          {
            "x": 95,
            "y": 330
          },
          {
            "x": 96.0,
            "y": 331
          },
          {
            "x": 96.0,
            "y": 333
          },
          {
            "x": 99,
            "y": 336
          },
          {
            "x": 99,
            "y": 337
          },
          {
            "x": 100,
            "y": 337
          },
          {
            "x": 101.0,
            "y": 338
          },
          {
            "x": 101.0,
            "y": 339
          },
          {
            "x": 104,
            "y": 342
          },
          {
            "x": 105,
            "y": 342
          },
          {
            "x": 108.0,
            "y": 345
          },
          {
            "x": 108.0,
            "y": 346
          },
          {
            "x": 109,
            "y": 347
          },
          {
            "x": 109,
            "y": 348
          },
          {
            "x": 110.0,
            "y": 349
          },
          {
            "x": 110.0,
            "y": 352
          },
          {
            "x": 114,
            "y": 356
          },
          {
            "x": 114,
            "y": 357
          },
          {
            "x": 115.0,
            "y": 357
          },
          {
            "x": 117.0,
            "y": 359
          },
          {
            "x": 117.0,
            "y": 360
          },
          {
            "x": 119,
            "y": 362
          },
          {
            "x": 119,
            "y": 363
          },
          {
            "x": 121,
            "y": 365.0
          },
          {
            "x": 121,
            "y": 366.0
          },
          {
            "x": 122.0,
            "y": 366.0
          },
          {
            "x": 123,
            "y": 367
          },
          {
            "x": 123,
            "y": 368
          },
          {
            "x": 124,
            "y": 369
          },
          {
            "x": 125,
            "y": 369
          },
          {
            "x": 128,
            "y": 372
          },
          {
            "x": 128,
            "y": 373
          },
          {
            "x": 130,
            "y": 375.0
          },
          {
            "x": 130,
            "y": 376
          },
          {
            "x": 131,
            "y": 377
          },
          {
            "x": 138,
            "y": 377
          },
          {
            "x": 138,
            "y": 372
          },
          {
            "x": 137,
            "y": 371
          },
          {
            "x": 137,
            "y": 370
          },
          {
            "x": 136,
            "y": 369
          },
          {
            "x": 136,
            "y": 368
          },
          {
            "x": 133,
            "y": 365.0
          },
          {
            "x": 132,
            "y": 365.0
          },
          {
            "x": 129,
            "y": 362
          },
          {
            "x": 129,
            "y": 361
          },
          {
            "x": 128,
            "y": 361
          },
          {
            "x": 127.0,
            "y": 360
          },
          {
            "x": 127.0,
            "y": 357
          },
          {
            "x": 126,
            "y": 356
          },
          {
            "x": 126,
            "y": 355
          },
          {
            "x": 125,
            "y": 354
          },
          {
            "x": 125,
            "y": 353
          },
          {
            "x": 122.0,
            "y": 350
          },
          {
            "x": 122.0,
            "y": 347
          },
          {
            "x": 120.0,
            "y": 345
          },
          {
            "x": 120.0,
            "y": 344
          },
          {
            "x": 118,
            "y": 342
          },
          {
            "x": 118,
            "y": 340
          },
          {
            "x": 117.0,
            "y": 339
          },
          {
            "x": 117.0,
            "y": 338
          },
          {
            "x": 116,
            "y": 337
          },
          {
            "x": 116,
            "y": 335
          },
          {
            "x": 115.0,
            "y": 334
          },
          {
            "x": 115.0,
            "y": 333
          },
          {
            "x": 116,
            "y": 332
          },
          {
            "x": 116,
            "y": 323
          },
          {
            "x": 117.0,
            "y": 322
          },
          {
            "x": 117.0,
            "y": 321
          },
          {
            "x": 118,
            "y": 320
          },
          {
            "x": 118,
            "y": 318
          },
          {
            "x": 120.0,
            "y": 316
          },
          {
            "x": 120.0,
            "y": 312
          },
          {
            "x": 121,
            "y": 311
          },
          {
            "x": 121,
            "y": 309
          },
          {
            "x": 122.0,
            "y": 308
          },
          {
            "x": 122.0,
            "y": 305
          },
          {
            "x": 124,
            "y": 303
          },
          {
            "x": 124,
            "y": 302
          },
          {
            "x": 125,
            "y": 301
          },
          {
            "x": 125,
            "y": 300
          },
          {
            "x": 126,
            "y": 299
          },
          {
            "x": 126,
            "y": 298
          },
          {
            "x": 127.0,
            "y": 297
          },
          {
            "x": 127.0,
            "y": 296
          },
          {
            "x": 128,
            "y": 295
          },
          {
            "x": 128,
            "y": 294
          },
          {
            "x": 129,
            "y": 293
          },
          {
            "x": 130,
            "y": 294
          },
          {
            "x": 131,
            "y": 294
          },
          {
            "x": 134,
            "y": 297
          },
          {
            "x": 135,
            "y": 297
          },
          {
            "x": 137,
            "y": 299
          },
          {
            "x": 138,
            "y": 299
          },
          {
            "x": 140,
            "y": 301
          },
          {
            "x": 141,
            "y": 301
          },
          {
            "x": 142,
            "y": 302
          },
          {
            "x": 143,
            "y": 302
          },
          {
            "x": 144,
            "y": 303
          },
          {
            "x": 144,
            "y": 304
          },
          {
            "x": 146,
            "y": 304
          },
          {
            "x": 147,
            "y": 305
          },
          {
            "x": 148,
            "y": 305
          },
          {
            "x": 149,
            "y": 306
          },
          {
            "x": 153,
            "y": 306
          },
          {
            "x": 155,
            "y": 308
          },
          {
            "x": 158,
            "y": 308
          },
          {
            "x": 159,
            "y": 309
          },
          {
            "x": 161,
            "y": 309
          },
          {
            "x": 162,
            "y": 310
          },
          {
            "x": 173,
            "y": 310
          },
          {
            "x": 174,
            "y": 311
          },
          {
            "x": 179,
            "y": 311
          },
          {
            "x": 180,
            "y": 310
          },
          {
            "x": 192.0,
            "y": 310
          },
          {
            "x": 193,
            "y": 309
          },
          {
            "x": 194,
            "y": 309
          },
          {
            "x": 195,
            "y": 308
          },
          {
            "x": 199,
            "y": 308
          },
          {
            "x": 200,
            "y": 307
          },
          {
            "x": 202.0,
            "y": 307
          },
          {
            "x": 203,
            "y": 308
          },
          {
            "x": 205,
            "y": 308
          },
          {
            "x": 206.0,
            "y": 309
          },
          {
            "x": 206.0,
            "y": 313
          },
          {
            "x": 207,
            "y": 314
          },
          {
            "x": 207,
            "y": 317
          },
          {
            "x": 208,
            "y": 318
          },
          {
            "x": 208,
            "y": 319
          },
          {
            "x": 209,
            "y": 320
          },
          {
            "x": 209,
            "y": 323
          },
          {
            "x": 210,
            "y": 324
          },
          {
            "x": 210,
            "y": 326
          },
          {
            "x": 211.0,
            "y": 327
          },
          {
            "x": 211.0,
            "y": 329
          },
          {
            "x": 212,
            "y": 330
          },
          {
            "x": 212,
            "y": 331
          },
          {
            "x": 213,
            "y": 332
          },
          {
            "x": 213,
            "y": 335
          },
          {
            "x": 214,
            "y": 336
          },
          {
            "x": 214,
            "y": 337
          },
          {
            "x": 215,
            "y": 338
          },
          {
            "x": 215,
            "y": 340
          },
          {
            "x": 216.0,
            "y": 341
          },
          {
            "x": 216.0,
            "y": 344
          },
          {
            "x": 217,
            "y": 345
          },
          {
            "x": 217,
            "y": 352
          },
          {
            "x": 216.0,
            "y": 353
          },
          {
            "x": 216.0,
            "y": 355
          },
          {
            "x": 215,
            "y": 356
          },
          {
            "x": 215,
            "y": 358
          },
          {
            "x": 214,
            "y": 359
          },
          {
            "x": 214,
            "y": 360
          },
          {
            "x": 211.0,
            "y": 363
          },
          {
            "x": 211.0,
            "y": 364.0
          },
          {
            "x": 209,
            "y": 366.0
          },
          {
            "x": 209,
            "y": 367
          },
          {
            "x": 208,
            "y": 368
          },
          {
            "x": 208,
            "y": 369
          },
          {
            "x": 207,
            "y": 370
          },
          {
            "x": 206.0,
            "y": 370
          },
          {
            "x": 206.0,
            "y": 371
          },
          {
            "x": 205,
            "y": 372
          },
          {
            "x": 204,
            "y": 372
          },
          {
            "x": 200,
            "y": 376
          },
          {
            "x": 200,
            "y": 377
          },
          {
            "x": 199,
            "y": 378
          },
          {
            "x": 198,
            "y": 378
          },
          {
            "x": 198,
            "y": 380
          },
          {
            "x": 197.0,
            "y": 381
          },
          {
            "x": 197.0,
            "y": 382
          },
          {
            "x": 198,
            "y": 383.0
          },
          {
            "x": 199,
            "y": 383.0
          },
          {
            "x": 200,
            "y": 384.0
          },
          {
            "x": 202.0,
            "y": 384.0
          },
          {
            "x": 204,
            "y": 382
          },
          {
            "x": 205,
            "y": 382
          },
          {
            "x": 206.0,
            "y": 381
          },
          {
            "x": 207,
            "y": 381
          },
          {
            "x": 212,
            "y": 376
          },
          {
            "x": 212,
            "y": 375.0
          },
          {
            "x": 216.0,
            "y": 371
          },
          {
            "x": 217,
            "y": 371
          },
          {
            "x": 218,
            "y": 370
          },
          {
            "x": 219,
            "y": 370
          },
          {
            "x": 226,
            "y": 363
          },
          {
            "x": 226,
            "y": 362
          },
          {
            "x": 228,
            "y": 360
          },
          {
            "x": 228,
            "y": 358
          },
          {
            "x": 229,
            "y": 357
          },
          {
            "x": 230.0,
            "y": 357
          },
          {
            "x": 230.0,
            "y": 355
          },
          {
            "x": 231,
            "y": 354
          },
          {
            "x": 233,
            "y": 356
          },
          {
            "x": 233,
            "y": 360
          },
          {
            "x": 234.0,
            "y": 361
          },
          {
            "x": 234.0,
            "y": 363
          },
          {
            "x": 235.0,
            "y": 364.0
          },
          {
            "x": 235.0,
            "y": 375.0
          },
          {
            "x": 236,
            "y": 376
          },
          {
            "x": 236,
            "y": 379
          },
          {
            "x": 237,
            "y": 380
          },
          {
            "x": 237,
            "y": 382
          },
          {
            "x": 238,
            "y": 383.0
          },
          {
            "x": 238,
            "y": 387
          },
          {
            "x": 239.0,
            "y": 388
          },
          {
            "x": 239.0,
            "y": 389
          },
          {
            "x": 240.0,
            "y": 390
          },
          {
            "x": 240.0,
            "y": 391
          },
          {
            "x": 241,
            "y": 391
          },
          {
            "x": 242,
            "y": 392
          },
          {
            "x": 243,
            "y": 392
          },
          {
            "x": 245,
            "y": 390
          },
          {
            "x": 245,
            "y": 383.0
          },
          {
            "x": 244.0,
            "y": 382
          },
          {
            "x": 244.0,
            "y": 374.0
          },
          {
            "x": 245,
            "y": 373
          },
          {
            "x": 245,
            "y": 360
          },
          {
            "x": 246,
            "y": 359
          },
          {
            "x": 246,
            "y": 349
          },
          {
            "x": 247,
            "y": 348
          },
          {
            "x": 247,
            "y": 341
          },
          {
            "x": 246,
            "y": 340
          },
          {
            "x": 246,
            "y": 327
          },
          {
            "x": 247,
            "y": 326
          },
          {
            "x": 247,
            "y": 323
          },
          {
            "x": 248,
            "y": 322
          },
          {
            "x": 248,
            "y": 315
          },
          {
            "x": 249.0,
            "y": 314
          },
          {
            "x": 249.0,
            "y": 311
          },
          {
            "x": 250.0,
            "y": 310
          },
          {
            "x": 250.0,
            "y": 307
          },
          {
            "x": 251.0,
            "y": 306
          },
          {
            "x": 251.0,
            "y": 305
          },
          {
            "x": 252.0,
            "y": 304
          },
          {
            "x": 252.0,
            "y": 303
          },
          {
            "x": 254.0,
            "y": 301
          },
          {
            "x": 254.0,
            "y": 300
          },
          {
            "x": 255,
            "y": 299
          },
          {
            "x": 255,
            "y": 298
          },
          {
            "x": 257,
            "y": 296
          },
          {
            "x": 257,
            "y": 294
          },
          {
            "x": 259,
            "y": 292
          },
          {
            "x": 259,
            "y": 291
          },
          {
            "x": 260.0,
            "y": 290
          },
          {
            "x": 260.0,
            "y": 289
          },
          {
            "x": 261.0,
            "y": 288
          },
          {
            "x": 261.0,
            "y": 287
          },
          {
            "x": 262.0,
            "y": 286
          },
          {
            "x": 263.0,
            "y": 286
          },
          {
            "x": 263.0,
            "y": 284
          },
          {
            "x": 264,
            "y": 283
          },
          {
            "x": 265,
            "y": 283
          },
          {
            "x": 267,
            "y": 281
          },
          {
            "x": 268,
            "y": 281
          },
          {
            "x": 269.0,
            "y": 280
          },
          {
            "x": 270.0,
            "y": 280
          },
          {
            "x": 271.0,
            "y": 279
          },
          {
            "x": 274,
            "y": 279
          },
          {
            "x": 276,
            "y": 277
          },
          {
            "x": 278,
            "y": 277
          },
          {
            "x": 280.0,
            "y": 275
          },
          {
            "x": 281.0,
            "y": 275
          },
          {
            "x": 282.0,
            "y": 274
          },
          {
            "x": 284,
            "y": 274
          },
          {
            "x": 286,
            "y": 272
          },
          {
            "x": 288.0,
            "y": 272
          },
          {
            "x": 288.0,
            "y": 271
          },
          {
            "x": 289.0,
            "y": 270
          },
          {
            "x": 292,
            "y": 270
          },
          {
            "x": 294,
            "y": 268
          },
          {
            "x": 299.0,
            "y": 268
          },
          {
            "x": 300.0,
            "y": 267
          },
          {
            "x": 305,
            "y": 267
          },
          {
            "x": 306,
            "y": 268
          },
          {
            "x": 308.0,
            "y": 268
          },
          {
            "x": 309.0,
            "y": 269
          },
          {
            "x": 310.0,
            "y": 269
          },
          {
            "x": 311,
            "y": 270
          },
          {
            "x": 312,
            "y": 270
          },
          {
            "x": 314,
            "y": 272
          },
          {
            "x": 315,
            "y": 272
          },
          {
            "x": 316,
            "y": 273
          },
          {
            "x": 316,
            "y": 274
          },
          {
            "x": 317.0,
            "y": 274
          },
          {
            "x": 318.0,
            "y": 275
          },
          {
            "x": 318.0,
            "y": 276
          },
          {
            "x": 321,
            "y": 279
          },
          {
            "x": 322,
            "y": 279
          },
          {
            "x": 323,
            "y": 280
          },
          {
            "x": 323,
            "y": 282
          },
          {
            "x": 325,
            "y": 284
          },
          {
            "x": 325,
            "y": 286
          },
          {
            "x": 326.0,
            "y": 287
          },
          {
            "x": 326.0,
            "y": 288
          },
          {
            "x": 329.0,
            "y": 291
          },
          {
            "x": 330,
            "y": 291
          },
          {
            "x": 331,
            "y": 292
          },
          {
            "x": 332,
            "y": 292
          },
          {
            "x": 334,
            "y": 294
          },
          {
            "x": 334,
            "y": 295
          },
          {
            "x": 335,
            "y": 295
          },
          {
            "x": 336.0,
            "y": 296
          },
          {
            "x": 336.0,
            "y": 298
          },
          {
            "x": 337.0,
            "y": 299
          },
          {
            "x": 338.0,
            "y": 299
          },
          {
            "x": 339,
            "y": 300
          },
          {
            "x": 340,
            "y": 300
          },
          {
            "x": 341,
            "y": 299
          },
          {
            "x": 349,
            "y": 299
          },
          {
            "x": 350,
            "y": 298
          },
          {
            "x": 351,
            "y": 298
          },
          {
            "x": 354,
            "y": 295
          },
          {
            "x": 354,
            "y": 293
          },
          {
            "x": 355.0,
            "y": 292
          },
          {
            "x": 355.0,
            "y": 291
          },
          {
            "x": 354,
            "y": 290
          },
          {
            "x": 354,
            "y": 287
          },
          {
            "x": 353,
            "y": 286
          },
          {
            "x": 353,
            "y": 280
          },
          {
            "x": 352,
            "y": 279
          },
          {
            "x": 352,
            "y": 277
          },
          {
            "x": 351,
            "y": 276
          },
          {
            "x": 351,
            "y": 271
          },
          {
            "x": 350,
            "y": 270
          },
          {
            "x": 350,
            "y": 267
          },
          {
            "x": 349,
            "y": 266
          },
          {
            "x": 349,
            "y": 260
          },
          {
            "x": 348.0,
            "y": 259
          },
          {
            "x": 348.0,
            "y": 258
          },
          {
            "x": 347.0,
            "y": 257
          },
          {
            "x": 347.0,
            "y": 255
          },
          {
            "x": 346.0,
            "y": 254.0
          },
          {
            "x": 346.0,
            "y": 246
          },
          {
            "x": 345.0,
            "y": 245
          },
          {
            "x": 345.0,
            "y": 243
          },
          {
            "x": 344,
            "y": 242
          },
          {
            "x": 344,
            "y": 238
          },
          {
            "x": 343,
            "y": 237
          },
          {
            "x": 343,
            "y": 231
          },
          {
            "x": 344,
            "y": 230.0
          },
          {
            "x": 344,
            "y": 228
          },
          {
            "x": 346.0,
            "y": 226
          }
        ]
      }
    },
    {
      "annotator": {
        "email": "begimbaeva.s95@gmail.com",
        "full_name": "Saltanat Begimbaeva"
      },
      "name": "Animal",
      "polygon": {
        "path": [
          {
            "x": 369,
            "y": 192
          },
          {
            "x": 369,
            "y": 195
          },
          {
            "x": 368,
            "y": 196.0
          },
          {
            "x": 368,
            "y": 200
          },
          {
            "x": 367,
            "y": 201
          },
          {
            "x": 367,
            "y": 207
          },
          {
            "x": 366,
            "y": 208.0
          },
          {
            "x": 366,
            "y": 213.0
          },
          {
            "x": 365,
            "y": 214
          },
          {
            "x": 365,
            "y": 215
          },
          {
            "x": 364,
            "y": 216
          },
          {
            "x": 364,
            "y": 222
          },
          {
            "x": 363,
            "y": 223.0
          },
          {
            "x": 363,
            "y": 228.0
          },
          {
            "x": 364,
            "y": 229
          },
          {
            "x": 364,
            "y": 237
          },
          {
            "x": 363,
            "y": 238
          },
          {
            "x": 363,
            "y": 243
          },
          {
            "x": 362,
            "y": 244
          },
          {
            "x": 362,
            "y": 248
          },
          {
            "x": 361,
            "y": 249
          },
          {
            "x": 361,
            "y": 252.0
          },
          {
            "x": 360,
            "y": 253
          },
          {
            "x": 360,
            "y": 264
          },
          {
            "x": 358,
            "y": 266
          },
          {
            "x": 358,
            "y": 278
          },
          {
            "x": 359,
            "y": 279
          },
          {
            "x": 359,
            "y": 280
          },
          {
            "x": 360,
            "y": 281
          },
          {
            "x": 360,
            "y": 282
          },
          {
            "x": 361,
            "y": 283
          },
          {
            "x": 361,
            "y": 294
          },
          {
            "x": 362,
            "y": 295
          },
          {
            "x": 362,
            "y": 297
          },
          {
            "x": 364,
            "y": 299
          },
          {
            "x": 365,
            "y": 299
          },
          {
            "x": 366,
            "y": 300
          },
          {
            "x": 366,
            "y": 301
          },
          {
            "x": 367,
            "y": 302
          },
          {
            "x": 367,
            "y": 303
          },
          {
            "x": 368,
            "y": 304
          },
          {
            "x": 369,
            "y": 304
          },
          {
            "x": 370,
            "y": 305
          },
          {
            "x": 371.0,
            "y": 305
          },
          {
            "x": 373,
            "y": 307
          },
          {
            "x": 378,
            "y": 307
          },
          {
            "x": 379,
            "y": 306
          },
          {
            "x": 379,
            "y": 293
          },
          {
            "x": 380,
            "y": 292
          },
          {
            "x": 380,
            "y": 284
          },
          {
            "x": 379,
            "y": 283
          },
          {
            "x": 379,
            "y": 273
          },
          {
            "x": 380,
            "y": 272
          },
          {
            "x": 380,
            "y": 266
          },
          {
            "x": 381.0,
            "y": 265
          },
          {
            "x": 381.0,
            "y": 261
          },
          {
            "x": 380,
            "y": 260
          },
          {
            "x": 380,
            "y": 258
          },
          {
            "x": 379,
            "y": 257
          },
          {
            "x": 379,
            "y": 253
          },
          {
            "x": 378,
            "y": 252.0
          },
          {
            "x": 378,
            "y": 246
          },
          {
            "x": 377.0,
            "y": 245.0
          },
          {
            "x": 377.0,
            "y": 237
          },
          {
            "x": 376.0,
            "y": 236
          },
          {
            "x": 376.0,
            "y": 232
          },
          {
            "x": 374,
            "y": 230.0
          },
          {
            "x": 374,
            "y": 225.0
          },
          {
            "x": 376.0,
            "y": 223.0
          },
          {
            "x": 377.0,
            "y": 223.0
          },
          {
            "x": 381.0,
            "y": 227
          },
          {
            "x": 381.0,
            "y": 228.0
          },
          {
            "x": 385,
            "y": 232
          },
          {
            "x": 385,
            "y": 233
          },
          {
            "x": 386.0,
            "y": 234
          },
          {
            "x": 386.0,
            "y": 235.0
          },
          {
            "x": 387.0,
            "y": 236
          },
          {
            "x": 387.0,
            "y": 237
          },
          {
            "x": 389,
            "y": 239
          },
          {
            "x": 389,
            "y": 240.0
          },
          {
            "x": 390,
            "y": 241
          },
          {
            "x": 390,
            "y": 242
          },
          {
            "x": 391.0,
            "y": 243
          },
          {
            "x": 391.0,
            "y": 244
          },
          {
            "x": 392.0,
            "y": 245.0
          },
          {
            "x": 392.0,
            "y": 246
          },
          {
            "x": 394,
            "y": 248
          },
          {
            "x": 394,
            "y": 249
          },
          {
            "x": 395,
            "y": 250.0
          },
          {
            "x": 395,
            "y": 254
          },
          {
            "x": 396.0,
            "y": 255.0
          },
          {
            "x": 396.0,
            "y": 259
          },
          {
            "x": 395,
            "y": 260
          },
          {
            "x": 395,
            "y": 264
          },
          {
            "x": 394,
            "y": 265
          },
          {
            "x": 394,
            "y": 266
          },
          {
            "x": 393,
            "y": 267
          },
          {
            "x": 393,
            "y": 270
          },
          {
            "x": 392.0,
            "y": 271
          },
          {
            "x": 392.0,
            "y": 274
          },
          {
            "x": 391.0,
            "y": 275
          },
          {
            "x": 391.0,
            "y": 277
          },
          {
            "x": 390,
            "y": 278
          },
          {
            "x": 390,
            "y": 283
          },
          {
            "x": 389,
            "y": 284
          },
          {
            "x": 389,
            "y": 288
          },
          {
            "x": 390,
            "y": 289
          },
          {
            "x": 390,
            "y": 291
          },
          {
            "x": 391.0,
            "y": 292
          },
          {
            "x": 391.0,
            "y": 294
          },
          {
            "x": 392.0,
            "y": 295
          },
          {
            "x": 392.0,
            "y": 303
          },
          {
            "x": 393,
            "y": 304
          },
          {
            "x": 393,
            "y": 306
          },
          {
            "x": 394,
            "y": 307
          },
          {
            "x": 394,
            "y": 311
          },
          {
            "x": 395,
            "y": 312
          },
          {
            "x": 395,
            "y": 317
          },
          {
            "x": 396.0,
            "y": 318
          },
          {
            "x": 396.0,
            "y": 319
          },
          {
            "x": 397.0,
            "y": 320
          },
          {
            "x": 397.0,
            "y": 321
          },
          {
            "x": 398,
            "y": 322
          },
          {
            "x": 398,
            "y": 326
          },
          {
            "x": 399,
            "y": 327
          },
          {
            "x": 399,
            "y": 334
          },
          {
            "x": 401.0,
            "y": 336
          },
          {
            "x": 402,
            "y": 336
          },
          {
            "x": 404,
            "y": 338
          },
          {
            "x": 408,
            "y": 338
          },
          {
            "x": 410,
            "y": 336
          },
          {
            "x": 411.0,
            "y": 336
          },
          {
            "x": 414,
            "y": 333
          },
          {
            "x": 414,
            "y": 332
          },
          {
            "x": 415,
            "y": 331
          },
          {
            "x": 415,
            "y": 328
          },
          {
            "x": 416.0,
            "y": 327
          },
          {
            "x": 416.0,
            "y": 325
          },
          {
            "x": 415,
            "y": 324
          },
          {
            "x": 415,
            "y": 323
          },
          {
            "x": 413,
            "y": 323
          },
          {
            "x": 412,
            "y": 322
          },
          {
            "x": 411.0,
            "y": 322
          },
          {
            "x": 409,
            "y": 320
          },
          {
            "x": 409,
            "y": 317
          },
          {
            "x": 408,
            "y": 316
          },
          {
            "x": 408,
            "y": 313
          },
          {
            "x": 407,
            "y": 312
          },
          {
            "x": 407,
            "y": 305
          },
          {
            "x": 406.0,
            "y": 304
          },
          {
            "x": 406.0,
            "y": 301
          },
          {
            "x": 405,
            "y": 300
          },
          {
            "x": 405,
            "y": 299
          },
          {
            "x": 406.0,
            "y": 298
          },
          {
            "x": 406.0,
            "y": 296
          },
          {
            "x": 407,
            "y": 295
          },
          {
            "x": 411.52,
            "y": 308.33
          },
          {
            "x": 418.36,
            "y": 322.74
          },
          {
            "x": 420.22,
            "y": 331.84
          },
          {
            "x": 426.53,
            "y": 333.23
          },
          {
            "x": 436.63,
            "y": 333.56
          },
          {
            "x": 420.03,
            "y": 297.82
          },
          {
            "x": 416.78,
            "y": 289.31
          },
          {
            "x": 415.66,
            "y": 286.19
          },
          {
            "x": 415.39,
            "y": 283.86
          },
          {
            "x": 414.8,
            "y": 279.14
          },
          {
            "x": 414,
            "y": 274
          },
          {
            "x": 416.0,
            "y": 272
          },
          {
            "x": 416.0,
            "y": 271
          },
          {
            "x": 417,
            "y": 270
          },
          {
            "x": 417,
            "y": 264
          },
          {
            "x": 418,
            "y": 263
          },
          {
            "x": 418,
            "y": 261
          },
          {
            "x": 419,
            "y": 260
          },
          {
            "x": 419,
            "y": 258
          },
          {
            "x": 420,
            "y": 257
          },
          {
            "x": 420,
            "y": 255.0
          },
          {
            "x": 421.0,
            "y": 254
          },
          {
            "x": 421.0,
            "y": 253
          },
          {
            "x": 423,
            "y": 251
          },
          {
            "x": 423,
            "y": 249
          },
          {
            "x": 425,
            "y": 247
          },
          {
            "x": 425,
            "y": 246
          },
          {
            "x": 426.0,
            "y": 245.0
          },
          {
            "x": 429,
            "y": 245.0
          },
          {
            "x": 430,
            "y": 246
          },
          {
            "x": 431.0,
            "y": 246
          },
          {
            "x": 433,
            "y": 248
          },
          {
            "x": 434,
            "y": 248
          },
          {
            "x": 437,
            "y": 251
          },
          {
            "x": 438,
            "y": 251
          },
          {
            "x": 439,
            "y": 252.0
          },
          {
            "x": 441.0,
            "y": 252.0
          },
          {
            "x": 442,
            "y": 253
          },
          {
            "x": 445.0,
            "y": 253
          },
          {
            "x": 446.0,
            "y": 254
          },
          {
            "x": 448,
            "y": 254
          },
          {
            "x": 449,
            "y": 255.0
          },
          {
            "x": 452,
            "y": 255.0
          },
          {
            "x": 454,
            "y": 257
          },
          {
            "x": 459,
            "y": 257
          },
          {
            "x": 460.0,
            "y": 258
          },
          {
            "x": 467,
            "y": 258
          },
          {
            "x": 468,
            "y": 257
          },
          {
            "x": 480.0,
            "y": 257
          },
          {
            "x": 481,
            "y": 256
          },
          {
            "x": 487,
            "y": 256
          },
          {
            "x": 488,
            "y": 257
          },
          {
            "x": 488,
            "y": 262
          },
          {
            "x": 487,
            "y": 263
          },
          {
            "x": 487,
            "y": 276
          },
          {
            "x": 486,
            "y": 277
          },
          {
            "x": 486,
            "y": 278
          },
          {
            "x": 485.0,
            "y": 279
          },
          {
            "x": 485.0,
            "y": 280
          },
          {
            "x": 484,
            "y": 281
          },
          {
            "x": 484,
            "y": 283
          },
          {
            "x": 483,
            "y": 284
          },
          {
            "x": 483,
            "y": 286
          },
          {
            "x": 481,
            "y": 288
          },
          {
            "x": 481,
            "y": 289
          },
          {
            "x": 479,
            "y": 291
          },
          {
            "x": 479,
            "y": 292
          },
          {
            "x": 477,
            "y": 294
          },
          {
            "x": 477,
            "y": 295
          },
          {
            "x": 476,
            "y": 296
          },
          {
            "x": 475.0,
            "y": 296
          },
          {
            "x": 470.0,
            "y": 301
          },
          {
            "x": 470.0,
            "y": 302
          },
          {
            "x": 469,
            "y": 303
          },
          {
            "x": 469,
            "y": 304
          },
          {
            "x": 468,
            "y": 305
          },
          {
            "x": 469,
            "y": 306
          },
          {
            "x": 469,
            "y": 307
          },
          {
            "x": 470.0,
            "y": 308
          },
          {
            "x": 470.0,
            "y": 309
          },
          {
            "x": 472,
            "y": 311
          },
          {
            "x": 474,
            "y": 309
          },
          {
            "x": 475.0,
            "y": 309
          },
          {
            "x": 476,
            "y": 308
          },
          {
            "x": 476,
            "y": 307
          },
          {
            "x": 477,
            "y": 306
          },
          {
            "x": 478,
            "y": 306
          },
          {
            "x": 478,
            "y": 305
          },
          {
            "x": 479,
            "y": 304
          },
          {
            "x": 480.0,
            "y": 304
          },
          {
            "x": 480.0,
            "y": 303
          },
          {
            "x": 485.0,
            "y": 298
          },
          {
            "x": 486,
            "y": 298
          },
          {
            "x": 490.0,
            "y": 294
          },
          {
            "x": 491,
            "y": 294
          },
          {
            "x": 494,
            "y": 291
          },
          {
            "x": 494,
            "y": 289
          },
          {
            "x": 496,
            "y": 287
          },
          {
            "x": 496,
            "y": 285
          },
          {
            "x": 498,
            "y": 283
          },
          {
            "x": 498,
            "y": 282
          },
          {
            "x": 499.0,
            "y": 281
          },
          {
            "x": 499.0,
            "y": 280
          },
          {
            "x": 500.0,
            "y": 279
          },
          {
            "x": 500.0,
            "y": 278
          },
          {
            "x": 501,
            "y": 277
          },
          {
            "x": 501,
            "y": 276
          },
          {
            "x": 503,
            "y": 274
          },
          {
            "x": 504.0,
            "y": 274
          },
          {
            "x": 506,
            "y": 272
          },
          {
            "x": 506,
            "y": 271
          },
          {
            "x": 507,
            "y": 270
          },
          {
            "x": 507,
            "y": 268
          },
          {
            "x": 508,
            "y": 267
          },
          {
            "x": 508,
            "y": 266
          },
          {
            "x": 511,
            "y": 263
          },
          {
            "x": 511,
            "y": 262
          },
          {
            "x": 513,
            "y": 260
          },
          {
            "x": 514,
            "y": 260
          },
          {
            "x": 515,
            "y": 259
          },
          {
            "x": 516,
            "y": 259
          },
          {
            "x": 517,
            "y": 260
          },
          {
            "x": 517,
            "y": 264
          },
          {
            "x": 518,
            "y": 265
          },
          {
            "x": 518,
            "y": 291
          },
          {
            "x": 519,
            "y": 292
          },
          {
            "x": 519,
            "y": 293
          },
          {
            "x": 520,
            "y": 294
          },
          {
            "x": 520,
            "y": 297
          },
          {
            "x": 522,
            "y": 297
          },
          {
            "x": 522,
            "y": 296
          },
          {
            "x": 525,
            "y": 293
          },
          {
            "x": 527,
            "y": 293
          },
          {
            "x": 528,
            "y": 292
          },
          {
            "x": 528,
            "y": 290
          },
          {
            "x": 529,
            "y": 289
          },
          {
            "x": 529,
            "y": 288
          },
          {
            "x": 531,
            "y": 286
          },
          {
            "x": 531,
            "y": 285
          },
          {
            "x": 533,
            "y": 283
          },
          {
            "x": 533,
            "y": 281
          },
          {
            "x": 534,
            "y": 280
          },
          {
            "x": 534,
            "y": 278
          },
          {
            "x": 535,
            "y": 277
          },
          {
            "x": 535,
            "y": 276
          },
          {
            "x": 536,
            "y": 275
          },
          {
            "x": 536,
            "y": 273
          },
          {
            "x": 537,
            "y": 272
          },
          {
            "x": 537,
            "y": 271
          },
          {
            "x": 538,
            "y": 270
          },
          {
            "x": 538,
            "y": 266
          },
          {
            "x": 539,
            "y": 265
          },
          {
            "x": 539,
            "y": 262
          },
          {
            "x": 540,
            "y": 261
          },
          {
            "x": 540,
            "y": 260
          },
          {
            "x": 541,
            "y": 259
          },
          {
            "x": 541,
            "y": 257
          },
          {
            "x": 542,
            "y": 256
          },
          {
            "x": 542,
            "y": 255.0
          },
          {
            "x": 543,
            "y": 254
          },
          {
            "x": 544,
            "y": 254
          },
          {
            "x": 545,
            "y": 253
          },
          {
            "x": 546,
            "y": 253
          },
          {
            "x": 548,
            "y": 251
          },
          {
            "x": 549,
            "y": 251
          },
          {
            "x": 551,
            "y": 249
          },
          {
            "x": 558,
            "y": 249
          },
          {
            "x": 560,
            "y": 251
          },
          {
            "x": 561,
            "y": 251
          },
          {
            "x": 564,
            "y": 254
          },
          {
            "x": 565,
            "y": 254
          },
          {
            "x": 566,
            "y": 255.0
          },
          {
            "x": 567,
            "y": 255.0
          },
          {
            "x": 568,
            "y": 256
          },
          {
            "x": 568,
            "y": 257
          },
          {
            "x": 570,
            "y": 259
          },
          {
            "x": 571,
            "y": 259
          },
          {
            "x": 572,
            "y": 260
          },
          {
            "x": 573,
            "y": 260
          },
          {
            "x": 574,
            "y": 261
          },
          {
            "x": 575,
            "y": 261
          },
          {
            "x": 579,
            "y": 265
          },
          {
            "x": 580,
            "y": 265
          },
          {
            "x": 582,
            "y": 267
          },
          {
            "x": 582,
            "y": 268
          },
          {
            "x": 583,
            "y": 269
          },
          {
            "x": 583,
            "y": 270
          },
          {
            "x": 585,
            "y": 272
          },
          {
            "x": 585,
            "y": 277
          },
          {
            "x": 584,
            "y": 278
          },
          {
            "x": 584,
            "y": 285
          },
          {
            "x": 583,
            "y": 286
          },
          {
            "x": 583,
            "y": 293
          },
          {
            "x": 584,
            "y": 294
          },
          {
            "x": 583,
            "y": 295
          },
          {
            "x": 583,
            "y": 297
          },
          {
            "x": 582,
            "y": 298
          },
          {
            "x": 582,
            "y": 300
          },
          {
            "x": 583,
            "y": 301
          },
          {
            "x": 583,
            "y": 302
          },
          {
            "x": 584,
            "y": 303
          },
          {
            "x": 585,
            "y": 303
          },
          {
            "x": 586,
            "y": 304
          },
          {
            "x": 587,
            "y": 304
          },
          {
            "x": 588,
            "y": 303
          },
          {
            "x": 590,
            "y": 303
          },
          {
            "x": 592,
            "y": 301
          },
          {
            "x": 593,
            "y": 301
          },
          {
            "x": 594,
            "y": 300
          },
          {
            "x": 596,
            "y": 300
          },
          {
            "x": 597,
            "y": 299
          },
          {
            "x": 598,
            "y": 299
          },
          {
            "x": 600,
            "y": 297
          },
          {
            "x": 600,
            "y": 296
          },
          {
            "x": 601,
            "y": 295
          },
          {
            "x": 602,
            "y": 295
          },
          {
            "x": 603,
            "y": 294
          },
          {
            "x": 604,
            "y": 295
          },
          {
            "x": 604,
            "y": 296
          },
          {
            "x": 607,
            "y": 299
          },
          {
            "x": 608,
            "y": 298
          },
          {
            "x": 612,
            "y": 298
          },
          {
            "x": 613,
            "y": 297
          },
          {
            "x": 614,
            "y": 297
          },
          {
            "x": 615,
            "y": 298
          },
          {
            "x": 616,
            "y": 298
          },
          {
            "x": 617,
            "y": 299
          },
          {
            "x": 622,
            "y": 299
          },
          {
            "x": 623,
            "y": 298
          },
          {
            "x": 625,
            "y": 298
          },
          {
            "x": 626,
            "y": 297
          },
          {
            "x": 626,
            "y": 296
          },
          {
            "x": 627,
            "y": 295
          },
          {
            "x": 627,
            "y": 290
          },
          {
            "x": 626,
            "y": 289
          },
          {
            "x": 626,
            "y": 281
          },
          {
            "x": 627,
            "y": 280
          },
          {
            "x": 627,
            "y": 274
          },
          {
            "x": 628,
            "y": 273
          },
          {
            "x": 628,
            "y": 268
          },
          {
            "x": 627,
            "y": 267
          },
          {
            "x": 627,
            "y": 266
          },
          {
            "x": 626,
            "y": 265
          },
          {
            "x": 626,
            "y": 250.0
          },
          {
            "x": 627,
            "y": 249
          },
          {
            "x": 627,
            "y": 248
          },
          {
            "x": 628,
            "y": 247
          },
          {
            "x": 628,
            "y": 245.0
          },
          {
            "x": 629,
            "y": 244
          },
          {
            "x": 628,
            "y": 243
          },
          {
            "x": 628,
            "y": 242
          },
          {
            "x": 627,
            "y": 241
          },
          {
            "x": 621,
            "y": 241
          },
          {
            "x": 620,
            "y": 240.0
          },
          {
            "x": 618,
            "y": 240.0
          },
          {
            "x": 617,
            "y": 239
          },
          {
            "x": 617,
            "y": 238
          },
          {
            "x": 613,
            "y": 234
          },
          {
            "x": 613,
            "y": 233
          },
          {
            "x": 609,
            "y": 229
          },
          {
            "x": 609,
            "y": 228.0
          },
          {
            "x": 605,
            "y": 224
          },
          {
            "x": 605,
            "y": 223.0
          },
          {
            "x": 604,
            "y": 222
          },
          {
            "x": 604,
            "y": 221
          },
          {
            "x": 599,
            "y": 216
          },
          {
            "x": 599,
            "y": 215
          },
          {
            "x": 597,
            "y": 213.0
          },
          {
            "x": 597,
            "y": 212
          },
          {
            "x": 590,
            "y": 205
          },
          {
            "x": 590,
            "y": 204
          },
          {
            "x": 589,
            "y": 204
          },
          {
            "x": 585,
            "y": 200
          },
          {
            "x": 584,
            "y": 200
          },
          {
            "x": 580,
            "y": 196.0
          },
          {
            "x": 579,
            "y": 196.0
          },
          {
            "x": 578,
            "y": 195
          },
          {
            "x": 577,
            "y": 195
          },
          {
            "x": 576,
            "y": 194
          },
          {
            "x": 576,
            "y": 193.0
          },
          {
            "x": 573,
            "y": 190
          },
          {
            "x": 570,
            "y": 190
          },
          {
            "x": 569,
            "y": 189
          },
          {
            "x": 568,
            "y": 189
          },
          {
            "x": 566,
            "y": 187
          },
          {
            "x": 565,
            "y": 187
          },
          {
            "x": 564,
            "y": 186.0
          },
          {
            "x": 563,
            "y": 186.0
          },
          {
            "x": 562,
            "y": 185
          },
          {
            "x": 560,
            "y": 185
          },
          {
            "x": 559,
            "y": 184
          },
          {
            "x": 558,
            "y": 184
          },
          {
            "x": 557,
            "y": 183
          },
          {
            "x": 552,
            "y": 183
          },
          {
            "x": 551,
            "y": 182
          },
          {
            "x": 549,
            "y": 182
          },
          {
            "x": 548,
            "y": 181
          },
          {
            "x": 546,
            "y": 181
          },
          {
            "x": 544,
            "y": 179
          },
          {
            "x": 542,
            "y": 179
          },
          {
            "x": 541,
            "y": 178
          },
          {
            "x": 539,
            "y": 178
          },
          {
            "x": 538,
            "y": 177
          },
          {
            "x": 537,
            "y": 177
          },
          {
            "x": 535,
            "y": 175
          },
          {
            "x": 534,
            "y": 175
          },
          {
            "x": 533,
            "y": 174
          },
          {
            "x": 532,
            "y": 174
          },
          {
            "x": 531,
            "y": 173
          },
          {
            "x": 530,
            "y": 173
          },
          {
            "x": 529,
            "y": 172
          },
          {
            "x": 526,
            "y": 172
          },
          {
            "x": 525,
            "y": 171
          },
          {
            "x": 520,
            "y": 171
          },
          {
            "x": 519,
            "y": 170
          },
          {
            "x": 512,
            "y": 170
          },
          {
            "x": 511,
            "y": 169
          },
          {
            "x": 494,
            "y": 169
          },
          {
            "x": 493,
            "y": 168
          },
          {
            "x": 478,
            "y": 168
          },
          {
            "x": 477,
            "y": 167
          },
          {
            "x": 460.0,
            "y": 167
          },
          {
            "x": 459,
            "y": 166
          },
          {
            "x": 443,
            "y": 166
          },
          {
            "x": 442,
            "y": 165
          },
          {
            "x": 419,
            "y": 165
          },
          {
            "x": 418,
            "y": 166
          },
          {
            "x": 411.0,
            "y": 166
          },
          {
            "x": 410,
            "y": 167
          },
          {
            "x": 403,
            "y": 167
          },
          {
            "x": 402,
            "y": 168
          },
          {
            "x": 399,
            "y": 168
          },
          {
            "x": 396.0,
            "y": 171
          },
          {
            "x": 395,
            "y": 171
          },
          {
            "x": 394,
            "y": 172
          },
          {
            "x": 391.0,
            "y": 172
          },
          {
            "x": 390,
            "y": 173
          },
          {
            "x": 388,
            "y": 173
          },
          {
            "x": 387.0,
            "y": 174
          },
          {
            "x": 386.0,
            "y": 174
          },
          {
            "x": 385,
            "y": 175
          },
          {
            "x": 384,
            "y": 175
          },
          {
            "x": 384,
            "y": 176
          },
          {
            "x": 383,
            "y": 177
          },
          {
            "x": 382.0,
            "y": 177
          },
          {
            "x": 381.0,
            "y": 178
          },
          {
            "x": 380,
            "y": 178
          },
          {
            "x": 377.0,
            "y": 181
          },
          {
            "x": 377.0,
            "y": 182
          },
          {
            "x": 376.0,
            "y": 183
          },
          {
            "x": 375,
            "y": 183
          },
          {
            "x": 372.0,
            "y": 186.0
          },
          {
            "x": 372.0,
            "y": 187
          },
          {
            "x": 371.0,
            "y": 188.0
          },
          {
            "x": 371.0,
            "y": 189
          },
          {
            "x": 370,
            "y": 190
          },
          {
            "x": 370,
            "y": 191.0
          }
        ]
      }
    }
  ]
}