{
  "image": {
    "width": 640,
    "height": 550,
    "filename": "00000105.jpg",
    "original_filename": "COCO_test2014_000000580611.jpg",
    "url": "https://darwin.v7labs.com/api/images/1180723/original?token=dcdac99e-befb-4f2f-8808-28ca35ffd97c",
    "thumbnail_url": "https://darwin.v7labs.com/api/images/1180723/thumbnail?token=dcdac99e-befb-4f2f-8808-28ca35ffd97c",
    "workview_url": "https://darwin.v7labs.com/workview?dataset=1152&image=105"
  },
  "dataset": "4_Saltanat",
  "annotated": true,
  "annotations": [
    {
      "annotator": {
        "email": "begimbaeva.s95@gmail.com",
        "full_name": "Saltanat Begimbaeva"
      },
      "name": "Animal",
      "polygon": {
        "path": [
          {
            "x": 424,
            "y": 190
          },
          {
            "x": 423,
            "y": 190
          },
          {
            "x": 421,
            "y": 188
          },
          {
            "x": 420,
            "y": 188
          },
          {
            "x": 417,
            "y": 185.0
          },
          {
            "x": 416,
            "y": 185.0
          },
          {
            "x": 413,
            "y": 182
          },
          {
            "x": 411,
            "y": 182
          },
          {
            "x": 409,
            "y": 180
          },
          {
            "x": 408,
            "y": 180
          },
          {
            "x": 407,
            "y": 179
          },
          {
            "x": 406,
            "y": 179
          },
          {
            "x": 403,
            "y": 176
          },
          {
            "x": 402,
            "y": 176
          },
          {
            "x": 401,
            "y": 175
          },
          {
            "x": 400,
            "y": 175
          },
          {
            "x": 399.0,
            "y": 174
          },
          {
            "x": 398,
            "y": 174
          },
          {
            "x": 397.0,
            "y": 173
          },
          {
            "x": 394,
            "y": 173
          },
          {
            "x": 393,
            "y": 172
          },
          {
            "x": 392,
            "y": 172
          },
          {
            "x": 391,
            "y": 171
          },
          {
            "x": 389,
            "y": 171
          },
          {
            "x": 388,
            "y": 170
          },
          {
            "x": 384,
            "y": 170
          },
          {
            "x": 383,
            "y": 169
          },
          {
            "x": 377,
            "y": 169
          },
          {
            "x": 376,
            "y": 168
          },
          {
            "x": 368,
            "y": 168
          },
          {
            "x": 367,
            "y": 169
          },
          {
            "x": 360,
            "y": 169
          },
          {
            "x": 359,
            "y": 170
          },
          {
            "x": 357,
            "y": 170
          },
          {
            "x": 356,
            "y": 171
          },
          {
            "x": 355,
            "y": 171
          },
          {
            "x": 353,
            "y": 173
          },
          {
            "x": 353,
            "y": 174
          },
          {
            "x": 350,
            "y": 177
          },
          {
            "x": 350,
            "y": 178
          },
          {
            "x": 349,
            "y": 179
          },
          {
            "x": 348,
            "y": 179
          },
          {
            "x": 347,
            "y": 180
          },
          {
            "x": 346,
            "y": 180
          },
          {
            "x": 334,
            "y": 192
          },
          {
            "x": 333,
            "y": 192
          },
          {
            "x": 328,
            "y": 197
          },
          {
            "x": 328,
            "y": 198
          },
          {
            "x": 327,
            "y": 199
          },
          {
            "x": 327,
            "y": 200
          },
          {
            "x": 324,
            "y": 203
          },
          {
            "x": 324,
            "y": 204
          },
          {
            "x": 321,
            "y": 207
          },
          {
            "x": 321,
            "y": 209
          },
          {
            "x": 319,
            "y": 211
          },
          {
            "x": 319,
            "y": 213.0
          },
          {
            "x": 318,
            "y": 214
          },
          {
            "x": 318,
            "y": 218
          },
          {
            "x": 317,
            "y": 219
          },
          {
            "x": 317,
            "y": 222
          },
          {
            "x": 316,
            "y": 223
          },
          {
            "x": 316,
            "y": 225
          },
          {
            "x": 315,
            "y": 226
          },
          {
            "x": 315,
            "y": 228
          },
          {
            "x": 313,
            "y": 230
          },
          {
            "x": 313,
            "y": 231
          },
          {
            "x": 312.0,
            "y": 232
          },
          {
            "x": 312.0,
            "y": 234
          },
          {
            "x": 311,
            "y": 235
          },
          {
            "x": 310,
            "y": 235
          },
          {
            "x": 310,
            "y": 236
          },
          {
            "x": 308,
            "y": 238
          },
          {
            "x": 308,
            "y": 239
          },
          {
            "x": 307,
            "y": 240
          },
          {
            "x": 307,
            "y": 241
          },
          {
            "x": 304,
            "y": 244
          },
          {
            "x": 304,
            "y": 246
          },
          {
            "x": 302,
            "y": 248
          },
          {
            "x": 302,
            "y": 249
          },
          {
            "x": 301,
            "y": 250
          },
          {
            "x": 301,
            "y": 255
          },
          {
            "x": 300,
            "y": 256
          },
          {
            "x": 300,
            "y": 271
          },
          {
            "x": 301,
            "y": 272
          },
          {
            "x": 301,
            "y": 276
          },
          {
            "x": 300,
            "y": 277
          },
          {
            "x": 300,
            "y": 281
          },
          {
            "x": 299,
            "y": 282
          },
          {
            "x": 299,
            "y": 288
          },
          {
            "x": 298,
            "y": 289
          },
          {
            "x": 298,
            "y": 293
          },
          {
            "x": 296,
            "y": 295
          },
          {
            "x": 296,
            "y": 296
          },
          {
            "x": 295,
            "y": 297
          },
          {
            "x": 295,
            "y": 307
          },
          {
            "x": 294,
            "y": 308
          },
          {
            "x": 294,
            "y": 315
          },
          {
            "x": 295,
            "y": 316
          },
          {
            "x": 295,
            "y": 322
          },
          {
            "x": 296,
            "y": 323
          },
          {
            "x": 296,
            "y": 325
          },
          {
            "x": 296.52,
            "y": 331.89
          },
          {
            "x": 295.93,
            "y": 336.44
          },
          {
            "x": 296.63,
            "y": 340.7
          },
          {
            "x": 299.26,
            "y": 342.47
          },
          {
            "x": 302.18,
            "y": 343.03
          },
          {
            "x": 305.26,
            "y": 343.33
          },
          {
            "x": 309.96,
            "y": 340.18
          },
          {
            "x": 317.55,
            "y": 335.89
          },
          {
            "x": 318.85,
            "y": 333.85
          },
          {
            "x": 319.99,
            "y": 332.67
          },
          {
            "x": 319.81,
            "y": 331.37
          },
          {
            "x": 316,
            "y": 329
          },
          {
            "x": 317,
            "y": 330
          },
          {
            "x": 319,
            "y": 330
          },
          {
            "x": 320,
            "y": 331
          },
          {
            "x": 322,
            "y": 331
          },
          {
            "x": 323,
            "y": 330
          },
          {
            "x": 326,
            "y": 330
          },
          {
            "x": 327,
            "y": 329
          },
          {
            "x": 331,
            "y": 329
          },
          {
            "x": 332,
            "y": 328
          },
          {
            "x": 334,
            "y": 328
          },
          {
            "x": 335,
            "y": 327
          },
          {
            "x": 336,
            "y": 327
          },
          {
            "x": 337,
            "y": 326
          },
          {
            "x": 338,
            "y": 326
          },
          {
            "x": 341.0,
            "y": 323
          },
          {
            "x": 342,
            "y": 323
          },
          {
            "x": 346,
            "y": 319
          },
          {
            "x": 346,
            "y": 318
          },
          {
            "x": 347,
            "y": 317
          },
          {
            "x": 347,
            "y": 315
          },
          {
            "x": 348,
            "y": 314.0
          },
          {
            "x": 348,
            "y": 313
          },
          {
            "x": 349,
            "y": 312.0
          },
          {
            "x": 349,
            "y": 311
          },
          {
            "x": 350,
            "y": 310
          },
          {
            "x": 350,
            "y": 309
          },
          {
            "x": 352,
            "y": 307
          },
          {
            "x": 353,
            "y": 307
          },
          {
            "x": 354,
            "y": 308
          },
          {
            "x": 355,
            "y": 308
          },
          {
            "x": 356,
            "y": 309
          },
          {
            "x": 356,
            "y": 310
          },
          {
            "x": 358,
            "y": 312.0
          },
          {
            "x": 358,
            "y": 313
          },
          {
            "x": 363,
            "y": 318
          },
          {
            "x": 363,
            "y": 319
          },
          {
            "x": 368,
            "y": 324
          },
          {
            "x": 368,
            "y": 325
          },
          {
            "x": 369,
            "y": 326
          },
          {
            "x": 369,
            "y": 328
          },
          {
            "x": 371,
            "y": 328
          },
          {
            "x": 372,
            "y": 329
          },
          {
            "x": 376,
            "y": 329
          },
          {
            "x": 377,
            "y": 330
          },
          {
            "x": 379,
            "y": 330
          },
          {
            "x": 380,
            "y": 331
          },
          {
            "x": 388,
            "y": 331
          },
          {
            "x": 389,
            "y": 330
          },
          {
            "x": 390,
            "y": 330
          },
          {
            "x": 391,
            "y": 329
          },
          {
            "x": 397.0,
            "y": 329
          },
          {
            "x": 398,
            "y": 328
          },
          {
            "x": 399.0,
            "y": 328
          },
          {
            "x": 400,
            "y": 327
          },
          {
            "x": 401,
            "y": 327
          },
          {
            "x": 402,
            "y": 326
          },
          {
            "x": 405,
            "y": 326
          },
          {
            "x": 406,
            "y": 325
          },
          {
            "x": 407,
            "y": 325
          },
          {
            "x": 408,
            "y": 324
          },
          {
            "x": 409,
            "y": 324
          },
          {
            "x": 410,
            "y": 323
          },
          {
            "x": 413,
            "y": 323
          },
          {
            "x": 414,
            "y": 322
          },
          {
            "x": 416,
            "y": 322
          },
          {
            "x": 417,
            "y": 321
          },
          {
            "x": 419,
            "y": 321
          },
          {
            "x": 420,
            "y": 320
          },
          {
            "x": 423,
            "y": 320
          },
          {
            "x": 424,
            "y": 319
          },
          {
            "x": 426.0,
            "y": 319
          },
          {
            "x": 428,
            "y": 317
          },
          {
            "x": 429,
            "y": 317
          },
          {
            "x": 430,
            "y": 316
          },
          {
            "x": 431,
            "y": 316
          },
          {
            "x": 433,
            "y": 314.0
          },
          {
            "x": 435,
            "y": 314.0
          },
          {
            "x": 438,
            "y": 311
          },
          {
            "x": 439,
            "y": 311
          },
          {
            "x": 440,
            "y": 310
          },
          {
            "x": 441,
            "y": 310
          },
          {
            "x": 448,
            "y": 303
          },
          {
            "x": 448,
            "y": 302
          },
          {
            "x": 451,
            "y": 299
          },
          {
            "x": 451,
            "y": 298
          },
          {
            "x": 452,
            "y": 297
          },
          {
            "x": 453,
            "y": 297
          },
          {
            "x": 453,
            "y": 296
          },
          {
            "x": 458,
            "y": 291
          },
          {
            "x": 459,
            "y": 291
          },
          {
            "x": 460,
            "y": 290
          },
          {
            "x": 460,
            "y": 289
          },
          {
            "x": 463,
            "y": 286
          },
          {
            "x": 463,
            "y": 285.0
          },
          {
            "x": 464,
            "y": 284
          },
          {
            "x": 464,
            "y": 282
          },
          {
            "x": 465,
            "y": 281
          },
          {
            "x": 465,
            "y": 277
          },
          {
            "x": 466,
            "y": 276
          },
          {
            "x": 466,
            "y": 275
          },
          {
            "x": 465,
            "y": 274
          },
          {
            "x": 465,
            "y": 265
          },
          {
            "x": 464,
            "y": 264
          },
          {
            "x": 464,
            "y": 261
          },
          {
            "x": 463,
            "y": 260
          },
          {
            "x": 463,
            "y": 257
          },
          {
            "x": 462,
            "y": 256
          },
          {
            "x": 462,
            "y": 255
          },
          {
            "x": 460,
            "y": 253
          },
          {
            "x": 460,
            "y": 252
          },
          {
            "x": 459,
            "y": 251
          },
          {
            "x": 459,
            "y": 250
          },
          {
            "x": 458,
            "y": 249
          },
          {
            "x": 458,
            "y": 247
          },
          {
            "x": 457,
            "y": 246
          },
          {
            "x": 457,
            "y": 244
          },
          {
            "x": 456,
            "y": 243
          },
          {
            "x": 456,
            "y": 240
          },
          {
            "x": 455.0,
            "y": 239
          },
          {
            "x": 455.0,
            "y": 231
          },
          {
            "x": 454,
            "y": 230
          },
          {
            "x": 454,
            "y": 227
          },
          {
            "x": 453,
            "y": 226
          },
          {
            "x": 453,
            "y": 224
          },
          {
            "x": 451,
            "y": 222
          },
          {
            "x": 451,
            "y": 221
          },
          {
            "x": 448,
            "y": 218
          },
          {
            "x": 448,
            "y": 217
          },
          {
            "x": 446,
            "y": 215
          },
          {
            "x": 446,
            "y": 214
          },
          {
            "x": 445,
            "y": 213.0
          },
          {
            "x": 445,
            "y": 212
          },
          {
            "x": 442,
            "y": 209
          },
          {
            "x": 442,
            "y": 208
          },
          {
            "x": 433,
            "y": 199
          },
          {
            "x": 432,
            "y": 199
          },
          {
            "x": 431,
            "y": 198
          },
          {
            "x": 431,
            "y": 197
          },
          {
            "x": 430,
            "y": 196
          },
          {
            "x": 429,
            "y": 196
          },
          {
            "x": 428,
            "y": 195
          },
          {
            "x": 428,
            "y": 194
          },
          {
            "x": 427,
            "y": 194
          },
          {
            "x": 425,
            "y": 192
          },
          {
            "x": 425,
            "y": 191
          }
        ]
      }
    }
  ]
}