{
  "image": {
    "width": 640,
    "height": 480,
    "filename": "00000168.jpg",
    "original_filename": "COCO_test2014_000000576282.jpg",
    "url": "https://darwin.v7labs.com/api/images/1180987/original?token=4b25de6b-1a37-42ba-8685-0c7d525e03f0",
    "thumbnail_url": "https://darwin.v7labs.com/api/images/1180987/thumbnail?token=4b25de6b-1a37-42ba-8685-0c7d525e03f0",
    "workview_url": "https://darwin.v7labs.com/workview?dataset=1153&image=168"
  },
  "dataset": "4_Aizada",
  "annotated": true,
  "annotations": [
    {
      "annotator": {
        "email": "corporate@bex.kg",
        "full_name": "Aizada Tynchybek kyzy"
      },
      "bounding_box": {
        "h": 93.02,
        "w": 30.73,
        "x": 308.7,
        "y": 282.29
      },
      "name": "Child"
    },
    {
      "annotator": {
        "email": "corporate@bex.kg",
        "full_name": "Aizada Tynchybek kyzy"
      },
      "bounding_box": {
        "h": 91.36,
        "w": 41.53,
        "x": 286.28,
        "y": 293.92
      },
      "name": "Child"
    },
    {
      "annotator": {
        "email": "corporate@bex.kg",
        "full_name": "Aizada Tynchybek kyzy"
      },
      "bounding_box": {
        "h": 108.8,
        "w": 35.71,
        "x": 194.09,
        "y": 271.5
      },
      "name": "Child"
    },
    {
      "annotator": {
        "email": "corporate@bex.kg",
        "full_name": "Aizada Tynchybek kyzy"
      },
      "bounding_box": {
        "h": 127.91,
        "w": 38.21,
        "x": 131.79,
        "y": 253.22
      },
      "name": "Child"
    },
    {
      "annotator": {
        "email": "corporate@bex.kg",
        "full_name": "Aizada Tynchybek kyzy"
      },
      "bounding_box": {
        "h": 132.89,
        "w": 43.19,
        "x": 85.28,
        "y": 267.34
      },
      "name": "Child"
    },
    {
      "annotator": {
        "email": "corporate@bex.kg",
        "full_name": "Aizada Tynchybek kyzy"
      },
      "bounding_box": {
        "h": 102.99,
        "w": 66.45,
        "x": 483.12,
        "y": 284.78
      },
      "name": "Child"
    },
    {
      "annotator": {
        "email": "corporate@bex.kg",
        "full_name": "Aizada Tynchybek kyzy"
      },
      "bounding_box": {
        "h": 98.84,
        "w": 57.31,
        "x": 554.55,
        "y": 298.9
      },
      "name": "Child"
    },
    {
      "annotator": {
        "email": "corporate@bex.kg",
        "full_name": "Aizada Tynchybek kyzy"
      },
      "bounding_box": {
        "h": 29.9,
        "w": 21.59,
        "x": 601.06,
        "y": 277.31
      },
      "name": "Child"
    },
    {
      "annotator": {
        "email": "corporate@bex.kg",
        "full_name": "Aizada Tynchybek kyzy"
      },
      "bounding_box": {
        "h": 159.47,
        "w": 22.43,
        "x": 616.01,
        "y": 272.33
      },
      "name": "Child"
    },
    {
      "annotator": {
        "email": "corporate@bex.kg",
        "full_name": "Aizada Tynchybek kyzy"
      },
      "bounding_box": {
        "h": 166.94,
        "w": 54.82,
        "x": 385.12,
        "y": 264.02
      },
      "name": "Child"
    }
  ]
}