{
  "image": {
    "width": 500,
    "height": 375,
    "filename": "00000168.jpg",
    "original_filename": "COCO_test2014_000000012568.jpg",
    "url": "https://darwin.v7labs.com/api/images/1180488/original?token=6731805e-fe9c-459b-85db-592a9652a349",
    "thumbnail_url": "https://darwin.v7labs.com/api/images/1180488/thumbnail?token=6731805e-fe9c-459b-85db-592a9652a349",
    "workview_url": "https://darwin.v7labs.com/workview?dataset=1130&image=168"
  },
  "dataset": "First DS",
  "annotated": true,
  "annotations": [
    {
      "annotator": {
        "email": "order@bex.kg",
        "full_name": "Zhaparova  Nurzhan"
      },
      "bounding_box": {
        "h": 310.27,
        "w": 318.45,
        "x": 177.08,
        "y": 55.06
      },
      "name": "Animal"
    },
    {
      "annotator": {
        "email": "order@bex.kg",
        "full_name": "Zhaparova  Nurzhan"
      },
      "bounding_box": {
        "h": 145.83,
        "w": 127.23,
        "x": 87.8,
        "y": 75.15
      },
      "name": "Animal"
    }
  ]
}