{
  "image": {
    "width": 640,
    "height": 480,
    "filename": "00000012.jpg",
    "original_filename": "COCO_test2014_000000579182.jpg",
    "url": "https://darwin.v7labs.com/api/images/1180630/original?token=dcdac99e-befb-4f2f-8808-28ca35ffd97c",
    "thumbnail_url": "https://darwin.v7labs.com/api/images/1180630/thumbnail?token=dcdac99e-befb-4f2f-8808-28ca35ffd97c",
    "workview_url": "https://darwin.v7labs.com/workview?dataset=1152&image=12"
  },
  "dataset": "4_Saltanat",
  "annotated": true,
  "annotations": [
    {
      "annotator": {
        "email": "begimbaeva.s95@gmail.com",
        "full_name": "Saltanat Begimbaeva"
      },
      "bounding_box": {
        "h": 102.09,
        "w": 39.4,
        "x": 170.45,
        "y": 1.79
      },
      "name": "Men"
    },
    {
      "annotator": {
        "email": "begimbaeva.s95@gmail.com",
        "full_name": "Saltanat Begimbaeva"
      },
      "bounding_box": {
        "h": 208.78,
        "w": 82.57,
        "x": 309.76,
        "y": 192.41
      },
      "name": "Men"
    },
    {
      "annotator": {
        "email": "begimbaeva.s95@gmail.com",
        "full_name": "Saltanat Begimbaeva"
      },
      "bounding_box": {
        "h": 220.46,
        "w": 125.93,
        "x": 485.9,
        "y": 200.71
      },
      "name": "Men"
    }
  ]
}