{
  "image": {
    "width": 500,
    "height": 375,
    "filename": "00000185.jpg",
    "original_filename": "COCO_test2014_000000012783.jpg",
    "url": "https://darwin.v7labs.com/api/images/1180505/original?token=6731805e-fe9c-459b-85db-592a9652a349",
    "thumbnail_url": "https://darwin.v7labs.com/api/images/1180505/thumbnail?token=6731805e-fe9c-459b-85db-592a9652a349",
    "workview_url": "https://darwin.v7labs.com/workview?dataset=1130&image=185"
  },
  "dataset": "First DS",
  "annotated": true,
  "annotations": [
    {
      "annotator": {
        "email": "order@bex.kg",
        "full_name": "Zhaparova  Nurzhan"
      },
      "name": "Object",
      "polygon": {
        "path": [
          {
            "x": 188,
            "y": 12.0
          },
          {
            "x": 188,
            "y": 13.0
          },
          {
            "x": 187,
            "y": 14.0
          },
          {
            "x": 186,
            "y": 14.0
          },
          {
            "x": 186,
            "y": 15.0
          },
          {
            "x": 185,
            "y": 16.0
          },
          {
            "x": 185,
            "y": 21.0
          },
          {
            "x": 186,
            "y": 22.0
          },
          {
            "x": 186,
            "y": 25.0
          },
          {
            "x": 185,
            "y": 26.0
          },
          {
            "x": 185,
            "y": 41.0
          },
          {
            "x": 184,
            "y": 42.0
          },
          {
            "x": 184,
            "y": 48.0
          },
          {
            "x": 183,
            "y": 49
          },
          {
            "x": 183,
            "y": 60.0
          },
          {
            "x": 182,
            "y": 61.0
          },
          {
            "x": 182,
            "y": 62
          },
          {
            "x": 181,
            "y": 63.0
          },
          {
            "x": 181,
            "y": 64.0
          },
          {
            "x": 180,
            "y": 65
          },
          {
            "x": 180,
            "y": 67.0
          },
          {
            "x": 183,
            "y": 70.0
          },
          {
            "x": 184,
            "y": 70.0
          },
          {
            "x": 185,
            "y": 71
          },
          {
            "x": 186,
            "y": 71
          },
          {
            "x": 187,
            "y": 72
          },
          {
            "x": 189,
            "y": 72
          },
          {
            "x": 190,
            "y": 73
          },
          {
            "x": 191,
            "y": 73
          },
          {
            "x": 193,
            "y": 75
          },
          {
            "x": 196,
            "y": 75
          },
          {
            "x": 198,
            "y": 77
          },
          {
            "x": 200,
            "y": 77
          },
          {
            "x": 201,
            "y": 78
          },
          {
            "x": 202.0,
            "y": 78
          },
          {
            "x": 203,
            "y": 79
          },
          {
            "x": 204,
            "y": 79
          },
          {
            "x": 205.0,
            "y": 80
          },
          {
            "x": 207,
            "y": 80
          },
          {
            "x": 209,
            "y": 82
          },
          {
            "x": 211,
            "y": 82
          },
          {
            "x": 213,
            "y": 84.0
          },
          {
            "x": 214,
            "y": 84.0
          },
          {
            "x": 215,
            "y": 85
          },
          {
            "x": 217,
            "y": 85
          },
          {
            "x": 218,
            "y": 86
          },
          {
            "x": 219,
            "y": 86
          },
          {
            "x": 220,
            "y": 87
          },
          {
            "x": 222,
            "y": 87
          },
          {
            "x": 225,
            "y": 90
          },
          {
            "x": 228,
            "y": 90
          },
          {
            "x": 230,
            "y": 92
          },
          {
            "x": 232,
            "y": 92
          },
          {
            "x": 233,
            "y": 93
          },
          {
            "x": 234,
            "y": 93
          },
          {
            "x": 236.0,
            "y": 95
          },
          {
            "x": 239.0,
            "y": 95
          },
          {
            "x": 241,
            "y": 97
          },
          {
            "x": 243,
            "y": 97
          },
          {
            "x": 245,
            "y": 99
          },
          {
            "x": 246,
            "y": 99
          },
          {
            "x": 247,
            "y": 100
          },
          {
            "x": 249,
            "y": 100
          },
          {
            "x": 251,
            "y": 102
          },
          {
            "x": 253,
            "y": 102
          },
          {
            "x": 255,
            "y": 104
          },
          {
            "x": 256,
            "y": 104
          },
          {
            "x": 257,
            "y": 105
          },
          {
            "x": 258,
            "y": 105
          },
          {
            "x": 260,
            "y": 107
          },
          {
            "x": 261,
            "y": 107
          },
          {
            "x": 262,
            "y": 108
          },
          {
            "x": 262,
            "y": 109
          },
          {
            "x": 263,
            "y": 110
          },
          {
            "x": 265,
            "y": 110
          },
          {
            "x": 266,
            "y": 111
          },
          {
            "x": 264,
            "y": 113
          },
          {
            "x": 262,
            "y": 113
          },
          {
            "x": 261,
            "y": 114
          },
          {
            "x": 260,
            "y": 114
          },
          {
            "x": 259,
            "y": 115
          },
          {
            "x": 253,
            "y": 115
          },
          {
            "x": 252,
            "y": 116
          },
          {
            "x": 249,
            "y": 116
          },
          {
            "x": 248,
            "y": 117
          },
          {
            "x": 246,
            "y": 117
          },
          {
            "x": 245,
            "y": 118.0
          },
          {
            "x": 242,
            "y": 118.0
          },
          {
            "x": 240,
            "y": 120
          },
          {
            "x": 238,
            "y": 120
          },
          {
            "x": 236.0,
            "y": 122
          },
          {
            "x": 235,
            "y": 122
          },
          {
            "x": 234,
            "y": 123
          },
          {
            "x": 233,
            "y": 123
          },
          {
            "x": 231,
            "y": 125
          },
          {
            "x": 230,
            "y": 125
          },
          {
            "x": 229,
            "y": 126
          },
          {
            "x": 228,
            "y": 126
          },
          {
            "x": 226,
            "y": 128
          },
          {
            "x": 225,
            "y": 128
          },
          {
            "x": 223,
            "y": 130
          },
          {
            "x": 223,
            "y": 153
          },
          {
            "x": 222,
            "y": 154
          },
          {
            "x": 222,
            "y": 164
          },
          {
            "x": 221,
            "y": 165.0
          },
          {
            "x": 221,
            "y": 166
          },
          {
            "x": 220,
            "y": 167
          },
          {
            "x": 220,
            "y": 173
          },
          {
            "x": 221,
            "y": 174
          },
          {
            "x": 226,
            "y": 174
          },
          {
            "x": 228,
            "y": 172
          },
          {
            "x": 229,
            "y": 172
          },
          {
            "x": 230,
            "y": 171
          },
          {
            "x": 231,
            "y": 171
          },
          {
            "x": 233,
            "y": 169
          },
          {
            "x": 235,
            "y": 169
          },
          {
            "x": 237,
            "y": 167
          },
          {
            "x": 238,
            "y": 167
          },
          {
            "x": 239.0,
            "y": 166
          },
          {
            "x": 241,
            "y": 166
          },
          {
            "x": 241,
            "y": 165.0
          },
          {
            "x": 242,
            "y": 164
          },
          {
            "x": 244,
            "y": 164
          },
          {
            "x": 245,
            "y": 163
          },
          {
            "x": 246,
            "y": 163
          },
          {
            "x": 247,
            "y": 162.0
          },
          {
            "x": 249,
            "y": 162.0
          },
          {
            "x": 252,
            "y": 159
          },
          {
            "x": 254,
            "y": 159
          },
          {
            "x": 256,
            "y": 157
          },
          {
            "x": 258,
            "y": 157
          },
          {
            "x": 260,
            "y": 155
          },
          {
            "x": 261,
            "y": 155
          },
          {
            "x": 262,
            "y": 154
          },
          {
            "x": 263,
            "y": 154
          },
          {
            "x": 265,
            "y": 152
          },
          {
            "x": 268,
            "y": 152
          },
          {
            "x": 270,
            "y": 150
          },
          {
            "x": 271,
            "y": 150
          },
          {
            "x": 272,
            "y": 149
          },
          {
            "x": 274,
            "y": 149
          },
          {
            "x": 276,
            "y": 147
          },
          {
            "x": 277,
            "y": 147
          },
          {
            "x": 279,
            "y": 145
          },
          {
            "x": 281,
            "y": 145
          },
          {
            "x": 282,
            "y": 144
          },
          {
            "x": 283,
            "y": 144
          },
          {
            "x": 284,
            "y": 143
          },
          {
            "x": 285,
            "y": 143
          },
          {
            "x": 286,
            "y": 142
          },
          {
            "x": 288,
            "y": 142
          },
          {
            "x": 289,
            "y": 141
          },
          {
            "x": 292,
            "y": 141
          },
          {
            "x": 294,
            "y": 143
          },
          {
            "x": 294,
            "y": 176
          },
          {
            "x": 293.0,
            "y": 177
          },
          {
            "x": 293.0,
            "y": 266
          },
          {
            "x": 292,
            "y": 267
          },
          {
            "x": 292,
            "y": 288
          },
          {
            "x": 290,
            "y": 290
          },
          {
            "x": 290,
            "y": 293.0
          },
          {
            "x": 291,
            "y": 293.0
          },
          {
            "x": 292,
            "y": 294
          },
          {
            "x": 292,
            "y": 297
          },
          {
            "x": 293.0,
            "y": 298
          },
          {
            "x": 293.0,
            "y": 320
          },
          {
            "x": 294,
            "y": 321
          },
          {
            "x": 294,
            "y": 341
          },
          {
            "x": 295,
            "y": 342
          },
          {
            "x": 295,
            "y": 345
          },
          {
            "x": 296,
            "y": 346
          },
          {
            "x": 296,
            "y": 351
          },
          {
            "x": 297,
            "y": 352
          },
          {
            "x": 297,
            "y": 372
          },
          {
            "x": 298,
            "y": 372
          },
          {
            "x": 299.0,
            "y": 373.0
          },
          {
            "x": 307,
            "y": 373.0
          },
          {
            "x": 308,
            "y": 372
          },
          {
            "x": 308,
            "y": 368
          },
          {
            "x": 307,
            "y": 367.0
          },
          {
            "x": 307,
            "y": 363
          },
          {
            "x": 306,
            "y": 362
          },
          {
            "x": 306,
            "y": 349
          },
          {
            "x": 307,
            "y": 348
          },
          {
            "x": 307,
            "y": 336.0
          },
          {
            "x": 306,
            "y": 335
          },
          {
            "x": 306,
            "y": 328
          },
          {
            "x": 307,
            "y": 327
          },
          {
            "x": 307,
            "y": 314
          },
          {
            "x": 308,
            "y": 313
          },
          {
            "x": 308,
            "y": 286
          },
          {
            "x": 307,
            "y": 285
          },
          {
            "x": 307,
            "y": 252
          },
          {
            "x": 306,
            "y": 251
          },
          {
            "x": 306,
            "y": 168.0
          },
          {
            "x": 307,
            "y": 167
          },
          {
            "x": 307,
            "y": 151
          },
          {
            "x": 306,
            "y": 150
          },
          {
            "x": 307,
            "y": 149
          },
          {
            "x": 307,
            "y": 137
          },
          {
            "x": 308,
            "y": 136
          },
          {
            "x": 308,
            "y": 117
          },
          {
            "x": 307,
            "y": 116
          },
          {
            "x": 307,
            "y": 93
          },
          {
            "x": 308,
            "y": 92
          },
          {
            "x": 308,
            "y": 63.0
          },
          {
            "x": 307,
            "y": 62
          },
          {
            "x": 307,
            "y": 61.0
          },
          {
            "x": 306,
            "y": 60.0
          },
          {
            "x": 305,
            "y": 60.0
          },
          {
            "x": 304,
            "y": 59.0
          },
          {
            "x": 298,
            "y": 59.0
          },
          {
            "x": 296,
            "y": 61.0
          },
          {
            "x": 287.0,
            "y": 61.0
          },
          {
            "x": 286,
            "y": 60.0
          },
          {
            "x": 286,
            "y": 59.0
          },
          {
            "x": 283,
            "y": 59.0
          },
          {
            "x": 281,
            "y": 57.0
          },
          {
            "x": 281,
            "y": 56.0
          },
          {
            "x": 279,
            "y": 54.0
          },
          {
            "x": 277,
            "y": 54.0
          },
          {
            "x": 274,
            "y": 51.0
          },
          {
            "x": 271,
            "y": 51.0
          },
          {
            "x": 269,
            "y": 49
          },
          {
            "x": 267,
            "y": 49
          },
          {
            "x": 266,
            "y": 48.0
          },
          {
            "x": 265,
            "y": 48.0
          },
          {
            "x": 264,
            "y": 47.0
          },
          {
            "x": 263,
            "y": 47.0
          },
          {
            "x": 262,
            "y": 46
          },
          {
            "x": 260,
            "y": 46
          },
          {
            "x": 259,
            "y": 45.0
          },
          {
            "x": 258,
            "y": 45.0
          },
          {
            "x": 256,
            "y": 43
          },
          {
            "x": 255,
            "y": 43
          },
          {
            "x": 253,
            "y": 41.0
          },
          {
            "x": 252,
            "y": 41.0
          },
          {
            "x": 250,
            "y": 39.0
          },
          {
            "x": 248,
            "y": 39.0
          },
          {
            "x": 246,
            "y": 37
          },
          {
            "x": 245,
            "y": 37
          },
          {
            "x": 244,
            "y": 36.0
          },
          {
            "x": 243,
            "y": 36.0
          },
          {
            "x": 241,
            "y": 34
          },
          {
            "x": 238,
            "y": 34
          },
          {
            "x": 235,
            "y": 31
          },
          {
            "x": 233,
            "y": 31
          },
          {
            "x": 231,
            "y": 29.0
          },
          {
            "x": 230,
            "y": 29.0
          },
          {
            "x": 229,
            "y": 28.0
          },
          {
            "x": 228,
            "y": 28.0
          },
          {
            "x": 226,
            "y": 26.0
          },
          {
            "x": 225,
            "y": 26.0
          },
          {
            "x": 224,
            "y": 25.0
          },
          {
            "x": 223,
            "y": 25.0
          },
          {
            "x": 222,
            "y": 24.0
          },
          {
            "x": 220,
            "y": 24.0
          },
          {
            "x": 219,
            "y": 23.0
          },
          {
            "x": 218,
            "y": 23.0
          },
          {
            "x": 216,
            "y": 21.0
          },
          {
            "x": 213,
            "y": 21.0
          },
          {
            "x": 212,
            "y": 20.0
          },
          {
            "x": 211,
            "y": 20.0
          },
          {
            "x": 210,
            "y": 19.0
          },
          {
            "x": 208,
            "y": 19.0
          },
          {
            "x": 207,
            "y": 18.0
          },
          {
            "x": 206,
            "y": 18.0
          },
          {
            "x": 205.0,
            "y": 17.0
          },
          {
            "x": 204,
            "y": 17.0
          },
          {
            "x": 203,
            "y": 16.0
          },
          {
            "x": 200,
            "y": 16.0
          },
          {
            "x": 199.0,
            "y": 15.0
          },
          {
            "x": 198,
            "y": 15.0
          },
          {
            "x": 197,
            "y": 14.0
          },
          {
            "x": 195,
            "y": 14.0
          },
          {
            "x": 194,
            "y": 13.0
          },
          {
            "x": 193,
            "y": 13.0
          },
          {
            "x": 192,
            "y": 12.0
          }
        ]
      }
    }
  ]
}