{
  "image": {
    "width": 640,
    "height": 428,
    "filename": "00000194.jpg",
    "original_filename": "COCO_test2014_000000012889.jpg",
    "url": "https://darwin.v7labs.com/api/images/1180514/original?token=6731805e-fe9c-459b-85db-592a9652a349",
    "thumbnail_url": "https://darwin.v7labs.com/api/images/1180514/thumbnail?token=6731805e-fe9c-459b-85db-592a9652a349",
    "workview_url": "https://darwin.v7labs.com/workview?dataset=1130&image=194"
  },
  "dataset": "First DS",
  "annotated": true,
  "annotations": [
    {
      "annotator": {
        "email": "order@bex.kg",
        "full_name": "Zhaparova  Nurzhan"
      },
      "name": "Transport",
      "polygon": {
        "path": [
          {
            "x": 514,
            "y": 195
          },
          {
            "x": 507,
            "y": 195
          },
          {
            "x": 506,
            "y": 196
          },
          {
            "x": 504,
            "y": 196
          },
          {
            "x": 503,
            "y": 197
          },
          {
            "x": 502.0,
            "y": 197
          },
          {
            "x": 501,
            "y": 198
          },
          {
            "x": 485,
            "y": 198
          },
          {
            "x": 484,
            "y": 199
          },
          {
            "x": 478.0,
            "y": 199
          },
          {
            "x": 477,
            "y": 200
          },
          {
            "x": 471,
            "y": 200
          },
          {
            "x": 470.0,
            "y": 201
          },
          {
            "x": 468,
            "y": 201
          },
          {
            "x": 467.0,
            "y": 202
          },
          {
            "x": 467.0,
            "y": 203
          },
          {
            "x": 464.0,
            "y": 206
          },
          {
            "x": 463,
            "y": 206
          },
          {
            "x": 462.0,
            "y": 207
          },
          {
            "x": 452,
            "y": 207
          },
          {
            "x": 451.0,
            "y": 208
          },
          {
            "x": 444,
            "y": 208
          },
          {
            "x": 443.0,
            "y": 209.0
          },
          {
            "x": 437.0,
            "y": 209.0
          },
          {
            "x": 436,
            "y": 210
          },
          {
            "x": 429.0,
            "y": 210
          },
          {
            "x": 428,
            "y": 211
          },
          {
            "x": 423.0,
            "y": 211
          },
          {
            "x": 421.0,
            "y": 213.0
          },
          {
            "x": 421.0,
            "y": 239.0
          },
          {
            "x": 422,
            "y": 240
          },
          {
            "x": 419,
            "y": 243.0
          },
          {
            "x": 410.0,
            "y": 243.0
          },
          {
            "x": 409,
            "y": 244
          },
          {
            "x": 406,
            "y": 244
          },
          {
            "x": 405,
            "y": 245
          },
          {
            "x": 405,
            "y": 246.0
          },
          {
            "x": 403,
            "y": 248
          },
          {
            "x": 403,
            "y": 249
          },
          {
            "x": 402,
            "y": 250.0
          },
          {
            "x": 402,
            "y": 251.0
          },
          {
            "x": 401,
            "y": 252
          },
          {
            "x": 401,
            "y": 254.0
          },
          {
            "x": 400,
            "y": 255
          },
          {
            "x": 400,
            "y": 257
          },
          {
            "x": 399,
            "y": 258
          },
          {
            "x": 399,
            "y": 259
          },
          {
            "x": 398,
            "y": 260
          },
          {
            "x": 398,
            "y": 261
          },
          {
            "x": 397,
            "y": 262
          },
          {
            "x": 397,
            "y": 265
          },
          {
            "x": 396,
            "y": 266
          },
          {
            "x": 396,
            "y": 268
          },
          {
            "x": 394,
            "y": 270
          },
          {
            "x": 394,
            "y": 272
          },
          {
            "x": 393,
            "y": 273
          },
          {
            "x": 393,
            "y": 274
          },
          {
            "x": 391,
            "y": 276
          },
          {
            "x": 390,
            "y": 276
          },
          {
            "x": 388,
            "y": 278
          },
          {
            "x": 387,
            "y": 278
          },
          {
            "x": 386,
            "y": 279
          },
          {
            "x": 385,
            "y": 279
          },
          {
            "x": 384,
            "y": 280
          },
          {
            "x": 384,
            "y": 281
          },
          {
            "x": 375,
            "y": 290
          },
          {
            "x": 375,
            "y": 291
          },
          {
            "x": 374,
            "y": 292
          },
          {
            "x": 374,
            "y": 294
          },
          {
            "x": 373,
            "y": 295
          },
          {
            "x": 373,
            "y": 301
          },
          {
            "x": 374,
            "y": 302
          },
          {
            "x": 373,
            "y": 303
          },
          {
            "x": 373,
            "y": 313
          },
          {
            "x": 374,
            "y": 314
          },
          {
            "x": 374,
            "y": 317
          },
          {
            "x": 375,
            "y": 318
          },
          {
            "x": 375,
            "y": 323
          },
          {
            "x": 376,
            "y": 324
          },
          {
            "x": 376,
            "y": 326
          },
          {
            "x": 377,
            "y": 327
          },
          {
            "x": 377,
            "y": 328
          },
          {
            "x": 379,
            "y": 330
          },
          {
            "x": 379,
            "y": 331
          },
          {
            "x": 380,
            "y": 332
          },
          {
            "x": 381,
            "y": 332
          },
          {
            "x": 382,
            "y": 333
          },
          {
            "x": 395,
            "y": 333
          },
          {
            "x": 399,
            "y": 329
          },
          {
            "x": 399,
            "y": 328
          },
          {
            "x": 400,
            "y": 327
          },
          {
            "x": 400,
            "y": 325
          },
          {
            "x": 402,
            "y": 323
          },
          {
            "x": 403,
            "y": 323
          },
          {
            "x": 404,
            "y": 324
          },
          {
            "x": 413.0,
            "y": 324
          },
          {
            "x": 414,
            "y": 325
          },
          {
            "x": 436,
            "y": 325
          },
          {
            "x": 439,
            "y": 328
          },
          {
            "x": 439,
            "y": 329
          },
          {
            "x": 440.0,
            "y": 329
          },
          {
            "x": 442,
            "y": 331
          },
          {
            "x": 453.0,
            "y": 331
          },
          {
            "x": 454,
            "y": 330
          },
          {
            "x": 455,
            "y": 330
          },
          {
            "x": 456.0,
            "y": 329
          },
          {
            "x": 458,
            "y": 329
          },
          {
            "x": 462.0,
            "y": 325
          },
          {
            "x": 466,
            "y": 325
          },
          {
            "x": 467.0,
            "y": 326
          },
          {
            "x": 470.0,
            "y": 326
          },
          {
            "x": 471,
            "y": 325
          },
          {
            "x": 475.0,
            "y": 325
          },
          {
            "x": 476,
            "y": 326
          },
          {
            "x": 477,
            "y": 325
          },
          {
            "x": 500.0,
            "y": 325
          },
          {
            "x": 502.0,
            "y": 323
          },
          {
            "x": 503,
            "y": 323
          },
          {
            "x": 504,
            "y": 322
          },
          {
            "x": 505.0,
            "y": 322
          },
          {
            "x": 506,
            "y": 321
          },
          {
            "x": 506,
            "y": 317
          },
          {
            "x": 507,
            "y": 316
          },
          {
            "x": 508.0,
            "y": 316
          },
          {
            "x": 509,
            "y": 315
          },
          {
            "x": 513,
            "y": 315
          },
          {
            "x": 513,
            "y": 276
          },
          {
            "x": 514,
            "y": 275
          }
        ]
      }
    },
    {
      "annotator": {
        "email": "order@bex.kg",
        "full_name": "Zhaparova  Nurzhan"
      },
      "name": "Transport",
      "polygon": {
        "path": [
          {
            "x": 525,
            "y": 193
          },
          {
            "x": 525,
            "y": 194
          },
          {
            "x": 524,
            "y": 195
          },
          {
            "x": 524,
            "y": 206
          },
          {
            "x": 525,
            "y": 207
          },
          {
            "x": 525,
            "y": 210
          },
          {
            "x": 526,
            "y": 211
          },
          {
            "x": 526,
            "y": 212
          },
          {
            "x": 525,
            "y": 213.0
          },
          {
            "x": 525,
            "y": 214
          },
          {
            "x": 524,
            "y": 215.0
          },
          {
            "x": 524,
            "y": 216
          },
          {
            "x": 523,
            "y": 217.0
          },
          {
            "x": 523,
            "y": 219.0
          },
          {
            "x": 524,
            "y": 220
          },
          {
            "x": 523,
            "y": 221
          },
          {
            "x": 523,
            "y": 242
          },
          {
            "x": 524,
            "y": 243
          },
          {
            "x": 524,
            "y": 314
          },
          {
            "x": 528,
            "y": 314
          },
          {
            "x": 531,
            "y": 317
          },
          {
            "x": 531,
            "y": 320
          },
          {
            "x": 533,
            "y": 322
          },
          {
            "x": 533,
            "y": 323
          },
          {
            "x": 534,
            "y": 324
          },
          {
            "x": 534,
            "y": 332
          },
          {
            "x": 535,
            "y": 333
          },
          {
            "x": 535,
            "y": 339
          },
          {
            "x": 536,
            "y": 340
          },
          {
            "x": 536,
            "y": 355
          },
          {
            "x": 537,
            "y": 356
          },
          {
            "x": 540,
            "y": 356
          },
          {
            "x": 541,
            "y": 355
          },
          {
            "x": 547,
            "y": 355
          },
          {
            "x": 548,
            "y": 354
          },
          {
            "x": 553,
            "y": 354
          },
          {
            "x": 554,
            "y": 353
          },
          {
            "x": 559,
            "y": 353
          },
          {
            "x": 560,
            "y": 352
          },
          {
            "x": 569,
            "y": 352
          },
          {
            "x": 570,
            "y": 351
          },
          {
            "x": 579,
            "y": 351
          },
          {
            "x": 580,
            "y": 350
          },
          {
            "x": 583,
            "y": 350
          },
          {
            "x": 584,
            "y": 349
          },
          {
            "x": 585,
            "y": 349
          },
          {
            "x": 585,
            "y": 347
          },
          {
            "x": 586,
            "y": 346
          },
          {
            "x": 586,
            "y": 342
          },
          {
            "x": 587,
            "y": 341
          },
          {
            "x": 587,
            "y": 340
          },
          {
            "x": 588,
            "y": 339
          },
          {
            "x": 588,
            "y": 338
          },
          {
            "x": 594,
            "y": 332
          },
          {
            "x": 596,
            "y": 332
          },
          {
            "x": 597,
            "y": 331
          },
          {
            "x": 607,
            "y": 331
          },
          {
            "x": 608,
            "y": 330
          },
          {
            "x": 609,
            "y": 331
          },
          {
            "x": 613,
            "y": 331
          },
          {
            "x": 614,
            "y": 332
          },
          {
            "x": 619,
            "y": 332
          },
          {
            "x": 620,
            "y": 333
          },
          {
            "x": 628,
            "y": 333
          },
          {
            "x": 629,
            "y": 334
          },
          {
            "x": 638,
            "y": 334
          },
          {
            "x": 638,
            "y": 208
          },
          {
            "x": 634,
            "y": 208
          },
          {
            "x": 633,
            "y": 207
          },
          {
            "x": 625,
            "y": 207
          },
          {
            "x": 624,
            "y": 206
          },
          {
            "x": 622,
            "y": 206
          },
          {
            "x": 621,
            "y": 205
          },
          {
            "x": 617,
            "y": 205
          },
          {
            "x": 616,
            "y": 204
          },
          {
            "x": 614,
            "y": 204
          },
          {
            "x": 611,
            "y": 201
          },
          {
            "x": 609,
            "y": 201
          },
          {
            "x": 608,
            "y": 200
          },
          {
            "x": 607,
            "y": 200
          },
          {
            "x": 606,
            "y": 199
          },
          {
            "x": 604,
            "y": 199
          },
          {
            "x": 601,
            "y": 202
          },
          {
            "x": 599,
            "y": 202
          },
          {
            "x": 598,
            "y": 203
          },
          {
            "x": 597,
            "y": 202
          },
          {
            "x": 596,
            "y": 202
          },
          {
            "x": 595,
            "y": 201
          },
          {
            "x": 591,
            "y": 201
          },
          {
            "x": 588,
            "y": 204
          },
          {
            "x": 587,
            "y": 204
          },
          {
            "x": 586,
            "y": 205
          },
          {
            "x": 564,
            "y": 205
          },
          {
            "x": 563,
            "y": 204
          },
          {
            "x": 555,
            "y": 204
          },
          {
            "x": 554,
            "y": 205
          },
          {
            "x": 551,
            "y": 205
          },
          {
            "x": 549,
            "y": 203
          },
          {
            "x": 549,
            "y": 202
          },
          {
            "x": 546,
            "y": 202
          },
          {
            "x": 545,
            "y": 201
          },
          {
            "x": 545,
            "y": 195
          },
          {
            "x": 543,
            "y": 193
          },
          {
            "x": 537,
            "y": 193
          },
          {
            "x": 536,
            "y": 192
          },
          {
            "x": 535,
            "y": 192
          },
          {
            "x": 534,
            "y": 193
          },
          {
            "x": 531,
            "y": 193
          },
          {
            "x": 530,
            "y": 192
          },
          {
            "x": 528,
            "y": 192
          },
          {
            "x": 527,
            "y": 193
          }
        ]
      }
    }
  ]
}