{
  "image": {
    "width": 640,
    "height": 427,
    "filename": "00000065.jpg",
    "original_filename": "COCO_test2014_000000575054.jpg",
    "url": "https://darwin.v7labs.com/api/images/1180884/original?token=4b25de6b-1a37-42ba-8685-0c7d525e03f0",
    "thumbnail_url": "https://darwin.v7labs.com/api/images/1180884/thumbnail?token=4b25de6b-1a37-42ba-8685-0c7d525e03f0",
    "workview_url": "https://darwin.v7labs.com/workview?dataset=1153&image=65"
  },
  "dataset": "4_Aizada",
  "annotated": true,
  "annotations": [
    {
      "annotator": {
        "email": "corporate@bex.kg",
        "full_name": "Aizada Tynchybek kyzy"
      },
      "bounding_box": {
        "h": 310.8,
        "w": 164.02,
        "x": 461.22,
        "y": 114.53
      },
      "name": "Women"
    },
    {
      "annotator": {
        "email": "corporate@bex.kg",
        "full_name": "Aizada Tynchybek kyzy"
      },
      "bounding_box": {
        "h": 298.57,
        "w": 135.66,
        "x": 366.15,
        "y": 126.21
      },
      "name": "Women"
    },
    {
      "annotator": {
        "email": "corporate@bex.kg",
        "full_name": "Aizada Tynchybek kyzy"
      },
      "bounding_box": {
        "h": 389.75,
        "w": 133.99,
        "x": 263.29,
        "y": 33.36
      },
      "name": "Men"
    },
    {
      "annotator": {
        "email": "corporate@bex.kg",
        "full_name": "Aizada Tynchybek kyzy"
      },
      "bounding_box": {
        "h": 361.39,
        "w": 165.68,
        "x": 178.22,
        "y": 63.94
      },
      "name": "Women"
    },
    {
      "annotator": {
        "email": "corporate@bex.kg",
        "full_name": "Aizada Tynchybek kyzy"
      },
      "bounding_box": {
        "h": 414.21,
        "w": 233.52,
        "x": -0.81,
        "y": 8.34
      },
      "name": "Men"
    }
  ]
}