{
  "image": {
    "width": 640,
    "height": 480,
    "filename": "00000191.jpg",
    "original_filename": "COCO_test2014_000000576738.jpg",
    "url": "https://darwin.v7labs.com/api/images/1181010/original?token=4b25de6b-1a37-42ba-8685-0c7d525e03f0",
    "thumbnail_url": "https://darwin.v7labs.com/api/images/1181010/thumbnail?token=4b25de6b-1a37-42ba-8685-0c7d525e03f0",
    "workview_url": "https://darwin.v7labs.com/workview?dataset=1153&image=191"
  },
  "dataset": "4_Aizada",
  "annotated": true,
  "annotations": [
    {
      "annotator": {
        "email": "corporate@bex.kg",
        "full_name": "Aizada Tynchybek kyzy"
      },
      "bounding_box": {
        "h": 69.31,
        "w": 25.71,
        "x": 583.54,
        "y": 360.87
      },
      "name": "Men"
    },
    {
      "annotator": {
        "email": "corporate@bex.kg",
        "full_name": "Aizada Tynchybek kyzy"
      },
      "bounding_box": {
        "h": 297.5,
        "w": 193.75,
        "x": 191.25,
        "y": 29.38
      },
      "name": "Men"
    },
    {
      "annotator": {
        "email": "corporate@bex.kg",
        "full_name": "Aizada Tynchybek kyzy"
      },
      "bounding_box": {
        "h": 68.75,
        "w": 186.25,
        "x": 216.25,
        "y": 265.63
      },
      "name": "Object"
    },
    {
      "annotator": {
        "email": "corporate@bex.kg",
        "full_name": "Aizada Tynchybek kyzy"
      },
      "bounding_box": {
        "h": 138.75,
        "w": 347.5,
        "x": 106.25,
        "y": 319.38
      },
      "name": "Object"
    },
    {
      "annotator": {
        "email": "corporate@bex.kg",
        "full_name": "Aizada Tynchybek kyzy"
      },
      "bounding_box": {
        "h": 46.25,
        "w": 76.25,
        "x": -5.62,
        "y": 405.94
      },
      "name": "Men"
    }
  ]
}