{
  "image": {
    "width": 480,
    "height": 640,
    "filename": "00000231.jpg",
    "original_filename": "COCO_test2014_000000577329.jpg",
    "url": "https://darwin.v7labs.com/api/images/1181050/original?token=4b25de6b-1a37-42ba-8685-0c7d525e03f0",
    "thumbnail_url": "https://darwin.v7labs.com/api/images/1181050/thumbnail?token=4b25de6b-1a37-42ba-8685-0c7d525e03f0",
    "workview_url": "https://darwin.v7labs.com/workview?dataset=1153&image=231"
  },
  "dataset": "4_Aizada",
  "annotated": true,
  "annotations": [
    {
      "annotator": {
        "email": "corporate@bex.kg",
        "full_name": "Aizada Tynchybek kyzy"
      },
      "name": "Building Polygon ",
      "polygon": {
        "path": [
          {
            "x": 152,
            "y": 157
          },
          {
            "x": 155,
            "y": 160
          },
          {
            "x": 163,
            "y": 160
          },
          {
            "x": 164,
            "y": 161
          },
          {
            "x": 172,
            "y": 161
          },
          {
            "x": 173,
            "y": 162
          },
          {
            "x": 174,
            "y": 162
          },
          {
            "x": 175,
            "y": 161
          },
          {
            "x": 210,
            "y": 161
          },
          {
            "x": 211,
            "y": 160
          },
          {
            "x": 212,
            "y": 161
          },
          {
            "x": 223,
            "y": 161
          },
          {
            "x": 224,
            "y": 162
          },
          {
            "x": 254.0,
            "y": 162
          },
          {
            "x": 255,
            "y": 161
          },
          {
            "x": 261,
            "y": 161
          },
          {
            "x": 262,
            "y": 162
          },
          {
            "x": 271,
            "y": 162
          },
          {
            "x": 272,
            "y": 161
          },
          {
            "x": 275,
            "y": 161
          },
          {
            "x": 276,
            "y": 160
          },
          {
            "x": 277,
            "y": 160
          },
          {
            "x": 278,
            "y": 161
          },
          {
            "x": 289,
            "y": 161
          },
          {
            "x": 290,
            "y": 160
          },
          {
            "x": 309,
            "y": 160
          },
          {
            "x": 310,
            "y": 159
          },
          {
            "x": 313,
            "y": 159
          },
          {
            "x": 314,
            "y": 158
          },
          {
            "x": 328,
            "y": 158
          },
          {
            "x": 329,
            "y": 159
          },
          {
            "x": 330,
            "y": 159
          },
          {
            "x": 331,
            "y": 160
          },
          {
            "x": 336,
            "y": 160
          },
          {
            "x": 337,
            "y": 159
          },
          {
            "x": 342,
            "y": 159
          },
          {
            "x": 343,
            "y": 160
          },
          {
            "x": 347,
            "y": 160
          },
          {
            "x": 348,
            "y": 161
          },
          {
            "x": 349,
            "y": 161
          },
          {
            "x": 350,
            "y": 162
          },
          {
            "x": 368,
            "y": 162
          },
          {
            "x": 369,
            "y": 161
          },
          {
            "x": 372,
            "y": 161
          },
          {
            "x": 373,
            "y": 160
          },
          {
            "x": 383,
            "y": 160
          },
          {
            "x": 384,
            "y": 161
          },
          {
            "x": 387,
            "y": 161
          },
          {
            "x": 388,
            "y": 162
          },
          {
            "x": 396,
            "y": 162
          },
          {
            "x": 397,
            "y": 163
          },
          {
            "x": 400,
            "y": 163
          },
          {
            "x": 401,
            "y": 164
          },
          {
            "x": 402,
            "y": 164
          },
          {
            "x": 403,
            "y": 163
          },
          {
            "x": 404,
            "y": 163
          },
          {
            "x": 405,
            "y": 164
          },
          {
            "x": 415,
            "y": 164
          },
          {
            "x": 416,
            "y": 163
          },
          {
            "x": 418,
            "y": 163
          },
          {
            "x": 419,
            "y": 162
          },
          {
            "x": 420,
            "y": 162
          },
          {
            "x": 420,
            "y": 161
          },
          {
            "x": 421,
            "y": 160
          },
          {
            "x": 421,
            "y": 146
          },
          {
            "x": 422,
            "y": 145
          },
          {
            "x": 422,
            "y": 144
          },
          {
            "x": 423,
            "y": 143
          },
          {
            "x": 423,
            "y": 140
          },
          {
            "x": 426,
            "y": 137
          },
          {
            "x": 426,
            "y": 134
          },
          {
            "x": 427,
            "y": 133
          },
          {
            "x": 427,
            "y": 131
          },
          {
            "x": 428,
            "y": 130
          },
          {
            "x": 428,
            "y": 125
          },
          {
            "x": 429,
            "y": 124.0
          },
          {
            "x": 429,
            "y": 123
          },
          {
            "x": 430,
            "y": 122
          },
          {
            "x": 430,
            "y": 120
          },
          {
            "x": 431,
            "y": 119
          },
          {
            "x": 431,
            "y": 118.0
          },
          {
            "x": 432,
            "y": 117
          },
          {
            "x": 432,
            "y": 113
          },
          {
            "x": 435,
            "y": 110
          },
          {
            "x": 436,
            "y": 110
          },
          {
            "x": 437,
            "y": 109
          },
          {
            "x": 437,
            "y": 108
          },
          {
            "x": 440,
            "y": 105
          },
          {
            "x": 440,
            "y": 104
          },
          {
            "x": 443,
            "y": 101
          },
          {
            "x": 443,
            "y": 99
          },
          {
            "x": 445,
            "y": 97
          },
          {
            "x": 445,
            "y": 95
          },
          {
            "x": 447,
            "y": 93
          },
          {
            "x": 447,
            "y": 92
          },
          {
            "x": 449,
            "y": 90
          },
          {
            "x": 449,
            "y": 89
          },
          {
            "x": 451,
            "y": 87
          },
          {
            "x": 451,
            "y": 86
          },
          {
            "x": 453,
            "y": 84
          },
          {
            "x": 453,
            "y": 83
          },
          {
            "x": 455.0,
            "y": 81
          },
          {
            "x": 455.0,
            "y": 80
          },
          {
            "x": 458,
            "y": 77
          },
          {
            "x": 458,
            "y": 76
          },
          {
            "x": 460.0,
            "y": 74
          },
          {
            "x": 460.0,
            "y": 72
          },
          {
            "x": 462.0,
            "y": 70
          },
          {
            "x": 462.0,
            "y": 67
          },
          {
            "x": 464,
            "y": 65
          },
          {
            "x": 464,
            "y": 63.0
          },
          {
            "x": 465.0,
            "y": 62.0
          },
          {
            "x": 465.0,
            "y": 61
          },
          {
            "x": 466,
            "y": 60
          },
          {
            "x": 466,
            "y": 59.0
          },
          {
            "x": 468,
            "y": 57
          },
          {
            "x": 468,
            "y": 56
          },
          {
            "x": 470.0,
            "y": 54
          },
          {
            "x": 470.0,
            "y": 53
          },
          {
            "x": 471,
            "y": 52
          },
          {
            "x": 472.0,
            "y": 52
          },
          {
            "x": 472.0,
            "y": 51
          },
          {
            "x": 473,
            "y": 50
          },
          {
            "x": 474.0,
            "y": 50
          },
          {
            "x": 475,
            "y": 49.0
          },
          {
            "x": 477.0,
            "y": 49.0
          },
          {
            "x": 477.0,
            "y": 48
          },
          {
            "x": 478,
            "y": 47
          },
          {
            "x": 478,
            "y": 0
          },
          {
            "x": 196,
            "y": 0
          },
          {
            "x": 194,
            "y": 2.0
          },
          {
            "x": 194,
            "y": 7.0
          },
          {
            "x": 193,
            "y": 8.0
          },
          {
            "x": 193,
            "y": 10
          },
          {
            "x": 192,
            "y": 11.0
          },
          {
            "x": 192,
            "y": 26.0
          },
          {
            "x": 191,
            "y": 27
          },
          {
            "x": 191,
            "y": 29.0
          },
          {
            "x": 190,
            "y": 30
          },
          {
            "x": 190,
            "y": 32.0
          },
          {
            "x": 186,
            "y": 36.0
          },
          {
            "x": 186,
            "y": 37
          },
          {
            "x": 185,
            "y": 38.0
          },
          {
            "x": 184,
            "y": 38.0
          },
          {
            "x": 184,
            "y": 39.0
          },
          {
            "x": 183,
            "y": 40
          },
          {
            "x": 182,
            "y": 40
          },
          {
            "x": 178,
            "y": 44
          },
          {
            "x": 177,
            "y": 44
          },
          {
            "x": 176,
            "y": 45.0
          },
          {
            "x": 175,
            "y": 45.0
          },
          {
            "x": 174,
            "y": 46.0
          },
          {
            "x": 171,
            "y": 46.0
          },
          {
            "x": 167,
            "y": 50
          },
          {
            "x": 167,
            "y": 51
          },
          {
            "x": 166,
            "y": 52
          },
          {
            "x": 166,
            "y": 54
          },
          {
            "x": 165,
            "y": 55
          },
          {
            "x": 165,
            "y": 56
          },
          {
            "x": 164,
            "y": 57
          },
          {
            "x": 164,
            "y": 58
          },
          {
            "x": 163,
            "y": 59.0
          },
          {
            "x": 163,
            "y": 60
          },
          {
            "x": 162,
            "y": 61
          },
          {
            "x": 162,
            "y": 64
          },
          {
            "x": 161,
            "y": 65
          },
          {
            "x": 161,
            "y": 66
          },
          {
            "x": 160,
            "y": 67
          },
          {
            "x": 160,
            "y": 76
          },
          {
            "x": 159,
            "y": 77
          },
          {
            "x": 159,
            "y": 80
          },
          {
            "x": 158,
            "y": 81
          },
          {
            "x": 158,
            "y": 91
          },
          {
            "x": 157,
            "y": 92
          },
          {
            "x": 157,
            "y": 101
          },
          {
            "x": 156,
            "y": 102
          },
          {
            "x": 156,
            "y": 108
          },
          {
            "x": 155,
            "y": 109
          },
          {
            "x": 155,
            "y": 120
          },
          {
            "x": 154,
            "y": 121.0
          },
          {
            "x": 154,
            "y": 147
          },
          {
            "x": 152,
            "y": 149
          }
        ]
      }
    },
    {
      "annotator": {
        "email": "corporate@bex.kg",
        "full_name": "Aizada Tynchybek kyzy"
      },
      "name": "Transport Polygon ",
      "polygon": {
        "path": [
          {
            "x": 417,
            "y": 300
          },
          {
            "x": 416,
            "y": 299
          },
          {
            "x": 416,
            "y": 298
          },
          {
            "x": 413,
            "y": 295
          },
          {
            "x": 412,
            "y": 295
          },
          {
            "x": 411,
            "y": 294
          },
          {
            "x": 409,
            "y": 294
          },
          {
            "x": 408,
            "y": 295
          },
          {
            "x": 404.0,
            "y": 295
          },
          {
            "x": 402,
            "y": 293
          },
          {
            "x": 402,
            "y": 292
          },
          {
            "x": 403,
            "y": 291
          },
          {
            "x": 403,
            "y": 290
          },
          {
            "x": 405.0,
            "y": 288
          },
          {
            "x": 410,
            "y": 288
          },
          {
            "x": 413,
            "y": 285
          },
          {
            "x": 413,
            "y": 282
          },
          {
            "x": 412,
            "y": 281
          },
          {
            "x": 412,
            "y": 280
          },
          {
            "x": 410,
            "y": 280
          },
          {
            "x": 408,
            "y": 278
          },
          {
            "x": 405.0,
            "y": 278
          },
          {
            "x": 405.0,
            "y": 279
          },
          {
            "x": 403,
            "y": 281
          },
          {
            "x": 402,
            "y": 281
          },
          {
            "x": 401,
            "y": 280
          },
          {
            "x": 400,
            "y": 280
          },
          {
            "x": 399,
            "y": 279
          },
          {
            "x": 397,
            "y": 279
          },
          {
            "x": 395,
            "y": 277
          },
          {
            "x": 394,
            "y": 277
          },
          {
            "x": 392.0,
            "y": 275
          },
          {
            "x": 391.0,
            "y": 275
          },
          {
            "x": 390.0,
            "y": 274
          },
          {
            "x": 387,
            "y": 274
          },
          {
            "x": 386,
            "y": 275
          },
          {
            "x": 384,
            "y": 275
          },
          {
            "x": 383,
            "y": 276
          },
          {
            "x": 371,
            "y": 276
          },
          {
            "x": 370,
            "y": 277
          },
          {
            "x": 344,
            "y": 277
          },
          {
            "x": 340,
            "y": 273
          },
          {
            "x": 340,
            "y": 269
          },
          {
            "x": 339,
            "y": 268
          },
          {
            "x": 336.0,
            "y": 268
          },
          {
            "x": 335.0,
            "y": 269
          },
          {
            "x": 334.0,
            "y": 269
          },
          {
            "x": 333.0,
            "y": 270
          },
          {
            "x": 332.0,
            "y": 270
          },
          {
            "x": 328,
            "y": 274
          },
          {
            "x": 326,
            "y": 274
          },
          {
            "x": 325,
            "y": 273
          },
          {
            "x": 320.0,
            "y": 273
          },
          {
            "x": 319.0,
            "y": 272
          },
          {
            "x": 314,
            "y": 272
          },
          {
            "x": 312,
            "y": 274
          },
          {
            "x": 306.0,
            "y": 274
          },
          {
            "x": 305.0,
            "y": 273
          },
          {
            "x": 302,
            "y": 273
          },
          {
            "x": 301,
            "y": 272
          },
          {
            "x": 293.0,
            "y": 272
          },
          {
            "x": 292.0,
            "y": 271
          },
          {
            "x": 289,
            "y": 271
          },
          {
            "x": 288,
            "y": 272
          },
          {
            "x": 287,
            "y": 271
          },
          {
            "x": 284,
            "y": 271
          },
          {
            "x": 283,
            "y": 270
          },
          {
            "x": 279.0,
            "y": 270
          },
          {
            "x": 278.0,
            "y": 271
          },
          {
            "x": 277.0,
            "y": 271
          },
          {
            "x": 274.0,
            "y": 274
          },
          {
            "x": 272,
            "y": 274
          },
          {
            "x": 272,
            "y": 275
          },
          {
            "x": 270,
            "y": 277
          },
          {
            "x": 270,
            "y": 280
          },
          {
            "x": 269,
            "y": 281
          },
          {
            "x": 269,
            "y": 282
          },
          {
            "x": 266.0,
            "y": 285
          },
          {
            "x": 266.0,
            "y": 287
          },
          {
            "x": 263.0,
            "y": 290
          },
          {
            "x": 263.0,
            "y": 291
          },
          {
            "x": 262.0,
            "y": 292
          },
          {
            "x": 260,
            "y": 292
          },
          {
            "x": 259,
            "y": 293
          },
          {
            "x": 252.0,
            "y": 293
          },
          {
            "x": 251.0,
            "y": 294
          },
          {
            "x": 251.0,
            "y": 296
          },
          {
            "x": 252.0,
            "y": 297
          },
          {
            "x": 252.0,
            "y": 298
          },
          {
            "x": 253.0,
            "y": 299
          },
          {
            "x": 253.0,
            "y": 300
          },
          {
            "x": 252.0,
            "y": 301
          },
          {
            "x": 251.0,
            "y": 301
          },
          {
            "x": 250.0,
            "y": 302
          },
          {
            "x": 242,
            "y": 302
          },
          {
            "x": 241,
            "y": 301
          },
          {
            "x": 238.0,
            "y": 301
          },
          {
            "x": 232.0,
            "y": 307
          },
          {
            "x": 229,
            "y": 307
          },
          {
            "x": 228,
            "y": 308
          },
          {
            "x": 222.0,
            "y": 308
          },
          {
            "x": 221.0,
            "y": 309
          },
          {
            "x": 219.0,
            "y": 309
          },
          {
            "x": 218.0,
            "y": 310
          },
          {
            "x": 216.0,
            "y": 310
          },
          {
            "x": 215,
            "y": 311
          },
          {
            "x": 214,
            "y": 311
          },
          {
            "x": 212,
            "y": 313
          },
          {
            "x": 211,
            "y": 313
          },
          {
            "x": 210.0,
            "y": 314
          },
          {
            "x": 210.0,
            "y": 319
          },
          {
            "x": 211,
            "y": 320
          },
          {
            "x": 211,
            "y": 321
          },
          {
            "x": 213,
            "y": 323
          },
          {
            "x": 213,
            "y": 324
          },
          {
            "x": 216.0,
            "y": 327
          },
          {
            "x": 217.0,
            "y": 327
          },
          {
            "x": 218.0,
            "y": 328
          },
          {
            "x": 219.0,
            "y": 328
          },
          {
            "x": 220.0,
            "y": 329
          },
          {
            "x": 221.0,
            "y": 329
          },
          {
            "x": 222.0,
            "y": 330
          },
          {
            "x": 226,
            "y": 330
          },
          {
            "x": 227,
            "y": 331
          },
          {
            "x": 232.0,
            "y": 331
          },
          {
            "x": 234.0,
            "y": 333
          },
          {
            "x": 235.0,
            "y": 333
          },
          {
            "x": 237.0,
            "y": 335
          },
          {
            "x": 237.0,
            "y": 336
          },
          {
            "x": 239.0,
            "y": 336
          },
          {
            "x": 240,
            "y": 337
          },
          {
            "x": 244,
            "y": 337
          },
          {
            "x": 245.0,
            "y": 338
          },
          {
            "x": 253.0,
            "y": 338
          },
          {
            "x": 254,
            "y": 339
          },
          {
            "x": 266.0,
            "y": 339
          },
          {
            "x": 267,
            "y": 340
          },
          {
            "x": 288,
            "y": 340
          },
          {
            "x": 289,
            "y": 341
          },
          {
            "x": 298,
            "y": 341
          },
          {
            "x": 299,
            "y": 342
          },
          {
            "x": 304.0,
            "y": 342
          },
          {
            "x": 305.0,
            "y": 343
          },
          {
            "x": 307.0,
            "y": 343
          },
          {
            "x": 308,
            "y": 342
          },
          {
            "x": 309,
            "y": 342
          },
          {
            "x": 313,
            "y": 338
          },
          {
            "x": 313,
            "y": 336
          },
          {
            "x": 316,
            "y": 333
          },
          {
            "x": 317,
            "y": 333
          },
          {
            "x": 318.0,
            "y": 332
          },
          {
            "x": 319.0,
            "y": 332
          },
          {
            "x": 320.0,
            "y": 331
          },
          {
            "x": 322.0,
            "y": 331
          },
          {
            "x": 323.0,
            "y": 330
          },
          {
            "x": 326,
            "y": 330
          },
          {
            "x": 327,
            "y": 329
          },
          {
            "x": 328,
            "y": 329
          },
          {
            "x": 330,
            "y": 327
          },
          {
            "x": 331.0,
            "y": 327
          },
          {
            "x": 332.0,
            "y": 326
          },
          {
            "x": 333.0,
            "y": 326
          },
          {
            "x": 335.0,
            "y": 324
          },
          {
            "x": 338,
            "y": 324
          },
          {
            "x": 339,
            "y": 323
          },
          {
            "x": 343,
            "y": 323
          },
          {
            "x": 344,
            "y": 324
          },
          {
            "x": 347.0,
            "y": 324
          },
          {
            "x": 348.0,
            "y": 325
          },
          {
            "x": 349.0,
            "y": 325
          },
          {
            "x": 350.0,
            "y": 326
          },
          {
            "x": 351.0,
            "y": 326
          },
          {
            "x": 352,
            "y": 327
          },
          {
            "x": 353,
            "y": 327
          },
          {
            "x": 354,
            "y": 328
          },
          {
            "x": 355,
            "y": 328
          },
          {
            "x": 357,
            "y": 330
          },
          {
            "x": 358,
            "y": 330
          },
          {
            "x": 359,
            "y": 331
          },
          {
            "x": 360.0,
            "y": 331
          },
          {
            "x": 362.0,
            "y": 333
          },
          {
            "x": 363.0,
            "y": 333
          },
          {
            "x": 366,
            "y": 336
          },
          {
            "x": 367,
            "y": 336
          },
          {
            "x": 368,
            "y": 337
          },
          {
            "x": 370,
            "y": 337
          },
          {
            "x": 371,
            "y": 336
          },
          {
            "x": 382,
            "y": 336
          },
          {
            "x": 383,
            "y": 335
          },
          {
            "x": 385,
            "y": 335
          },
          {
            "x": 386,
            "y": 334
          },
          {
            "x": 387,
            "y": 334
          },
          {
            "x": 388,
            "y": 333
          },
          {
            "x": 390.0,
            "y": 333
          },
          {
            "x": 391.0,
            "y": 332
          },
          {
            "x": 393.0,
            "y": 332
          },
          {
            "x": 394,
            "y": 331
          },
          {
            "x": 394,
            "y": 328
          },
          {
            "x": 393.0,
            "y": 327
          },
          {
            "x": 393.0,
            "y": 326
          },
          {
            "x": 392.0,
            "y": 325
          },
          {
            "x": 391.0,
            "y": 325
          },
          {
            "x": 390.0,
            "y": 324
          },
          {
            "x": 390.0,
            "y": 323
          },
          {
            "x": 389,
            "y": 322
          },
          {
            "x": 389,
            "y": 319
          },
          {
            "x": 390.0,
            "y": 318
          },
          {
            "x": 390.0,
            "y": 317
          },
          {
            "x": 392.0,
            "y": 315
          },
          {
            "x": 393.0,
            "y": 315
          },
          {
            "x": 393.0,
            "y": 314
          },
          {
            "x": 394,
            "y": 313
          },
          {
            "x": 395,
            "y": 313
          },
          {
            "x": 396,
            "y": 312
          },
          {
            "x": 397,
            "y": 312
          },
          {
            "x": 398,
            "y": 311
          },
          {
            "x": 403,
            "y": 311
          },
          {
            "x": 405.0,
            "y": 309
          },
          {
            "x": 405.0,
            "y": 307
          },
          {
            "x": 407.0,
            "y": 305
          },
          {
            "x": 408,
            "y": 305
          },
          {
            "x": 409,
            "y": 306
          },
          {
            "x": 411,
            "y": 306
          },
          {
            "x": 412,
            "y": 305
          },
          {
            "x": 414,
            "y": 307
          },
          {
            "x": 414,
            "y": 308
          },
          {
            "x": 415,
            "y": 309
          },
          {
            "x": 416,
            "y": 308
          },
          {
            "x": 416,
            "y": 307
          },
          {
            "x": 417,
            "y": 306
          }
        ]
      }
    }
  ]
}