{
  "image": {
    "width": 640,
    "height": 373,
    "filename": "00000238.jpg",
    "original_filename": "COCO_test2014_000000577391.jpg",
    "url": "https://darwin.v7labs.com/api/images/1181057/original?token=4b25de6b-1a37-42ba-8685-0c7d525e03f0",
    "thumbnail_url": "https://darwin.v7labs.com/api/images/1181057/thumbnail?token=4b25de6b-1a37-42ba-8685-0c7d525e03f0",
    "workview_url": "https://darwin.v7labs.com/workview?dataset=1153&image=238"
  },
  "dataset": "4_Aizada",
  "annotated": true,
  "annotations": [
    {
      "annotator": {
        "email": "corporate@bex.kg",
        "full_name": "Aizada Tynchybek kyzy"
      },
      "name": "Men Polygon ",
      "polygon": {
        "path": [
          {
            "x": 416,
            "y": 140
          },
          {
            "x": 413,
            "y": 143
          },
          {
            "x": 413,
            "y": 145
          },
          {
            "x": 412,
            "y": 146
          },
          {
            "x": 412,
            "y": 157
          },
          {
            "x": 413,
            "y": 157
          },
          {
            "x": 414,
            "y": 158
          },
          {
            "x": 414,
            "y": 161
          },
          {
            "x": 413,
            "y": 162
          },
          {
            "x": 413,
            "y": 164
          },
          {
            "x": 412,
            "y": 165
          },
          {
            "x": 412,
            "y": 167
          },
          {
            "x": 411,
            "y": 168
          },
          {
            "x": 411,
            "y": 184
          },
          {
            "x": 412,
            "y": 185
          },
          {
            "x": 412,
            "y": 188
          },
          {
            "x": 413,
            "y": 189
          },
          {
            "x": 413,
            "y": 191
          },
          {
            "x": 414,
            "y": 192
          },
          {
            "x": 414,
            "y": 194
          },
          {
            "x": 415,
            "y": 195
          },
          {
            "x": 415,
            "y": 198
          },
          {
            "x": 416,
            "y": 199
          },
          {
            "x": 416,
            "y": 200
          },
          {
            "x": 418,
            "y": 202
          },
          {
            "x": 418,
            "y": 203
          },
          {
            "x": 419,
            "y": 204
          },
          {
            "x": 419,
            "y": 205
          },
          {
            "x": 420,
            "y": 206
          },
          {
            "x": 420,
            "y": 210
          },
          {
            "x": 421,
            "y": 211
          },
          {
            "x": 421,
            "y": 213
          },
          {
            "x": 420,
            "y": 214
          },
          {
            "x": 420,
            "y": 216
          },
          {
            "x": 421,
            "y": 217
          },
          {
            "x": 421,
            "y": 223
          },
          {
            "x": 422,
            "y": 224
          },
          {
            "x": 422,
            "y": 226
          },
          {
            "x": 423,
            "y": 227
          },
          {
            "x": 423,
            "y": 228
          },
          {
            "x": 424,
            "y": 229
          },
          {
            "x": 424,
            "y": 230
          },
          {
            "x": 425,
            "y": 231
          },
          {
            "x": 425,
            "y": 234
          },
          {
            "x": 426,
            "y": 235
          },
          {
            "x": 426,
            "y": 247
          },
          {
            "x": 425,
            "y": 248
          },
          {
            "x": 425,
            "y": 249.0
          },
          {
            "x": 422,
            "y": 252
          },
          {
            "x": 419,
            "y": 252
          },
          {
            "x": 418,
            "y": 253.0
          },
          {
            "x": 416,
            "y": 253.0
          },
          {
            "x": 415,
            "y": 254
          },
          {
            "x": 413,
            "y": 254
          },
          {
            "x": 412,
            "y": 255.0
          },
          {
            "x": 411,
            "y": 255.0
          },
          {
            "x": 409,
            "y": 257
          },
          {
            "x": 408,
            "y": 257
          },
          {
            "x": 407,
            "y": 258
          },
          {
            "x": 406,
            "y": 258
          },
          {
            "x": 405,
            "y": 259
          },
          {
            "x": 403,
            "y": 259
          },
          {
            "x": 402,
            "y": 260
          },
          {
            "x": 399,
            "y": 260
          },
          {
            "x": 398,
            "y": 261
          },
          {
            "x": 396,
            "y": 261
          },
          {
            "x": 395,
            "y": 262
          },
          {
            "x": 392,
            "y": 262
          },
          {
            "x": 391,
            "y": 263
          },
          {
            "x": 389,
            "y": 263
          },
          {
            "x": 388,
            "y": 264
          },
          {
            "x": 387,
            "y": 264
          },
          {
            "x": 386,
            "y": 265
          },
          {
            "x": 386,
            "y": 267
          },
          {
            "x": 385,
            "y": 268
          },
          {
            "x": 385,
            "y": 271
          },
          {
            "x": 384,
            "y": 272
          },
          {
            "x": 384,
            "y": 274
          },
          {
            "x": 383,
            "y": 275
          },
          {
            "x": 383,
            "y": 284
          },
          {
            "x": 384,
            "y": 285
          },
          {
            "x": 385,
            "y": 285
          },
          {
            "x": 386,
            "y": 286
          },
          {
            "x": 388,
            "y": 286
          },
          {
            "x": 389,
            "y": 285
          },
          {
            "x": 390,
            "y": 285
          },
          {
            "x": 391,
            "y": 284
          },
          {
            "x": 391,
            "y": 283
          },
          {
            "x": 393,
            "y": 281
          },
          {
            "x": 393,
            "y": 280
          },
          {
            "x": 395,
            "y": 278
          },
          {
            "x": 395,
            "y": 277
          },
          {
            "x": 396,
            "y": 276
          },
          {
            "x": 397,
            "y": 276
          },
          {
            "x": 398,
            "y": 275
          },
          {
            "x": 399,
            "y": 275
          },
          {
            "x": 400,
            "y": 274
          },
          {
            "x": 401,
            "y": 274
          },
          {
            "x": 402,
            "y": 273
          },
          {
            "x": 407,
            "y": 273
          },
          {
            "x": 408,
            "y": 272
          },
          {
            "x": 415,
            "y": 272
          },
          {
            "x": 416,
            "y": 271
          },
          {
            "x": 418,
            "y": 271
          },
          {
            "x": 419,
            "y": 270
          },
          {
            "x": 420,
            "y": 270
          },
          {
            "x": 421,
            "y": 269
          },
          {
            "x": 422,
            "y": 269
          },
          {
            "x": 424,
            "y": 267
          },
          {
            "x": 425,
            "y": 267
          },
          {
            "x": 426,
            "y": 266
          },
          {
            "x": 427,
            "y": 266
          },
          {
            "x": 428,
            "y": 265
          },
          {
            "x": 429,
            "y": 265
          },
          {
            "x": 430,
            "y": 264
          },
          {
            "x": 431,
            "y": 264
          },
          {
            "x": 432,
            "y": 263
          },
          {
            "x": 433,
            "y": 263
          },
          {
            "x": 437,
            "y": 259
          },
          {
            "x": 437,
            "y": 258
          },
          {
            "x": 439,
            "y": 256
          },
          {
            "x": 439,
            "y": 255.0
          },
          {
            "x": 440,
            "y": 254
          },
          {
            "x": 440,
            "y": 253.0
          },
          {
            "x": 441,
            "y": 252
          },
          {
            "x": 441,
            "y": 251.0
          },
          {
            "x": 442,
            "y": 250
          },
          {
            "x": 442,
            "y": 249.0
          },
          {
            "x": 443,
            "y": 248
          },
          {
            "x": 443,
            "y": 247
          },
          {
            "x": 444,
            "y": 246
          },
          {
            "x": 444,
            "y": 245
          },
          {
            "x": 445,
            "y": 244
          },
          {
            "x": 445,
            "y": 242
          },
          {
            "x": 446,
            "y": 241
          },
          {
            "x": 446,
            "y": 240
          },
          {
            "x": 447,
            "y": 239
          },
          {
            "x": 447,
            "y": 238
          },
          {
            "x": 448,
            "y": 237
          },
          {
            "x": 448,
            "y": 236
          },
          {
            "x": 450,
            "y": 234
          },
          {
            "x": 452,
            "y": 234
          },
          {
            "x": 453,
            "y": 235
          },
          {
            "x": 454,
            "y": 235
          },
          {
            "x": 455,
            "y": 236
          },
          {
            "x": 456,
            "y": 236
          },
          {
            "x": 457,
            "y": 237
          },
          {
            "x": 458,
            "y": 237
          },
          {
            "x": 459,
            "y": 238
          },
          {
            "x": 460,
            "y": 238
          },
          {
            "x": 461,
            "y": 239
          },
          {
            "x": 462,
            "y": 239
          },
          {
            "x": 465,
            "y": 242
          },
          {
            "x": 466,
            "y": 242
          },
          {
            "x": 470,
            "y": 246
          },
          {
            "x": 470,
            "y": 247
          },
          {
            "x": 471,
            "y": 248
          },
          {
            "x": 471,
            "y": 249.0
          },
          {
            "x": 472,
            "y": 250
          },
          {
            "x": 472,
            "y": 251.0
          },
          {
            "x": 473,
            "y": 252
          },
          {
            "x": 473,
            "y": 253.0
          },
          {
            "x": 475,
            "y": 255.0
          },
          {
            "x": 475,
            "y": 256
          },
          {
            "x": 476,
            "y": 257
          },
          {
            "x": 476,
            "y": 258
          },
          {
            "x": 477.0,
            "y": 259
          },
          {
            "x": 477.0,
            "y": 260
          },
          {
            "x": 478.0,
            "y": 261
          },
          {
            "x": 478.0,
            "y": 263
          },
          {
            "x": 479,
            "y": 264
          },
          {
            "x": 479,
            "y": 266
          },
          {
            "x": 480,
            "y": 267
          },
          {
            "x": 480,
            "y": 268
          },
          {
            "x": 481.0,
            "y": 269
          },
          {
            "x": 481.0,
            "y": 271
          },
          {
            "x": 482.0,
            "y": 272
          },
          {
            "x": 482.0,
            "y": 273
          },
          {
            "x": 483,
            "y": 274
          },
          {
            "x": 483,
            "y": 276
          },
          {
            "x": 484,
            "y": 277
          },
          {
            "x": 484,
            "y": 282
          },
          {
            "x": 485.0,
            "y": 283
          },
          {
            "x": 485.0,
            "y": 284
          },
          {
            "x": 486.0,
            "y": 285
          },
          {
            "x": 493.0,
            "y": 285
          },
          {
            "x": 494.0,
            "y": 286
          },
          {
            "x": 495,
            "y": 285
          },
          {
            "x": 498.0,
            "y": 285
          },
          {
            "x": 499,
            "y": 286
          },
          {
            "x": 504,
            "y": 286
          },
          {
            "x": 505.0,
            "y": 285
          },
          {
            "x": 505.0,
            "y": 284
          },
          {
            "x": 501.0,
            "y": 280
          },
          {
            "x": 501.0,
            "y": 279
          },
          {
            "x": 500,
            "y": 278
          },
          {
            "x": 500,
            "y": 277
          },
          {
            "x": 499,
            "y": 276
          },
          {
            "x": 499,
            "y": 271
          },
          {
            "x": 498.0,
            "y": 270
          },
          {
            "x": 498.0,
            "y": 267
          },
          {
            "x": 497.0,
            "y": 267
          },
          {
            "x": 496,
            "y": 266
          },
          {
            "x": 494.0,
            "y": 266
          },
          {
            "x": 492,
            "y": 264
          },
          {
            "x": 492,
            "y": 262
          },
          {
            "x": 491,
            "y": 261
          },
          {
            "x": 491,
            "y": 259
          },
          {
            "x": 490.0,
            "y": 258
          },
          {
            "x": 490.0,
            "y": 255.0
          },
          {
            "x": 489.0,
            "y": 254
          },
          {
            "x": 489.0,
            "y": 251.0
          },
          {
            "x": 488,
            "y": 250
          },
          {
            "x": 488,
            "y": 249.0
          },
          {
            "x": 486.0,
            "y": 247
          },
          {
            "x": 486.0,
            "y": 246
          },
          {
            "x": 485.0,
            "y": 245
          },
          {
            "x": 485.0,
            "y": 244
          },
          {
            "x": 484,
            "y": 243
          },
          {
            "x": 484,
            "y": 242
          },
          {
            "x": 482.0,
            "y": 240
          },
          {
            "x": 482.0,
            "y": 239
          },
          {
            "x": 481.0,
            "y": 238
          },
          {
            "x": 481.0,
            "y": 237
          },
          {
            "x": 480,
            "y": 236
          },
          {
            "x": 480,
            "y": 235
          },
          {
            "x": 471,
            "y": 226
          },
          {
            "x": 471,
            "y": 225
          },
          {
            "x": 462,
            "y": 216
          },
          {
            "x": 461,
            "y": 216
          },
          {
            "x": 456,
            "y": 211
          },
          {
            "x": 455,
            "y": 211
          },
          {
            "x": 449,
            "y": 205
          },
          {
            "x": 448,
            "y": 205
          },
          {
            "x": 446,
            "y": 203
          },
          {
            "x": 446,
            "y": 200
          },
          {
            "x": 447,
            "y": 199
          },
          {
            "x": 447,
            "y": 198
          },
          {
            "x": 448,
            "y": 197
          },
          {
            "x": 448,
            "y": 196
          },
          {
            "x": 451,
            "y": 193
          },
          {
            "x": 451,
            "y": 192
          },
          {
            "x": 454,
            "y": 189
          },
          {
            "x": 454,
            "y": 188
          },
          {
            "x": 455,
            "y": 187
          },
          {
            "x": 455,
            "y": 183
          },
          {
            "x": 457,
            "y": 181
          },
          {
            "x": 457,
            "y": 180
          },
          {
            "x": 456,
            "y": 179
          },
          {
            "x": 455,
            "y": 179
          },
          {
            "x": 454,
            "y": 178
          },
          {
            "x": 454,
            "y": 177
          },
          {
            "x": 455,
            "y": 176
          },
          {
            "x": 462,
            "y": 176
          },
          {
            "x": 462,
            "y": 175
          },
          {
            "x": 463,
            "y": 174
          },
          {
            "x": 464,
            "y": 174
          },
          {
            "x": 465,
            "y": 173
          },
          {
            "x": 468,
            "y": 173
          },
          {
            "x": 468,
            "y": 172
          },
          {
            "x": 467,
            "y": 171
          },
          {
            "x": 467,
            "y": 170
          },
          {
            "x": 466,
            "y": 169
          },
          {
            "x": 466,
            "y": 168
          },
          {
            "x": 465,
            "y": 167
          },
          {
            "x": 465,
            "y": 166
          },
          {
            "x": 464,
            "y": 166
          },
          {
            "x": 462,
            "y": 164
          },
          {
            "x": 461,
            "y": 164
          },
          {
            "x": 459,
            "y": 162
          },
          {
            "x": 459,
            "y": 161
          },
          {
            "x": 458,
            "y": 160
          },
          {
            "x": 458,
            "y": 159
          },
          {
            "x": 457,
            "y": 158
          },
          {
            "x": 455,
            "y": 158
          },
          {
            "x": 454,
            "y": 157
          },
          {
            "x": 446,
            "y": 157
          },
          {
            "x": 445,
            "y": 156
          },
          {
            "x": 441,
            "y": 156
          },
          {
            "x": 439,
            "y": 154
          },
          {
            "x": 439,
            "y": 153
          },
          {
            "x": 438,
            "y": 152
          },
          {
            "x": 438,
            "y": 151
          },
          {
            "x": 437,
            "y": 151
          },
          {
            "x": 436,
            "y": 150
          },
          {
            "x": 435,
            "y": 150
          },
          {
            "x": 433,
            "y": 148
          },
          {
            "x": 433,
            "y": 146
          },
          {
            "x": 432,
            "y": 145
          },
          {
            "x": 432,
            "y": 144
          },
          {
            "x": 429,
            "y": 141
          },
          {
            "x": 428,
            "y": 141
          },
          {
            "x": 427,
            "y": 140
          },
          {
            "x": 423,
            "y": 140
          },
          {
            "x": 422,
            "y": 139
          },
          {
            "x": 420,
            "y": 139
          },
          {
            "x": 419,
            "y": 140
          }
        ]
      }
    },
    {
      "annotator": {
        "email": "corporate@bex.kg",
        "full_name": "Aizada Tynchybek kyzy"
      },
      "name": "Men Polygon ",
      "polygon": {
        "path": [
          {
            "x": 336,
            "y": 199
          },
          {
            "x": 334,
            "y": 201
          },
          {
            "x": 333,
            "y": 201
          },
          {
            "x": 332,
            "y": 200
          },
          {
            "x": 327,
            "y": 200
          },
          {
            "x": 326,
            "y": 201
          },
          {
            "x": 321,
            "y": 201
          },
          {
            "x": 320,
            "y": 202
          },
          {
            "x": 313,
            "y": 202
          },
          {
            "x": 312,
            "y": 203
          },
          {
            "x": 307,
            "y": 203
          },
          {
            "x": 306,
            "y": 202
          },
          {
            "x": 301,
            "y": 202
          },
          {
            "x": 298,
            "y": 199
          },
          {
            "x": 298,
            "y": 198
          },
          {
            "x": 297,
            "y": 197
          },
          {
            "x": 297,
            "y": 189
          },
          {
            "x": 298,
            "y": 188
          },
          {
            "x": 298,
            "y": 187
          },
          {
            "x": 297,
            "y": 186
          },
          {
            "x": 297,
            "y": 183
          },
          {
            "x": 296,
            "y": 183
          },
          {
            "x": 295,
            "y": 182
          },
          {
            "x": 294,
            "y": 182
          },
          {
            "x": 293,
            "y": 181
          },
          {
            "x": 288,
            "y": 181
          },
          {
            "x": 287,
            "y": 180
          },
          {
            "x": 285,
            "y": 180
          },
          {
            "x": 284,
            "y": 179
          },
          {
            "x": 281,
            "y": 179
          },
          {
            "x": 280,
            "y": 180
          },
          {
            "x": 277,
            "y": 180
          },
          {
            "x": 276,
            "y": 181
          },
          {
            "x": 275,
            "y": 181
          },
          {
            "x": 271,
            "y": 185
          },
          {
            "x": 271,
            "y": 186
          },
          {
            "x": 270,
            "y": 187
          },
          {
            "x": 270,
            "y": 193
          },
          {
            "x": 271,
            "y": 194
          },
          {
            "x": 271,
            "y": 197
          },
          {
            "x": 265,
            "y": 203
          },
          {
            "x": 264,
            "y": 203
          },
          {
            "x": 263,
            "y": 204
          },
          {
            "x": 262,
            "y": 204
          },
          {
            "x": 256,
            "y": 210
          },
          {
            "x": 256,
            "y": 211
          },
          {
            "x": 253,
            "y": 214
          },
          {
            "x": 253,
            "y": 215
          },
          {
            "x": 251,
            "y": 217
          },
          {
            "x": 251,
            "y": 218
          },
          {
            "x": 250,
            "y": 219
          },
          {
            "x": 250,
            "y": 220
          },
          {
            "x": 249,
            "y": 221
          },
          {
            "x": 249,
            "y": 224
          },
          {
            "x": 248,
            "y": 225
          },
          {
            "x": 248,
            "y": 226
          },
          {
            "x": 246,
            "y": 228
          },
          {
            "x": 246,
            "y": 229
          },
          {
            "x": 245,
            "y": 230
          },
          {
            "x": 245,
            "y": 231
          },
          {
            "x": 244,
            "y": 232
          },
          {
            "x": 244,
            "y": 234
          },
          {
            "x": 243,
            "y": 235
          },
          {
            "x": 243,
            "y": 236
          },
          {
            "x": 242,
            "y": 237
          },
          {
            "x": 242,
            "y": 238
          },
          {
            "x": 241,
            "y": 239
          },
          {
            "x": 241,
            "y": 240
          },
          {
            "x": 240,
            "y": 241
          },
          {
            "x": 240,
            "y": 248
          },
          {
            "x": 241,
            "y": 249
          },
          {
            "x": 241,
            "y": 253
          },
          {
            "x": 240,
            "y": 254
          },
          {
            "x": 240,
            "y": 258
          },
          {
            "x": 241,
            "y": 259
          },
          {
            "x": 241,
            "y": 262
          },
          {
            "x": 242,
            "y": 263
          },
          {
            "x": 242,
            "y": 264
          },
          {
            "x": 245,
            "y": 267
          },
          {
            "x": 246,
            "y": 267
          },
          {
            "x": 248,
            "y": 269
          },
          {
            "x": 250,
            "y": 269
          },
          {
            "x": 252,
            "y": 271
          },
          {
            "x": 250,
            "y": 273
          },
          {
            "x": 250,
            "y": 274
          },
          {
            "x": 249,
            "y": 275
          },
          {
            "x": 249,
            "y": 277
          },
          {
            "x": 247,
            "y": 279
          },
          {
            "x": 247,
            "y": 280
          },
          {
            "x": 246,
            "y": 281
          },
          {
            "x": 246,
            "y": 282
          },
          {
            "x": 245,
            "y": 283
          },
          {
            "x": 245,
            "y": 284
          },
          {
            "x": 248,
            "y": 287
          },
          {
            "x": 249,
            "y": 287
          },
          {
            "x": 250,
            "y": 288
          },
          {
            "x": 263,
            "y": 288
          },
          {
            "x": 265,
            "y": 286
          },
          {
            "x": 265,
            "y": 285
          },
          {
            "x": 266,
            "y": 284
          },
          {
            "x": 267,
            "y": 284
          },
          {
            "x": 267,
            "y": 281
          },
          {
            "x": 266,
            "y": 280
          },
          {
            "x": 266,
            "y": 279
          },
          {
            "x": 268,
            "y": 277
          },
          {
            "x": 269,
            "y": 278
          },
          {
            "x": 270,
            "y": 278
          },
          {
            "x": 272,
            "y": 280
          },
          {
            "x": 272,
            "y": 281
          },
          {
            "x": 273,
            "y": 282
          },
          {
            "x": 279,
            "y": 282
          },
          {
            "x": 281,
            "y": 284
          },
          {
            "x": 283,
            "y": 284
          },
          {
            "x": 284,
            "y": 285
          },
          {
            "x": 293,
            "y": 285
          },
          {
            "x": 294,
            "y": 284
          },
          {
            "x": 294,
            "y": 283
          },
          {
            "x": 295,
            "y": 282
          },
          {
            "x": 295,
            "y": 281
          },
          {
            "x": 294,
            "y": 280
          },
          {
            "x": 294,
            "y": 279
          },
          {
            "x": 293,
            "y": 278
          },
          {
            "x": 293,
            "y": 277
          },
          {
            "x": 292,
            "y": 276
          },
          {
            "x": 291,
            "y": 276
          },
          {
            "x": 290,
            "y": 275
          },
          {
            "x": 287,
            "y": 275
          },
          {
            "x": 286,
            "y": 274
          },
          {
            "x": 287,
            "y": 273
          },
          {
            "x": 287,
            "y": 272
          },
          {
            "x": 288,
            "y": 271
          },
          {
            "x": 289,
            "y": 271
          },
          {
            "x": 291,
            "y": 269
          },
          {
            "x": 291,
            "y": 268
          },
          {
            "x": 292,
            "y": 267
          },
          {
            "x": 293,
            "y": 267
          },
          {
            "x": 294,
            "y": 266
          },
          {
            "x": 294,
            "y": 265
          },
          {
            "x": 302,
            "y": 257
          },
          {
            "x": 302,
            "y": 256
          },
          {
            "x": 303,
            "y": 255.0
          },
          {
            "x": 303,
            "y": 254
          },
          {
            "x": 304,
            "y": 253
          },
          {
            "x": 304,
            "y": 252
          },
          {
            "x": 305,
            "y": 251
          },
          {
            "x": 305,
            "y": 250
          },
          {
            "x": 306,
            "y": 249
          },
          {
            "x": 306,
            "y": 243
          },
          {
            "x": 307,
            "y": 242
          },
          {
            "x": 307,
            "y": 238
          },
          {
            "x": 305,
            "y": 236
          },
          {
            "x": 304,
            "y": 236
          },
          {
            "x": 303,
            "y": 235
          },
          {
            "x": 301,
            "y": 235
          },
          {
            "x": 300,
            "y": 234
          },
          {
            "x": 298,
            "y": 234
          },
          {
            "x": 297,
            "y": 235
          },
          {
            "x": 296,
            "y": 235
          },
          {
            "x": 295,
            "y": 236
          },
          {
            "x": 291,
            "y": 236
          },
          {
            "x": 290,
            "y": 237
          },
          {
            "x": 288,
            "y": 237
          },
          {
            "x": 285,
            "y": 234
          },
          {
            "x": 285,
            "y": 231
          },
          {
            "x": 286,
            "y": 230
          },
          {
            "x": 290,
            "y": 230
          },
          {
            "x": 291,
            "y": 231
          },
          {
            "x": 292,
            "y": 231
          },
          {
            "x": 293,
            "y": 232
          },
          {
            "x": 294,
            "y": 232
          },
          {
            "x": 295,
            "y": 231
          },
          {
            "x": 294,
            "y": 230
          },
          {
            "x": 294,
            "y": 226
          },
          {
            "x": 295,
            "y": 225
          },
          {
            "x": 295,
            "y": 221
          },
          {
            "x": 296,
            "y": 220
          },
          {
            "x": 296,
            "y": 219
          },
          {
            "x": 297,
            "y": 218
          },
          {
            "x": 298,
            "y": 218
          },
          {
            "x": 300,
            "y": 216
          },
          {
            "x": 300,
            "y": 215
          },
          {
            "x": 302,
            "y": 213
          },
          {
            "x": 306,
            "y": 213
          },
          {
            "x": 307,
            "y": 214
          },
          {
            "x": 312,
            "y": 214
          },
          {
            "x": 313,
            "y": 213
          },
          {
            "x": 314,
            "y": 213
          },
          {
            "x": 315,
            "y": 212
          },
          {
            "x": 319,
            "y": 212
          },
          {
            "x": 320,
            "y": 211
          },
          {
            "x": 324,
            "y": 211
          },
          {
            "x": 325,
            "y": 210
          },
          {
            "x": 331,
            "y": 210
          },
          {
            "x": 334,
            "y": 207
          },
          {
            "x": 335,
            "y": 207
          },
          {
            "x": 336,
            "y": 206
          },
          {
            "x": 337,
            "y": 206
          },
          {
            "x": 338,
            "y": 205
          },
          {
            "x": 339,
            "y": 205
          },
          {
            "x": 339,
            "y": 204
          },
          {
            "x": 338,
            "y": 203
          },
          {
            "x": 338,
            "y": 201
          }
        ]
      }
    },
    {
      "annotator": {
        "email": "corporate@bex.kg",
        "full_name": "Aizada Tynchybek kyzy"
      },
      "name": "Men Polygon ",
      "polygon": {
        "path": [
          {
            "x": 247,
            "y": 165
          },
          {
            "x": 246,
            "y": 164
          },
          {
            "x": 245,
            "y": 164
          },
          {
            "x": 244.0,
            "y": 163
          },
          {
            "x": 243.0,
            "y": 163
          },
          {
            "x": 242.0,
            "y": 162
          },
          {
            "x": 240,
            "y": 162
          },
          {
            "x": 239,
            "y": 161
          },
          {
            "x": 238,
            "y": 161
          },
          {
            "x": 237,
            "y": 160
          },
          {
            "x": 229,
            "y": 160
          },
          {
            "x": 228,
            "y": 161
          },
          {
            "x": 227.0,
            "y": 161
          },
          {
            "x": 226.0,
            "y": 162
          },
          {
            "x": 225.0,
            "y": 162
          },
          {
            "x": 222,
            "y": 165
          },
          {
            "x": 222,
            "y": 166
          },
          {
            "x": 221,
            "y": 167
          },
          {
            "x": 221,
            "y": 169
          },
          {
            "x": 220,
            "y": 170
          },
          {
            "x": 220,
            "y": 171
          },
          {
            "x": 218.0,
            "y": 173
          },
          {
            "x": 218.0,
            "y": 174
          },
          {
            "x": 215,
            "y": 177
          },
          {
            "x": 214,
            "y": 177
          },
          {
            "x": 213,
            "y": 178
          },
          {
            "x": 211,
            "y": 178
          },
          {
            "x": 210.0,
            "y": 179
          },
          {
            "x": 209.0,
            "y": 179
          },
          {
            "x": 208.0,
            "y": 180
          },
          {
            "x": 207.0,
            "y": 180
          },
          {
            "x": 205,
            "y": 182
          },
          {
            "x": 204,
            "y": 182
          },
          {
            "x": 203,
            "y": 183
          },
          {
            "x": 202.0,
            "y": 183
          },
          {
            "x": 197,
            "y": 188
          },
          {
            "x": 197,
            "y": 189
          },
          {
            "x": 194,
            "y": 192
          },
          {
            "x": 194,
            "y": 193
          },
          {
            "x": 190.0,
            "y": 197
          },
          {
            "x": 189,
            "y": 197
          },
          {
            "x": 186,
            "y": 200
          },
          {
            "x": 185.0,
            "y": 200
          },
          {
            "x": 184.0,
            "y": 201
          },
          {
            "x": 184.0,
            "y": 202
          },
          {
            "x": 179,
            "y": 207
          },
          {
            "x": 179,
            "y": 208
          },
          {
            "x": 177,
            "y": 210
          },
          {
            "x": 176,
            "y": 210
          },
          {
            "x": 174,
            "y": 212
          },
          {
            "x": 173,
            "y": 212
          },
          {
            "x": 172,
            "y": 213
          },
          {
            "x": 171,
            "y": 213
          },
          {
            "x": 170,
            "y": 214
          },
          {
            "x": 169,
            "y": 214
          },
          {
            "x": 167,
            "y": 216.0
          },
          {
            "x": 166,
            "y": 216.0
          },
          {
            "x": 165,
            "y": 217.0
          },
          {
            "x": 164,
            "y": 217.0
          },
          {
            "x": 162,
            "y": 219.0
          },
          {
            "x": 162,
            "y": 220
          },
          {
            "x": 161,
            "y": 221
          },
          {
            "x": 161,
            "y": 226.0
          },
          {
            "x": 162,
            "y": 227.0
          },
          {
            "x": 162,
            "y": 228
          },
          {
            "x": 163,
            "y": 229
          },
          {
            "x": 163,
            "y": 233.0
          },
          {
            "x": 160,
            "y": 236.0
          },
          {
            "x": 160,
            "y": 237
          },
          {
            "x": 159,
            "y": 238
          },
          {
            "x": 158,
            "y": 238
          },
          {
            "x": 156,
            "y": 240
          },
          {
            "x": 155,
            "y": 240
          },
          {
            "x": 151,
            "y": 244.0
          },
          {
            "x": 150,
            "y": 244.0
          },
          {
            "x": 149,
            "y": 245
          },
          {
            "x": 147,
            "y": 245
          },
          {
            "x": 144,
            "y": 248
          },
          {
            "x": 142,
            "y": 248
          },
          {
            "x": 141,
            "y": 249
          },
          {
            "x": 140,
            "y": 249
          },
          {
            "x": 139,
            "y": 250
          },
          {
            "x": 138,
            "y": 250
          },
          {
            "x": 137,
            "y": 251.0
          },
          {
            "x": 136,
            "y": 251.0
          },
          {
            "x": 135,
            "y": 252.0
          },
          {
            "x": 134,
            "y": 252.0
          },
          {
            "x": 133,
            "y": 253.0
          },
          {
            "x": 132,
            "y": 253.0
          },
          {
            "x": 130,
            "y": 255
          },
          {
            "x": 129,
            "y": 255
          },
          {
            "x": 127,
            "y": 257
          },
          {
            "x": 125,
            "y": 257
          },
          {
            "x": 124,
            "y": 258
          },
          {
            "x": 123,
            "y": 258
          },
          {
            "x": 121.0,
            "y": 260
          },
          {
            "x": 120,
            "y": 260
          },
          {
            "x": 119,
            "y": 261
          },
          {
            "x": 117.0,
            "y": 261
          },
          {
            "x": 116,
            "y": 262
          },
          {
            "x": 115,
            "y": 262
          },
          {
            "x": 114,
            "y": 263
          },
          {
            "x": 113.0,
            "y": 263
          },
          {
            "x": 112,
            "y": 264
          },
          {
            "x": 112,
            "y": 265
          },
          {
            "x": 111,
            "y": 266
          },
          {
            "x": 111,
            "y": 268
          },
          {
            "x": 109.0,
            "y": 270
          },
          {
            "x": 109.0,
            "y": 271
          },
          {
            "x": 107,
            "y": 273
          },
          {
            "x": 107,
            "y": 277
          },
          {
            "x": 108.0,
            "y": 278
          },
          {
            "x": 108.0,
            "y": 280
          },
          {
            "x": 109.0,
            "y": 281
          },
          {
            "x": 109.0,
            "y": 282
          },
          {
            "x": 112,
            "y": 285
          },
          {
            "x": 113.0,
            "y": 285
          },
          {
            "x": 115,
            "y": 287
          },
          {
            "x": 122.0,
            "y": 287
          },
          {
            "x": 123,
            "y": 286
          },
          {
            "x": 124,
            "y": 286
          },
          {
            "x": 125,
            "y": 285
          },
          {
            "x": 125,
            "y": 284
          },
          {
            "x": 126.0,
            "y": 283
          },
          {
            "x": 126.0,
            "y": 281
          },
          {
            "x": 125,
            "y": 280
          },
          {
            "x": 125,
            "y": 278
          },
          {
            "x": 124,
            "y": 277
          },
          {
            "x": 124,
            "y": 275
          },
          {
            "x": 126.0,
            "y": 273
          },
          {
            "x": 129,
            "y": 273
          },
          {
            "x": 131,
            "y": 275
          },
          {
            "x": 132,
            "y": 275
          },
          {
            "x": 133,
            "y": 276
          },
          {
            "x": 134,
            "y": 276
          },
          {
            "x": 135,
            "y": 277
          },
          {
            "x": 137,
            "y": 277
          },
          {
            "x": 138,
            "y": 276
          },
          {
            "x": 139,
            "y": 276
          },
          {
            "x": 142,
            "y": 273
          },
          {
            "x": 143,
            "y": 273
          },
          {
            "x": 147,
            "y": 269
          },
          {
            "x": 148,
            "y": 269
          },
          {
            "x": 153,
            "y": 264
          },
          {
            "x": 154,
            "y": 264
          },
          {
            "x": 162,
            "y": 256
          },
          {
            "x": 163,
            "y": 256
          },
          {
            "x": 165,
            "y": 254
          },
          {
            "x": 166,
            "y": 254
          },
          {
            "x": 168,
            "y": 252.0
          },
          {
            "x": 169,
            "y": 252.0
          },
          {
            "x": 171,
            "y": 250
          },
          {
            "x": 172,
            "y": 250
          },
          {
            "x": 173,
            "y": 249
          },
          {
            "x": 174,
            "y": 249
          },
          {
            "x": 176,
            "y": 247
          },
          {
            "x": 177,
            "y": 247
          },
          {
            "x": 178,
            "y": 246
          },
          {
            "x": 179,
            "y": 246
          },
          {
            "x": 180,
            "y": 245
          },
          {
            "x": 181,
            "y": 245
          },
          {
            "x": 182,
            "y": 244.0
          },
          {
            "x": 183,
            "y": 244.0
          },
          {
            "x": 184.0,
            "y": 243.0
          },
          {
            "x": 185.0,
            "y": 243.0
          },
          {
            "x": 187,
            "y": 241
          },
          {
            "x": 188,
            "y": 241
          },
          {
            "x": 189,
            "y": 240
          },
          {
            "x": 192.0,
            "y": 240
          },
          {
            "x": 193.0,
            "y": 239
          },
          {
            "x": 201.0,
            "y": 239
          },
          {
            "x": 202.0,
            "y": 240
          },
          {
            "x": 205,
            "y": 240
          },
          {
            "x": 206,
            "y": 241
          },
          {
            "x": 214,
            "y": 241
          },
          {
            "x": 215,
            "y": 242.0
          },
          {
            "x": 221,
            "y": 242.0
          },
          {
            "x": 223,
            "y": 244.0
          },
          {
            "x": 223,
            "y": 246
          },
          {
            "x": 222,
            "y": 247
          },
          {
            "x": 222,
            "y": 249
          },
          {
            "x": 221,
            "y": 250
          },
          {
            "x": 221,
            "y": 252.0
          },
          {
            "x": 220,
            "y": 253.0
          },
          {
            "x": 220,
            "y": 257
          },
          {
            "x": 218.0,
            "y": 259
          },
          {
            "x": 218.0,
            "y": 260
          },
          {
            "x": 217.0,
            "y": 261
          },
          {
            "x": 217.0,
            "y": 262
          },
          {
            "x": 216.0,
            "y": 263
          },
          {
            "x": 216.0,
            "y": 267
          },
          {
            "x": 215,
            "y": 268
          },
          {
            "x": 215,
            "y": 269
          },
          {
            "x": 214,
            "y": 270
          },
          {
            "x": 214,
            "y": 272
          },
          {
            "x": 213,
            "y": 273
          },
          {
            "x": 213,
            "y": 275
          },
          {
            "x": 212,
            "y": 276
          },
          {
            "x": 212,
            "y": 277
          },
          {
            "x": 211,
            "y": 278
          },
          {
            "x": 211,
            "y": 280
          },
          {
            "x": 210.0,
            "y": 281
          },
          {
            "x": 210.0,
            "y": 286
          },
          {
            "x": 211,
            "y": 286
          },
          {
            "x": 212,
            "y": 287
          },
          {
            "x": 219.0,
            "y": 287
          },
          {
            "x": 220,
            "y": 286
          },
          {
            "x": 223,
            "y": 286
          },
          {
            "x": 224,
            "y": 287
          },
          {
            "x": 236.0,
            "y": 287
          },
          {
            "x": 237,
            "y": 286
          },
          {
            "x": 238,
            "y": 286
          },
          {
            "x": 238,
            "y": 282
          },
          {
            "x": 237,
            "y": 281
          },
          {
            "x": 237,
            "y": 280
          },
          {
            "x": 236.0,
            "y": 279
          },
          {
            "x": 236.0,
            "y": 278
          },
          {
            "x": 235.0,
            "y": 277
          },
          {
            "x": 234.0,
            "y": 277
          },
          {
            "x": 233.0,
            "y": 276
          },
          {
            "x": 232,
            "y": 276
          },
          {
            "x": 231,
            "y": 275
          },
          {
            "x": 230,
            "y": 275
          },
          {
            "x": 228,
            "y": 273
          },
          {
            "x": 230,
            "y": 271
          },
          {
            "x": 237,
            "y": 271
          },
          {
            "x": 238,
            "y": 270
          },
          {
            "x": 238,
            "y": 267
          },
          {
            "x": 239,
            "y": 266
          },
          {
            "x": 239,
            "y": 256
          },
          {
            "x": 240,
            "y": 255
          },
          {
            "x": 240,
            "y": 248
          },
          {
            "x": 239,
            "y": 247
          },
          {
            "x": 239,
            "y": 244.0
          },
          {
            "x": 240,
            "y": 243.0
          },
          {
            "x": 240,
            "y": 241
          },
          {
            "x": 241,
            "y": 240
          },
          {
            "x": 241,
            "y": 239
          },
          {
            "x": 242.0,
            "y": 238
          },
          {
            "x": 242.0,
            "y": 235.0
          },
          {
            "x": 241,
            "y": 234.0
          },
          {
            "x": 241,
            "y": 230
          },
          {
            "x": 240,
            "y": 229
          },
          {
            "x": 240,
            "y": 226.0
          },
          {
            "x": 239,
            "y": 225.0
          },
          {
            "x": 239,
            "y": 223
          },
          {
            "x": 237,
            "y": 221
          },
          {
            "x": 236.0,
            "y": 221
          },
          {
            "x": 234.0,
            "y": 219.0
          },
          {
            "x": 234.0,
            "y": 217.0
          },
          {
            "x": 236.0,
            "y": 215
          },
          {
            "x": 236.0,
            "y": 214
          },
          {
            "x": 238,
            "y": 212
          },
          {
            "x": 238,
            "y": 209
          },
          {
            "x": 239,
            "y": 208
          },
          {
            "x": 239,
            "y": 207
          },
          {
            "x": 240,
            "y": 206
          },
          {
            "x": 240,
            "y": 205
          },
          {
            "x": 241,
            "y": 204
          },
          {
            "x": 241,
            "y": 199
          },
          {
            "x": 242.0,
            "y": 198
          },
          {
            "x": 242.0,
            "y": 196
          },
          {
            "x": 243.0,
            "y": 195
          },
          {
            "x": 243.0,
            "y": 194
          },
          {
            "x": 244.0,
            "y": 193
          },
          {
            "x": 244.0,
            "y": 192
          },
          {
            "x": 245,
            "y": 191
          },
          {
            "x": 245,
            "y": 189
          },
          {
            "x": 246,
            "y": 188
          },
          {
            "x": 246,
            "y": 186
          },
          {
            "x": 247,
            "y": 185
          },
          {
            "x": 247,
            "y": 183
          },
          {
            "x": 248,
            "y": 182
          },
          {
            "x": 248,
            "y": 179
          },
          {
            "x": 249,
            "y": 178
          },
          {
            "x": 249,
            "y": 169
          },
          {
            "x": 248,
            "y": 168
          },
          {
            "x": 248,
            "y": 167
          },
          {
            "x": 247,
            "y": 166
          }
        ]
      }
    }
  ]
}