{
  "image": {
    "width": 640,
    "height": 425,
    "filename": "00000197.jpg",
    "original_filename": "COCO_test2014_000000576784.jpg",
    "url": "https://darwin.v7labs.com/api/images/1181016/original?token=4b25de6b-1a37-42ba-8685-0c7d525e03f0",
    "thumbnail_url": "https://darwin.v7labs.com/api/images/1181016/thumbnail?token=4b25de6b-1a37-42ba-8685-0c7d525e03f0",
    "workview_url": "https://darwin.v7labs.com/workview?dataset=1153&image=197"
  },
  "dataset": "4_Aizada",
  "annotated": true,
  "annotations": [
    {
      "annotator": {
        "email": "corporate@bex.kg",
        "full_name": "Aizada Tynchybek kyzy"
      },
      "bounding_box": {
        "h": 174.32,
        "w": 97.76,
        "x": 213.75,
        "y": 103.67
      },
      "name": "Men"
    }
  ]
}