{
  "image": {
    "width": 360,
    "height": 640,
    "filename": "00000019.jpg",
    "original_filename": "COCO_test2014_000000006286.jpg",
    "url": "https://darwin.v7labs.com/api/images/1197741/original?token=e96ee6b8-bc43-4e08-bcc1-e75bb7cc480d",
    "thumbnail_url": "https://darwin.v7labs.com/api/images/1197741/thumbnail?token=e96ee6b8-bc43-4e08-bcc1-e75bb7cc480d",
    "workview_url": "https://darwin.v7labs.com/workview?dataset=1166&image=19"
  },
  "dataset": "4_Nurzhan_ver2",
  "annotated": true,
  "annotations": [
    {
      "annotator": {
        "email": "order@bex.kg",
        "full_name": "Zhaparova  Nurzhan"
      },
      "name": "Object Polygon ",
      "polygon": {
        "path": [
          {
            "x": 220,
            "y": 176
          },
          {
            "x": 216.0,
            "y": 176
          },
          {
            "x": 212.0,
            "y": 180
          },
          {
            "x": 212.0,
            "y": 181
          },
          {
            "x": 211.0,
            "y": 182
          },
          {
            "x": 210,
            "y": 182
          },
          {
            "x": 209.0,
            "y": 183.0
          },
          {
            "x": 209.0,
            "y": 184
          },
          {
            "x": 208.0,
            "y": 185
          },
          {
            "x": 207.0,
            "y": 185
          },
          {
            "x": 204.0,
            "y": 188.0
          },
          {
            "x": 203.0,
            "y": 188.0
          },
          {
            "x": 193.0,
            "y": 198.0
          },
          {
            "x": 192.0,
            "y": 198.0
          },
          {
            "x": 191.0,
            "y": 199
          },
          {
            "x": 191.0,
            "y": 200
          },
          {
            "x": 190,
            "y": 201
          },
          {
            "x": 189.0,
            "y": 201
          },
          {
            "x": 188.0,
            "y": 202
          },
          {
            "x": 188.0,
            "y": 203.0
          },
          {
            "x": 187.0,
            "y": 204
          },
          {
            "x": 185,
            "y": 204
          },
          {
            "x": 185,
            "y": 205
          },
          {
            "x": 183.0,
            "y": 207
          },
          {
            "x": 182.0,
            "y": 207
          },
          {
            "x": 177.0,
            "y": 212
          },
          {
            "x": 176.0,
            "y": 212
          },
          {
            "x": 175,
            "y": 213.0
          },
          {
            "x": 173.0,
            "y": 213.0
          },
          {
            "x": 171.0,
            "y": 211
          },
          {
            "x": 171.0,
            "y": 210
          },
          {
            "x": 170,
            "y": 210
          },
          {
            "x": 169.0,
            "y": 209
          },
          {
            "x": 169.0,
            "y": 208.0
          },
          {
            "x": 168.0,
            "y": 207
          },
          {
            "x": 167.0,
            "y": 207
          },
          {
            "x": 165,
            "y": 205
          },
          {
            "x": 165,
            "y": 203.0
          },
          {
            "x": 164.0,
            "y": 202
          },
          {
            "x": 164.0,
            "y": 201
          },
          {
            "x": 163.0,
            "y": 200
          },
          {
            "x": 163.0,
            "y": 198.0
          },
          {
            "x": 162.0,
            "y": 197
          },
          {
            "x": 162.0,
            "y": 195
          },
          {
            "x": 161.0,
            "y": 195
          },
          {
            "x": 160,
            "y": 194
          },
          {
            "x": 158.0,
            "y": 194
          },
          {
            "x": 157.0,
            "y": 195
          },
          {
            "x": 156.0,
            "y": 195
          },
          {
            "x": 154.0,
            "y": 197
          },
          {
            "x": 154.0,
            "y": 199
          },
          {
            "x": 151.0,
            "y": 202
          },
          {
            "x": 151.0,
            "y": 204
          },
          {
            "x": 148.0,
            "y": 207
          },
          {
            "x": 148.0,
            "y": 209
          },
          {
            "x": 147,
            "y": 210
          },
          {
            "x": 145,
            "y": 210
          },
          {
            "x": 145,
            "y": 211
          },
          {
            "x": 142,
            "y": 214
          },
          {
            "x": 142,
            "y": 215
          },
          {
            "x": 139.0,
            "y": 218.0
          },
          {
            "x": 139.0,
            "y": 219
          },
          {
            "x": 136.0,
            "y": 222
          },
          {
            "x": 136.0,
            "y": 223.0
          },
          {
            "x": 133.0,
            "y": 226
          },
          {
            "x": 133.0,
            "y": 227
          },
          {
            "x": 129.0,
            "y": 231
          },
          {
            "x": 128.0,
            "y": 231
          },
          {
            "x": 128.0,
            "y": 232
          },
          {
            "x": 127.0,
            "y": 233.0
          },
          {
            "x": 127.0,
            "y": 234
          },
          {
            "x": 126.0,
            "y": 235
          },
          {
            "x": 125,
            "y": 235
          },
          {
            "x": 123.0,
            "y": 237
          },
          {
            "x": 123.0,
            "y": 238.0
          },
          {
            "x": 118.0,
            "y": 243.0
          },
          {
            "x": 115,
            "y": 243.0
          },
          {
            "x": 113.0,
            "y": 241
          },
          {
            "x": 111.0,
            "y": 241
          },
          {
            "x": 110,
            "y": 240
          },
          {
            "x": 109.0,
            "y": 240
          },
          {
            "x": 108.0,
            "y": 239
          },
          {
            "x": 107.0,
            "y": 239
          },
          {
            "x": 107.0,
            "y": 240
          },
          {
            "x": 106.0,
            "y": 241
          },
          {
            "x": 105,
            "y": 241
          },
          {
            "x": 105,
            "y": 245
          },
          {
            "x": 104.0,
            "y": 246
          },
          {
            "x": 104.0,
            "y": 247
          },
          {
            "x": 103.0,
            "y": 248.0
          },
          {
            "x": 103.0,
            "y": 249.0
          },
          {
            "x": 102.0,
            "y": 250
          },
          {
            "x": 102.0,
            "y": 253.0
          },
          {
            "x": 101.0,
            "y": 254.0
          },
          {
            "x": 101.0,
            "y": 255
          },
          {
            "x": 100,
            "y": 256
          },
          {
            "x": 100,
            "y": 258
          },
          {
            "x": 99.0,
            "y": 259
          },
          {
            "x": 99.0,
            "y": 262
          },
          {
            "x": 98.0,
            "y": 263
          },
          {
            "x": 98.0,
            "y": 264
          },
          {
            "x": 97.0,
            "y": 265
          },
          {
            "x": 97.0,
            "y": 267
          },
          {
            "x": 96.0,
            "y": 268
          },
          {
            "x": 96.0,
            "y": 271
          },
          {
            "x": 95,
            "y": 272
          },
          {
            "x": 95,
            "y": 273
          },
          {
            "x": 94.0,
            "y": 274
          },
          {
            "x": 94.0,
            "y": 275
          },
          {
            "x": 93.0,
            "y": 276
          },
          {
            "x": 93.0,
            "y": 279
          },
          {
            "x": 90,
            "y": 282
          },
          {
            "x": 90,
            "y": 284
          },
          {
            "x": 87.0,
            "y": 287
          },
          {
            "x": 87.0,
            "y": 288.0
          },
          {
            "x": 85,
            "y": 290
          },
          {
            "x": 84.0,
            "y": 290
          },
          {
            "x": 84.0,
            "y": 291.0
          },
          {
            "x": 82.0,
            "y": 293.0
          },
          {
            "x": 81.0,
            "y": 293.0
          },
          {
            "x": 81.0,
            "y": 294
          },
          {
            "x": 79.0,
            "y": 296.0
          },
          {
            "x": 79.0,
            "y": 297
          },
          {
            "x": 77.0,
            "y": 299
          },
          {
            "x": 77.0,
            "y": 300
          },
          {
            "x": 74.0,
            "y": 303.0
          },
          {
            "x": 74.0,
            "y": 304
          },
          {
            "x": 73.0,
            "y": 305
          },
          {
            "x": 72.0,
            "y": 305
          },
          {
            "x": 72.0,
            "y": 306.0
          },
          {
            "x": 71.0,
            "y": 307
          },
          {
            "x": 71.0,
            "y": 309
          },
          {
            "x": 70,
            "y": 310
          },
          {
            "x": 70,
            "y": 312
          },
          {
            "x": 69.0,
            "y": 313.0
          },
          {
            "x": 69.0,
            "y": 320
          },
          {
            "x": 70,
            "y": 321.0
          },
          {
            "x": 70,
            "y": 326.0
          },
          {
            "x": 68.0,
            "y": 328
          },
          {
            "x": 68.0,
            "y": 329
          },
          {
            "x": 66.0,
            "y": 331.0
          },
          {
            "x": 66.0,
            "y": 332
          },
          {
            "x": 65,
            "y": 333
          },
          {
            "x": 65,
            "y": 339
          },
          {
            "x": 64.0,
            "y": 340
          },
          {
            "x": 64.0,
            "y": 343
          },
          {
            "x": 63.0,
            "y": 344
          },
          {
            "x": 63.0,
            "y": 347
          },
          {
            "x": 62.0,
            "y": 348
          },
          {
            "x": 62.0,
            "y": 356.0
          },
          {
            "x": 61.0,
            "y": 357
          },
          {
            "x": 61.0,
            "y": 360
          },
          {
            "x": 60,
            "y": 361.0
          },
          {
            "x": 60,
            "y": 363
          },
          {
            "x": 59.0,
            "y": 364
          },
          {
            "x": 59.0,
            "y": 366.0
          },
          {
            "x": 58.0,
            "y": 367
          },
          {
            "x": 58.0,
            "y": 368
          },
          {
            "x": 56.0,
            "y": 370
          },
          {
            "x": 56.0,
            "y": 373
          },
          {
            "x": 55,
            "y": 374
          },
          {
            "x": 55,
            "y": 375
          },
          {
            "x": 53.0,
            "y": 377
          },
          {
            "x": 53.0,
            "y": 380
          },
          {
            "x": 51.0,
            "y": 382
          },
          {
            "x": 51.0,
            "y": 387
          },
          {
            "x": 53.0,
            "y": 389
          },
          {
            "x": 53.0,
            "y": 390
          },
          {
            "x": 55,
            "y": 390
          },
          {
            "x": 56.0,
            "y": 391.0
          },
          {
            "x": 56.0,
            "y": 393
          },
          {
            "x": 57.0,
            "y": 394
          },
          {
            "x": 57.0,
            "y": 404
          },
          {
            "x": 56.0,
            "y": 405
          },
          {
            "x": 56.0,
            "y": 416.0
          },
          {
            "x": 55,
            "y": 417
          },
          {
            "x": 55,
            "y": 425
          },
          {
            "x": 54.0,
            "y": 426.0
          },
          {
            "x": 54.0,
            "y": 436.0
          },
          {
            "x": 53.0,
            "y": 437
          },
          {
            "x": 53.0,
            "y": 452
          },
          {
            "x": 52.0,
            "y": 453
          },
          {
            "x": 52.0,
            "y": 459
          },
          {
            "x": 53.0,
            "y": 460
          },
          {
            "x": 53.0,
            "y": 461.0
          },
          {
            "x": 62.0,
            "y": 461.0
          },
          {
            "x": 65,
            "y": 458
          },
          {
            "x": 66.0,
            "y": 458
          },
          {
            "x": 67.0,
            "y": 457
          },
          {
            "x": 67.0,
            "y": 456.0
          },
          {
            "x": 68.0,
            "y": 455
          },
          {
            "x": 70,
            "y": 455
          },
          {
            "x": 71.0,
            "y": 454
          },
          {
            "x": 72.0,
            "y": 454
          },
          {
            "x": 74.0,
            "y": 456.0
          },
          {
            "x": 74.0,
            "y": 458
          },
          {
            "x": 75,
            "y": 459
          },
          {
            "x": 75,
            "y": 463
          },
          {
            "x": 76.0,
            "y": 464
          },
          {
            "x": 76.0,
            "y": 469
          },
          {
            "x": 77.0,
            "y": 470
          },
          {
            "x": 77.0,
            "y": 489
          },
          {
            "x": 78.0,
            "y": 490
          },
          {
            "x": 78.0,
            "y": 498.0
          },
          {
            "x": 79.0,
            "y": 499
          },
          {
            "x": 79.0,
            "y": 504
          },
          {
            "x": 80,
            "y": 505
          },
          {
            "x": 80,
            "y": 512
          },
          {
            "x": 79.0,
            "y": 513
          },
          {
            "x": 79.0,
            "y": 519
          },
          {
            "x": 80,
            "y": 520
          },
          {
            "x": 80,
            "y": 521
          },
          {
            "x": 81.0,
            "y": 521
          },
          {
            "x": 82.0,
            "y": 520
          },
          {
            "x": 83.0,
            "y": 520
          },
          {
            "x": 84.0,
            "y": 519
          },
          {
            "x": 86.0,
            "y": 519
          },
          {
            "x": 86.0,
            "y": 518
          },
          {
            "x": 88.0,
            "y": 516
          },
          {
            "x": 89.0,
            "y": 516
          },
          {
            "x": 92.0,
            "y": 513
          },
          {
            "x": 93.0,
            "y": 513
          },
          {
            "x": 96.0,
            "y": 510
          },
          {
            "x": 97.0,
            "y": 510
          },
          {
            "x": 100,
            "y": 507
          },
          {
            "x": 101.0,
            "y": 507
          },
          {
            "x": 102.0,
            "y": 506.0
          },
          {
            "x": 103.0,
            "y": 506.0
          },
          {
            "x": 105,
            "y": 504
          },
          {
            "x": 106.0,
            "y": 504
          },
          {
            "x": 109.0,
            "y": 501.0
          },
          {
            "x": 112.0,
            "y": 501.0
          },
          {
            "x": 114.0,
            "y": 503.0
          },
          {
            "x": 114.0,
            "y": 504
          },
          {
            "x": 115,
            "y": 505
          },
          {
            "x": 115,
            "y": 506.0
          },
          {
            "x": 117.0,
            "y": 508.0
          },
          {
            "x": 117.0,
            "y": 510
          },
          {
            "x": 119.0,
            "y": 512
          },
          {
            "x": 119.0,
            "y": 513
          },
          {
            "x": 120,
            "y": 514
          },
          {
            "x": 120,
            "y": 516
          },
          {
            "x": 122.0,
            "y": 518
          },
          {
            "x": 122.0,
            "y": 519
          },
          {
            "x": 123.0,
            "y": 520
          },
          {
            "x": 123.0,
            "y": 522
          },
          {
            "x": 124.0,
            "y": 523
          },
          {
            "x": 124.0,
            "y": 524
          },
          {
            "x": 127.0,
            "y": 527
          },
          {
            "x": 127.0,
            "y": 529
          },
          {
            "x": 130,
            "y": 532
          },
          {
            "x": 130,
            "y": 535
          },
          {
            "x": 131.0,
            "y": 536
          },
          {
            "x": 131.0,
            "y": 538
          },
          {
            "x": 132,
            "y": 539
          },
          {
            "x": 132,
            "y": 541
          },
          {
            "x": 133.0,
            "y": 542
          },
          {
            "x": 133.0,
            "y": 544
          },
          {
            "x": 136.0,
            "y": 547
          },
          {
            "x": 138.0,
            "y": 547
          },
          {
            "x": 141.0,
            "y": 544
          },
          {
            "x": 141.0,
            "y": 542
          },
          {
            "x": 143.0,
            "y": 540
          },
          {
            "x": 143.0,
            "y": 539
          },
          {
            "x": 144.0,
            "y": 538
          },
          {
            "x": 144.0,
            "y": 537
          },
          {
            "x": 147,
            "y": 534
          },
          {
            "x": 147,
            "y": 532
          },
          {
            "x": 148.0,
            "y": 531
          },
          {
            "x": 149.0,
            "y": 531
          },
          {
            "x": 149.0,
            "y": 530
          },
          {
            "x": 150,
            "y": 529
          },
          {
            "x": 150,
            "y": 528
          },
          {
            "x": 153.0,
            "y": 525
          },
          {
            "x": 153.0,
            "y": 523
          },
          {
            "x": 156.0,
            "y": 520
          },
          {
            "x": 156.0,
            "y": 518
          },
          {
            "x": 158.0,
            "y": 516
          },
          {
            "x": 159.0,
            "y": 516
          },
          {
            "x": 159.0,
            "y": 514
          },
          {
            "x": 160,
            "y": 513
          },
          {
            "x": 161.0,
            "y": 513
          },
          {
            "x": 161.0,
            "y": 512
          },
          {
            "x": 162.0,
            "y": 511.0
          },
          {
            "x": 162.0,
            "y": 510
          },
          {
            "x": 163.0,
            "y": 509
          },
          {
            "x": 163.0,
            "y": 508.0
          },
          {
            "x": 164.0,
            "y": 507
          },
          {
            "x": 165,
            "y": 507
          },
          {
            "x": 165,
            "y": 505
          },
          {
            "x": 169.0,
            "y": 501.0
          },
          {
            "x": 169.0,
            "y": 499
          },
          {
            "x": 170,
            "y": 498.0
          },
          {
            "x": 171.0,
            "y": 498.0
          },
          {
            "x": 172.0,
            "y": 497
          },
          {
            "x": 172.0,
            "y": 495
          },
          {
            "x": 175,
            "y": 492
          },
          {
            "x": 175,
            "y": 490
          },
          {
            "x": 177.0,
            "y": 488
          },
          {
            "x": 181.0,
            "y": 488
          },
          {
            "x": 185,
            "y": 492
          },
          {
            "x": 187.0,
            "y": 492
          },
          {
            "x": 190,
            "y": 495
          },
          {
            "x": 191.0,
            "y": 495
          },
          {
            "x": 192.0,
            "y": 496.0
          },
          {
            "x": 193.0,
            "y": 496.0
          },
          {
            "x": 194.0,
            "y": 497
          },
          {
            "x": 194.0,
            "y": 498.0
          },
          {
            "x": 196.0,
            "y": 498.0
          },
          {
            "x": 199.0,
            "y": 501.0
          },
          {
            "x": 201.0,
            "y": 501.0
          },
          {
            "x": 203.0,
            "y": 503.0
          },
          {
            "x": 203.0,
            "y": 504
          },
          {
            "x": 204.0,
            "y": 504
          },
          {
            "x": 206.0,
            "y": 506.0
          },
          {
            "x": 206.0,
            "y": 507
          },
          {
            "x": 207.0,
            "y": 507
          },
          {
            "x": 209.0,
            "y": 509
          },
          {
            "x": 209.0,
            "y": 510
          },
          {
            "x": 211.0,
            "y": 510
          },
          {
            "x": 212.0,
            "y": 511.0
          },
          {
            "x": 214.0,
            "y": 511.0
          },
          {
            "x": 215,
            "y": 512
          },
          {
            "x": 217.0,
            "y": 510
          },
          {
            "x": 218.0,
            "y": 510
          },
          {
            "x": 218.0,
            "y": 500
          },
          {
            "x": 219.0,
            "y": 499
          },
          {
            "x": 219.0,
            "y": 495
          },
          {
            "x": 220,
            "y": 494
          },
          {
            "x": 220,
            "y": 489
          },
          {
            "x": 221.0,
            "y": 488
          },
          {
            "x": 221.0,
            "y": 478
          },
          {
            "x": 222.0,
            "y": 477
          },
          {
            "x": 222.0,
            "y": 474
          },
          {
            "x": 223.0,
            "y": 473
          },
          {
            "x": 223.0,
            "y": 470
          },
          {
            "x": 224.0,
            "y": 469
          },
          {
            "x": 224.0,
            "y": 459
          },
          {
            "x": 225,
            "y": 458
          },
          {
            "x": 225,
            "y": 455
          },
          {
            "x": 226.0,
            "y": 454
          },
          {
            "x": 226.0,
            "y": 451.0
          },
          {
            "x": 227.0,
            "y": 450
          },
          {
            "x": 227.0,
            "y": 441.0
          },
          {
            "x": 228.0,
            "y": 440
          },
          {
            "x": 228.0,
            "y": 437
          },
          {
            "x": 229.0,
            "y": 436.0
          },
          {
            "x": 229.0,
            "y": 433
          },
          {
            "x": 230,
            "y": 432
          },
          {
            "x": 230,
            "y": 430
          },
          {
            "x": 233.0,
            "y": 427
          },
          {
            "x": 240,
            "y": 427
          },
          {
            "x": 241.0,
            "y": 426.0
          },
          {
            "x": 242.0,
            "y": 426.0
          },
          {
            "x": 243.0,
            "y": 425
          },
          {
            "x": 244.0,
            "y": 425
          },
          {
            "x": 245,
            "y": 424
          },
          {
            "x": 248.0,
            "y": 424
          },
          {
            "x": 249.0,
            "y": 423
          },
          {
            "x": 252.0,
            "y": 423
          },
          {
            "x": 253.0,
            "y": 422
          },
          {
            "x": 255,
            "y": 422
          },
          {
            "x": 256.0,
            "y": 421.0
          },
          {
            "x": 258.0,
            "y": 421.0
          },
          {
            "x": 260,
            "y": 419
          },
          {
            "x": 261.0,
            "y": 419
          },
          {
            "x": 262.0,
            "y": 418
          },
          {
            "x": 264,
            "y": 418
          },
          {
            "x": 265,
            "y": 417
          },
          {
            "x": 266.0,
            "y": 417
          },
          {
            "x": 267.0,
            "y": 416.0
          },
          {
            "x": 268.0,
            "y": 417
          },
          {
            "x": 270,
            "y": 417
          },
          {
            "x": 271.0,
            "y": 416.0
          },
          {
            "x": 274,
            "y": 416.0
          },
          {
            "x": 275,
            "y": 415
          },
          {
            "x": 276.0,
            "y": 415
          },
          {
            "x": 276.0,
            "y": 410
          },
          {
            "x": 275,
            "y": 409
          },
          {
            "x": 275,
            "y": 407
          },
          {
            "x": 274,
            "y": 406.0
          },
          {
            "x": 274,
            "y": 405
          },
          {
            "x": 273.0,
            "y": 404
          },
          {
            "x": 273.0,
            "y": 401.0
          },
          {
            "x": 271.0,
            "y": 399
          },
          {
            "x": 271.0,
            "y": 398
          },
          {
            "x": 270,
            "y": 397
          },
          {
            "x": 270,
            "y": 394
          },
          {
            "x": 268.0,
            "y": 392
          },
          {
            "x": 268.0,
            "y": 391.0
          },
          {
            "x": 267.0,
            "y": 390
          },
          {
            "x": 267.0,
            "y": 385
          },
          {
            "x": 266.0,
            "y": 384
          },
          {
            "x": 266.0,
            "y": 382
          },
          {
            "x": 265,
            "y": 381.0
          },
          {
            "x": 265,
            "y": 379
          },
          {
            "x": 264,
            "y": 378
          },
          {
            "x": 264,
            "y": 367
          },
          {
            "x": 263.0,
            "y": 366.0
          },
          {
            "x": 263.0,
            "y": 365
          },
          {
            "x": 262.0,
            "y": 364
          },
          {
            "x": 262.0,
            "y": 361.0
          },
          {
            "x": 260,
            "y": 359
          },
          {
            "x": 260,
            "y": 357
          },
          {
            "x": 259,
            "y": 356.0
          },
          {
            "x": 260,
            "y": 355
          },
          {
            "x": 260,
            "y": 354
          },
          {
            "x": 261.0,
            "y": 353
          },
          {
            "x": 261.0,
            "y": 352
          },
          {
            "x": 264,
            "y": 349
          },
          {
            "x": 264,
            "y": 348
          },
          {
            "x": 267.0,
            "y": 345
          },
          {
            "x": 267.0,
            "y": 344
          },
          {
            "x": 268.0,
            "y": 343
          },
          {
            "x": 268.0,
            "y": 342
          },
          {
            "x": 269,
            "y": 341.0
          },
          {
            "x": 270,
            "y": 341.0
          },
          {
            "x": 270,
            "y": 339
          },
          {
            "x": 273.0,
            "y": 336.0
          },
          {
            "x": 273.0,
            "y": 335
          },
          {
            "x": 274,
            "y": 334
          },
          {
            "x": 274,
            "y": 333
          },
          {
            "x": 275,
            "y": 332
          },
          {
            "x": 276.0,
            "y": 332
          },
          {
            "x": 276.0,
            "y": 330
          },
          {
            "x": 277.0,
            "y": 329
          },
          {
            "x": 278.0,
            "y": 329
          },
          {
            "x": 278.0,
            "y": 328
          },
          {
            "x": 280,
            "y": 326.0
          },
          {
            "x": 280,
            "y": 325
          },
          {
            "x": 282.0,
            "y": 323.0
          },
          {
            "x": 282.0,
            "y": 322
          },
          {
            "x": 284,
            "y": 320
          },
          {
            "x": 285,
            "y": 320
          },
          {
            "x": 285,
            "y": 318.0
          },
          {
            "x": 288.0,
            "y": 315
          },
          {
            "x": 288.0,
            "y": 314
          },
          {
            "x": 290,
            "y": 312
          },
          {
            "x": 290,
            "y": 311.0
          },
          {
            "x": 292.0,
            "y": 309
          },
          {
            "x": 292.0,
            "y": 308.0
          },
          {
            "x": 293.0,
            "y": 307
          },
          {
            "x": 294,
            "y": 307
          },
          {
            "x": 294,
            "y": 306.0
          },
          {
            "x": 295,
            "y": 305
          },
          {
            "x": 296.0,
            "y": 305
          },
          {
            "x": 297.0,
            "y": 304
          },
          {
            "x": 298.0,
            "y": 304
          },
          {
            "x": 298.0,
            "y": 302
          },
          {
            "x": 299,
            "y": 301.0
          },
          {
            "x": 300,
            "y": 301.0
          },
          {
            "x": 300,
            "y": 300
          },
          {
            "x": 301.0,
            "y": 299
          },
          {
            "x": 301.0,
            "y": 296.0
          },
          {
            "x": 302.0,
            "y": 295
          },
          {
            "x": 302.0,
            "y": 294
          },
          {
            "x": 301.0,
            "y": 293.0
          },
          {
            "x": 301.0,
            "y": 292
          },
          {
            "x": 297.0,
            "y": 292
          },
          {
            "x": 296.0,
            "y": 291.0
          },
          {
            "x": 290,
            "y": 291.0
          },
          {
            "x": 289,
            "y": 290
          },
          {
            "x": 283.0,
            "y": 290
          },
          {
            "x": 282.0,
            "y": 289
          },
          {
            "x": 280,
            "y": 289
          },
          {
            "x": 279,
            "y": 288.0
          },
          {
            "x": 276.0,
            "y": 288.0
          },
          {
            "x": 275,
            "y": 287
          },
          {
            "x": 270,
            "y": 287
          },
          {
            "x": 269,
            "y": 286.0
          },
          {
            "x": 267.0,
            "y": 286.0
          },
          {
            "x": 266.0,
            "y": 285
          },
          {
            "x": 265,
            "y": 285
          },
          {
            "x": 264,
            "y": 284
          },
          {
            "x": 262.0,
            "y": 284
          },
          {
            "x": 261.0,
            "y": 283
          },
          {
            "x": 261.0,
            "y": 273
          },
          {
            "x": 262.0,
            "y": 272
          },
          {
            "x": 262.0,
            "y": 269
          },
          {
            "x": 263.0,
            "y": 268
          },
          {
            "x": 263.0,
            "y": 264
          },
          {
            "x": 264,
            "y": 263
          },
          {
            "x": 264,
            "y": 252
          },
          {
            "x": 265,
            "y": 251
          },
          {
            "x": 265,
            "y": 250
          },
          {
            "x": 266.0,
            "y": 249.0
          },
          {
            "x": 266.0,
            "y": 244
          },
          {
            "x": 267.0,
            "y": 243.0
          },
          {
            "x": 267.0,
            "y": 231
          },
          {
            "x": 268.0,
            "y": 230
          },
          {
            "x": 268.0,
            "y": 226
          },
          {
            "x": 269,
            "y": 225
          },
          {
            "x": 269,
            "y": 221
          },
          {
            "x": 270,
            "y": 220
          },
          {
            "x": 270,
            "y": 214
          },
          {
            "x": 271.0,
            "y": 213.0
          },
          {
            "x": 271.0,
            "y": 212
          },
          {
            "x": 272.0,
            "y": 211
          },
          {
            "x": 272.0,
            "y": 210
          },
          {
            "x": 273.0,
            "y": 209
          },
          {
            "x": 273.0,
            "y": 204
          },
          {
            "x": 268.0,
            "y": 204
          },
          {
            "x": 268.0,
            "y": 205
          },
          {
            "x": 267.0,
            "y": 206
          },
          {
            "x": 266.0,
            "y": 206
          },
          {
            "x": 264,
            "y": 208.0
          },
          {
            "x": 263.0,
            "y": 208.0
          },
          {
            "x": 262.0,
            "y": 209
          },
          {
            "x": 261.0,
            "y": 209
          },
          {
            "x": 260,
            "y": 210
          },
          {
            "x": 256.0,
            "y": 210
          },
          {
            "x": 255,
            "y": 211
          },
          {
            "x": 254.0,
            "y": 211
          },
          {
            "x": 253.0,
            "y": 212
          },
          {
            "x": 252.0,
            "y": 212
          },
          {
            "x": 251.0,
            "y": 213.0
          },
          {
            "x": 246.0,
            "y": 213.0
          },
          {
            "x": 245,
            "y": 214
          },
          {
            "x": 244.0,
            "y": 214
          },
          {
            "x": 242.0,
            "y": 216
          },
          {
            "x": 240,
            "y": 216
          },
          {
            "x": 239.0,
            "y": 217
          },
          {
            "x": 238.0,
            "y": 217
          },
          {
            "x": 237.0,
            "y": 218.0
          },
          {
            "x": 236.0,
            "y": 218.0
          },
          {
            "x": 235,
            "y": 219
          },
          {
            "x": 227.0,
            "y": 219
          },
          {
            "x": 226.0,
            "y": 218.0
          },
          {
            "x": 226.0,
            "y": 216
          },
          {
            "x": 225,
            "y": 215
          },
          {
            "x": 225,
            "y": 213.0
          },
          {
            "x": 224.0,
            "y": 212
          },
          {
            "x": 224.0,
            "y": 200
          },
          {
            "x": 223.0,
            "y": 199
          },
          {
            "x": 223.0,
            "y": 197
          },
          {
            "x": 222.0,
            "y": 196
          },
          {
            "x": 222.0,
            "y": 193.0
          },
          {
            "x": 221.0,
            "y": 192
          },
          {
            "x": 221.0,
            "y": 177
          }
        ]
      }
    }
  ]
}