{
  "image": {
    "width": 640,
    "height": 427,
    "filename": "00000050.jpg",
    "original_filename": "COCO_test2014_000000003656.jpg",
    "url": "https://darwin.v7labs.com/api/images/1197556/original?token=af5accd5-7ecb-4550-848c-a4c83b1a9a3a",
    "thumbnail_url": "https://darwin.v7labs.com/api/images/1197556/thumbnail?token=af5accd5-7ecb-4550-848c-a4c83b1a9a3a",
    "workview_url": "https://darwin.v7labs.com/workview?dataset=1165&image=50"
  },
  "dataset": "4_Saltanat_ver2",
  "annotated": true,
  "annotations": [
    {
      "annotator": {
        "email": "begimbaeva.s95@gmail.com",
        "full_name": "Saltanat Begimbaeva"
      },
      "bounding_box": {
        "h": 153.07,
        "w": 98.44,
        "x": 273.0,
        "y": 147.95
      },
      "name": "Child "
    },
    {
      "annotator": {
        "email": "begimbaeva.s95@gmail.com",
        "full_name": "Saltanat Begimbaeva"
      },
      "attributes": [
        " surfboard"
      ],
      "bounding_box": {
        "h": 16.5,
        "w": 147.95,
        "x": 242.27,
        "y": 295.9
      },
      "name": "Object"
    }
  ]
}