{
  "image": {
    "width": 617,
    "height": 640,
    "filename": "00000118.jpg",
    "original_filename": "COCO_test2014_000000001555.jpg",
    "url": "https://darwin.v7labs.com/api/images/1197412/original?token=b0d243df-6830-43ea-9569-5542031eaef8",
    "thumbnail_url": "https://darwin.v7labs.com/api/images/1197412/thumbnail?token=b0d243df-6830-43ea-9569-5542031eaef8",
    "workview_url": "https://darwin.v7labs.com/workview?dataset=1164&image=118"
  },
  "dataset": "4_Aizada_ver2",
  "annotated": true,
  "annotations": [
    {
      "annotator": {
        "email": "corporate@bex.kg",
        "full_name": "Aizada Tynchybek kyzy"
      },
      "name": "Women_Polygon",
      "polygon": {
        "path": [
          {
            "x": 87,
            "y": 48
          },
          {
            "x": 87,
            "y": 49
          },
          {
            "x": 86,
            "y": 50
          },
          {
            "x": 85,
            "y": 50
          },
          {
            "x": 83,
            "y": 52
          },
          {
            "x": 82.0,
            "y": 52
          },
          {
            "x": 81.0,
            "y": 53
          },
          {
            "x": 81.0,
            "y": 54
          },
          {
            "x": 80.0,
            "y": 55
          },
          {
            "x": 80.0,
            "y": 56.0
          },
          {
            "x": 79.0,
            "y": 57.0
          },
          {
            "x": 79.0,
            "y": 59
          },
          {
            "x": 78.0,
            "y": 60
          },
          {
            "x": 77,
            "y": 60
          },
          {
            "x": 76,
            "y": 61.0
          },
          {
            "x": 76,
            "y": 62.0
          },
          {
            "x": 75,
            "y": 63
          },
          {
            "x": 75,
            "y": 65
          },
          {
            "x": 74,
            "y": 66
          },
          {
            "x": 74,
            "y": 67
          },
          {
            "x": 73,
            "y": 68
          },
          {
            "x": 72,
            "y": 68
          },
          {
            "x": 72,
            "y": 71
          },
          {
            "x": 71,
            "y": 72
          },
          {
            "x": 71,
            "y": 74
          },
          {
            "x": 70,
            "y": 75
          },
          {
            "x": 70,
            "y": 79
          },
          {
            "x": 69,
            "y": 80
          },
          {
            "x": 69,
            "y": 84
          },
          {
            "x": 70,
            "y": 85
          },
          {
            "x": 70,
            "y": 87
          },
          {
            "x": 71,
            "y": 88
          },
          {
            "x": 71,
            "y": 89
          },
          {
            "x": 72,
            "y": 90
          },
          {
            "x": 73,
            "y": 90
          },
          {
            "x": 74,
            "y": 91
          },
          {
            "x": 75,
            "y": 91
          },
          {
            "x": 77,
            "y": 93
          },
          {
            "x": 77,
            "y": 94
          },
          {
            "x": 79.0,
            "y": 94
          },
          {
            "x": 80.0,
            "y": 95
          },
          {
            "x": 81.0,
            "y": 95
          },
          {
            "x": 82.0,
            "y": 96
          },
          {
            "x": 83,
            "y": 96
          },
          {
            "x": 85,
            "y": 98
          },
          {
            "x": 85,
            "y": 99
          },
          {
            "x": 87,
            "y": 101
          },
          {
            "x": 88,
            "y": 101
          },
          {
            "x": 90.0,
            "y": 103
          },
          {
            "x": 90.0,
            "y": 104
          },
          {
            "x": 92.0,
            "y": 106
          },
          {
            "x": 94,
            "y": 106
          },
          {
            "x": 95,
            "y": 107
          },
          {
            "x": 96,
            "y": 107
          },
          {
            "x": 98,
            "y": 109
          },
          {
            "x": 98,
            "y": 110
          },
          {
            "x": 99.0,
            "y": 110
          },
          {
            "x": 100.0,
            "y": 111
          },
          {
            "x": 101.0,
            "y": 111
          },
          {
            "x": 103.0,
            "y": 113.0
          },
          {
            "x": 104,
            "y": 113.0
          },
          {
            "x": 105,
            "y": 114.0
          },
          {
            "x": 105,
            "y": 115
          },
          {
            "x": 107,
            "y": 117
          },
          {
            "x": 109,
            "y": 117
          },
          {
            "x": 111.0,
            "y": 119
          },
          {
            "x": 111.0,
            "y": 120
          },
          {
            "x": 113.0,
            "y": 122.0
          },
          {
            "x": 114.0,
            "y": 122.0
          },
          {
            "x": 116,
            "y": 124.0
          },
          {
            "x": 116,
            "y": 125
          },
          {
            "x": 118,
            "y": 127
          },
          {
            "x": 118,
            "y": 128
          },
          {
            "x": 119,
            "y": 128
          },
          {
            "x": 120,
            "y": 129
          },
          {
            "x": 120,
            "y": 130
          },
          {
            "x": 123.0,
            "y": 133
          },
          {
            "x": 124.0,
            "y": 133
          },
          {
            "x": 125,
            "y": 134
          },
          {
            "x": 125,
            "y": 136
          },
          {
            "x": 128,
            "y": 139
          },
          {
            "x": 128,
            "y": 141
          },
          {
            "x": 129,
            "y": 141
          },
          {
            "x": 130,
            "y": 142
          },
          {
            "x": 130,
            "y": 143
          },
          {
            "x": 131,
            "y": 144
          },
          {
            "x": 131,
            "y": 145
          },
          {
            "x": 133,
            "y": 147
          },
          {
            "x": 133,
            "y": 148
          },
          {
            "x": 134,
            "y": 148
          },
          {
            "x": 135,
            "y": 149
          },
          {
            "x": 135,
            "y": 150
          },
          {
            "x": 136,
            "y": 151
          },
          {
            "x": 137,
            "y": 151
          },
          {
            "x": 138,
            "y": 152
          },
          {
            "x": 139,
            "y": 152
          },
          {
            "x": 140,
            "y": 153
          },
          {
            "x": 141,
            "y": 153
          },
          {
            "x": 142,
            "y": 154
          },
          {
            "x": 142,
            "y": 155
          },
          {
            "x": 144,
            "y": 155
          },
          {
            "x": 145,
            "y": 156.0
          },
          {
            "x": 149,
            "y": 156.0
          },
          {
            "x": 150,
            "y": 157
          },
          {
            "x": 160,
            "y": 157
          },
          {
            "x": 162,
            "y": 159
          },
          {
            "x": 162,
            "y": 160.0
          },
          {
            "x": 163,
            "y": 161
          },
          {
            "x": 164,
            "y": 161
          },
          {
            "x": 166,
            "y": 163
          },
          {
            "x": 166,
            "y": 165
          },
          {
            "x": 167,
            "y": 166
          },
          {
            "x": 167,
            "y": 171.0
          },
          {
            "x": 165,
            "y": 173.0
          },
          {
            "x": 163,
            "y": 173.0
          },
          {
            "x": 162,
            "y": 174
          },
          {
            "x": 162,
            "y": 175.0
          },
          {
            "x": 159,
            "y": 178.0
          },
          {
            "x": 158,
            "y": 178.0
          },
          {
            "x": 156,
            "y": 180.0
          },
          {
            "x": 156,
            "y": 182.0
          },
          {
            "x": 154,
            "y": 184.0
          },
          {
            "x": 153,
            "y": 184.0
          },
          {
            "x": 153,
            "y": 186
          },
          {
            "x": 151,
            "y": 188
          },
          {
            "x": 151,
            "y": 189.0
          },
          {
            "x": 150,
            "y": 190
          },
          {
            "x": 150,
            "y": 191.0
          },
          {
            "x": 149,
            "y": 192
          },
          {
            "x": 148,
            "y": 192
          },
          {
            "x": 148,
            "y": 193.0
          },
          {
            "x": 146,
            "y": 195.0
          },
          {
            "x": 146,
            "y": 197
          },
          {
            "x": 144,
            "y": 199
          },
          {
            "x": 143,
            "y": 199
          },
          {
            "x": 143,
            "y": 201
          },
          {
            "x": 142,
            "y": 202.0
          },
          {
            "x": 142,
            "y": 203
          },
          {
            "x": 141,
            "y": 204.0
          },
          {
            "x": 141,
            "y": 206.0
          },
          {
            "x": 140,
            "y": 207
          },
          {
            "x": 140,
            "y": 208
          },
          {
            "x": 139,
            "y": 209.0
          },
          {
            "x": 138,
            "y": 209.0
          },
          {
            "x": 138,
            "y": 211.0
          },
          {
            "x": 135,
            "y": 214
          },
          {
            "x": 135,
            "y": 216
          },
          {
            "x": 134,
            "y": 217.0
          },
          {
            "x": 133,
            "y": 217.0
          },
          {
            "x": 130,
            "y": 220.0
          },
          {
            "x": 130,
            "y": 222.0
          },
          {
            "x": 129,
            "y": 223
          },
          {
            "x": 128,
            "y": 223
          },
          {
            "x": 127,
            "y": 224.0
          },
          {
            "x": 127,
            "y": 226.0
          },
          {
            "x": 125,
            "y": 228.0
          },
          {
            "x": 125,
            "y": 229
          },
          {
            "x": 124.0,
            "y": 230
          },
          {
            "x": 123.0,
            "y": 230
          },
          {
            "x": 123.0,
            "y": 231.0
          },
          {
            "x": 122.0,
            "y": 232
          },
          {
            "x": 122.0,
            "y": 233.0
          },
          {
            "x": 121.0,
            "y": 234
          },
          {
            "x": 121.0,
            "y": 236
          },
          {
            "x": 119,
            "y": 238
          },
          {
            "x": 118,
            "y": 238
          },
          {
            "x": 118,
            "y": 239.0
          },
          {
            "x": 117,
            "y": 240
          },
          {
            "x": 117,
            "y": 242.0
          },
          {
            "x": 115,
            "y": 244.0
          },
          {
            "x": 115,
            "y": 246.0
          },
          {
            "x": 114.0,
            "y": 247
          },
          {
            "x": 113.0,
            "y": 247
          },
          {
            "x": 112.0,
            "y": 248.0
          },
          {
            "x": 112.0,
            "y": 250
          },
          {
            "x": 111.0,
            "y": 251
          },
          {
            "x": 111.0,
            "y": 254
          },
          {
            "x": 110.0,
            "y": 255.0
          },
          {
            "x": 110.0,
            "y": 260
          },
          {
            "x": 109,
            "y": 261
          },
          {
            "x": 108,
            "y": 261
          },
          {
            "x": 108,
            "y": 264
          },
          {
            "x": 107,
            "y": 265
          },
          {
            "x": 107,
            "y": 267
          },
          {
            "x": 104,
            "y": 270
          },
          {
            "x": 103.0,
            "y": 270
          },
          {
            "x": 103.0,
            "y": 272
          },
          {
            "x": 102.0,
            "y": 273
          },
          {
            "x": 102.0,
            "y": 274
          },
          {
            "x": 101.0,
            "y": 275
          },
          {
            "x": 101.0,
            "y": 278
          },
          {
            "x": 100.0,
            "y": 279
          },
          {
            "x": 100.0,
            "y": 280
          },
          {
            "x": 99.0,
            "y": 281
          },
          {
            "x": 98,
            "y": 281
          },
          {
            "x": 98,
            "y": 283
          },
          {
            "x": 97,
            "y": 284
          },
          {
            "x": 97,
            "y": 285
          },
          {
            "x": 96,
            "y": 286
          },
          {
            "x": 96,
            "y": 287
          },
          {
            "x": 94,
            "y": 289
          },
          {
            "x": 94,
            "y": 290
          },
          {
            "x": 93.0,
            "y": 291
          },
          {
            "x": 92.0,
            "y": 291
          },
          {
            "x": 92.0,
            "y": 293
          },
          {
            "x": 90.0,
            "y": 295
          },
          {
            "x": 90.0,
            "y": 297
          },
          {
            "x": 89.0,
            "y": 298
          },
          {
            "x": 89.0,
            "y": 300
          },
          {
            "x": 88,
            "y": 301
          },
          {
            "x": 87,
            "y": 301
          },
          {
            "x": 87,
            "y": 304
          },
          {
            "x": 86,
            "y": 305
          },
          {
            "x": 86,
            "y": 308
          },
          {
            "x": 85,
            "y": 309
          },
          {
            "x": 85,
            "y": 313
          },
          {
            "x": 84,
            "y": 314
          },
          {
            "x": 84,
            "y": 318
          },
          {
            "x": 83,
            "y": 319
          },
          {
            "x": 82.0,
            "y": 319
          },
          {
            "x": 82.0,
            "y": 330
          },
          {
            "x": 83,
            "y": 330
          },
          {
            "x": 84,
            "y": 331
          },
          {
            "x": 84,
            "y": 335
          },
          {
            "x": 86,
            "y": 337
          },
          {
            "x": 86,
            "y": 339
          },
          {
            "x": 87,
            "y": 340
          },
          {
            "x": 88,
            "y": 340
          },
          {
            "x": 90.0,
            "y": 342
          },
          {
            "x": 90.0,
            "y": 343
          },
          {
            "x": 92.0,
            "y": 345
          },
          {
            "x": 92.0,
            "y": 346
          },
          {
            "x": 93.0,
            "y": 346
          },
          {
            "x": 94,
            "y": 347
          },
          {
            "x": 94,
            "y": 348
          },
          {
            "x": 95,
            "y": 349
          },
          {
            "x": 95,
            "y": 350
          },
          {
            "x": 97,
            "y": 352
          },
          {
            "x": 97,
            "y": 354
          },
          {
            "x": 98,
            "y": 355
          },
          {
            "x": 98,
            "y": 358
          },
          {
            "x": 99.0,
            "y": 358
          },
          {
            "x": 100.0,
            "y": 359
          },
          {
            "x": 100.0,
            "y": 360
          },
          {
            "x": 101.0,
            "y": 361
          },
          {
            "x": 101.0,
            "y": 363
          },
          {
            "x": 102.0,
            "y": 364
          },
          {
            "x": 102.0,
            "y": 365
          },
          {
            "x": 103.0,
            "y": 366
          },
          {
            "x": 104,
            "y": 366
          },
          {
            "x": 105,
            "y": 367
          },
          {
            "x": 105,
            "y": 369
          },
          {
            "x": 107,
            "y": 371
          },
          {
            "x": 107,
            "y": 373
          },
          {
            "x": 108,
            "y": 374
          },
          {
            "x": 109,
            "y": 374
          },
          {
            "x": 111.0,
            "y": 376
          },
          {
            "x": 111.0,
            "y": 378
          },
          {
            "x": 112.0,
            "y": 379
          },
          {
            "x": 112.0,
            "y": 381
          },
          {
            "x": 113.0,
            "y": 382
          },
          {
            "x": 113.0,
            "y": 385
          },
          {
            "x": 114.0,
            "y": 385
          },
          {
            "x": 115,
            "y": 386
          },
          {
            "x": 115,
            "y": 388
          },
          {
            "x": 116,
            "y": 389
          },
          {
            "x": 116,
            "y": 390
          },
          {
            "x": 117,
            "y": 391
          },
          {
            "x": 117,
            "y": 392
          },
          {
            "x": 118,
            "y": 393
          },
          {
            "x": 118,
            "y": 395
          },
          {
            "x": 119,
            "y": 395
          },
          {
            "x": 121.0,
            "y": 397
          },
          {
            "x": 121.0,
            "y": 399
          },
          {
            "x": 122.0,
            "y": 400
          },
          {
            "x": 122.0,
            "y": 401
          },
          {
            "x": 123.0,
            "y": 402
          },
          {
            "x": 123.0,
            "y": 404
          },
          {
            "x": 124.0,
            "y": 404
          },
          {
            "x": 125,
            "y": 405
          },
          {
            "x": 125,
            "y": 410
          },
          {
            "x": 126,
            "y": 411
          },
          {
            "x": 126,
            "y": 414
          },
          {
            "x": 127,
            "y": 415
          },
          {
            "x": 127,
            "y": 416
          },
          {
            "x": 128,
            "y": 417
          },
          {
            "x": 128,
            "y": 419
          },
          {
            "x": 129,
            "y": 419
          },
          {
            "x": 130,
            "y": 420
          },
          {
            "x": 131,
            "y": 420
          },
          {
            "x": 133,
            "y": 422
          },
          {
            "x": 134,
            "y": 422
          },
          {
            "x": 135,
            "y": 423
          },
          {
            "x": 135,
            "y": 424
          },
          {
            "x": 136,
            "y": 424
          },
          {
            "x": 138,
            "y": 426
          },
          {
            "x": 140,
            "y": 426
          },
          {
            "x": 142,
            "y": 428
          },
          {
            "x": 142,
            "y": 430
          },
          {
            "x": 143,
            "y": 431
          },
          {
            "x": 143,
            "y": 440
          },
          {
            "x": 144,
            "y": 440
          },
          {
            "x": 145,
            "y": 441
          },
          {
            "x": 145,
            "y": 444
          },
          {
            "x": 146,
            "y": 445.0
          },
          {
            "x": 146,
            "y": 446
          },
          {
            "x": 147,
            "y": 447
          },
          {
            "x": 147,
            "y": 449
          },
          {
            "x": 148,
            "y": 450
          },
          {
            "x": 148,
            "y": 451.0
          },
          {
            "x": 149,
            "y": 451.0
          },
          {
            "x": 151,
            "y": 453
          },
          {
            "x": 151,
            "y": 461
          },
          {
            "x": 150,
            "y": 462.0
          },
          {
            "x": 150,
            "y": 471
          },
          {
            "x": 151,
            "y": 472
          },
          {
            "x": 151,
            "y": 480
          },
          {
            "x": 152,
            "y": 481.0
          },
          {
            "x": 152,
            "y": 490
          },
          {
            "x": 153,
            "y": 491
          },
          {
            "x": 153,
            "y": 503.0
          },
          {
            "x": 154,
            "y": 503.0
          },
          {
            "x": 155,
            "y": 504
          },
          {
            "x": 155,
            "y": 511
          },
          {
            "x": 156,
            "y": 512
          },
          {
            "x": 156,
            "y": 517
          },
          {
            "x": 157,
            "y": 518
          },
          {
            "x": 157,
            "y": 521
          },
          {
            "x": 158,
            "y": 522
          },
          {
            "x": 158,
            "y": 525
          },
          {
            "x": 159,
            "y": 525
          },
          {
            "x": 160,
            "y": 526
          },
          {
            "x": 160,
            "y": 528
          },
          {
            "x": 161,
            "y": 529
          },
          {
            "x": 161,
            "y": 532
          },
          {
            "x": 162,
            "y": 533
          },
          {
            "x": 162,
            "y": 537
          },
          {
            "x": 163,
            "y": 538
          },
          {
            "x": 163,
            "y": 541
          },
          {
            "x": 164,
            "y": 541
          },
          {
            "x": 165,
            "y": 542
          },
          {
            "x": 165,
            "y": 544
          },
          {
            "x": 166,
            "y": 545
          },
          {
            "x": 166,
            "y": 547
          },
          {
            "x": 169,
            "y": 550
          },
          {
            "x": 169,
            "y": 551
          },
          {
            "x": 171,
            "y": 551
          },
          {
            "x": 172,
            "y": 552
          },
          {
            "x": 173,
            "y": 552
          },
          {
            "x": 174,
            "y": 553
          },
          {
            "x": 177,
            "y": 553
          },
          {
            "x": 178,
            "y": 554
          },
          {
            "x": 181,
            "y": 554
          },
          {
            "x": 182,
            "y": 555
          },
          {
            "x": 182,
            "y": 556
          },
          {
            "x": 186,
            "y": 556
          },
          {
            "x": 187,
            "y": 557
          },
          {
            "x": 190.0,
            "y": 557
          },
          {
            "x": 192.0,
            "y": 559
          },
          {
            "x": 193,
            "y": 559
          },
          {
            "x": 194.0,
            "y": 560
          },
          {
            "x": 194.0,
            "y": 561
          },
          {
            "x": 196.0,
            "y": 561
          },
          {
            "x": 197,
            "y": 562
          },
          {
            "x": 198,
            "y": 562
          },
          {
            "x": 199.0,
            "y": 563
          },
          {
            "x": 200,
            "y": 563
          },
          {
            "x": 201.0,
            "y": 564
          },
          {
            "x": 202,
            "y": 564
          },
          {
            "x": 203.0,
            "y": 565
          },
          {
            "x": 203.0,
            "y": 566
          },
          {
            "x": 204,
            "y": 567
          },
          {
            "x": 205.0,
            "y": 567
          },
          {
            "x": 208.0,
            "y": 570
          },
          {
            "x": 208.0,
            "y": 571
          },
          {
            "x": 209,
            "y": 572
          },
          {
            "x": 209,
            "y": 573
          },
          {
            "x": 210.0,
            "y": 573
          },
          {
            "x": 212.0,
            "y": 575
          },
          {
            "x": 212.0,
            "y": 576
          },
          {
            "x": 214.0,
            "y": 578
          },
          {
            "x": 215,
            "y": 578
          },
          {
            "x": 216.0,
            "y": 579
          },
          {
            "x": 216.0,
            "y": 581
          },
          {
            "x": 218.0,
            "y": 583
          },
          {
            "x": 218.0,
            "y": 584
          },
          {
            "x": 219.0,
            "y": 585
          },
          {
            "x": 219.0,
            "y": 587
          },
          {
            "x": 220,
            "y": 587
          },
          {
            "x": 221.0,
            "y": 588
          },
          {
            "x": 221.0,
            "y": 594
          },
          {
            "x": 220,
            "y": 595
          },
          {
            "x": 219.0,
            "y": 595
          },
          {
            "x": 219.0,
            "y": 601
          },
          {
            "x": 220,
            "y": 601
          },
          {
            "x": 221.0,
            "y": 602
          },
          {
            "x": 221.0,
            "y": 607
          },
          {
            "x": 222,
            "y": 608
          },
          {
            "x": 222,
            "y": 612
          },
          {
            "x": 223,
            "y": 613
          },
          {
            "x": 223,
            "y": 627
          },
          {
            "x": 222,
            "y": 628
          },
          {
            "x": 222,
            "y": 638
          },
          {
            "x": 531,
            "y": 638
          },
          {
            "x": 532,
            "y": 637
          },
          {
            "x": 532,
            "y": 636
          },
          {
            "x": 530,
            "y": 634
          },
          {
            "x": 530,
            "y": 630
          },
          {
            "x": 529,
            "y": 630
          },
          {
            "x": 528,
            "y": 629
          },
          {
            "x": 528,
            "y": 625
          },
          {
            "x": 527,
            "y": 624
          },
          {
            "x": 527,
            "y": 621
          },
          {
            "x": 525,
            "y": 619
          },
          {
            "x": 524,
            "y": 619
          },
          {
            "x": 523,
            "y": 618
          },
          {
            "x": 523,
            "y": 616
          },
          {
            "x": 522,
            "y": 615
          },
          {
            "x": 521,
            "y": 615
          },
          {
            "x": 519,
            "y": 613
          },
          {
            "x": 518,
            "y": 613
          },
          {
            "x": 517,
            "y": 612
          },
          {
            "x": 517,
            "y": 610
          },
          {
            "x": 516,
            "y": 609
          },
          {
            "x": 516,
            "y": 599
          },
          {
            "x": 517,
            "y": 598
          },
          {
            "x": 517,
            "y": 592
          },
          {
            "x": 516,
            "y": 591
          },
          {
            "x": 516,
            "y": 590
          },
          {
            "x": 514,
            "y": 588
          },
          {
            "x": 513,
            "y": 588
          },
          {
            "x": 511,
            "y": 586
          },
          {
            "x": 511,
            "y": 584
          },
          {
            "x": 510.0,
            "y": 583
          },
          {
            "x": 510.0,
            "y": 582
          },
          {
            "x": 511,
            "y": 581
          },
          {
            "x": 511,
            "y": 578
          },
          {
            "x": 512,
            "y": 577
          },
          {
            "x": 512,
            "y": 575
          },
          {
            "x": 513,
            "y": 574
          },
          {
            "x": 514,
            "y": 574
          },
          {
            "x": 514,
            "y": 573
          },
          {
            "x": 515,
            "y": 572
          },
          {
            "x": 515,
            "y": 569
          },
          {
            "x": 516,
            "y": 568
          },
          {
            "x": 516,
            "y": 565
          },
          {
            "x": 517,
            "y": 564
          },
          {
            "x": 517,
            "y": 555
          },
          {
            "x": 518,
            "y": 554
          },
          {
            "x": 519,
            "y": 554
          },
          {
            "x": 519,
            "y": 542
          },
          {
            "x": 520,
            "y": 541
          },
          {
            "x": 520,
            "y": 528
          },
          {
            "x": 521,
            "y": 527
          },
          {
            "x": 521,
            "y": 521
          },
          {
            "x": 522,
            "y": 520
          },
          {
            "x": 522,
            "y": 514
          },
          {
            "x": 523,
            "y": 513
          },
          {
            "x": 523,
            "y": 508
          },
          {
            "x": 524,
            "y": 507.0
          },
          {
            "x": 525,
            "y": 507.0
          },
          {
            "x": 525,
            "y": 496.0
          },
          {
            "x": 524,
            "y": 496.0
          },
          {
            "x": 523,
            "y": 495.0
          },
          {
            "x": 523,
            "y": 489.0
          },
          {
            "x": 524,
            "y": 488.0
          },
          {
            "x": 525,
            "y": 488.0
          },
          {
            "x": 525,
            "y": 483
          },
          {
            "x": 526,
            "y": 482
          },
          {
            "x": 526,
            "y": 476
          },
          {
            "x": 527,
            "y": 475
          },
          {
            "x": 527,
            "y": 463.0
          },
          {
            "x": 526,
            "y": 462.0
          },
          {
            "x": 526,
            "y": 461
          },
          {
            "x": 525,
            "y": 460
          },
          {
            "x": 525,
            "y": 456.0
          },
          {
            "x": 526,
            "y": 455.0
          },
          {
            "x": 526,
            "y": 452.0
          },
          {
            "x": 528,
            "y": 450
          },
          {
            "x": 528,
            "y": 447
          },
          {
            "x": 529,
            "y": 446
          },
          {
            "x": 530,
            "y": 446
          },
          {
            "x": 530,
            "y": 445.0
          },
          {
            "x": 531,
            "y": 444
          },
          {
            "x": 531,
            "y": 442
          },
          {
            "x": 532,
            "y": 441
          },
          {
            "x": 532,
            "y": 436
          },
          {
            "x": 533,
            "y": 435
          },
          {
            "x": 533,
            "y": 428
          },
          {
            "x": 534,
            "y": 427
          },
          {
            "x": 535,
            "y": 427
          },
          {
            "x": 535,
            "y": 416
          },
          {
            "x": 534,
            "y": 416
          },
          {
            "x": 533,
            "y": 415
          },
          {
            "x": 533,
            "y": 405
          },
          {
            "x": 532,
            "y": 404
          },
          {
            "x": 532,
            "y": 400
          },
          {
            "x": 531,
            "y": 399
          },
          {
            "x": 531,
            "y": 397
          },
          {
            "x": 530,
            "y": 396
          },
          {
            "x": 530,
            "y": 395
          },
          {
            "x": 529,
            "y": 395
          },
          {
            "x": 528,
            "y": 394
          },
          {
            "x": 528,
            "y": 389
          },
          {
            "x": 527,
            "y": 388
          },
          {
            "x": 527,
            "y": 382
          },
          {
            "x": 525,
            "y": 380
          },
          {
            "x": 525,
            "y": 379
          },
          {
            "x": 524,
            "y": 379
          },
          {
            "x": 523,
            "y": 378
          },
          {
            "x": 523,
            "y": 376
          },
          {
            "x": 522,
            "y": 375
          },
          {
            "x": 522,
            "y": 372
          },
          {
            "x": 521,
            "y": 371
          },
          {
            "x": 521,
            "y": 370
          },
          {
            "x": 520,
            "y": 369
          },
          {
            "x": 520,
            "y": 367
          },
          {
            "x": 519,
            "y": 366
          },
          {
            "x": 518,
            "y": 366
          },
          {
            "x": 515,
            "y": 363
          },
          {
            "x": 515,
            "y": 362
          },
          {
            "x": 514,
            "y": 361
          },
          {
            "x": 513,
            "y": 361
          },
          {
            "x": 511,
            "y": 359
          },
          {
            "x": 510.0,
            "y": 359
          },
          {
            "x": 509,
            "y": 358
          },
          {
            "x": 509,
            "y": 357
          },
          {
            "x": 508,
            "y": 357
          },
          {
            "x": 507.0,
            "y": 356
          },
          {
            "x": 506.0,
            "y": 356
          },
          {
            "x": 505,
            "y": 355
          },
          {
            "x": 503.0,
            "y": 355
          },
          {
            "x": 501,
            "y": 353
          },
          {
            "x": 501,
            "y": 352
          },
          {
            "x": 500,
            "y": 352
          },
          {
            "x": 499.0,
            "y": 351
          },
          {
            "x": 497,
            "y": 351
          },
          {
            "x": 496.0,
            "y": 350
          },
          {
            "x": 495.0,
            "y": 350
          },
          {
            "x": 494,
            "y": 349
          },
          {
            "x": 492.0,
            "y": 349
          },
          {
            "x": 491,
            "y": 348
          },
          {
            "x": 491,
            "y": 347
          },
          {
            "x": 490,
            "y": 347
          },
          {
            "x": 489.0,
            "y": 346
          },
          {
            "x": 486,
            "y": 346
          },
          {
            "x": 485.0,
            "y": 345
          },
          {
            "x": 481.0,
            "y": 345
          },
          {
            "x": 480,
            "y": 344
          },
          {
            "x": 472,
            "y": 344
          },
          {
            "x": 471,
            "y": 343
          },
          {
            "x": 471,
            "y": 342
          },
          {
            "x": 465,
            "y": 342
          },
          {
            "x": 464,
            "y": 341
          },
          {
            "x": 461,
            "y": 341
          },
          {
            "x": 459.0,
            "y": 339
          },
          {
            "x": 459.0,
            "y": 337
          },
          {
            "x": 458,
            "y": 337
          },
          {
            "x": 457,
            "y": 336
          },
          {
            "x": 457,
            "y": 335
          },
          {
            "x": 456.0,
            "y": 334
          },
          {
            "x": 456.0,
            "y": 331
          },
          {
            "x": 455.0,
            "y": 330
          },
          {
            "x": 455.0,
            "y": 329
          },
          {
            "x": 454,
            "y": 328
          },
          {
            "x": 454,
            "y": 326
          },
          {
            "x": 453,
            "y": 326
          },
          {
            "x": 451.0,
            "y": 324
          },
          {
            "x": 451.0,
            "y": 322
          },
          {
            "x": 448.0,
            "y": 319
          },
          {
            "x": 444.0,
            "y": 319
          },
          {
            "x": 443,
            "y": 318
          },
          {
            "x": 432,
            "y": 318
          },
          {
            "x": 431,
            "y": 317
          },
          {
            "x": 431,
            "y": 316
          },
          {
            "x": 428,
            "y": 313
          },
          {
            "x": 427,
            "y": 313
          },
          {
            "x": 426.0,
            "y": 312
          },
          {
            "x": 426.0,
            "y": 310
          },
          {
            "x": 425,
            "y": 309
          },
          {
            "x": 425,
            "y": 308
          },
          {
            "x": 424,
            "y": 307
          },
          {
            "x": 424,
            "y": 305
          },
          {
            "x": 423.0,
            "y": 304
          },
          {
            "x": 423.0,
            "y": 301
          },
          {
            "x": 422.0,
            "y": 301
          },
          {
            "x": 421,
            "y": 300
          },
          {
            "x": 421,
            "y": 298
          },
          {
            "x": 420,
            "y": 297
          },
          {
            "x": 420,
            "y": 295
          },
          {
            "x": 419.0,
            "y": 294
          },
          {
            "x": 419.0,
            "y": 293
          },
          {
            "x": 418.0,
            "y": 292
          },
          {
            "x": 418.0,
            "y": 291
          },
          {
            "x": 417,
            "y": 291
          },
          {
            "x": 416,
            "y": 290
          },
          {
            "x": 416,
            "y": 286
          },
          {
            "x": 415.0,
            "y": 285
          },
          {
            "x": 415.0,
            "y": 284
          },
          {
            "x": 413,
            "y": 282
          },
          {
            "x": 413,
            "y": 281
          },
          {
            "x": 412.0,
            "y": 281
          },
          {
            "x": 411.0,
            "y": 280
          },
          {
            "x": 411.0,
            "y": 279
          },
          {
            "x": 410,
            "y": 278
          },
          {
            "x": 410,
            "y": 276
          },
          {
            "x": 408.0,
            "y": 274
          },
          {
            "x": 407.0,
            "y": 274
          },
          {
            "x": 406,
            "y": 273
          },
          {
            "x": 406,
            "y": 271
          },
          {
            "x": 403,
            "y": 268
          },
          {
            "x": 402,
            "y": 268
          },
          {
            "x": 401.0,
            "y": 267
          },
          {
            "x": 401.0,
            "y": 265
          },
          {
            "x": 398,
            "y": 262
          },
          {
            "x": 398,
            "y": 261
          },
          {
            "x": 397.0,
            "y": 261
          },
          {
            "x": 396,
            "y": 260
          },
          {
            "x": 396,
            "y": 259
          },
          {
            "x": 394.0,
            "y": 257
          },
          {
            "x": 394.0,
            "y": 256
          },
          {
            "x": 393.0,
            "y": 255.0
          },
          {
            "x": 392,
            "y": 255.0
          },
          {
            "x": 391,
            "y": 254
          },
          {
            "x": 391,
            "y": 253.0
          },
          {
            "x": 390.0,
            "y": 252
          },
          {
            "x": 390.0,
            "y": 251
          },
          {
            "x": 388,
            "y": 249
          },
          {
            "x": 388,
            "y": 248.0
          },
          {
            "x": 387,
            "y": 248.0
          },
          {
            "x": 385,
            "y": 246.0
          },
          {
            "x": 385,
            "y": 245
          },
          {
            "x": 384,
            "y": 244.0
          },
          {
            "x": 384,
            "y": 243
          },
          {
            "x": 383.0,
            "y": 242.0
          },
          {
            "x": 382.0,
            "y": 242.0
          },
          {
            "x": 381,
            "y": 241
          },
          {
            "x": 381,
            "y": 240
          },
          {
            "x": 378.0,
            "y": 237.0
          },
          {
            "x": 375.0,
            "y": 237.0
          },
          {
            "x": 374,
            "y": 236
          },
          {
            "x": 374,
            "y": 235.0
          },
          {
            "x": 371.0,
            "y": 235.0
          },
          {
            "x": 370,
            "y": 234
          },
          {
            "x": 365,
            "y": 234
          },
          {
            "x": 364.0,
            "y": 233.0
          },
          {
            "x": 360.0,
            "y": 233.0
          },
          {
            "x": 359,
            "y": 232
          },
          {
            "x": 354,
            "y": 232
          },
          {
            "x": 353.0,
            "y": 231.0
          },
          {
            "x": 353.0,
            "y": 230
          },
          {
            "x": 350.0,
            "y": 230
          },
          {
            "x": 349.0,
            "y": 229
          },
          {
            "x": 345.0,
            "y": 229
          },
          {
            "x": 344,
            "y": 228.0
          },
          {
            "x": 329,
            "y": 228.0
          },
          {
            "x": 328.0,
            "y": 229
          },
          {
            "x": 314,
            "y": 229
          },
          {
            "x": 313.0,
            "y": 228.0
          },
          {
            "x": 295.0,
            "y": 228.0
          },
          {
            "x": 294.0,
            "y": 227
          },
          {
            "x": 293,
            "y": 227
          },
          {
            "x": 292,
            "y": 226.0
          },
          {
            "x": 292,
            "y": 224.0
          },
          {
            "x": 291.0,
            "y": 223
          },
          {
            "x": 291.0,
            "y": 222.0
          },
          {
            "x": 290.0,
            "y": 222.0
          },
          {
            "x": 289,
            "y": 221
          },
          {
            "x": 289,
            "y": 220.0
          },
          {
            "x": 288,
            "y": 219
          },
          {
            "x": 288,
            "y": 218
          },
          {
            "x": 286,
            "y": 216
          },
          {
            "x": 286,
            "y": 215.0
          },
          {
            "x": 285,
            "y": 215.0
          },
          {
            "x": 281,
            "y": 211.0
          },
          {
            "x": 281,
            "y": 210
          },
          {
            "x": 280.0,
            "y": 210
          },
          {
            "x": 277.0,
            "y": 207
          },
          {
            "x": 275,
            "y": 207
          },
          {
            "x": 274,
            "y": 206.0
          },
          {
            "x": 274,
            "y": 205
          },
          {
            "x": 271,
            "y": 202.0
          },
          {
            "x": 270,
            "y": 202.0
          },
          {
            "x": 269.0,
            "y": 201
          },
          {
            "x": 269.0,
            "y": 200.0
          },
          {
            "x": 268,
            "y": 199
          },
          {
            "x": 267,
            "y": 199
          },
          {
            "x": 266.0,
            "y": 198.0
          },
          {
            "x": 265.0,
            "y": 198.0
          },
          {
            "x": 263,
            "y": 196
          },
          {
            "x": 263,
            "y": 195.0
          },
          {
            "x": 262.0,
            "y": 195.0
          },
          {
            "x": 261.0,
            "y": 194
          },
          {
            "x": 260,
            "y": 194
          },
          {
            "x": 259,
            "y": 193.0
          },
          {
            "x": 258.0,
            "y": 193.0
          },
          {
            "x": 257,
            "y": 192
          },
          {
            "x": 255.0,
            "y": 192
          },
          {
            "x": 254.0,
            "y": 191.0
          },
          {
            "x": 254.0,
            "y": 190
          },
          {
            "x": 253.0,
            "y": 189.0
          },
          {
            "x": 252,
            "y": 189.0
          },
          {
            "x": 251.0,
            "y": 188
          },
          {
            "x": 250.0,
            "y": 188
          },
          {
            "x": 248.0,
            "y": 186
          },
          {
            "x": 248.0,
            "y": 185
          },
          {
            "x": 247.0,
            "y": 185
          },
          {
            "x": 246.0,
            "y": 184.0
          },
          {
            "x": 245,
            "y": 184.0
          },
          {
            "x": 242.0,
            "y": 181
          },
          {
            "x": 242.0,
            "y": 180.0
          },
          {
            "x": 241,
            "y": 179
          },
          {
            "x": 240.0,
            "y": 179
          },
          {
            "x": 236.0,
            "y": 175.0
          },
          {
            "x": 236.0,
            "y": 173.0
          },
          {
            "x": 235.0,
            "y": 172
          },
          {
            "x": 234,
            "y": 172
          },
          {
            "x": 233.0,
            "y": 171.0
          },
          {
            "x": 233.0,
            "y": 169.0
          },
          {
            "x": 232.0,
            "y": 168
          },
          {
            "x": 232.0,
            "y": 164.0
          },
          {
            "x": 231.0,
            "y": 163
          },
          {
            "x": 231.0,
            "y": 156.0
          },
          {
            "x": 232.0,
            "y": 155
          },
          {
            "x": 232.0,
            "y": 149
          },
          {
            "x": 233.0,
            "y": 148
          },
          {
            "x": 233.0,
            "y": 146
          },
          {
            "x": 234,
            "y": 145
          },
          {
            "x": 235.0,
            "y": 145
          },
          {
            "x": 235.0,
            "y": 142
          },
          {
            "x": 236.0,
            "y": 141
          },
          {
            "x": 236.0,
            "y": 139
          },
          {
            "x": 237.0,
            "y": 138
          },
          {
            "x": 237.0,
            "y": 136
          },
          {
            "x": 238,
            "y": 135
          },
          {
            "x": 238,
            "y": 134
          },
          {
            "x": 239.0,
            "y": 133
          },
          {
            "x": 239.0,
            "y": 132
          },
          {
            "x": 240.0,
            "y": 131
          },
          {
            "x": 241,
            "y": 131
          },
          {
            "x": 241,
            "y": 129
          },
          {
            "x": 245,
            "y": 125
          },
          {
            "x": 247.0,
            "y": 125
          },
          {
            "x": 247.0,
            "y": 124.0
          },
          {
            "x": 248.0,
            "y": 123.0
          },
          {
            "x": 251.0,
            "y": 123.0
          },
          {
            "x": 252,
            "y": 122.0
          },
          {
            "x": 254.0,
            "y": 122.0
          },
          {
            "x": 255.0,
            "y": 121.0
          },
          {
            "x": 257,
            "y": 121.0
          },
          {
            "x": 258.0,
            "y": 120
          },
          {
            "x": 259,
            "y": 120
          },
          {
            "x": 259,
            "y": 119
          },
          {
            "x": 260,
            "y": 118
          },
          {
            "x": 262.0,
            "y": 118
          },
          {
            "x": 264,
            "y": 116
          },
          {
            "x": 266.0,
            "y": 116
          },
          {
            "x": 267,
            "y": 115
          },
          {
            "x": 268,
            "y": 115
          },
          {
            "x": 268,
            "y": 114.0
          },
          {
            "x": 270,
            "y": 112.0
          },
          {
            "x": 271,
            "y": 112.0
          },
          {
            "x": 273.0,
            "y": 110
          },
          {
            "x": 273.0,
            "y": 108
          },
          {
            "x": 274,
            "y": 107
          },
          {
            "x": 274,
            "y": 103
          },
          {
            "x": 275,
            "y": 102
          },
          {
            "x": 276.0,
            "y": 102
          },
          {
            "x": 276.0,
            "y": 90
          },
          {
            "x": 277.0,
            "y": 89
          },
          {
            "x": 277.0,
            "y": 83
          },
          {
            "x": 278,
            "y": 82
          },
          {
            "x": 278,
            "y": 80
          },
          {
            "x": 279.0,
            "y": 79
          },
          {
            "x": 279.0,
            "y": 75
          },
          {
            "x": 280.0,
            "y": 74
          },
          {
            "x": 281,
            "y": 74
          },
          {
            "x": 281,
            "y": 71
          },
          {
            "x": 282,
            "y": 70
          },
          {
            "x": 282,
            "y": 67
          },
          {
            "x": 284.0,
            "y": 65
          },
          {
            "x": 284.0,
            "y": 63
          },
          {
            "x": 285,
            "y": 62.0
          },
          {
            "x": 286,
            "y": 62.0
          },
          {
            "x": 286,
            "y": 57.0
          },
          {
            "x": 287.0,
            "y": 56.0
          },
          {
            "x": 287.0,
            "y": 55
          },
          {
            "x": 288,
            "y": 54
          },
          {
            "x": 288,
            "y": 53
          },
          {
            "x": 289,
            "y": 52
          },
          {
            "x": 289,
            "y": 50
          },
          {
            "x": 290.0,
            "y": 49
          },
          {
            "x": 291.0,
            "y": 49
          },
          {
            "x": 291.0,
            "y": 46
          },
          {
            "x": 290.0,
            "y": 46
          },
          {
            "x": 289,
            "y": 45
          },
          {
            "x": 289,
            "y": 43
          },
          {
            "x": 288,
            "y": 43
          },
          {
            "x": 288,
            "y": 45
          },
          {
            "x": 287.0,
            "y": 46
          },
          {
            "x": 287.0,
            "y": 49
          },
          {
            "x": 286,
            "y": 50
          },
          {
            "x": 285,
            "y": 50
          },
          {
            "x": 283.0,
            "y": 52
          },
          {
            "x": 283.0,
            "y": 54
          },
          {
            "x": 282,
            "y": 55
          },
          {
            "x": 282,
            "y": 56.0
          },
          {
            "x": 281,
            "y": 57.0
          },
          {
            "x": 280.0,
            "y": 57.0
          },
          {
            "x": 280.0,
            "y": 59
          },
          {
            "x": 277.0,
            "y": 62.0
          },
          {
            "x": 277.0,
            "y": 64
          },
          {
            "x": 276.0,
            "y": 65
          },
          {
            "x": 275,
            "y": 65
          },
          {
            "x": 272.0,
            "y": 68
          },
          {
            "x": 272.0,
            "y": 69
          },
          {
            "x": 271,
            "y": 70
          },
          {
            "x": 270,
            "y": 70
          },
          {
            "x": 268,
            "y": 72
          },
          {
            "x": 264,
            "y": 72
          },
          {
            "x": 263,
            "y": 71
          },
          {
            "x": 262.0,
            "y": 71
          },
          {
            "x": 261.0,
            "y": 70
          },
          {
            "x": 260,
            "y": 70
          },
          {
            "x": 259,
            "y": 69
          },
          {
            "x": 259,
            "y": 67
          },
          {
            "x": 258.0,
            "y": 66
          },
          {
            "x": 258.0,
            "y": 63
          },
          {
            "x": 257,
            "y": 62.0
          },
          {
            "x": 257,
            "y": 50
          },
          {
            "x": 256,
            "y": 49
          },
          {
            "x": 256,
            "y": 42
          },
          {
            "x": 255.0,
            "y": 42
          },
          {
            "x": 254.0,
            "y": 41
          },
          {
            "x": 254.0,
            "y": 40
          },
          {
            "x": 253.0,
            "y": 39
          },
          {
            "x": 253.0,
            "y": 37
          },
          {
            "x": 252,
            "y": 36
          },
          {
            "x": 252,
            "y": 35
          },
          {
            "x": 251.0,
            "y": 34
          },
          {
            "x": 251.0,
            "y": 32
          },
          {
            "x": 250.0,
            "y": 32
          },
          {
            "x": 249,
            "y": 31.0
          },
          {
            "x": 249,
            "y": 30
          },
          {
            "x": 248.0,
            "y": 29
          },
          {
            "x": 248.0,
            "y": 27
          },
          {
            "x": 247.0,
            "y": 26
          },
          {
            "x": 247.0,
            "y": 24
          },
          {
            "x": 246.0,
            "y": 23
          },
          {
            "x": 246.0,
            "y": 22
          },
          {
            "x": 245,
            "y": 22
          },
          {
            "x": 244.0,
            "y": 21
          },
          {
            "x": 244.0,
            "y": 20
          },
          {
            "x": 242.0,
            "y": 18
          },
          {
            "x": 242.0,
            "y": 17
          },
          {
            "x": 238,
            "y": 17
          },
          {
            "x": 237.0,
            "y": 16
          },
          {
            "x": 226.0,
            "y": 16
          },
          {
            "x": 225.0,
            "y": 17
          },
          {
            "x": 222,
            "y": 17
          },
          {
            "x": 222,
            "y": 18
          },
          {
            "x": 221.0,
            "y": 19
          },
          {
            "x": 218.0,
            "y": 19
          },
          {
            "x": 217,
            "y": 20
          },
          {
            "x": 214.0,
            "y": 20
          },
          {
            "x": 212.0,
            "y": 22
          },
          {
            "x": 211,
            "y": 22
          },
          {
            "x": 211,
            "y": 23
          },
          {
            "x": 210.0,
            "y": 24
          },
          {
            "x": 209,
            "y": 24
          },
          {
            "x": 206,
            "y": 27
          },
          {
            "x": 206,
            "y": 28.0
          },
          {
            "x": 205.0,
            "y": 29
          },
          {
            "x": 204,
            "y": 29
          },
          {
            "x": 203.0,
            "y": 30
          },
          {
            "x": 203.0,
            "y": 31.0
          },
          {
            "x": 202,
            "y": 32
          },
          {
            "x": 202,
            "y": 41
          },
          {
            "x": 204,
            "y": 43
          },
          {
            "x": 204,
            "y": 45
          },
          {
            "x": 206,
            "y": 45
          },
          {
            "x": 209,
            "y": 48
          },
          {
            "x": 209,
            "y": 49
          },
          {
            "x": 211,
            "y": 49
          },
          {
            "x": 213,
            "y": 51
          },
          {
            "x": 213,
            "y": 52
          },
          {
            "x": 214.0,
            "y": 53
          },
          {
            "x": 214.0,
            "y": 56.0
          },
          {
            "x": 215,
            "y": 56.0
          },
          {
            "x": 216.0,
            "y": 57.0
          },
          {
            "x": 216.0,
            "y": 61.0
          },
          {
            "x": 215,
            "y": 62.0
          },
          {
            "x": 214.0,
            "y": 62.0
          },
          {
            "x": 214.0,
            "y": 67
          },
          {
            "x": 213,
            "y": 68
          },
          {
            "x": 213,
            "y": 71
          },
          {
            "x": 212.0,
            "y": 72
          },
          {
            "x": 212.0,
            "y": 75
          },
          {
            "x": 211,
            "y": 76
          },
          {
            "x": 211,
            "y": 79
          },
          {
            "x": 210.0,
            "y": 80
          },
          {
            "x": 209,
            "y": 80
          },
          {
            "x": 209,
            "y": 82
          },
          {
            "x": 208.0,
            "y": 83
          },
          {
            "x": 208.0,
            "y": 89
          },
          {
            "x": 207.0,
            "y": 90
          },
          {
            "x": 207.0,
            "y": 95
          },
          {
            "x": 206,
            "y": 96
          },
          {
            "x": 206,
            "y": 100
          },
          {
            "x": 205.0,
            "y": 101
          },
          {
            "x": 204,
            "y": 101
          },
          {
            "x": 204,
            "y": 104
          },
          {
            "x": 203.0,
            "y": 105
          },
          {
            "x": 203.0,
            "y": 106
          },
          {
            "x": 202,
            "y": 107
          },
          {
            "x": 202,
            "y": 110
          },
          {
            "x": 201.0,
            "y": 111
          },
          {
            "x": 201.0,
            "y": 112.0
          },
          {
            "x": 200,
            "y": 113.0
          },
          {
            "x": 199.0,
            "y": 113.0
          },
          {
            "x": 198,
            "y": 114.0
          },
          {
            "x": 198,
            "y": 116
          },
          {
            "x": 197,
            "y": 117
          },
          {
            "x": 197,
            "y": 118
          },
          {
            "x": 196.0,
            "y": 119
          },
          {
            "x": 196.0,
            "y": 121.0
          },
          {
            "x": 195,
            "y": 122.0
          },
          {
            "x": 194.0,
            "y": 122.0
          },
          {
            "x": 194.0,
            "y": 123.0
          },
          {
            "x": 193,
            "y": 124.0
          },
          {
            "x": 193,
            "y": 126
          },
          {
            "x": 190.0,
            "y": 129
          },
          {
            "x": 188.0,
            "y": 129
          },
          {
            "x": 188.0,
            "y": 130
          },
          {
            "x": 187,
            "y": 131
          },
          {
            "x": 181,
            "y": 131
          },
          {
            "x": 180,
            "y": 130
          },
          {
            "x": 180,
            "y": 129
          },
          {
            "x": 177,
            "y": 129
          },
          {
            "x": 175,
            "y": 127
          },
          {
            "x": 174,
            "y": 127
          },
          {
            "x": 172,
            "y": 125
          },
          {
            "x": 172,
            "y": 124.0
          },
          {
            "x": 170,
            "y": 122.0
          },
          {
            "x": 169,
            "y": 122.0
          },
          {
            "x": 167,
            "y": 120
          },
          {
            "x": 167,
            "y": 119
          },
          {
            "x": 166,
            "y": 118
          },
          {
            "x": 166,
            "y": 117
          },
          {
            "x": 164,
            "y": 115
          },
          {
            "x": 164,
            "y": 114.0
          },
          {
            "x": 163,
            "y": 114.0
          },
          {
            "x": 160,
            "y": 111
          },
          {
            "x": 160,
            "y": 109
          },
          {
            "x": 159,
            "y": 108
          },
          {
            "x": 158,
            "y": 108
          },
          {
            "x": 156,
            "y": 106
          },
          {
            "x": 156,
            "y": 105
          },
          {
            "x": 155,
            "y": 104
          },
          {
            "x": 155,
            "y": 103
          },
          {
            "x": 154,
            "y": 102
          },
          {
            "x": 153,
            "y": 102
          },
          {
            "x": 151,
            "y": 100
          },
          {
            "x": 151,
            "y": 98
          },
          {
            "x": 149,
            "y": 96
          },
          {
            "x": 148,
            "y": 96
          },
          {
            "x": 146,
            "y": 94
          },
          {
            "x": 146,
            "y": 93
          },
          {
            "x": 145,
            "y": 92
          },
          {
            "x": 145,
            "y": 91
          },
          {
            "x": 144,
            "y": 90
          },
          {
            "x": 143,
            "y": 90
          },
          {
            "x": 142,
            "y": 89
          },
          {
            "x": 142,
            "y": 88
          },
          {
            "x": 141,
            "y": 87
          },
          {
            "x": 141,
            "y": 86
          },
          {
            "x": 139,
            "y": 84
          },
          {
            "x": 139,
            "y": 83
          },
          {
            "x": 138,
            "y": 83
          },
          {
            "x": 134,
            "y": 79
          },
          {
            "x": 134,
            "y": 78
          },
          {
            "x": 133,
            "y": 78
          },
          {
            "x": 129,
            "y": 74
          },
          {
            "x": 129,
            "y": 73
          },
          {
            "x": 128,
            "y": 73
          },
          {
            "x": 124.0,
            "y": 69
          },
          {
            "x": 124.0,
            "y": 68
          },
          {
            "x": 123.0,
            "y": 68
          },
          {
            "x": 122.0,
            "y": 67
          },
          {
            "x": 122.0,
            "y": 66
          },
          {
            "x": 120,
            "y": 64
          },
          {
            "x": 120,
            "y": 63
          },
          {
            "x": 119,
            "y": 62.0
          },
          {
            "x": 118,
            "y": 62.0
          },
          {
            "x": 115,
            "y": 59
          },
          {
            "x": 115,
            "y": 57.0
          },
          {
            "x": 114.0,
            "y": 56.0
          },
          {
            "x": 113.0,
            "y": 56.0
          },
          {
            "x": 111.0,
            "y": 54
          },
          {
            "x": 111.0,
            "y": 53
          },
          {
            "x": 109,
            "y": 51
          },
          {
            "x": 107,
            "y": 51
          },
          {
            "x": 106,
            "y": 50
          },
          {
            "x": 105,
            "y": 50
          },
          {
            "x": 104,
            "y": 49
          },
          {
            "x": 104,
            "y": 48
          },
          {
            "x": 101.0,
            "y": 48
          },
          {
            "x": 100.0,
            "y": 47
          },
          {
            "x": 90.0,
            "y": 47
          },
          {
            "x": 89.0,
            "y": 48
          }
        ]
      }
    }
  ]
}