{
  "image": {
    "width": 640,
    "height": 480,
    "filename": "00000159.jpg",
    "original_filename": "COCO_test2014_000000005119.jpg",
    "url": "https://darwin.v7labs.com/api/images/1197665/original?token=af5accd5-7ecb-4550-848c-a4c83b1a9a3a",
    "thumbnail_url": "https://darwin.v7labs.com/api/images/1197665/thumbnail?token=af5accd5-7ecb-4550-848c-a4c83b1a9a3a",
    "workview_url": "https://darwin.v7labs.com/workview?dataset=1165&image=159"
  },
  "dataset": "4_Saltanat_ver2",
  "annotated": true,
  "annotations": [
    {
      "annotator": {
        "email": "begimbaeva.s95@gmail.com",
        "full_name": "Saltanat Begimbaeva"
      },
      "bounding_box": {
        "h": 72.89,
        "w": 166.44,
        "x": 439.2,
        "y": 68.64
      },
      "name": "Object"
    },
    {
      "annotator": {
        "email": "begimbaeva.s95@gmail.com",
        "full_name": "Saltanat Begimbaeva"
      },
      "bounding_box": {
        "h": 121.24,
        "w": 126.14,
        "x": 513.25,
        "y": 133.91
      },
      "name": "Object"
    },
    {
      "annotator": {
        "email": "begimbaeva.s95@gmail.com",
        "full_name": "Saltanat Begimbaeva"
      },
      "bounding_box": {
        "h": 30.81,
        "w": 48.51,
        "x": 352.42,
        "y": 220.78
      },
      "name": "Object"
    },
    {
      "annotator": {
        "email": "begimbaeva.s95@gmail.com",
        "full_name": "Saltanat Begimbaeva"
      },
      "bounding_box": {
        "h": 30.81,
        "w": 46.54,
        "x": 257.37,
        "y": 264.69
      },
      "name": "Object"
    },
    {
      "annotator": {
        "email": "begimbaeva.s95@gmail.com",
        "full_name": "Saltanat Begimbaeva"
      },
      "name": "Object Polygon ",
      "polygon": {
        "path": [
          {
            "x": 130.6,
            "y": 188.91
          },
          {
            "x": 135.48,
            "y": 181.16
          },
          {
            "x": 151.93,
            "y": 172.5
          },
          {
            "x": 172.55,
            "y": 164.95
          },
          {
            "x": 197.35,
            "y": 158.45
          },
          {
            "x": 221.21,
            "y": 150.22
          },
          {
            "x": 236.01,
            "y": 150.46
          },
          {
            "x": 238.08,
            "y": 183.27
          },
          {
            "x": 242.3,
            "y": 191.27
          },
          {
            "x": 220.29,
            "y": 196.85
          },
          {
            "x": 210.46,
            "y": 204.8
          },
          {
            "x": 200.11,
            "y": 210.87
          },
          {
            "x": 183.48,
            "y": 216.26
          },
          {
            "x": 149.62,
            "y": 225.62
          },
          {
            "x": 135.27,
            "y": 227.04
          },
          {
            "x": 127.28,
            "y": 220.76
          },
          {
            "x": 127.31,
            "y": 202.74
          }
        ]
      }
    },
    {
      "annotator": {
        "email": "begimbaeva.s95@gmail.com",
        "full_name": "Saltanat Begimbaeva"
      },
      "name": "Object Polygon ",
      "polygon": {
        "path": [
          {
            "x": 126.04,
            "y": 478.78
          },
          {
            "x": 131.24,
            "y": 444.78
          },
          {
            "x": 164.41,
            "y": 417.92
          },
          {
            "x": 167.67,
            "y": 401.25
          },
          {
            "x": 184.16,
            "y": 402.91
          },
          {
            "x": 206.28,
            "y": 380.79
          },
          {
            "x": 226.03,
            "y": 361.04
          },
          {
            "x": 250.52,
            "y": 353.14
          },
          {
            "x": 277.4,
            "y": 352.69
          },
          {
            "x": 302.71,
            "y": 362.19
          },
          {
            "x": 320.05,
            "y": 391.38
          },
          {
            "x": 305.03,
            "y": 428.98
          },
          {
            "x": 292.0,
            "y": 449.84
          },
          {
            "x": 287.65,
            "y": 455.84
          },
          {
            "x": 288.44,
            "y": 480.33
          }
        ]
      }
    }
  ]
}