{
  "image": {
    "width": 640,
    "height": 427,
    "filename": "00000137.jpg",
    "original_filename": "COCO_test2014_000000007951.jpg",
    "url": "https://darwin.v7labs.com/api/images/1197859/original?token=e96ee6b8-bc43-4e08-bcc1-e75bb7cc480d",
    "thumbnail_url": "https://darwin.v7labs.com/api/images/1197859/thumbnail?token=e96ee6b8-bc43-4e08-bcc1-e75bb7cc480d",
    "workview_url": "https://darwin.v7labs.com/workview?dataset=1166&image=137"
  },
  "dataset": "4_Nurzhan_ver2",
  "annotated": true,
  "annotations": [
    {
      "annotator": {
        "email": "order@bex.kg",
        "full_name": "Zhaparova  Nurzhan"
      },
      "name": "Animal Polygon ",
      "polygon": {
        "path": [
          {
            "x": 205,
            "y": 164
          },
          {
            "x": 202.0,
            "y": 161
          },
          {
            "x": 201,
            "y": 161
          },
          {
            "x": 200.0,
            "y": 160
          },
          {
            "x": 198.0,
            "y": 160
          },
          {
            "x": 197,
            "y": 159
          },
          {
            "x": 196.0,
            "y": 159
          },
          {
            "x": 195,
            "y": 158
          },
          {
            "x": 183,
            "y": 158
          },
          {
            "x": 182.0,
            "y": 159
          },
          {
            "x": 181,
            "y": 159
          },
          {
            "x": 180.0,
            "y": 160
          },
          {
            "x": 178.0,
            "y": 160
          },
          {
            "x": 177,
            "y": 161
          },
          {
            "x": 174.0,
            "y": 161
          },
          {
            "x": 173,
            "y": 162
          },
          {
            "x": 164.0,
            "y": 162
          },
          {
            "x": 163,
            "y": 163
          },
          {
            "x": 153.0,
            "y": 163
          },
          {
            "x": 152,
            "y": 164
          },
          {
            "x": 147.0,
            "y": 164
          },
          {
            "x": 146,
            "y": 165
          },
          {
            "x": 142,
            "y": 165
          },
          {
            "x": 141.0,
            "y": 166
          },
          {
            "x": 135.0,
            "y": 166
          },
          {
            "x": 134,
            "y": 167
          },
          {
            "x": 130,
            "y": 167
          },
          {
            "x": 129.0,
            "y": 168
          },
          {
            "x": 127.0,
            "y": 168
          },
          {
            "x": 126,
            "y": 169
          },
          {
            "x": 114,
            "y": 169
          },
          {
            "x": 113.0,
            "y": 170
          },
          {
            "x": 112,
            "y": 170
          },
          {
            "x": 109.0,
            "y": 173
          },
          {
            "x": 108.0,
            "y": 173
          },
          {
            "x": 105.0,
            "y": 176
          },
          {
            "x": 104.0,
            "y": 176
          },
          {
            "x": 101.0,
            "y": 179
          },
          {
            "x": 100.0,
            "y": 179
          },
          {
            "x": 98.0,
            "y": 181
          },
          {
            "x": 97.0,
            "y": 181
          },
          {
            "x": 96.0,
            "y": 182
          },
          {
            "x": 96.0,
            "y": 183
          },
          {
            "x": 95.0,
            "y": 184
          },
          {
            "x": 95.0,
            "y": 186
          },
          {
            "x": 93.0,
            "y": 188
          },
          {
            "x": 93.0,
            "y": 189
          },
          {
            "x": 79,
            "y": 203
          },
          {
            "x": 79,
            "y": 204
          },
          {
            "x": 73,
            "y": 210
          },
          {
            "x": 72,
            "y": 210
          },
          {
            "x": 69,
            "y": 213
          },
          {
            "x": 69,
            "y": 214
          },
          {
            "x": 67,
            "y": 216
          },
          {
            "x": 67,
            "y": 217
          },
          {
            "x": 66,
            "y": 218.0
          },
          {
            "x": 66,
            "y": 222
          },
          {
            "x": 65,
            "y": 223
          },
          {
            "x": 65,
            "y": 224
          },
          {
            "x": 63,
            "y": 226
          },
          {
            "x": 62,
            "y": 226
          },
          {
            "x": 61,
            "y": 227
          },
          {
            "x": 60,
            "y": 227
          },
          {
            "x": 59,
            "y": 228
          },
          {
            "x": 59,
            "y": 231.0
          },
          {
            "x": 60,
            "y": 232
          },
          {
            "x": 60,
            "y": 245.0
          },
          {
            "x": 59,
            "y": 246
          },
          {
            "x": 59,
            "y": 248
          },
          {
            "x": 60,
            "y": 249.0
          },
          {
            "x": 60,
            "y": 251.0
          },
          {
            "x": 61,
            "y": 252
          },
          {
            "x": 62,
            "y": 252
          },
          {
            "x": 63,
            "y": 253.0
          },
          {
            "x": 72,
            "y": 253.0
          },
          {
            "x": 73,
            "y": 252
          },
          {
            "x": 74,
            "y": 252
          },
          {
            "x": 75,
            "y": 251.0
          },
          {
            "x": 75,
            "y": 250
          },
          {
            "x": 80.0,
            "y": 245.0
          },
          {
            "x": 80.0,
            "y": 244
          },
          {
            "x": 83.0,
            "y": 241.0
          },
          {
            "x": 83.0,
            "y": 240
          },
          {
            "x": 85.0,
            "y": 238
          },
          {
            "x": 85.0,
            "y": 237.0
          },
          {
            "x": 89.0,
            "y": 233.0
          },
          {
            "x": 91.0,
            "y": 233.0
          },
          {
            "x": 93.0,
            "y": 231.0
          },
          {
            "x": 96.0,
            "y": 231.0
          },
          {
            "x": 97.0,
            "y": 232
          },
          {
            "x": 98.0,
            "y": 232
          },
          {
            "x": 99.0,
            "y": 233.0
          },
          {
            "x": 109.0,
            "y": 233.0
          },
          {
            "x": 110,
            "y": 232
          },
          {
            "x": 112,
            "y": 232
          },
          {
            "x": 113.0,
            "y": 231.0
          },
          {
            "x": 114,
            "y": 231.0
          },
          {
            "x": 115.0,
            "y": 232
          },
          {
            "x": 115.0,
            "y": 233.0
          },
          {
            "x": 116,
            "y": 234
          },
          {
            "x": 116,
            "y": 240
          },
          {
            "x": 117.0,
            "y": 241.0
          },
          {
            "x": 117.0,
            "y": 248
          },
          {
            "x": 116,
            "y": 249.0
          },
          {
            "x": 116,
            "y": 251.0
          },
          {
            "x": 114,
            "y": 253.0
          },
          {
            "x": 114,
            "y": 254
          },
          {
            "x": 115.0,
            "y": 254
          },
          {
            "x": 116,
            "y": 255.0
          },
          {
            "x": 121.0,
            "y": 255.0
          },
          {
            "x": 122,
            "y": 254
          },
          {
            "x": 122,
            "y": 245.0
          },
          {
            "x": 123.0,
            "y": 244
          },
          {
            "x": 123.0,
            "y": 241.0
          },
          {
            "x": 124,
            "y": 240
          },
          {
            "x": 124,
            "y": 238
          },
          {
            "x": 125.0,
            "y": 237.0
          },
          {
            "x": 125.0,
            "y": 230
          },
          {
            "x": 127.0,
            "y": 228
          },
          {
            "x": 127.0,
            "y": 227
          },
          {
            "x": 129.0,
            "y": 225
          },
          {
            "x": 135.0,
            "y": 225
          },
          {
            "x": 136,
            "y": 226
          },
          {
            "x": 136,
            "y": 227
          },
          {
            "x": 137.0,
            "y": 228
          },
          {
            "x": 137.0,
            "y": 229
          },
          {
            "x": 138,
            "y": 230
          },
          {
            "x": 138,
            "y": 231.0
          },
          {
            "x": 139.0,
            "y": 232
          },
          {
            "x": 139.0,
            "y": 234
          },
          {
            "x": 140,
            "y": 235.0
          },
          {
            "x": 140,
            "y": 237.0
          },
          {
            "x": 142,
            "y": 239.0
          },
          {
            "x": 142,
            "y": 240
          },
          {
            "x": 146,
            "y": 244
          },
          {
            "x": 146,
            "y": 245.0
          },
          {
            "x": 147.0,
            "y": 246
          },
          {
            "x": 147.0,
            "y": 247.0
          },
          {
            "x": 148,
            "y": 248
          },
          {
            "x": 148,
            "y": 252
          },
          {
            "x": 149.0,
            "y": 253.0
          },
          {
            "x": 149.0,
            "y": 255.0
          },
          {
            "x": 151.0,
            "y": 255.0
          },
          {
            "x": 152,
            "y": 256
          },
          {
            "x": 156,
            "y": 256
          },
          {
            "x": 157.0,
            "y": 255.0
          },
          {
            "x": 157.0,
            "y": 253.0
          },
          {
            "x": 156,
            "y": 252
          },
          {
            "x": 156,
            "y": 251.0
          },
          {
            "x": 154,
            "y": 249.0
          },
          {
            "x": 154,
            "y": 248
          },
          {
            "x": 153.0,
            "y": 247.0
          },
          {
            "x": 153.0,
            "y": 246
          },
          {
            "x": 152,
            "y": 245.0
          },
          {
            "x": 152,
            "y": 244
          },
          {
            "x": 151.0,
            "y": 243.0
          },
          {
            "x": 151.0,
            "y": 241.0
          },
          {
            "x": 150,
            "y": 240
          },
          {
            "x": 150,
            "y": 232
          },
          {
            "x": 149.0,
            "y": 231.0
          },
          {
            "x": 149.0,
            "y": 227
          },
          {
            "x": 151.0,
            "y": 225
          },
          {
            "x": 163,
            "y": 225
          },
          {
            "x": 164.0,
            "y": 224
          },
          {
            "x": 165,
            "y": 224
          },
          {
            "x": 166.0,
            "y": 223
          },
          {
            "x": 168.0,
            "y": 223
          },
          {
            "x": 169,
            "y": 222
          },
          {
            "x": 171,
            "y": 222
          },
          {
            "x": 172.0,
            "y": 221
          },
          {
            "x": 173,
            "y": 221
          },
          {
            "x": 174.0,
            "y": 220
          },
          {
            "x": 175,
            "y": 220
          },
          {
            "x": 176.0,
            "y": 219
          },
          {
            "x": 181,
            "y": 219
          },
          {
            "x": 185,
            "y": 223
          },
          {
            "x": 186.0,
            "y": 223
          },
          {
            "x": 189,
            "y": 226
          },
          {
            "x": 189,
            "y": 230
          },
          {
            "x": 190.0,
            "y": 231.0
          },
          {
            "x": 190.0,
            "y": 234
          },
          {
            "x": 191,
            "y": 235.0
          },
          {
            "x": 191,
            "y": 247.0
          },
          {
            "x": 190.0,
            "y": 248
          },
          {
            "x": 190.0,
            "y": 251.0
          },
          {
            "x": 188.0,
            "y": 253.0
          },
          {
            "x": 188.0,
            "y": 257
          },
          {
            "x": 196.0,
            "y": 257
          },
          {
            "x": 196.0,
            "y": 248
          },
          {
            "x": 197,
            "y": 247.0
          },
          {
            "x": 198.0,
            "y": 247.0
          },
          {
            "x": 199,
            "y": 248
          },
          {
            "x": 199,
            "y": 254
          },
          {
            "x": 198.0,
            "y": 255.0
          },
          {
            "x": 198.0,
            "y": 257
          },
          {
            "x": 199,
            "y": 257
          },
          {
            "x": 200.0,
            "y": 258
          },
          {
            "x": 205,
            "y": 258
          },
          {
            "x": 207,
            "y": 256
          },
          {
            "x": 207,
            "y": 253.0
          },
          {
            "x": 210.0,
            "y": 250
          },
          {
            "x": 210.0,
            "y": 240
          },
          {
            "x": 211,
            "y": 239.0
          },
          {
            "x": 211,
            "y": 233.0
          },
          {
            "x": 210.0,
            "y": 232
          },
          {
            "x": 210.0,
            "y": 227
          },
          {
            "x": 211,
            "y": 226
          },
          {
            "x": 211,
            "y": 223
          },
          {
            "x": 210.0,
            "y": 222
          },
          {
            "x": 210.0,
            "y": 212
          },
          {
            "x": 209,
            "y": 211
          },
          {
            "x": 209,
            "y": 206
          },
          {
            "x": 208.0,
            "y": 205
          },
          {
            "x": 208.0,
            "y": 175
          },
          {
            "x": 207,
            "y": 174
          },
          {
            "x": 207,
            "y": 168
          },
          {
            "x": 206.0,
            "y": 167
          },
          {
            "x": 206.0,
            "y": 166
          },
          {
            "x": 205,
            "y": 165
          }
        ]
      }
    },
    {
      "annotator": {
        "email": "order@bex.kg",
        "full_name": "Zhaparova  Nurzhan"
      },
      "name": "Animal Polygon ",
      "polygon": {
        "path": [
          {
            "x": 638,
            "y": 140
          },
          {
            "x": 634,
            "y": 140
          },
          {
            "x": 633,
            "y": 141
          },
          {
            "x": 621,
            "y": 141
          },
          {
            "x": 620,
            "y": 142
          },
          {
            "x": 594,
            "y": 142
          },
          {
            "x": 593,
            "y": 143
          },
          {
            "x": 580,
            "y": 143
          },
          {
            "x": 579,
            "y": 144
          },
          {
            "x": 574,
            "y": 144
          },
          {
            "x": 573,
            "y": 145
          },
          {
            "x": 566,
            "y": 145
          },
          {
            "x": 565,
            "y": 146
          },
          {
            "x": 552,
            "y": 146
          },
          {
            "x": 551,
            "y": 147
          },
          {
            "x": 546,
            "y": 147
          },
          {
            "x": 545,
            "y": 148
          },
          {
            "x": 533,
            "y": 148
          },
          {
            "x": 532,
            "y": 149
          },
          {
            "x": 526,
            "y": 149
          },
          {
            "x": 525,
            "y": 150
          },
          {
            "x": 521,
            "y": 150
          },
          {
            "x": 520,
            "y": 151
          },
          {
            "x": 513,
            "y": 151
          },
          {
            "x": 512,
            "y": 152
          },
          {
            "x": 511,
            "y": 152
          },
          {
            "x": 510.0,
            "y": 153
          },
          {
            "x": 503,
            "y": 153
          },
          {
            "x": 502.0,
            "y": 154
          },
          {
            "x": 496,
            "y": 154
          },
          {
            "x": 495,
            "y": 155
          },
          {
            "x": 494.0,
            "y": 155
          },
          {
            "x": 493.0,
            "y": 156
          },
          {
            "x": 488,
            "y": 156
          },
          {
            "x": 487,
            "y": 157
          },
          {
            "x": 486.0,
            "y": 157
          },
          {
            "x": 485.0,
            "y": 158
          },
          {
            "x": 482.0,
            "y": 158
          },
          {
            "x": 481.0,
            "y": 159
          },
          {
            "x": 479,
            "y": 159
          },
          {
            "x": 477.0,
            "y": 161
          },
          {
            "x": 476,
            "y": 161
          },
          {
            "x": 474.0,
            "y": 163
          },
          {
            "x": 472,
            "y": 163
          },
          {
            "x": 471,
            "y": 164
          },
          {
            "x": 469.0,
            "y": 164
          },
          {
            "x": 467,
            "y": 166
          },
          {
            "x": 466.0,
            "y": 166
          },
          {
            "x": 465.0,
            "y": 167
          },
          {
            "x": 464,
            "y": 167
          },
          {
            "x": 462.0,
            "y": 169
          },
          {
            "x": 461.0,
            "y": 169
          },
          {
            "x": 458,
            "y": 172
          },
          {
            "x": 457.0,
            "y": 172
          },
          {
            "x": 455,
            "y": 174
          },
          {
            "x": 454,
            "y": 174
          },
          {
            "x": 454,
            "y": 175
          },
          {
            "x": 453.0,
            "y": 176
          },
          {
            "x": 452,
            "y": 176
          },
          {
            "x": 451,
            "y": 177
          },
          {
            "x": 450,
            "y": 177
          },
          {
            "x": 446,
            "y": 181
          },
          {
            "x": 445.0,
            "y": 181
          },
          {
            "x": 439,
            "y": 187
          },
          {
            "x": 439,
            "y": 188
          },
          {
            "x": 437.0,
            "y": 190
          },
          {
            "x": 437.0,
            "y": 191
          },
          {
            "x": 436.0,
            "y": 192
          },
          {
            "x": 436.0,
            "y": 193
          },
          {
            "x": 434,
            "y": 195
          },
          {
            "x": 434,
            "y": 197
          },
          {
            "x": 432.0,
            "y": 199
          },
          {
            "x": 432.0,
            "y": 200
          },
          {
            "x": 431,
            "y": 201
          },
          {
            "x": 431,
            "y": 202
          },
          {
            "x": 430,
            "y": 203
          },
          {
            "x": 430,
            "y": 204
          },
          {
            "x": 429,
            "y": 205
          },
          {
            "x": 429,
            "y": 206
          },
          {
            "x": 428,
            "y": 207
          },
          {
            "x": 427,
            "y": 207
          },
          {
            "x": 427,
            "y": 209
          },
          {
            "x": 426,
            "y": 210
          },
          {
            "x": 426,
            "y": 211
          },
          {
            "x": 424,
            "y": 213
          },
          {
            "x": 424,
            "y": 214
          },
          {
            "x": 422,
            "y": 216
          },
          {
            "x": 422,
            "y": 217
          },
          {
            "x": 421,
            "y": 218.0
          },
          {
            "x": 421,
            "y": 219
          },
          {
            "x": 420,
            "y": 220
          },
          {
            "x": 419,
            "y": 220
          },
          {
            "x": 419,
            "y": 222
          },
          {
            "x": 418,
            "y": 223
          },
          {
            "x": 418,
            "y": 225
          },
          {
            "x": 417,
            "y": 226
          },
          {
            "x": 416,
            "y": 226
          },
          {
            "x": 416,
            "y": 227
          },
          {
            "x": 410,
            "y": 233.0
          },
          {
            "x": 410,
            "y": 234
          },
          {
            "x": 409,
            "y": 235.0
          },
          {
            "x": 409,
            "y": 236
          },
          {
            "x": 408,
            "y": 237.0
          },
          {
            "x": 408,
            "y": 238
          },
          {
            "x": 406,
            "y": 240
          },
          {
            "x": 406,
            "y": 241.0
          },
          {
            "x": 404,
            "y": 243.0
          },
          {
            "x": 404,
            "y": 244
          },
          {
            "x": 401,
            "y": 247.0
          },
          {
            "x": 401,
            "y": 248
          },
          {
            "x": 400,
            "y": 249.0
          },
          {
            "x": 400,
            "y": 251.0
          },
          {
            "x": 398,
            "y": 253.0
          },
          {
            "x": 398,
            "y": 254
          },
          {
            "x": 396,
            "y": 256
          },
          {
            "x": 396,
            "y": 257
          },
          {
            "x": 395,
            "y": 258
          },
          {
            "x": 395,
            "y": 259
          },
          {
            "x": 393,
            "y": 261
          },
          {
            "x": 393,
            "y": 262
          },
          {
            "x": 390,
            "y": 265
          },
          {
            "x": 390,
            "y": 266
          },
          {
            "x": 389,
            "y": 267
          },
          {
            "x": 388,
            "y": 267
          },
          {
            "x": 388,
            "y": 268
          },
          {
            "x": 387,
            "y": 269
          },
          {
            "x": 386,
            "y": 269
          },
          {
            "x": 384,
            "y": 271
          },
          {
            "x": 382,
            "y": 271
          },
          {
            "x": 381,
            "y": 272
          },
          {
            "x": 380,
            "y": 272
          },
          {
            "x": 378,
            "y": 274
          },
          {
            "x": 376,
            "y": 274
          },
          {
            "x": 375,
            "y": 275
          },
          {
            "x": 374,
            "y": 275
          },
          {
            "x": 373,
            "y": 274
          },
          {
            "x": 366,
            "y": 274
          },
          {
            "x": 364,
            "y": 276
          },
          {
            "x": 363,
            "y": 276
          },
          {
            "x": 362,
            "y": 277
          },
          {
            "x": 362,
            "y": 279
          },
          {
            "x": 360,
            "y": 281
          },
          {
            "x": 360,
            "y": 284
          },
          {
            "x": 359,
            "y": 285
          },
          {
            "x": 359,
            "y": 292
          },
          {
            "x": 357,
            "y": 294
          },
          {
            "x": 357,
            "y": 295
          },
          {
            "x": 355,
            "y": 297
          },
          {
            "x": 354,
            "y": 297
          },
          {
            "x": 352,
            "y": 299
          },
          {
            "x": 352,
            "y": 301
          },
          {
            "x": 356,
            "y": 301
          },
          {
            "x": 357,
            "y": 300
          },
          {
            "x": 359,
            "y": 302
          },
          {
            "x": 359,
            "y": 303
          },
          {
            "x": 358,
            "y": 304
          },
          {
            "x": 358,
            "y": 307
          },
          {
            "x": 362,
            "y": 307
          },
          {
            "x": 366,
            "y": 311
          },
          {
            "x": 366,
            "y": 312
          },
          {
            "x": 367,
            "y": 313
          },
          {
            "x": 367,
            "y": 317
          },
          {
            "x": 368,
            "y": 318
          },
          {
            "x": 368,
            "y": 324
          },
          {
            "x": 369,
            "y": 325
          },
          {
            "x": 369,
            "y": 327
          },
          {
            "x": 370,
            "y": 328
          },
          {
            "x": 370,
            "y": 339
          },
          {
            "x": 371,
            "y": 340
          },
          {
            "x": 371,
            "y": 344
          },
          {
            "x": 372,
            "y": 345
          },
          {
            "x": 372,
            "y": 366
          },
          {
            "x": 376,
            "y": 370
          },
          {
            "x": 377,
            "y": 370
          },
          {
            "x": 378,
            "y": 371
          },
          {
            "x": 399,
            "y": 371
          },
          {
            "x": 400,
            "y": 370
          },
          {
            "x": 402,
            "y": 370
          },
          {
            "x": 404,
            "y": 368
          },
          {
            "x": 405,
            "y": 368
          },
          {
            "x": 410,
            "y": 363
          },
          {
            "x": 410,
            "y": 362
          },
          {
            "x": 412,
            "y": 360
          },
          {
            "x": 412,
            "y": 358
          },
          {
            "x": 413,
            "y": 357
          },
          {
            "x": 413,
            "y": 356
          },
          {
            "x": 414,
            "y": 355
          },
          {
            "x": 414,
            "y": 354
          },
          {
            "x": 416,
            "y": 352
          },
          {
            "x": 416,
            "y": 351
          },
          {
            "x": 417,
            "y": 350
          },
          {
            "x": 417,
            "y": 349
          },
          {
            "x": 418,
            "y": 348
          },
          {
            "x": 418,
            "y": 346
          },
          {
            "x": 420,
            "y": 344
          },
          {
            "x": 420,
            "y": 343
          },
          {
            "x": 421,
            "y": 342
          },
          {
            "x": 421,
            "y": 341
          },
          {
            "x": 423,
            "y": 339
          },
          {
            "x": 423,
            "y": 338
          },
          {
            "x": 424,
            "y": 337
          },
          {
            "x": 424,
            "y": 336
          },
          {
            "x": 425,
            "y": 335
          },
          {
            "x": 425,
            "y": 334
          },
          {
            "x": 426,
            "y": 333
          },
          {
            "x": 426,
            "y": 331
          },
          {
            "x": 428,
            "y": 329
          },
          {
            "x": 428,
            "y": 326
          },
          {
            "x": 430,
            "y": 324
          },
          {
            "x": 430,
            "y": 323
          },
          {
            "x": 431,
            "y": 322
          },
          {
            "x": 431,
            "y": 321
          },
          {
            "x": 432.0,
            "y": 320
          },
          {
            "x": 432.0,
            "y": 319
          },
          {
            "x": 433.0,
            "y": 318
          },
          {
            "x": 433.0,
            "y": 314
          },
          {
            "x": 434,
            "y": 313
          },
          {
            "x": 434,
            "y": 311
          },
          {
            "x": 435,
            "y": 310
          },
          {
            "x": 435,
            "y": 308
          },
          {
            "x": 436.0,
            "y": 307
          },
          {
            "x": 436.0,
            "y": 306
          },
          {
            "x": 441.0,
            "y": 301
          },
          {
            "x": 442,
            "y": 301
          },
          {
            "x": 445.0,
            "y": 298
          },
          {
            "x": 446,
            "y": 298
          },
          {
            "x": 447,
            "y": 299
          },
          {
            "x": 448,
            "y": 299
          },
          {
            "x": 449.0,
            "y": 300
          },
          {
            "x": 449.0,
            "y": 301
          },
          {
            "x": 450,
            "y": 302
          },
          {
            "x": 450,
            "y": 303
          },
          {
            "x": 452,
            "y": 305
          },
          {
            "x": 452,
            "y": 306
          },
          {
            "x": 453.0,
            "y": 306
          },
          {
            "x": 454,
            "y": 307
          },
          {
            "x": 455,
            "y": 307
          },
          {
            "x": 456,
            "y": 308
          },
          {
            "x": 462.0,
            "y": 308
          },
          {
            "x": 463,
            "y": 307
          },
          {
            "x": 466.0,
            "y": 307
          },
          {
            "x": 467,
            "y": 306
          },
          {
            "x": 469.0,
            "y": 306
          },
          {
            "x": 470.0,
            "y": 305
          },
          {
            "x": 471,
            "y": 305
          },
          {
            "x": 472,
            "y": 304
          },
          {
            "x": 474.0,
            "y": 304
          },
          {
            "x": 475,
            "y": 305
          },
          {
            "x": 475,
            "y": 306
          },
          {
            "x": 476,
            "y": 306
          },
          {
            "x": 477.0,
            "y": 307
          },
          {
            "x": 479,
            "y": 307
          },
          {
            "x": 481.0,
            "y": 309
          },
          {
            "x": 489.0,
            "y": 309
          },
          {
            "x": 492,
            "y": 312
          },
          {
            "x": 491,
            "y": 313
          },
          {
            "x": 491,
            "y": 319
          },
          {
            "x": 492,
            "y": 320
          },
          {
            "x": 492,
            "y": 322
          },
          {
            "x": 493.0,
            "y": 323
          },
          {
            "x": 493.0,
            "y": 329
          },
          {
            "x": 494.0,
            "y": 330
          },
          {
            "x": 494.0,
            "y": 332
          },
          {
            "x": 495,
            "y": 333
          },
          {
            "x": 495,
            "y": 336
          },
          {
            "x": 494.0,
            "y": 337
          },
          {
            "x": 494.0,
            "y": 339
          },
          {
            "x": 493.0,
            "y": 340
          },
          {
            "x": 493.0,
            "y": 343
          },
          {
            "x": 492,
            "y": 344
          },
          {
            "x": 492,
            "y": 345
          },
          {
            "x": 491,
            "y": 346
          },
          {
            "x": 491,
            "y": 349
          },
          {
            "x": 490.0,
            "y": 350
          },
          {
            "x": 490.0,
            "y": 352
          },
          {
            "x": 489.0,
            "y": 353
          },
          {
            "x": 489.0,
            "y": 355
          },
          {
            "x": 488,
            "y": 356
          },
          {
            "x": 488,
            "y": 360
          },
          {
            "x": 486.0,
            "y": 362
          },
          {
            "x": 486.0,
            "y": 363
          },
          {
            "x": 485.0,
            "y": 364
          },
          {
            "x": 485.0,
            "y": 369
          },
          {
            "x": 486.0,
            "y": 370
          },
          {
            "x": 496,
            "y": 370
          },
          {
            "x": 497.0,
            "y": 371
          },
          {
            "x": 500,
            "y": 371
          },
          {
            "x": 501,
            "y": 372
          },
          {
            "x": 502.0,
            "y": 372
          },
          {
            "x": 503,
            "y": 373
          },
          {
            "x": 512,
            "y": 373
          },
          {
            "x": 512,
            "y": 372
          },
          {
            "x": 513,
            "y": 371
          },
          {
            "x": 514,
            "y": 371
          },
          {
            "x": 515,
            "y": 370
          },
          {
            "x": 516,
            "y": 370
          },
          {
            "x": 518,
            "y": 368
          },
          {
            "x": 518,
            "y": 366
          },
          {
            "x": 519,
            "y": 365
          },
          {
            "x": 519,
            "y": 359
          },
          {
            "x": 520,
            "y": 358
          },
          {
            "x": 520,
            "y": 341
          },
          {
            "x": 521,
            "y": 340
          },
          {
            "x": 521,
            "y": 333
          },
          {
            "x": 522,
            "y": 332
          },
          {
            "x": 522,
            "y": 331
          },
          {
            "x": 523,
            "y": 330
          },
          {
            "x": 523,
            "y": 328
          },
          {
            "x": 525,
            "y": 326
          },
          {
            "x": 525,
            "y": 323
          },
          {
            "x": 526,
            "y": 322
          },
          {
            "x": 526,
            "y": 320
          },
          {
            "x": 527,
            "y": 319
          },
          {
            "x": 527,
            "y": 317
          },
          {
            "x": 528,
            "y": 316
          },
          {
            "x": 528,
            "y": 313
          },
          {
            "x": 527,
            "y": 312
          },
          {
            "x": 527,
            "y": 301
          },
          {
            "x": 528,
            "y": 300
          },
          {
            "x": 528,
            "y": 290
          },
          {
            "x": 531,
            "y": 287
          },
          {
            "x": 532,
            "y": 287
          },
          {
            "x": 533,
            "y": 286
          },
          {
            "x": 538,
            "y": 286
          },
          {
            "x": 539,
            "y": 285
          },
          {
            "x": 541,
            "y": 285
          },
          {
            "x": 542,
            "y": 284
          },
          {
            "x": 544,
            "y": 284
          },
          {
            "x": 545,
            "y": 283
          },
          {
            "x": 546,
            "y": 283
          },
          {
            "x": 547,
            "y": 282
          },
          {
            "x": 548,
            "y": 282
          },
          {
            "x": 549,
            "y": 281
          },
          {
            "x": 562,
            "y": 281
          },
          {
            "x": 563,
            "y": 282
          },
          {
            "x": 564,
            "y": 282
          },
          {
            "x": 565,
            "y": 283
          },
          {
            "x": 571,
            "y": 283
          },
          {
            "x": 572,
            "y": 284
          },
          {
            "x": 574,
            "y": 284
          },
          {
            "x": 575,
            "y": 285
          },
          {
            "x": 576,
            "y": 285
          },
          {
            "x": 577,
            "y": 286
          },
          {
            "x": 580,
            "y": 286
          },
          {
            "x": 581,
            "y": 287
          },
          {
            "x": 603,
            "y": 287
          },
          {
            "x": 604,
            "y": 286
          },
          {
            "x": 609,
            "y": 286
          },
          {
            "x": 610,
            "y": 285
          },
          {
            "x": 611,
            "y": 285
          },
          {
            "x": 612,
            "y": 284
          },
          {
            "x": 613,
            "y": 284
          },
          {
            "x": 614,
            "y": 283
          },
          {
            "x": 617,
            "y": 283
          },
          {
            "x": 619,
            "y": 281
          },
          {
            "x": 621,
            "y": 281
          },
          {
            "x": 622,
            "y": 280
          },
          {
            "x": 624,
            "y": 280
          },
          {
            "x": 626,
            "y": 278
          },
          {
            "x": 628,
            "y": 278
          },
          {
            "x": 629,
            "y": 277
          },
          {
            "x": 630,
            "y": 277
          },
          {
            "x": 632,
            "y": 275
          },
          {
            "x": 633,
            "y": 275
          },
          {
            "x": 633,
            "y": 274
          },
          {
            "x": 634,
            "y": 273
          },
          {
            "x": 635,
            "y": 273
          },
          {
            "x": 637,
            "y": 271
          },
          {
            "x": 638,
            "y": 271
          }
        ]
      }
    },
    {
      "annotator": {
        "email": "order@bex.kg",
        "full_name": "Zhaparova  Nurzhan"
      },
      "name": "Transport Polygon ",
      "polygon": {
        "path": [
          {
            "x": 352,
            "y": 66.0
          },
          {
            "x": 352,
            "y": 69
          },
          {
            "x": 353.0,
            "y": 70
          },
          {
            "x": 353.0,
            "y": 71.0
          },
          {
            "x": 354,
            "y": 71.0
          },
          {
            "x": 355,
            "y": 72
          },
          {
            "x": 356,
            "y": 72
          },
          {
            "x": 359.0,
            "y": 75
          },
          {
            "x": 359.0,
            "y": 76
          },
          {
            "x": 361,
            "y": 78
          },
          {
            "x": 361,
            "y": 80
          },
          {
            "x": 363,
            "y": 82.0
          },
          {
            "x": 363,
            "y": 83
          },
          {
            "x": 364,
            "y": 84
          },
          {
            "x": 364,
            "y": 85.0
          },
          {
            "x": 367,
            "y": 88
          },
          {
            "x": 367,
            "y": 89
          },
          {
            "x": 368,
            "y": 89
          },
          {
            "x": 369,
            "y": 90
          },
          {
            "x": 381,
            "y": 90
          },
          {
            "x": 382,
            "y": 91
          },
          {
            "x": 414,
            "y": 91
          },
          {
            "x": 415.0,
            "y": 90
          },
          {
            "x": 450,
            "y": 90
          },
          {
            "x": 451,
            "y": 89
          },
          {
            "x": 475,
            "y": 89
          },
          {
            "x": 476,
            "y": 90
          },
          {
            "x": 488,
            "y": 90
          },
          {
            "x": 489,
            "y": 91
          },
          {
            "x": 493,
            "y": 91
          },
          {
            "x": 494,
            "y": 90
          },
          {
            "x": 506,
            "y": 90
          },
          {
            "x": 507,
            "y": 89
          },
          {
            "x": 508,
            "y": 89
          },
          {
            "x": 508,
            "y": 85.0
          },
          {
            "x": 507,
            "y": 84
          },
          {
            "x": 507,
            "y": 83
          },
          {
            "x": 504,
            "y": 80
          },
          {
            "x": 504,
            "y": 73
          },
          {
            "x": 505,
            "y": 72
          },
          {
            "x": 505,
            "y": 71.0
          },
          {
            "x": 507,
            "y": 69
          },
          {
            "x": 507,
            "y": 68.0
          },
          {
            "x": 509.0,
            "y": 66.0
          },
          {
            "x": 509.0,
            "y": 61
          },
          {
            "x": 508,
            "y": 60
          },
          {
            "x": 504,
            "y": 60
          },
          {
            "x": 503.0,
            "y": 59.0
          },
          {
            "x": 502.0,
            "y": 59.0
          },
          {
            "x": 501,
            "y": 58
          },
          {
            "x": 501,
            "y": 57
          },
          {
            "x": 497.0,
            "y": 53
          },
          {
            "x": 496.0,
            "y": 53
          },
          {
            "x": 493,
            "y": 50
          },
          {
            "x": 493,
            "y": 49
          },
          {
            "x": 491,
            "y": 47
          },
          {
            "x": 490.0,
            "y": 47
          },
          {
            "x": 489,
            "y": 46
          },
          {
            "x": 488,
            "y": 46
          },
          {
            "x": 487,
            "y": 45
          },
          {
            "x": 486,
            "y": 45
          },
          {
            "x": 483,
            "y": 42
          },
          {
            "x": 478.0,
            "y": 42
          },
          {
            "x": 477,
            "y": 43
          },
          {
            "x": 476,
            "y": 43
          },
          {
            "x": 476,
            "y": 44
          },
          {
            "x": 473,
            "y": 47
          },
          {
            "x": 470,
            "y": 47
          },
          {
            "x": 469,
            "y": 48.0
          },
          {
            "x": 465.0,
            "y": 48.0
          },
          {
            "x": 464,
            "y": 47
          },
          {
            "x": 462,
            "y": 47
          },
          {
            "x": 461,
            "y": 46
          },
          {
            "x": 460,
            "y": 46
          },
          {
            "x": 459.0,
            "y": 45
          },
          {
            "x": 458,
            "y": 45
          },
          {
            "x": 454,
            "y": 41.0
          },
          {
            "x": 454,
            "y": 40
          },
          {
            "x": 453.0,
            "y": 39
          },
          {
            "x": 453.0,
            "y": 37
          },
          {
            "x": 450,
            "y": 34
          },
          {
            "x": 448,
            "y": 34
          },
          {
            "x": 447.0,
            "y": 33
          },
          {
            "x": 443,
            "y": 33
          },
          {
            "x": 441,
            "y": 31.0
          },
          {
            "x": 441,
            "y": 26
          },
          {
            "x": 440.0,
            "y": 25
          },
          {
            "x": 438,
            "y": 25
          },
          {
            "x": 438,
            "y": 26
          },
          {
            "x": 437,
            "y": 27
          },
          {
            "x": 437,
            "y": 36
          },
          {
            "x": 436,
            "y": 37
          },
          {
            "x": 436,
            "y": 39
          },
          {
            "x": 435,
            "y": 40
          },
          {
            "x": 435,
            "y": 41.0
          },
          {
            "x": 433,
            "y": 43
          },
          {
            "x": 432,
            "y": 43
          },
          {
            "x": 431,
            "y": 44
          },
          {
            "x": 429,
            "y": 44
          },
          {
            "x": 428.0,
            "y": 45
          },
          {
            "x": 425,
            "y": 45
          },
          {
            "x": 424,
            "y": 44
          },
          {
            "x": 422.0,
            "y": 44
          },
          {
            "x": 421.0,
            "y": 43
          },
          {
            "x": 419,
            "y": 43
          },
          {
            "x": 418,
            "y": 42
          },
          {
            "x": 416,
            "y": 42
          },
          {
            "x": 415.0,
            "y": 43
          },
          {
            "x": 409.0,
            "y": 43
          },
          {
            "x": 408,
            "y": 42
          },
          {
            "x": 407,
            "y": 42
          },
          {
            "x": 406,
            "y": 41.0
          },
          {
            "x": 405,
            "y": 41.0
          },
          {
            "x": 402,
            "y": 38
          },
          {
            "x": 395,
            "y": 38
          },
          {
            "x": 394,
            "y": 39
          },
          {
            "x": 392,
            "y": 37
          },
          {
            "x": 392,
            "y": 31.0
          },
          {
            "x": 391,
            "y": 30
          },
          {
            "x": 392,
            "y": 29
          },
          {
            "x": 392,
            "y": 25
          },
          {
            "x": 393,
            "y": 24.0
          },
          {
            "x": 393,
            "y": 20
          },
          {
            "x": 391,
            "y": 18
          },
          {
            "x": 390.0,
            "y": 18
          },
          {
            "x": 389,
            "y": 19
          },
          {
            "x": 388,
            "y": 19
          },
          {
            "x": 388,
            "y": 20
          },
          {
            "x": 387,
            "y": 21
          },
          {
            "x": 387,
            "y": 24.0
          },
          {
            "x": 386,
            "y": 25
          },
          {
            "x": 386,
            "y": 26
          },
          {
            "x": 385,
            "y": 27
          },
          {
            "x": 385,
            "y": 28
          },
          {
            "x": 384.0,
            "y": 29
          },
          {
            "x": 384.0,
            "y": 30
          },
          {
            "x": 383,
            "y": 31.0
          },
          {
            "x": 383,
            "y": 32
          },
          {
            "x": 382,
            "y": 33
          },
          {
            "x": 382,
            "y": 34
          },
          {
            "x": 379,
            "y": 37
          },
          {
            "x": 379,
            "y": 39
          },
          {
            "x": 378.0,
            "y": 40
          },
          {
            "x": 377,
            "y": 40
          },
          {
            "x": 376,
            "y": 41.0
          },
          {
            "x": 374,
            "y": 41.0
          },
          {
            "x": 373,
            "y": 42
          },
          {
            "x": 368,
            "y": 42
          },
          {
            "x": 367,
            "y": 43
          },
          {
            "x": 365.0,
            "y": 43
          },
          {
            "x": 364,
            "y": 44
          },
          {
            "x": 364,
            "y": 45
          },
          {
            "x": 363,
            "y": 46
          },
          {
            "x": 364,
            "y": 47
          },
          {
            "x": 364,
            "y": 52
          },
          {
            "x": 365.0,
            "y": 53
          },
          {
            "x": 365.0,
            "y": 57
          },
          {
            "x": 364,
            "y": 58
          },
          {
            "x": 364,
            "y": 59.0
          },
          {
            "x": 363,
            "y": 60
          },
          {
            "x": 363,
            "y": 61
          },
          {
            "x": 362,
            "y": 62.0
          },
          {
            "x": 362,
            "y": 63.0
          },
          {
            "x": 360,
            "y": 65
          },
          {
            "x": 359.0,
            "y": 65
          },
          {
            "x": 358,
            "y": 66.0
          },
          {
            "x": 356,
            "y": 66.0
          },
          {
            "x": 355,
            "y": 65
          },
          {
            "x": 354,
            "y": 65
          },
          {
            "x": 353.0,
            "y": 66.0
          }
        ]
      }
    }
  ]
}