{
  "image": {
    "width": 500,
    "height": 335,
    "filename": "00000088.jpg",
    "original_filename": "COCO_test2014_000000004164.jpg",
    "url": "https://darwin.v7labs.com/api/images/1197594/original?token=af5accd5-7ecb-4550-848c-a4c83b1a9a3a",
    "thumbnail_url": "https://darwin.v7labs.com/api/images/1197594/thumbnail?token=af5accd5-7ecb-4550-848c-a4c83b1a9a3a",
    "workview_url": "https://darwin.v7labs.com/workview?dataset=1165&image=88"
  },
  "dataset": "4_Saltanat_ver2",
  "annotated": true,
  "annotations": [
    {
      "annotator": {
        "email": "begimbaeva.s95@gmail.com",
        "full_name": "Saltanat Begimbaeva"
      },
      "bounding_box": {
        "h": 129.38,
        "w": 89.38,
        "x": 173.13,
        "y": 158.75
      },
      "name": "Men "
    },
    {
      "annotator": {
        "email": "begimbaeva.s95@gmail.com",
        "full_name": "Saltanat Begimbaeva"
      },
      "name": "Object Polygon ",
      "polygon": {
        "path": [
          {
            "x": 215,
            "y": 133.13
          },
          {
            "x": 226.88,
            "y": 140.63
          },
          {
            "x": 179.38,
            "y": 188.75
          },
          {
            "x": 170.63,
            "y": 183.13
          }
        ]
      }
    },
    {
      "annotator": {
        "email": "begimbaeva.s95@gmail.com",
        "full_name": "Saltanat Begimbaeva"
      },
      "bounding_box": {
        "h": 92.5,
        "w": 65.63,
        "x": 43.13,
        "y": 196.25
      },
      "name": "Men "
    },
    {
      "annotator": {
        "email": "begimbaeva.s95@gmail.com",
        "full_name": "Saltanat Begimbaeva"
      },
      "bounding_box": {
        "h": 87.5,
        "w": 43.75,
        "x": 258.13,
        "y": 141.25
      },
      "name": "Child "
    }
  ]
}