{
  "image": {
    "width": 640,
    "height": 399,
    "filename": "00000139.jpg",
    "original_filename": "COCO_test2014_000000004810.jpg",
    "url": "https://darwin.v7labs.com/api/images/1197645/original?token=af5accd5-7ecb-4550-848c-a4c83b1a9a3a",
    "thumbnail_url": "https://darwin.v7labs.com/api/images/1197645/thumbnail?token=af5accd5-7ecb-4550-848c-a4c83b1a9a3a",
    "workview_url": "https://darwin.v7labs.com/workview?dataset=1165&image=139"
  },
  "dataset": "4_Saltanat_ver2",
  "annotated": true,
  "annotations": [
    {
      "annotator": {
        "email": "begimbaeva.s95@gmail.com",
        "full_name": "Saltanat Begimbaeva"
      },
      "name": "Food Polygon ",
      "polygon": {
        "path": [
          {
            "x": 0,
            "y": 94.0
          },
          {
            "x": 0,
            "y": 215.0
          },
          {
            "x": 1.0,
            "y": 216
          },
          {
            "x": 1.0,
            "y": 220.0
          },
          {
            "x": 2.0,
            "y": 221.0
          },
          {
            "x": 2.0,
            "y": 224.0
          },
          {
            "x": 3.0,
            "y": 224.0
          },
          {
            "x": 4.0,
            "y": 225
          },
          {
            "x": 4.0,
            "y": 226.0
          },
          {
            "x": 5.0,
            "y": 227.0
          },
          {
            "x": 5.0,
            "y": 229.0
          },
          {
            "x": 7.0,
            "y": 231
          },
          {
            "x": 7.0,
            "y": 233.0
          },
          {
            "x": 8.0,
            "y": 233.0
          },
          {
            "x": 9.0,
            "y": 234
          },
          {
            "x": 9.0,
            "y": 236.0
          },
          {
            "x": 10.0,
            "y": 237
          },
          {
            "x": 10.0,
            "y": 240
          },
          {
            "x": 11.0,
            "y": 241.0
          },
          {
            "x": 11.0,
            "y": 243
          },
          {
            "x": 12.0,
            "y": 244.0
          },
          {
            "x": 12.0,
            "y": 246
          },
          {
            "x": 13.0,
            "y": 246
          },
          {
            "x": 14.0,
            "y": 247.0
          },
          {
            "x": 14.0,
            "y": 250.0
          },
          {
            "x": 15.0,
            "y": 251
          },
          {
            "x": 15.0,
            "y": 253.0
          },
          {
            "x": 17.0,
            "y": 255
          },
          {
            "x": 18.0,
            "y": 255
          },
          {
            "x": 19.0,
            "y": 256.0
          },
          {
            "x": 19.0,
            "y": 258
          },
          {
            "x": 21.0,
            "y": 260
          },
          {
            "x": 21.0,
            "y": 261
          },
          {
            "x": 22.0,
            "y": 262.0
          },
          {
            "x": 22.0,
            "y": 264
          },
          {
            "x": 23.0,
            "y": 264
          },
          {
            "x": 26.0,
            "y": 267
          },
          {
            "x": 26.0,
            "y": 269
          },
          {
            "x": 27.0,
            "y": 270
          },
          {
            "x": 28.0,
            "y": 270
          },
          {
            "x": 29.0,
            "y": 271.0
          },
          {
            "x": 29.0,
            "y": 272
          },
          {
            "x": 30.0,
            "y": 273
          },
          {
            "x": 30.0,
            "y": 274.0
          },
          {
            "x": 31.0,
            "y": 275
          },
          {
            "x": 31.0,
            "y": 276
          },
          {
            "x": 32.0,
            "y": 277.0
          },
          {
            "x": 33.0,
            "y": 277.0
          },
          {
            "x": 34.0,
            "y": 278
          },
          {
            "x": 34.0,
            "y": 280
          },
          {
            "x": 37.0,
            "y": 283.0
          },
          {
            "x": 37.0,
            "y": 285.0
          },
          {
            "x": 38.0,
            "y": 286
          },
          {
            "x": 39.0,
            "y": 286
          },
          {
            "x": 41.0,
            "y": 288
          },
          {
            "x": 41.0,
            "y": 289.0
          },
          {
            "x": 42.0,
            "y": 290
          },
          {
            "x": 42.0,
            "y": 291.0
          },
          {
            "x": 43.0,
            "y": 292
          },
          {
            "x": 44.0,
            "y": 292
          },
          {
            "x": 45.0,
            "y": 293
          },
          {
            "x": 45.0,
            "y": 294
          },
          {
            "x": 46.0,
            "y": 295.0
          },
          {
            "x": 46.0,
            "y": 296
          },
          {
            "x": 48.0,
            "y": 298
          },
          {
            "x": 48.0,
            "y": 299
          },
          {
            "x": 49.0,
            "y": 299
          },
          {
            "x": 50.0,
            "y": 300
          },
          {
            "x": 50.0,
            "y": 301.0
          },
          {
            "x": 52.0,
            "y": 303.0
          },
          {
            "x": 52.0,
            "y": 304
          },
          {
            "x": 53.0,
            "y": 305
          },
          {
            "x": 54.0,
            "y": 305
          },
          {
            "x": 55.0,
            "y": 306
          },
          {
            "x": 55.0,
            "y": 307.0
          },
          {
            "x": 56.0,
            "y": 308
          },
          {
            "x": 56.0,
            "y": 309.0
          },
          {
            "x": 58.0,
            "y": 311
          },
          {
            "x": 59.0,
            "y": 311
          },
          {
            "x": 61.0,
            "y": 313
          },
          {
            "x": 61.0,
            "y": 315.0
          },
          {
            "x": 62.0,
            "y": 316
          },
          {
            "x": 62.0,
            "y": 317
          },
          {
            "x": 63.0,
            "y": 318.0
          },
          {
            "x": 63.0,
            "y": 320
          },
          {
            "x": 64.0,
            "y": 320
          },
          {
            "x": 66.0,
            "y": 322
          },
          {
            "x": 66.0,
            "y": 324.0
          },
          {
            "x": 68,
            "y": 326
          },
          {
            "x": 69.0,
            "y": 326
          },
          {
            "x": 71,
            "y": 328
          },
          {
            "x": 71,
            "y": 329
          },
          {
            "x": 73.0,
            "y": 331
          },
          {
            "x": 75.0,
            "y": 331
          },
          {
            "x": 77,
            "y": 333.0
          },
          {
            "x": 77,
            "y": 334
          },
          {
            "x": 79.0,
            "y": 334
          },
          {
            "x": 81.0,
            "y": 336.0
          },
          {
            "x": 82.0,
            "y": 336.0
          },
          {
            "x": 83,
            "y": 337
          },
          {
            "x": 84.0,
            "y": 337
          },
          {
            "x": 85.0,
            "y": 338
          },
          {
            "x": 85.0,
            "y": 339.0
          },
          {
            "x": 88.0,
            "y": 342.0
          },
          {
            "x": 89,
            "y": 342.0
          },
          {
            "x": 90.0,
            "y": 343
          },
          {
            "x": 90.0,
            "y": 345.0
          },
          {
            "x": 92,
            "y": 347
          },
          {
            "x": 92,
            "y": 348.0
          },
          {
            "x": 93.0,
            "y": 349
          },
          {
            "x": 93.0,
            "y": 350
          },
          {
            "x": 94.0,
            "y": 350
          },
          {
            "x": 95,
            "y": 351
          },
          {
            "x": 95,
            "y": 352
          },
          {
            "x": 97.0,
            "y": 354
          },
          {
            "x": 97.0,
            "y": 355
          },
          {
            "x": 98.0,
            "y": 356
          },
          {
            "x": 98.0,
            "y": 357
          },
          {
            "x": 99.0,
            "y": 357
          },
          {
            "x": 101.0,
            "y": 359
          },
          {
            "x": 101.0,
            "y": 360
          },
          {
            "x": 102.0,
            "y": 361
          },
          {
            "x": 102.0,
            "y": 362
          },
          {
            "x": 103.0,
            "y": 363
          },
          {
            "x": 104.0,
            "y": 363
          },
          {
            "x": 105.0,
            "y": 364
          },
          {
            "x": 105.0,
            "y": 365
          },
          {
            "x": 107.0,
            "y": 367
          },
          {
            "x": 107.0,
            "y": 368
          },
          {
            "x": 108.0,
            "y": 369
          },
          {
            "x": 108.0,
            "y": 370
          },
          {
            "x": 109.0,
            "y": 371
          },
          {
            "x": 110.0,
            "y": 371
          },
          {
            "x": 111.0,
            "y": 372
          },
          {
            "x": 111.0,
            "y": 373
          },
          {
            "x": 112.0,
            "y": 374
          },
          {
            "x": 112.0,
            "y": 375
          },
          {
            "x": 114.0,
            "y": 377
          },
          {
            "x": 115.0,
            "y": 377
          },
          {
            "x": 117.0,
            "y": 379
          },
          {
            "x": 117.0,
            "y": 381
          },
          {
            "x": 119.0,
            "y": 383.0
          },
          {
            "x": 120.0,
            "y": 383.0
          },
          {
            "x": 121.0,
            "y": 384
          },
          {
            "x": 121.0,
            "y": 385
          },
          {
            "x": 123.0,
            "y": 387
          },
          {
            "x": 125.0,
            "y": 387
          },
          {
            "x": 127.0,
            "y": 389.0
          },
          {
            "x": 127.0,
            "y": 390
          },
          {
            "x": 129.0,
            "y": 392.0
          },
          {
            "x": 130,
            "y": 392.0
          },
          {
            "x": 132.0,
            "y": 394
          },
          {
            "x": 132.0,
            "y": 395.0
          },
          {
            "x": 134.0,
            "y": 397
          },
          {
            "x": 549,
            "y": 397
          },
          {
            "x": 550,
            "y": 396
          },
          {
            "x": 551,
            "y": 396
          },
          {
            "x": 552,
            "y": 395.0
          },
          {
            "x": 552,
            "y": 394
          },
          {
            "x": 555,
            "y": 391
          },
          {
            "x": 556,
            "y": 391
          },
          {
            "x": 557,
            "y": 390
          },
          {
            "x": 557,
            "y": 389.0
          },
          {
            "x": 559.0,
            "y": 387
          },
          {
            "x": 562,
            "y": 387
          },
          {
            "x": 563,
            "y": 386.0
          },
          {
            "x": 572,
            "y": 386.0
          },
          {
            "x": 573,
            "y": 385
          },
          {
            "x": 577.0,
            "y": 385
          },
          {
            "x": 577.0,
            "y": 384
          },
          {
            "x": 578.0,
            "y": 383.0
          },
          {
            "x": 581,
            "y": 383.0
          },
          {
            "x": 582.0,
            "y": 382
          },
          {
            "x": 584,
            "y": 382
          },
          {
            "x": 585,
            "y": 381
          },
          {
            "x": 588,
            "y": 381
          },
          {
            "x": 589.0,
            "y": 380
          },
          {
            "x": 591,
            "y": 380
          },
          {
            "x": 591,
            "y": 379
          },
          {
            "x": 592,
            "y": 378
          },
          {
            "x": 594.0,
            "y": 378
          },
          {
            "x": 595.0,
            "y": 377
          },
          {
            "x": 598,
            "y": 377
          },
          {
            "x": 599,
            "y": 376
          },
          {
            "x": 601.0,
            "y": 376
          },
          {
            "x": 602.0,
            "y": 375
          },
          {
            "x": 603,
            "y": 375
          },
          {
            "x": 603,
            "y": 374
          },
          {
            "x": 604,
            "y": 373
          },
          {
            "x": 605,
            "y": 373
          },
          {
            "x": 606.0,
            "y": 372
          },
          {
            "x": 608,
            "y": 372
          },
          {
            "x": 609,
            "y": 371
          },
          {
            "x": 610,
            "y": 371
          },
          {
            "x": 611,
            "y": 370
          },
          {
            "x": 613.0,
            "y": 370
          },
          {
            "x": 613.0,
            "y": 369
          },
          {
            "x": 614.0,
            "y": 368
          },
          {
            "x": 615,
            "y": 368
          },
          {
            "x": 616,
            "y": 367
          },
          {
            "x": 619.0,
            "y": 367
          },
          {
            "x": 620,
            "y": 366
          },
          {
            "x": 622,
            "y": 366
          },
          {
            "x": 623.0,
            "y": 365
          },
          {
            "x": 624.0,
            "y": 365
          },
          {
            "x": 624.0,
            "y": 364
          },
          {
            "x": 625.0,
            "y": 363
          },
          {
            "x": 627,
            "y": 363
          },
          {
            "x": 629,
            "y": 361
          },
          {
            "x": 630.0,
            "y": 361
          },
          {
            "x": 631.0,
            "y": 360
          },
          {
            "x": 632,
            "y": 360
          },
          {
            "x": 632,
            "y": 359
          },
          {
            "x": 636.0,
            "y": 355
          },
          {
            "x": 637,
            "y": 355
          },
          {
            "x": 637,
            "y": 354
          },
          {
            "x": 638,
            "y": 353
          },
          {
            "x": 638,
            "y": 151
          },
          {
            "x": 637,
            "y": 150.0
          },
          {
            "x": 636.0,
            "y": 150.0
          },
          {
            "x": 633,
            "y": 147.0
          },
          {
            "x": 633,
            "y": 146.0
          },
          {
            "x": 632,
            "y": 145
          },
          {
            "x": 630.0,
            "y": 145
          },
          {
            "x": 627,
            "y": 142
          },
          {
            "x": 627,
            "y": 141.0
          },
          {
            "x": 626,
            "y": 141.0
          },
          {
            "x": 625.0,
            "y": 140.0
          },
          {
            "x": 624.0,
            "y": 140.0
          },
          {
            "x": 622,
            "y": 138.0
          },
          {
            "x": 620,
            "y": 138.0
          },
          {
            "x": 619.0,
            "y": 137.0
          },
          {
            "x": 619.0,
            "y": 136
          },
          {
            "x": 618.0,
            "y": 135
          },
          {
            "x": 615,
            "y": 135
          },
          {
            "x": 614.0,
            "y": 134.0
          },
          {
            "x": 611,
            "y": 134.0
          },
          {
            "x": 610,
            "y": 133
          },
          {
            "x": 609,
            "y": 133
          },
          {
            "x": 608,
            "y": 132
          },
          {
            "x": 608,
            "y": 131.0
          },
          {
            "x": 606.0,
            "y": 131.0
          },
          {
            "x": 605,
            "y": 130
          },
          {
            "x": 604,
            "y": 130
          },
          {
            "x": 603,
            "y": 129
          },
          {
            "x": 602.0,
            "y": 129
          },
          {
            "x": 601.0,
            "y": 128.0
          },
          {
            "x": 599,
            "y": 128.0
          },
          {
            "x": 598,
            "y": 127
          },
          {
            "x": 597,
            "y": 127
          },
          {
            "x": 596,
            "y": 126
          },
          {
            "x": 596,
            "y": 125.0
          },
          {
            "x": 594.0,
            "y": 125.0
          },
          {
            "x": 593,
            "y": 124.0
          },
          {
            "x": 592,
            "y": 124.0
          },
          {
            "x": 591,
            "y": 123
          },
          {
            "x": 589.0,
            "y": 123
          },
          {
            "x": 588,
            "y": 122.0
          },
          {
            "x": 587,
            "y": 122.0
          },
          {
            "x": 586,
            "y": 121.0
          },
          {
            "x": 586,
            "y": 120
          },
          {
            "x": 583.0,
            "y": 120
          },
          {
            "x": 582.0,
            "y": 119.0
          },
          {
            "x": 580,
            "y": 119.0
          },
          {
            "x": 579,
            "y": 118.0
          },
          {
            "x": 578.0,
            "y": 118.0
          },
          {
            "x": 577.0,
            "y": 117
          },
          {
            "x": 575,
            "y": 117
          },
          {
            "x": 574,
            "y": 116.0
          },
          {
            "x": 574,
            "y": 115.0
          },
          {
            "x": 572,
            "y": 115.0
          },
          {
            "x": 571.0,
            "y": 114
          },
          {
            "x": 568,
            "y": 114
          },
          {
            "x": 567,
            "y": 113.0
          },
          {
            "x": 560,
            "y": 113.0
          },
          {
            "x": 559.0,
            "y": 112.0
          },
          {
            "x": 547.0,
            "y": 112.0
          },
          {
            "x": 546,
            "y": 111
          },
          {
            "x": 546,
            "y": 110.0
          },
          {
            "x": 538,
            "y": 110.0
          },
          {
            "x": 537.0,
            "y": 109.0
          },
          {
            "x": 531,
            "y": 109.0
          },
          {
            "x": 530.0,
            "y": 108
          },
          {
            "x": 483.0,
            "y": 108
          },
          {
            "x": 482.0,
            "y": 107.0
          },
          {
            "x": 461,
            "y": 107.0
          },
          {
            "x": 460.0,
            "y": 108
          },
          {
            "x": 457.0,
            "y": 108
          },
          {
            "x": 456,
            "y": 109.0
          },
          {
            "x": 455,
            "y": 109.0
          },
          {
            "x": 454.0,
            "y": 110.0
          },
          {
            "x": 450,
            "y": 110.0
          },
          {
            "x": 450,
            "y": 111
          },
          {
            "x": 449,
            "y": 112.0
          },
          {
            "x": 437,
            "y": 112.0
          },
          {
            "x": 436.0,
            "y": 111
          },
          {
            "x": 436.0,
            "y": 110.0
          },
          {
            "x": 433,
            "y": 110.0
          },
          {
            "x": 432,
            "y": 109.0
          },
          {
            "x": 431,
            "y": 109.0
          },
          {
            "x": 430.0,
            "y": 108
          },
          {
            "x": 428.0,
            "y": 108
          },
          {
            "x": 427,
            "y": 107.0
          },
          {
            "x": 426,
            "y": 107.0
          },
          {
            "x": 425,
            "y": 106.0
          },
          {
            "x": 425,
            "y": 105
          },
          {
            "x": 423.0,
            "y": 105
          },
          {
            "x": 419.0,
            "y": 101.0
          },
          {
            "x": 419.0,
            "y": 100.0
          },
          {
            "x": 417.0,
            "y": 100.0
          },
          {
            "x": 414,
            "y": 97.0
          },
          {
            "x": 413.0,
            "y": 97.0
          },
          {
            "x": 412.0,
            "y": 96
          },
          {
            "x": 412.0,
            "y": 95
          },
          {
            "x": 411.0,
            "y": 95
          },
          {
            "x": 409,
            "y": 93
          },
          {
            "x": 408,
            "y": 93
          },
          {
            "x": 406.0,
            "y": 91.0
          },
          {
            "x": 406.0,
            "y": 90
          },
          {
            "x": 405.0,
            "y": 90
          },
          {
            "x": 404.0,
            "y": 89
          },
          {
            "x": 402,
            "y": 89
          },
          {
            "x": 401.0,
            "y": 88.0
          },
          {
            "x": 398.0,
            "y": 88.0
          },
          {
            "x": 397,
            "y": 87.0
          },
          {
            "x": 396,
            "y": 87.0
          },
          {
            "x": 395.0,
            "y": 86
          },
          {
            "x": 395.0,
            "y": 85.0
          },
          {
            "x": 393.0,
            "y": 85.0
          },
          {
            "x": 389.0,
            "y": 81.0
          },
          {
            "x": 389.0,
            "y": 80
          },
          {
            "x": 388.0,
            "y": 79.0
          },
          {
            "x": 388.0,
            "y": 78.0
          },
          {
            "x": 387.0,
            "y": 78.0
          },
          {
            "x": 385,
            "y": 76.0
          },
          {
            "x": 385,
            "y": 75.0
          },
          {
            "x": 383.0,
            "y": 73.0
          },
          {
            "x": 383.0,
            "y": 72.0
          },
          {
            "x": 382.0,
            "y": 72.0
          },
          {
            "x": 381.0,
            "y": 71
          },
          {
            "x": 381.0,
            "y": 70.0
          },
          {
            "x": 379,
            "y": 68
          },
          {
            "x": 379,
            "y": 67.0
          },
          {
            "x": 378,
            "y": 66.0
          },
          {
            "x": 378,
            "y": 65
          },
          {
            "x": 377.0,
            "y": 65
          },
          {
            "x": 373,
            "y": 61.0
          },
          {
            "x": 373,
            "y": 59.0
          },
          {
            "x": 372,
            "y": 59.0
          },
          {
            "x": 370.0,
            "y": 57.0
          },
          {
            "x": 370.0,
            "y": 56.0
          },
          {
            "x": 369.0,
            "y": 55.0
          },
          {
            "x": 369.0,
            "y": 53.0
          },
          {
            "x": 368,
            "y": 52.0
          },
          {
            "x": 368,
            "y": 51.0
          },
          {
            "x": 367,
            "y": 51.0
          },
          {
            "x": 366,
            "y": 50.0
          },
          {
            "x": 366,
            "y": 49.0
          },
          {
            "x": 365.0,
            "y": 48.0
          },
          {
            "x": 365.0,
            "y": 47.0
          },
          {
            "x": 363.0,
            "y": 45.0
          },
          {
            "x": 363.0,
            "y": 43
          },
          {
            "x": 362,
            "y": 43
          },
          {
            "x": 360,
            "y": 41.0
          },
          {
            "x": 360,
            "y": 39.0
          },
          {
            "x": 358.0,
            "y": 37
          },
          {
            "x": 357.0,
            "y": 37
          },
          {
            "x": 356,
            "y": 36.0
          },
          {
            "x": 356,
            "y": 34
          },
          {
            "x": 353.0,
            "y": 31.0
          },
          {
            "x": 352.0,
            "y": 31.0
          },
          {
            "x": 351.0,
            "y": 30.0
          },
          {
            "x": 351.0,
            "y": 29.0
          },
          {
            "x": 348.0,
            "y": 26.0
          },
          {
            "x": 347.0,
            "y": 26.0
          },
          {
            "x": 346.0,
            "y": 25.0
          },
          {
            "x": 346.0,
            "y": 24.0
          },
          {
            "x": 343,
            "y": 21.0
          },
          {
            "x": 342.0,
            "y": 21.0
          },
          {
            "x": 341.0,
            "y": 20.0
          },
          {
            "x": 341.0,
            "y": 19.0
          },
          {
            "x": 338,
            "y": 16.0
          },
          {
            "x": 337,
            "y": 16.0
          },
          {
            "x": 336.0,
            "y": 15.0
          },
          {
            "x": 336.0,
            "y": 14.0
          },
          {
            "x": 335.0,
            "y": 14.0
          },
          {
            "x": 333.0,
            "y": 12.0
          },
          {
            "x": 331,
            "y": 12.0
          },
          {
            "x": 330.0,
            "y": 11.0
          },
          {
            "x": 329.0,
            "y": 11.0
          },
          {
            "x": 328.0,
            "y": 10.0
          },
          {
            "x": 328.0,
            "y": 9.0
          },
          {
            "x": 326,
            "y": 9.0
          },
          {
            "x": 325,
            "y": 8.0
          },
          {
            "x": 324.0,
            "y": 8.0
          },
          {
            "x": 323.0,
            "y": 7.0
          },
          {
            "x": 322.0,
            "y": 7.0
          },
          {
            "x": 321.0,
            "y": 6.0
          },
          {
            "x": 320,
            "y": 6.0
          },
          {
            "x": 319,
            "y": 5.0
          },
          {
            "x": 319,
            "y": 4.0
          },
          {
            "x": 318.0,
            "y": 4.0
          },
          {
            "x": 317.0,
            "y": 3.0
          },
          {
            "x": 313,
            "y": 3.0
          },
          {
            "x": 312.0,
            "y": 2.0
          },
          {
            "x": 301,
            "y": 2.0
          },
          {
            "x": 300.0,
            "y": 1.0
          },
          {
            "x": 291,
            "y": 1.0
          },
          {
            "x": 290,
            "y": 0
          },
          {
            "x": 133.0,
            "y": 0
          },
          {
            "x": 132.0,
            "y": 1.0
          },
          {
            "x": 131.0,
            "y": 1.0
          },
          {
            "x": 131.0,
            "y": 6.0
          },
          {
            "x": 134.0,
            "y": 9.0
          },
          {
            "x": 134.0,
            "y": 10.0
          },
          {
            "x": 135.0,
            "y": 10.0
          },
          {
            "x": 136,
            "y": 11.0
          },
          {
            "x": 136,
            "y": 12.0
          },
          {
            "x": 138.0,
            "y": 14.0
          },
          {
            "x": 138.0,
            "y": 15.0
          },
          {
            "x": 139.0,
            "y": 16.0
          },
          {
            "x": 138.0,
            "y": 17.0
          },
          {
            "x": 138.0,
            "y": 20.0
          },
          {
            "x": 135.0,
            "y": 23.0
          },
          {
            "x": 133.0,
            "y": 23.0
          },
          {
            "x": 132.0,
            "y": 24.0
          },
          {
            "x": 131.0,
            "y": 24.0
          },
          {
            "x": 131.0,
            "y": 25.0
          },
          {
            "x": 130,
            "y": 26.0
          },
          {
            "x": 129.0,
            "y": 26.0
          },
          {
            "x": 128.0,
            "y": 27.0
          },
          {
            "x": 127.0,
            "y": 27.0
          },
          {
            "x": 126.0,
            "y": 28.0
          },
          {
            "x": 121.0,
            "y": 28.0
          },
          {
            "x": 120.0,
            "y": 27.0
          },
          {
            "x": 118.0,
            "y": 27.0
          },
          {
            "x": 117.0,
            "y": 26.0
          },
          {
            "x": 113.0,
            "y": 26.0
          },
          {
            "x": 112.0,
            "y": 25.0
          },
          {
            "x": 112.0,
            "y": 24.0
          },
          {
            "x": 100.0,
            "y": 24.0
          },
          {
            "x": 100.0,
            "y": 25.0
          },
          {
            "x": 99.0,
            "y": 26.0
          },
          {
            "x": 96.0,
            "y": 26.0
          },
          {
            "x": 94.0,
            "y": 28.0
          },
          {
            "x": 93.0,
            "y": 28.0
          },
          {
            "x": 92,
            "y": 29.0
          },
          {
            "x": 92,
            "y": 30.0
          },
          {
            "x": 89,
            "y": 33.0
          },
          {
            "x": 88.0,
            "y": 33.0
          },
          {
            "x": 88.0,
            "y": 35.0
          },
          {
            "x": 87.0,
            "y": 36.0
          },
          {
            "x": 87.0,
            "y": 42.0
          },
          {
            "x": 88.0,
            "y": 43
          },
          {
            "x": 88.0,
            "y": 46
          },
          {
            "x": 89,
            "y": 46
          },
          {
            "x": 91.0,
            "y": 48.0
          },
          {
            "x": 92,
            "y": 48.0
          },
          {
            "x": 93.0,
            "y": 49.0
          },
          {
            "x": 93.0,
            "y": 50.0
          },
          {
            "x": 94.0,
            "y": 50.0
          },
          {
            "x": 95,
            "y": 51.0
          },
          {
            "x": 96.0,
            "y": 51.0
          },
          {
            "x": 97.0,
            "y": 52.0
          },
          {
            "x": 100.0,
            "y": 52.0
          },
          {
            "x": 101.0,
            "y": 53.0
          },
          {
            "x": 107.0,
            "y": 53.0
          },
          {
            "x": 109.0,
            "y": 51.0
          },
          {
            "x": 111.0,
            "y": 51.0
          },
          {
            "x": 112.0,
            "y": 50.0
          },
          {
            "x": 113.0,
            "y": 50.0
          },
          {
            "x": 113.0,
            "y": 49.0
          },
          {
            "x": 114.0,
            "y": 48.0
          },
          {
            "x": 117.0,
            "y": 48.0
          },
          {
            "x": 118.0,
            "y": 49.0
          },
          {
            "x": 118.0,
            "y": 50.0
          },
          {
            "x": 120.0,
            "y": 50.0
          },
          {
            "x": 121.0,
            "y": 51.0
          },
          {
            "x": 122.0,
            "y": 51.0
          },
          {
            "x": 124.0,
            "y": 53.0
          },
          {
            "x": 125.0,
            "y": 53.0
          },
          {
            "x": 126.0,
            "y": 54.0
          },
          {
            "x": 126.0,
            "y": 55.0
          },
          {
            "x": 127.0,
            "y": 56.0
          },
          {
            "x": 128.0,
            "y": 56.0
          },
          {
            "x": 129.0,
            "y": 57.0
          },
          {
            "x": 130,
            "y": 57.0
          },
          {
            "x": 132.0,
            "y": 59.0
          },
          {
            "x": 133.0,
            "y": 59.0
          },
          {
            "x": 134.0,
            "y": 60.0
          },
          {
            "x": 134.0,
            "y": 61.0
          },
          {
            "x": 135.0,
            "y": 61.0
          },
          {
            "x": 136,
            "y": 62.0
          },
          {
            "x": 137.0,
            "y": 62.0
          },
          {
            "x": 139.0,
            "y": 64.0
          },
          {
            "x": 141.0,
            "y": 64.0
          },
          {
            "x": 142,
            "y": 65
          },
          {
            "x": 142,
            "y": 71
          },
          {
            "x": 141.0,
            "y": 72.0
          },
          {
            "x": 134.0,
            "y": 72.0
          },
          {
            "x": 133.0,
            "y": 71
          },
          {
            "x": 133.0,
            "y": 70.0
          },
          {
            "x": 122.0,
            "y": 70.0
          },
          {
            "x": 121.0,
            "y": 69.0
          },
          {
            "x": 111.0,
            "y": 69.0
          },
          {
            "x": 110.0,
            "y": 70.0
          },
          {
            "x": 105.0,
            "y": 70.0
          },
          {
            "x": 105.0,
            "y": 71
          },
          {
            "x": 104.0,
            "y": 72.0
          },
          {
            "x": 98.0,
            "y": 72.0
          },
          {
            "x": 97.0,
            "y": 73.0
          },
          {
            "x": 82.0,
            "y": 73.0
          },
          {
            "x": 81.0,
            "y": 74
          },
          {
            "x": 72.0,
            "y": 74
          },
          {
            "x": 71,
            "y": 75.0
          },
          {
            "x": 60.0,
            "y": 75.0
          },
          {
            "x": 60.0,
            "y": 76.0
          },
          {
            "x": 59.0,
            "y": 77
          },
          {
            "x": 55.0,
            "y": 77
          },
          {
            "x": 54.0,
            "y": 78.0
          },
          {
            "x": 52.0,
            "y": 78.0
          },
          {
            "x": 51.0,
            "y": 79.0
          },
          {
            "x": 50.0,
            "y": 79.0
          },
          {
            "x": 49.0,
            "y": 80
          },
          {
            "x": 48.0,
            "y": 80
          },
          {
            "x": 48.0,
            "y": 81.0
          },
          {
            "x": 44.0,
            "y": 85.0
          },
          {
            "x": 43.0,
            "y": 85.0
          },
          {
            "x": 43.0,
            "y": 86
          },
          {
            "x": 41.0,
            "y": 88.0
          },
          {
            "x": 41.0,
            "y": 89
          },
          {
            "x": 40.0,
            "y": 90
          },
          {
            "x": 40.0,
            "y": 92
          },
          {
            "x": 39.0,
            "y": 93
          },
          {
            "x": 38.0,
            "y": 93
          },
          {
            "x": 38.0,
            "y": 94.0
          },
          {
            "x": 37.0,
            "y": 95
          },
          {
            "x": 37.0,
            "y": 97.0
          },
          {
            "x": 34.0,
            "y": 100.0
          },
          {
            "x": 34.0,
            "y": 101.0
          },
          {
            "x": 33.0,
            "y": 102
          },
          {
            "x": 29.0,
            "y": 102
          },
          {
            "x": 28.0,
            "y": 101.0
          },
          {
            "x": 28.0,
            "y": 100.0
          },
          {
            "x": 25.0,
            "y": 100.0
          },
          {
            "x": 24.0,
            "y": 99
          },
          {
            "x": 22.0,
            "y": 99
          },
          {
            "x": 21.0,
            "y": 98.0
          },
          {
            "x": 20.0,
            "y": 98.0
          },
          {
            "x": 19.0,
            "y": 97.0
          },
          {
            "x": 17.0,
            "y": 97.0
          },
          {
            "x": 16.0,
            "y": 96
          },
          {
            "x": 16.0,
            "y": 95
          },
          {
            "x": 15.0,
            "y": 95
          },
          {
            "x": 14.0,
            "y": 94.0
          },
          {
            "x": 12.0,
            "y": 94.0
          },
          {
            "x": 11.0,
            "y": 93
          },
          {
            "x": 9.0,
            "y": 93
          },
          {
            "x": 8.0,
            "y": 92
          },
          {
            "x": 1.0,
            "y": 92
          },
          {
            "x": 1.0,
            "y": 93
          }
        ]
      }
    }
  ]
}