{
  "image": {
    "width": 500,
    "height": 375,
    "filename": "00000037.jpg",
    "original_filename": "COCO_test2014_000000000427.jpg",
    "url": "https://darwin.v7labs.com/api/images/1197331/original?token=b0d243df-6830-43ea-9569-5542031eaef8",
    "thumbnail_url": "https://darwin.v7labs.com/api/images/1197331/thumbnail?token=b0d243df-6830-43ea-9569-5542031eaef8",
    "workview_url": "https://darwin.v7labs.com/workview?dataset=1164&image=37"
  },
  "dataset": "4_Aizada_ver2",
  "annotated": true,
  "annotations": [
    {
      "annotator": {
        "email": "corporate@bex.kg",
        "full_name": "Aizada Tynchybek kyzy"
      },
      "name": "Men_Polygon",
      "polygon": {
        "path": [
          {
            "x": 492.0,
            "y": 189
          },
          {
            "x": 491,
            "y": 188
          },
          {
            "x": 491,
            "y": 187
          },
          {
            "x": 490,
            "y": 186
          },
          {
            "x": 490,
            "y": 185
          },
          {
            "x": 489.0,
            "y": 184
          },
          {
            "x": 489.0,
            "y": 183
          },
          {
            "x": 488,
            "y": 182
          },
          {
            "x": 488,
            "y": 181
          },
          {
            "x": 485.0,
            "y": 178
          },
          {
            "x": 485.0,
            "y": 177
          },
          {
            "x": 482.0,
            "y": 174
          },
          {
            "x": 482.0,
            "y": 173
          },
          {
            "x": 481.0,
            "y": 173
          },
          {
            "x": 479,
            "y": 171
          },
          {
            "x": 479,
            "y": 170
          },
          {
            "x": 478.0,
            "y": 170
          },
          {
            "x": 477,
            "y": 169
          },
          {
            "x": 477,
            "y": 168
          },
          {
            "x": 476,
            "y": 168
          },
          {
            "x": 475.0,
            "y": 167
          },
          {
            "x": 474.0,
            "y": 167
          },
          {
            "x": 472,
            "y": 165
          },
          {
            "x": 472,
            "y": 164
          },
          {
            "x": 471.0,
            "y": 163
          },
          {
            "x": 470,
            "y": 163
          },
          {
            "x": 467.0,
            "y": 160
          },
          {
            "x": 465,
            "y": 160
          },
          {
            "x": 464.0,
            "y": 159
          },
          {
            "x": 463.0,
            "y": 159
          },
          {
            "x": 461,
            "y": 157
          },
          {
            "x": 460.0,
            "y": 157
          },
          {
            "x": 459,
            "y": 156
          },
          {
            "x": 458,
            "y": 156
          },
          {
            "x": 457.0,
            "y": 155
          },
          {
            "x": 456.0,
            "y": 155
          },
          {
            "x": 454,
            "y": 153
          },
          {
            "x": 452,
            "y": 153
          },
          {
            "x": 451,
            "y": 152
          },
          {
            "x": 449.0,
            "y": 152
          },
          {
            "x": 448,
            "y": 151
          },
          {
            "x": 447,
            "y": 151
          },
          {
            "x": 446.0,
            "y": 150
          },
          {
            "x": 442.0,
            "y": 150
          },
          {
            "x": 441,
            "y": 149
          },
          {
            "x": 439.0,
            "y": 149
          },
          {
            "x": 438.0,
            "y": 148
          },
          {
            "x": 437,
            "y": 148
          },
          {
            "x": 436,
            "y": 147
          },
          {
            "x": 434,
            "y": 147
          },
          {
            "x": 433,
            "y": 146
          },
          {
            "x": 430,
            "y": 146
          },
          {
            "x": 429,
            "y": 145
          },
          {
            "x": 428.0,
            "y": 145
          },
          {
            "x": 427,
            "y": 144
          },
          {
            "x": 425,
            "y": 144
          },
          {
            "x": 424.0,
            "y": 143
          },
          {
            "x": 419,
            "y": 143
          },
          {
            "x": 418,
            "y": 142
          },
          {
            "x": 415,
            "y": 142
          },
          {
            "x": 414,
            "y": 141
          },
          {
            "x": 411,
            "y": 141
          },
          {
            "x": 410,
            "y": 140
          },
          {
            "x": 399,
            "y": 140
          },
          {
            "x": 398,
            "y": 139
          },
          {
            "x": 388,
            "y": 139
          },
          {
            "x": 387,
            "y": 138
          },
          {
            "x": 371,
            "y": 138
          },
          {
            "x": 370,
            "y": 139
          },
          {
            "x": 362,
            "y": 139
          },
          {
            "x": 361,
            "y": 140
          },
          {
            "x": 348,
            "y": 140
          },
          {
            "x": 347,
            "y": 141
          },
          {
            "x": 335,
            "y": 141
          },
          {
            "x": 334,
            "y": 142
          },
          {
            "x": 332,
            "y": 142
          },
          {
            "x": 331,
            "y": 143
          },
          {
            "x": 324,
            "y": 143
          },
          {
            "x": 323,
            "y": 144
          },
          {
            "x": 321,
            "y": 144
          },
          {
            "x": 320,
            "y": 145
          },
          {
            "x": 317,
            "y": 145
          },
          {
            "x": 316,
            "y": 146
          },
          {
            "x": 309,
            "y": 146
          },
          {
            "x": 308,
            "y": 147
          },
          {
            "x": 305,
            "y": 147
          },
          {
            "x": 304,
            "y": 148
          },
          {
            "x": 302,
            "y": 148
          },
          {
            "x": 301,
            "y": 149
          },
          {
            "x": 299,
            "y": 149
          },
          {
            "x": 298,
            "y": 150
          },
          {
            "x": 293,
            "y": 150
          },
          {
            "x": 292,
            "y": 151
          },
          {
            "x": 290,
            "y": 151
          },
          {
            "x": 289,
            "y": 152
          },
          {
            "x": 287,
            "y": 152
          },
          {
            "x": 286,
            "y": 153
          },
          {
            "x": 281,
            "y": 153
          },
          {
            "x": 280,
            "y": 154
          },
          {
            "x": 279,
            "y": 154
          },
          {
            "x": 278,
            "y": 155
          },
          {
            "x": 277,
            "y": 155
          },
          {
            "x": 276,
            "y": 156
          },
          {
            "x": 272,
            "y": 156
          },
          {
            "x": 271,
            "y": 157
          },
          {
            "x": 270,
            "y": 157
          },
          {
            "x": 269,
            "y": 158
          },
          {
            "x": 266,
            "y": 158
          },
          {
            "x": 265,
            "y": 159
          },
          {
            "x": 264,
            "y": 159
          },
          {
            "x": 263,
            "y": 160
          },
          {
            "x": 260,
            "y": 160
          },
          {
            "x": 259,
            "y": 161
          },
          {
            "x": 257,
            "y": 161
          },
          {
            "x": 256,
            "y": 162
          },
          {
            "x": 255.0,
            "y": 162
          },
          {
            "x": 254,
            "y": 163
          },
          {
            "x": 251,
            "y": 163
          },
          {
            "x": 250.0,
            "y": 164
          },
          {
            "x": 249,
            "y": 164
          },
          {
            "x": 248.0,
            "y": 165
          },
          {
            "x": 246.0,
            "y": 165
          },
          {
            "x": 244,
            "y": 167
          },
          {
            "x": 241.0,
            "y": 167
          },
          {
            "x": 240,
            "y": 168
          },
          {
            "x": 239.0,
            "y": 168
          },
          {
            "x": 238,
            "y": 169
          },
          {
            "x": 237.0,
            "y": 169
          },
          {
            "x": 236,
            "y": 170
          },
          {
            "x": 233,
            "y": 170
          },
          {
            "x": 231,
            "y": 172
          },
          {
            "x": 230.0,
            "y": 172
          },
          {
            "x": 229,
            "y": 173
          },
          {
            "x": 227,
            "y": 173
          },
          {
            "x": 225.0,
            "y": 175
          },
          {
            "x": 223.0,
            "y": 175
          },
          {
            "x": 221.0,
            "y": 177
          },
          {
            "x": 218,
            "y": 177
          },
          {
            "x": 217,
            "y": 178
          },
          {
            "x": 216.0,
            "y": 178
          },
          {
            "x": 214.0,
            "y": 180
          },
          {
            "x": 212.0,
            "y": 180
          },
          {
            "x": 211,
            "y": 181
          },
          {
            "x": 210,
            "y": 181
          },
          {
            "x": 208,
            "y": 183
          },
          {
            "x": 207,
            "y": 183
          },
          {
            "x": 206,
            "y": 184
          },
          {
            "x": 204,
            "y": 184
          },
          {
            "x": 203,
            "y": 185
          },
          {
            "x": 202,
            "y": 185
          },
          {
            "x": 200,
            "y": 187
          },
          {
            "x": 199,
            "y": 187
          },
          {
            "x": 198,
            "y": 188
          },
          {
            "x": 197,
            "y": 188
          },
          {
            "x": 196,
            "y": 189
          },
          {
            "x": 195,
            "y": 189
          },
          {
            "x": 194,
            "y": 190
          },
          {
            "x": 193,
            "y": 190
          },
          {
            "x": 191,
            "y": 192
          },
          {
            "x": 190,
            "y": 192
          },
          {
            "x": 188,
            "y": 194
          },
          {
            "x": 187,
            "y": 194
          },
          {
            "x": 186,
            "y": 195
          },
          {
            "x": 185,
            "y": 195
          },
          {
            "x": 185,
            "y": 196
          },
          {
            "x": 184,
            "y": 197
          },
          {
            "x": 182,
            "y": 197
          },
          {
            "x": 182,
            "y": 198
          },
          {
            "x": 181,
            "y": 199
          },
          {
            "x": 180,
            "y": 199
          },
          {
            "x": 179,
            "y": 200
          },
          {
            "x": 178,
            "y": 200
          },
          {
            "x": 178,
            "y": 201
          },
          {
            "x": 177,
            "y": 202
          },
          {
            "x": 176,
            "y": 202
          },
          {
            "x": 174,
            "y": 204
          },
          {
            "x": 173,
            "y": 204
          },
          {
            "x": 170,
            "y": 207
          },
          {
            "x": 168,
            "y": 207
          },
          {
            "x": 168,
            "y": 208
          },
          {
            "x": 165,
            "y": 211
          },
          {
            "x": 164,
            "y": 211
          },
          {
            "x": 161,
            "y": 214.0
          },
          {
            "x": 160,
            "y": 214.0
          },
          {
            "x": 160,
            "y": 215
          },
          {
            "x": 158,
            "y": 217
          },
          {
            "x": 157,
            "y": 217
          },
          {
            "x": 155,
            "y": 219.0
          },
          {
            "x": 155,
            "y": 220
          },
          {
            "x": 154,
            "y": 221.0
          },
          {
            "x": 153,
            "y": 221.0
          },
          {
            "x": 148,
            "y": 226
          },
          {
            "x": 148,
            "y": 227
          },
          {
            "x": 146,
            "y": 229
          },
          {
            "x": 146,
            "y": 230.0
          },
          {
            "x": 145,
            "y": 231
          },
          {
            "x": 145,
            "y": 232.0
          },
          {
            "x": 142,
            "y": 235
          },
          {
            "x": 142,
            "y": 236
          },
          {
            "x": 141,
            "y": 237.0
          },
          {
            "x": 141,
            "y": 239.0
          },
          {
            "x": 139,
            "y": 241.0
          },
          {
            "x": 139,
            "y": 242
          },
          {
            "x": 138,
            "y": 243
          },
          {
            "x": 138,
            "y": 247
          },
          {
            "x": 137,
            "y": 248.0
          },
          {
            "x": 137,
            "y": 249
          },
          {
            "x": 136,
            "y": 250.0
          },
          {
            "x": 136,
            "y": 251
          },
          {
            "x": 135,
            "y": 252
          },
          {
            "x": 135,
            "y": 254
          },
          {
            "x": 134,
            "y": 255.0
          },
          {
            "x": 134,
            "y": 260
          },
          {
            "x": 133,
            "y": 261
          },
          {
            "x": 133,
            "y": 279
          },
          {
            "x": 134,
            "y": 280
          },
          {
            "x": 134,
            "y": 285
          },
          {
            "x": 135,
            "y": 286
          },
          {
            "x": 135,
            "y": 289
          },
          {
            "x": 136,
            "y": 290
          },
          {
            "x": 136,
            "y": 292
          },
          {
            "x": 137,
            "y": 293
          },
          {
            "x": 137,
            "y": 294
          },
          {
            "x": 138,
            "y": 295
          },
          {
            "x": 138,
            "y": 297
          },
          {
            "x": 140,
            "y": 299
          },
          {
            "x": 140,
            "y": 300
          },
          {
            "x": 141,
            "y": 301
          },
          {
            "x": 141,
            "y": 302
          },
          {
            "x": 143,
            "y": 304
          },
          {
            "x": 143,
            "y": 305
          },
          {
            "x": 144,
            "y": 306
          },
          {
            "x": 144,
            "y": 307
          },
          {
            "x": 145,
            "y": 308
          },
          {
            "x": 145,
            "y": 311
          },
          {
            "x": 148,
            "y": 314
          },
          {
            "x": 148,
            "y": 315
          },
          {
            "x": 149,
            "y": 316
          },
          {
            "x": 149,
            "y": 317
          },
          {
            "x": 151,
            "y": 319
          },
          {
            "x": 151,
            "y": 320
          },
          {
            "x": 152,
            "y": 321
          },
          {
            "x": 153,
            "y": 321
          },
          {
            "x": 155,
            "y": 323
          },
          {
            "x": 155,
            "y": 324
          },
          {
            "x": 156,
            "y": 325
          },
          {
            "x": 157,
            "y": 325
          },
          {
            "x": 158,
            "y": 326
          },
          {
            "x": 158,
            "y": 327
          },
          {
            "x": 159,
            "y": 327
          },
          {
            "x": 160,
            "y": 328
          },
          {
            "x": 161,
            "y": 328
          },
          {
            "x": 162,
            "y": 329
          },
          {
            "x": 162,
            "y": 330
          },
          {
            "x": 163,
            "y": 331
          },
          {
            "x": 164,
            "y": 331
          },
          {
            "x": 168,
            "y": 335
          },
          {
            "x": 169,
            "y": 335
          },
          {
            "x": 172,
            "y": 338
          },
          {
            "x": 174,
            "y": 338
          },
          {
            "x": 178,
            "y": 342
          },
          {
            "x": 180,
            "y": 342
          },
          {
            "x": 183,
            "y": 345
          },
          {
            "x": 185,
            "y": 345
          },
          {
            "x": 187,
            "y": 347
          },
          {
            "x": 188,
            "y": 347
          },
          {
            "x": 189,
            "y": 348
          },
          {
            "x": 191,
            "y": 348
          },
          {
            "x": 193,
            "y": 350
          },
          {
            "x": 194,
            "y": 350
          },
          {
            "x": 196,
            "y": 352
          },
          {
            "x": 198,
            "y": 352
          },
          {
            "x": 199,
            "y": 353
          },
          {
            "x": 200,
            "y": 353
          },
          {
            "x": 202,
            "y": 355
          },
          {
            "x": 206,
            "y": 355
          },
          {
            "x": 207,
            "y": 356
          },
          {
            "x": 208,
            "y": 356
          },
          {
            "x": 209,
            "y": 357
          },
          {
            "x": 211,
            "y": 357
          },
          {
            "x": 212.0,
            "y": 358
          },
          {
            "x": 214.0,
            "y": 358
          },
          {
            "x": 215,
            "y": 359
          },
          {
            "x": 219.0,
            "y": 359
          },
          {
            "x": 220,
            "y": 360
          },
          {
            "x": 222,
            "y": 360
          },
          {
            "x": 223.0,
            "y": 361
          },
          {
            "x": 226,
            "y": 361
          },
          {
            "x": 227,
            "y": 362
          },
          {
            "x": 235,
            "y": 362
          },
          {
            "x": 236,
            "y": 363
          },
          {
            "x": 243,
            "y": 363
          },
          {
            "x": 244,
            "y": 364
          },
          {
            "x": 258,
            "y": 364
          },
          {
            "x": 259,
            "y": 363
          },
          {
            "x": 268,
            "y": 363
          },
          {
            "x": 269,
            "y": 362
          },
          {
            "x": 279,
            "y": 362
          },
          {
            "x": 280,
            "y": 361
          },
          {
            "x": 283,
            "y": 361
          },
          {
            "x": 284,
            "y": 360
          },
          {
            "x": 286,
            "y": 360
          },
          {
            "x": 287,
            "y": 359
          },
          {
            "x": 293,
            "y": 359
          },
          {
            "x": 294,
            "y": 358
          },
          {
            "x": 296,
            "y": 358
          },
          {
            "x": 297,
            "y": 357
          },
          {
            "x": 299,
            "y": 357
          },
          {
            "x": 300,
            "y": 356
          },
          {
            "x": 302,
            "y": 356
          },
          {
            "x": 303,
            "y": 355
          },
          {
            "x": 306,
            "y": 355
          },
          {
            "x": 307,
            "y": 354
          },
          {
            "x": 309,
            "y": 354
          },
          {
            "x": 310,
            "y": 353
          },
          {
            "x": 311,
            "y": 353
          },
          {
            "x": 312,
            "y": 352
          },
          {
            "x": 315,
            "y": 352
          },
          {
            "x": 316,
            "y": 351
          },
          {
            "x": 317,
            "y": 351
          },
          {
            "x": 318,
            "y": 350
          },
          {
            "x": 319,
            "y": 350
          },
          {
            "x": 320,
            "y": 349
          },
          {
            "x": 321,
            "y": 349
          },
          {
            "x": 322,
            "y": 348
          },
          {
            "x": 325,
            "y": 348
          },
          {
            "x": 327,
            "y": 346
          },
          {
            "x": 328,
            "y": 346
          },
          {
            "x": 329,
            "y": 345
          },
          {
            "x": 331,
            "y": 345
          },
          {
            "x": 332,
            "y": 344
          },
          {
            "x": 333,
            "y": 344
          },
          {
            "x": 334,
            "y": 343
          },
          {
            "x": 335,
            "y": 343
          },
          {
            "x": 336,
            "y": 342
          },
          {
            "x": 338,
            "y": 342
          },
          {
            "x": 339,
            "y": 341
          },
          {
            "x": 340,
            "y": 341
          },
          {
            "x": 342,
            "y": 339
          },
          {
            "x": 343,
            "y": 339
          },
          {
            "x": 344,
            "y": 338
          },
          {
            "x": 346,
            "y": 338
          },
          {
            "x": 348,
            "y": 336
          },
          {
            "x": 349,
            "y": 336
          },
          {
            "x": 350,
            "y": 335
          },
          {
            "x": 352,
            "y": 335
          },
          {
            "x": 355,
            "y": 332
          },
          {
            "x": 356,
            "y": 332
          },
          {
            "x": 357,
            "y": 331
          },
          {
            "x": 359,
            "y": 331
          },
          {
            "x": 361,
            "y": 329
          },
          {
            "x": 362,
            "y": 329
          },
          {
            "x": 363,
            "y": 328
          },
          {
            "x": 364,
            "y": 328
          },
          {
            "x": 365,
            "y": 327
          },
          {
            "x": 366,
            "y": 327
          },
          {
            "x": 368,
            "y": 325
          },
          {
            "x": 370,
            "y": 325
          },
          {
            "x": 372,
            "y": 323
          },
          {
            "x": 373,
            "y": 323
          },
          {
            "x": 375,
            "y": 321
          },
          {
            "x": 377,
            "y": 321
          },
          {
            "x": 379,
            "y": 319
          },
          {
            "x": 380,
            "y": 319
          },
          {
            "x": 381,
            "y": 318
          },
          {
            "x": 382,
            "y": 318
          },
          {
            "x": 383,
            "y": 317
          },
          {
            "x": 384,
            "y": 317
          },
          {
            "x": 384,
            "y": 316
          },
          {
            "x": 385,
            "y": 315
          },
          {
            "x": 387,
            "y": 315
          },
          {
            "x": 388,
            "y": 314
          },
          {
            "x": 389,
            "y": 314
          },
          {
            "x": 392,
            "y": 311
          },
          {
            "x": 394,
            "y": 311
          },
          {
            "x": 396,
            "y": 309
          },
          {
            "x": 397,
            "y": 309
          },
          {
            "x": 398,
            "y": 308
          },
          {
            "x": 399,
            "y": 308
          },
          {
            "x": 400,
            "y": 307
          },
          {
            "x": 401,
            "y": 307
          },
          {
            "x": 401,
            "y": 306
          },
          {
            "x": 402,
            "y": 305
          },
          {
            "x": 403,
            "y": 305
          },
          {
            "x": 404,
            "y": 304
          },
          {
            "x": 405,
            "y": 304
          },
          {
            "x": 406,
            "y": 303
          },
          {
            "x": 407,
            "y": 303
          },
          {
            "x": 409,
            "y": 301
          },
          {
            "x": 410,
            "y": 301
          },
          {
            "x": 413,
            "y": 298
          },
          {
            "x": 414,
            "y": 298
          },
          {
            "x": 415,
            "y": 297
          },
          {
            "x": 416,
            "y": 297
          },
          {
            "x": 419,
            "y": 294
          },
          {
            "x": 421.0,
            "y": 294
          },
          {
            "x": 421.0,
            "y": 293
          },
          {
            "x": 423,
            "y": 291
          },
          {
            "x": 425,
            "y": 291
          },
          {
            "x": 427,
            "y": 289
          },
          {
            "x": 428.0,
            "y": 289
          },
          {
            "x": 430,
            "y": 287
          },
          {
            "x": 431.0,
            "y": 287
          },
          {
            "x": 432.0,
            "y": 286
          },
          {
            "x": 433,
            "y": 286
          },
          {
            "x": 435.0,
            "y": 284
          },
          {
            "x": 437,
            "y": 284
          },
          {
            "x": 440,
            "y": 281
          },
          {
            "x": 441,
            "y": 281
          },
          {
            "x": 443,
            "y": 279
          },
          {
            "x": 444,
            "y": 279
          },
          {
            "x": 446.0,
            "y": 277
          },
          {
            "x": 447,
            "y": 277
          },
          {
            "x": 450.0,
            "y": 274
          },
          {
            "x": 452,
            "y": 274
          },
          {
            "x": 455,
            "y": 271
          },
          {
            "x": 456.0,
            "y": 271
          },
          {
            "x": 460.0,
            "y": 267
          },
          {
            "x": 462,
            "y": 267
          },
          {
            "x": 465,
            "y": 264
          },
          {
            "x": 466,
            "y": 264
          },
          {
            "x": 468,
            "y": 262
          },
          {
            "x": 469,
            "y": 262
          },
          {
            "x": 469,
            "y": 261
          },
          {
            "x": 470,
            "y": 260
          },
          {
            "x": 471.0,
            "y": 260
          },
          {
            "x": 474.0,
            "y": 257
          },
          {
            "x": 475.0,
            "y": 257
          },
          {
            "x": 476,
            "y": 256
          },
          {
            "x": 477,
            "y": 256
          },
          {
            "x": 479,
            "y": 254
          },
          {
            "x": 480,
            "y": 254
          },
          {
            "x": 482.0,
            "y": 252
          },
          {
            "x": 482.0,
            "y": 251
          },
          {
            "x": 483,
            "y": 250.0
          },
          {
            "x": 484,
            "y": 250.0
          },
          {
            "x": 485.0,
            "y": 249
          },
          {
            "x": 485.0,
            "y": 248.0
          },
          {
            "x": 489.0,
            "y": 244
          },
          {
            "x": 489.0,
            "y": 243
          },
          {
            "x": 492.0,
            "y": 240
          },
          {
            "x": 492.0,
            "y": 238
          },
          {
            "x": 493,
            "y": 237.0
          },
          {
            "x": 493,
            "y": 236
          },
          {
            "x": 494,
            "y": 235
          },
          {
            "x": 494,
            "y": 231
          },
          {
            "x": 495,
            "y": 230.0
          },
          {
            "x": 495,
            "y": 228.0
          },
          {
            "x": 494,
            "y": 227
          },
          {
            "x": 494,
            "y": 226
          },
          {
            "x": 493,
            "y": 225.0
          },
          {
            "x": 493,
            "y": 224
          },
          {
            "x": 491,
            "y": 224
          },
          {
            "x": 489.0,
            "y": 226
          },
          {
            "x": 488,
            "y": 225.0
          },
          {
            "x": 488,
            "y": 223.0
          },
          {
            "x": 487,
            "y": 222
          },
          {
            "x": 487,
            "y": 219.0
          },
          {
            "x": 488,
            "y": 218
          },
          {
            "x": 488,
            "y": 217
          },
          {
            "x": 489.0,
            "y": 216.0
          },
          {
            "x": 489.0,
            "y": 197
          },
          {
            "x": 491,
            "y": 195
          },
          {
            "x": 491,
            "y": 194
          },
          {
            "x": 492.0,
            "y": 193
          }
        ]
      }
    },
    {
      "annotator": {
        "email": "corporate@bex.kg",
        "full_name": "Aizada Tynchybek kyzy"
      },
      "name": "Men_Polygon",
      "polygon": {
        "path": [
          {
            "x": 0,
            "y": 10
          },
          {
            "x": 0,
            "y": 68
          },
          {
            "x": 1.0,
            "y": 69
          },
          {
            "x": 1.0,
            "y": 75
          },
          {
            "x": 2.0,
            "y": 76
          },
          {
            "x": 2.0,
            "y": 77
          },
          {
            "x": 5.0,
            "y": 80
          },
          {
            "x": 5.0,
            "y": 81
          },
          {
            "x": 7.0,
            "y": 83
          },
          {
            "x": 7.0,
            "y": 85
          },
          {
            "x": 8.0,
            "y": 86
          },
          {
            "x": 8.0,
            "y": 89
          },
          {
            "x": 9.0,
            "y": 90
          },
          {
            "x": 9.0,
            "y": 91
          },
          {
            "x": 10.0,
            "y": 92.0
          },
          {
            "x": 10.0,
            "y": 94
          },
          {
            "x": 12.0,
            "y": 96
          },
          {
            "x": 12.0,
            "y": 98.0
          },
          {
            "x": 13.0,
            "y": 99.0
          },
          {
            "x": 13.0,
            "y": 100
          },
          {
            "x": 14.0,
            "y": 101
          },
          {
            "x": 14.0,
            "y": 102.0
          },
          {
            "x": 15.0,
            "y": 103
          },
          {
            "x": 15.0,
            "y": 105.0
          },
          {
            "x": 16.0,
            "y": 106.0
          },
          {
            "x": 16.0,
            "y": 107
          },
          {
            "x": 17.0,
            "y": 108
          },
          {
            "x": 17.0,
            "y": 110
          },
          {
            "x": 18.0,
            "y": 111
          },
          {
            "x": 18.0,
            "y": 112.0
          },
          {
            "x": 19.0,
            "y": 113.0
          },
          {
            "x": 19.0,
            "y": 116.0
          },
          {
            "x": 20.0,
            "y": 117
          },
          {
            "x": 20.0,
            "y": 118
          },
          {
            "x": 21,
            "y": 119.0
          },
          {
            "x": 21,
            "y": 121
          },
          {
            "x": 22.0,
            "y": 122
          },
          {
            "x": 22.0,
            "y": 123.0
          },
          {
            "x": 23.0,
            "y": 124
          },
          {
            "x": 23.0,
            "y": 125
          },
          {
            "x": 24.0,
            "y": 126.0
          },
          {
            "x": 24.0,
            "y": 128
          },
          {
            "x": 25.0,
            "y": 129
          },
          {
            "x": 25.0,
            "y": 130
          },
          {
            "x": 26.0,
            "y": 131
          },
          {
            "x": 26.0,
            "y": 133
          },
          {
            "x": 28.0,
            "y": 135
          },
          {
            "x": 28.0,
            "y": 137
          },
          {
            "x": 30.0,
            "y": 139
          },
          {
            "x": 30.0,
            "y": 140
          },
          {
            "x": 31.0,
            "y": 141
          },
          {
            "x": 31.0,
            "y": 142
          },
          {
            "x": 32.0,
            "y": 143
          },
          {
            "x": 32.0,
            "y": 144
          },
          {
            "x": 33.0,
            "y": 145
          },
          {
            "x": 33.0,
            "y": 148
          },
          {
            "x": 35,
            "y": 150
          },
          {
            "x": 35,
            "y": 152
          },
          {
            "x": 37.0,
            "y": 154
          },
          {
            "x": 37.0,
            "y": 155
          },
          {
            "x": 38.0,
            "y": 156
          },
          {
            "x": 38.0,
            "y": 157
          },
          {
            "x": 40.0,
            "y": 159
          },
          {
            "x": 40.0,
            "y": 160
          },
          {
            "x": 41,
            "y": 161
          },
          {
            "x": 41,
            "y": 162
          },
          {
            "x": 42,
            "y": 163
          },
          {
            "x": 42,
            "y": 164
          },
          {
            "x": 45.0,
            "y": 167
          },
          {
            "x": 45.0,
            "y": 168
          },
          {
            "x": 46.0,
            "y": 169
          },
          {
            "x": 46.0,
            "y": 170
          },
          {
            "x": 47.0,
            "y": 171
          },
          {
            "x": 47.0,
            "y": 172
          },
          {
            "x": 48,
            "y": 173
          },
          {
            "x": 48,
            "y": 174
          },
          {
            "x": 49.0,
            "y": 175
          },
          {
            "x": 49.0,
            "y": 177
          },
          {
            "x": 50.0,
            "y": 177
          },
          {
            "x": 51.0,
            "y": 178
          },
          {
            "x": 51.0,
            "y": 179
          },
          {
            "x": 52.0,
            "y": 180
          },
          {
            "x": 52.0,
            "y": 181
          },
          {
            "x": 53.0,
            "y": 182
          },
          {
            "x": 53.0,
            "y": 183
          },
          {
            "x": 54.0,
            "y": 184
          },
          {
            "x": 54.0,
            "y": 186
          },
          {
            "x": 56.0,
            "y": 188
          },
          {
            "x": 56.0,
            "y": 189
          },
          {
            "x": 57.0,
            "y": 190
          },
          {
            "x": 57.0,
            "y": 191
          },
          {
            "x": 58.0,
            "y": 191
          },
          {
            "x": 59.0,
            "y": 192
          },
          {
            "x": 59.0,
            "y": 193
          },
          {
            "x": 60.0,
            "y": 194
          },
          {
            "x": 60.0,
            "y": 195
          },
          {
            "x": 61.0,
            "y": 196.0
          },
          {
            "x": 61.0,
            "y": 197.0
          },
          {
            "x": 62,
            "y": 198.0
          },
          {
            "x": 62,
            "y": 199
          },
          {
            "x": 63.0,
            "y": 200
          },
          {
            "x": 63.0,
            "y": 202
          },
          {
            "x": 64.0,
            "y": 203.0
          },
          {
            "x": 64.0,
            "y": 204.0
          },
          {
            "x": 65.0,
            "y": 205.0
          },
          {
            "x": 65.0,
            "y": 209
          },
          {
            "x": 68.0,
            "y": 212.0
          },
          {
            "x": 68.0,
            "y": 214
          },
          {
            "x": 69,
            "y": 214
          },
          {
            "x": 70,
            "y": 215
          },
          {
            "x": 70,
            "y": 216
          },
          {
            "x": 71.0,
            "y": 216
          },
          {
            "x": 73.0,
            "y": 218.0
          },
          {
            "x": 74.0,
            "y": 218.0
          },
          {
            "x": 75.0,
            "y": 219.0
          },
          {
            "x": 88.0,
            "y": 219.0
          },
          {
            "x": 89,
            "y": 218.0
          },
          {
            "x": 95.0,
            "y": 218.0
          },
          {
            "x": 97,
            "y": 216
          },
          {
            "x": 100.0,
            "y": 216
          },
          {
            "x": 102.0,
            "y": 214
          },
          {
            "x": 105.0,
            "y": 214
          },
          {
            "x": 106.0,
            "y": 213
          },
          {
            "x": 108.0,
            "y": 213
          },
          {
            "x": 109.0,
            "y": 212.0
          },
          {
            "x": 110,
            "y": 212.0
          },
          {
            "x": 111,
            "y": 211.0
          },
          {
            "x": 115.0,
            "y": 211.0
          },
          {
            "x": 116.0,
            "y": 210.0
          },
          {
            "x": 117,
            "y": 210.0
          },
          {
            "x": 118,
            "y": 209
          },
          {
            "x": 121.0,
            "y": 209
          },
          {
            "x": 122.0,
            "y": 208
          },
          {
            "x": 123.0,
            "y": 208
          },
          {
            "x": 124,
            "y": 207
          },
          {
            "x": 127.0,
            "y": 207
          },
          {
            "x": 128.0,
            "y": 206
          },
          {
            "x": 129.0,
            "y": 206
          },
          {
            "x": 129.0,
            "y": 205.0
          },
          {
            "x": 130,
            "y": 204.0
          },
          {
            "x": 133,
            "y": 204.0
          },
          {
            "x": 135.0,
            "y": 202
          },
          {
            "x": 138,
            "y": 202
          },
          {
            "x": 139,
            "y": 201
          },
          {
            "x": 141.0,
            "y": 201
          },
          {
            "x": 142.0,
            "y": 200
          },
          {
            "x": 145,
            "y": 200
          },
          {
            "x": 146,
            "y": 199
          },
          {
            "x": 148.0,
            "y": 199
          },
          {
            "x": 149.0,
            "y": 198.0
          },
          {
            "x": 150.0,
            "y": 198.0
          },
          {
            "x": 151,
            "y": 197.0
          },
          {
            "x": 152,
            "y": 197.0
          },
          {
            "x": 153,
            "y": 196.0
          },
          {
            "x": 154.0,
            "y": 196.0
          },
          {
            "x": 155.0,
            "y": 195
          },
          {
            "x": 157.0,
            "y": 195
          },
          {
            "x": 158,
            "y": 194
          },
          {
            "x": 159,
            "y": 194
          },
          {
            "x": 160,
            "y": 193
          },
          {
            "x": 163.0,
            "y": 193
          },
          {
            "x": 165,
            "y": 191
          },
          {
            "x": 168.0,
            "y": 191
          },
          {
            "x": 170.0,
            "y": 189
          },
          {
            "x": 171.0,
            "y": 189
          },
          {
            "x": 172,
            "y": 188
          },
          {
            "x": 173,
            "y": 188
          },
          {
            "x": 174,
            "y": 187
          },
          {
            "x": 175.0,
            "y": 187
          },
          {
            "x": 176.0,
            "y": 186
          },
          {
            "x": 178.0,
            "y": 186
          },
          {
            "x": 179,
            "y": 185
          },
          {
            "x": 180,
            "y": 185
          },
          {
            "x": 181,
            "y": 184
          },
          {
            "x": 185.0,
            "y": 184
          },
          {
            "x": 186,
            "y": 183
          },
          {
            "x": 187.0,
            "y": 183
          },
          {
            "x": 188,
            "y": 182
          },
          {
            "x": 190.0,
            "y": 182
          },
          {
            "x": 191.0,
            "y": 181
          },
          {
            "x": 194.0,
            "y": 181
          },
          {
            "x": 195,
            "y": 180
          },
          {
            "x": 196.0,
            "y": 180
          },
          {
            "x": 197.0,
            "y": 179
          },
          {
            "x": 199.0,
            "y": 179
          },
          {
            "x": 200,
            "y": 178
          },
          {
            "x": 201.0,
            "y": 178
          },
          {
            "x": 202,
            "y": 177
          },
          {
            "x": 204.0,
            "y": 177
          },
          {
            "x": 205.0,
            "y": 176
          },
          {
            "x": 206.0,
            "y": 176
          },
          {
            "x": 207,
            "y": 175
          },
          {
            "x": 208.0,
            "y": 175
          },
          {
            "x": 209,
            "y": 174
          },
          {
            "x": 211.0,
            "y": 174
          },
          {
            "x": 212.0,
            "y": 173
          },
          {
            "x": 213.0,
            "y": 173
          },
          {
            "x": 214,
            "y": 172
          },
          {
            "x": 215.0,
            "y": 172
          },
          {
            "x": 216,
            "y": 171
          },
          {
            "x": 217.0,
            "y": 171
          },
          {
            "x": 218.0,
            "y": 170
          },
          {
            "x": 220.0,
            "y": 170
          },
          {
            "x": 221,
            "y": 169
          },
          {
            "x": 222.0,
            "y": 169
          },
          {
            "x": 224.0,
            "y": 167
          },
          {
            "x": 226.0,
            "y": 167
          },
          {
            "x": 227.0,
            "y": 166
          },
          {
            "x": 228,
            "y": 166
          },
          {
            "x": 229.0,
            "y": 165
          },
          {
            "x": 231.0,
            "y": 165
          },
          {
            "x": 232.0,
            "y": 164
          },
          {
            "x": 233.0,
            "y": 164
          },
          {
            "x": 234.0,
            "y": 163
          },
          {
            "x": 236.0,
            "y": 163
          },
          {
            "x": 237,
            "y": 162
          },
          {
            "x": 239.0,
            "y": 162
          },
          {
            "x": 240,
            "y": 161
          },
          {
            "x": 241.0,
            "y": 161
          },
          {
            "x": 242,
            "y": 160
          },
          {
            "x": 245.0,
            "y": 160
          },
          {
            "x": 247,
            "y": 158
          },
          {
            "x": 249,
            "y": 158
          },
          {
            "x": 250.0,
            "y": 157
          },
          {
            "x": 251,
            "y": 157
          },
          {
            "x": 252.0,
            "y": 156
          },
          {
            "x": 254,
            "y": 156
          },
          {
            "x": 255.0,
            "y": 155
          },
          {
            "x": 256,
            "y": 155
          },
          {
            "x": 258,
            "y": 153
          },
          {
            "x": 260,
            "y": 153
          },
          {
            "x": 262.0,
            "y": 151
          },
          {
            "x": 263,
            "y": 151
          },
          {
            "x": 265,
            "y": 149
          },
          {
            "x": 266,
            "y": 149
          },
          {
            "x": 268,
            "y": 147
          },
          {
            "x": 268,
            "y": 146
          },
          {
            "x": 269.0,
            "y": 145
          },
          {
            "x": 270,
            "y": 145
          },
          {
            "x": 272,
            "y": 143
          },
          {
            "x": 273,
            "y": 143
          },
          {
            "x": 274,
            "y": 142
          },
          {
            "x": 275,
            "y": 142
          },
          {
            "x": 277,
            "y": 140
          },
          {
            "x": 278.0,
            "y": 140
          },
          {
            "x": 281,
            "y": 137
          },
          {
            "x": 282,
            "y": 137
          },
          {
            "x": 284,
            "y": 135
          },
          {
            "x": 285.0,
            "y": 135
          },
          {
            "x": 286,
            "y": 134
          },
          {
            "x": 287,
            "y": 134
          },
          {
            "x": 288,
            "y": 133
          },
          {
            "x": 289,
            "y": 133
          },
          {
            "x": 289,
            "y": 132
          },
          {
            "x": 291,
            "y": 130
          },
          {
            "x": 292.0,
            "y": 130
          },
          {
            "x": 293,
            "y": 129
          },
          {
            "x": 294,
            "y": 129
          },
          {
            "x": 297.0,
            "y": 126.0
          },
          {
            "x": 298,
            "y": 126.0
          },
          {
            "x": 301,
            "y": 123.0
          },
          {
            "x": 303,
            "y": 123.0
          },
          {
            "x": 303,
            "y": 122
          },
          {
            "x": 304.0,
            "y": 121
          },
          {
            "x": 305,
            "y": 121
          },
          {
            "x": 306.0,
            "y": 120
          },
          {
            "x": 307,
            "y": 120
          },
          {
            "x": 309.0,
            "y": 118
          },
          {
            "x": 310,
            "y": 118
          },
          {
            "x": 310,
            "y": 117
          },
          {
            "x": 311.0,
            "y": 116.0
          },
          {
            "x": 312,
            "y": 116.0
          },
          {
            "x": 313.0,
            "y": 115
          },
          {
            "x": 314,
            "y": 115
          },
          {
            "x": 315,
            "y": 114
          },
          {
            "x": 317,
            "y": 114
          },
          {
            "x": 318.0,
            "y": 113.0
          },
          {
            "x": 319,
            "y": 113.0
          },
          {
            "x": 320.0,
            "y": 112.0
          },
          {
            "x": 322,
            "y": 112.0
          },
          {
            "x": 323.0,
            "y": 111
          },
          {
            "x": 324,
            "y": 111
          },
          {
            "x": 325.0,
            "y": 110
          },
          {
            "x": 326,
            "y": 110
          },
          {
            "x": 326,
            "y": 109.0
          },
          {
            "x": 328,
            "y": 107
          },
          {
            "x": 329,
            "y": 107
          },
          {
            "x": 338,
            "y": 98.0
          },
          {
            "x": 339.0,
            "y": 98.0
          },
          {
            "x": 341.0,
            "y": 96
          },
          {
            "x": 342,
            "y": 96
          },
          {
            "x": 344.0,
            "y": 94
          },
          {
            "x": 344.0,
            "y": 93
          },
          {
            "x": 347,
            "y": 90
          },
          {
            "x": 347,
            "y": 86
          },
          {
            "x": 348.0,
            "y": 85
          },
          {
            "x": 348.0,
            "y": 83
          },
          {
            "x": 349,
            "y": 82
          },
          {
            "x": 349,
            "y": 75
          },
          {
            "x": 350,
            "y": 74
          },
          {
            "x": 350,
            "y": 70
          },
          {
            "x": 349,
            "y": 69
          },
          {
            "x": 349,
            "y": 65
          },
          {
            "x": 346.0,
            "y": 62
          },
          {
            "x": 345,
            "y": 62
          },
          {
            "x": 344.0,
            "y": 61
          },
          {
            "x": 343,
            "y": 61
          },
          {
            "x": 342,
            "y": 60
          },
          {
            "x": 341.0,
            "y": 60
          },
          {
            "x": 340,
            "y": 59
          },
          {
            "x": 340,
            "y": 57
          },
          {
            "x": 339.0,
            "y": 57
          },
          {
            "x": 338,
            "y": 56.0
          },
          {
            "x": 338,
            "y": 55
          },
          {
            "x": 337.0,
            "y": 55
          },
          {
            "x": 335,
            "y": 53.0
          },
          {
            "x": 332.0,
            "y": 53.0
          },
          {
            "x": 331,
            "y": 52
          },
          {
            "x": 329,
            "y": 52
          },
          {
            "x": 328,
            "y": 51.0
          },
          {
            "x": 327.0,
            "y": 51.0
          },
          {
            "x": 326,
            "y": 50
          },
          {
            "x": 323.0,
            "y": 50
          },
          {
            "x": 322,
            "y": 49.0
          },
          {
            "x": 321,
            "y": 49.0
          },
          {
            "x": 320.0,
            "y": 48
          },
          {
            "x": 313.0,
            "y": 48
          },
          {
            "x": 312,
            "y": 47
          },
          {
            "x": 311.0,
            "y": 47
          },
          {
            "x": 310,
            "y": 46.0
          },
          {
            "x": 308,
            "y": 46.0
          },
          {
            "x": 307,
            "y": 45
          },
          {
            "x": 306.0,
            "y": 45
          },
          {
            "x": 305,
            "y": 44.0
          },
          {
            "x": 304.0,
            "y": 44.0
          },
          {
            "x": 303,
            "y": 43
          },
          {
            "x": 300,
            "y": 43
          },
          {
            "x": 299.0,
            "y": 42
          },
          {
            "x": 297.0,
            "y": 42
          },
          {
            "x": 296,
            "y": 41
          },
          {
            "x": 293,
            "y": 41
          },
          {
            "x": 292.0,
            "y": 40
          },
          {
            "x": 289,
            "y": 40
          },
          {
            "x": 288,
            "y": 39
          },
          {
            "x": 284,
            "y": 39
          },
          {
            "x": 282,
            "y": 37
          },
          {
            "x": 281,
            "y": 37
          },
          {
            "x": 280,
            "y": 36
          },
          {
            "x": 276.0,
            "y": 36
          },
          {
            "x": 275,
            "y": 35
          },
          {
            "x": 274,
            "y": 35
          },
          {
            "x": 273,
            "y": 34
          },
          {
            "x": 266,
            "y": 34
          },
          {
            "x": 265,
            "y": 33
          },
          {
            "x": 263,
            "y": 33
          },
          {
            "x": 262.0,
            "y": 32
          },
          {
            "x": 260,
            "y": 32
          },
          {
            "x": 258,
            "y": 30
          },
          {
            "x": 256,
            "y": 30
          },
          {
            "x": 255.0,
            "y": 29.0
          },
          {
            "x": 253.0,
            "y": 29.0
          },
          {
            "x": 252.0,
            "y": 28.0
          },
          {
            "x": 250.0,
            "y": 28.0
          },
          {
            "x": 249,
            "y": 27
          },
          {
            "x": 245.0,
            "y": 27
          },
          {
            "x": 244,
            "y": 28.0
          },
          {
            "x": 241.0,
            "y": 28.0
          },
          {
            "x": 240,
            "y": 27
          },
          {
            "x": 237,
            "y": 27
          },
          {
            "x": 235,
            "y": 25
          },
          {
            "x": 234.0,
            "y": 25
          },
          {
            "x": 233.0,
            "y": 24
          },
          {
            "x": 232.0,
            "y": 24
          },
          {
            "x": 231.0,
            "y": 23.0
          },
          {
            "x": 230,
            "y": 23.0
          },
          {
            "x": 229.0,
            "y": 22.0
          },
          {
            "x": 228,
            "y": 22.0
          },
          {
            "x": 227.0,
            "y": 21
          },
          {
            "x": 226.0,
            "y": 21
          },
          {
            "x": 225.0,
            "y": 20
          },
          {
            "x": 220.0,
            "y": 20
          },
          {
            "x": 219.0,
            "y": 19
          },
          {
            "x": 217.0,
            "y": 19
          },
          {
            "x": 216,
            "y": 18
          },
          {
            "x": 214,
            "y": 18
          },
          {
            "x": 213.0,
            "y": 17.0
          },
          {
            "x": 211.0,
            "y": 17.0
          },
          {
            "x": 210.0,
            "y": 16.0
          },
          {
            "x": 206.0,
            "y": 16.0
          },
          {
            "x": 205.0,
            "y": 15.0
          },
          {
            "x": 204.0,
            "y": 15.0
          },
          {
            "x": 203.0,
            "y": 14.0
          },
          {
            "x": 202,
            "y": 14.0
          },
          {
            "x": 201.0,
            "y": 13
          },
          {
            "x": 197.0,
            "y": 13
          },
          {
            "x": 196.0,
            "y": 12
          },
          {
            "x": 190.0,
            "y": 12
          },
          {
            "x": 189.0,
            "y": 11.0
          },
          {
            "x": 184.0,
            "y": 11.0
          },
          {
            "x": 182.0,
            "y": 9
          },
          {
            "x": 181,
            "y": 9
          },
          {
            "x": 180,
            "y": 8.0
          },
          {
            "x": 179,
            "y": 8.0
          },
          {
            "x": 178.0,
            "y": 7.0
          },
          {
            "x": 177.0,
            "y": 7.0
          },
          {
            "x": 176.0,
            "y": 6
          },
          {
            "x": 172,
            "y": 6
          },
          {
            "x": 171.0,
            "y": 5.0
          },
          {
            "x": 168.0,
            "y": 5.0
          },
          {
            "x": 167,
            "y": 4.0
          },
          {
            "x": 164.0,
            "y": 4.0
          },
          {
            "x": 163.0,
            "y": 3
          },
          {
            "x": 162.0,
            "y": 3
          },
          {
            "x": 161.0,
            "y": 2.0
          },
          {
            "x": 155.0,
            "y": 2.0
          },
          {
            "x": 154.0,
            "y": 1.0
          },
          {
            "x": 145,
            "y": 1.0
          },
          {
            "x": 144,
            "y": 0
          },
          {
            "x": 37.0,
            "y": 0
          },
          {
            "x": 36.0,
            "y": 1.0
          },
          {
            "x": 29.0,
            "y": 1.0
          },
          {
            "x": 28.0,
            "y": 2.0
          },
          {
            "x": 23.0,
            "y": 2.0
          },
          {
            "x": 22.0,
            "y": 3
          },
          {
            "x": 21,
            "y": 3
          },
          {
            "x": 20.0,
            "y": 4.0
          },
          {
            "x": 16.0,
            "y": 4.0
          },
          {
            "x": 15.0,
            "y": 5.0
          },
          {
            "x": 11.0,
            "y": 5.0
          },
          {
            "x": 10.0,
            "y": 6
          },
          {
            "x": 3.0,
            "y": 6
          },
          {
            "x": 2.0,
            "y": 5.0
          },
          {
            "x": 1.0,
            "y": 6
          },
          {
            "x": 1.0,
            "y": 9
          }
        ]
      }
    }
  ]
}