{
  "image": {
    "width": 500,
    "height": 375,
    "filename": "00000194.jpg",
    "original_filename": "COCO_test2014_000000005708.jpg",
    "url": "https://darwin.v7labs.com/api/images/1197700/original?token=af5accd5-7ecb-4550-848c-a4c83b1a9a3a",
    "thumbnail_url": "https://darwin.v7labs.com/api/images/1197700/thumbnail?token=af5accd5-7ecb-4550-848c-a4c83b1a9a3a",
    "workview_url": "https://darwin.v7labs.com/workview?dataset=1165&image=194"
  },
  "dataset": "4_Saltanat_ver2",
  "annotated": true,
  "annotations": [
    {
      "annotator": {
        "email": "begimbaeva.s95@gmail.com",
        "full_name": "Saltanat Begimbaeva"
      },
      "bounding_box": {
        "h": 328.16,
        "w": 308.17,
        "x": 54.0,
        "y": 44.18
      },
      "name": "Women "
    },
    {
      "annotator": {
        "email": "begimbaeva.s95@gmail.com",
        "full_name": "Saltanat Begimbaeva"
      },
      "bounding_box": {
        "h": 307.34,
        "w": 289.85,
        "x": 200.59,
        "y": 65.83
      },
      "name": "Women "
    },
    {
      "annotator": {
        "email": "begimbaeva.s95@gmail.com",
        "full_name": "Saltanat Begimbaeva"
      },
      "bounding_box": {
        "h": 72.46,
        "w": 42.48,
        "x": 432.14,
        "y": 188.27
      },
      "name": "Object"
    },
    {
      "annotator": {
        "email": "begimbaeva.s95@gmail.com",
        "full_name": "Saltanat Begimbaeva"
      },
      "attributes": [
        " glasses"
      ],
      "bounding_box": {
        "h": 23.32,
        "w": 74.13,
        "x": 113.14,
        "y": 99.15
      },
      "name": "Object"
    }
  ]
}