{
  "image": {
    "width": 640,
    "height": 400,
    "filename": "00000051.jpg",
    "original_filename": "COCO_test2014_000000003657.jpg",
    "url": "https://darwin.v7labs.com/api/images/1197557/original?token=af5accd5-7ecb-4550-848c-a4c83b1a9a3a",
    "thumbnail_url": "https://darwin.v7labs.com/api/images/1197557/thumbnail?token=af5accd5-7ecb-4550-848c-a4c83b1a9a3a",
    "workview_url": "https://darwin.v7labs.com/workview?dataset=1165&image=51"
  },
  "dataset": "4_Saltanat_ver2",
  "annotated": true,
  "annotations": [
    {
      "annotator": {
        "email": "begimbaeva.s95@gmail.com",
        "full_name": "Saltanat Begimbaeva"
      },
      "cuboid": {
        "back": {
          "h": 224.46,
          "w": 249.54,
          "x": 207.26,
          "y": 70.13
        },
        "front": {
          "h": 312.69,
          "w": 252.99,
          "x": 104.65,
          "y": 55.04
        }
      },
      "name": "Transport cuboid "
    },
    {
      "annotator": {
        "email": "begimbaeva.s95@gmail.com",
        "full_name": "Saltanat Begimbaeva"
      },
      "bounding_box": {
        "h": 25.37,
        "w": 23.13,
        "x": 201.34,
        "y": 244.03
      },
      "name": "Object"
    }
  ]
}