{
  "image": {
    "width": 640,
    "height": 428,
    "filename": "00000159.jpg",
    "original_filename": "COCO_test2014_000000002219.jpg",
    "url": "https://darwin.v7labs.com/api/images/1197453/original?token=b0d243df-6830-43ea-9569-5542031eaef8",
    "thumbnail_url": "https://darwin.v7labs.com/api/images/1197453/thumbnail?token=b0d243df-6830-43ea-9569-5542031eaef8",
    "workview_url": "https://darwin.v7labs.com/workview?dataset=1164&image=159"
  },
  "dataset": "4_Aizada_ver2",
  "annotated": true,
  "annotations": [
    {
      "annotator": {
        "email": "corporate@bex.kg",
        "full_name": "Aizada Tynchybek kyzy"
      },
      "cuboid": {
        "back": {
          "h": 56.61,
          "w": 35.46,
          "x": 36.95,
          "y": 149.3
        },
        "front": {
          "h": 304.83,
          "w": 210.89,
          "x": 372.88,
          "y": 82.12
        }
      },
      "name": "Transport_Cuboid"
    }
  ]
}