{
  "image": {
    "width": 640,
    "height": 513,
    "filename": "00000028.jpg",
    "original_filename": "COCO_test2014_000000006416.jpg",
    "url": "https://darwin.v7labs.com/api/images/1197750/original?token=e96ee6b8-bc43-4e08-bcc1-e75bb7cc480d",
    "thumbnail_url": "https://darwin.v7labs.com/api/images/1197750/thumbnail?token=e96ee6b8-bc43-4e08-bcc1-e75bb7cc480d",
    "workview_url": "https://darwin.v7labs.com/workview?dataset=1166&image=28"
  },
  "dataset": "4_Nurzhan_ver2",
  "annotated": true,
  "annotations": [
    {
      "annotator": {
        "email": "order@bex.kg",
        "full_name": "Zhaparova  Nurzhan"
      },
      "name": "Transport Polygon ",
      "polygon": {
        "path": [
          {
            "x": 415,
            "y": 217
          },
          {
            "x": 414,
            "y": 217
          },
          {
            "x": 411,
            "y": 214
          },
          {
            "x": 410,
            "y": 214
          },
          {
            "x": 409.0,
            "y": 213
          },
          {
            "x": 408.0,
            "y": 213
          },
          {
            "x": 406,
            "y": 211
          },
          {
            "x": 403,
            "y": 211
          },
          {
            "x": 402,
            "y": 210
          },
          {
            "x": 377,
            "y": 210
          },
          {
            "x": 376.0,
            "y": 209
          },
          {
            "x": 369,
            "y": 209
          },
          {
            "x": 368.0,
            "y": 208
          },
          {
            "x": 366,
            "y": 208
          },
          {
            "x": 365,
            "y": 207
          },
          {
            "x": 364.0,
            "y": 207
          },
          {
            "x": 363.0,
            "y": 206
          },
          {
            "x": 362,
            "y": 206
          },
          {
            "x": 361,
            "y": 205
          },
          {
            "x": 359.0,
            "y": 205
          },
          {
            "x": 358,
            "y": 204
          },
          {
            "x": 357,
            "y": 204
          },
          {
            "x": 356.0,
            "y": 203
          },
          {
            "x": 330,
            "y": 203
          },
          {
            "x": 329,
            "y": 202
          },
          {
            "x": 324.0,
            "y": 202
          },
          {
            "x": 323.0,
            "y": 203
          },
          {
            "x": 317,
            "y": 203
          },
          {
            "x": 316,
            "y": 204
          },
          {
            "x": 314.0,
            "y": 204
          },
          {
            "x": 313,
            "y": 205
          },
          {
            "x": 308,
            "y": 205
          },
          {
            "x": 307.0,
            "y": 206
          },
          {
            "x": 305,
            "y": 206
          },
          {
            "x": 303.0,
            "y": 208
          },
          {
            "x": 299.0,
            "y": 208
          },
          {
            "x": 298.0,
            "y": 209
          },
          {
            "x": 291.0,
            "y": 209
          },
          {
            "x": 290.0,
            "y": 210
          },
          {
            "x": 283,
            "y": 210
          },
          {
            "x": 282,
            "y": 209
          },
          {
            "x": 255.0,
            "y": 209
          },
          {
            "x": 254,
            "y": 210
          },
          {
            "x": 236,
            "y": 210
          },
          {
            "x": 235.0,
            "y": 211
          },
          {
            "x": 215,
            "y": 211
          },
          {
            "x": 214.0,
            "y": 212
          },
          {
            "x": 213,
            "y": 212
          },
          {
            "x": 212.0,
            "y": 213
          },
          {
            "x": 210.0,
            "y": 213
          },
          {
            "x": 209,
            "y": 214
          },
          {
            "x": 207,
            "y": 214
          },
          {
            "x": 205,
            "y": 216
          },
          {
            "x": 204.0,
            "y": 216
          },
          {
            "x": 203,
            "y": 217
          },
          {
            "x": 202.0,
            "y": 217
          },
          {
            "x": 199,
            "y": 220
          },
          {
            "x": 198.0,
            "y": 220
          },
          {
            "x": 198.0,
            "y": 221
          },
          {
            "x": 196.0,
            "y": 223
          },
          {
            "x": 195,
            "y": 223
          },
          {
            "x": 195,
            "y": 224.0
          },
          {
            "x": 190.0,
            "y": 229
          },
          {
            "x": 190.0,
            "y": 230
          },
          {
            "x": 189,
            "y": 231
          },
          {
            "x": 189,
            "y": 232
          },
          {
            "x": 188.0,
            "y": 233
          },
          {
            "x": 188.0,
            "y": 235
          },
          {
            "x": 186.0,
            "y": 237
          },
          {
            "x": 186.0,
            "y": 238
          },
          {
            "x": 185,
            "y": 239
          },
          {
            "x": 185,
            "y": 241
          },
          {
            "x": 183,
            "y": 243
          },
          {
            "x": 183,
            "y": 245
          },
          {
            "x": 182.0,
            "y": 246
          },
          {
            "x": 181,
            "y": 246
          },
          {
            "x": 181,
            "y": 248
          },
          {
            "x": 180.0,
            "y": 249
          },
          {
            "x": 180.0,
            "y": 250
          },
          {
            "x": 179,
            "y": 251
          },
          {
            "x": 179,
            "y": 252
          },
          {
            "x": 178.0,
            "y": 253
          },
          {
            "x": 178.0,
            "y": 257
          },
          {
            "x": 177,
            "y": 258
          },
          {
            "x": 177,
            "y": 259
          },
          {
            "x": 175,
            "y": 261
          },
          {
            "x": 175,
            "y": 262
          },
          {
            "x": 174.0,
            "y": 263
          },
          {
            "x": 174.0,
            "y": 268
          },
          {
            "x": 173,
            "y": 269
          },
          {
            "x": 173,
            "y": 275
          },
          {
            "x": 172.0,
            "y": 276
          },
          {
            "x": 172.0,
            "y": 277
          },
          {
            "x": 171,
            "y": 278
          },
          {
            "x": 171,
            "y": 281
          },
          {
            "x": 170.0,
            "y": 282
          },
          {
            "x": 170.0,
            "y": 300
          },
          {
            "x": 169,
            "y": 301
          },
          {
            "x": 169,
            "y": 310
          },
          {
            "x": 168.0,
            "y": 311
          },
          {
            "x": 168.0,
            "y": 331
          },
          {
            "x": 167,
            "y": 332
          },
          {
            "x": 167,
            "y": 359
          },
          {
            "x": 166.0,
            "y": 360
          },
          {
            "x": 166.0,
            "y": 364
          },
          {
            "x": 165,
            "y": 365
          },
          {
            "x": 165,
            "y": 366
          },
          {
            "x": 163,
            "y": 368
          },
          {
            "x": 163,
            "y": 370
          },
          {
            "x": 162.0,
            "y": 371
          },
          {
            "x": 162.0,
            "y": 373
          },
          {
            "x": 161,
            "y": 374
          },
          {
            "x": 161,
            "y": 376
          },
          {
            "x": 160.0,
            "y": 377
          },
          {
            "x": 160.0,
            "y": 385.0
          },
          {
            "x": 159.0,
            "y": 386
          },
          {
            "x": 159.0,
            "y": 402
          },
          {
            "x": 160.0,
            "y": 403
          },
          {
            "x": 160.0,
            "y": 414
          },
          {
            "x": 161,
            "y": 415
          },
          {
            "x": 161,
            "y": 418
          },
          {
            "x": 162.0,
            "y": 419
          },
          {
            "x": 162.0,
            "y": 423
          },
          {
            "x": 163,
            "y": 424
          },
          {
            "x": 163,
            "y": 439
          },
          {
            "x": 164.0,
            "y": 440
          },
          {
            "x": 164.0,
            "y": 443
          },
          {
            "x": 165,
            "y": 444
          },
          {
            "x": 165,
            "y": 446
          },
          {
            "x": 166.0,
            "y": 447
          },
          {
            "x": 166.0,
            "y": 449
          },
          {
            "x": 167,
            "y": 450
          },
          {
            "x": 167,
            "y": 451
          },
          {
            "x": 168.0,
            "y": 452
          },
          {
            "x": 168.0,
            "y": 453
          },
          {
            "x": 169,
            "y": 454
          },
          {
            "x": 169,
            "y": 455
          },
          {
            "x": 170.0,
            "y": 455
          },
          {
            "x": 171,
            "y": 456
          },
          {
            "x": 171,
            "y": 457
          },
          {
            "x": 172.0,
            "y": 457
          },
          {
            "x": 173,
            "y": 458
          },
          {
            "x": 174.0,
            "y": 458
          },
          {
            "x": 175,
            "y": 459
          },
          {
            "x": 176.0,
            "y": 459
          },
          {
            "x": 177,
            "y": 460
          },
          {
            "x": 194.0,
            "y": 460
          },
          {
            "x": 195,
            "y": 459
          },
          {
            "x": 197,
            "y": 459
          },
          {
            "x": 198.0,
            "y": 458
          },
          {
            "x": 200.0,
            "y": 458
          },
          {
            "x": 201,
            "y": 457
          },
          {
            "x": 202.0,
            "y": 457
          },
          {
            "x": 204.0,
            "y": 455
          },
          {
            "x": 205,
            "y": 455
          },
          {
            "x": 205,
            "y": 454
          },
          {
            "x": 206.0,
            "y": 453
          },
          {
            "x": 206.0,
            "y": 452
          },
          {
            "x": 208.0,
            "y": 450
          },
          {
            "x": 208.0,
            "y": 449
          },
          {
            "x": 210.0,
            "y": 447
          },
          {
            "x": 224.0,
            "y": 447
          },
          {
            "x": 225.0,
            "y": 448.0
          },
          {
            "x": 232,
            "y": 448.0
          },
          {
            "x": 233.0,
            "y": 447
          },
          {
            "x": 236,
            "y": 447
          },
          {
            "x": 237.0,
            "y": 446
          },
          {
            "x": 238,
            "y": 446
          },
          {
            "x": 239.0,
            "y": 445
          },
          {
            "x": 241.0,
            "y": 445
          },
          {
            "x": 242,
            "y": 444
          },
          {
            "x": 246,
            "y": 444
          },
          {
            "x": 247.0,
            "y": 445
          },
          {
            "x": 266,
            "y": 445
          },
          {
            "x": 267,
            "y": 446
          },
          {
            "x": 308,
            "y": 446
          },
          {
            "x": 309,
            "y": 447
          },
          {
            "x": 343.0,
            "y": 447
          },
          {
            "x": 344.0,
            "y": 448.0
          },
          {
            "x": 356.0,
            "y": 448.0
          },
          {
            "x": 357,
            "y": 449
          },
          {
            "x": 359.0,
            "y": 449
          },
          {
            "x": 361,
            "y": 451
          },
          {
            "x": 361,
            "y": 452
          },
          {
            "x": 363.0,
            "y": 454
          },
          {
            "x": 363.0,
            "y": 462
          },
          {
            "x": 367.0,
            "y": 466
          },
          {
            "x": 374,
            "y": 466
          },
          {
            "x": 375.0,
            "y": 467
          },
          {
            "x": 378,
            "y": 467
          },
          {
            "x": 379.0,
            "y": 466
          },
          {
            "x": 382,
            "y": 466
          },
          {
            "x": 384.0,
            "y": 464
          },
          {
            "x": 385.0,
            "y": 464
          },
          {
            "x": 386,
            "y": 463
          },
          {
            "x": 386,
            "y": 462
          },
          {
            "x": 387,
            "y": 461
          },
          {
            "x": 387,
            "y": 460
          },
          {
            "x": 389.0,
            "y": 458
          },
          {
            "x": 389.0,
            "y": 457
          },
          {
            "x": 392.0,
            "y": 454
          },
          {
            "x": 392.0,
            "y": 453
          },
          {
            "x": 393.0,
            "y": 452
          },
          {
            "x": 394,
            "y": 452
          },
          {
            "x": 395,
            "y": 451
          },
          {
            "x": 395,
            "y": 450
          },
          {
            "x": 396.0,
            "y": 449
          },
          {
            "x": 397.0,
            "y": 449
          },
          {
            "x": 397.0,
            "y": 448.0
          },
          {
            "x": 399,
            "y": 446
          },
          {
            "x": 400.0,
            "y": 446
          },
          {
            "x": 400.0,
            "y": 445
          },
          {
            "x": 402,
            "y": 443
          },
          {
            "x": 403,
            "y": 443
          },
          {
            "x": 403,
            "y": 442
          },
          {
            "x": 406,
            "y": 439
          },
          {
            "x": 406,
            "y": 438
          },
          {
            "x": 407,
            "y": 437
          },
          {
            "x": 407,
            "y": 436
          },
          {
            "x": 409.0,
            "y": 434
          },
          {
            "x": 409.0,
            "y": 427
          },
          {
            "x": 410,
            "y": 426
          },
          {
            "x": 410,
            "y": 404
          },
          {
            "x": 412.0,
            "y": 402
          },
          {
            "x": 412.0,
            "y": 401
          },
          {
            "x": 414,
            "y": 399
          },
          {
            "x": 414,
            "y": 395
          },
          {
            "x": 413.0,
            "y": 394
          },
          {
            "x": 413.0,
            "y": 377
          },
          {
            "x": 412.0,
            "y": 376
          },
          {
            "x": 412.0,
            "y": 371
          },
          {
            "x": 414,
            "y": 369
          },
          {
            "x": 413.0,
            "y": 368
          },
          {
            "x": 413.0,
            "y": 367
          },
          {
            "x": 412.0,
            "y": 366
          },
          {
            "x": 412.0,
            "y": 363
          },
          {
            "x": 414,
            "y": 361
          },
          {
            "x": 414,
            "y": 360
          },
          {
            "x": 415,
            "y": 359
          },
          {
            "x": 415,
            "y": 348
          },
          {
            "x": 416.0,
            "y": 347
          },
          {
            "x": 416.0,
            "y": 337
          },
          {
            "x": 417.0,
            "y": 336
          },
          {
            "x": 417.0,
            "y": 324
          },
          {
            "x": 418,
            "y": 323
          },
          {
            "x": 418,
            "y": 299
          },
          {
            "x": 417.0,
            "y": 298
          },
          {
            "x": 418,
            "y": 297
          },
          {
            "x": 418,
            "y": 226
          },
          {
            "x": 417.0,
            "y": 225
          },
          {
            "x": 417.0,
            "y": 222
          },
          {
            "x": 416.0,
            "y": 221
          },
          {
            "x": 416.0,
            "y": 219
          },
          {
            "x": 415,
            "y": 218
          }
        ]
      }
    },
    {
      "annotator": {
        "email": "order@bex.kg",
        "full_name": "Zhaparova  Nurzhan"
      },
      "bounding_box": {
        "h": 329.11,
        "w": 215.45,
        "x": 410.93,
        "y": 168.29
      },
      "name": "Object"
    }
  ]
}