{
  "image": {
    "width": 500,
    "height": 333,
    "filename": "00000100.jpg",
    "original_filename": "COCO_test2014_000000007372.jpg",
    "url": "https://darwin.v7labs.com/api/images/1197822/original?token=e96ee6b8-bc43-4e08-bcc1-e75bb7cc480d",
    "thumbnail_url": "https://darwin.v7labs.com/api/images/1197822/thumbnail?token=e96ee6b8-bc43-4e08-bcc1-e75bb7cc480d",
    "workview_url": "https://darwin.v7labs.com/workview?dataset=1166&image=100"
  },
  "dataset": "4_Nurzhan_ver2",
  "annotated": true,
  "annotations": [
    {
      "annotator": {
        "email": "order@bex.kg",
        "full_name": "Zhaparova  Nurzhan"
      },
      "name": "Animal Polygon ",
      "polygon": {
        "path": [
          {
            "x": 259,
            "y": 163
          },
          {
            "x": 257,
            "y": 161
          },
          {
            "x": 257,
            "y": 160
          },
          {
            "x": 252.0,
            "y": 155
          },
          {
            "x": 252.0,
            "y": 154
          },
          {
            "x": 248.0,
            "y": 150
          },
          {
            "x": 247,
            "y": 150
          },
          {
            "x": 244.0,
            "y": 147
          },
          {
            "x": 243,
            "y": 147
          },
          {
            "x": 242.0,
            "y": 146
          },
          {
            "x": 241.0,
            "y": 146
          },
          {
            "x": 236,
            "y": 141
          },
          {
            "x": 235,
            "y": 141
          },
          {
            "x": 233.0,
            "y": 139
          },
          {
            "x": 232,
            "y": 139
          },
          {
            "x": 230.0,
            "y": 137
          },
          {
            "x": 228,
            "y": 137
          },
          {
            "x": 227,
            "y": 136
          },
          {
            "x": 226,
            "y": 136
          },
          {
            "x": 222,
            "y": 132
          },
          {
            "x": 221,
            "y": 132
          },
          {
            "x": 218.0,
            "y": 129
          },
          {
            "x": 218.0,
            "y": 128
          },
          {
            "x": 217,
            "y": 127
          },
          {
            "x": 216.0,
            "y": 127
          },
          {
            "x": 214,
            "y": 125
          },
          {
            "x": 213,
            "y": 125
          },
          {
            "x": 211,
            "y": 123.0
          },
          {
            "x": 209,
            "y": 123.0
          },
          {
            "x": 208,
            "y": 122.0
          },
          {
            "x": 207.0,
            "y": 122.0
          },
          {
            "x": 206,
            "y": 121.0
          },
          {
            "x": 205.0,
            "y": 121.0
          },
          {
            "x": 204,
            "y": 120
          },
          {
            "x": 202,
            "y": 120
          },
          {
            "x": 201,
            "y": 119
          },
          {
            "x": 197,
            "y": 119
          },
          {
            "x": 196,
            "y": 118
          },
          {
            "x": 174,
            "y": 118
          },
          {
            "x": 173,
            "y": 119
          },
          {
            "x": 167,
            "y": 119
          },
          {
            "x": 166.0,
            "y": 120
          },
          {
            "x": 158,
            "y": 120
          },
          {
            "x": 157,
            "y": 121.0
          },
          {
            "x": 152,
            "y": 121.0
          },
          {
            "x": 151.0,
            "y": 122.0
          },
          {
            "x": 148,
            "y": 122.0
          },
          {
            "x": 147,
            "y": 123.0
          },
          {
            "x": 146,
            "y": 123.0
          },
          {
            "x": 145,
            "y": 124
          },
          {
            "x": 144.0,
            "y": 124
          },
          {
            "x": 143,
            "y": 125
          },
          {
            "x": 142.0,
            "y": 125
          },
          {
            "x": 141,
            "y": 126
          },
          {
            "x": 140.0,
            "y": 126
          },
          {
            "x": 139,
            "y": 127
          },
          {
            "x": 138.0,
            "y": 127
          },
          {
            "x": 137,
            "y": 128
          },
          {
            "x": 136,
            "y": 128
          },
          {
            "x": 134,
            "y": 130
          },
          {
            "x": 133.0,
            "y": 130
          },
          {
            "x": 127.0,
            "y": 136
          },
          {
            "x": 127.0,
            "y": 137
          },
          {
            "x": 126,
            "y": 138
          },
          {
            "x": 126,
            "y": 140
          },
          {
            "x": 125.0,
            "y": 141
          },
          {
            "x": 125.0,
            "y": 144
          },
          {
            "x": 124,
            "y": 145
          },
          {
            "x": 124,
            "y": 146
          },
          {
            "x": 122.0,
            "y": 148
          },
          {
            "x": 122.0,
            "y": 149
          },
          {
            "x": 120.0,
            "y": 151
          },
          {
            "x": 120.0,
            "y": 152
          },
          {
            "x": 119,
            "y": 153
          },
          {
            "x": 119,
            "y": 155
          },
          {
            "x": 118.0,
            "y": 156
          },
          {
            "x": 118.0,
            "y": 168
          },
          {
            "x": 119,
            "y": 169
          },
          {
            "x": 119,
            "y": 170
          },
          {
            "x": 120.0,
            "y": 171
          },
          {
            "x": 120.0,
            "y": 172
          },
          {
            "x": 121.0,
            "y": 173
          },
          {
            "x": 121.0,
            "y": 174
          },
          {
            "x": 123.0,
            "y": 176
          },
          {
            "x": 123.0,
            "y": 178
          },
          {
            "x": 124,
            "y": 179.0
          },
          {
            "x": 124,
            "y": 180
          },
          {
            "x": 126,
            "y": 182
          },
          {
            "x": 126,
            "y": 184
          },
          {
            "x": 127.0,
            "y": 185
          },
          {
            "x": 127.0,
            "y": 187
          },
          {
            "x": 129.0,
            "y": 189
          },
          {
            "x": 129.0,
            "y": 190.0
          },
          {
            "x": 131.0,
            "y": 192.0
          },
          {
            "x": 131.0,
            "y": 193
          },
          {
            "x": 132,
            "y": 194.0
          },
          {
            "x": 132,
            "y": 195
          },
          {
            "x": 136,
            "y": 199
          },
          {
            "x": 136,
            "y": 200
          },
          {
            "x": 137,
            "y": 201
          },
          {
            "x": 137,
            "y": 205.0
          },
          {
            "x": 138.0,
            "y": 206
          },
          {
            "x": 138.0,
            "y": 208
          },
          {
            "x": 137,
            "y": 209
          },
          {
            "x": 137,
            "y": 213
          },
          {
            "x": 136,
            "y": 214
          },
          {
            "x": 136,
            "y": 215
          },
          {
            "x": 137,
            "y": 216.0
          },
          {
            "x": 137,
            "y": 219
          },
          {
            "x": 136,
            "y": 220.0
          },
          {
            "x": 136,
            "y": 225
          },
          {
            "x": 135,
            "y": 226
          },
          {
            "x": 135,
            "y": 237
          },
          {
            "x": 135,
            "y": 233.0
          },
          {
            "x": 136,
            "y": 232
          },
          {
            "x": 136,
            "y": 228
          },
          {
            "x": 137,
            "y": 227
          },
          {
            "x": 137,
            "y": 224
          },
          {
            "x": 138.0,
            "y": 223
          },
          {
            "x": 138.0,
            "y": 221
          },
          {
            "x": 139,
            "y": 220.0
          },
          {
            "x": 139,
            "y": 218.0
          },
          {
            "x": 140.0,
            "y": 217
          },
          {
            "x": 140.0,
            "y": 215
          },
          {
            "x": 141,
            "y": 214
          },
          {
            "x": 141,
            "y": 213
          },
          {
            "x": 143,
            "y": 211
          },
          {
            "x": 143,
            "y": 210
          },
          {
            "x": 144.0,
            "y": 209
          },
          {
            "x": 144.0,
            "y": 208
          },
          {
            "x": 145,
            "y": 207.0
          },
          {
            "x": 145,
            "y": 206
          },
          {
            "x": 150,
            "y": 201
          },
          {
            "x": 159.0,
            "y": 201
          },
          {
            "x": 159.0,
            "y": 196
          },
          {
            "x": 158,
            "y": 195
          },
          {
            "x": 158,
            "y": 194.0
          },
          {
            "x": 159.0,
            "y": 193
          },
          {
            "x": 161,
            "y": 193
          },
          {
            "x": 162,
            "y": 194.0
          },
          {
            "x": 162,
            "y": 202
          },
          {
            "x": 166.0,
            "y": 202
          },
          {
            "x": 167,
            "y": 201
          },
          {
            "x": 170,
            "y": 201
          },
          {
            "x": 171,
            "y": 200
          },
          {
            "x": 173,
            "y": 202
          },
          {
            "x": 173,
            "y": 216.0
          },
          {
            "x": 174,
            "y": 217
          },
          {
            "x": 174,
            "y": 218.0
          },
          {
            "x": 178,
            "y": 222
          },
          {
            "x": 178,
            "y": 224
          },
          {
            "x": 179.0,
            "y": 225
          },
          {
            "x": 179.0,
            "y": 226
          },
          {
            "x": 180,
            "y": 227
          },
          {
            "x": 180,
            "y": 228
          },
          {
            "x": 181.0,
            "y": 229.0
          },
          {
            "x": 181.0,
            "y": 230
          },
          {
            "x": 182,
            "y": 231.0
          },
          {
            "x": 182,
            "y": 233.0
          },
          {
            "x": 183,
            "y": 234
          },
          {
            "x": 184,
            "y": 234
          },
          {
            "x": 184,
            "y": 229.0
          },
          {
            "x": 183,
            "y": 228
          },
          {
            "x": 183,
            "y": 226
          },
          {
            "x": 182,
            "y": 225
          },
          {
            "x": 182,
            "y": 222
          },
          {
            "x": 181.0,
            "y": 221
          },
          {
            "x": 181.0,
            "y": 219
          },
          {
            "x": 182,
            "y": 218.0
          },
          {
            "x": 182,
            "y": 214
          },
          {
            "x": 183,
            "y": 213
          },
          {
            "x": 183,
            "y": 207.0
          },
          {
            "x": 184,
            "y": 206
          },
          {
            "x": 184,
            "y": 204
          },
          {
            "x": 185,
            "y": 203.0
          },
          {
            "x": 185,
            "y": 201
          },
          {
            "x": 186,
            "y": 200
          },
          {
            "x": 186,
            "y": 199
          },
          {
            "x": 202,
            "y": 183
          },
          {
            "x": 202,
            "y": 182
          },
          {
            "x": 204,
            "y": 180
          },
          {
            "x": 205.0,
            "y": 180
          },
          {
            "x": 206,
            "y": 179.0
          },
          {
            "x": 207.0,
            "y": 179.0
          },
          {
            "x": 208,
            "y": 180
          },
          {
            "x": 209,
            "y": 180
          },
          {
            "x": 210,
            "y": 181.0
          },
          {
            "x": 211,
            "y": 181.0
          },
          {
            "x": 214,
            "y": 184
          },
          {
            "x": 214,
            "y": 185
          },
          {
            "x": 216.0,
            "y": 187
          },
          {
            "x": 216.0,
            "y": 188
          },
          {
            "x": 217,
            "y": 189
          },
          {
            "x": 216.0,
            "y": 190.0
          },
          {
            "x": 216.0,
            "y": 191
          },
          {
            "x": 217,
            "y": 192.0
          },
          {
            "x": 217,
            "y": 193
          },
          {
            "x": 220.0,
            "y": 196
          },
          {
            "x": 221,
            "y": 196
          },
          {
            "x": 222,
            "y": 197
          },
          {
            "x": 224,
            "y": 197
          },
          {
            "x": 225,
            "y": 198
          },
          {
            "x": 227,
            "y": 198
          },
          {
            "x": 228,
            "y": 199
          },
          {
            "x": 229.0,
            "y": 199
          },
          {
            "x": 230.0,
            "y": 200
          },
          {
            "x": 231.0,
            "y": 200
          },
          {
            "x": 232,
            "y": 201
          },
          {
            "x": 234.0,
            "y": 201
          },
          {
            "x": 235,
            "y": 202
          },
          {
            "x": 237.0,
            "y": 202
          },
          {
            "x": 238.0,
            "y": 203.0
          },
          {
            "x": 240,
            "y": 203.0
          },
          {
            "x": 241.0,
            "y": 204
          },
          {
            "x": 244.0,
            "y": 204
          },
          {
            "x": 245.0,
            "y": 205.0
          },
          {
            "x": 247,
            "y": 205.0
          },
          {
            "x": 248.0,
            "y": 206
          },
          {
            "x": 251,
            "y": 206
          },
          {
            "x": 253.0,
            "y": 204
          },
          {
            "x": 253.0,
            "y": 203.0
          },
          {
            "x": 257,
            "y": 199
          },
          {
            "x": 257,
            "y": 198
          },
          {
            "x": 259,
            "y": 196
          },
          {
            "x": 259,
            "y": 195
          },
          {
            "x": 260.0,
            "y": 194.0
          },
          {
            "x": 260.0,
            "y": 193
          },
          {
            "x": 261,
            "y": 192.0
          },
          {
            "x": 261,
            "y": 190.0
          },
          {
            "x": 262,
            "y": 189
          },
          {
            "x": 262,
            "y": 169
          },
          {
            "x": 261,
            "y": 168
          },
          {
            "x": 261,
            "y": 167
          },
          {
            "x": 259,
            "y": 165
          }
        ]
      }
    },
    {
      "annotator": {
        "email": "order@bex.kg",
        "full_name": "Zhaparova  Nurzhan"
      },
      "name": "Food Polygon ",
      "polygon": {
        "path": [
          {
            "x": 270.0,
            "y": 102
          },
          {
            "x": 269,
            "y": 103
          },
          {
            "x": 268.0,
            "y": 103
          },
          {
            "x": 266,
            "y": 105
          },
          {
            "x": 266,
            "y": 106
          },
          {
            "x": 265,
            "y": 107
          },
          {
            "x": 265,
            "y": 108.0
          },
          {
            "x": 264,
            "y": 109.0
          },
          {
            "x": 264,
            "y": 110.0
          },
          {
            "x": 262,
            "y": 112
          },
          {
            "x": 262,
            "y": 113
          },
          {
            "x": 259,
            "y": 116
          },
          {
            "x": 258,
            "y": 116
          },
          {
            "x": 256.0,
            "y": 118
          },
          {
            "x": 255.0,
            "y": 118
          },
          {
            "x": 255.0,
            "y": 119
          },
          {
            "x": 253.0,
            "y": 121.0
          },
          {
            "x": 253.0,
            "y": 122.0
          },
          {
            "x": 249.0,
            "y": 126
          },
          {
            "x": 248.0,
            "y": 126
          },
          {
            "x": 246.0,
            "y": 128
          },
          {
            "x": 245.0,
            "y": 128
          },
          {
            "x": 239,
            "y": 134
          },
          {
            "x": 239,
            "y": 136
          },
          {
            "x": 238.0,
            "y": 137
          },
          {
            "x": 238.0,
            "y": 138
          },
          {
            "x": 237.0,
            "y": 139
          },
          {
            "x": 237.0,
            "y": 141
          },
          {
            "x": 243,
            "y": 147
          },
          {
            "x": 244.0,
            "y": 147
          },
          {
            "x": 246.0,
            "y": 149
          },
          {
            "x": 247,
            "y": 149
          },
          {
            "x": 248.0,
            "y": 150
          },
          {
            "x": 248.0,
            "y": 151
          },
          {
            "x": 249.0,
            "y": 151
          },
          {
            "x": 251,
            "y": 153
          },
          {
            "x": 252.0,
            "y": 153
          },
          {
            "x": 253.0,
            "y": 154
          },
          {
            "x": 253.0,
            "y": 155
          },
          {
            "x": 255.0,
            "y": 157
          },
          {
            "x": 255.0,
            "y": 158
          },
          {
            "x": 260.0,
            "y": 163
          },
          {
            "x": 260.0,
            "y": 164
          },
          {
            "x": 264,
            "y": 168
          },
          {
            "x": 264,
            "y": 169
          },
          {
            "x": 265,
            "y": 170
          },
          {
            "x": 265,
            "y": 182
          },
          {
            "x": 264,
            "y": 183
          },
          {
            "x": 264,
            "y": 188
          },
          {
            "x": 263.0,
            "y": 189
          },
          {
            "x": 263.0,
            "y": 192.0
          },
          {
            "x": 262,
            "y": 193
          },
          {
            "x": 262,
            "y": 194.0
          },
          {
            "x": 260.0,
            "y": 196
          },
          {
            "x": 260.0,
            "y": 197
          },
          {
            "x": 259,
            "y": 198
          },
          {
            "x": 259,
            "y": 199
          },
          {
            "x": 257,
            "y": 201
          },
          {
            "x": 257,
            "y": 202
          },
          {
            "x": 256.0,
            "y": 203.0
          },
          {
            "x": 255.0,
            "y": 203.0
          },
          {
            "x": 255.0,
            "y": 204
          },
          {
            "x": 252.0,
            "y": 207.0
          },
          {
            "x": 248.0,
            "y": 207.0
          },
          {
            "x": 247,
            "y": 206
          },
          {
            "x": 245.0,
            "y": 206
          },
          {
            "x": 244.0,
            "y": 205.0
          },
          {
            "x": 241.0,
            "y": 205.0
          },
          {
            "x": 240,
            "y": 204
          },
          {
            "x": 238.0,
            "y": 204
          },
          {
            "x": 237.0,
            "y": 203.0
          },
          {
            "x": 234.0,
            "y": 203.0
          },
          {
            "x": 233.0,
            "y": 202
          },
          {
            "x": 232,
            "y": 202
          },
          {
            "x": 231.0,
            "y": 201
          },
          {
            "x": 230.0,
            "y": 201
          },
          {
            "x": 229.0,
            "y": 200
          },
          {
            "x": 228,
            "y": 200
          },
          {
            "x": 227,
            "y": 199
          },
          {
            "x": 226,
            "y": 199
          },
          {
            "x": 225,
            "y": 198
          },
          {
            "x": 223,
            "y": 198
          },
          {
            "x": 222,
            "y": 197
          },
          {
            "x": 221,
            "y": 197
          },
          {
            "x": 218.0,
            "y": 194.0
          },
          {
            "x": 218.0,
            "y": 189
          },
          {
            "x": 216.0,
            "y": 187
          },
          {
            "x": 216.0,
            "y": 186
          },
          {
            "x": 213,
            "y": 183
          },
          {
            "x": 212,
            "y": 183
          },
          {
            "x": 210,
            "y": 181.0
          },
          {
            "x": 206,
            "y": 181.0
          },
          {
            "x": 204,
            "y": 183
          },
          {
            "x": 204,
            "y": 184
          },
          {
            "x": 203.0,
            "y": 185
          },
          {
            "x": 203.0,
            "y": 187
          },
          {
            "x": 204,
            "y": 188
          },
          {
            "x": 204,
            "y": 190.0
          },
          {
            "x": 205.0,
            "y": 191
          },
          {
            "x": 205.0,
            "y": 192.0
          },
          {
            "x": 207.0,
            "y": 194.0
          },
          {
            "x": 207.0,
            "y": 195
          },
          {
            "x": 208,
            "y": 196
          },
          {
            "x": 209,
            "y": 196
          },
          {
            "x": 210,
            "y": 197
          },
          {
            "x": 210,
            "y": 198
          },
          {
            "x": 211,
            "y": 199
          },
          {
            "x": 211,
            "y": 207.0
          },
          {
            "x": 212,
            "y": 208
          },
          {
            "x": 212,
            "y": 211
          },
          {
            "x": 213,
            "y": 212
          },
          {
            "x": 213,
            "y": 216.0
          },
          {
            "x": 214,
            "y": 217
          },
          {
            "x": 214,
            "y": 221
          },
          {
            "x": 215,
            "y": 222
          },
          {
            "x": 215,
            "y": 227
          },
          {
            "x": 216.0,
            "y": 228
          },
          {
            "x": 216.0,
            "y": 229.0
          },
          {
            "x": 217,
            "y": 230
          },
          {
            "x": 217,
            "y": 231.0
          },
          {
            "x": 215,
            "y": 233.0
          },
          {
            "x": 215,
            "y": 247
          },
          {
            "x": 216.0,
            "y": 248
          },
          {
            "x": 216.0,
            "y": 251
          },
          {
            "x": 217,
            "y": 252
          },
          {
            "x": 217,
            "y": 260
          },
          {
            "x": 218.0,
            "y": 261
          },
          {
            "x": 218.0,
            "y": 264
          },
          {
            "x": 219,
            "y": 265
          },
          {
            "x": 219,
            "y": 269
          },
          {
            "x": 220.0,
            "y": 270
          },
          {
            "x": 220.0,
            "y": 272
          },
          {
            "x": 221,
            "y": 273
          },
          {
            "x": 221,
            "y": 274
          },
          {
            "x": 223,
            "y": 274
          },
          {
            "x": 224,
            "y": 273
          },
          {
            "x": 225,
            "y": 273
          },
          {
            "x": 226,
            "y": 272
          },
          {
            "x": 227,
            "y": 272
          },
          {
            "x": 228,
            "y": 271
          },
          {
            "x": 228,
            "y": 270
          },
          {
            "x": 229.0,
            "y": 269
          },
          {
            "x": 229.0,
            "y": 263
          },
          {
            "x": 230.0,
            "y": 262
          },
          {
            "x": 231.0,
            "y": 262
          },
          {
            "x": 232,
            "y": 263
          },
          {
            "x": 232,
            "y": 264
          },
          {
            "x": 234.0,
            "y": 264
          },
          {
            "x": 235,
            "y": 265
          },
          {
            "x": 235,
            "y": 274
          },
          {
            "x": 236,
            "y": 275
          },
          {
            "x": 237.0,
            "y": 274
          },
          {
            "x": 238.0,
            "y": 274
          },
          {
            "x": 239,
            "y": 273
          },
          {
            "x": 239,
            "y": 268
          },
          {
            "x": 240,
            "y": 267
          },
          {
            "x": 240,
            "y": 259
          },
          {
            "x": 238.0,
            "y": 257
          },
          {
            "x": 238.0,
            "y": 256
          },
          {
            "x": 236,
            "y": 254
          },
          {
            "x": 236,
            "y": 253.0
          },
          {
            "x": 233.0,
            "y": 250
          },
          {
            "x": 233.0,
            "y": 249
          },
          {
            "x": 232,
            "y": 249
          },
          {
            "x": 230.0,
            "y": 247
          },
          {
            "x": 229.0,
            "y": 247
          },
          {
            "x": 228,
            "y": 246.0
          },
          {
            "x": 228,
            "y": 244.0
          },
          {
            "x": 226,
            "y": 242.0
          },
          {
            "x": 226,
            "y": 241
          },
          {
            "x": 227,
            "y": 240
          },
          {
            "x": 228,
            "y": 240
          },
          {
            "x": 231.0,
            "y": 243
          },
          {
            "x": 231.0,
            "y": 244.0
          },
          {
            "x": 232,
            "y": 245
          },
          {
            "x": 233.0,
            "y": 245
          },
          {
            "x": 236,
            "y": 248
          },
          {
            "x": 236,
            "y": 249
          },
          {
            "x": 240,
            "y": 253.0
          },
          {
            "x": 240,
            "y": 254
          },
          {
            "x": 244.0,
            "y": 258
          },
          {
            "x": 244.0,
            "y": 259
          },
          {
            "x": 245.0,
            "y": 259
          },
          {
            "x": 250,
            "y": 264
          },
          {
            "x": 250,
            "y": 265
          },
          {
            "x": 251,
            "y": 266
          },
          {
            "x": 251,
            "y": 267
          },
          {
            "x": 254,
            "y": 270
          },
          {
            "x": 254,
            "y": 271
          },
          {
            "x": 255.0,
            "y": 272
          },
          {
            "x": 255.0,
            "y": 274
          },
          {
            "x": 260.0,
            "y": 279
          },
          {
            "x": 268.0,
            "y": 279
          },
          {
            "x": 269,
            "y": 278
          },
          {
            "x": 270.0,
            "y": 278
          },
          {
            "x": 272,
            "y": 276
          },
          {
            "x": 272,
            "y": 275
          },
          {
            "x": 273,
            "y": 274
          },
          {
            "x": 273,
            "y": 273
          },
          {
            "x": 274,
            "y": 272
          },
          {
            "x": 274,
            "y": 258
          },
          {
            "x": 275.0,
            "y": 257
          },
          {
            "x": 276,
            "y": 257
          },
          {
            "x": 277,
            "y": 258
          },
          {
            "x": 277,
            "y": 281
          },
          {
            "x": 278.0,
            "y": 281
          },
          {
            "x": 279,
            "y": 282
          },
          {
            "x": 280,
            "y": 282
          },
          {
            "x": 281,
            "y": 283
          },
          {
            "x": 281,
            "y": 284
          },
          {
            "x": 280,
            "y": 285
          },
          {
            "x": 280,
            "y": 287
          },
          {
            "x": 282.0,
            "y": 289
          },
          {
            "x": 282.0,
            "y": 290
          },
          {
            "x": 286.0,
            "y": 290
          },
          {
            "x": 288,
            "y": 288
          },
          {
            "x": 288,
            "y": 285
          },
          {
            "x": 289.0,
            "y": 284
          },
          {
            "x": 289.0,
            "y": 279
          },
          {
            "x": 290.0,
            "y": 278
          },
          {
            "x": 290.0,
            "y": 274
          },
          {
            "x": 291,
            "y": 273
          },
          {
            "x": 291,
            "y": 268
          },
          {
            "x": 292,
            "y": 267
          },
          {
            "x": 293.0,
            "y": 268
          },
          {
            "x": 293.0,
            "y": 269
          },
          {
            "x": 294,
            "y": 270
          },
          {
            "x": 294,
            "y": 276
          },
          {
            "x": 295,
            "y": 277
          },
          {
            "x": 297.0,
            "y": 277
          },
          {
            "x": 298,
            "y": 278
          },
          {
            "x": 298,
            "y": 284
          },
          {
            "x": 299,
            "y": 285
          },
          {
            "x": 302,
            "y": 285
          },
          {
            "x": 303,
            "y": 284
          },
          {
            "x": 303,
            "y": 283
          },
          {
            "x": 304.0,
            "y": 282
          },
          {
            "x": 305.0,
            "y": 282
          },
          {
            "x": 305.0,
            "y": 281
          },
          {
            "x": 307,
            "y": 279
          },
          {
            "x": 308.0,
            "y": 279
          },
          {
            "x": 311,
            "y": 276
          },
          {
            "x": 314,
            "y": 276
          },
          {
            "x": 315.0,
            "y": 275
          },
          {
            "x": 316,
            "y": 275
          },
          {
            "x": 318,
            "y": 273
          },
          {
            "x": 318,
            "y": 272
          },
          {
            "x": 319.0,
            "y": 271
          },
          {
            "x": 319.0,
            "y": 270
          },
          {
            "x": 320.0,
            "y": 269
          },
          {
            "x": 321,
            "y": 270
          },
          {
            "x": 321,
            "y": 276
          },
          {
            "x": 323.0,
            "y": 278
          },
          {
            "x": 323.0,
            "y": 279
          },
          {
            "x": 324,
            "y": 279
          },
          {
            "x": 325,
            "y": 280
          },
          {
            "x": 327.0,
            "y": 280
          },
          {
            "x": 328,
            "y": 279
          },
          {
            "x": 328,
            "y": 277
          },
          {
            "x": 329,
            "y": 276
          },
          {
            "x": 329,
            "y": 271
          },
          {
            "x": 330.0,
            "y": 270
          },
          {
            "x": 330.0,
            "y": 269
          },
          {
            "x": 329,
            "y": 268
          },
          {
            "x": 329,
            "y": 264
          },
          {
            "x": 330.0,
            "y": 263
          },
          {
            "x": 333,
            "y": 266
          },
          {
            "x": 335,
            "y": 266
          },
          {
            "x": 337.0,
            "y": 264
          },
          {
            "x": 337.0,
            "y": 263
          },
          {
            "x": 338.0,
            "y": 262
          },
          {
            "x": 338.0,
            "y": 259
          },
          {
            "x": 340,
            "y": 257
          },
          {
            "x": 343.0,
            "y": 257
          },
          {
            "x": 344.0,
            "y": 256
          },
          {
            "x": 345.0,
            "y": 256
          },
          {
            "x": 345.0,
            "y": 252
          },
          {
            "x": 344.0,
            "y": 251
          },
          {
            "x": 344.0,
            "y": 250
          },
          {
            "x": 347.0,
            "y": 247
          },
          {
            "x": 349,
            "y": 247
          },
          {
            "x": 350,
            "y": 246.0
          },
          {
            "x": 351.0,
            "y": 246.0
          },
          {
            "x": 351.0,
            "y": 245
          },
          {
            "x": 356,
            "y": 240
          },
          {
            "x": 356,
            "y": 239
          },
          {
            "x": 357,
            "y": 238
          },
          {
            "x": 357,
            "y": 237
          },
          {
            "x": 358.0,
            "y": 236
          },
          {
            "x": 358.0,
            "y": 229.0
          },
          {
            "x": 359.0,
            "y": 228
          },
          {
            "x": 359.0,
            "y": 224
          },
          {
            "x": 360.0,
            "y": 223
          },
          {
            "x": 360.0,
            "y": 221
          },
          {
            "x": 361.0,
            "y": 220.0
          },
          {
            "x": 361.0,
            "y": 219
          },
          {
            "x": 362.0,
            "y": 218.0
          },
          {
            "x": 362.0,
            "y": 217
          },
          {
            "x": 363,
            "y": 216.0
          },
          {
            "x": 363,
            "y": 210
          },
          {
            "x": 367.0,
            "y": 206
          },
          {
            "x": 368.0,
            "y": 206
          },
          {
            "x": 368.0,
            "y": 205.0
          },
          {
            "x": 370,
            "y": 203.0
          },
          {
            "x": 370,
            "y": 202
          },
          {
            "x": 371,
            "y": 201
          },
          {
            "x": 371,
            "y": 195
          },
          {
            "x": 370,
            "y": 194.0
          },
          {
            "x": 370,
            "y": 192.0
          },
          {
            "x": 368.0,
            "y": 190.0
          },
          {
            "x": 368.0,
            "y": 189
          },
          {
            "x": 367.0,
            "y": 188
          },
          {
            "x": 366.0,
            "y": 188
          },
          {
            "x": 362.0,
            "y": 184
          },
          {
            "x": 361.0,
            "y": 184
          },
          {
            "x": 360.0,
            "y": 183
          },
          {
            "x": 359.0,
            "y": 183
          },
          {
            "x": 358.0,
            "y": 182
          },
          {
            "x": 357,
            "y": 182
          },
          {
            "x": 356,
            "y": 181.0
          },
          {
            "x": 355,
            "y": 181.0
          },
          {
            "x": 353.0,
            "y": 179.0
          },
          {
            "x": 352.0,
            "y": 179.0
          },
          {
            "x": 351.0,
            "y": 178
          },
          {
            "x": 351.0,
            "y": 176
          },
          {
            "x": 350,
            "y": 175
          },
          {
            "x": 350,
            "y": 174
          },
          {
            "x": 349,
            "y": 173
          },
          {
            "x": 349,
            "y": 172
          },
          {
            "x": 348,
            "y": 171
          },
          {
            "x": 348,
            "y": 169
          },
          {
            "x": 347.0,
            "y": 168
          },
          {
            "x": 347.0,
            "y": 167
          },
          {
            "x": 348,
            "y": 166
          },
          {
            "x": 348,
            "y": 164
          },
          {
            "x": 349,
            "y": 163
          },
          {
            "x": 349,
            "y": 162
          },
          {
            "x": 348,
            "y": 161
          },
          {
            "x": 348,
            "y": 158
          },
          {
            "x": 347.0,
            "y": 157
          },
          {
            "x": 347.0,
            "y": 156
          },
          {
            "x": 346.0,
            "y": 155
          },
          {
            "x": 346.0,
            "y": 153
          },
          {
            "x": 344.0,
            "y": 151
          },
          {
            "x": 344.0,
            "y": 150
          },
          {
            "x": 343.0,
            "y": 149
          },
          {
            "x": 343.0,
            "y": 148
          },
          {
            "x": 337.0,
            "y": 142
          },
          {
            "x": 336,
            "y": 142
          },
          {
            "x": 334.0,
            "y": 140
          },
          {
            "x": 333,
            "y": 140
          },
          {
            "x": 332,
            "y": 139
          },
          {
            "x": 330.0,
            "y": 139
          },
          {
            "x": 329,
            "y": 138
          },
          {
            "x": 327.0,
            "y": 138
          },
          {
            "x": 326,
            "y": 137
          },
          {
            "x": 325,
            "y": 137
          },
          {
            "x": 323.0,
            "y": 135
          },
          {
            "x": 318,
            "y": 135
          },
          {
            "x": 317,
            "y": 134
          },
          {
            "x": 311,
            "y": 134
          },
          {
            "x": 310,
            "y": 135
          },
          {
            "x": 306,
            "y": 135
          },
          {
            "x": 304.0,
            "y": 133
          },
          {
            "x": 304.0,
            "y": 128
          },
          {
            "x": 303,
            "y": 127
          },
          {
            "x": 303,
            "y": 125
          },
          {
            "x": 302,
            "y": 124
          },
          {
            "x": 302,
            "y": 123.0
          },
          {
            "x": 301,
            "y": 122.0
          },
          {
            "x": 301,
            "y": 121.0
          },
          {
            "x": 300.0,
            "y": 120
          },
          {
            "x": 300.0,
            "y": 119
          },
          {
            "x": 298,
            "y": 117
          },
          {
            "x": 298,
            "y": 115
          },
          {
            "x": 295,
            "y": 112
          },
          {
            "x": 295,
            "y": 111
          },
          {
            "x": 294,
            "y": 110.0
          },
          {
            "x": 294,
            "y": 109.0
          },
          {
            "x": 293.0,
            "y": 108.0
          },
          {
            "x": 292,
            "y": 108.0
          },
          {
            "x": 291,
            "y": 107
          },
          {
            "x": 290.0,
            "y": 107
          },
          {
            "x": 289.0,
            "y": 106
          },
          {
            "x": 284,
            "y": 106
          },
          {
            "x": 283,
            "y": 105
          },
          {
            "x": 280,
            "y": 105
          },
          {
            "x": 279,
            "y": 104
          },
          {
            "x": 275.0,
            "y": 104
          },
          {
            "x": 274,
            "y": 103
          },
          {
            "x": 272,
            "y": 103
          },
          {
            "x": 271.0,
            "y": 102
          }
        ]
      }
    }
  ]
}