{
  "image": {
    "width": 640,
    "height": 425,
    "filename": "00000070.jpg",
    "original_filename": "COCO_test2014_000000003905.jpg",
    "url": "https://darwin.v7labs.com/api/images/1197576/original?token=af5accd5-7ecb-4550-848c-a4c83b1a9a3a",
    "thumbnail_url": "https://darwin.v7labs.com/api/images/1197576/thumbnail?token=af5accd5-7ecb-4550-848c-a4c83b1a9a3a",
    "workview_url": "https://darwin.v7labs.com/workview?dataset=1165&image=70"
  },
  "dataset": "4_Saltanat_ver2",
  "annotated": true,
  "annotations": [
    {
      "annotator": {
        "email": "begimbaeva.s95@gmail.com",
        "full_name": "Saltanat Begimbaeva"
      },
      "name": "Animal_Polygon ",
      "polygon": {
        "path": [
          {
            "x": 254.0,
            "y": 113
          },
          {
            "x": 253,
            "y": 113
          },
          {
            "x": 252.0,
            "y": 112.0
          },
          {
            "x": 251.0,
            "y": 112.0
          },
          {
            "x": 250,
            "y": 113
          },
          {
            "x": 229,
            "y": 113
          },
          {
            "x": 228.0,
            "y": 114.0
          },
          {
            "x": 224.0,
            "y": 114.0
          },
          {
            "x": 223,
            "y": 113
          },
          {
            "x": 219.0,
            "y": 113
          },
          {
            "x": 218.0,
            "y": 112.0
          },
          {
            "x": 199,
            "y": 112.0
          },
          {
            "x": 198,
            "y": 111.0
          },
          {
            "x": 166,
            "y": 111.0
          },
          {
            "x": 165,
            "y": 112.0
          },
          {
            "x": 153,
            "y": 112.0
          },
          {
            "x": 152.0,
            "y": 113
          },
          {
            "x": 141,
            "y": 113
          },
          {
            "x": 140.0,
            "y": 112.0
          },
          {
            "x": 133,
            "y": 112.0
          },
          {
            "x": 132,
            "y": 113
          },
          {
            "x": 120.0,
            "y": 113
          },
          {
            "x": 119.0,
            "y": 114.0
          },
          {
            "x": 118.0,
            "y": 114.0
          },
          {
            "x": 117.0,
            "y": 115.0
          },
          {
            "x": 115.0,
            "y": 115.0
          },
          {
            "x": 113.0,
            "y": 117.0
          },
          {
            "x": 109.0,
            "y": 117.0
          },
          {
            "x": 108.0,
            "y": 118.0
          },
          {
            "x": 106.0,
            "y": 118.0
          },
          {
            "x": 104.0,
            "y": 120.0
          },
          {
            "x": 102.0,
            "y": 120.0
          },
          {
            "x": 101.0,
            "y": 121.0
          },
          {
            "x": 100.0,
            "y": 121.0
          },
          {
            "x": 99,
            "y": 122
          },
          {
            "x": 97.0,
            "y": 122
          },
          {
            "x": 94.0,
            "y": 125
          },
          {
            "x": 92.0,
            "y": 125
          },
          {
            "x": 90,
            "y": 127.0
          },
          {
            "x": 79.0,
            "y": 127.0
          },
          {
            "x": 78,
            "y": 128
          },
          {
            "x": 76.0,
            "y": 128
          },
          {
            "x": 74.0,
            "y": 130
          },
          {
            "x": 72,
            "y": 130
          },
          {
            "x": 71.0,
            "y": 131
          },
          {
            "x": 70.0,
            "y": 131
          },
          {
            "x": 69,
            "y": 132
          },
          {
            "x": 68.0,
            "y": 132
          },
          {
            "x": 67.0,
            "y": 133
          },
          {
            "x": 46.0,
            "y": 133
          },
          {
            "x": 45,
            "y": 134
          },
          {
            "x": 44.0,
            "y": 134
          },
          {
            "x": 43.0,
            "y": 135
          },
          {
            "x": 40.0,
            "y": 135
          },
          {
            "x": 39,
            "y": 136
          },
          {
            "x": 37.0,
            "y": 136
          },
          {
            "x": 36,
            "y": 137
          },
          {
            "x": 34.0,
            "y": 137
          },
          {
            "x": 33,
            "y": 138
          },
          {
            "x": 30.0,
            "y": 138
          },
          {
            "x": 28.0,
            "y": 140
          },
          {
            "x": 27.0,
            "y": 140
          },
          {
            "x": 26.0,
            "y": 141
          },
          {
            "x": 25.0,
            "y": 141
          },
          {
            "x": 23.0,
            "y": 143
          },
          {
            "x": 22.0,
            "y": 143
          },
          {
            "x": 21,
            "y": 144
          },
          {
            "x": 20.0,
            "y": 144
          },
          {
            "x": 19.0,
            "y": 145
          },
          {
            "x": 17.0,
            "y": 145
          },
          {
            "x": 16.0,
            "y": 146
          },
          {
            "x": 12,
            "y": 146
          },
          {
            "x": 11.0,
            "y": 147
          },
          {
            "x": 9,
            "y": 147
          },
          {
            "x": 8.0,
            "y": 148
          },
          {
            "x": 3,
            "y": 148
          },
          {
            "x": 2.0,
            "y": 149
          },
          {
            "x": 1.0,
            "y": 149
          },
          {
            "x": 1.0,
            "y": 152
          },
          {
            "x": 0,
            "y": 153
          },
          {
            "x": 0,
            "y": 259
          },
          {
            "x": 1.0,
            "y": 260
          },
          {
            "x": 1.0,
            "y": 262
          },
          {
            "x": 205,
            "y": 262
          },
          {
            "x": 206.0,
            "y": 261
          },
          {
            "x": 208,
            "y": 261
          },
          {
            "x": 209.0,
            "y": 260
          },
          {
            "x": 211,
            "y": 260
          },
          {
            "x": 212.0,
            "y": 259
          },
          {
            "x": 212.0,
            "y": 258
          },
          {
            "x": 213.0,
            "y": 257
          },
          {
            "x": 213.0,
            "y": 256
          },
          {
            "x": 214,
            "y": 255.0
          },
          {
            "x": 216.0,
            "y": 255.0
          },
          {
            "x": 217,
            "y": 254.0
          },
          {
            "x": 221.0,
            "y": 254.0
          },
          {
            "x": 222.0,
            "y": 255.0
          },
          {
            "x": 224.0,
            "y": 255.0
          },
          {
            "x": 225.0,
            "y": 256
          },
          {
            "x": 226,
            "y": 256
          },
          {
            "x": 227.0,
            "y": 257
          },
          {
            "x": 231.0,
            "y": 257
          },
          {
            "x": 232,
            "y": 258
          },
          {
            "x": 237.0,
            "y": 258
          },
          {
            "x": 238,
            "y": 259
          },
          {
            "x": 239.0,
            "y": 259
          },
          {
            "x": 240.0,
            "y": 260
          },
          {
            "x": 244,
            "y": 260
          },
          {
            "x": 245.0,
            "y": 261
          },
          {
            "x": 247,
            "y": 261
          },
          {
            "x": 248.0,
            "y": 262
          },
          {
            "x": 250,
            "y": 262
          },
          {
            "x": 252.0,
            "y": 260
          },
          {
            "x": 252.0,
            "y": 258
          },
          {
            "x": 253,
            "y": 257
          },
          {
            "x": 253,
            "y": 244
          },
          {
            "x": 254.0,
            "y": 243.0
          },
          {
            "x": 254.0,
            "y": 176
          },
          {
            "x": 253,
            "y": 175
          },
          {
            "x": 253,
            "y": 174
          },
          {
            "x": 252.0,
            "y": 173
          },
          {
            "x": 252.0,
            "y": 172
          },
          {
            "x": 251.0,
            "y": 171
          },
          {
            "x": 250,
            "y": 171
          },
          {
            "x": 249.0,
            "y": 170
          },
          {
            "x": 249.0,
            "y": 166
          },
          {
            "x": 248.0,
            "y": 165
          },
          {
            "x": 248.0,
            "y": 161
          },
          {
            "x": 247,
            "y": 160
          },
          {
            "x": 247,
            "y": 157
          },
          {
            "x": 246.0,
            "y": 156
          },
          {
            "x": 246.0,
            "y": 151
          },
          {
            "x": 244,
            "y": 149
          },
          {
            "x": 244,
            "y": 145
          },
          {
            "x": 243.0,
            "y": 144
          },
          {
            "x": 243.0,
            "y": 141
          },
          {
            "x": 244,
            "y": 140
          },
          {
            "x": 244,
            "y": 139
          },
          {
            "x": 242.0,
            "y": 137
          },
          {
            "x": 242.0,
            "y": 136
          },
          {
            "x": 241,
            "y": 135
          },
          {
            "x": 241,
            "y": 134
          },
          {
            "x": 239.0,
            "y": 132
          },
          {
            "x": 239.0,
            "y": 131
          },
          {
            "x": 237.0,
            "y": 129
          },
          {
            "x": 237.0,
            "y": 125
          },
          {
            "x": 239.0,
            "y": 123.0
          },
          {
            "x": 239.0,
            "y": 122
          },
          {
            "x": 242.0,
            "y": 119
          },
          {
            "x": 244,
            "y": 119
          },
          {
            "x": 245.0,
            "y": 118.0
          },
          {
            "x": 246.0,
            "y": 118.0
          },
          {
            "x": 247,
            "y": 117.0
          },
          {
            "x": 250,
            "y": 117.0
          },
          {
            "x": 251.0,
            "y": 118.0
          },
          {
            "x": 251.0,
            "y": 119
          },
          {
            "x": 253,
            "y": 119
          },
          {
            "x": 254.0,
            "y": 120.0
          },
          {
            "x": 254.0,
            "y": 118.0
          },
          {
            "x": 255.0,
            "y": 117.0
          },
          {
            "x": 255.0,
            "y": 115.0
          },
          {
            "x": 254.0,
            "y": 114.0
          }
        ]
      }
    },
    {
      "annotator": {
        "email": "begimbaeva.s95@gmail.com",
        "full_name": "Saltanat Begimbaeva"
      },
      "name": "Animal_Polygon ",
      "polygon": {
        "path": [
          {
            "x": 0,
            "y": 283
          },
          {
            "x": 0,
            "y": 410
          },
          {
            "x": 1.0,
            "y": 409
          },
          {
            "x": 1.0,
            "y": 407
          },
          {
            "x": 2.0,
            "y": 406
          },
          {
            "x": 3.0,
            "y": 406
          },
          {
            "x": 6.0,
            "y": 409
          },
          {
            "x": 6.0,
            "y": 410
          },
          {
            "x": 7.0,
            "y": 411
          },
          {
            "x": 7.0,
            "y": 412
          },
          {
            "x": 9,
            "y": 414
          },
          {
            "x": 9,
            "y": 416
          },
          {
            "x": 10.0,
            "y": 417
          },
          {
            "x": 10.0,
            "y": 418
          },
          {
            "x": 11.0,
            "y": 418
          },
          {
            "x": 12.0,
            "y": 419
          },
          {
            "x": 13.0,
            "y": 419
          },
          {
            "x": 15.0,
            "y": 421
          },
          {
            "x": 54,
            "y": 421
          },
          {
            "x": 54,
            "y": 420
          },
          {
            "x": 55,
            "y": 419
          },
          {
            "x": 55,
            "y": 416
          },
          {
            "x": 56,
            "y": 415
          },
          {
            "x": 56,
            "y": 400
          },
          {
            "x": 55,
            "y": 399
          },
          {
            "x": 55,
            "y": 393
          },
          {
            "x": 54,
            "y": 392
          },
          {
            "x": 54,
            "y": 391
          },
          {
            "x": 53,
            "y": 390
          },
          {
            "x": 53,
            "y": 389
          },
          {
            "x": 52.0,
            "y": 388
          },
          {
            "x": 54,
            "y": 386
          },
          {
            "x": 55,
            "y": 386
          },
          {
            "x": 56,
            "y": 385
          },
          {
            "x": 60.0,
            "y": 385
          },
          {
            "x": 62,
            "y": 387
          },
          {
            "x": 64,
            "y": 387
          },
          {
            "x": 65,
            "y": 386
          },
          {
            "x": 65,
            "y": 382
          },
          {
            "x": 66,
            "y": 381
          },
          {
            "x": 66,
            "y": 380
          },
          {
            "x": 67,
            "y": 379
          },
          {
            "x": 69,
            "y": 381
          },
          {
            "x": 69,
            "y": 385
          },
          {
            "x": 71,
            "y": 387
          },
          {
            "x": 72,
            "y": 387
          },
          {
            "x": 73,
            "y": 388
          },
          {
            "x": 74,
            "y": 388
          },
          {
            "x": 75,
            "y": 389
          },
          {
            "x": 79.0,
            "y": 389
          },
          {
            "x": 80.0,
            "y": 388
          },
          {
            "x": 82.0,
            "y": 388
          },
          {
            "x": 83.0,
            "y": 389
          },
          {
            "x": 88,
            "y": 384
          },
          {
            "x": 89,
            "y": 384
          },
          {
            "x": 90,
            "y": 383
          },
          {
            "x": 90,
            "y": 378
          },
          {
            "x": 91,
            "y": 377
          },
          {
            "x": 92,
            "y": 378
          },
          {
            "x": 92,
            "y": 383
          },
          {
            "x": 94,
            "y": 385
          },
          {
            "x": 94,
            "y": 386
          },
          {
            "x": 95,
            "y": 386
          },
          {
            "x": 96,
            "y": 387
          },
          {
            "x": 102.0,
            "y": 387
          },
          {
            "x": 104.0,
            "y": 385
          },
          {
            "x": 105.0,
            "y": 385
          },
          {
            "x": 105.0,
            "y": 384
          },
          {
            "x": 107,
            "y": 382
          },
          {
            "x": 107,
            "y": 381
          },
          {
            "x": 109,
            "y": 379
          },
          {
            "x": 110,
            "y": 379
          },
          {
            "x": 111,
            "y": 380
          },
          {
            "x": 113,
            "y": 380
          },
          {
            "x": 114,
            "y": 381
          },
          {
            "x": 114,
            "y": 382
          },
          {
            "x": 116.0,
            "y": 384
          },
          {
            "x": 117.0,
            "y": 384
          },
          {
            "x": 118.0,
            "y": 383
          },
          {
            "x": 118.0,
            "y": 381
          },
          {
            "x": 119.0,
            "y": 380
          },
          {
            "x": 119.0,
            "y": 369
          },
          {
            "x": 123.0,
            "y": 365
          },
          {
            "x": 123.0,
            "y": 364
          },
          {
            "x": 124,
            "y": 363
          },
          {
            "x": 125,
            "y": 364
          },
          {
            "x": 126,
            "y": 364
          },
          {
            "x": 127,
            "y": 365
          },
          {
            "x": 128,
            "y": 365
          },
          {
            "x": 129,
            "y": 366
          },
          {
            "x": 129,
            "y": 367
          },
          {
            "x": 131,
            "y": 369
          },
          {
            "x": 131,
            "y": 370
          },
          {
            "x": 132,
            "y": 371
          },
          {
            "x": 132,
            "y": 372
          },
          {
            "x": 133,
            "y": 373
          },
          {
            "x": 133,
            "y": 375
          },
          {
            "x": 134,
            "y": 375
          },
          {
            "x": 135,
            "y": 374
          },
          {
            "x": 137,
            "y": 376
          },
          {
            "x": 137,
            "y": 377
          },
          {
            "x": 141,
            "y": 377
          },
          {
            "x": 143,
            "y": 379
          },
          {
            "x": 143,
            "y": 380
          },
          {
            "x": 144,
            "y": 381
          },
          {
            "x": 144,
            "y": 383
          },
          {
            "x": 145,
            "y": 384
          },
          {
            "x": 146,
            "y": 384
          },
          {
            "x": 146,
            "y": 383
          },
          {
            "x": 147,
            "y": 382
          },
          {
            "x": 147,
            "y": 381
          },
          {
            "x": 148,
            "y": 380
          },
          {
            "x": 148,
            "y": 378
          },
          {
            "x": 149,
            "y": 377
          },
          {
            "x": 149,
            "y": 376
          },
          {
            "x": 150,
            "y": 375
          },
          {
            "x": 150,
            "y": 372
          },
          {
            "x": 151,
            "y": 371
          },
          {
            "x": 156,
            "y": 371
          },
          {
            "x": 156,
            "y": 370
          },
          {
            "x": 158,
            "y": 368
          },
          {
            "x": 159,
            "y": 368
          },
          {
            "x": 159,
            "y": 366
          },
          {
            "x": 160,
            "y": 365
          },
          {
            "x": 160,
            "y": 363
          },
          {
            "x": 161,
            "y": 362
          },
          {
            "x": 163,
            "y": 364
          },
          {
            "x": 163,
            "y": 366
          },
          {
            "x": 162,
            "y": 367
          },
          {
            "x": 162,
            "y": 370
          },
          {
            "x": 160,
            "y": 372
          },
          {
            "x": 160,
            "y": 376
          },
          {
            "x": 159,
            "y": 377
          },
          {
            "x": 159,
            "y": 381
          },
          {
            "x": 160,
            "y": 382
          },
          {
            "x": 160,
            "y": 383
          },
          {
            "x": 162,
            "y": 385
          },
          {
            "x": 170,
            "y": 385
          },
          {
            "x": 171,
            "y": 384
          },
          {
            "x": 172,
            "y": 384
          },
          {
            "x": 174,
            "y": 382
          },
          {
            "x": 174,
            "y": 376
          },
          {
            "x": 173,
            "y": 375
          },
          {
            "x": 175,
            "y": 373
          },
          {
            "x": 176,
            "y": 373
          },
          {
            "x": 177,
            "y": 374
          },
          {
            "x": 181,
            "y": 374
          },
          {
            "x": 181,
            "y": 373
          },
          {
            "x": 180,
            "y": 372
          },
          {
            "x": 180,
            "y": 369
          },
          {
            "x": 179,
            "y": 368
          },
          {
            "x": 179,
            "y": 362
          },
          {
            "x": 178,
            "y": 361
          },
          {
            "x": 178,
            "y": 357
          },
          {
            "x": 177,
            "y": 356
          },
          {
            "x": 177,
            "y": 355
          },
          {
            "x": 176,
            "y": 354
          },
          {
            "x": 176,
            "y": 350
          },
          {
            "x": 178,
            "y": 348
          },
          {
            "x": 179,
            "y": 349
          },
          {
            "x": 180,
            "y": 349
          },
          {
            "x": 181,
            "y": 350
          },
          {
            "x": 181,
            "y": 351
          },
          {
            "x": 182,
            "y": 352
          },
          {
            "x": 182,
            "y": 354
          },
          {
            "x": 183,
            "y": 355
          },
          {
            "x": 183,
            "y": 357
          },
          {
            "x": 184,
            "y": 358
          },
          {
            "x": 184,
            "y": 361
          },
          {
            "x": 185,
            "y": 362
          },
          {
            "x": 185,
            "y": 363
          },
          {
            "x": 186,
            "y": 364
          },
          {
            "x": 186,
            "y": 366
          },
          {
            "x": 187,
            "y": 367
          },
          {
            "x": 187,
            "y": 368
          },
          {
            "x": 188,
            "y": 369
          },
          {
            "x": 190,
            "y": 369
          },
          {
            "x": 191,
            "y": 368
          },
          {
            "x": 192,
            "y": 368
          },
          {
            "x": 193,
            "y": 367
          },
          {
            "x": 193,
            "y": 366
          },
          {
            "x": 198.0,
            "y": 361
          },
          {
            "x": 199,
            "y": 361
          },
          {
            "x": 200.0,
            "y": 360
          },
          {
            "x": 202.0,
            "y": 360
          },
          {
            "x": 203,
            "y": 359
          },
          {
            "x": 204.0,
            "y": 359
          },
          {
            "x": 205,
            "y": 358
          },
          {
            "x": 206.0,
            "y": 358
          },
          {
            "x": 207,
            "y": 357
          },
          {
            "x": 220,
            "y": 357
          },
          {
            "x": 221.0,
            "y": 356
          },
          {
            "x": 222,
            "y": 356
          },
          {
            "x": 223.0,
            "y": 355
          },
          {
            "x": 224,
            "y": 355
          },
          {
            "x": 224,
            "y": 347
          },
          {
            "x": 223.0,
            "y": 346
          },
          {
            "x": 223.0,
            "y": 345
          },
          {
            "x": 222,
            "y": 344
          },
          {
            "x": 222,
            "y": 341
          },
          {
            "x": 223.0,
            "y": 340
          },
          {
            "x": 223.0,
            "y": 339
          },
          {
            "x": 224,
            "y": 338
          },
          {
            "x": 224,
            "y": 337
          },
          {
            "x": 225.0,
            "y": 336
          },
          {
            "x": 225.0,
            "y": 332
          },
          {
            "x": 226,
            "y": 331
          },
          {
            "x": 226,
            "y": 328
          },
          {
            "x": 227.0,
            "y": 327
          },
          {
            "x": 227.0,
            "y": 324
          },
          {
            "x": 229,
            "y": 322
          },
          {
            "x": 229,
            "y": 321
          },
          {
            "x": 230.0,
            "y": 320
          },
          {
            "x": 230.0,
            "y": 319
          },
          {
            "x": 231,
            "y": 318
          },
          {
            "x": 231,
            "y": 316
          },
          {
            "x": 232.0,
            "y": 315
          },
          {
            "x": 232.0,
            "y": 313
          },
          {
            "x": 233,
            "y": 312
          },
          {
            "x": 233,
            "y": 306
          },
          {
            "x": 234.0,
            "y": 305
          },
          {
            "x": 234.0,
            "y": 297
          },
          {
            "x": 233,
            "y": 296
          },
          {
            "x": 233,
            "y": 292
          },
          {
            "x": 232.0,
            "y": 291
          },
          {
            "x": 232.0,
            "y": 289
          },
          {
            "x": 231,
            "y": 288
          },
          {
            "x": 231,
            "y": 287
          },
          {
            "x": 230.0,
            "y": 286
          },
          {
            "x": 230.0,
            "y": 285
          },
          {
            "x": 229,
            "y": 285
          },
          {
            "x": 228,
            "y": 284
          },
          {
            "x": 225.0,
            "y": 284
          },
          {
            "x": 224,
            "y": 283
          },
          {
            "x": 164,
            "y": 283
          },
          {
            "x": 163,
            "y": 284
          },
          {
            "x": 153,
            "y": 284
          },
          {
            "x": 152,
            "y": 283
          },
          {
            "x": 5.0,
            "y": 283
          },
          {
            "x": 4.0,
            "y": 282
          },
          {
            "x": 1.0,
            "y": 282
          }
        ]
      }
    },
    {
      "annotator": {
        "email": "begimbaeva.s95@gmail.com",
        "full_name": "Saltanat Begimbaeva"
      },
      "bounding_box": {
        "h": 23.89,
        "w": 352.87,
        "x": 286.38,
        "y": 262.81
      },
      "name": "Object"
    },
    {
      "annotator": {
        "email": "begimbaeva.s95@gmail.com",
        "full_name": "Saltanat Begimbaeva"
      },
      "bounding_box": {
        "h": 23.89,
        "w": 255.27,
        "x": 1.76,
        "y": 259.4
      },
      "name": "Object"
    },
    {
      "annotator": {
        "email": "begimbaeva.s95@gmail.com",
        "full_name": "Saltanat Begimbaeva"
      },
      "bounding_box": {
        "h": 329.67,
        "w": 36.86,
        "x": 252.94,
        "y": 53.95
      },
      "name": "Object"
    }
  ]
}