{
  "image": {
    "width": 427,
    "height": 640,
    "filename": "00000179.jpg",
    "original_filename": "COCO_test2014_000000008523.jpg",
    "url": "https://darwin.v7labs.com/api/images/1197901/original?token=e96ee6b8-bc43-4e08-bcc1-e75bb7cc480d",
    "thumbnail_url": "https://darwin.v7labs.com/api/images/1197901/thumbnail?token=e96ee6b8-bc43-4e08-bcc1-e75bb7cc480d",
    "workview_url": "https://darwin.v7labs.com/workview?dataset=1166&image=179"
  },
  "dataset": "4_Nurzhan_ver2",
  "annotated": true,
  "annotations": [
    {
      "annotator": {
        "email": "order@bex.kg",
        "full_name": "Zhaparova  Nurzhan"
      },
      "name": "Object Polygon ",
      "polygon": {
        "path": [
          {
            "x": 138.0,
            "y": 100
          },
          {
            "x": 138.0,
            "y": 101
          },
          {
            "x": 137.0,
            "y": 102
          },
          {
            "x": 137.0,
            "y": 106
          },
          {
            "x": 138.0,
            "y": 107
          },
          {
            "x": 138.0,
            "y": 117
          },
          {
            "x": 137.0,
            "y": 118
          },
          {
            "x": 137.0,
            "y": 145
          },
          {
            "x": 136.0,
            "y": 146
          },
          {
            "x": 136.0,
            "y": 151
          },
          {
            "x": 137.0,
            "y": 152
          },
          {
            "x": 137.0,
            "y": 154
          },
          {
            "x": 138.0,
            "y": 155.0
          },
          {
            "x": 138.0,
            "y": 165
          },
          {
            "x": 137.0,
            "y": 166
          },
          {
            "x": 137.0,
            "y": 206
          },
          {
            "x": 136.0,
            "y": 207
          },
          {
            "x": 136.0,
            "y": 211.0
          },
          {
            "x": 137.0,
            "y": 212
          },
          {
            "x": 137.0,
            "y": 227
          },
          {
            "x": 136.0,
            "y": 228.0
          },
          {
            "x": 136.0,
            "y": 233
          },
          {
            "x": 135,
            "y": 234
          },
          {
            "x": 135,
            "y": 250
          },
          {
            "x": 136.0,
            "y": 251
          },
          {
            "x": 136.0,
            "y": 263
          },
          {
            "x": 135,
            "y": 264
          },
          {
            "x": 135,
            "y": 351
          },
          {
            "x": 134.0,
            "y": 352
          },
          {
            "x": 134.0,
            "y": 355
          },
          {
            "x": 133.0,
            "y": 356
          },
          {
            "x": 133.0,
            "y": 363
          },
          {
            "x": 134.0,
            "y": 363
          },
          {
            "x": 135,
            "y": 364
          },
          {
            "x": 136.0,
            "y": 364
          },
          {
            "x": 137.0,
            "y": 365.0
          },
          {
            "x": 171.0,
            "y": 365.0
          },
          {
            "x": 172.0,
            "y": 366
          },
          {
            "x": 180.0,
            "y": 366
          },
          {
            "x": 181.0,
            "y": 365.0
          },
          {
            "x": 194.0,
            "y": 365.0
          },
          {
            "x": 195,
            "y": 366
          },
          {
            "x": 281.0,
            "y": 366
          },
          {
            "x": 282.0,
            "y": 367.0
          },
          {
            "x": 287,
            "y": 367.0
          },
          {
            "x": 290.0,
            "y": 364
          },
          {
            "x": 290.0,
            "y": 321
          },
          {
            "x": 289.0,
            "y": 320
          },
          {
            "x": 289.0,
            "y": 294
          },
          {
            "x": 290.0,
            "y": 293.0
          },
          {
            "x": 290.0,
            "y": 215
          },
          {
            "x": 291,
            "y": 214
          },
          {
            "x": 291,
            "y": 200
          },
          {
            "x": 290.0,
            "y": 199
          },
          {
            "x": 290.0,
            "y": 196
          },
          {
            "x": 291,
            "y": 195
          },
          {
            "x": 291,
            "y": 193
          },
          {
            "x": 290.0,
            "y": 192.0
          },
          {
            "x": 290.0,
            "y": 167
          },
          {
            "x": 291,
            "y": 166
          },
          {
            "x": 291,
            "y": 143
          },
          {
            "x": 290.0,
            "y": 142
          },
          {
            "x": 290.0,
            "y": 137
          },
          {
            "x": 291,
            "y": 136
          },
          {
            "x": 291,
            "y": 102
          },
          {
            "x": 290.0,
            "y": 101
          },
          {
            "x": 288,
            "y": 101
          },
          {
            "x": 287,
            "y": 100
          },
          {
            "x": 281.0,
            "y": 100
          },
          {
            "x": 280,
            "y": 99
          },
          {
            "x": 275,
            "y": 99
          },
          {
            "x": 274.0,
            "y": 98
          },
          {
            "x": 265.0,
            "y": 98
          },
          {
            "x": 264.0,
            "y": 97
          },
          {
            "x": 260.0,
            "y": 97
          },
          {
            "x": 259,
            "y": 96.0
          },
          {
            "x": 249.0,
            "y": 96.0
          },
          {
            "x": 248.0,
            "y": 95
          },
          {
            "x": 224,
            "y": 95
          },
          {
            "x": 223.0,
            "y": 94
          },
          {
            "x": 198.0,
            "y": 94
          },
          {
            "x": 197.0,
            "y": 95
          },
          {
            "x": 175.0,
            "y": 95
          },
          {
            "x": 174.0,
            "y": 96.0
          },
          {
            "x": 160.0,
            "y": 96.0
          },
          {
            "x": 159.0,
            "y": 97
          },
          {
            "x": 156.0,
            "y": 97
          },
          {
            "x": 155.0,
            "y": 98
          },
          {
            "x": 146.0,
            "y": 98
          },
          {
            "x": 145.0,
            "y": 99
          },
          {
            "x": 140,
            "y": 99
          },
          {
            "x": 139.0,
            "y": 100
          }
        ]
      }
    },
    {
      "annotator": {
        "email": "order@bex.kg",
        "full_name": "Zhaparova  Nurzhan"
      },
      "name": "Object Polygon ",
      "polygon": {
        "path": [
          {
            "x": 42.0,
            "y": 423
          },
          {
            "x": 42.0,
            "y": 424
          },
          {
            "x": 41.0,
            "y": 425
          },
          {
            "x": 41.0,
            "y": 435
          },
          {
            "x": 40,
            "y": 436
          },
          {
            "x": 40,
            "y": 444
          },
          {
            "x": 39.0,
            "y": 445
          },
          {
            "x": 39.0,
            "y": 448
          },
          {
            "x": 38.0,
            "y": 449
          },
          {
            "x": 38.0,
            "y": 459
          },
          {
            "x": 37.0,
            "y": 460
          },
          {
            "x": 36.0,
            "y": 460
          },
          {
            "x": 35,
            "y": 461
          },
          {
            "x": 35,
            "y": 462
          },
          {
            "x": 34.0,
            "y": 463
          },
          {
            "x": 29.0,
            "y": 463
          },
          {
            "x": 28.0,
            "y": 464
          },
          {
            "x": 27.0,
            "y": 464
          },
          {
            "x": 25,
            "y": 466
          },
          {
            "x": 23.0,
            "y": 466
          },
          {
            "x": 23.0,
            "y": 469
          },
          {
            "x": 22.0,
            "y": 470
          },
          {
            "x": 22.0,
            "y": 471
          },
          {
            "x": 21.0,
            "y": 472
          },
          {
            "x": 21.0,
            "y": 478
          },
          {
            "x": 20,
            "y": 479.0
          },
          {
            "x": 20,
            "y": 480
          },
          {
            "x": 21.0,
            "y": 481
          },
          {
            "x": 21.0,
            "y": 486
          },
          {
            "x": 22.0,
            "y": 487
          },
          {
            "x": 22.0,
            "y": 488.0
          },
          {
            "x": 23.0,
            "y": 489
          },
          {
            "x": 23.0,
            "y": 491.0
          },
          {
            "x": 24.0,
            "y": 492
          },
          {
            "x": 24.0,
            "y": 493.0
          },
          {
            "x": 25,
            "y": 494.0
          },
          {
            "x": 25,
            "y": 495
          },
          {
            "x": 24.0,
            "y": 496.0
          },
          {
            "x": 24.0,
            "y": 498
          },
          {
            "x": 23.0,
            "y": 499.0
          },
          {
            "x": 23.0,
            "y": 503
          },
          {
            "x": 22.0,
            "y": 504
          },
          {
            "x": 22.0,
            "y": 534
          },
          {
            "x": 23.0,
            "y": 535
          },
          {
            "x": 23.0,
            "y": 553
          },
          {
            "x": 22.0,
            "y": 554
          },
          {
            "x": 22.0,
            "y": 559
          },
          {
            "x": 21.0,
            "y": 560
          },
          {
            "x": 21.0,
            "y": 563
          },
          {
            "x": 20,
            "y": 564
          },
          {
            "x": 20,
            "y": 568
          },
          {
            "x": 19.0,
            "y": 569
          },
          {
            "x": 20,
            "y": 570
          },
          {
            "x": 20,
            "y": 573
          },
          {
            "x": 21.0,
            "y": 574
          },
          {
            "x": 27.0,
            "y": 574
          },
          {
            "x": 29.0,
            "y": 572
          },
          {
            "x": 30,
            "y": 572
          },
          {
            "x": 31.0,
            "y": 571
          },
          {
            "x": 31.0,
            "y": 552
          },
          {
            "x": 32.0,
            "y": 551
          },
          {
            "x": 32.0,
            "y": 538
          },
          {
            "x": 33.0,
            "y": 537
          },
          {
            "x": 33.0,
            "y": 533
          },
          {
            "x": 34.0,
            "y": 532
          },
          {
            "x": 35,
            "y": 533
          },
          {
            "x": 35,
            "y": 534
          },
          {
            "x": 38.0,
            "y": 537
          },
          {
            "x": 38.0,
            "y": 547
          },
          {
            "x": 40,
            "y": 547
          },
          {
            "x": 41.0,
            "y": 548
          },
          {
            "x": 43,
            "y": 548
          },
          {
            "x": 44.0,
            "y": 549
          },
          {
            "x": 45,
            "y": 549
          },
          {
            "x": 46.0,
            "y": 550
          },
          {
            "x": 47.0,
            "y": 550
          },
          {
            "x": 48,
            "y": 549
          },
          {
            "x": 49.0,
            "y": 549
          },
          {
            "x": 52.0,
            "y": 546
          },
          {
            "x": 52.0,
            "y": 543
          },
          {
            "x": 51.0,
            "y": 542
          },
          {
            "x": 50,
            "y": 542
          },
          {
            "x": 49.0,
            "y": 541
          },
          {
            "x": 48,
            "y": 541
          },
          {
            "x": 44.0,
            "y": 537
          },
          {
            "x": 44.0,
            "y": 533
          },
          {
            "x": 46.0,
            "y": 531
          },
          {
            "x": 46.0,
            "y": 530
          },
          {
            "x": 47.0,
            "y": 529
          },
          {
            "x": 51.0,
            "y": 529
          },
          {
            "x": 52.0,
            "y": 530
          },
          {
            "x": 54.0,
            "y": 530
          },
          {
            "x": 55,
            "y": 531
          },
          {
            "x": 64.0,
            "y": 531
          },
          {
            "x": 65,
            "y": 532
          },
          {
            "x": 72.0,
            "y": 532
          },
          {
            "x": 73,
            "y": 533
          },
          {
            "x": 79.0,
            "y": 533
          },
          {
            "x": 80,
            "y": 532
          },
          {
            "x": 113,
            "y": 532
          },
          {
            "x": 114,
            "y": 533
          },
          {
            "x": 133,
            "y": 533
          },
          {
            "x": 134,
            "y": 534
          },
          {
            "x": 143,
            "y": 534
          },
          {
            "x": 144,
            "y": 535
          },
          {
            "x": 156,
            "y": 535
          },
          {
            "x": 157,
            "y": 535.3
          },
          {
            "x": 160,
            "y": 535.77
          },
          {
            "x": 161,
            "y": 535
          },
          {
            "x": 200,
            "y": 535
          },
          {
            "x": 201,
            "y": 536
          },
          {
            "x": 213,
            "y": 536
          },
          {
            "x": 214,
            "y": 535
          },
          {
            "x": 221,
            "y": 535
          },
          {
            "x": 222,
            "y": 536
          },
          {
            "x": 226,
            "y": 536
          },
          {
            "x": 227,
            "y": 537
          },
          {
            "x": 230,
            "y": 537
          },
          {
            "x": 231,
            "y": 538
          },
          {
            "x": 247.0,
            "y": 538
          },
          {
            "x": 248.0,
            "y": 539
          },
          {
            "x": 287,
            "y": 539
          },
          {
            "x": 288,
            "y": 540
          },
          {
            "x": 289,
            "y": 540
          },
          {
            "x": 290,
            "y": 541
          },
          {
            "x": 293,
            "y": 541
          },
          {
            "x": 294,
            "y": 542
          },
          {
            "x": 304,
            "y": 542
          },
          {
            "x": 305,
            "y": 543
          },
          {
            "x": 317,
            "y": 543
          },
          {
            "x": 318,
            "y": 542
          },
          {
            "x": 323,
            "y": 542
          },
          {
            "x": 325,
            "y": 544
          },
          {
            "x": 325,
            "y": 545
          },
          {
            "x": 326,
            "y": 546
          },
          {
            "x": 325,
            "y": 547
          },
          {
            "x": 325,
            "y": 559
          },
          {
            "x": 326,
            "y": 559
          },
          {
            "x": 327,
            "y": 560
          },
          {
            "x": 328,
            "y": 560
          },
          {
            "x": 329,
            "y": 561
          },
          {
            "x": 331,
            "y": 561
          },
          {
            "x": 332,
            "y": 560
          },
          {
            "x": 333,
            "y": 560
          },
          {
            "x": 334,
            "y": 561
          },
          {
            "x": 334,
            "y": 562
          },
          {
            "x": 335,
            "y": 563
          },
          {
            "x": 335,
            "y": 565
          },
          {
            "x": 336,
            "y": 566
          },
          {
            "x": 336,
            "y": 571
          },
          {
            "x": 335,
            "y": 572
          },
          {
            "x": 335,
            "y": 583
          },
          {
            "x": 336,
            "y": 584
          },
          {
            "x": 336,
            "y": 586
          },
          {
            "x": 337,
            "y": 586
          },
          {
            "x": 339,
            "y": 588
          },
          {
            "x": 340,
            "y": 588
          },
          {
            "x": 341,
            "y": 589
          },
          {
            "x": 344,
            "y": 589
          },
          {
            "x": 347,
            "y": 586
          },
          {
            "x": 347,
            "y": 577
          },
          {
            "x": 346,
            "y": 576
          },
          {
            "x": 346,
            "y": 547
          },
          {
            "x": 347,
            "y": 546
          },
          {
            "x": 347,
            "y": 529
          },
          {
            "x": 348,
            "y": 528
          },
          {
            "x": 348,
            "y": 515
          },
          {
            "x": 347,
            "y": 514
          },
          {
            "x": 347,
            "y": 500
          },
          {
            "x": 349,
            "y": 498
          },
          {
            "x": 349,
            "y": 496.0
          },
          {
            "x": 350,
            "y": 495
          },
          {
            "x": 350,
            "y": 484
          },
          {
            "x": 349,
            "y": 483
          },
          {
            "x": 349,
            "y": 482.0
          },
          {
            "x": 348,
            "y": 481
          },
          {
            "x": 346,
            "y": 481
          },
          {
            "x": 345,
            "y": 480
          },
          {
            "x": 342,
            "y": 480
          },
          {
            "x": 341,
            "y": 481
          },
          {
            "x": 339,
            "y": 481
          },
          {
            "x": 337,
            "y": 479.0
          },
          {
            "x": 337,
            "y": 478
          },
          {
            "x": 336,
            "y": 477
          },
          {
            "x": 336,
            "y": 472
          },
          {
            "x": 337,
            "y": 471
          },
          {
            "x": 337,
            "y": 469
          },
          {
            "x": 338,
            "y": 468
          },
          {
            "x": 338,
            "y": 466
          },
          {
            "x": 337,
            "y": 465
          },
          {
            "x": 337,
            "y": 464
          },
          {
            "x": 336,
            "y": 463
          },
          {
            "x": 336,
            "y": 461
          },
          {
            "x": 335,
            "y": 460
          },
          {
            "x": 335,
            "y": 444
          },
          {
            "x": 334,
            "y": 443
          },
          {
            "x": 334,
            "y": 442
          },
          {
            "x": 333,
            "y": 442
          },
          {
            "x": 331,
            "y": 440
          },
          {
            "x": 321,
            "y": 440
          },
          {
            "x": 320,
            "y": 439
          },
          {
            "x": 272,
            "y": 439
          },
          {
            "x": 271,
            "y": 438
          },
          {
            "x": 225,
            "y": 438
          },
          {
            "x": 224,
            "y": 437
          },
          {
            "x": 222,
            "y": 437
          },
          {
            "x": 221,
            "y": 436
          },
          {
            "x": 209,
            "y": 436
          },
          {
            "x": 208,
            "y": 435
          },
          {
            "x": 200,
            "y": 435
          },
          {
            "x": 199,
            "y": 434
          },
          {
            "x": 186,
            "y": 434
          },
          {
            "x": 185,
            "y": 433
          },
          {
            "x": 176,
            "y": 433
          },
          {
            "x": 175,
            "y": 432
          },
          {
            "x": 173,
            "y": 432
          },
          {
            "x": 172,
            "y": 431
          },
          {
            "x": 170,
            "y": 431
          },
          {
            "x": 169,
            "y": 430
          },
          {
            "x": 164,
            "y": 430
          },
          {
            "x": 163,
            "y": 431
          },
          {
            "x": 158,
            "y": 431
          },
          {
            "x": 157,
            "y": 430
          },
          {
            "x": 146,
            "y": 430
          },
          {
            "x": 145,
            "y": 429
          },
          {
            "x": 143,
            "y": 429
          },
          {
            "x": 142,
            "y": 430
          },
          {
            "x": 131,
            "y": 430
          },
          {
            "x": 130,
            "y": 429
          },
          {
            "x": 125,
            "y": 429
          },
          {
            "x": 124.0,
            "y": 428
          },
          {
            "x": 121,
            "y": 428
          },
          {
            "x": 120,
            "y": 427
          },
          {
            "x": 103,
            "y": 427
          },
          {
            "x": 102.0,
            "y": 428
          },
          {
            "x": 97.0,
            "y": 428
          },
          {
            "x": 96,
            "y": 427
          },
          {
            "x": 86,
            "y": 427
          },
          {
            "x": 85,
            "y": 426
          },
          {
            "x": 74.0,
            "y": 426
          },
          {
            "x": 73,
            "y": 425
          },
          {
            "x": 64.0,
            "y": 425
          },
          {
            "x": 63,
            "y": 424
          },
          {
            "x": 53,
            "y": 424
          },
          {
            "x": 52.0,
            "y": 423
          },
          {
            "x": 51.0,
            "y": 423
          },
          {
            "x": 49.0,
            "y": 421
          },
          {
            "x": 44.0,
            "y": 421
          }
        ]
      }
    }
  ]
}