{
  "image": {
    "width": 640,
    "height": 428,
    "filename": "00000144.jpg",
    "original_filename": "COCO_test2014_000000002039.jpg",
    "url": "https://darwin.v7labs.com/api/images/1197438/original?token=b0d243df-6830-43ea-9569-5542031eaef8",
    "thumbnail_url": "https://darwin.v7labs.com/api/images/1197438/thumbnail?token=b0d243df-6830-43ea-9569-5542031eaef8",
    "workview_url": "https://darwin.v7labs.com/workview?dataset=1164&image=144"
  },
  "dataset": "4_Aizada_ver2",
  "annotated": true,
  "annotations": [
    {
      "annotator": {
        "email": "corporate@bex.kg",
        "full_name": "Aizada Tynchybek kyzy"
      },
      "name": "Men_Polygon",
      "polygon": {
        "path": [
          {
            "x": 479,
            "y": 107
          },
          {
            "x": 475,
            "y": 107
          },
          {
            "x": 474,
            "y": 108
          },
          {
            "x": 473,
            "y": 108
          },
          {
            "x": 472.0,
            "y": 109.0
          },
          {
            "x": 472.0,
            "y": 115.0
          },
          {
            "x": 470.0,
            "y": 117
          },
          {
            "x": 469,
            "y": 117
          },
          {
            "x": 468,
            "y": 118.0
          },
          {
            "x": 466,
            "y": 118.0
          },
          {
            "x": 464,
            "y": 120
          },
          {
            "x": 464,
            "y": 121.0
          },
          {
            "x": 462,
            "y": 123
          },
          {
            "x": 462,
            "y": 124
          },
          {
            "x": 461.0,
            "y": 125
          },
          {
            "x": 461.0,
            "y": 126
          },
          {
            "x": 460.0,
            "y": 127
          },
          {
            "x": 460.0,
            "y": 130
          },
          {
            "x": 459.0,
            "y": 131
          },
          {
            "x": 459.0,
            "y": 133
          },
          {
            "x": 458,
            "y": 134
          },
          {
            "x": 458,
            "y": 136
          },
          {
            "x": 457,
            "y": 137
          },
          {
            "x": 457,
            "y": 139
          },
          {
            "x": 455,
            "y": 141
          },
          {
            "x": 455,
            "y": 143
          },
          {
            "x": 453,
            "y": 145
          },
          {
            "x": 453,
            "y": 147
          },
          {
            "x": 454,
            "y": 147
          },
          {
            "x": 456,
            "y": 149
          },
          {
            "x": 456,
            "y": 150
          },
          {
            "x": 458,
            "y": 152
          },
          {
            "x": 458,
            "y": 154
          },
          {
            "x": 461.0,
            "y": 154
          },
          {
            "x": 462,
            "y": 153
          },
          {
            "x": 464,
            "y": 153
          },
          {
            "x": 466,
            "y": 155
          },
          {
            "x": 468,
            "y": 155
          },
          {
            "x": 469,
            "y": 156
          },
          {
            "x": 469,
            "y": 157
          },
          {
            "x": 468,
            "y": 158
          },
          {
            "x": 467,
            "y": 158
          },
          {
            "x": 465,
            "y": 160
          },
          {
            "x": 464,
            "y": 160
          },
          {
            "x": 464,
            "y": 161
          },
          {
            "x": 465,
            "y": 162
          },
          {
            "x": 464,
            "y": 163
          },
          {
            "x": 464,
            "y": 165
          },
          {
            "x": 463,
            "y": 166
          },
          {
            "x": 463,
            "y": 168
          },
          {
            "x": 460.0,
            "y": 171.0
          },
          {
            "x": 460.0,
            "y": 172.0
          },
          {
            "x": 459.0,
            "y": 173
          },
          {
            "x": 459.0,
            "y": 175
          },
          {
            "x": 458,
            "y": 176
          },
          {
            "x": 458,
            "y": 177.0
          },
          {
            "x": 457,
            "y": 178.0
          },
          {
            "x": 458,
            "y": 179
          },
          {
            "x": 459.0,
            "y": 179
          },
          {
            "x": 460.0,
            "y": 180
          },
          {
            "x": 464,
            "y": 180
          },
          {
            "x": 465,
            "y": 181
          },
          {
            "x": 466,
            "y": 181
          },
          {
            "x": 466,
            "y": 178.0
          },
          {
            "x": 464,
            "y": 176
          },
          {
            "x": 464,
            "y": 174
          },
          {
            "x": 466,
            "y": 172.0
          },
          {
            "x": 467,
            "y": 172.0
          },
          {
            "x": 467,
            "y": 169
          },
          {
            "x": 470.0,
            "y": 166
          },
          {
            "x": 470.0,
            "y": 165
          },
          {
            "x": 471.0,
            "y": 164
          },
          {
            "x": 471.0,
            "y": 163
          },
          {
            "x": 473,
            "y": 161
          },
          {
            "x": 473,
            "y": 160
          },
          {
            "x": 475,
            "y": 158
          },
          {
            "x": 476,
            "y": 159
          },
          {
            "x": 476,
            "y": 165
          },
          {
            "x": 475,
            "y": 166
          },
          {
            "x": 475,
            "y": 170
          },
          {
            "x": 476,
            "y": 171.0
          },
          {
            "x": 476,
            "y": 174
          },
          {
            "x": 477,
            "y": 174
          },
          {
            "x": 477,
            "y": 171.0
          },
          {
            "x": 478,
            "y": 170
          },
          {
            "x": 478,
            "y": 169
          },
          {
            "x": 479,
            "y": 168
          },
          {
            "x": 479,
            "y": 167
          },
          {
            "x": 480,
            "y": 166
          },
          {
            "x": 480,
            "y": 165
          },
          {
            "x": 483.0,
            "y": 162
          },
          {
            "x": 483.0,
            "y": 158
          },
          {
            "x": 482.0,
            "y": 157
          },
          {
            "x": 482.0,
            "y": 154
          },
          {
            "x": 481,
            "y": 153
          },
          {
            "x": 481,
            "y": 152
          },
          {
            "x": 479,
            "y": 150
          },
          {
            "x": 479,
            "y": 148
          },
          {
            "x": 477,
            "y": 146
          },
          {
            "x": 470.0,
            "y": 146
          },
          {
            "x": 469,
            "y": 145
          },
          {
            "x": 469,
            "y": 144
          },
          {
            "x": 471.0,
            "y": 142
          },
          {
            "x": 475,
            "y": 142
          },
          {
            "x": 476,
            "y": 143
          },
          {
            "x": 477,
            "y": 143
          },
          {
            "x": 477,
            "y": 138
          },
          {
            "x": 476,
            "y": 137
          },
          {
            "x": 476,
            "y": 136
          },
          {
            "x": 477,
            "y": 135
          },
          {
            "x": 478,
            "y": 135
          },
          {
            "x": 479,
            "y": 136
          },
          {
            "x": 479,
            "y": 138
          },
          {
            "x": 480,
            "y": 139
          },
          {
            "x": 480,
            "y": 141
          },
          {
            "x": 483.0,
            "y": 141
          },
          {
            "x": 484.0,
            "y": 142
          },
          {
            "x": 485,
            "y": 141
          },
          {
            "x": 485,
            "y": 140
          },
          {
            "x": 484.0,
            "y": 139
          },
          {
            "x": 484.0,
            "y": 136
          },
          {
            "x": 483.0,
            "y": 135
          },
          {
            "x": 483.0,
            "y": 133
          },
          {
            "x": 482.0,
            "y": 132
          },
          {
            "x": 482.0,
            "y": 128
          },
          {
            "x": 481,
            "y": 127
          },
          {
            "x": 481,
            "y": 121.0
          },
          {
            "x": 479,
            "y": 119
          },
          {
            "x": 479,
            "y": 117
          },
          {
            "x": 480,
            "y": 116
          },
          {
            "x": 480,
            "y": 115.0
          },
          {
            "x": 482.0,
            "y": 113
          },
          {
            "x": 482.0,
            "y": 109.0
          },
          {
            "x": 481,
            "y": 108
          },
          {
            "x": 480,
            "y": 108
          }
        ]
      }
    },
    {
      "annotator": {
        "email": "corporate@bex.kg",
        "full_name": "Aizada Tynchybek kyzy"
      },
      "name": "Men_Polygon",
      "polygon": {
        "path": [
          {
            "x": 380,
            "y": 111
          },
          {
            "x": 379,
            "y": 111
          },
          {
            "x": 378,
            "y": 112.0
          },
          {
            "x": 376,
            "y": 112.0
          },
          {
            "x": 375,
            "y": 113
          },
          {
            "x": 375,
            "y": 119
          },
          {
            "x": 374,
            "y": 120
          },
          {
            "x": 373,
            "y": 120
          },
          {
            "x": 372,
            "y": 121.0
          },
          {
            "x": 371,
            "y": 121.0
          },
          {
            "x": 370,
            "y": 122
          },
          {
            "x": 370,
            "y": 132
          },
          {
            "x": 369,
            "y": 133
          },
          {
            "x": 369,
            "y": 141
          },
          {
            "x": 371,
            "y": 143
          },
          {
            "x": 371,
            "y": 144
          },
          {
            "x": 372,
            "y": 145
          },
          {
            "x": 372,
            "y": 146
          },
          {
            "x": 371,
            "y": 147
          },
          {
            "x": 371,
            "y": 153
          },
          {
            "x": 372,
            "y": 154
          },
          {
            "x": 372,
            "y": 159
          },
          {
            "x": 373,
            "y": 160
          },
          {
            "x": 373,
            "y": 167
          },
          {
            "x": 374,
            "y": 167
          },
          {
            "x": 375,
            "y": 166
          },
          {
            "x": 376,
            "y": 166
          },
          {
            "x": 377,
            "y": 165
          },
          {
            "x": 377,
            "y": 157
          },
          {
            "x": 376,
            "y": 156
          },
          {
            "x": 376,
            "y": 146
          },
          {
            "x": 378,
            "y": 144
          },
          {
            "x": 379,
            "y": 144
          },
          {
            "x": 381,
            "y": 146
          },
          {
            "x": 381,
            "y": 147
          },
          {
            "x": 382,
            "y": 147
          },
          {
            "x": 383,
            "y": 146
          },
          {
            "x": 384,
            "y": 146
          },
          {
            "x": 385,
            "y": 147
          },
          {
            "x": 387,
            "y": 145
          },
          {
            "x": 388,
            "y": 146
          },
          {
            "x": 389,
            "y": 146
          },
          {
            "x": 389,
            "y": 144
          },
          {
            "x": 390,
            "y": 143
          },
          {
            "x": 391,
            "y": 143
          },
          {
            "x": 391,
            "y": 141
          },
          {
            "x": 390,
            "y": 140
          },
          {
            "x": 390,
            "y": 139
          },
          {
            "x": 389,
            "y": 138
          },
          {
            "x": 389,
            "y": 134
          },
          {
            "x": 388,
            "y": 133
          },
          {
            "x": 388,
            "y": 132
          },
          {
            "x": 387,
            "y": 131
          },
          {
            "x": 387,
            "y": 130
          },
          {
            "x": 386,
            "y": 129
          },
          {
            "x": 386,
            "y": 127.0
          },
          {
            "x": 385,
            "y": 126
          },
          {
            "x": 385,
            "y": 125
          },
          {
            "x": 384,
            "y": 124.0
          },
          {
            "x": 384,
            "y": 118.0
          },
          {
            "x": 383,
            "y": 117
          },
          {
            "x": 383,
            "y": 115.0
          },
          {
            "x": 382,
            "y": 114
          },
          {
            "x": 382,
            "y": 113
          }
        ]
      }
    },
    {
      "annotator": {
        "email": "corporate@bex.kg",
        "full_name": "Aizada Tynchybek kyzy"
      },
      "name": "Men_Polygon",
      "polygon": {
        "path": [
          {
            "x": 519,
            "y": 236
          },
          {
            "x": 518.0,
            "y": 236
          },
          {
            "x": 517,
            "y": 235.0
          },
          {
            "x": 515.0,
            "y": 235.0
          },
          {
            "x": 514,
            "y": 234
          },
          {
            "x": 509.0,
            "y": 234
          },
          {
            "x": 508.0,
            "y": 233.0
          },
          {
            "x": 504.0,
            "y": 233.0
          },
          {
            "x": 502.0,
            "y": 231.0
          },
          {
            "x": 502.0,
            "y": 230.0
          },
          {
            "x": 501.0,
            "y": 230.0
          },
          {
            "x": 500,
            "y": 229
          },
          {
            "x": 499.0,
            "y": 229
          },
          {
            "x": 498,
            "y": 228
          },
          {
            "x": 497.0,
            "y": 228
          },
          {
            "x": 496,
            "y": 227
          },
          {
            "x": 491,
            "y": 227
          },
          {
            "x": 490.0,
            "y": 228
          },
          {
            "x": 489,
            "y": 228
          },
          {
            "x": 488.0,
            "y": 229
          },
          {
            "x": 487.0,
            "y": 229
          },
          {
            "x": 486,
            "y": 230.0
          },
          {
            "x": 485.0,
            "y": 230.0
          },
          {
            "x": 484,
            "y": 231.0
          },
          {
            "x": 483.0,
            "y": 231.0
          },
          {
            "x": 481.0,
            "y": 233.0
          },
          {
            "x": 481.0,
            "y": 242.0
          },
          {
            "x": 480.0,
            "y": 243
          },
          {
            "x": 480.0,
            "y": 247.0
          },
          {
            "x": 481.0,
            "y": 248
          },
          {
            "x": 481.0,
            "y": 249.0
          },
          {
            "x": 484,
            "y": 249.0
          },
          {
            "x": 485.0,
            "y": 250
          },
          {
            "x": 488.0,
            "y": 250
          },
          {
            "x": 491,
            "y": 253.0
          },
          {
            "x": 491,
            "y": 257
          },
          {
            "x": 490.0,
            "y": 258.0
          },
          {
            "x": 489,
            "y": 258.0
          },
          {
            "x": 488.0,
            "y": 259
          },
          {
            "x": 488.0,
            "y": 260
          },
          {
            "x": 487.0,
            "y": 261.0
          },
          {
            "x": 487.0,
            "y": 269
          },
          {
            "x": 485.0,
            "y": 271
          },
          {
            "x": 485.0,
            "y": 273
          },
          {
            "x": 484,
            "y": 274.0
          },
          {
            "x": 484,
            "y": 275.0
          },
          {
            "x": 483.0,
            "y": 276
          },
          {
            "x": 483.0,
            "y": 277.0
          },
          {
            "x": 482,
            "y": 278
          },
          {
            "x": 482,
            "y": 280
          },
          {
            "x": 481.0,
            "y": 281.0
          },
          {
            "x": 481.0,
            "y": 282.0
          },
          {
            "x": 479,
            "y": 284.0
          },
          {
            "x": 479,
            "y": 285
          },
          {
            "x": 477,
            "y": 287
          },
          {
            "x": 477,
            "y": 288.0
          },
          {
            "x": 476.0,
            "y": 289.0
          },
          {
            "x": 476.0,
            "y": 290
          },
          {
            "x": 474.0,
            "y": 292
          },
          {
            "x": 474.0,
            "y": 293.0
          },
          {
            "x": 473.0,
            "y": 294
          },
          {
            "x": 473.0,
            "y": 295.0
          },
          {
            "x": 472,
            "y": 296.0
          },
          {
            "x": 472,
            "y": 297
          },
          {
            "x": 471.0,
            "y": 298.0
          },
          {
            "x": 471.0,
            "y": 299
          },
          {
            "x": 469.0,
            "y": 301
          },
          {
            "x": 469.0,
            "y": 304
          },
          {
            "x": 470,
            "y": 305.0
          },
          {
            "x": 469.0,
            "y": 306
          },
          {
            "x": 469.0,
            "y": 307.0
          },
          {
            "x": 465,
            "y": 311
          },
          {
            "x": 464.0,
            "y": 311
          },
          {
            "x": 463,
            "y": 312.0
          },
          {
            "x": 462.0,
            "y": 312.0
          },
          {
            "x": 460.0,
            "y": 314.0
          },
          {
            "x": 459,
            "y": 314.0
          },
          {
            "x": 457.0,
            "y": 316.0
          },
          {
            "x": 456,
            "y": 316.0
          },
          {
            "x": 454,
            "y": 318
          },
          {
            "x": 454,
            "y": 321.0
          },
          {
            "x": 456,
            "y": 323.0
          },
          {
            "x": 470,
            "y": 323.0
          },
          {
            "x": 471.0,
            "y": 322
          },
          {
            "x": 474.0,
            "y": 322
          },
          {
            "x": 475,
            "y": 321.0
          },
          {
            "x": 478.0,
            "y": 321.0
          },
          {
            "x": 479,
            "y": 320
          },
          {
            "x": 480.0,
            "y": 320
          },
          {
            "x": 481.0,
            "y": 319.0
          },
          {
            "x": 482,
            "y": 319.0
          },
          {
            "x": 483.0,
            "y": 318
          },
          {
            "x": 483.0,
            "y": 311
          },
          {
            "x": 484,
            "y": 310.0
          },
          {
            "x": 484,
            "y": 309.0
          },
          {
            "x": 486,
            "y": 307.0
          },
          {
            "x": 486,
            "y": 306
          },
          {
            "x": 487.0,
            "y": 305.0
          },
          {
            "x": 487.0,
            "y": 304
          },
          {
            "x": 488.0,
            "y": 303.0
          },
          {
            "x": 488.0,
            "y": 302.0
          },
          {
            "x": 491,
            "y": 299
          },
          {
            "x": 491,
            "y": 298.0
          },
          {
            "x": 495.0,
            "y": 294
          },
          {
            "x": 496,
            "y": 294
          },
          {
            "x": 499.0,
            "y": 291.0
          },
          {
            "x": 501.0,
            "y": 291.0
          },
          {
            "x": 502.0,
            "y": 292
          },
          {
            "x": 503,
            "y": 292
          },
          {
            "x": 505,
            "y": 294
          },
          {
            "x": 507,
            "y": 294
          },
          {
            "x": 508.0,
            "y": 295.0
          },
          {
            "x": 511.0,
            "y": 295.0
          },
          {
            "x": 514,
            "y": 298.0
          },
          {
            "x": 514,
            "y": 300.0
          },
          {
            "x": 513,
            "y": 301
          },
          {
            "x": 513,
            "y": 302.0
          },
          {
            "x": 514,
            "y": 303.0
          },
          {
            "x": 514,
            "y": 304
          },
          {
            "x": 515.0,
            "y": 305.0
          },
          {
            "x": 515.0,
            "y": 306
          },
          {
            "x": 516,
            "y": 307.0
          },
          {
            "x": 517,
            "y": 307.0
          },
          {
            "x": 519,
            "y": 309.0
          },
          {
            "x": 525,
            "y": 309.0
          },
          {
            "x": 526,
            "y": 308
          },
          {
            "x": 526,
            "y": 306
          },
          {
            "x": 527,
            "y": 305.0
          },
          {
            "x": 527,
            "y": 303.0
          },
          {
            "x": 529.0,
            "y": 301
          },
          {
            "x": 534.0,
            "y": 301
          },
          {
            "x": 535,
            "y": 300.0
          },
          {
            "x": 536,
            "y": 300.0
          },
          {
            "x": 538,
            "y": 298.0
          },
          {
            "x": 539,
            "y": 298.0
          },
          {
            "x": 540,
            "y": 297
          },
          {
            "x": 540,
            "y": 296.0
          },
          {
            "x": 542,
            "y": 294
          },
          {
            "x": 543.0,
            "y": 294
          },
          {
            "x": 544,
            "y": 293.0
          },
          {
            "x": 545,
            "y": 293.0
          },
          {
            "x": 546.0,
            "y": 292
          },
          {
            "x": 546.0,
            "y": 285
          },
          {
            "x": 547,
            "y": 284.0
          },
          {
            "x": 547,
            "y": 278
          },
          {
            "x": 546.0,
            "y": 277.0
          },
          {
            "x": 546.0,
            "y": 274.0
          },
          {
            "x": 545,
            "y": 273
          },
          {
            "x": 545,
            "y": 270.0
          },
          {
            "x": 544,
            "y": 269
          },
          {
            "x": 544,
            "y": 267
          },
          {
            "x": 543.0,
            "y": 266
          },
          {
            "x": 543.0,
            "y": 264
          },
          {
            "x": 542,
            "y": 263.0
          },
          {
            "x": 542,
            "y": 261.0
          },
          {
            "x": 541.0,
            "y": 260
          },
          {
            "x": 541.0,
            "y": 258.0
          },
          {
            "x": 539,
            "y": 256.0
          },
          {
            "x": 539,
            "y": 255
          },
          {
            "x": 524,
            "y": 240.0
          },
          {
            "x": 523.0,
            "y": 240.0
          }
        ]
      }
    },
    {
      "annotator": {
        "email": "corporate@bex.kg",
        "full_name": "Aizada Tynchybek kyzy"
      },
      "name": "Object",
      "polygon": {
        "path": [
          {
            "x": 320,
            "y": 186
          },
          {
            "x": 321,
            "y": 187
          },
          {
            "x": 321,
            "y": 188
          },
          {
            "x": 322,
            "y": 188
          },
          {
            "x": 323,
            "y": 189
          },
          {
            "x": 324,
            "y": 189
          },
          {
            "x": 325,
            "y": 190
          },
          {
            "x": 329,
            "y": 190
          },
          {
            "x": 332,
            "y": 193
          },
          {
            "x": 332,
            "y": 195
          },
          {
            "x": 331,
            "y": 196
          },
          {
            "x": 331,
            "y": 198
          },
          {
            "x": 329,
            "y": 200
          },
          {
            "x": 328,
            "y": 200
          },
          {
            "x": 328,
            "y": 201
          },
          {
            "x": 327,
            "y": 202
          },
          {
            "x": 327,
            "y": 208
          },
          {
            "x": 326,
            "y": 209
          },
          {
            "x": 326,
            "y": 215
          },
          {
            "x": 325,
            "y": 216
          },
          {
            "x": 325,
            "y": 218
          },
          {
            "x": 326,
            "y": 219
          },
          {
            "x": 331,
            "y": 219
          },
          {
            "x": 334,
            "y": 222
          },
          {
            "x": 334,
            "y": 223
          },
          {
            "x": 332,
            "y": 225
          },
          {
            "x": 331,
            "y": 225
          },
          {
            "x": 331,
            "y": 226
          },
          {
            "x": 330,
            "y": 227
          },
          {
            "x": 330,
            "y": 230
          },
          {
            "x": 329,
            "y": 231
          },
          {
            "x": 329,
            "y": 233
          },
          {
            "x": 328,
            "y": 234
          },
          {
            "x": 328,
            "y": 235
          },
          {
            "x": 326,
            "y": 237
          },
          {
            "x": 326,
            "y": 238
          },
          {
            "x": 325,
            "y": 239
          },
          {
            "x": 325,
            "y": 240
          },
          {
            "x": 324,
            "y": 241
          },
          {
            "x": 324,
            "y": 243
          },
          {
            "x": 323,
            "y": 244
          },
          {
            "x": 323,
            "y": 245
          },
          {
            "x": 322,
            "y": 246
          },
          {
            "x": 322,
            "y": 248
          },
          {
            "x": 321,
            "y": 249
          },
          {
            "x": 321,
            "y": 250
          },
          {
            "x": 320,
            "y": 251
          },
          {
            "x": 320,
            "y": 253
          },
          {
            "x": 319,
            "y": 254
          },
          {
            "x": 319,
            "y": 256
          },
          {
            "x": 318,
            "y": 257
          },
          {
            "x": 318,
            "y": 259
          },
          {
            "x": 317,
            "y": 260
          },
          {
            "x": 317,
            "y": 263
          },
          {
            "x": 316,
            "y": 264
          },
          {
            "x": 316,
            "y": 267
          },
          {
            "x": 315,
            "y": 268
          },
          {
            "x": 315,
            "y": 276
          },
          {
            "x": 314,
            "y": 277
          },
          {
            "x": 315,
            "y": 278
          },
          {
            "x": 315,
            "y": 281
          },
          {
            "x": 316,
            "y": 282
          },
          {
            "x": 316,
            "y": 287
          },
          {
            "x": 317,
            "y": 288
          },
          {
            "x": 317,
            "y": 289
          },
          {
            "x": 319,
            "y": 291
          },
          {
            "x": 322,
            "y": 291
          },
          {
            "x": 328,
            "y": 285
          },
          {
            "x": 328,
            "y": 284
          },
          {
            "x": 329,
            "y": 283
          },
          {
            "x": 329,
            "y": 282
          },
          {
            "x": 333,
            "y": 278
          },
          {
            "x": 335,
            "y": 280
          },
          {
            "x": 336,
            "y": 280
          },
          {
            "x": 337,
            "y": 281
          },
          {
            "x": 338,
            "y": 281
          },
          {
            "x": 339,
            "y": 282
          },
          {
            "x": 343,
            "y": 282
          },
          {
            "x": 344,
            "y": 283
          },
          {
            "x": 359,
            "y": 283
          },
          {
            "x": 360,
            "y": 284
          },
          {
            "x": 364,
            "y": 284
          },
          {
            "x": 365,
            "y": 285
          },
          {
            "x": 366,
            "y": 285
          },
          {
            "x": 367,
            "y": 286
          },
          {
            "x": 367,
            "y": 288
          },
          {
            "x": 366,
            "y": 289
          },
          {
            "x": 365,
            "y": 289
          },
          {
            "x": 364,
            "y": 288
          },
          {
            "x": 363,
            "y": 288
          },
          {
            "x": 368,
            "y": 293
          },
          {
            "x": 369,
            "y": 293
          },
          {
            "x": 373,
            "y": 297
          },
          {
            "x": 373,
            "y": 298.0
          },
          {
            "x": 374,
            "y": 299
          },
          {
            "x": 374,
            "y": 300.0
          },
          {
            "x": 375,
            "y": 301
          },
          {
            "x": 375,
            "y": 303
          },
          {
            "x": 376,
            "y": 304.0
          },
          {
            "x": 376,
            "y": 305
          },
          {
            "x": 377,
            "y": 306.0
          },
          {
            "x": 377,
            "y": 307
          },
          {
            "x": 378,
            "y": 308.0
          },
          {
            "x": 378,
            "y": 309
          },
          {
            "x": 379,
            "y": 310.0
          },
          {
            "x": 379,
            "y": 311
          },
          {
            "x": 381,
            "y": 313
          },
          {
            "x": 381,
            "y": 314.0
          },
          {
            "x": 382,
            "y": 315
          },
          {
            "x": 382,
            "y": 316.0
          },
          {
            "x": 381,
            "y": 317
          },
          {
            "x": 381,
            "y": 318.0
          },
          {
            "x": 380,
            "y": 319
          },
          {
            "x": 380,
            "y": 320.0
          },
          {
            "x": 379,
            "y": 321
          },
          {
            "x": 379,
            "y": 323
          },
          {
            "x": 378,
            "y": 324.0
          },
          {
            "x": 378,
            "y": 331
          },
          {
            "x": 379,
            "y": 332.0
          },
          {
            "x": 380,
            "y": 332.0
          },
          {
            "x": 381,
            "y": 331
          },
          {
            "x": 381,
            "y": 330.0
          },
          {
            "x": 380,
            "y": 329
          },
          {
            "x": 380,
            "y": 328.0
          },
          {
            "x": 379,
            "y": 327
          },
          {
            "x": 380,
            "y": 326.0
          },
          {
            "x": 380,
            "y": 324.0
          },
          {
            "x": 381,
            "y": 323
          },
          {
            "x": 381,
            "y": 321
          },
          {
            "x": 382,
            "y": 320.0
          },
          {
            "x": 382,
            "y": 319
          },
          {
            "x": 384,
            "y": 317
          },
          {
            "x": 388,
            "y": 321
          },
          {
            "x": 389,
            "y": 321
          },
          {
            "x": 394,
            "y": 326.0
          },
          {
            "x": 395,
            "y": 326.0
          },
          {
            "x": 396,
            "y": 327
          },
          {
            "x": 405,
            "y": 327
          },
          {
            "x": 406,
            "y": 326.0
          },
          {
            "x": 408,
            "y": 326.0
          },
          {
            "x": 409,
            "y": 325
          },
          {
            "x": 410,
            "y": 325
          },
          {
            "x": 412,
            "y": 323
          },
          {
            "x": 413,
            "y": 323
          },
          {
            "x": 415,
            "y": 321
          },
          {
            "x": 415,
            "y": 320.0
          },
          {
            "x": 417.0,
            "y": 318.0
          },
          {
            "x": 417.0,
            "y": 317
          },
          {
            "x": 418,
            "y": 316.0
          },
          {
            "x": 418,
            "y": 315
          },
          {
            "x": 419.0,
            "y": 314.0
          },
          {
            "x": 419.0,
            "y": 312.0
          },
          {
            "x": 420,
            "y": 311
          },
          {
            "x": 420,
            "y": 309
          },
          {
            "x": 421.0,
            "y": 308.0
          },
          {
            "x": 421.0,
            "y": 306.0
          },
          {
            "x": 422,
            "y": 305
          },
          {
            "x": 422,
            "y": 299
          },
          {
            "x": 423.0,
            "y": 298.0
          },
          {
            "x": 423.0,
            "y": 288
          },
          {
            "x": 424,
            "y": 287
          },
          {
            "x": 425.0,
            "y": 287
          },
          {
            "x": 425.0,
            "y": 278
          },
          {
            "x": 424,
            "y": 277
          },
          {
            "x": 424,
            "y": 274
          },
          {
            "x": 423.0,
            "y": 273
          },
          {
            "x": 423.0,
            "y": 271
          },
          {
            "x": 424,
            "y": 270
          },
          {
            "x": 424,
            "y": 268
          },
          {
            "x": 421.0,
            "y": 265
          },
          {
            "x": 421.0,
            "y": 264
          },
          {
            "x": 420,
            "y": 263
          },
          {
            "x": 420,
            "y": 261
          },
          {
            "x": 418,
            "y": 259
          },
          {
            "x": 418,
            "y": 258
          },
          {
            "x": 416,
            "y": 256
          },
          {
            "x": 416,
            "y": 255
          },
          {
            "x": 415,
            "y": 254
          },
          {
            "x": 415,
            "y": 253
          },
          {
            "x": 413,
            "y": 251
          },
          {
            "x": 413,
            "y": 250
          },
          {
            "x": 411,
            "y": 248
          },
          {
            "x": 411,
            "y": 247
          },
          {
            "x": 410,
            "y": 246
          },
          {
            "x": 410,
            "y": 245
          },
          {
            "x": 409,
            "y": 244
          },
          {
            "x": 409,
            "y": 239
          },
          {
            "x": 410,
            "y": 238
          },
          {
            "x": 410,
            "y": 236
          },
          {
            "x": 411,
            "y": 235
          },
          {
            "x": 411,
            "y": 234
          },
          {
            "x": 412,
            "y": 233
          },
          {
            "x": 412,
            "y": 232
          },
          {
            "x": 411,
            "y": 231
          },
          {
            "x": 411,
            "y": 229
          },
          {
            "x": 412,
            "y": 228
          },
          {
            "x": 419.0,
            "y": 228
          },
          {
            "x": 420,
            "y": 227
          },
          {
            "x": 426,
            "y": 227
          },
          {
            "x": 427.0,
            "y": 226
          },
          {
            "x": 427.0,
            "y": 222
          },
          {
            "x": 426,
            "y": 221
          },
          {
            "x": 424,
            "y": 221
          },
          {
            "x": 423.0,
            "y": 220
          },
          {
            "x": 421.0,
            "y": 220
          },
          {
            "x": 420,
            "y": 219
          },
          {
            "x": 418,
            "y": 219
          },
          {
            "x": 417.0,
            "y": 218
          },
          {
            "x": 415,
            "y": 218
          },
          {
            "x": 414,
            "y": 217
          },
          {
            "x": 413,
            "y": 217
          },
          {
            "x": 412,
            "y": 216
          },
          {
            "x": 410,
            "y": 216
          },
          {
            "x": 409,
            "y": 215
          },
          {
            "x": 403,
            "y": 215
          },
          {
            "x": 402,
            "y": 216
          },
          {
            "x": 398,
            "y": 216
          },
          {
            "x": 397,
            "y": 215
          },
          {
            "x": 396,
            "y": 215
          },
          {
            "x": 395,
            "y": 216
          },
          {
            "x": 391,
            "y": 216
          },
          {
            "x": 389,
            "y": 214
          },
          {
            "x": 389,
            "y": 211
          },
          {
            "x": 390,
            "y": 210
          },
          {
            "x": 390,
            "y": 207
          },
          {
            "x": 389,
            "y": 206
          },
          {
            "x": 379,
            "y": 206
          },
          {
            "x": 378,
            "y": 207
          },
          {
            "x": 377,
            "y": 207
          },
          {
            "x": 376,
            "y": 206
          },
          {
            "x": 375,
            "y": 207
          },
          {
            "x": 369,
            "y": 207
          },
          {
            "x": 367,
            "y": 205
          },
          {
            "x": 367,
            "y": 204
          },
          {
            "x": 364,
            "y": 201
          },
          {
            "x": 364,
            "y": 200
          },
          {
            "x": 363,
            "y": 199
          },
          {
            "x": 363,
            "y": 198
          },
          {
            "x": 362,
            "y": 197
          },
          {
            "x": 361,
            "y": 197
          },
          {
            "x": 359,
            "y": 195
          },
          {
            "x": 359,
            "y": 194
          },
          {
            "x": 358,
            "y": 193
          },
          {
            "x": 359,
            "y": 192
          },
          {
            "x": 356,
            "y": 192
          },
          {
            "x": 355,
            "y": 193
          },
          {
            "x": 355,
            "y": 197
          },
          {
            "x": 354,
            "y": 198
          },
          {
            "x": 349,
            "y": 198
          },
          {
            "x": 347,
            "y": 196
          },
          {
            "x": 347,
            "y": 194
          },
          {
            "x": 346,
            "y": 193
          },
          {
            "x": 340,
            "y": 193
          },
          {
            "x": 339,
            "y": 192
          },
          {
            "x": 338,
            "y": 192
          },
          {
            "x": 336,
            "y": 190
          },
          {
            "x": 330,
            "y": 190
          },
          {
            "x": 329,
            "y": 189
          },
          {
            "x": 327,
            "y": 189
          },
          {
            "x": 326,
            "y": 188
          },
          {
            "x": 324,
            "y": 188
          },
          {
            "x": 322,
            "y": 186
          }
        ]
      }
    },
    {
      "annotator": {
        "email": "corporate@bex.kg",
        "full_name": "Aizada Tynchybek kyzy"
      },
      "name": "Object",
      "polygon": {
        "path": [
          {
            "x": 542,
            "y": 201
          },
          {
            "x": 541,
            "y": 202
          },
          {
            "x": 541,
            "y": 206
          },
          {
            "x": 543,
            "y": 208
          },
          {
            "x": 544,
            "y": 208
          },
          {
            "x": 545,
            "y": 209
          },
          {
            "x": 547,
            "y": 209
          },
          {
            "x": 548,
            "y": 210.0
          },
          {
            "x": 549,
            "y": 210.0
          },
          {
            "x": 550,
            "y": 211
          },
          {
            "x": 553,
            "y": 211
          },
          {
            "x": 555,
            "y": 213
          },
          {
            "x": 555,
            "y": 215
          },
          {
            "x": 553,
            "y": 217
          },
          {
            "x": 547,
            "y": 217
          },
          {
            "x": 546,
            "y": 218
          },
          {
            "x": 541,
            "y": 218
          },
          {
            "x": 540,
            "y": 219
          },
          {
            "x": 534,
            "y": 219
          },
          {
            "x": 533,
            "y": 220
          },
          {
            "x": 532,
            "y": 220
          },
          {
            "x": 531,
            "y": 221
          },
          {
            "x": 530,
            "y": 221
          },
          {
            "x": 527,
            "y": 224
          },
          {
            "x": 527,
            "y": 225
          },
          {
            "x": 526,
            "y": 226.0
          },
          {
            "x": 526,
            "y": 228
          },
          {
            "x": 527,
            "y": 229.0
          },
          {
            "x": 529,
            "y": 229.0
          },
          {
            "x": 538,
            "y": 238
          },
          {
            "x": 538,
            "y": 240
          },
          {
            "x": 539,
            "y": 241
          },
          {
            "x": 539,
            "y": 245.0
          },
          {
            "x": 538,
            "y": 246
          },
          {
            "x": 539,
            "y": 247
          },
          {
            "x": 539,
            "y": 249
          },
          {
            "x": 542,
            "y": 252
          },
          {
            "x": 543,
            "y": 252
          },
          {
            "x": 546,
            "y": 255
          },
          {
            "x": 547,
            "y": 255
          },
          {
            "x": 548,
            "y": 256
          },
          {
            "x": 549,
            "y": 256
          },
          {
            "x": 551,
            "y": 258
          },
          {
            "x": 551,
            "y": 267
          },
          {
            "x": 552,
            "y": 268
          },
          {
            "x": 552,
            "y": 270
          },
          {
            "x": 551,
            "y": 271
          },
          {
            "x": 551,
            "y": 274
          },
          {
            "x": 554,
            "y": 277
          },
          {
            "x": 554,
            "y": 278
          },
          {
            "x": 555,
            "y": 279
          },
          {
            "x": 555,
            "y": 282
          },
          {
            "x": 556,
            "y": 283
          },
          {
            "x": 556,
            "y": 285
          },
          {
            "x": 557,
            "y": 286
          },
          {
            "x": 557,
            "y": 287
          },
          {
            "x": 560,
            "y": 287
          },
          {
            "x": 561,
            "y": 288
          },
          {
            "x": 563,
            "y": 288
          },
          {
            "x": 564,
            "y": 287
          },
          {
            "x": 566,
            "y": 287
          },
          {
            "x": 568,
            "y": 285
          },
          {
            "x": 569,
            "y": 285
          },
          {
            "x": 570,
            "y": 286
          },
          {
            "x": 570,
            "y": 287
          },
          {
            "x": 569,
            "y": 288
          },
          {
            "x": 569,
            "y": 294
          },
          {
            "x": 568,
            "y": 295
          },
          {
            "x": 568,
            "y": 298
          },
          {
            "x": 569,
            "y": 299
          },
          {
            "x": 569,
            "y": 300
          },
          {
            "x": 570,
            "y": 300
          },
          {
            "x": 572,
            "y": 302
          },
          {
            "x": 572,
            "y": 306
          },
          {
            "x": 573,
            "y": 307
          },
          {
            "x": 573,
            "y": 310
          },
          {
            "x": 574,
            "y": 311
          },
          {
            "x": 574,
            "y": 313
          },
          {
            "x": 575,
            "y": 314
          },
          {
            "x": 575,
            "y": 315
          },
          {
            "x": 576,
            "y": 316
          },
          {
            "x": 576,
            "y": 317
          },
          {
            "x": 577,
            "y": 318
          },
          {
            "x": 577,
            "y": 319
          },
          {
            "x": 578,
            "y": 320
          },
          {
            "x": 578,
            "y": 321
          },
          {
            "x": 579,
            "y": 322
          },
          {
            "x": 579,
            "y": 323
          },
          {
            "x": 581,
            "y": 325
          },
          {
            "x": 581,
            "y": 326.0
          },
          {
            "x": 583,
            "y": 328
          },
          {
            "x": 583,
            "y": 329.0
          },
          {
            "x": 593,
            "y": 339
          },
          {
            "x": 594,
            "y": 339
          },
          {
            "x": 596,
            "y": 341.0
          },
          {
            "x": 597,
            "y": 341.0
          },
          {
            "x": 598,
            "y": 342
          },
          {
            "x": 599,
            "y": 342
          },
          {
            "x": 600,
            "y": 343
          },
          {
            "x": 601,
            "y": 343
          },
          {
            "x": 602,
            "y": 344.0
          },
          {
            "x": 604,
            "y": 344.0
          },
          {
            "x": 605,
            "y": 345
          },
          {
            "x": 608,
            "y": 345
          },
          {
            "x": 609,
            "y": 346
          },
          {
            "x": 611,
            "y": 346
          },
          {
            "x": 612,
            "y": 347
          },
          {
            "x": 613,
            "y": 347
          },
          {
            "x": 614,
            "y": 348
          },
          {
            "x": 617.0,
            "y": 348
          },
          {
            "x": 618,
            "y": 349
          },
          {
            "x": 623.0,
            "y": 349
          },
          {
            "x": 624,
            "y": 350
          },
          {
            "x": 627,
            "y": 350
          },
          {
            "x": 628,
            "y": 349
          },
          {
            "x": 635.0,
            "y": 349
          },
          {
            "x": 636,
            "y": 348
          },
          {
            "x": 638,
            "y": 348
          },
          {
            "x": 638,
            "y": 252
          },
          {
            "x": 636,
            "y": 252
          },
          {
            "x": 635.0,
            "y": 251
          },
          {
            "x": 635.0,
            "y": 250
          },
          {
            "x": 634,
            "y": 249
          },
          {
            "x": 634,
            "y": 247
          },
          {
            "x": 621,
            "y": 247
          },
          {
            "x": 620,
            "y": 246
          },
          {
            "x": 619,
            "y": 246
          },
          {
            "x": 618,
            "y": 245.0
          },
          {
            "x": 618,
            "y": 235
          },
          {
            "x": 617.0,
            "y": 234
          },
          {
            "x": 617.0,
            "y": 232
          },
          {
            "x": 616,
            "y": 231
          },
          {
            "x": 616,
            "y": 226.0
          },
          {
            "x": 615,
            "y": 225
          },
          {
            "x": 615,
            "y": 216
          },
          {
            "x": 612,
            "y": 213
          },
          {
            "x": 611,
            "y": 213
          },
          {
            "x": 609,
            "y": 211
          },
          {
            "x": 609,
            "y": 210.0
          },
          {
            "x": 608,
            "y": 209
          },
          {
            "x": 608,
            "y": 204.0
          },
          {
            "x": 609,
            "y": 203
          },
          {
            "x": 612,
            "y": 203
          },
          {
            "x": 615,
            "y": 206
          },
          {
            "x": 617.0,
            "y": 206
          },
          {
            "x": 618,
            "y": 207.0
          },
          {
            "x": 619,
            "y": 206
          },
          {
            "x": 619,
            "y": 203
          },
          {
            "x": 616,
            "y": 200
          },
          {
            "x": 615,
            "y": 200
          },
          {
            "x": 614,
            "y": 199
          },
          {
            "x": 610,
            "y": 199
          },
          {
            "x": 609,
            "y": 198
          },
          {
            "x": 607,
            "y": 198
          },
          {
            "x": 606,
            "y": 197
          },
          {
            "x": 604,
            "y": 197
          },
          {
            "x": 603,
            "y": 196
          },
          {
            "x": 603,
            "y": 195
          },
          {
            "x": 602,
            "y": 194
          },
          {
            "x": 602,
            "y": 191.0
          },
          {
            "x": 600,
            "y": 189
          },
          {
            "x": 591,
            "y": 189
          },
          {
            "x": 590,
            "y": 188.0
          },
          {
            "x": 586,
            "y": 188.0
          },
          {
            "x": 585,
            "y": 187
          },
          {
            "x": 576,
            "y": 187
          },
          {
            "x": 575,
            "y": 188.0
          },
          {
            "x": 574,
            "y": 188.0
          },
          {
            "x": 571,
            "y": 191.0
          },
          {
            "x": 567,
            "y": 191.0
          },
          {
            "x": 566,
            "y": 192
          },
          {
            "x": 565,
            "y": 192
          },
          {
            "x": 564,
            "y": 193
          },
          {
            "x": 563,
            "y": 193
          },
          {
            "x": 563,
            "y": 194
          },
          {
            "x": 562,
            "y": 195
          },
          {
            "x": 562,
            "y": 196
          },
          {
            "x": 563,
            "y": 197
          },
          {
            "x": 563,
            "y": 201
          },
          {
            "x": 562,
            "y": 202
          },
          {
            "x": 561,
            "y": 202
          },
          {
            "x": 560,
            "y": 201
          }
        ]
      }
    },
    {
      "annotator": {
        "email": "corporate@bex.kg",
        "full_name": "Aizada Tynchybek kyzy"
      },
      "name": "Object",
      "polygon": {
        "path": [
          {
            "x": 0,
            "y": 224
          },
          {
            "x": 0,
            "y": 393
          },
          {
            "x": 1.0,
            "y": 394
          },
          {
            "x": 7.0,
            "y": 394
          },
          {
            "x": 8.0,
            "y": 395.0
          },
          {
            "x": 10.0,
            "y": 395.0
          },
          {
            "x": 12.0,
            "y": 397
          },
          {
            "x": 14.0,
            "y": 397
          },
          {
            "x": 15.0,
            "y": 398
          },
          {
            "x": 16.0,
            "y": 398
          },
          {
            "x": 18.0,
            "y": 400
          },
          {
            "x": 22.0,
            "y": 400
          },
          {
            "x": 23.0,
            "y": 399.0
          },
          {
            "x": 24.0,
            "y": 400
          },
          {
            "x": 26.0,
            "y": 400
          },
          {
            "x": 27.0,
            "y": 401
          },
          {
            "x": 32.0,
            "y": 401
          },
          {
            "x": 33.0,
            "y": 402
          },
          {
            "x": 36.0,
            "y": 402
          },
          {
            "x": 37.0,
            "y": 401
          },
          {
            "x": 38.0,
            "y": 402
          },
          {
            "x": 46.0,
            "y": 402
          },
          {
            "x": 47.0,
            "y": 403.0
          },
          {
            "x": 51.0,
            "y": 403.0
          },
          {
            "x": 52.0,
            "y": 404
          },
          {
            "x": 54.0,
            "y": 404
          },
          {
            "x": 55.0,
            "y": 403.0
          },
          {
            "x": 58.0,
            "y": 403.0
          },
          {
            "x": 59.0,
            "y": 402
          },
          {
            "x": 63.0,
            "y": 402
          },
          {
            "x": 64.0,
            "y": 403.0
          },
          {
            "x": 84.0,
            "y": 403.0
          },
          {
            "x": 90.0,
            "y": 409
          },
          {
            "x": 90.0,
            "y": 410
          },
          {
            "x": 92.0,
            "y": 410
          },
          {
            "x": 93,
            "y": 411.0
          },
          {
            "x": 95,
            "y": 411.0
          },
          {
            "x": 96.0,
            "y": 410
          },
          {
            "x": 99,
            "y": 410
          },
          {
            "x": 101,
            "y": 408
          },
          {
            "x": 102.0,
            "y": 408
          },
          {
            "x": 103,
            "y": 407.0
          },
          {
            "x": 103,
            "y": 406
          },
          {
            "x": 104.0,
            "y": 405
          },
          {
            "x": 104.0,
            "y": 404
          },
          {
            "x": 106.0,
            "y": 402
          },
          {
            "x": 106.0,
            "y": 401
          },
          {
            "x": 107,
            "y": 400
          },
          {
            "x": 107,
            "y": 399.0
          },
          {
            "x": 108.0,
            "y": 398
          },
          {
            "x": 108.0,
            "y": 395.0
          },
          {
            "x": 109,
            "y": 394
          },
          {
            "x": 109,
            "y": 393
          },
          {
            "x": 110.0,
            "y": 392
          },
          {
            "x": 110.0,
            "y": 390
          },
          {
            "x": 113,
            "y": 387.0
          },
          {
            "x": 116.0,
            "y": 387.0
          },
          {
            "x": 117,
            "y": 388
          },
          {
            "x": 119,
            "y": 388
          },
          {
            "x": 120.0,
            "y": 389
          },
          {
            "x": 123,
            "y": 389
          },
          {
            "x": 124.0,
            "y": 388
          },
          {
            "x": 125,
            "y": 388
          },
          {
            "x": 127,
            "y": 386
          },
          {
            "x": 128.0,
            "y": 386
          },
          {
            "x": 129,
            "y": 385
          },
          {
            "x": 130.0,
            "y": 385
          },
          {
            "x": 132.0,
            "y": 383.0
          },
          {
            "x": 132.0,
            "y": 382
          },
          {
            "x": 133,
            "y": 381
          },
          {
            "x": 133,
            "y": 380
          },
          {
            "x": 134.0,
            "y": 379.0
          },
          {
            "x": 134.0,
            "y": 377
          },
          {
            "x": 136.0,
            "y": 375.0
          },
          {
            "x": 136.0,
            "y": 368
          },
          {
            "x": 135,
            "y": 367.0
          },
          {
            "x": 135,
            "y": 363.0
          },
          {
            "x": 136.0,
            "y": 362
          },
          {
            "x": 136.0,
            "y": 360
          },
          {
            "x": 138.0,
            "y": 358
          },
          {
            "x": 138.0,
            "y": 356
          },
          {
            "x": 144.0,
            "y": 350
          },
          {
            "x": 145,
            "y": 350
          },
          {
            "x": 148.0,
            "y": 347.0
          },
          {
            "x": 149,
            "y": 347.0
          },
          {
            "x": 152.0,
            "y": 344
          },
          {
            "x": 152.0,
            "y": 343.0
          },
          {
            "x": 155,
            "y": 340
          },
          {
            "x": 155,
            "y": 339.0
          },
          {
            "x": 158,
            "y": 336
          },
          {
            "x": 159,
            "y": 336
          },
          {
            "x": 159,
            "y": 335.0
          },
          {
            "x": 163,
            "y": 331
          },
          {
            "x": 163,
            "y": 330
          },
          {
            "x": 166,
            "y": 327
          },
          {
            "x": 166,
            "y": 326
          },
          {
            "x": 168,
            "y": 324
          },
          {
            "x": 168,
            "y": 323
          },
          {
            "x": 169,
            "y": 322
          },
          {
            "x": 169,
            "y": 321
          },
          {
            "x": 170,
            "y": 320
          },
          {
            "x": 171,
            "y": 320
          },
          {
            "x": 171,
            "y": 319
          },
          {
            "x": 172,
            "y": 318
          },
          {
            "x": 172,
            "y": 317
          },
          {
            "x": 173,
            "y": 316
          },
          {
            "x": 173,
            "y": 315
          },
          {
            "x": 174,
            "y": 314
          },
          {
            "x": 175,
            "y": 314
          },
          {
            "x": 175,
            "y": 313
          },
          {
            "x": 176,
            "y": 312
          },
          {
            "x": 178,
            "y": 312
          },
          {
            "x": 179,
            "y": 313
          },
          {
            "x": 179,
            "y": 314
          },
          {
            "x": 181,
            "y": 316
          },
          {
            "x": 181,
            "y": 321
          },
          {
            "x": 180,
            "y": 322
          },
          {
            "x": 180,
            "y": 323
          },
          {
            "x": 179,
            "y": 324
          },
          {
            "x": 179,
            "y": 326
          },
          {
            "x": 178,
            "y": 327
          },
          {
            "x": 178,
            "y": 345
          },
          {
            "x": 179,
            "y": 346
          },
          {
            "x": 179,
            "y": 349
          },
          {
            "x": 181,
            "y": 351.0
          },
          {
            "x": 181,
            "y": 353
          },
          {
            "x": 182,
            "y": 354
          },
          {
            "x": 182,
            "y": 356
          },
          {
            "x": 183,
            "y": 357
          },
          {
            "x": 183,
            "y": 358
          },
          {
            "x": 185,
            "y": 360
          },
          {
            "x": 185,
            "y": 362
          },
          {
            "x": 187,
            "y": 364
          },
          {
            "x": 187,
            "y": 366
          },
          {
            "x": 190,
            "y": 369
          },
          {
            "x": 190,
            "y": 370
          },
          {
            "x": 191,
            "y": 371.0
          },
          {
            "x": 191,
            "y": 372
          },
          {
            "x": 195,
            "y": 376
          },
          {
            "x": 196,
            "y": 376
          },
          {
            "x": 200,
            "y": 380
          },
          {
            "x": 200,
            "y": 381
          },
          {
            "x": 203,
            "y": 384
          },
          {
            "x": 203,
            "y": 385
          },
          {
            "x": 209.0,
            "y": 391.0
          },
          {
            "x": 209.0,
            "y": 392
          },
          {
            "x": 210,
            "y": 392
          },
          {
            "x": 211,
            "y": 393
          },
          {
            "x": 211,
            "y": 394
          },
          {
            "x": 213.0,
            "y": 396
          },
          {
            "x": 213.0,
            "y": 397
          },
          {
            "x": 214,
            "y": 398
          },
          {
            "x": 215,
            "y": 398
          },
          {
            "x": 218,
            "y": 401
          },
          {
            "x": 219,
            "y": 401
          },
          {
            "x": 223,
            "y": 405
          },
          {
            "x": 224.0,
            "y": 405
          },
          {
            "x": 229.0,
            "y": 410
          },
          {
            "x": 230,
            "y": 410
          },
          {
            "x": 231.0,
            "y": 411.0
          },
          {
            "x": 232.0,
            "y": 411.0
          },
          {
            "x": 235.0,
            "y": 414
          },
          {
            "x": 236.0,
            "y": 414
          },
          {
            "x": 239.0,
            "y": 417
          },
          {
            "x": 240.0,
            "y": 417
          },
          {
            "x": 241.0,
            "y": 418
          },
          {
            "x": 246,
            "y": 418
          },
          {
            "x": 247.0,
            "y": 419.0
          },
          {
            "x": 263,
            "y": 419.0
          },
          {
            "x": 264.0,
            "y": 420
          },
          {
            "x": 268.0,
            "y": 420
          },
          {
            "x": 269,
            "y": 419.0
          },
          {
            "x": 270,
            "y": 419.0
          },
          {
            "x": 273,
            "y": 416
          },
          {
            "x": 273,
            "y": 415.0
          },
          {
            "x": 274,
            "y": 414
          },
          {
            "x": 274,
            "y": 413
          },
          {
            "x": 275.0,
            "y": 412
          },
          {
            "x": 275.0,
            "y": 411.0
          },
          {
            "x": 276.0,
            "y": 410
          },
          {
            "x": 276.0,
            "y": 405
          },
          {
            "x": 277,
            "y": 404
          },
          {
            "x": 277,
            "y": 397
          },
          {
            "x": 276.0,
            "y": 396
          },
          {
            "x": 276.0,
            "y": 391.0
          },
          {
            "x": 275.0,
            "y": 390
          },
          {
            "x": 275.0,
            "y": 389
          },
          {
            "x": 274,
            "y": 388
          },
          {
            "x": 274,
            "y": 383.0
          },
          {
            "x": 273,
            "y": 382
          },
          {
            "x": 273,
            "y": 381
          },
          {
            "x": 272.0,
            "y": 380
          },
          {
            "x": 272.0,
            "y": 379.0
          },
          {
            "x": 271,
            "y": 378
          },
          {
            "x": 271,
            "y": 376
          },
          {
            "x": 270,
            "y": 375.0
          },
          {
            "x": 270,
            "y": 374
          },
          {
            "x": 269,
            "y": 373
          },
          {
            "x": 269,
            "y": 372
          },
          {
            "x": 268.0,
            "y": 371.0
          },
          {
            "x": 268.0,
            "y": 369
          },
          {
            "x": 267.0,
            "y": 368
          },
          {
            "x": 267.0,
            "y": 367.0
          },
          {
            "x": 265,
            "y": 365
          },
          {
            "x": 265,
            "y": 364
          },
          {
            "x": 264.0,
            "y": 363.0
          },
          {
            "x": 264.0,
            "y": 362
          },
          {
            "x": 263,
            "y": 361
          },
          {
            "x": 263,
            "y": 360
          },
          {
            "x": 262,
            "y": 359.0
          },
          {
            "x": 262,
            "y": 357
          },
          {
            "x": 261,
            "y": 357
          },
          {
            "x": 256.0,
            "y": 352
          },
          {
            "x": 256.0,
            "y": 351.0
          },
          {
            "x": 254,
            "y": 349
          },
          {
            "x": 254,
            "y": 348
          },
          {
            "x": 251.0,
            "y": 345
          },
          {
            "x": 251.0,
            "y": 344
          },
          {
            "x": 248.0,
            "y": 341
          },
          {
            "x": 247.0,
            "y": 341
          },
          {
            "x": 246,
            "y": 340
          },
          {
            "x": 246,
            "y": 339.0
          },
          {
            "x": 245.0,
            "y": 339.0
          },
          {
            "x": 241.0,
            "y": 335.0
          },
          {
            "x": 240.0,
            "y": 335.0
          },
          {
            "x": 238,
            "y": 333
          },
          {
            "x": 237.0,
            "y": 333
          },
          {
            "x": 236.0,
            "y": 332
          },
          {
            "x": 235.0,
            "y": 332
          },
          {
            "x": 234,
            "y": 331
          },
          {
            "x": 234,
            "y": 330
          },
          {
            "x": 233.0,
            "y": 330
          },
          {
            "x": 232.0,
            "y": 329
          },
          {
            "x": 231.0,
            "y": 329
          },
          {
            "x": 230,
            "y": 328
          },
          {
            "x": 229.0,
            "y": 328
          },
          {
            "x": 228.0,
            "y": 327
          },
          {
            "x": 228.0,
            "y": 326
          },
          {
            "x": 227,
            "y": 326
          },
          {
            "x": 226,
            "y": 325
          },
          {
            "x": 225.0,
            "y": 325
          },
          {
            "x": 222,
            "y": 322
          },
          {
            "x": 221.0,
            "y": 322
          },
          {
            "x": 220.0,
            "y": 321
          },
          {
            "x": 219,
            "y": 321
          },
          {
            "x": 218,
            "y": 320
          },
          {
            "x": 217.0,
            "y": 320
          },
          {
            "x": 216.0,
            "y": 319
          },
          {
            "x": 215,
            "y": 319
          },
          {
            "x": 213.0,
            "y": 317
          },
          {
            "x": 212.0,
            "y": 317
          },
          {
            "x": 211,
            "y": 316
          },
          {
            "x": 210,
            "y": 316
          },
          {
            "x": 208.0,
            "y": 314
          },
          {
            "x": 208.0,
            "y": 313
          },
          {
            "x": 206,
            "y": 311
          },
          {
            "x": 205.0,
            "y": 311
          },
          {
            "x": 203,
            "y": 309
          },
          {
            "x": 202,
            "y": 309
          },
          {
            "x": 199,
            "y": 306
          },
          {
            "x": 199,
            "y": 305
          },
          {
            "x": 198,
            "y": 304
          },
          {
            "x": 198,
            "y": 303
          },
          {
            "x": 196,
            "y": 301
          },
          {
            "x": 196,
            "y": 300
          },
          {
            "x": 193,
            "y": 297
          },
          {
            "x": 193,
            "y": 296
          },
          {
            "x": 192,
            "y": 296
          },
          {
            "x": 191,
            "y": 295
          },
          {
            "x": 191,
            "y": 294
          },
          {
            "x": 190,
            "y": 293
          },
          {
            "x": 190,
            "y": 292
          },
          {
            "x": 189,
            "y": 291
          },
          {
            "x": 189,
            "y": 289
          },
          {
            "x": 187,
            "y": 287
          },
          {
            "x": 187,
            "y": 286
          },
          {
            "x": 186,
            "y": 285
          },
          {
            "x": 186,
            "y": 283
          },
          {
            "x": 184,
            "y": 281
          },
          {
            "x": 184,
            "y": 280
          },
          {
            "x": 178,
            "y": 274
          },
          {
            "x": 178,
            "y": 273
          },
          {
            "x": 176,
            "y": 271
          },
          {
            "x": 176,
            "y": 270
          },
          {
            "x": 175,
            "y": 269
          },
          {
            "x": 175,
            "y": 266
          },
          {
            "x": 179,
            "y": 262
          },
          {
            "x": 180,
            "y": 262
          },
          {
            "x": 186,
            "y": 256
          },
          {
            "x": 186,
            "y": 255.0
          },
          {
            "x": 188,
            "y": 253.0
          },
          {
            "x": 188,
            "y": 252
          },
          {
            "x": 189,
            "y": 251.0
          },
          {
            "x": 189,
            "y": 250
          },
          {
            "x": 190,
            "y": 249.0
          },
          {
            "x": 190,
            "y": 247.0
          },
          {
            "x": 191,
            "y": 246
          },
          {
            "x": 191,
            "y": 242
          },
          {
            "x": 190,
            "y": 241.0
          },
          {
            "x": 190,
            "y": 238
          },
          {
            "x": 189,
            "y": 237.0
          },
          {
            "x": 189,
            "y": 235.0
          },
          {
            "x": 188,
            "y": 234
          },
          {
            "x": 188,
            "y": 233.0
          },
          {
            "x": 186,
            "y": 231.0
          },
          {
            "x": 186,
            "y": 230
          },
          {
            "x": 184,
            "y": 230
          },
          {
            "x": 183,
            "y": 229
          },
          {
            "x": 177,
            "y": 229
          },
          {
            "x": 176,
            "y": 230
          },
          {
            "x": 176,
            "y": 232
          },
          {
            "x": 177,
            "y": 233.0
          },
          {
            "x": 181,
            "y": 233.0
          },
          {
            "x": 182,
            "y": 234
          },
          {
            "x": 183,
            "y": 234
          },
          {
            "x": 185,
            "y": 236
          },
          {
            "x": 185,
            "y": 241.0
          },
          {
            "x": 183,
            "y": 243.0
          },
          {
            "x": 183,
            "y": 244
          },
          {
            "x": 181,
            "y": 246
          },
          {
            "x": 180,
            "y": 246
          },
          {
            "x": 179,
            "y": 247.0
          },
          {
            "x": 178,
            "y": 247.0
          },
          {
            "x": 177,
            "y": 248
          },
          {
            "x": 175,
            "y": 248
          },
          {
            "x": 172,
            "y": 251.0
          },
          {
            "x": 171,
            "y": 251.0
          },
          {
            "x": 170,
            "y": 252
          },
          {
            "x": 169,
            "y": 252
          },
          {
            "x": 167,
            "y": 254
          },
          {
            "x": 164,
            "y": 254
          },
          {
            "x": 163,
            "y": 255.0
          },
          {
            "x": 159,
            "y": 255.0
          },
          {
            "x": 158,
            "y": 256
          },
          {
            "x": 157,
            "y": 256
          },
          {
            "x": 157,
            "y": 257
          },
          {
            "x": 156.0,
            "y": 258
          },
          {
            "x": 155,
            "y": 258
          },
          {
            "x": 148.0,
            "y": 265
          },
          {
            "x": 147,
            "y": 265
          },
          {
            "x": 147,
            "y": 266
          },
          {
            "x": 145,
            "y": 268
          },
          {
            "x": 143,
            "y": 268
          },
          {
            "x": 142.0,
            "y": 269
          },
          {
            "x": 139,
            "y": 269
          },
          {
            "x": 138.0,
            "y": 268
          },
          {
            "x": 138.0,
            "y": 260
          },
          {
            "x": 136.0,
            "y": 258
          },
          {
            "x": 130.0,
            "y": 258
          },
          {
            "x": 127,
            "y": 261
          },
          {
            "x": 127,
            "y": 268
          },
          {
            "x": 126.0,
            "y": 269
          },
          {
            "x": 121,
            "y": 269
          },
          {
            "x": 120.0,
            "y": 268
          },
          {
            "x": 117,
            "y": 268
          },
          {
            "x": 116.0,
            "y": 267
          },
          {
            "x": 112.0,
            "y": 267
          },
          {
            "x": 111,
            "y": 268
          },
          {
            "x": 105,
            "y": 268
          },
          {
            "x": 103,
            "y": 270
          },
          {
            "x": 103,
            "y": 272
          },
          {
            "x": 104.0,
            "y": 273
          },
          {
            "x": 111,
            "y": 273
          },
          {
            "x": 112.0,
            "y": 272
          },
          {
            "x": 118.0,
            "y": 272
          },
          {
            "x": 119,
            "y": 273
          },
          {
            "x": 121,
            "y": 273
          },
          {
            "x": 122.0,
            "y": 274
          },
          {
            "x": 123,
            "y": 274
          },
          {
            "x": 126.0,
            "y": 277
          },
          {
            "x": 126.0,
            "y": 278
          },
          {
            "x": 125,
            "y": 279
          },
          {
            "x": 125,
            "y": 280
          },
          {
            "x": 123,
            "y": 282
          },
          {
            "x": 122.0,
            "y": 282
          },
          {
            "x": 121,
            "y": 283
          },
          {
            "x": 121,
            "y": 284
          },
          {
            "x": 119,
            "y": 286
          },
          {
            "x": 118.0,
            "y": 286
          },
          {
            "x": 117,
            "y": 287
          },
          {
            "x": 105,
            "y": 287
          },
          {
            "x": 103,
            "y": 285
          },
          {
            "x": 103,
            "y": 282
          },
          {
            "x": 102.0,
            "y": 281
          },
          {
            "x": 102.0,
            "y": 279
          },
          {
            "x": 101,
            "y": 278
          },
          {
            "x": 101,
            "y": 277
          },
          {
            "x": 100.0,
            "y": 277
          },
          {
            "x": 98.0,
            "y": 275
          },
          {
            "x": 98.0,
            "y": 273
          },
          {
            "x": 97,
            "y": 272
          },
          {
            "x": 97,
            "y": 270
          },
          {
            "x": 95,
            "y": 268
          },
          {
            "x": 93,
            "y": 268
          },
          {
            "x": 92.0,
            "y": 267
          },
          {
            "x": 84.0,
            "y": 267
          },
          {
            "x": 83,
            "y": 266
          },
          {
            "x": 82.0,
            "y": 266
          },
          {
            "x": 80.0,
            "y": 264
          },
          {
            "x": 80.0,
            "y": 263
          },
          {
            "x": 79,
            "y": 262
          },
          {
            "x": 79,
            "y": 258
          },
          {
            "x": 78.0,
            "y": 257
          },
          {
            "x": 78.0,
            "y": 255.0
          },
          {
            "x": 77,
            "y": 254
          },
          {
            "x": 77,
            "y": 252
          },
          {
            "x": 75.0,
            "y": 250
          },
          {
            "x": 75.0,
            "y": 249.0
          },
          {
            "x": 74.0,
            "y": 248
          },
          {
            "x": 74.0,
            "y": 247.0
          },
          {
            "x": 73.0,
            "y": 246
          },
          {
            "x": 75.0,
            "y": 244
          },
          {
            "x": 75.0,
            "y": 243.0
          },
          {
            "x": 79,
            "y": 239.0
          },
          {
            "x": 80.0,
            "y": 239.0
          },
          {
            "x": 81,
            "y": 238
          },
          {
            "x": 82.0,
            "y": 238
          },
          {
            "x": 84.0,
            "y": 236
          },
          {
            "x": 84.0,
            "y": 232
          },
          {
            "x": 83,
            "y": 231.0
          },
          {
            "x": 83,
            "y": 230
          },
          {
            "x": 82.0,
            "y": 229
          },
          {
            "x": 82.0,
            "y": 228
          },
          {
            "x": 81,
            "y": 227
          },
          {
            "x": 81,
            "y": 225
          },
          {
            "x": 80.0,
            "y": 224
          },
          {
            "x": 80.0,
            "y": 223
          },
          {
            "x": 74.0,
            "y": 217
          },
          {
            "x": 73.0,
            "y": 217
          },
          {
            "x": 72.0,
            "y": 216
          },
          {
            "x": 69.0,
            "y": 216
          },
          {
            "x": 68.0,
            "y": 215
          },
          {
            "x": 65.0,
            "y": 215
          },
          {
            "x": 64.0,
            "y": 214
          },
          {
            "x": 63.0,
            "y": 214
          },
          {
            "x": 62.0,
            "y": 213
          },
          {
            "x": 57.0,
            "y": 213
          },
          {
            "x": 56.0,
            "y": 212
          },
          {
            "x": 39.0,
            "y": 212
          },
          {
            "x": 38.0,
            "y": 213
          },
          {
            "x": 37.0,
            "y": 213
          },
          {
            "x": 33.0,
            "y": 217
          },
          {
            "x": 33.0,
            "y": 218
          },
          {
            "x": 32.0,
            "y": 219
          },
          {
            "x": 31.0,
            "y": 219
          },
          {
            "x": 30.0,
            "y": 220
          },
          {
            "x": 21.0,
            "y": 220
          },
          {
            "x": 20.0,
            "y": 221
          },
          {
            "x": 15.0,
            "y": 221
          },
          {
            "x": 14.0,
            "y": 222
          },
          {
            "x": 7.0,
            "y": 222
          },
          {
            "x": 6.0,
            "y": 223
          },
          {
            "x": 4.0,
            "y": 223
          },
          {
            "x": 3.0,
            "y": 224
          },
          {
            "x": 2.0,
            "y": 224
          },
          {
            "x": 1.0,
            "y": 223
          }
        ]
      }
    }
  ]
}