{
  "image": {
    "width": 500,
    "height": 401,
    "filename": "00000113.jpg",
    "original_filename": "COCO_test2014_000000004499.jpg",
    "url": "https://darwin.v7labs.com/api/images/1197619/original?token=af5accd5-7ecb-4550-848c-a4c83b1a9a3a",
    "thumbnail_url": "https://darwin.v7labs.com/api/images/1197619/thumbnail?token=af5accd5-7ecb-4550-848c-a4c83b1a9a3a",
    "workview_url": "https://darwin.v7labs.com/workview?dataset=1165&image=113"
  },
  "dataset": "4_Saltanat_ver2",
  "annotated": true,
  "annotations": [
    {
      "annotator": {
        "email": "begimbaeva.s95@gmail.com",
        "full_name": "Saltanat Begimbaeva"
      },
      "name": "Men Polygon ",
      "polygon": {
        "path": [
          {
            "x": 304,
            "y": 17
          },
          {
            "x": 303.0,
            "y": 18
          },
          {
            "x": 302,
            "y": 18
          },
          {
            "x": 301.0,
            "y": 19.0
          },
          {
            "x": 300,
            "y": 19.0
          },
          {
            "x": 298,
            "y": 21
          },
          {
            "x": 297,
            "y": 21
          },
          {
            "x": 296.0,
            "y": 22.0
          },
          {
            "x": 295,
            "y": 22.0
          },
          {
            "x": 294.0,
            "y": 23
          },
          {
            "x": 292.0,
            "y": 23
          },
          {
            "x": 291,
            "y": 24
          },
          {
            "x": 288,
            "y": 24
          },
          {
            "x": 287,
            "y": 25.0
          },
          {
            "x": 286,
            "y": 25.0
          },
          {
            "x": 285,
            "y": 26.0
          },
          {
            "x": 281.0,
            "y": 26.0
          },
          {
            "x": 280,
            "y": 27
          },
          {
            "x": 279.0,
            "y": 27
          },
          {
            "x": 277.0,
            "y": 29.0
          },
          {
            "x": 276,
            "y": 29.0
          },
          {
            "x": 276,
            "y": 35.0
          },
          {
            "x": 280,
            "y": 39
          },
          {
            "x": 281.0,
            "y": 39
          },
          {
            "x": 282,
            "y": 40
          },
          {
            "x": 283.0,
            "y": 40
          },
          {
            "x": 284,
            "y": 41.0
          },
          {
            "x": 284,
            "y": 43
          },
          {
            "x": 285,
            "y": 44.0
          },
          {
            "x": 285,
            "y": 56.0
          },
          {
            "x": 286,
            "y": 57
          },
          {
            "x": 286,
            "y": 61
          },
          {
            "x": 287,
            "y": 62.0
          },
          {
            "x": 287,
            "y": 65
          },
          {
            "x": 288,
            "y": 66
          },
          {
            "x": 288,
            "y": 67
          },
          {
            "x": 290.0,
            "y": 69
          },
          {
            "x": 291,
            "y": 69
          },
          {
            "x": 292.0,
            "y": 70
          },
          {
            "x": 294.0,
            "y": 70
          },
          {
            "x": 297,
            "y": 73
          },
          {
            "x": 297,
            "y": 74
          },
          {
            "x": 298,
            "y": 75
          },
          {
            "x": 298,
            "y": 77.0
          },
          {
            "x": 295,
            "y": 80
          },
          {
            "x": 294.0,
            "y": 80
          },
          {
            "x": 293,
            "y": 81.0
          },
          {
            "x": 288.45,
            "y": 82.36
          },
          {
            "x": 282,
            "y": 82.0
          },
          {
            "x": 281.0,
            "y": 82.0
          },
          {
            "x": 280,
            "y": 83.0
          },
          {
            "x": 278,
            "y": 83.0
          },
          {
            "x": 277.0,
            "y": 84
          },
          {
            "x": 276,
            "y": 84
          },
          {
            "x": 275,
            "y": 82.73
          },
          {
            "x": 273.91,
            "y": 84.55
          },
          {
            "x": 266.09,
            "y": 85.09
          },
          {
            "x": 263.36,
            "y": 85.09
          },
          {
            "x": 261.0,
            "y": 85
          },
          {
            "x": 256,
            "y": 85
          },
          {
            "x": 255.0,
            "y": 84
          },
          {
            "x": 254,
            "y": 85
          },
          {
            "x": 253.0,
            "y": 85
          },
          {
            "x": 252,
            "y": 86
          },
          {
            "x": 252,
            "y": 87
          },
          {
            "x": 251.27,
            "y": 85.0
          },
          {
            "x": 248.91,
            "y": 83.64
          },
          {
            "x": 249.73,
            "y": 84.0
          },
          {
            "x": 247,
            "y": 87
          },
          {
            "x": 246.0,
            "y": 86
          },
          {
            "x": 246.0,
            "y": 84
          },
          {
            "x": 247,
            "y": 83.0
          },
          {
            "x": 245,
            "y": 83.0
          },
          {
            "x": 244.0,
            "y": 82.0
          },
          {
            "x": 242.0,
            "y": 82.0
          },
          {
            "x": 241,
            "y": 83.0
          },
          {
            "x": 239.0,
            "y": 83.0
          },
          {
            "x": 237.0,
            "y": 85
          },
          {
            "x": 235.0,
            "y": 85
          },
          {
            "x": 231.0,
            "y": 89.0
          },
          {
            "x": 231.0,
            "y": 94.0
          },
          {
            "x": 233.0,
            "y": 96
          },
          {
            "x": 237.0,
            "y": 96
          },
          {
            "x": 238.0,
            "y": 97
          },
          {
            "x": 251.0,
            "y": 97
          },
          {
            "x": 252,
            "y": 98
          },
          {
            "x": 256,
            "y": 98
          },
          {
            "x": 257.0,
            "y": 99
          },
          {
            "x": 261.0,
            "y": 99
          },
          {
            "x": 262,
            "y": 100.0
          },
          {
            "x": 268.0,
            "y": 100.0
          },
          {
            "x": 269,
            "y": 99
          },
          {
            "x": 275,
            "y": 99
          },
          {
            "x": 276,
            "y": 98
          },
          {
            "x": 282,
            "y": 98
          },
          {
            "x": 283.0,
            "y": 97
          },
          {
            "x": 284,
            "y": 97
          },
          {
            "x": 285,
            "y": 96
          },
          {
            "x": 294.0,
            "y": 96
          },
          {
            "x": 295,
            "y": 97
          },
          {
            "x": 296.0,
            "y": 97
          },
          {
            "x": 298,
            "y": 99
          },
          {
            "x": 298,
            "y": 120
          },
          {
            "x": 297,
            "y": 121
          },
          {
            "x": 297,
            "y": 122
          },
          {
            "x": 296.0,
            "y": 123
          },
          {
            "x": 295,
            "y": 123
          },
          {
            "x": 294.0,
            "y": 124.0
          },
          {
            "x": 278,
            "y": 124.0
          },
          {
            "x": 277.0,
            "y": 123
          },
          {
            "x": 272.0,
            "y": 123
          },
          {
            "x": 271,
            "y": 122
          },
          {
            "x": 270.0,
            "y": 122
          },
          {
            "x": 269,
            "y": 121
          },
          {
            "x": 262,
            "y": 121
          },
          {
            "x": 261.0,
            "y": 122
          },
          {
            "x": 260,
            "y": 122
          },
          {
            "x": 259.0,
            "y": 123
          },
          {
            "x": 259.0,
            "y": 124.0
          },
          {
            "x": 258,
            "y": 125.0
          },
          {
            "x": 258,
            "y": 128
          },
          {
            "x": 257.0,
            "y": 129
          },
          {
            "x": 257.0,
            "y": 133
          },
          {
            "x": 260,
            "y": 136
          },
          {
            "x": 261.0,
            "y": 136
          },
          {
            "x": 262,
            "y": 137
          },
          {
            "x": 263,
            "y": 137
          },
          {
            "x": 264.0,
            "y": 138
          },
          {
            "x": 269,
            "y": 138
          },
          {
            "x": 270.0,
            "y": 137
          },
          {
            "x": 273,
            "y": 137
          },
          {
            "x": 274.0,
            "y": 138
          },
          {
            "x": 282,
            "y": 138
          },
          {
            "x": 283.0,
            "y": 139
          },
          {
            "x": 284,
            "y": 139
          },
          {
            "x": 285,
            "y": 140
          },
          {
            "x": 287,
            "y": 140
          },
          {
            "x": 288,
            "y": 141
          },
          {
            "x": 303.0,
            "y": 141
          },
          {
            "x": 304,
            "y": 142
          },
          {
            "x": 304,
            "y": 143
          },
          {
            "x": 306,
            "y": 145
          },
          {
            "x": 306,
            "y": 147
          },
          {
            "x": 307.0,
            "y": 148
          },
          {
            "x": 307.0,
            "y": 153
          },
          {
            "x": 308,
            "y": 154
          },
          {
            "x": 308,
            "y": 157
          },
          {
            "x": 309.0,
            "y": 158
          },
          {
            "x": 309.0,
            "y": 162
          },
          {
            "x": 311,
            "y": 164
          },
          {
            "x": 311,
            "y": 169
          },
          {
            "x": 312.0,
            "y": 170
          },
          {
            "x": 312.0,
            "y": 175.0
          },
          {
            "x": 311,
            "y": 176.0
          },
          {
            "x": 311,
            "y": 181
          },
          {
            "x": 309.0,
            "y": 183
          },
          {
            "x": 309.0,
            "y": 185
          },
          {
            "x": 308,
            "y": 186.0
          },
          {
            "x": 307.0,
            "y": 186.0
          },
          {
            "x": 307.0,
            "y": 187.0
          },
          {
            "x": 306,
            "y": 188.0
          },
          {
            "x": 305.0,
            "y": 188.0
          },
          {
            "x": 302,
            "y": 191.0
          },
          {
            "x": 302,
            "y": 193
          },
          {
            "x": 301.0,
            "y": 194
          },
          {
            "x": 301.0,
            "y": 195
          },
          {
            "x": 300,
            "y": 196
          },
          {
            "x": 300,
            "y": 197
          },
          {
            "x": 290.0,
            "y": 207
          },
          {
            "x": 290.0,
            "y": 208
          },
          {
            "x": 285,
            "y": 213.0
          },
          {
            "x": 285,
            "y": 214.0
          },
          {
            "x": 283.0,
            "y": 216
          },
          {
            "x": 283.0,
            "y": 217
          },
          {
            "x": 281.0,
            "y": 219
          },
          {
            "x": 281.0,
            "y": 220
          },
          {
            "x": 279.0,
            "y": 222
          },
          {
            "x": 278,
            "y": 222
          },
          {
            "x": 278,
            "y": 223
          },
          {
            "x": 277.0,
            "y": 224.0
          },
          {
            "x": 277.0,
            "y": 225.0
          },
          {
            "x": 275,
            "y": 227.0
          },
          {
            "x": 275,
            "y": 228
          },
          {
            "x": 274.0,
            "y": 229
          },
          {
            "x": 274.0,
            "y": 230
          },
          {
            "x": 272.0,
            "y": 232
          },
          {
            "x": 272.0,
            "y": 233
          },
          {
            "x": 271,
            "y": 234
          },
          {
            "x": 271,
            "y": 235
          },
          {
            "x": 269,
            "y": 237.0
          },
          {
            "x": 269,
            "y": 239.0
          },
          {
            "x": 267,
            "y": 241
          },
          {
            "x": 267,
            "y": 243
          },
          {
            "x": 264.0,
            "y": 246
          },
          {
            "x": 264.0,
            "y": 247
          },
          {
            "x": 263,
            "y": 248.0
          },
          {
            "x": 263,
            "y": 249.0
          },
          {
            "x": 262,
            "y": 250.0
          },
          {
            "x": 262,
            "y": 251.0
          },
          {
            "x": 260,
            "y": 253
          },
          {
            "x": 260,
            "y": 256
          },
          {
            "x": 259.0,
            "y": 257
          },
          {
            "x": 259.0,
            "y": 258
          },
          {
            "x": 258,
            "y": 259
          },
          {
            "x": 258,
            "y": 261
          },
          {
            "x": 259.0,
            "y": 262
          },
          {
            "x": 259.0,
            "y": 265
          },
          {
            "x": 260,
            "y": 266
          },
          {
            "x": 260,
            "y": 269
          },
          {
            "x": 261.0,
            "y": 270
          },
          {
            "x": 261.0,
            "y": 271
          },
          {
            "x": 262,
            "y": 272
          },
          {
            "x": 262,
            "y": 275
          },
          {
            "x": 263,
            "y": 276
          },
          {
            "x": 263,
            "y": 278
          },
          {
            "x": 264.0,
            "y": 279
          },
          {
            "x": 264.0,
            "y": 282
          },
          {
            "x": 265,
            "y": 283
          },
          {
            "x": 265,
            "y": 284
          },
          {
            "x": 266.0,
            "y": 285
          },
          {
            "x": 266.0,
            "y": 286
          },
          {
            "x": 267,
            "y": 287
          },
          {
            "x": 267,
            "y": 291
          },
          {
            "x": 268.0,
            "y": 292
          },
          {
            "x": 268.0,
            "y": 294
          },
          {
            "x": 269,
            "y": 295
          },
          {
            "x": 269,
            "y": 297
          },
          {
            "x": 271,
            "y": 299
          },
          {
            "x": 271,
            "y": 302
          },
          {
            "x": 273,
            "y": 304
          },
          {
            "x": 273,
            "y": 305
          },
          {
            "x": 274.0,
            "y": 306
          },
          {
            "x": 274.0,
            "y": 308
          },
          {
            "x": 275,
            "y": 309
          },
          {
            "x": 275,
            "y": 310
          },
          {
            "x": 276,
            "y": 311
          },
          {
            "x": 276,
            "y": 313
          },
          {
            "x": 277.0,
            "y": 314
          },
          {
            "x": 277.0,
            "y": 315
          },
          {
            "x": 278,
            "y": 316
          },
          {
            "x": 278,
            "y": 319
          },
          {
            "x": 279.0,
            "y": 320
          },
          {
            "x": 279.0,
            "y": 322
          },
          {
            "x": 280,
            "y": 323
          },
          {
            "x": 280,
            "y": 324
          },
          {
            "x": 281.0,
            "y": 325
          },
          {
            "x": 281.0,
            "y": 336
          },
          {
            "x": 278,
            "y": 339
          },
          {
            "x": 278,
            "y": 340
          },
          {
            "x": 276,
            "y": 342
          },
          {
            "x": 276,
            "y": 343
          },
          {
            "x": 275,
            "y": 344
          },
          {
            "x": 274.0,
            "y": 344
          },
          {
            "x": 274.0,
            "y": 345
          },
          {
            "x": 273,
            "y": 346
          },
          {
            "x": 271,
            "y": 346
          },
          {
            "x": 271,
            "y": 347
          },
          {
            "x": 270.0,
            "y": 348
          },
          {
            "x": 269,
            "y": 348
          },
          {
            "x": 268.0,
            "y": 349
          },
          {
            "x": 267,
            "y": 349
          },
          {
            "x": 265,
            "y": 351
          },
          {
            "x": 264.0,
            "y": 351
          },
          {
            "x": 263,
            "y": 352
          },
          {
            "x": 262,
            "y": 352
          },
          {
            "x": 260,
            "y": 354
          },
          {
            "x": 257.0,
            "y": 354
          },
          {
            "x": 256,
            "y": 355
          },
          {
            "x": 255.0,
            "y": 355
          },
          {
            "x": 254,
            "y": 356
          },
          {
            "x": 253.0,
            "y": 356
          },
          {
            "x": 251.0,
            "y": 358
          },
          {
            "x": 251.0,
            "y": 361
          },
          {
            "x": 252,
            "y": 362
          },
          {
            "x": 252,
            "y": 363.0
          },
          {
            "x": 253.0,
            "y": 363.0
          },
          {
            "x": 254,
            "y": 364
          },
          {
            "x": 256,
            "y": 364
          },
          {
            "x": 257.0,
            "y": 365.0
          },
          {
            "x": 261.0,
            "y": 365.0
          },
          {
            "x": 262,
            "y": 364
          },
          {
            "x": 273,
            "y": 364
          },
          {
            "x": 274.0,
            "y": 363.0
          },
          {
            "x": 275,
            "y": 363.0
          },
          {
            "x": 276,
            "y": 362
          },
          {
            "x": 279.0,
            "y": 362
          },
          {
            "x": 280,
            "y": 361
          },
          {
            "x": 282,
            "y": 361
          },
          {
            "x": 283.0,
            "y": 360
          },
          {
            "x": 287,
            "y": 360
          },
          {
            "x": 288,
            "y": 359
          },
          {
            "x": 290.0,
            "y": 359
          },
          {
            "x": 291,
            "y": 358
          },
          {
            "x": 294.0,
            "y": 358
          },
          {
            "x": 295,
            "y": 357
          },
          {
            "x": 299.0,
            "y": 357
          },
          {
            "x": 300,
            "y": 356
          },
          {
            "x": 301.0,
            "y": 356
          },
          {
            "x": 302,
            "y": 355
          },
          {
            "x": 303.0,
            "y": 355
          },
          {
            "x": 303.0,
            "y": 354
          },
          {
            "x": 305.0,
            "y": 352
          },
          {
            "x": 305.0,
            "y": 348
          },
          {
            "x": 304,
            "y": 347
          },
          {
            "x": 304,
            "y": 344
          },
          {
            "x": 303.0,
            "y": 343
          },
          {
            "x": 303.0,
            "y": 339
          },
          {
            "x": 302,
            "y": 338
          },
          {
            "x": 302,
            "y": 337
          },
          {
            "x": 301.0,
            "y": 336
          },
          {
            "x": 301.0,
            "y": 333
          },
          {
            "x": 299.0,
            "y": 331
          },
          {
            "x": 299.0,
            "y": 329
          },
          {
            "x": 298,
            "y": 328
          },
          {
            "x": 298,
            "y": 327
          },
          {
            "x": 297,
            "y": 326
          },
          {
            "x": 297,
            "y": 325
          },
          {
            "x": 296.0,
            "y": 324
          },
          {
            "x": 296.0,
            "y": 320
          },
          {
            "x": 295,
            "y": 319
          },
          {
            "x": 295,
            "y": 316
          },
          {
            "x": 294.0,
            "y": 315
          },
          {
            "x": 294.0,
            "y": 309
          },
          {
            "x": 293,
            "y": 308
          },
          {
            "x": 293,
            "y": 305
          },
          {
            "x": 292.0,
            "y": 304
          },
          {
            "x": 292.0,
            "y": 295
          },
          {
            "x": 291,
            "y": 294
          },
          {
            "x": 291,
            "y": 288
          },
          {
            "x": 290.0,
            "y": 287
          },
          {
            "x": 290.0,
            "y": 285
          },
          {
            "x": 289,
            "y": 284
          },
          {
            "x": 289,
            "y": 281
          },
          {
            "x": 288,
            "y": 280
          },
          {
            "x": 288,
            "y": 278
          },
          {
            "x": 287,
            "y": 277
          },
          {
            "x": 287,
            "y": 273
          },
          {
            "x": 286,
            "y": 272
          },
          {
            "x": 286,
            "y": 270
          },
          {
            "x": 285,
            "y": 269
          },
          {
            "x": 285,
            "y": 265
          },
          {
            "x": 287,
            "y": 263
          },
          {
            "x": 287,
            "y": 261
          },
          {
            "x": 290.0,
            "y": 258
          },
          {
            "x": 290.0,
            "y": 257
          },
          {
            "x": 293,
            "y": 254
          },
          {
            "x": 294.0,
            "y": 254
          },
          {
            "x": 297,
            "y": 251.0
          },
          {
            "x": 301.0,
            "y": 251.0
          },
          {
            "x": 302,
            "y": 250.0
          },
          {
            "x": 304,
            "y": 250.0
          },
          {
            "x": 305.0,
            "y": 249.0
          },
          {
            "x": 307.0,
            "y": 251.0
          },
          {
            "x": 308,
            "y": 251.0
          },
          {
            "x": 310,
            "y": 253
          },
          {
            "x": 312.0,
            "y": 253
          },
          {
            "x": 313,
            "y": 254
          },
          {
            "x": 320.0,
            "y": 247
          },
          {
            "x": 320.0,
            "y": 246
          },
          {
            "x": 324,
            "y": 242
          },
          {
            "x": 324,
            "y": 241
          },
          {
            "x": 327.0,
            "y": 238.0
          },
          {
            "x": 327.0,
            "y": 237.0
          },
          {
            "x": 329.0,
            "y": 235
          },
          {
            "x": 329.0,
            "y": 234
          },
          {
            "x": 330,
            "y": 233
          },
          {
            "x": 331.0,
            "y": 233
          },
          {
            "x": 332,
            "y": 232
          },
          {
            "x": 333.0,
            "y": 232
          },
          {
            "x": 334,
            "y": 233
          },
          {
            "x": 335.0,
            "y": 233
          },
          {
            "x": 336,
            "y": 234
          },
          {
            "x": 336,
            "y": 235
          },
          {
            "x": 337,
            "y": 236.0
          },
          {
            "x": 337,
            "y": 237.0
          },
          {
            "x": 338.0,
            "y": 237.0
          },
          {
            "x": 339,
            "y": 238.0
          },
          {
            "x": 339,
            "y": 239.0
          },
          {
            "x": 341,
            "y": 241
          },
          {
            "x": 341,
            "y": 242
          },
          {
            "x": 344.0,
            "y": 245
          },
          {
            "x": 344.0,
            "y": 246
          },
          {
            "x": 348,
            "y": 250.0
          },
          {
            "x": 348,
            "y": 251.0
          },
          {
            "x": 349,
            "y": 252
          },
          {
            "x": 349,
            "y": 253
          },
          {
            "x": 351.0,
            "y": 255
          },
          {
            "x": 351.0,
            "y": 258
          },
          {
            "x": 353.0,
            "y": 260
          },
          {
            "x": 353.0,
            "y": 261
          },
          {
            "x": 354,
            "y": 262
          },
          {
            "x": 354,
            "y": 267
          },
          {
            "x": 355.0,
            "y": 268
          },
          {
            "x": 355.0,
            "y": 269
          },
          {
            "x": 356,
            "y": 270
          },
          {
            "x": 356,
            "y": 273
          },
          {
            "x": 357.0,
            "y": 274
          },
          {
            "x": 357.0,
            "y": 275
          },
          {
            "x": 358,
            "y": 276
          },
          {
            "x": 358,
            "y": 279
          },
          {
            "x": 359,
            "y": 280
          },
          {
            "x": 359,
            "y": 281
          },
          {
            "x": 361,
            "y": 283
          },
          {
            "x": 361,
            "y": 284
          },
          {
            "x": 362.0,
            "y": 285
          },
          {
            "x": 362.0,
            "y": 286
          },
          {
            "x": 364.0,
            "y": 288
          },
          {
            "x": 364.0,
            "y": 289
          },
          {
            "x": 365,
            "y": 290
          },
          {
            "x": 365,
            "y": 291
          },
          {
            "x": 367,
            "y": 293
          },
          {
            "x": 367,
            "y": 294
          },
          {
            "x": 368.0,
            "y": 295
          },
          {
            "x": 368.0,
            "y": 296
          },
          {
            "x": 370.0,
            "y": 298
          },
          {
            "x": 370.0,
            "y": 299
          },
          {
            "x": 372,
            "y": 301
          },
          {
            "x": 372,
            "y": 302
          },
          {
            "x": 375.0,
            "y": 305
          },
          {
            "x": 375.0,
            "y": 307
          },
          {
            "x": 377.0,
            "y": 309
          },
          {
            "x": 377.0,
            "y": 311
          },
          {
            "x": 378,
            "y": 312
          },
          {
            "x": 378,
            "y": 313
          },
          {
            "x": 380,
            "y": 315
          },
          {
            "x": 380,
            "y": 316
          },
          {
            "x": 382,
            "y": 318
          },
          {
            "x": 382,
            "y": 320
          },
          {
            "x": 383.0,
            "y": 321
          },
          {
            "x": 383.0,
            "y": 322
          },
          {
            "x": 384,
            "y": 323
          },
          {
            "x": 384,
            "y": 324
          },
          {
            "x": 385.0,
            "y": 325
          },
          {
            "x": 385.0,
            "y": 327
          },
          {
            "x": 386.0,
            "y": 328
          },
          {
            "x": 386.0,
            "y": 337
          },
          {
            "x": 387.0,
            "y": 338
          },
          {
            "x": 387.0,
            "y": 340
          },
          {
            "x": 389.0,
            "y": 342
          },
          {
            "x": 389.0,
            "y": 343
          },
          {
            "x": 390.0,
            "y": 344
          },
          {
            "x": 390.0,
            "y": 345
          },
          {
            "x": 391.0,
            "y": 346
          },
          {
            "x": 391.0,
            "y": 348
          },
          {
            "x": 392,
            "y": 349
          },
          {
            "x": 392,
            "y": 353
          },
          {
            "x": 393.0,
            "y": 354
          },
          {
            "x": 393.0,
            "y": 358
          },
          {
            "x": 394.0,
            "y": 359
          },
          {
            "x": 394.0,
            "y": 363.0
          },
          {
            "x": 396,
            "y": 365.0
          },
          {
            "x": 396,
            "y": 366
          },
          {
            "x": 397,
            "y": 367.0
          },
          {
            "x": 409,
            "y": 367.0
          },
          {
            "x": 410,
            "y": 366
          },
          {
            "x": 411.0,
            "y": 366
          },
          {
            "x": 411.0,
            "y": 365.0
          },
          {
            "x": 414,
            "y": 362
          },
          {
            "x": 414,
            "y": 360
          },
          {
            "x": 416.0,
            "y": 358
          },
          {
            "x": 416.0,
            "y": 349
          },
          {
            "x": 415.0,
            "y": 349
          },
          {
            "x": 414,
            "y": 348
          },
          {
            "x": 414,
            "y": 347
          },
          {
            "x": 412.0,
            "y": 345
          },
          {
            "x": 412.0,
            "y": 344
          },
          {
            "x": 411.0,
            "y": 343
          },
          {
            "x": 411.0,
            "y": 340
          },
          {
            "x": 410,
            "y": 339
          },
          {
            "x": 410,
            "y": 337
          },
          {
            "x": 409,
            "y": 336
          },
          {
            "x": 409,
            "y": 332
          },
          {
            "x": 408.0,
            "y": 331
          },
          {
            "x": 408.0,
            "y": 330
          },
          {
            "x": 407.0,
            "y": 329
          },
          {
            "x": 407.0,
            "y": 325
          },
          {
            "x": 404.0,
            "y": 322
          },
          {
            "x": 404.0,
            "y": 321
          },
          {
            "x": 402.0,
            "y": 319
          },
          {
            "x": 402.0,
            "y": 316
          },
          {
            "x": 401,
            "y": 315
          },
          {
            "x": 401,
            "y": 313
          },
          {
            "x": 400.0,
            "y": 312
          },
          {
            "x": 400.0,
            "y": 308
          },
          {
            "x": 399.0,
            "y": 307
          },
          {
            "x": 399.0,
            "y": 306
          },
          {
            "x": 398.0,
            "y": 305
          },
          {
            "x": 398.0,
            "y": 304
          },
          {
            "x": 397,
            "y": 303
          },
          {
            "x": 397,
            "y": 301
          },
          {
            "x": 396,
            "y": 300
          },
          {
            "x": 396,
            "y": 299
          },
          {
            "x": 395.0,
            "y": 298
          },
          {
            "x": 395.0,
            "y": 297
          },
          {
            "x": 394.0,
            "y": 296
          },
          {
            "x": 394.0,
            "y": 295
          },
          {
            "x": 393.0,
            "y": 294
          },
          {
            "x": 393.0,
            "y": 292
          },
          {
            "x": 392,
            "y": 292
          },
          {
            "x": 391.0,
            "y": 291
          },
          {
            "x": 391.0,
            "y": 290
          },
          {
            "x": 390.0,
            "y": 289
          },
          {
            "x": 390.0,
            "y": 288
          },
          {
            "x": 388,
            "y": 286
          },
          {
            "x": 388,
            "y": 285
          },
          {
            "x": 385.0,
            "y": 282
          },
          {
            "x": 385.0,
            "y": 281
          },
          {
            "x": 383.0,
            "y": 279
          },
          {
            "x": 383.0,
            "y": 276
          },
          {
            "x": 382,
            "y": 275
          },
          {
            "x": 382,
            "y": 272
          },
          {
            "x": 381.0,
            "y": 271
          },
          {
            "x": 381.0,
            "y": 260
          },
          {
            "x": 385.0,
            "y": 256
          },
          {
            "x": 385.0,
            "y": 234
          },
          {
            "x": 384,
            "y": 233
          },
          {
            "x": 384,
            "y": 229
          },
          {
            "x": 383.0,
            "y": 228
          },
          {
            "x": 383.0,
            "y": 222
          },
          {
            "x": 382,
            "y": 221
          },
          {
            "x": 382,
            "y": 208
          },
          {
            "x": 383.0,
            "y": 207
          },
          {
            "x": 383.0,
            "y": 194
          },
          {
            "x": 382,
            "y": 193
          },
          {
            "x": 382,
            "y": 188.0
          },
          {
            "x": 381.0,
            "y": 187.0
          },
          {
            "x": 381.0,
            "y": 181
          },
          {
            "x": 380,
            "y": 180
          },
          {
            "x": 380,
            "y": 179
          },
          {
            "x": 379.0,
            "y": 178.0
          },
          {
            "x": 379.0,
            "y": 174
          },
          {
            "x": 378,
            "y": 173
          },
          {
            "x": 378,
            "y": 172
          },
          {
            "x": 377.0,
            "y": 171
          },
          {
            "x": 377.0,
            "y": 170
          },
          {
            "x": 376,
            "y": 169
          },
          {
            "x": 376,
            "y": 168
          },
          {
            "x": 375.0,
            "y": 167
          },
          {
            "x": 375.0,
            "y": 166
          },
          {
            "x": 374,
            "y": 165
          },
          {
            "x": 374,
            "y": 163
          },
          {
            "x": 373.0,
            "y": 162
          },
          {
            "x": 373.0,
            "y": 161
          },
          {
            "x": 372,
            "y": 160
          },
          {
            "x": 372,
            "y": 159
          },
          {
            "x": 371,
            "y": 158
          },
          {
            "x": 371,
            "y": 156
          },
          {
            "x": 369,
            "y": 154
          },
          {
            "x": 369,
            "y": 152
          },
          {
            "x": 367,
            "y": 150
          },
          {
            "x": 367,
            "y": 149
          },
          {
            "x": 366.0,
            "y": 148
          },
          {
            "x": 366.0,
            "y": 146
          },
          {
            "x": 365,
            "y": 145
          },
          {
            "x": 365,
            "y": 144
          },
          {
            "x": 364.0,
            "y": 143
          },
          {
            "x": 364.0,
            "y": 141
          },
          {
            "x": 363,
            "y": 140
          },
          {
            "x": 363,
            "y": 139
          },
          {
            "x": 362.0,
            "y": 138
          },
          {
            "x": 362.0,
            "y": 134
          },
          {
            "x": 361,
            "y": 133
          },
          {
            "x": 361,
            "y": 132
          },
          {
            "x": 360.0,
            "y": 131
          },
          {
            "x": 360.0,
            "y": 128
          },
          {
            "x": 359,
            "y": 127
          },
          {
            "x": 359,
            "y": 123
          },
          {
            "x": 358,
            "y": 122
          },
          {
            "x": 358,
            "y": 121
          },
          {
            "x": 357.0,
            "y": 120
          },
          {
            "x": 357.0,
            "y": 117
          },
          {
            "x": 355.0,
            "y": 115
          },
          {
            "x": 355.0,
            "y": 111
          },
          {
            "x": 354,
            "y": 110
          },
          {
            "x": 354,
            "y": 109
          },
          {
            "x": 353.0,
            "y": 108
          },
          {
            "x": 353.0,
            "y": 104
          },
          {
            "x": 352,
            "y": 103
          },
          {
            "x": 352,
            "y": 102
          },
          {
            "x": 351.0,
            "y": 101.0
          },
          {
            "x": 351.0,
            "y": 99
          },
          {
            "x": 350,
            "y": 98
          },
          {
            "x": 350,
            "y": 96
          },
          {
            "x": 348,
            "y": 94.0
          },
          {
            "x": 348,
            "y": 91
          },
          {
            "x": 346,
            "y": 89.0
          },
          {
            "x": 346,
            "y": 87
          },
          {
            "x": 345,
            "y": 86
          },
          {
            "x": 345,
            "y": 85
          },
          {
            "x": 344.0,
            "y": 85
          },
          {
            "x": 343,
            "y": 84
          },
          {
            "x": 343,
            "y": 82.0
          },
          {
            "x": 341,
            "y": 80
          },
          {
            "x": 341,
            "y": 79
          },
          {
            "x": 339,
            "y": 77.0
          },
          {
            "x": 339,
            "y": 76.0
          },
          {
            "x": 336,
            "y": 73
          },
          {
            "x": 336,
            "y": 72
          },
          {
            "x": 334,
            "y": 70
          },
          {
            "x": 334,
            "y": 69
          },
          {
            "x": 333.0,
            "y": 69
          },
          {
            "x": 331.0,
            "y": 67
          },
          {
            "x": 331.0,
            "y": 66
          },
          {
            "x": 327.0,
            "y": 62.0
          },
          {
            "x": 326,
            "y": 62.0
          },
          {
            "x": 324,
            "y": 60
          },
          {
            "x": 324,
            "y": 59.0
          },
          {
            "x": 323,
            "y": 58
          },
          {
            "x": 323,
            "y": 56.0
          },
          {
            "x": 324,
            "y": 55
          },
          {
            "x": 324,
            "y": 50.0
          },
          {
            "x": 323,
            "y": 49
          },
          {
            "x": 323,
            "y": 45
          },
          {
            "x": 324,
            "y": 44.0
          },
          {
            "x": 324,
            "y": 30
          },
          {
            "x": 322.0,
            "y": 28.0
          },
          {
            "x": 322.0,
            "y": 26.0
          },
          {
            "x": 320.0,
            "y": 24
          },
          {
            "x": 320.0,
            "y": 23
          },
          {
            "x": 319,
            "y": 22.0
          },
          {
            "x": 318.0,
            "y": 22.0
          },
          {
            "x": 317,
            "y": 21
          },
          {
            "x": 317,
            "y": 20
          },
          {
            "x": 314.0,
            "y": 17
          }
        ]
      }
    },
    {
      "annotator": {
        "email": "begimbaeva.s95@gmail.com",
        "full_name": "Saltanat Begimbaeva"
      },
      "bounding_box": {
        "h": 50.74,
        "w": 53.01,
        "x": 212.79,
        "y": 84.18
      },
      "name": "Object"
    },
    {
      "annotator": {
        "email": "begimbaeva.s95@gmail.com",
        "full_name": "Saltanat Begimbaeva"
      },
      "bounding_box": {
        "h": 68.52,
        "w": 42.38,
        "x": 177.38,
        "y": 86.6
      },
      "name": "Object"
    }
  ]
}