{
  "image": {
    "width": 640,
    "height": 427,
    "filename": "00000141.jpg",
    "original_filename": "COCO_test2014_000000007998.jpg",
    "url": "https://darwin.v7labs.com/api/images/1197863/original?token=e96ee6b8-bc43-4e08-bcc1-e75bb7cc480d",
    "thumbnail_url": "https://darwin.v7labs.com/api/images/1197863/thumbnail?token=e96ee6b8-bc43-4e08-bcc1-e75bb7cc480d",
    "workview_url": "https://darwin.v7labs.com/workview?dataset=1166&image=141"
  },
  "dataset": "4_Nurzhan_ver2",
  "annotated": true,
  "annotations": [
    {
      "annotator": {
        "email": "order@bex.kg",
        "full_name": "Zhaparova  Nurzhan"
      },
      "name": "Object Polygon ",
      "polygon": {
        "path": [
          {
            "x": 347,
            "y": 196
          },
          {
            "x": 347,
            "y": 211
          },
          {
            "x": 348,
            "y": 212.0
          },
          {
            "x": 349,
            "y": 212.0
          },
          {
            "x": 350,
            "y": 213
          },
          {
            "x": 360,
            "y": 213
          },
          {
            "x": 361,
            "y": 214.0
          },
          {
            "x": 369,
            "y": 214.0
          },
          {
            "x": 370,
            "y": 215
          },
          {
            "x": 375,
            "y": 215
          },
          {
            "x": 376,
            "y": 216
          },
          {
            "x": 383,
            "y": 216
          },
          {
            "x": 384,
            "y": 217.0
          },
          {
            "x": 392,
            "y": 217.0
          },
          {
            "x": 393,
            "y": 218
          },
          {
            "x": 400,
            "y": 218
          },
          {
            "x": 401,
            "y": 219
          },
          {
            "x": 408,
            "y": 219
          },
          {
            "x": 409.0,
            "y": 220.0
          },
          {
            "x": 425.0,
            "y": 220.0
          },
          {
            "x": 426,
            "y": 221
          },
          {
            "x": 433,
            "y": 221
          },
          {
            "x": 434.0,
            "y": 222.0
          },
          {
            "x": 446,
            "y": 222.0
          },
          {
            "x": 447.0,
            "y": 221
          },
          {
            "x": 453.0,
            "y": 221
          },
          {
            "x": 454,
            "y": 220.0
          },
          {
            "x": 455,
            "y": 220.0
          },
          {
            "x": 456.0,
            "y": 219
          },
          {
            "x": 466.0,
            "y": 219
          },
          {
            "x": 467,
            "y": 218
          },
          {
            "x": 468,
            "y": 218
          },
          {
            "x": 469.0,
            "y": 217.0
          },
          {
            "x": 470,
            "y": 217.0
          },
          {
            "x": 471,
            "y": 216
          },
          {
            "x": 471,
            "y": 215
          },
          {
            "x": 472.0,
            "y": 214.0
          },
          {
            "x": 472.0,
            "y": 211
          },
          {
            "x": 471,
            "y": 210
          },
          {
            "x": 471,
            "y": 206.0
          },
          {
            "x": 472.0,
            "y": 205
          },
          {
            "x": 472.0,
            "y": 203.0
          },
          {
            "x": 471,
            "y": 202
          },
          {
            "x": 471,
            "y": 200
          },
          {
            "x": 470,
            "y": 199
          },
          {
            "x": 470,
            "y": 198
          },
          {
            "x": 469.0,
            "y": 197
          },
          {
            "x": 469.0,
            "y": 195
          },
          {
            "x": 468,
            "y": 194
          },
          {
            "x": 468,
            "y": 193
          },
          {
            "x": 447.0,
            "y": 193
          },
          {
            "x": 446,
            "y": 192
          },
          {
            "x": 443,
            "y": 192
          },
          {
            "x": 442,
            "y": 193
          },
          {
            "x": 439,
            "y": 193
          },
          {
            "x": 438,
            "y": 192
          },
          {
            "x": 431.0,
            "y": 192
          },
          {
            "x": 430,
            "y": 191
          },
          {
            "x": 429,
            "y": 191
          },
          {
            "x": 428.0,
            "y": 192
          },
          {
            "x": 424.0,
            "y": 192
          },
          {
            "x": 423,
            "y": 191
          },
          {
            "x": 408,
            "y": 191
          },
          {
            "x": 407,
            "y": 190
          },
          {
            "x": 396,
            "y": 190
          },
          {
            "x": 395,
            "y": 189
          },
          {
            "x": 387,
            "y": 189
          },
          {
            "x": 386,
            "y": 188
          },
          {
            "x": 385,
            "y": 189
          },
          {
            "x": 378,
            "y": 189
          },
          {
            "x": 377,
            "y": 190
          },
          {
            "x": 375,
            "y": 190
          },
          {
            "x": 374,
            "y": 189
          },
          {
            "x": 365,
            "y": 189
          },
          {
            "x": 364,
            "y": 190
          },
          {
            "x": 358,
            "y": 190
          },
          {
            "x": 357,
            "y": 191
          },
          {
            "x": 351,
            "y": 191
          },
          {
            "x": 348,
            "y": 194
          },
          {
            "x": 348,
            "y": 195
          }
        ]
      }
    },
    {
      "annotator": {
        "email": "order@bex.kg",
        "full_name": "Zhaparova  Nurzhan"
      },
      "name": "Object Polygon ",
      "polygon": {
        "path": [
          {
            "x": 297.0,
            "y": 113
          },
          {
            "x": 298,
            "y": 114
          },
          {
            "x": 299,
            "y": 114
          },
          {
            "x": 300,
            "y": 115
          },
          {
            "x": 301,
            "y": 115
          },
          {
            "x": 302,
            "y": 116
          },
          {
            "x": 302,
            "y": 117
          },
          {
            "x": 303,
            "y": 118
          },
          {
            "x": 305,
            "y": 118
          },
          {
            "x": 308,
            "y": 121
          },
          {
            "x": 308,
            "y": 124
          },
          {
            "x": 307,
            "y": 125
          },
          {
            "x": 308,
            "y": 126
          },
          {
            "x": 308,
            "y": 127
          },
          {
            "x": 309,
            "y": 128
          },
          {
            "x": 312,
            "y": 128
          },
          {
            "x": 313,
            "y": 129
          },
          {
            "x": 318,
            "y": 129
          },
          {
            "x": 319,
            "y": 130
          },
          {
            "x": 320,
            "y": 129
          },
          {
            "x": 363,
            "y": 129
          },
          {
            "x": 364,
            "y": 128
          },
          {
            "x": 373,
            "y": 128
          },
          {
            "x": 374,
            "y": 127
          },
          {
            "x": 444,
            "y": 127
          },
          {
            "x": 445,
            "y": 126
          },
          {
            "x": 451,
            "y": 126
          },
          {
            "x": 453,
            "y": 124
          },
          {
            "x": 453,
            "y": 121
          },
          {
            "x": 452,
            "y": 120
          },
          {
            "x": 452,
            "y": 118
          },
          {
            "x": 451,
            "y": 117
          },
          {
            "x": 451,
            "y": 116
          },
          {
            "x": 441,
            "y": 106
          },
          {
            "x": 440,
            "y": 106
          },
          {
            "x": 439,
            "y": 105.0
          },
          {
            "x": 437,
            "y": 105.0
          },
          {
            "x": 436,
            "y": 104
          },
          {
            "x": 427,
            "y": 104
          },
          {
            "x": 426,
            "y": 103
          },
          {
            "x": 421,
            "y": 103
          },
          {
            "x": 420.0,
            "y": 102
          },
          {
            "x": 414,
            "y": 102
          },
          {
            "x": 413,
            "y": 101
          },
          {
            "x": 410,
            "y": 101
          },
          {
            "x": 409,
            "y": 100
          },
          {
            "x": 402,
            "y": 100
          },
          {
            "x": 401,
            "y": 99
          },
          {
            "x": 397,
            "y": 99
          },
          {
            "x": 396,
            "y": 98
          },
          {
            "x": 390,
            "y": 98
          },
          {
            "x": 389,
            "y": 97
          },
          {
            "x": 387,
            "y": 97
          },
          {
            "x": 385,
            "y": 95
          },
          {
            "x": 385,
            "y": 87
          },
          {
            "x": 384,
            "y": 86
          },
          {
            "x": 384,
            "y": 71
          },
          {
            "x": 385,
            "y": 70
          },
          {
            "x": 385,
            "y": 67
          },
          {
            "x": 386,
            "y": 66
          },
          {
            "x": 386,
            "y": 63
          },
          {
            "x": 385,
            "y": 63
          },
          {
            "x": 384,
            "y": 62
          },
          {
            "x": 383,
            "y": 62
          },
          {
            "x": 382,
            "y": 61
          },
          {
            "x": 371,
            "y": 61
          },
          {
            "x": 370,
            "y": 62
          },
          {
            "x": 369,
            "y": 62
          },
          {
            "x": 368,
            "y": 63
          },
          {
            "x": 368,
            "y": 65
          },
          {
            "x": 369,
            "y": 66
          },
          {
            "x": 369,
            "y": 67
          },
          {
            "x": 370,
            "y": 68
          },
          {
            "x": 370,
            "y": 91
          },
          {
            "x": 371,
            "y": 92
          },
          {
            "x": 371,
            "y": 95
          },
          {
            "x": 368,
            "y": 98
          },
          {
            "x": 364,
            "y": 98
          },
          {
            "x": 363,
            "y": 99
          },
          {
            "x": 358,
            "y": 99
          },
          {
            "x": 357,
            "y": 100
          },
          {
            "x": 350,
            "y": 100
          },
          {
            "x": 349,
            "y": 101
          },
          {
            "x": 345,
            "y": 101
          },
          {
            "x": 344,
            "y": 102
          },
          {
            "x": 342,
            "y": 102
          },
          {
            "x": 341,
            "y": 103
          },
          {
            "x": 337,
            "y": 103
          },
          {
            "x": 336,
            "y": 104
          },
          {
            "x": 333,
            "y": 104
          },
          {
            "x": 332,
            "y": 105.0
          },
          {
            "x": 328,
            "y": 105.0
          },
          {
            "x": 327,
            "y": 106
          },
          {
            "x": 325,
            "y": 106
          },
          {
            "x": 324,
            "y": 107
          },
          {
            "x": 320,
            "y": 107
          },
          {
            "x": 319,
            "y": 108
          },
          {
            "x": 317,
            "y": 108
          },
          {
            "x": 316,
            "y": 109
          },
          {
            "x": 314,
            "y": 109
          },
          {
            "x": 313,
            "y": 110
          },
          {
            "x": 312,
            "y": 110
          },
          {
            "x": 311,
            "y": 111
          },
          {
            "x": 308,
            "y": 111
          },
          {
            "x": 307,
            "y": 112
          },
          {
            "x": 299,
            "y": 112
          },
          {
            "x": 298,
            "y": 113
          }
        ]
      }
    },
    {
      "annotator": {
        "email": "order@bex.kg",
        "full_name": "Zhaparova  Nurzhan"
      },
      "name": "Object Polygon ",
      "polygon": {
        "path": [
          {
            "x": 595,
            "y": 174
          },
          {
            "x": 595,
            "y": 184
          },
          {
            "x": 594,
            "y": 185
          },
          {
            "x": 594,
            "y": 197.0
          },
          {
            "x": 593,
            "y": 198.0
          },
          {
            "x": 593,
            "y": 207.0
          },
          {
            "x": 592,
            "y": 208.0
          },
          {
            "x": 592,
            "y": 218
          },
          {
            "x": 591,
            "y": 219
          },
          {
            "x": 591,
            "y": 224
          },
          {
            "x": 592,
            "y": 225
          },
          {
            "x": 598,
            "y": 225
          },
          {
            "x": 599,
            "y": 226
          },
          {
            "x": 605,
            "y": 226
          },
          {
            "x": 606,
            "y": 227
          },
          {
            "x": 611,
            "y": 227
          },
          {
            "x": 612,
            "y": 228
          },
          {
            "x": 616,
            "y": 228
          },
          {
            "x": 617,
            "y": 229
          },
          {
            "x": 622,
            "y": 229
          },
          {
            "x": 623,
            "y": 230
          },
          {
            "x": 624,
            "y": 230
          },
          {
            "x": 625,
            "y": 229
          },
          {
            "x": 625,
            "y": 211
          },
          {
            "x": 626,
            "y": 210.0
          },
          {
            "x": 626,
            "y": 193
          },
          {
            "x": 628,
            "y": 191
          },
          {
            "x": 632,
            "y": 191
          },
          {
            "x": 632,
            "y": 183
          },
          {
            "x": 631,
            "y": 182
          },
          {
            "x": 631,
            "y": 180
          },
          {
            "x": 632,
            "y": 179
          },
          {
            "x": 632,
            "y": 178
          },
          {
            "x": 631,
            "y": 177
          },
          {
            "x": 631,
            "y": 175
          },
          {
            "x": 630,
            "y": 175
          },
          {
            "x": 629,
            "y": 174
          }
        ]
      }
    },
    {
      "annotator": {
        "email": "order@bex.kg",
        "full_name": "Zhaparova  Nurzhan"
      },
      "name": "Object Polygon ",
      "polygon": {
        "path": [
          {
            "x": 482.0,
            "y": 134
          },
          {
            "x": 481.0,
            "y": 135
          },
          {
            "x": 481.0,
            "y": 136
          },
          {
            "x": 482.0,
            "y": 137
          },
          {
            "x": 482.0,
            "y": 143
          },
          {
            "x": 483,
            "y": 144
          },
          {
            "x": 483,
            "y": 189
          },
          {
            "x": 482.0,
            "y": 190
          },
          {
            "x": 482.0,
            "y": 197
          },
          {
            "x": 483,
            "y": 198
          },
          {
            "x": 483,
            "y": 202
          },
          {
            "x": 482.0,
            "y": 203
          },
          {
            "x": 482.0,
            "y": 205
          },
          {
            "x": 483,
            "y": 206
          },
          {
            "x": 490,
            "y": 206
          },
          {
            "x": 491,
            "y": 207
          },
          {
            "x": 499,
            "y": 207
          },
          {
            "x": 500,
            "y": 208
          },
          {
            "x": 511,
            "y": 208
          },
          {
            "x": 512,
            "y": 209
          },
          {
            "x": 523,
            "y": 209
          },
          {
            "x": 523,
            "y": 208
          },
          {
            "x": 524,
            "y": 207
          },
          {
            "x": 524,
            "y": 203
          },
          {
            "x": 523,
            "y": 202
          },
          {
            "x": 523,
            "y": 201
          },
          {
            "x": 524,
            "y": 200
          },
          {
            "x": 524,
            "y": 168
          },
          {
            "x": 523,
            "y": 167
          },
          {
            "x": 523,
            "y": 163
          },
          {
            "x": 524,
            "y": 162
          },
          {
            "x": 524,
            "y": 153
          },
          {
            "x": 523,
            "y": 152
          },
          {
            "x": 523,
            "y": 151
          },
          {
            "x": 524,
            "y": 150
          },
          {
            "x": 523,
            "y": 149
          },
          {
            "x": 523,
            "y": 140
          },
          {
            "x": 524,
            "y": 139
          },
          {
            "x": 523,
            "y": 138
          },
          {
            "x": 523,
            "y": 136
          },
          {
            "x": 517,
            "y": 136
          },
          {
            "x": 516,
            "y": 135
          },
          {
            "x": 498,
            "y": 135
          },
          {
            "x": 497,
            "y": 134
          }
        ]
      }
    }
  ]
}