{
  "image": {
    "width": 352,
    "height": 528,
    "filename": "00000020.jpg",
    "original_filename": "COCO_test2014_000000003180.jpg",
    "url": "https://darwin.v7labs.com/api/images/1197526/original?token=af5accd5-7ecb-4550-848c-a4c83b1a9a3a",
    "thumbnail_url": "https://darwin.v7labs.com/api/images/1197526/thumbnail?token=af5accd5-7ecb-4550-848c-a4c83b1a9a3a",
    "workview_url": "https://darwin.v7labs.com/workview?dataset=1165&image=20"
  },
  "dataset": "4_Saltanat_ver2",
  "annotated": true,
  "annotations": [
    {
      "annotator": {
        "email": "begimbaeva.s95@gmail.com",
        "full_name": "Saltanat Begimbaeva"
      },
      "name": "Animal_Polygon ",
      "polygon": {
        "path": [
          {
            "x": 167.0,
            "y": 101
          },
          {
            "x": 165,
            "y": 103
          },
          {
            "x": 164.0,
            "y": 103
          },
          {
            "x": 162.0,
            "y": 105
          },
          {
            "x": 161.0,
            "y": 105
          },
          {
            "x": 158.0,
            "y": 108
          },
          {
            "x": 157,
            "y": 108
          },
          {
            "x": 153.0,
            "y": 112
          },
          {
            "x": 153.0,
            "y": 113.0
          },
          {
            "x": 152.0,
            "y": 114
          },
          {
            "x": 151.0,
            "y": 114
          },
          {
            "x": 151.0,
            "y": 116
          },
          {
            "x": 150.0,
            "y": 117.0
          },
          {
            "x": 150.0,
            "y": 118
          },
          {
            "x": 149,
            "y": 119.0
          },
          {
            "x": 149,
            "y": 120
          },
          {
            "x": 148,
            "y": 121.0
          },
          {
            "x": 148,
            "y": 125.0
          },
          {
            "x": 147.0,
            "y": 126
          },
          {
            "x": 147.0,
            "y": 127.0
          },
          {
            "x": 146.0,
            "y": 128
          },
          {
            "x": 146.0,
            "y": 130
          },
          {
            "x": 144.0,
            "y": 132
          },
          {
            "x": 144.0,
            "y": 133
          },
          {
            "x": 141,
            "y": 136
          },
          {
            "x": 141,
            "y": 137
          },
          {
            "x": 139.0,
            "y": 139
          },
          {
            "x": 139.0,
            "y": 140
          },
          {
            "x": 137.0,
            "y": 142
          },
          {
            "x": 137.0,
            "y": 143
          },
          {
            "x": 135.0,
            "y": 145
          },
          {
            "x": 135.0,
            "y": 147
          },
          {
            "x": 134.0,
            "y": 148
          },
          {
            "x": 133,
            "y": 148
          },
          {
            "x": 133,
            "y": 149
          },
          {
            "x": 132,
            "y": 150
          },
          {
            "x": 132,
            "y": 151
          },
          {
            "x": 130.0,
            "y": 153
          },
          {
            "x": 130.0,
            "y": 154
          },
          {
            "x": 129.0,
            "y": 155
          },
          {
            "x": 129.0,
            "y": 156
          },
          {
            "x": 128.0,
            "y": 157
          },
          {
            "x": 128.0,
            "y": 158
          },
          {
            "x": 127.0,
            "y": 159
          },
          {
            "x": 127.0,
            "y": 160
          },
          {
            "x": 126.0,
            "y": 161
          },
          {
            "x": 126.0,
            "y": 162
          },
          {
            "x": 124,
            "y": 164
          },
          {
            "x": 124,
            "y": 165
          },
          {
            "x": 123.0,
            "y": 166
          },
          {
            "x": 123.0,
            "y": 167
          },
          {
            "x": 122.0,
            "y": 168
          },
          {
            "x": 121.0,
            "y": 168
          },
          {
            "x": 121.0,
            "y": 169
          },
          {
            "x": 120.0,
            "y": 170
          },
          {
            "x": 119.0,
            "y": 170
          },
          {
            "x": 116,
            "y": 173
          },
          {
            "x": 115.0,
            "y": 173
          },
          {
            "x": 115.0,
            "y": 174
          },
          {
            "x": 111.0,
            "y": 178
          },
          {
            "x": 110.0,
            "y": 178
          },
          {
            "x": 110.0,
            "y": 179
          },
          {
            "x": 109.0,
            "y": 180
          },
          {
            "x": 108.0,
            "y": 180
          },
          {
            "x": 106.0,
            "y": 182
          },
          {
            "x": 105.0,
            "y": 182
          },
          {
            "x": 105.0,
            "y": 183
          },
          {
            "x": 104.0,
            "y": 184
          },
          {
            "x": 103.0,
            "y": 184
          },
          {
            "x": 100.0,
            "y": 187
          },
          {
            "x": 99,
            "y": 187
          },
          {
            "x": 97.0,
            "y": 189
          },
          {
            "x": 96.0,
            "y": 189
          },
          {
            "x": 94.0,
            "y": 191
          },
          {
            "x": 93.0,
            "y": 191
          },
          {
            "x": 91,
            "y": 193
          },
          {
            "x": 90.0,
            "y": 193
          },
          {
            "x": 90.0,
            "y": 194
          },
          {
            "x": 87.0,
            "y": 197
          },
          {
            "x": 87.0,
            "y": 198
          },
          {
            "x": 85.0,
            "y": 200
          },
          {
            "x": 85.0,
            "y": 201
          },
          {
            "x": 84.0,
            "y": 202
          },
          {
            "x": 83,
            "y": 202
          },
          {
            "x": 83,
            "y": 203
          },
          {
            "x": 81.0,
            "y": 205
          },
          {
            "x": 81.0,
            "y": 206
          },
          {
            "x": 80.0,
            "y": 207
          },
          {
            "x": 80.0,
            "y": 208
          },
          {
            "x": 78.0,
            "y": 210
          },
          {
            "x": 78.0,
            "y": 212
          },
          {
            "x": 77.0,
            "y": 213
          },
          {
            "x": 76.0,
            "y": 213
          },
          {
            "x": 76.0,
            "y": 215
          },
          {
            "x": 74,
            "y": 217
          },
          {
            "x": 74,
            "y": 219
          },
          {
            "x": 73.0,
            "y": 220
          },
          {
            "x": 73.0,
            "y": 221
          },
          {
            "x": 72.0,
            "y": 222
          },
          {
            "x": 72.0,
            "y": 224
          },
          {
            "x": 71.0,
            "y": 225
          },
          {
            "x": 71.0,
            "y": 236
          },
          {
            "x": 72.0,
            "y": 237
          },
          {
            "x": 72.0,
            "y": 244
          },
          {
            "x": 71.0,
            "y": 245.0
          },
          {
            "x": 71.0,
            "y": 252
          },
          {
            "x": 72.0,
            "y": 253.0
          },
          {
            "x": 72.0,
            "y": 271
          },
          {
            "x": 71.0,
            "y": 272
          },
          {
            "x": 71.0,
            "y": 307
          },
          {
            "x": 72.0,
            "y": 308
          },
          {
            "x": 72.0,
            "y": 319
          },
          {
            "x": 73.0,
            "y": 320
          },
          {
            "x": 73.0,
            "y": 325
          },
          {
            "x": 74,
            "y": 326
          },
          {
            "x": 74,
            "y": 335
          },
          {
            "x": 75.0,
            "y": 336
          },
          {
            "x": 75.0,
            "y": 339
          },
          {
            "x": 76.0,
            "y": 340
          },
          {
            "x": 76.0,
            "y": 343
          },
          {
            "x": 78.0,
            "y": 345
          },
          {
            "x": 78.0,
            "y": 360
          },
          {
            "x": 77.0,
            "y": 361
          },
          {
            "x": 77.0,
            "y": 364
          },
          {
            "x": 78.0,
            "y": 365
          },
          {
            "x": 78.0,
            "y": 368
          },
          {
            "x": 81.0,
            "y": 371
          },
          {
            "x": 85.0,
            "y": 371
          },
          {
            "x": 86.0,
            "y": 372
          },
          {
            "x": 89.0,
            "y": 372
          },
          {
            "x": 90.0,
            "y": 373
          },
          {
            "x": 116,
            "y": 373
          },
          {
            "x": 117.0,
            "y": 374
          },
          {
            "x": 125.0,
            "y": 374
          },
          {
            "x": 126.0,
            "y": 375
          },
          {
            "x": 136.0,
            "y": 375
          },
          {
            "x": 138.0,
            "y": 377
          },
          {
            "x": 140,
            "y": 377
          },
          {
            "x": 141,
            "y": 378
          },
          {
            "x": 141,
            "y": 379
          },
          {
            "x": 142.0,
            "y": 380
          },
          {
            "x": 142.0,
            "y": 381
          },
          {
            "x": 147.0,
            "y": 386
          },
          {
            "x": 150.0,
            "y": 386
          },
          {
            "x": 150.0,
            "y": 378
          },
          {
            "x": 151.0,
            "y": 377
          },
          {
            "x": 153.0,
            "y": 377
          },
          {
            "x": 154.0,
            "y": 376
          },
          {
            "x": 159.0,
            "y": 376
          },
          {
            "x": 160.0,
            "y": 377
          },
          {
            "x": 171.0,
            "y": 377
          },
          {
            "x": 172.0,
            "y": 376
          },
          {
            "x": 173,
            "y": 376
          },
          {
            "x": 174,
            "y": 375
          },
          {
            "x": 184.0,
            "y": 375
          },
          {
            "x": 185.0,
            "y": 376
          },
          {
            "x": 186.0,
            "y": 376
          },
          {
            "x": 187.0,
            "y": 377
          },
          {
            "x": 192.0,
            "y": 377
          },
          {
            "x": 193.0,
            "y": 378
          },
          {
            "x": 206,
            "y": 378
          },
          {
            "x": 207,
            "y": 379
          },
          {
            "x": 208.0,
            "y": 379
          },
          {
            "x": 209.0,
            "y": 380
          },
          {
            "x": 211.0,
            "y": 380
          },
          {
            "x": 212.0,
            "y": 381
          },
          {
            "x": 215,
            "y": 381
          },
          {
            "x": 216.0,
            "y": 382
          },
          {
            "x": 227.0,
            "y": 382
          },
          {
            "x": 228.0,
            "y": 383
          },
          {
            "x": 229.0,
            "y": 383
          },
          {
            "x": 230.0,
            "y": 384
          },
          {
            "x": 235.0,
            "y": 384
          },
          {
            "x": 238.0,
            "y": 381
          },
          {
            "x": 238.0,
            "y": 378
          },
          {
            "x": 237.0,
            "y": 378
          },
          {
            "x": 236.0,
            "y": 377
          },
          {
            "x": 236.0,
            "y": 376
          },
          {
            "x": 235.0,
            "y": 375
          },
          {
            "x": 235.0,
            "y": 374
          },
          {
            "x": 234.0,
            "y": 373
          },
          {
            "x": 234.0,
            "y": 370
          },
          {
            "x": 235.0,
            "y": 369
          },
          {
            "x": 235.0,
            "y": 365
          },
          {
            "x": 236.0,
            "y": 364
          },
          {
            "x": 236.0,
            "y": 363
          },
          {
            "x": 238.0,
            "y": 361
          },
          {
            "x": 238.0,
            "y": 359
          },
          {
            "x": 239,
            "y": 358
          },
          {
            "x": 239,
            "y": 357
          },
          {
            "x": 240,
            "y": 356
          },
          {
            "x": 240,
            "y": 354
          },
          {
            "x": 242.0,
            "y": 352
          },
          {
            "x": 242.0,
            "y": 350
          },
          {
            "x": 244.0,
            "y": 348
          },
          {
            "x": 244.0,
            "y": 345
          },
          {
            "x": 245.0,
            "y": 344
          },
          {
            "x": 245.0,
            "y": 342
          },
          {
            "x": 246.0,
            "y": 341
          },
          {
            "x": 246.0,
            "y": 340
          },
          {
            "x": 247,
            "y": 339
          },
          {
            "x": 247,
            "y": 334
          },
          {
            "x": 248,
            "y": 333
          },
          {
            "x": 248,
            "y": 331
          },
          {
            "x": 249.0,
            "y": 330
          },
          {
            "x": 249.0,
            "y": 323
          },
          {
            "x": 250.0,
            "y": 322
          },
          {
            "x": 250.0,
            "y": 321
          },
          {
            "x": 251.0,
            "y": 320
          },
          {
            "x": 251.0,
            "y": 318
          },
          {
            "x": 253.0,
            "y": 316
          },
          {
            "x": 253.0,
            "y": 312
          },
          {
            "x": 254.0,
            "y": 311
          },
          {
            "x": 254.0,
            "y": 308
          },
          {
            "x": 255,
            "y": 307
          },
          {
            "x": 255,
            "y": 306
          },
          {
            "x": 256,
            "y": 305
          },
          {
            "x": 256,
            "y": 302
          },
          {
            "x": 257,
            "y": 301
          },
          {
            "x": 257,
            "y": 299
          },
          {
            "x": 258,
            "y": 298
          },
          {
            "x": 258,
            "y": 293
          },
          {
            "x": 259.0,
            "y": 292
          },
          {
            "x": 259.0,
            "y": 290
          },
          {
            "x": 260.0,
            "y": 289
          },
          {
            "x": 260.0,
            "y": 281
          },
          {
            "x": 261.0,
            "y": 280
          },
          {
            "x": 261.0,
            "y": 277
          },
          {
            "x": 262.0,
            "y": 276
          },
          {
            "x": 262.0,
            "y": 254.0
          },
          {
            "x": 261.0,
            "y": 253.0
          },
          {
            "x": 261.0,
            "y": 252
          },
          {
            "x": 260.0,
            "y": 251
          },
          {
            "x": 260.0,
            "y": 247
          },
          {
            "x": 259.0,
            "y": 246.0
          },
          {
            "x": 259.0,
            "y": 244
          },
          {
            "x": 258,
            "y": 243
          },
          {
            "x": 258,
            "y": 232
          },
          {
            "x": 257,
            "y": 231
          },
          {
            "x": 257,
            "y": 229
          },
          {
            "x": 256,
            "y": 228
          },
          {
            "x": 256,
            "y": 220
          },
          {
            "x": 255,
            "y": 219
          },
          {
            "x": 255,
            "y": 218
          },
          {
            "x": 254.0,
            "y": 217
          },
          {
            "x": 254.0,
            "y": 213
          },
          {
            "x": 253.0,
            "y": 212
          },
          {
            "x": 253.0,
            "y": 209
          },
          {
            "x": 252.0,
            "y": 208
          },
          {
            "x": 252.0,
            "y": 205
          },
          {
            "x": 251.0,
            "y": 204
          },
          {
            "x": 251.0,
            "y": 199
          },
          {
            "x": 249.0,
            "y": 197
          },
          {
            "x": 249.0,
            "y": 196
          },
          {
            "x": 244.0,
            "y": 191
          },
          {
            "x": 244.0,
            "y": 190
          },
          {
            "x": 240,
            "y": 186
          },
          {
            "x": 240,
            "y": 185
          },
          {
            "x": 238.0,
            "y": 183
          },
          {
            "x": 238.0,
            "y": 182
          },
          {
            "x": 237.0,
            "y": 182
          },
          {
            "x": 236.0,
            "y": 181
          },
          {
            "x": 236.0,
            "y": 180
          },
          {
            "x": 235.0,
            "y": 179
          },
          {
            "x": 235.0,
            "y": 178
          },
          {
            "x": 234.0,
            "y": 178
          },
          {
            "x": 231,
            "y": 175
          },
          {
            "x": 231,
            "y": 174
          },
          {
            "x": 229.0,
            "y": 172
          },
          {
            "x": 229.0,
            "y": 171
          },
          {
            "x": 227.0,
            "y": 169
          },
          {
            "x": 227.0,
            "y": 168
          },
          {
            "x": 224,
            "y": 165
          },
          {
            "x": 223,
            "y": 165
          },
          {
            "x": 222,
            "y": 164
          },
          {
            "x": 221.0,
            "y": 164
          },
          {
            "x": 220.0,
            "y": 163
          },
          {
            "x": 220.0,
            "y": 162
          },
          {
            "x": 219.0,
            "y": 161
          },
          {
            "x": 218.0,
            "y": 161
          },
          {
            "x": 217.0,
            "y": 160
          },
          {
            "x": 217.0,
            "y": 159
          },
          {
            "x": 216.0,
            "y": 158
          },
          {
            "x": 216.0,
            "y": 157
          },
          {
            "x": 215,
            "y": 156
          },
          {
            "x": 215,
            "y": 151
          },
          {
            "x": 214,
            "y": 150
          },
          {
            "x": 214,
            "y": 148
          },
          {
            "x": 213.0,
            "y": 147
          },
          {
            "x": 213.0,
            "y": 144
          },
          {
            "x": 211.0,
            "y": 142
          },
          {
            "x": 211.0,
            "y": 141
          },
          {
            "x": 208.0,
            "y": 138
          },
          {
            "x": 208.0,
            "y": 137
          },
          {
            "x": 207,
            "y": 137
          },
          {
            "x": 206,
            "y": 136
          },
          {
            "x": 206,
            "y": 135
          },
          {
            "x": 204.0,
            "y": 135
          },
          {
            "x": 200.0,
            "y": 131
          },
          {
            "x": 200.0,
            "y": 130
          },
          {
            "x": 199,
            "y": 129
          },
          {
            "x": 199,
            "y": 126
          },
          {
            "x": 198,
            "y": 125.0
          },
          {
            "x": 199,
            "y": 124
          },
          {
            "x": 199,
            "y": 121.0
          },
          {
            "x": 200.0,
            "y": 120
          },
          {
            "x": 200.0,
            "y": 118
          },
          {
            "x": 201.0,
            "y": 117.0
          },
          {
            "x": 199,
            "y": 117.0
          },
          {
            "x": 197.0,
            "y": 115.0
          },
          {
            "x": 197.0,
            "y": 114
          },
          {
            "x": 196.0,
            "y": 113.0
          },
          {
            "x": 196.0,
            "y": 112
          },
          {
            "x": 195.0,
            "y": 111
          },
          {
            "x": 195.0,
            "y": 109
          },
          {
            "x": 194.0,
            "y": 109
          },
          {
            "x": 193.0,
            "y": 108
          },
          {
            "x": 193.0,
            "y": 107
          },
          {
            "x": 192.0,
            "y": 106
          },
          {
            "x": 192.0,
            "y": 105
          },
          {
            "x": 191.0,
            "y": 105
          },
          {
            "x": 190,
            "y": 104
          },
          {
            "x": 190,
            "y": 103
          },
          {
            "x": 189,
            "y": 103
          },
          {
            "x": 188.0,
            "y": 102
          },
          {
            "x": 187.0,
            "y": 102
          },
          {
            "x": 186.0,
            "y": 101
          },
          {
            "x": 184.0,
            "y": 101
          },
          {
            "x": 183.0,
            "y": 100
          },
          {
            "x": 173,
            "y": 100
          },
          {
            "x": 172.0,
            "y": 101
          }
        ]
      }
    }
  ]
}