{
  "image": {
    "width": 640,
    "height": 451,
    "filename": "00000165.jpg",
    "original_filename": "COCO_test2014_000000008326.jpg",
    "url": "https://darwin.v7labs.com/api/images/1197887/original?token=e96ee6b8-bc43-4e08-bcc1-e75bb7cc480d",
    "thumbnail_url": "https://darwin.v7labs.com/api/images/1197887/thumbnail?token=e96ee6b8-bc43-4e08-bcc1-e75bb7cc480d",
    "workview_url": "https://darwin.v7labs.com/workview?dataset=1166&image=165"
  },
  "dataset": "4_Nurzhan_ver2",
  "annotated": true,
  "annotations": [
    {
      "annotator": {
        "email": "order@bex.kg",
        "full_name": "Zhaparova  Nurzhan"
      },
      "name": "Men Polygon ",
      "polygon": {
        "path": [
          {
            "x": 429,
            "y": 153
          },
          {
            "x": 429,
            "y": 154
          },
          {
            "x": 428,
            "y": 155
          },
          {
            "x": 428,
            "y": 156
          },
          {
            "x": 427,
            "y": 157
          },
          {
            "x": 426,
            "y": 157
          },
          {
            "x": 426,
            "y": 158.0
          },
          {
            "x": 425,
            "y": 159
          },
          {
            "x": 424,
            "y": 159
          },
          {
            "x": 422,
            "y": 161
          },
          {
            "x": 422,
            "y": 162
          },
          {
            "x": 420,
            "y": 164
          },
          {
            "x": 420,
            "y": 166
          },
          {
            "x": 419,
            "y": 167
          },
          {
            "x": 419,
            "y": 173.0
          },
          {
            "x": 418,
            "y": 174
          },
          {
            "x": 418,
            "y": 177
          },
          {
            "x": 417,
            "y": 178
          },
          {
            "x": 417,
            "y": 182
          },
          {
            "x": 415,
            "y": 184
          },
          {
            "x": 414,
            "y": 184
          },
          {
            "x": 413,
            "y": 185
          },
          {
            "x": 412,
            "y": 185
          },
          {
            "x": 410,
            "y": 187
          },
          {
            "x": 409,
            "y": 187
          },
          {
            "x": 407.0,
            "y": 189
          },
          {
            "x": 406.0,
            "y": 189
          },
          {
            "x": 406.0,
            "y": 190
          },
          {
            "x": 405,
            "y": 191
          },
          {
            "x": 404,
            "y": 191
          },
          {
            "x": 404,
            "y": 192
          },
          {
            "x": 403,
            "y": 193
          },
          {
            "x": 403,
            "y": 197
          },
          {
            "x": 404,
            "y": 198
          },
          {
            "x": 406.0,
            "y": 198
          },
          {
            "x": 407.0,
            "y": 197
          },
          {
            "x": 410,
            "y": 197
          },
          {
            "x": 411,
            "y": 196
          },
          {
            "x": 413,
            "y": 196
          },
          {
            "x": 415,
            "y": 198
          },
          {
            "x": 415,
            "y": 202
          },
          {
            "x": 416,
            "y": 203.0
          },
          {
            "x": 416,
            "y": 204
          },
          {
            "x": 417,
            "y": 205
          },
          {
            "x": 417,
            "y": 206
          },
          {
            "x": 420,
            "y": 209
          },
          {
            "x": 420,
            "y": 210
          },
          {
            "x": 421,
            "y": 211
          },
          {
            "x": 421,
            "y": 212
          },
          {
            "x": 422,
            "y": 213
          },
          {
            "x": 422,
            "y": 216
          },
          {
            "x": 423,
            "y": 217
          },
          {
            "x": 423,
            "y": 218.0
          },
          {
            "x": 424,
            "y": 219
          },
          {
            "x": 424,
            "y": 222
          },
          {
            "x": 425,
            "y": 223
          },
          {
            "x": 425,
            "y": 224
          },
          {
            "x": 426,
            "y": 225
          },
          {
            "x": 426,
            "y": 230
          },
          {
            "x": 427,
            "y": 231
          },
          {
            "x": 427,
            "y": 232
          },
          {
            "x": 428,
            "y": 233.0
          },
          {
            "x": 428,
            "y": 237
          },
          {
            "x": 429,
            "y": 238
          },
          {
            "x": 429,
            "y": 240
          },
          {
            "x": 428,
            "y": 241
          },
          {
            "x": 428,
            "y": 245
          },
          {
            "x": 427,
            "y": 246
          },
          {
            "x": 427,
            "y": 247
          },
          {
            "x": 426,
            "y": 248.0
          },
          {
            "x": 426,
            "y": 249.0
          },
          {
            "x": 425,
            "y": 250
          },
          {
            "x": 424,
            "y": 250
          },
          {
            "x": 422,
            "y": 252
          },
          {
            "x": 420,
            "y": 252
          },
          {
            "x": 419,
            "y": 253
          },
          {
            "x": 418,
            "y": 253
          },
          {
            "x": 417,
            "y": 254
          },
          {
            "x": 415,
            "y": 254
          },
          {
            "x": 414,
            "y": 255
          },
          {
            "x": 411,
            "y": 255
          },
          {
            "x": 410,
            "y": 256
          },
          {
            "x": 409,
            "y": 256
          },
          {
            "x": 408,
            "y": 257
          },
          {
            "x": 404,
            "y": 257
          },
          {
            "x": 402,
            "y": 259
          },
          {
            "x": 398,
            "y": 259
          },
          {
            "x": 397,
            "y": 260
          },
          {
            "x": 396,
            "y": 260
          },
          {
            "x": 395,
            "y": 261
          },
          {
            "x": 394,
            "y": 261
          },
          {
            "x": 392,
            "y": 263
          },
          {
            "x": 391,
            "y": 263
          },
          {
            "x": 390,
            "y": 264
          },
          {
            "x": 389,
            "y": 264
          },
          {
            "x": 388,
            "y": 265
          },
          {
            "x": 387,
            "y": 265
          },
          {
            "x": 386,
            "y": 266
          },
          {
            "x": 382,
            "y": 266
          },
          {
            "x": 381,
            "y": 267
          },
          {
            "x": 376.0,
            "y": 267
          },
          {
            "x": 375,
            "y": 268
          },
          {
            "x": 374,
            "y": 268
          },
          {
            "x": 372,
            "y": 270
          },
          {
            "x": 372,
            "y": 274
          },
          {
            "x": 371,
            "y": 275
          },
          {
            "x": 371,
            "y": 276
          },
          {
            "x": 370,
            "y": 277
          },
          {
            "x": 370,
            "y": 279
          },
          {
            "x": 368,
            "y": 281
          },
          {
            "x": 368,
            "y": 283
          },
          {
            "x": 367,
            "y": 284
          },
          {
            "x": 367,
            "y": 288
          },
          {
            "x": 366,
            "y": 289
          },
          {
            "x": 366,
            "y": 298
          },
          {
            "x": 365,
            "y": 299
          },
          {
            "x": 365,
            "y": 307
          },
          {
            "x": 363,
            "y": 309
          },
          {
            "x": 360,
            "y": 309
          },
          {
            "x": 358,
            "y": 311
          },
          {
            "x": 354,
            "y": 311
          },
          {
            "x": 353,
            "y": 312
          },
          {
            "x": 352,
            "y": 312
          },
          {
            "x": 351,
            "y": 313
          },
          {
            "x": 348,
            "y": 313
          },
          {
            "x": 346.0,
            "y": 315
          },
          {
            "x": 345,
            "y": 315
          },
          {
            "x": 344,
            "y": 316.0
          },
          {
            "x": 344,
            "y": 317.0
          },
          {
            "x": 343,
            "y": 318
          },
          {
            "x": 343,
            "y": 320
          },
          {
            "x": 342,
            "y": 321
          },
          {
            "x": 342,
            "y": 322
          },
          {
            "x": 340,
            "y": 324
          },
          {
            "x": 340,
            "y": 341
          },
          {
            "x": 341,
            "y": 341
          },
          {
            "x": 342,
            "y": 342
          },
          {
            "x": 342,
            "y": 343
          },
          {
            "x": 343,
            "y": 344
          },
          {
            "x": 343,
            "y": 345
          },
          {
            "x": 344,
            "y": 346.0
          },
          {
            "x": 344,
            "y": 349
          },
          {
            "x": 343,
            "y": 350
          },
          {
            "x": 343,
            "y": 351
          },
          {
            "x": 342,
            "y": 352
          },
          {
            "x": 342,
            "y": 353
          },
          {
            "x": 341,
            "y": 354
          },
          {
            "x": 340,
            "y": 354
          },
          {
            "x": 338,
            "y": 356
          },
          {
            "x": 338,
            "y": 368
          },
          {
            "x": 340,
            "y": 370
          },
          {
            "x": 340,
            "y": 373
          },
          {
            "x": 342,
            "y": 375
          },
          {
            "x": 342,
            "y": 376.0
          },
          {
            "x": 343,
            "y": 377.0
          },
          {
            "x": 343,
            "y": 378
          },
          {
            "x": 344,
            "y": 379
          },
          {
            "x": 344,
            "y": 380
          },
          {
            "x": 345,
            "y": 381
          },
          {
            "x": 345,
            "y": 382
          },
          {
            "x": 347.0,
            "y": 384
          },
          {
            "x": 347.0,
            "y": 385
          },
          {
            "x": 348,
            "y": 385
          },
          {
            "x": 349,
            "y": 386
          },
          {
            "x": 349,
            "y": 387
          },
          {
            "x": 352,
            "y": 390
          },
          {
            "x": 352,
            "y": 391
          },
          {
            "x": 354,
            "y": 393
          },
          {
            "x": 355,
            "y": 393
          },
          {
            "x": 361,
            "y": 399
          },
          {
            "x": 362,
            "y": 399
          },
          {
            "x": 365,
            "y": 402
          },
          {
            "x": 367,
            "y": 402
          },
          {
            "x": 368,
            "y": 403
          },
          {
            "x": 380,
            "y": 403
          },
          {
            "x": 381,
            "y": 402
          },
          {
            "x": 382,
            "y": 402
          },
          {
            "x": 383,
            "y": 403
          },
          {
            "x": 383,
            "y": 404
          },
          {
            "x": 384,
            "y": 405
          },
          {
            "x": 384,
            "y": 406.0
          },
          {
            "x": 385,
            "y": 407.0
          },
          {
            "x": 385,
            "y": 410
          },
          {
            "x": 384,
            "y": 411
          },
          {
            "x": 384,
            "y": 412
          },
          {
            "x": 377.0,
            "y": 419
          },
          {
            "x": 377.0,
            "y": 421
          },
          {
            "x": 376.0,
            "y": 422
          },
          {
            "x": 376.0,
            "y": 425
          },
          {
            "x": 375,
            "y": 426
          },
          {
            "x": 375,
            "y": 427
          },
          {
            "x": 374,
            "y": 428
          },
          {
            "x": 374,
            "y": 432
          },
          {
            "x": 373,
            "y": 433
          },
          {
            "x": 373,
            "y": 438
          },
          {
            "x": 374,
            "y": 439
          },
          {
            "x": 374,
            "y": 443
          },
          {
            "x": 375,
            "y": 444
          },
          {
            "x": 375,
            "y": 445
          },
          {
            "x": 376.0,
            "y": 446
          },
          {
            "x": 376.0,
            "y": 449
          },
          {
            "x": 599,
            "y": 449
          },
          {
            "x": 600,
            "y": 448
          },
          {
            "x": 600,
            "y": 443
          },
          {
            "x": 599,
            "y": 442
          },
          {
            "x": 599,
            "y": 427
          },
          {
            "x": 598,
            "y": 426
          },
          {
            "x": 598,
            "y": 424
          },
          {
            "x": 597,
            "y": 423
          },
          {
            "x": 597,
            "y": 418
          },
          {
            "x": 599,
            "y": 416
          },
          {
            "x": 599,
            "y": 414
          },
          {
            "x": 600,
            "y": 413
          },
          {
            "x": 600,
            "y": 410
          },
          {
            "x": 599,
            "y": 409
          },
          {
            "x": 599,
            "y": 406.0
          },
          {
            "x": 598,
            "y": 405
          },
          {
            "x": 598,
            "y": 404
          },
          {
            "x": 597,
            "y": 403
          },
          {
            "x": 597,
            "y": 401
          },
          {
            "x": 596,
            "y": 400
          },
          {
            "x": 596,
            "y": 399
          },
          {
            "x": 595,
            "y": 398
          },
          {
            "x": 595,
            "y": 397
          },
          {
            "x": 594,
            "y": 396
          },
          {
            "x": 594,
            "y": 395
          },
          {
            "x": 592,
            "y": 393
          },
          {
            "x": 592,
            "y": 391
          },
          {
            "x": 591,
            "y": 390
          },
          {
            "x": 591,
            "y": 389
          },
          {
            "x": 590,
            "y": 388
          },
          {
            "x": 590,
            "y": 386
          },
          {
            "x": 588,
            "y": 384
          },
          {
            "x": 588,
            "y": 382
          },
          {
            "x": 587,
            "y": 381
          },
          {
            "x": 587,
            "y": 380
          },
          {
            "x": 586,
            "y": 379
          },
          {
            "x": 586,
            "y": 377.0
          },
          {
            "x": 585,
            "y": 376.0
          },
          {
            "x": 585,
            "y": 374
          },
          {
            "x": 583,
            "y": 372
          },
          {
            "x": 583,
            "y": 370
          },
          {
            "x": 582,
            "y": 369
          },
          {
            "x": 582,
            "y": 368
          },
          {
            "x": 581,
            "y": 367
          },
          {
            "x": 581,
            "y": 365
          },
          {
            "x": 580,
            "y": 364
          },
          {
            "x": 580,
            "y": 363
          },
          {
            "x": 579,
            "y": 362
          },
          {
            "x": 579,
            "y": 347.0
          },
          {
            "x": 578,
            "y": 346.0
          },
          {
            "x": 578,
            "y": 345
          },
          {
            "x": 577,
            "y": 344
          },
          {
            "x": 577,
            "y": 342
          },
          {
            "x": 576,
            "y": 341
          },
          {
            "x": 576,
            "y": 338
          },
          {
            "x": 575,
            "y": 337
          },
          {
            "x": 575,
            "y": 336
          },
          {
            "x": 574.0,
            "y": 335
          },
          {
            "x": 574.0,
            "y": 333
          },
          {
            "x": 573,
            "y": 332
          },
          {
            "x": 573,
            "y": 331
          },
          {
            "x": 572.0,
            "y": 330
          },
          {
            "x": 572.0,
            "y": 327
          },
          {
            "x": 571,
            "y": 326
          },
          {
            "x": 571,
            "y": 325
          },
          {
            "x": 570.0,
            "y": 324
          },
          {
            "x": 570.0,
            "y": 321
          },
          {
            "x": 568,
            "y": 319
          },
          {
            "x": 568,
            "y": 317.0
          },
          {
            "x": 567,
            "y": 316.0
          },
          {
            "x": 567,
            "y": 313
          },
          {
            "x": 566,
            "y": 312
          },
          {
            "x": 566,
            "y": 311
          },
          {
            "x": 565,
            "y": 310
          },
          {
            "x": 565,
            "y": 308
          },
          {
            "x": 563,
            "y": 306
          },
          {
            "x": 563,
            "y": 304
          },
          {
            "x": 562,
            "y": 303
          },
          {
            "x": 562,
            "y": 302
          },
          {
            "x": 561,
            "y": 301
          },
          {
            "x": 561,
            "y": 298
          },
          {
            "x": 559,
            "y": 296
          },
          {
            "x": 559,
            "y": 293
          },
          {
            "x": 558,
            "y": 292
          },
          {
            "x": 558,
            "y": 290
          },
          {
            "x": 557,
            "y": 289
          },
          {
            "x": 557,
            "y": 288
          },
          {
            "x": 556,
            "y": 287.0
          },
          {
            "x": 556,
            "y": 285.0
          },
          {
            "x": 554,
            "y": 283
          },
          {
            "x": 554,
            "y": 281
          },
          {
            "x": 553,
            "y": 280
          },
          {
            "x": 553,
            "y": 279
          },
          {
            "x": 552,
            "y": 278
          },
          {
            "x": 552,
            "y": 275
          },
          {
            "x": 550,
            "y": 273
          },
          {
            "x": 550,
            "y": 270
          },
          {
            "x": 549,
            "y": 269
          },
          {
            "x": 549,
            "y": 262
          },
          {
            "x": 546,
            "y": 259
          },
          {
            "x": 544,
            "y": 259
          },
          {
            "x": 543,
            "y": 258
          },
          {
            "x": 542,
            "y": 258
          },
          {
            "x": 538,
            "y": 254
          },
          {
            "x": 538,
            "y": 252
          },
          {
            "x": 536,
            "y": 250
          },
          {
            "x": 536,
            "y": 249.0
          },
          {
            "x": 533,
            "y": 246
          },
          {
            "x": 530,
            "y": 246
          },
          {
            "x": 529,
            "y": 245
          },
          {
            "x": 528,
            "y": 245
          },
          {
            "x": 527,
            "y": 246
          },
          {
            "x": 520,
            "y": 246
          },
          {
            "x": 519,
            "y": 245
          },
          {
            "x": 517,
            "y": 245
          },
          {
            "x": 516,
            "y": 244
          },
          {
            "x": 516,
            "y": 243
          },
          {
            "x": 515,
            "y": 243
          },
          {
            "x": 513,
            "y": 241
          },
          {
            "x": 512,
            "y": 241
          },
          {
            "x": 506,
            "y": 235
          },
          {
            "x": 506,
            "y": 234.0
          },
          {
            "x": 505,
            "y": 234.0
          },
          {
            "x": 503,
            "y": 232
          },
          {
            "x": 502,
            "y": 232
          },
          {
            "x": 498.0,
            "y": 228
          },
          {
            "x": 496.0,
            "y": 228
          },
          {
            "x": 495,
            "y": 227
          },
          {
            "x": 487,
            "y": 227
          },
          {
            "x": 486,
            "y": 228
          },
          {
            "x": 481,
            "y": 228
          },
          {
            "x": 479,
            "y": 226
          },
          {
            "x": 479,
            "y": 225
          },
          {
            "x": 480,
            "y": 224
          },
          {
            "x": 480,
            "y": 220
          },
          {
            "x": 481,
            "y": 219
          },
          {
            "x": 481,
            "y": 217
          },
          {
            "x": 482,
            "y": 216
          },
          {
            "x": 482,
            "y": 213
          },
          {
            "x": 484,
            "y": 211
          },
          {
            "x": 484,
            "y": 209
          },
          {
            "x": 486,
            "y": 207
          },
          {
            "x": 486,
            "y": 204
          },
          {
            "x": 487,
            "y": 203.0
          },
          {
            "x": 487,
            "y": 202
          },
          {
            "x": 488,
            "y": 201
          },
          {
            "x": 488,
            "y": 193
          },
          {
            "x": 486,
            "y": 191
          },
          {
            "x": 486,
            "y": 174
          },
          {
            "x": 485,
            "y": 173.0
          },
          {
            "x": 485,
            "y": 172
          },
          {
            "x": 484,
            "y": 171
          },
          {
            "x": 484,
            "y": 168
          },
          {
            "x": 482,
            "y": 166
          },
          {
            "x": 482,
            "y": 165
          },
          {
            "x": 480,
            "y": 163
          },
          {
            "x": 480,
            "y": 162
          },
          {
            "x": 479,
            "y": 161
          },
          {
            "x": 479,
            "y": 160
          },
          {
            "x": 478,
            "y": 160
          },
          {
            "x": 471,
            "y": 153
          },
          {
            "x": 470,
            "y": 153
          },
          {
            "x": 468.0,
            "y": 151
          },
          {
            "x": 467.0,
            "y": 151
          },
          {
            "x": 466.0,
            "y": 150
          },
          {
            "x": 464,
            "y": 150
          },
          {
            "x": 463,
            "y": 149.57
          },
          {
            "x": 461.28,
            "y": 149.15
          },
          {
            "x": 458.85,
            "y": 149.29
          },
          {
            "x": 456.43,
            "y": 148.58
          },
          {
            "x": 455.0,
            "y": 148.44
          },
          {
            "x": 454.15,
            "y": 148.44
          },
          {
            "x": 452.57,
            "y": 148.73
          },
          {
            "x": 451.15,
            "y": 148.58
          },
          {
            "x": 444,
            "y": 150
          },
          {
            "x": 439,
            "y": 150
          },
          {
            "x": 438,
            "y": 151
          },
          {
            "x": 436.0,
            "y": 151
          },
          {
            "x": 435,
            "y": 152
          },
          {
            "x": 431,
            "y": 152
          },
          {
            "x": 430,
            "y": 153
          }
        ]
      }
    },
    {
      "annotator": {
        "email": "order@bex.kg",
        "full_name": "Zhaparova  Nurzhan"
      },
      "name": "Men Polygon ",
      "polygon": {
        "path": [
          {
            "x": 192.0,
            "y": 172
          },
          {
            "x": 190,
            "y": 174
          },
          {
            "x": 189.0,
            "y": 174
          },
          {
            "x": 188.0,
            "y": 175
          },
          {
            "x": 187,
            "y": 175
          },
          {
            "x": 187,
            "y": 176
          },
          {
            "x": 186.0,
            "y": 177
          },
          {
            "x": 185.0,
            "y": 177
          },
          {
            "x": 182.0,
            "y": 180
          },
          {
            "x": 181.0,
            "y": 180
          },
          {
            "x": 177,
            "y": 184
          },
          {
            "x": 177,
            "y": 185
          },
          {
            "x": 176,
            "y": 186.0
          },
          {
            "x": 175.0,
            "y": 186.0
          },
          {
            "x": 175.0,
            "y": 187
          },
          {
            "x": 174.0,
            "y": 188
          },
          {
            "x": 174.0,
            "y": 190
          },
          {
            "x": 173,
            "y": 191
          },
          {
            "x": 173,
            "y": 192
          },
          {
            "x": 172.0,
            "y": 193
          },
          {
            "x": 172.0,
            "y": 194
          },
          {
            "x": 171.0,
            "y": 195
          },
          {
            "x": 171.0,
            "y": 198.0
          },
          {
            "x": 170,
            "y": 199.0
          },
          {
            "x": 170,
            "y": 215
          },
          {
            "x": 171.0,
            "y": 216.0
          },
          {
            "x": 171.0,
            "y": 220.0
          },
          {
            "x": 172.0,
            "y": 221
          },
          {
            "x": 172.0,
            "y": 223.0
          },
          {
            "x": 173,
            "y": 224.0
          },
          {
            "x": 173,
            "y": 226.0
          },
          {
            "x": 174.0,
            "y": 227.0
          },
          {
            "x": 174.0,
            "y": 228
          },
          {
            "x": 175.0,
            "y": 229
          },
          {
            "x": 175.0,
            "y": 232
          },
          {
            "x": 177,
            "y": 234.0
          },
          {
            "x": 177,
            "y": 235
          },
          {
            "x": 178.0,
            "y": 236
          },
          {
            "x": 178.0,
            "y": 237.0
          },
          {
            "x": 180,
            "y": 239
          },
          {
            "x": 180,
            "y": 241.0
          },
          {
            "x": 181.0,
            "y": 242
          },
          {
            "x": 181.0,
            "y": 245
          },
          {
            "x": 180,
            "y": 246
          },
          {
            "x": 180,
            "y": 248.0
          },
          {
            "x": 178.0,
            "y": 250.0
          },
          {
            "x": 178.0,
            "y": 251.0
          },
          {
            "x": 176,
            "y": 253
          },
          {
            "x": 175.0,
            "y": 253
          },
          {
            "x": 175.0,
            "y": 255.0
          },
          {
            "x": 173,
            "y": 257.0
          },
          {
            "x": 173,
            "y": 259
          },
          {
            "x": 172.0,
            "y": 260
          },
          {
            "x": 171.0,
            "y": 260
          },
          {
            "x": 171.0,
            "y": 261.0
          },
          {
            "x": 169,
            "y": 263
          },
          {
            "x": 168.0,
            "y": 263
          },
          {
            "x": 166,
            "y": 265
          },
          {
            "x": 165.0,
            "y": 265
          },
          {
            "x": 164.0,
            "y": 266
          },
          {
            "x": 162,
            "y": 266
          },
          {
            "x": 161.0,
            "y": 267
          },
          {
            "x": 159,
            "y": 267
          },
          {
            "x": 157.0,
            "y": 269
          },
          {
            "x": 155,
            "y": 269
          },
          {
            "x": 154.0,
            "y": 270
          },
          {
            "x": 153.0,
            "y": 270
          },
          {
            "x": 152,
            "y": 271.0
          },
          {
            "x": 150.0,
            "y": 271.0
          },
          {
            "x": 148,
            "y": 273
          },
          {
            "x": 144.0,
            "y": 273
          },
          {
            "x": 143.0,
            "y": 274
          },
          {
            "x": 138,
            "y": 274
          },
          {
            "x": 137.0,
            "y": 275.0
          },
          {
            "x": 136.0,
            "y": 275.0
          },
          {
            "x": 135,
            "y": 276
          },
          {
            "x": 132,
            "y": 276
          },
          {
            "x": 131,
            "y": 277
          },
          {
            "x": 129.0,
            "y": 277
          },
          {
            "x": 128,
            "y": 278.0
          },
          {
            "x": 125.0,
            "y": 278.0
          },
          {
            "x": 124.0,
            "y": 279
          },
          {
            "x": 123.0,
            "y": 279
          },
          {
            "x": 122.0,
            "y": 280
          },
          {
            "x": 119.0,
            "y": 280
          },
          {
            "x": 118,
            "y": 281
          },
          {
            "x": 117.0,
            "y": 281
          },
          {
            "x": 117.0,
            "y": 282.0
          },
          {
            "x": 116.0,
            "y": 283
          },
          {
            "x": 116.0,
            "y": 286
          },
          {
            "x": 113.0,
            "y": 289.0
          },
          {
            "x": 113.0,
            "y": 290
          },
          {
            "x": 112.0,
            "y": 291
          },
          {
            "x": 112.0,
            "y": 292
          },
          {
            "x": 109.0,
            "y": 295
          },
          {
            "x": 109.0,
            "y": 296
          },
          {
            "x": 108.0,
            "y": 297
          },
          {
            "x": 108.0,
            "y": 299
          },
          {
            "x": 106.0,
            "y": 301
          },
          {
            "x": 106.0,
            "y": 303
          },
          {
            "x": 105.0,
            "y": 304
          },
          {
            "x": 105.0,
            "y": 305
          },
          {
            "x": 103.0,
            "y": 307
          },
          {
            "x": 103.0,
            "y": 309
          },
          {
            "x": 102.0,
            "y": 310
          },
          {
            "x": 102.0,
            "y": 311
          },
          {
            "x": 101.0,
            "y": 312
          },
          {
            "x": 101.0,
            "y": 313.0
          },
          {
            "x": 100,
            "y": 314
          },
          {
            "x": 100,
            "y": 316
          },
          {
            "x": 99.0,
            "y": 317
          },
          {
            "x": 99.0,
            "y": 318
          },
          {
            "x": 98.0,
            "y": 319
          },
          {
            "x": 98.0,
            "y": 324
          },
          {
            "x": 97,
            "y": 325
          },
          {
            "x": 97,
            "y": 327.0
          },
          {
            "x": 96.0,
            "y": 328
          },
          {
            "x": 96.0,
            "y": 331
          },
          {
            "x": 95.0,
            "y": 332
          },
          {
            "x": 95.0,
            "y": 334.0
          },
          {
            "x": 94.0,
            "y": 335
          },
          {
            "x": 94.0,
            "y": 336
          },
          {
            "x": 93.0,
            "y": 337
          },
          {
            "x": 93.0,
            "y": 343
          },
          {
            "x": 92.0,
            "y": 344
          },
          {
            "x": 92.0,
            "y": 347
          },
          {
            "x": 91.0,
            "y": 348
          },
          {
            "x": 91.0,
            "y": 360
          },
          {
            "x": 90,
            "y": 361
          },
          {
            "x": 90,
            "y": 362
          },
          {
            "x": 89.0,
            "y": 363
          },
          {
            "x": 89.0,
            "y": 374
          },
          {
            "x": 88.0,
            "y": 375
          },
          {
            "x": 88.0,
            "y": 379
          },
          {
            "x": 89.0,
            "y": 380
          },
          {
            "x": 88.0,
            "y": 381
          },
          {
            "x": 88.0,
            "y": 385
          },
          {
            "x": 87.0,
            "y": 386
          },
          {
            "x": 87.0,
            "y": 392
          },
          {
            "x": 88.0,
            "y": 393
          },
          {
            "x": 88.0,
            "y": 402
          },
          {
            "x": 89.0,
            "y": 403.0
          },
          {
            "x": 89.0,
            "y": 409
          },
          {
            "x": 90,
            "y": 410.0
          },
          {
            "x": 90,
            "y": 413
          },
          {
            "x": 91.0,
            "y": 414
          },
          {
            "x": 91.0,
            "y": 416
          },
          {
            "x": 92.0,
            "y": 417.0
          },
          {
            "x": 92.0,
            "y": 419
          },
          {
            "x": 93.0,
            "y": 420
          },
          {
            "x": 93.0,
            "y": 426
          },
          {
            "x": 95.0,
            "y": 428
          },
          {
            "x": 95.0,
            "y": 430
          },
          {
            "x": 96.0,
            "y": 431
          },
          {
            "x": 96.0,
            "y": 433
          },
          {
            "x": 97,
            "y": 434.0
          },
          {
            "x": 97,
            "y": 436
          },
          {
            "x": 98.0,
            "y": 437
          },
          {
            "x": 98.0,
            "y": 443
          },
          {
            "x": 99.0,
            "y": 444
          },
          {
            "x": 99.0,
            "y": 446
          },
          {
            "x": 100,
            "y": 447
          },
          {
            "x": 100,
            "y": 448.0
          },
          {
            "x": 101.0,
            "y": 449
          },
          {
            "x": 313.0,
            "y": 449
          },
          {
            "x": 313.0,
            "y": 446
          },
          {
            "x": 314.0,
            "y": 445
          },
          {
            "x": 314.0,
            "y": 438
          },
          {
            "x": 315,
            "y": 437
          },
          {
            "x": 315,
            "y": 430
          },
          {
            "x": 314.0,
            "y": 429
          },
          {
            "x": 314.0,
            "y": 428
          },
          {
            "x": 313.0,
            "y": 427
          },
          {
            "x": 310,
            "y": 427
          },
          {
            "x": 308.0,
            "y": 425
          },
          {
            "x": 308.0,
            "y": 424
          },
          {
            "x": 307,
            "y": 423
          },
          {
            "x": 307,
            "y": 421
          },
          {
            "x": 308.0,
            "y": 420
          },
          {
            "x": 308.0,
            "y": 418
          },
          {
            "x": 309,
            "y": 417.0
          },
          {
            "x": 309,
            "y": 404
          },
          {
            "x": 308.0,
            "y": 403.0
          },
          {
            "x": 308.0,
            "y": 393
          },
          {
            "x": 309,
            "y": 392
          },
          {
            "x": 309,
            "y": 383
          },
          {
            "x": 310,
            "y": 382
          },
          {
            "x": 310,
            "y": 366
          },
          {
            "x": 311.0,
            "y": 365.0
          },
          {
            "x": 311.0,
            "y": 358.0
          },
          {
            "x": 312,
            "y": 357
          },
          {
            "x": 312,
            "y": 353
          },
          {
            "x": 311.0,
            "y": 352
          },
          {
            "x": 311.0,
            "y": 351.0
          },
          {
            "x": 310,
            "y": 350
          },
          {
            "x": 310,
            "y": 346
          },
          {
            "x": 309,
            "y": 345
          },
          {
            "x": 309,
            "y": 342
          },
          {
            "x": 307,
            "y": 340
          },
          {
            "x": 307,
            "y": 339
          },
          {
            "x": 305.0,
            "y": 337
          },
          {
            "x": 305.0,
            "y": 334.0
          },
          {
            "x": 304,
            "y": 333
          },
          {
            "x": 304,
            "y": 329
          },
          {
            "x": 303.0,
            "y": 328
          },
          {
            "x": 303.0,
            "y": 324
          },
          {
            "x": 302.0,
            "y": 323
          },
          {
            "x": 302.0,
            "y": 322
          },
          {
            "x": 300.0,
            "y": 320.0
          },
          {
            "x": 300.0,
            "y": 319
          },
          {
            "x": 299.0,
            "y": 318
          },
          {
            "x": 299.0,
            "y": 317
          },
          {
            "x": 298,
            "y": 316
          },
          {
            "x": 298,
            "y": 315
          },
          {
            "x": 297.0,
            "y": 315
          },
          {
            "x": 296,
            "y": 314
          },
          {
            "x": 296,
            "y": 313.0
          },
          {
            "x": 295,
            "y": 312
          },
          {
            "x": 295,
            "y": 311
          },
          {
            "x": 293,
            "y": 309
          },
          {
            "x": 293,
            "y": 307
          },
          {
            "x": 292,
            "y": 306.0
          },
          {
            "x": 292,
            "y": 304
          },
          {
            "x": 291.0,
            "y": 303
          },
          {
            "x": 291.0,
            "y": 301
          },
          {
            "x": 290,
            "y": 300
          },
          {
            "x": 290,
            "y": 299
          },
          {
            "x": 289.0,
            "y": 298
          },
          {
            "x": 289.0,
            "y": 297
          },
          {
            "x": 288.0,
            "y": 296
          },
          {
            "x": 288.0,
            "y": 295
          },
          {
            "x": 287,
            "y": 295
          },
          {
            "x": 286.0,
            "y": 294
          },
          {
            "x": 286.0,
            "y": 293
          },
          {
            "x": 285.0,
            "y": 292
          },
          {
            "x": 285.0,
            "y": 291
          },
          {
            "x": 284,
            "y": 291
          },
          {
            "x": 283.0,
            "y": 290
          },
          {
            "x": 283.0,
            "y": 289.0
          },
          {
            "x": 282.0,
            "y": 288
          },
          {
            "x": 282.0,
            "y": 287
          },
          {
            "x": 279,
            "y": 284
          },
          {
            "x": 278,
            "y": 284
          },
          {
            "x": 277,
            "y": 283
          },
          {
            "x": 276,
            "y": 283
          },
          {
            "x": 274,
            "y": 281
          },
          {
            "x": 273,
            "y": 281
          },
          {
            "x": 272.0,
            "y": 280
          },
          {
            "x": 270,
            "y": 280
          },
          {
            "x": 269,
            "y": 279
          },
          {
            "x": 268.0,
            "y": 279
          },
          {
            "x": 267,
            "y": 278.0
          },
          {
            "x": 260,
            "y": 278.0
          },
          {
            "x": 258.0,
            "y": 276
          },
          {
            "x": 256,
            "y": 276
          },
          {
            "x": 255.0,
            "y": 275.0
          },
          {
            "x": 251.0,
            "y": 275.0
          },
          {
            "x": 250.0,
            "y": 274
          },
          {
            "x": 248.0,
            "y": 274
          },
          {
            "x": 247.0,
            "y": 273
          },
          {
            "x": 245,
            "y": 273
          },
          {
            "x": 243.0,
            "y": 271.0
          },
          {
            "x": 242,
            "y": 271.0
          },
          {
            "x": 241.0,
            "y": 270
          },
          {
            "x": 239,
            "y": 270
          },
          {
            "x": 238,
            "y": 269
          },
          {
            "x": 236,
            "y": 269
          },
          {
            "x": 235,
            "y": 268.0
          },
          {
            "x": 234.0,
            "y": 268.0
          },
          {
            "x": 233.0,
            "y": 267
          },
          {
            "x": 231.0,
            "y": 267
          },
          {
            "x": 230.0,
            "y": 266
          },
          {
            "x": 229,
            "y": 266
          },
          {
            "x": 227.0,
            "y": 264.0
          },
          {
            "x": 227.0,
            "y": 261.0
          },
          {
            "x": 228,
            "y": 260
          },
          {
            "x": 232,
            "y": 260
          },
          {
            "x": 233.0,
            "y": 259
          },
          {
            "x": 235,
            "y": 259
          },
          {
            "x": 237.0,
            "y": 257.0
          },
          {
            "x": 237.0,
            "y": 256
          },
          {
            "x": 238,
            "y": 255.0
          },
          {
            "x": 238,
            "y": 241.0
          },
          {
            "x": 239,
            "y": 240.0
          },
          {
            "x": 239,
            "y": 239
          },
          {
            "x": 240.0,
            "y": 238
          },
          {
            "x": 240.0,
            "y": 237.0
          },
          {
            "x": 242,
            "y": 235
          },
          {
            "x": 242,
            "y": 228
          },
          {
            "x": 241.0,
            "y": 227.0
          },
          {
            "x": 241.0,
            "y": 223.0
          },
          {
            "x": 240.0,
            "y": 222
          },
          {
            "x": 240.0,
            "y": 220.0
          },
          {
            "x": 239,
            "y": 219.0
          },
          {
            "x": 239,
            "y": 216.0
          },
          {
            "x": 240.0,
            "y": 215
          },
          {
            "x": 240.0,
            "y": 213.0
          },
          {
            "x": 241.0,
            "y": 212.0
          },
          {
            "x": 241.0,
            "y": 211
          },
          {
            "x": 243.0,
            "y": 209.0
          },
          {
            "x": 244.0,
            "y": 209.0
          },
          {
            "x": 245,
            "y": 208
          },
          {
            "x": 252,
            "y": 208
          },
          {
            "x": 253,
            "y": 209.0
          },
          {
            "x": 254.0,
            "y": 208
          },
          {
            "x": 261,
            "y": 208
          },
          {
            "x": 262,
            "y": 207
          },
          {
            "x": 263,
            "y": 207
          },
          {
            "x": 265,
            "y": 205.0
          },
          {
            "x": 265,
            "y": 202.0
          },
          {
            "x": 262,
            "y": 199.0
          },
          {
            "x": 256,
            "y": 199.0
          },
          {
            "x": 255.0,
            "y": 198.0
          },
          {
            "x": 243.0,
            "y": 198.0
          },
          {
            "x": 242,
            "y": 197
          },
          {
            "x": 242,
            "y": 196.0
          },
          {
            "x": 241.0,
            "y": 196.0
          },
          {
            "x": 240.0,
            "y": 195
          },
          {
            "x": 240.0,
            "y": 194
          },
          {
            "x": 238,
            "y": 192
          },
          {
            "x": 238,
            "y": 191
          },
          {
            "x": 237.0,
            "y": 190
          },
          {
            "x": 237.0,
            "y": 189
          },
          {
            "x": 235,
            "y": 187
          },
          {
            "x": 235,
            "y": 186.0
          },
          {
            "x": 232,
            "y": 183
          },
          {
            "x": 232,
            "y": 182
          },
          {
            "x": 228,
            "y": 178
          },
          {
            "x": 227.0,
            "y": 178
          },
          {
            "x": 224.0,
            "y": 175
          },
          {
            "x": 223.0,
            "y": 175
          },
          {
            "x": 222,
            "y": 174
          },
          {
            "x": 221,
            "y": 174
          },
          {
            "x": 220.0,
            "y": 173
          },
          {
            "x": 219.0,
            "y": 173
          },
          {
            "x": 218,
            "y": 172
          },
          {
            "x": 215,
            "y": 172
          },
          {
            "x": 214,
            "y": 171
          },
          {
            "x": 195.0,
            "y": 171
          },
          {
            "x": 194,
            "y": 172
          }
        ]
      }
    },
    {
      "annotator": {
        "email": "order@bex.kg",
        "full_name": "Zhaparova  Nurzhan"
      },
      "name": "Women Polygon ",
      "polygon": {
        "path": [
          {
            "x": 297,
            "y": 234.0
          },
          {
            "x": 296,
            "y": 235
          },
          {
            "x": 295,
            "y": 235
          },
          {
            "x": 292,
            "y": 238
          },
          {
            "x": 291,
            "y": 238
          },
          {
            "x": 290,
            "y": 239
          },
          {
            "x": 289,
            "y": 239
          },
          {
            "x": 288,
            "y": 240
          },
          {
            "x": 288,
            "y": 241
          },
          {
            "x": 283,
            "y": 246.0
          },
          {
            "x": 283,
            "y": 247.0
          },
          {
            "x": 282,
            "y": 248.0
          },
          {
            "x": 282,
            "y": 249.0
          },
          {
            "x": 280,
            "y": 251
          },
          {
            "x": 280,
            "y": 252
          },
          {
            "x": 279,
            "y": 253
          },
          {
            "x": 279,
            "y": 254
          },
          {
            "x": 277,
            "y": 256
          },
          {
            "x": 277,
            "y": 258
          },
          {
            "x": 276,
            "y": 259
          },
          {
            "x": 276,
            "y": 260
          },
          {
            "x": 275,
            "y": 261
          },
          {
            "x": 275,
            "y": 262
          },
          {
            "x": 274,
            "y": 263
          },
          {
            "x": 274,
            "y": 264
          },
          {
            "x": 273,
            "y": 265
          },
          {
            "x": 273,
            "y": 266
          },
          {
            "x": 272,
            "y": 267
          },
          {
            "x": 272,
            "y": 271
          },
          {
            "x": 271,
            "y": 272
          },
          {
            "x": 271,
            "y": 276
          },
          {
            "x": 270,
            "y": 277
          },
          {
            "x": 270,
            "y": 280
          },
          {
            "x": 271,
            "y": 280
          },
          {
            "x": 273,
            "y": 282
          },
          {
            "x": 274,
            "y": 282
          },
          {
            "x": 275,
            "y": 283
          },
          {
            "x": 276,
            "y": 283
          },
          {
            "x": 277,
            "y": 284
          },
          {
            "x": 278,
            "y": 284
          },
          {
            "x": 279,
            "y": 285
          },
          {
            "x": 280,
            "y": 285
          },
          {
            "x": 282,
            "y": 287
          },
          {
            "x": 282,
            "y": 288
          },
          {
            "x": 283,
            "y": 289
          },
          {
            "x": 283,
            "y": 290
          },
          {
            "x": 284,
            "y": 291
          },
          {
            "x": 284,
            "y": 292
          },
          {
            "x": 285,
            "y": 293
          },
          {
            "x": 285,
            "y": 294
          },
          {
            "x": 289,
            "y": 298
          },
          {
            "x": 289,
            "y": 299
          },
          {
            "x": 290,
            "y": 300
          },
          {
            "x": 290,
            "y": 305
          },
          {
            "x": 291,
            "y": 306
          },
          {
            "x": 291,
            "y": 308
          },
          {
            "x": 292,
            "y": 309
          },
          {
            "x": 292,
            "y": 311
          },
          {
            "x": 293,
            "y": 312
          },
          {
            "x": 293,
            "y": 314
          },
          {
            "x": 294,
            "y": 315
          },
          {
            "x": 295,
            "y": 315
          },
          {
            "x": 300,
            "y": 320
          },
          {
            "x": 300,
            "y": 321
          },
          {
            "x": 303,
            "y": 324
          },
          {
            "x": 303,
            "y": 331
          },
          {
            "x": 304,
            "y": 332
          },
          {
            "x": 304,
            "y": 335
          },
          {
            "x": 305,
            "y": 336
          },
          {
            "x": 305,
            "y": 337
          },
          {
            "x": 306,
            "y": 338
          },
          {
            "x": 306,
            "y": 339
          },
          {
            "x": 307,
            "y": 340
          },
          {
            "x": 307,
            "y": 343
          },
          {
            "x": 308,
            "y": 344
          },
          {
            "x": 308,
            "y": 348
          },
          {
            "x": 309,
            "y": 349
          },
          {
            "x": 309,
            "y": 351
          },
          {
            "x": 310,
            "y": 352
          },
          {
            "x": 310,
            "y": 356
          },
          {
            "x": 311,
            "y": 357
          },
          {
            "x": 311,
            "y": 366
          },
          {
            "x": 310,
            "y": 367
          },
          {
            "x": 310,
            "y": 378
          },
          {
            "x": 309,
            "y": 379
          },
          {
            "x": 309,
            "y": 390
          },
          {
            "x": 308,
            "y": 391
          },
          {
            "x": 308,
            "y": 392
          },
          {
            "x": 307,
            "y": 393
          },
          {
            "x": 307,
            "y": 396.0
          },
          {
            "x": 306,
            "y": 397.0
          },
          {
            "x": 306,
            "y": 400.0
          },
          {
            "x": 307,
            "y": 401.0
          },
          {
            "x": 307,
            "y": 406
          },
          {
            "x": 308,
            "y": 407
          },
          {
            "x": 308,
            "y": 409
          },
          {
            "x": 309,
            "y": 410
          },
          {
            "x": 309,
            "y": 413
          },
          {
            "x": 308,
            "y": 414
          },
          {
            "x": 309,
            "y": 415
          },
          {
            "x": 309,
            "y": 417
          },
          {
            "x": 308,
            "y": 418
          },
          {
            "x": 308,
            "y": 427
          },
          {
            "x": 309,
            "y": 428.0
          },
          {
            "x": 310,
            "y": 428.0
          },
          {
            "x": 311,
            "y": 429.0
          },
          {
            "x": 313,
            "y": 429.0
          },
          {
            "x": 315,
            "y": 431.0
          },
          {
            "x": 315,
            "y": 434.0
          },
          {
            "x": 314,
            "y": 435.0
          },
          {
            "x": 314,
            "y": 446
          },
          {
            "x": 312,
            "y": 448
          },
          {
            "x": 312,
            "y": 449
          },
          {
            "x": 376,
            "y": 449
          },
          {
            "x": 375,
            "y": 448
          },
          {
            "x": 375,
            "y": 445
          },
          {
            "x": 374,
            "y": 444
          },
          {
            "x": 374,
            "y": 442
          },
          {
            "x": 373,
            "y": 441
          },
          {
            "x": 373,
            "y": 433.0
          },
          {
            "x": 374,
            "y": 432.0
          },
          {
            "x": 374,
            "y": 429.0
          },
          {
            "x": 375,
            "y": 428.0
          },
          {
            "x": 375,
            "y": 425
          },
          {
            "x": 376,
            "y": 424
          },
          {
            "x": 376,
            "y": 422
          },
          {
            "x": 378,
            "y": 420
          },
          {
            "x": 378,
            "y": 419
          },
          {
            "x": 382,
            "y": 415
          },
          {
            "x": 383,
            "y": 415
          },
          {
            "x": 386,
            "y": 412
          },
          {
            "x": 386,
            "y": 410
          },
          {
            "x": 385,
            "y": 409
          },
          {
            "x": 385,
            "y": 408
          },
          {
            "x": 384,
            "y": 407
          },
          {
            "x": 384,
            "y": 405
          },
          {
            "x": 388,
            "y": 401.0
          },
          {
            "x": 388,
            "y": 396.0
          },
          {
            "x": 389,
            "y": 395
          },
          {
            "x": 389,
            "y": 388
          },
          {
            "x": 390,
            "y": 387
          },
          {
            "x": 390,
            "y": 382
          },
          {
            "x": 389,
            "y": 381
          },
          {
            "x": 389,
            "y": 378
          },
          {
            "x": 388,
            "y": 377
          },
          {
            "x": 388,
            "y": 375
          },
          {
            "x": 387,
            "y": 374
          },
          {
            "x": 387,
            "y": 373
          },
          {
            "x": 386,
            "y": 372.0
          },
          {
            "x": 386,
            "y": 370
          },
          {
            "x": 384,
            "y": 368
          },
          {
            "x": 384,
            "y": 367
          },
          {
            "x": 383,
            "y": 366
          },
          {
            "x": 383,
            "y": 365
          },
          {
            "x": 381,
            "y": 363
          },
          {
            "x": 381,
            "y": 362
          },
          {
            "x": 380,
            "y": 361
          },
          {
            "x": 380,
            "y": 360
          },
          {
            "x": 375,
            "y": 355
          },
          {
            "x": 375,
            "y": 354
          },
          {
            "x": 373,
            "y": 352
          },
          {
            "x": 373,
            "y": 351
          },
          {
            "x": 371,
            "y": 349
          },
          {
            "x": 370,
            "y": 349
          },
          {
            "x": 369,
            "y": 350
          },
          {
            "x": 367,
            "y": 350
          },
          {
            "x": 366,
            "y": 351
          },
          {
            "x": 364,
            "y": 351
          },
          {
            "x": 362,
            "y": 349
          },
          {
            "x": 360,
            "y": 349
          },
          {
            "x": 359,
            "y": 348
          },
          {
            "x": 358,
            "y": 348
          },
          {
            "x": 357,
            "y": 347
          },
          {
            "x": 357,
            "y": 346
          },
          {
            "x": 356,
            "y": 345
          },
          {
            "x": 357,
            "y": 344
          },
          {
            "x": 358,
            "y": 344
          },
          {
            "x": 359,
            "y": 343
          },
          {
            "x": 361,
            "y": 343
          },
          {
            "x": 362,
            "y": 342
          },
          {
            "x": 361,
            "y": 341
          },
          {
            "x": 360,
            "y": 341
          },
          {
            "x": 359,
            "y": 340
          },
          {
            "x": 355,
            "y": 340
          },
          {
            "x": 354,
            "y": 339
          },
          {
            "x": 350,
            "y": 339
          },
          {
            "x": 348,
            "y": 337
          },
          {
            "x": 348,
            "y": 335
          },
          {
            "x": 350,
            "y": 333
          },
          {
            "x": 350,
            "y": 332
          },
          {
            "x": 349,
            "y": 331
          },
          {
            "x": 349,
            "y": 327
          },
          {
            "x": 348,
            "y": 326
          },
          {
            "x": 348,
            "y": 325
          },
          {
            "x": 347,
            "y": 324
          },
          {
            "x": 349,
            "y": 322
          },
          {
            "x": 350,
            "y": 322
          },
          {
            "x": 350,
            "y": 320
          },
          {
            "x": 349,
            "y": 319
          },
          {
            "x": 349,
            "y": 317
          },
          {
            "x": 351,
            "y": 315
          },
          {
            "x": 354,
            "y": 315
          },
          {
            "x": 356,
            "y": 313
          },
          {
            "x": 355,
            "y": 312
          },
          {
            "x": 351,
            "y": 312
          },
          {
            "x": 350,
            "y": 311
          },
          {
            "x": 349,
            "y": 311
          },
          {
            "x": 347,
            "y": 309
          },
          {
            "x": 347,
            "y": 308
          },
          {
            "x": 348,
            "y": 307
          },
          {
            "x": 348,
            "y": 305
          },
          {
            "x": 347,
            "y": 304
          },
          {
            "x": 347,
            "y": 303
          },
          {
            "x": 346,
            "y": 302
          },
          {
            "x": 346,
            "y": 298
          },
          {
            "x": 345,
            "y": 297
          },
          {
            "x": 345,
            "y": 292
          },
          {
            "x": 346,
            "y": 291
          },
          {
            "x": 346,
            "y": 285
          },
          {
            "x": 348,
            "y": 283
          },
          {
            "x": 348,
            "y": 282
          },
          {
            "x": 349,
            "y": 281
          },
          {
            "x": 349,
            "y": 280
          },
          {
            "x": 350,
            "y": 279
          },
          {
            "x": 351,
            "y": 279
          },
          {
            "x": 352,
            "y": 278
          },
          {
            "x": 351,
            "y": 277
          },
          {
            "x": 351,
            "y": 276
          },
          {
            "x": 350,
            "y": 276
          },
          {
            "x": 349,
            "y": 275
          },
          {
            "x": 349,
            "y": 274
          },
          {
            "x": 348,
            "y": 274
          },
          {
            "x": 345,
            "y": 271
          },
          {
            "x": 344,
            "y": 271
          },
          {
            "x": 343,
            "y": 270
          },
          {
            "x": 342,
            "y": 270
          },
          {
            "x": 341,
            "y": 269
          },
          {
            "x": 341,
            "y": 268
          },
          {
            "x": 340,
            "y": 267
          },
          {
            "x": 340,
            "y": 266
          },
          {
            "x": 339,
            "y": 265
          },
          {
            "x": 339,
            "y": 262
          },
          {
            "x": 338,
            "y": 261
          },
          {
            "x": 338,
            "y": 258
          },
          {
            "x": 337,
            "y": 257
          },
          {
            "x": 337,
            "y": 255
          },
          {
            "x": 336,
            "y": 254
          },
          {
            "x": 336,
            "y": 253
          },
          {
            "x": 335,
            "y": 252
          },
          {
            "x": 335,
            "y": 251
          },
          {
            "x": 334,
            "y": 250.0
          },
          {
            "x": 334,
            "y": 248.0
          },
          {
            "x": 332,
            "y": 246.0
          },
          {
            "x": 332,
            "y": 245
          },
          {
            "x": 330,
            "y": 243
          },
          {
            "x": 330,
            "y": 242
          },
          {
            "x": 328,
            "y": 240
          },
          {
            "x": 328,
            "y": 239
          },
          {
            "x": 327,
            "y": 239
          },
          {
            "x": 325,
            "y": 237
          },
          {
            "x": 324,
            "y": 237
          },
          {
            "x": 323,
            "y": 236
          },
          {
            "x": 323,
            "y": 235
          },
          {
            "x": 322,
            "y": 235
          },
          {
            "x": 321,
            "y": 234.0
          },
          {
            "x": 319,
            "y": 234.0
          },
          {
            "x": 318,
            "y": 233.0
          },
          {
            "x": 317,
            "y": 233.0
          },
          {
            "x": 316,
            "y": 232.0
          },
          {
            "x": 310,
            "y": 232.0
          },
          {
            "x": 309,
            "y": 233.0
          },
          {
            "x": 300,
            "y": 233.0
          },
          {
            "x": 299,
            "y": 234.0
          }
        ]
      }
    }
  ]
}