{
  "image": {
    "width": 640,
    "height": 480,
    "filename": "00000032.jpg",
    "original_filename": "COCO_test2014_000000000318.jpg",
    "url": "https://darwin.v7labs.com/api/images/1197326/original?token=b0d243df-6830-43ea-9569-5542031eaef8",
    "thumbnail_url": "https://darwin.v7labs.com/api/images/1197326/thumbnail?token=b0d243df-6830-43ea-9569-5542031eaef8",
    "workview_url": "https://darwin.v7labs.com/workview?dataset=1164&image=32"
  },
  "dataset": "4_Aizada_ver2",
  "annotated": true,
  "annotations": [
    {
      "annotator": {
        "email": "corporate@bex.kg",
        "full_name": "Aizada Tynchybek kyzy"
      },
      "bounding_box": {
        "h": 47.44,
        "w": 20.01,
        "x": 488.97,
        "y": 190.17
      },
      "name": "Men"
    },
    {
      "annotator": {
        "email": "corporate@bex.kg",
        "full_name": "Aizada Tynchybek kyzy"
      },
      "bounding_box": {
        "h": 44.85,
        "w": 20.57,
        "x": 466.73,
        "y": 190.36
      },
      "name": "Women"
    },
    {
      "annotator": {
        "email": "corporate@bex.kg",
        "full_name": "Aizada Tynchybek kyzy"
      },
      "bounding_box": {
        "h": 42.62,
        "w": 16.68,
        "x": 423.0,
        "y": 191.66
      },
      "name": "Men"
    },
    {
      "annotator": {
        "email": "corporate@bex.kg",
        "full_name": "Aizada Tynchybek kyzy"
      },
      "name": "Child_Polygon",
      "polygon": {
        "path": [
          {
            "x": 434,
            "y": 290
          },
          {
            "x": 425,
            "y": 290
          },
          {
            "x": 424,
            "y": 289
          },
          {
            "x": 423,
            "y": 290
          },
          {
            "x": 422,
            "y": 290
          },
          {
            "x": 421,
            "y": 291
          },
          {
            "x": 420,
            "y": 291
          },
          {
            "x": 417,
            "y": 294
          },
          {
            "x": 417,
            "y": 295
          },
          {
            "x": 414,
            "y": 298
          },
          {
            "x": 414,
            "y": 300
          },
          {
            "x": 413,
            "y": 301
          },
          {
            "x": 413,
            "y": 302
          },
          {
            "x": 412,
            "y": 303
          },
          {
            "x": 412,
            "y": 304
          },
          {
            "x": 411,
            "y": 305
          },
          {
            "x": 411,
            "y": 307
          },
          {
            "x": 412,
            "y": 308
          },
          {
            "x": 412,
            "y": 310
          },
          {
            "x": 415,
            "y": 313.0
          },
          {
            "x": 416.0,
            "y": 313.0
          },
          {
            "x": 418,
            "y": 315
          },
          {
            "x": 418,
            "y": 317
          },
          {
            "x": 410,
            "y": 325
          },
          {
            "x": 410,
            "y": 326
          },
          {
            "x": 408,
            "y": 328
          },
          {
            "x": 408,
            "y": 329
          },
          {
            "x": 406,
            "y": 331
          },
          {
            "x": 406,
            "y": 332
          },
          {
            "x": 403,
            "y": 335
          },
          {
            "x": 403,
            "y": 336
          },
          {
            "x": 398,
            "y": 341
          },
          {
            "x": 398,
            "y": 346
          },
          {
            "x": 399,
            "y": 347
          },
          {
            "x": 399,
            "y": 348
          },
          {
            "x": 403,
            "y": 348
          },
          {
            "x": 405,
            "y": 350
          },
          {
            "x": 404,
            "y": 351
          },
          {
            "x": 404,
            "y": 352.0
          },
          {
            "x": 403,
            "y": 353
          },
          {
            "x": 402,
            "y": 353
          },
          {
            "x": 402,
            "y": 354
          },
          {
            "x": 401,
            "y": 355
          },
          {
            "x": 401,
            "y": 356
          },
          {
            "x": 400,
            "y": 357
          },
          {
            "x": 400,
            "y": 368
          },
          {
            "x": 401,
            "y": 369
          },
          {
            "x": 401,
            "y": 374
          },
          {
            "x": 402,
            "y": 374
          },
          {
            "x": 404,
            "y": 376
          },
          {
            "x": 405,
            "y": 376
          },
          {
            "x": 405,
            "y": 371
          },
          {
            "x": 406,
            "y": 370
          },
          {
            "x": 406,
            "y": 364
          },
          {
            "x": 407,
            "y": 363
          },
          {
            "x": 407,
            "y": 362
          },
          {
            "x": 408,
            "y": 361
          },
          {
            "x": 408,
            "y": 360
          },
          {
            "x": 411,
            "y": 357
          },
          {
            "x": 412,
            "y": 357
          },
          {
            "x": 414,
            "y": 355
          },
          {
            "x": 415,
            "y": 355
          },
          {
            "x": 416.0,
            "y": 354
          },
          {
            "x": 418,
            "y": 354
          },
          {
            "x": 419,
            "y": 353
          },
          {
            "x": 422,
            "y": 353
          },
          {
            "x": 423,
            "y": 352.0
          },
          {
            "x": 425,
            "y": 352.0
          },
          {
            "x": 426,
            "y": 351
          },
          {
            "x": 428,
            "y": 351
          },
          {
            "x": 429,
            "y": 350
          },
          {
            "x": 430,
            "y": 350
          },
          {
            "x": 431,
            "y": 349
          },
          {
            "x": 431,
            "y": 348
          },
          {
            "x": 432,
            "y": 347
          },
          {
            "x": 434,
            "y": 347
          },
          {
            "x": 435,
            "y": 346
          },
          {
            "x": 440,
            "y": 346
          },
          {
            "x": 440,
            "y": 343
          },
          {
            "x": 441.0,
            "y": 342
          },
          {
            "x": 441.0,
            "y": 341
          },
          {
            "x": 442,
            "y": 340
          },
          {
            "x": 442,
            "y": 338
          },
          {
            "x": 441.0,
            "y": 337
          },
          {
            "x": 441.0,
            "y": 335
          },
          {
            "x": 442,
            "y": 334
          },
          {
            "x": 442,
            "y": 333
          },
          {
            "x": 444,
            "y": 331
          },
          {
            "x": 444,
            "y": 329
          },
          {
            "x": 447,
            "y": 326
          },
          {
            "x": 447,
            "y": 323
          },
          {
            "x": 445,
            "y": 321
          },
          {
            "x": 445,
            "y": 316
          },
          {
            "x": 444,
            "y": 315
          },
          {
            "x": 444,
            "y": 314
          },
          {
            "x": 442,
            "y": 312
          },
          {
            "x": 441.0,
            "y": 312
          },
          {
            "x": 440,
            "y": 311
          },
          {
            "x": 440,
            "y": 307
          },
          {
            "x": 441.0,
            "y": 306
          },
          {
            "x": 441.0,
            "y": 297
          },
          {
            "x": 440,
            "y": 296
          },
          {
            "x": 440,
            "y": 295
          },
          {
            "x": 436,
            "y": 291
          },
          {
            "x": 435,
            "y": 291
          }
        ]
      }
    },
    {
      "annotator": {
        "email": "corporate@bex.kg",
        "full_name": "Aizada Tynchybek kyzy"
      },
      "name": "Women_Polygon",
      "polygon": {
        "path": [
          {
            "x": 488,
            "y": 320
          },
          {
            "x": 484,
            "y": 320
          },
          {
            "x": 483,
            "y": 319
          },
          {
            "x": 482,
            "y": 319
          },
          {
            "x": 481,
            "y": 318
          },
          {
            "x": 476,
            "y": 318
          },
          {
            "x": 475,
            "y": 319
          },
          {
            "x": 474,
            "y": 319
          },
          {
            "x": 473,
            "y": 320
          },
          {
            "x": 472,
            "y": 320
          },
          {
            "x": 470,
            "y": 322
          },
          {
            "x": 469,
            "y": 322
          },
          {
            "x": 468,
            "y": 323
          },
          {
            "x": 467,
            "y": 323
          },
          {
            "x": 462,
            "y": 328
          },
          {
            "x": 461,
            "y": 328
          },
          {
            "x": 458,
            "y": 331
          },
          {
            "x": 458,
            "y": 332
          },
          {
            "x": 456,
            "y": 334
          },
          {
            "x": 456,
            "y": 335
          },
          {
            "x": 455,
            "y": 336
          },
          {
            "x": 455,
            "y": 340
          },
          {
            "x": 456,
            "y": 341
          },
          {
            "x": 456,
            "y": 343
          },
          {
            "x": 457,
            "y": 344
          },
          {
            "x": 457,
            "y": 347
          },
          {
            "x": 458,
            "y": 348
          },
          {
            "x": 459,
            "y": 348
          },
          {
            "x": 462,
            "y": 351
          },
          {
            "x": 462,
            "y": 352.0
          },
          {
            "x": 463,
            "y": 353
          },
          {
            "x": 463,
            "y": 354
          },
          {
            "x": 469,
            "y": 360
          },
          {
            "x": 469,
            "y": 361
          },
          {
            "x": 476,
            "y": 368
          },
          {
            "x": 476,
            "y": 369
          },
          {
            "x": 478,
            "y": 371
          },
          {
            "x": 478,
            "y": 373
          },
          {
            "x": 476,
            "y": 375
          },
          {
            "x": 476,
            "y": 376
          },
          {
            "x": 474,
            "y": 378
          },
          {
            "x": 474,
            "y": 379
          },
          {
            "x": 472,
            "y": 381
          },
          {
            "x": 472,
            "y": 382
          },
          {
            "x": 469,
            "y": 385
          },
          {
            "x": 469,
            "y": 386
          },
          {
            "x": 468,
            "y": 387
          },
          {
            "x": 468,
            "y": 388
          },
          {
            "x": 465,
            "y": 391
          },
          {
            "x": 465,
            "y": 392
          },
          {
            "x": 463,
            "y": 394
          },
          {
            "x": 463,
            "y": 395
          },
          {
            "x": 456,
            "y": 402
          },
          {
            "x": 448,
            "y": 402
          },
          {
            "x": 447,
            "y": 401.0
          },
          {
            "x": 443,
            "y": 401.0
          },
          {
            "x": 442,
            "y": 400
          },
          {
            "x": 439,
            "y": 400
          },
          {
            "x": 438,
            "y": 399.0
          },
          {
            "x": 435,
            "y": 399.0
          },
          {
            "x": 434,
            "y": 398.0
          },
          {
            "x": 433,
            "y": 398.0
          },
          {
            "x": 432,
            "y": 397
          },
          {
            "x": 431,
            "y": 397
          },
          {
            "x": 428,
            "y": 394
          },
          {
            "x": 426,
            "y": 394
          },
          {
            "x": 425,
            "y": 393.0
          },
          {
            "x": 424,
            "y": 393.0
          },
          {
            "x": 423,
            "y": 392
          },
          {
            "x": 422,
            "y": 392
          },
          {
            "x": 421,
            "y": 391
          },
          {
            "x": 420,
            "y": 391
          },
          {
            "x": 419,
            "y": 390
          },
          {
            "x": 418,
            "y": 390
          },
          {
            "x": 417,
            "y": 389
          },
          {
            "x": 415,
            "y": 389
          },
          {
            "x": 414,
            "y": 388
          },
          {
            "x": 413,
            "y": 388
          },
          {
            "x": 412,
            "y": 387
          },
          {
            "x": 408,
            "y": 387
          },
          {
            "x": 407,
            "y": 386
          },
          {
            "x": 405,
            "y": 386
          },
          {
            "x": 404,
            "y": 387
          },
          {
            "x": 400,
            "y": 387
          },
          {
            "x": 399,
            "y": 388
          },
          {
            "x": 398,
            "y": 387
          },
          {
            "x": 393,
            "y": 387
          },
          {
            "x": 393,
            "y": 388
          },
          {
            "x": 392,
            "y": 389
          },
          {
            "x": 392,
            "y": 391
          },
          {
            "x": 393,
            "y": 392
          },
          {
            "x": 393,
            "y": 393.0
          },
          {
            "x": 394,
            "y": 394
          },
          {
            "x": 394,
            "y": 396.0
          },
          {
            "x": 395,
            "y": 397
          },
          {
            "x": 395,
            "y": 399.0
          },
          {
            "x": 396,
            "y": 400
          },
          {
            "x": 394,
            "y": 402
          },
          {
            "x": 394,
            "y": 403.0
          },
          {
            "x": 392,
            "y": 405
          },
          {
            "x": 392,
            "y": 406.0
          },
          {
            "x": 391,
            "y": 407
          },
          {
            "x": 391,
            "y": 409.0
          },
          {
            "x": 390,
            "y": 410
          },
          {
            "x": 390,
            "y": 421
          },
          {
            "x": 389,
            "y": 422.0
          },
          {
            "x": 389,
            "y": 424.0
          },
          {
            "x": 388,
            "y": 425.0
          },
          {
            "x": 388,
            "y": 427.0
          },
          {
            "x": 387,
            "y": 428
          },
          {
            "x": 387,
            "y": 430.0
          },
          {
            "x": 386,
            "y": 431
          },
          {
            "x": 386,
            "y": 440.0
          },
          {
            "x": 387,
            "y": 441
          },
          {
            "x": 387,
            "y": 443.0
          },
          {
            "x": 388,
            "y": 444
          },
          {
            "x": 388,
            "y": 450.0
          },
          {
            "x": 389,
            "y": 451.0
          },
          {
            "x": 389,
            "y": 455
          },
          {
            "x": 390,
            "y": 456.0
          },
          {
            "x": 390,
            "y": 457
          },
          {
            "x": 391,
            "y": 458.0
          },
          {
            "x": 391,
            "y": 460
          },
          {
            "x": 392,
            "y": 461.0
          },
          {
            "x": 392,
            "y": 464.0
          },
          {
            "x": 393,
            "y": 465
          },
          {
            "x": 393,
            "y": 466.0
          },
          {
            "x": 394,
            "y": 467
          },
          {
            "x": 394,
            "y": 469.0
          },
          {
            "x": 395,
            "y": 470
          },
          {
            "x": 395,
            "y": 472.0
          },
          {
            "x": 397,
            "y": 474.0
          },
          {
            "x": 397,
            "y": 475
          },
          {
            "x": 398,
            "y": 476
          },
          {
            "x": 398,
            "y": 478
          },
          {
            "x": 421,
            "y": 478
          },
          {
            "x": 422,
            "y": 477.0
          },
          {
            "x": 422,
            "y": 476
          },
          {
            "x": 421,
            "y": 476
          },
          {
            "x": 419,
            "y": 474.0
          },
          {
            "x": 419,
            "y": 473
          },
          {
            "x": 420,
            "y": 472.0
          },
          {
            "x": 421,
            "y": 472.0
          },
          {
            "x": 422,
            "y": 471.0
          },
          {
            "x": 423,
            "y": 471.0
          },
          {
            "x": 424,
            "y": 472.0
          },
          {
            "x": 425,
            "y": 472.0
          },
          {
            "x": 425,
            "y": 471.0
          },
          {
            "x": 424,
            "y": 470
          },
          {
            "x": 420,
            "y": 470
          },
          {
            "x": 419,
            "y": 469.0
          },
          {
            "x": 419,
            "y": 465
          },
          {
            "x": 418,
            "y": 464.0
          },
          {
            "x": 418,
            "y": 461.0
          },
          {
            "x": 420,
            "y": 459.0
          },
          {
            "x": 420,
            "y": 458.0
          },
          {
            "x": 422,
            "y": 456.0
          },
          {
            "x": 428,
            "y": 456.0
          },
          {
            "x": 429,
            "y": 457
          },
          {
            "x": 430,
            "y": 457
          },
          {
            "x": 431,
            "y": 456.0
          },
          {
            "x": 431,
            "y": 455
          },
          {
            "x": 432,
            "y": 454
          },
          {
            "x": 433,
            "y": 454
          },
          {
            "x": 434,
            "y": 455
          },
          {
            "x": 435,
            "y": 455
          },
          {
            "x": 436,
            "y": 456.0
          },
          {
            "x": 434,
            "y": 458.0
          },
          {
            "x": 434,
            "y": 461.0
          },
          {
            "x": 435,
            "y": 462
          },
          {
            "x": 433,
            "y": 464.0
          },
          {
            "x": 433,
            "y": 467
          },
          {
            "x": 434,
            "y": 468
          },
          {
            "x": 434,
            "y": 472.0
          },
          {
            "x": 435,
            "y": 473
          },
          {
            "x": 435,
            "y": 474.0
          },
          {
            "x": 434,
            "y": 475
          },
          {
            "x": 434,
            "y": 478
          },
          {
            "x": 540,
            "y": 478
          },
          {
            "x": 539,
            "y": 477.0
          },
          {
            "x": 539,
            "y": 476
          },
          {
            "x": 538,
            "y": 475
          },
          {
            "x": 538,
            "y": 474.0
          },
          {
            "x": 536,
            "y": 472.0
          },
          {
            "x": 536,
            "y": 467
          },
          {
            "x": 537,
            "y": 466.0
          },
          {
            "x": 537,
            "y": 465
          },
          {
            "x": 538,
            "y": 464.0
          },
          {
            "x": 538,
            "y": 462
          },
          {
            "x": 539,
            "y": 461.0
          },
          {
            "x": 539,
            "y": 460
          },
          {
            "x": 540,
            "y": 459.0
          },
          {
            "x": 540,
            "y": 458.0
          },
          {
            "x": 541,
            "y": 457
          },
          {
            "x": 541,
            "y": 455
          },
          {
            "x": 546,
            "y": 450.0
          },
          {
            "x": 549,
            "y": 450.0
          },
          {
            "x": 551,
            "y": 448.0
          },
          {
            "x": 551,
            "y": 446.0
          },
          {
            "x": 550,
            "y": 445.0
          },
          {
            "x": 549,
            "y": 445.0
          },
          {
            "x": 548,
            "y": 444
          },
          {
            "x": 545,
            "y": 444
          },
          {
            "x": 543,
            "y": 442
          },
          {
            "x": 540,
            "y": 442
          },
          {
            "x": 537,
            "y": 439
          },
          {
            "x": 537,
            "y": 437.0
          },
          {
            "x": 536,
            "y": 436
          },
          {
            "x": 536,
            "y": 424.0
          },
          {
            "x": 535,
            "y": 423
          },
          {
            "x": 535,
            "y": 414.0
          },
          {
            "x": 534,
            "y": 413
          },
          {
            "x": 534,
            "y": 407
          },
          {
            "x": 533,
            "y": 406.0
          },
          {
            "x": 533,
            "y": 405
          },
          {
            "x": 532,
            "y": 404.0
          },
          {
            "x": 532,
            "y": 403.0
          },
          {
            "x": 531,
            "y": 402
          },
          {
            "x": 531,
            "y": 401.0
          },
          {
            "x": 530,
            "y": 400
          },
          {
            "x": 530,
            "y": 396.0
          },
          {
            "x": 529.0,
            "y": 395
          },
          {
            "x": 529.0,
            "y": 393.0
          },
          {
            "x": 528,
            "y": 392
          },
          {
            "x": 528,
            "y": 391
          },
          {
            "x": 527,
            "y": 391
          },
          {
            "x": 526,
            "y": 390
          },
          {
            "x": 526,
            "y": 389
          },
          {
            "x": 525,
            "y": 388
          },
          {
            "x": 525,
            "y": 387
          },
          {
            "x": 524,
            "y": 386
          },
          {
            "x": 524,
            "y": 385
          },
          {
            "x": 523,
            "y": 384
          },
          {
            "x": 523,
            "y": 383
          },
          {
            "x": 522,
            "y": 382
          },
          {
            "x": 522,
            "y": 381
          },
          {
            "x": 521,
            "y": 381
          },
          {
            "x": 520,
            "y": 380
          },
          {
            "x": 520,
            "y": 379
          },
          {
            "x": 518,
            "y": 377
          },
          {
            "x": 518,
            "y": 376
          },
          {
            "x": 516,
            "y": 374
          },
          {
            "x": 516,
            "y": 373
          },
          {
            "x": 515,
            "y": 373
          },
          {
            "x": 510,
            "y": 368
          },
          {
            "x": 509,
            "y": 368
          },
          {
            "x": 508,
            "y": 367
          },
          {
            "x": 507,
            "y": 367
          },
          {
            "x": 505,
            "y": 365
          },
          {
            "x": 504,
            "y": 365
          },
          {
            "x": 502,
            "y": 363
          },
          {
            "x": 502,
            "y": 352.0
          },
          {
            "x": 503,
            "y": 351
          },
          {
            "x": 503,
            "y": 346
          },
          {
            "x": 502,
            "y": 345
          },
          {
            "x": 502,
            "y": 338
          },
          {
            "x": 501,
            "y": 337
          },
          {
            "x": 501,
            "y": 334
          },
          {
            "x": 500,
            "y": 333
          },
          {
            "x": 500,
            "y": 331
          },
          {
            "x": 499,
            "y": 330
          },
          {
            "x": 499,
            "y": 329
          },
          {
            "x": 497,
            "y": 327
          },
          {
            "x": 497,
            "y": 326
          },
          {
            "x": 496,
            "y": 325
          },
          {
            "x": 495,
            "y": 325
          },
          {
            "x": 493,
            "y": 323
          },
          {
            "x": 492,
            "y": 323
          },
          {
            "x": 491,
            "y": 322
          },
          {
            "x": 490,
            "y": 322
          }
        ]
      }
    },
    {
      "annotator": {
        "email": "corporate@bex.kg",
        "full_name": "Aizada Tynchybek kyzy"
      },
      "bounding_box": {
        "h": 41.88,
        "w": 39.66,
        "x": 293.28,
        "y": 173.13
      },
      "name": "Women"
    },
    {
      "annotator": {
        "email": "corporate@bex.kg",
        "full_name": "Aizada Tynchybek kyzy"
      },
      "bounding_box": {
        "h": 31.52,
        "w": 89.56,
        "x": 504.36,
        "y": 201.7
      },
      "name": "Transport"
    },
    {
      "annotator": {
        "email": "corporate@bex.kg",
        "full_name": "Aizada Tynchybek kyzy"
      },
      "bounding_box": {
        "h": 28.89,
        "w": 18.65,
        "x": 609.42,
        "y": 208.26
      },
      "name": "Child"
    },
    {
      "annotator": {
        "email": "corporate@bex.kg",
        "full_name": "Aizada Tynchybek kyzy"
      },
      "bounding_box": {
        "h": 44.67,
        "w": 12.6,
        "x": 409.46,
        "y": 187.37
      },
      "name": "Women"
    }
  ]
}