{
  "image": {
    "width": 500,
    "height": 375,
    "filename": "00000165.jpg",
    "original_filename": "COCO_test2014_000000002311.jpg",
    "url": "https://darwin.v7labs.com/api/images/1197459/original?token=b0d243df-6830-43ea-9569-5542031eaef8",
    "thumbnail_url": "https://darwin.v7labs.com/api/images/1197459/thumbnail?token=b0d243df-6830-43ea-9569-5542031eaef8",
    "workview_url": "https://darwin.v7labs.com/workview?dataset=1164&image=165"
  },
  "dataset": "4_Aizada_ver2",
  "annotated": true,
  "annotations": [
    {
      "annotator": {
        "email": "corporate@bex.kg",
        "full_name": "Aizada Tynchybek kyzy"
      },
      "auto_annotate": {
        "bbox": {
          "x1": -66.58,
          "x2": 72.42,
          "y1": -125.54,
          "y2": 116.46
        },
        "model": "145e8155-b48e-4be2-9c41-8f930ae1daee"
      },
      "name": "Animal_Polygon",
      "polygon": {
        "path": [
          {
            "x": 259,
            "y": 92
          },
          {
            "x": 255,
            "y": 92
          },
          {
            "x": 254,
            "y": 93
          },
          {
            "x": 248.0,
            "y": 93
          },
          {
            "x": 247,
            "y": 94
          },
          {
            "x": 246.0,
            "y": 94
          },
          {
            "x": 245.0,
            "y": 95
          },
          {
            "x": 243,
            "y": 95
          },
          {
            "x": 242.0,
            "y": 96.0
          },
          {
            "x": 241.0,
            "y": 96.0
          },
          {
            "x": 238.0,
            "y": 99
          },
          {
            "x": 238.0,
            "y": 100
          },
          {
            "x": 233,
            "y": 105.0
          },
          {
            "x": 233,
            "y": 106
          },
          {
            "x": 232,
            "y": 107
          },
          {
            "x": 232,
            "y": 111
          },
          {
            "x": 231.0,
            "y": 112
          },
          {
            "x": 231.0,
            "y": 115
          },
          {
            "x": 230.0,
            "y": 116
          },
          {
            "x": 230.0,
            "y": 120
          },
          {
            "x": 231.0,
            "y": 121
          },
          {
            "x": 231.0,
            "y": 124
          },
          {
            "x": 232,
            "y": 125
          },
          {
            "x": 232,
            "y": 127
          },
          {
            "x": 233,
            "y": 128
          },
          {
            "x": 233,
            "y": 129
          },
          {
            "x": 235.0,
            "y": 131
          },
          {
            "x": 235.0,
            "y": 133
          },
          {
            "x": 242.0,
            "y": 140
          },
          {
            "x": 242.0,
            "y": 142
          },
          {
            "x": 243,
            "y": 143
          },
          {
            "x": 243,
            "y": 144
          },
          {
            "x": 244,
            "y": 145
          },
          {
            "x": 244,
            "y": 149
          },
          {
            "x": 242.0,
            "y": 151
          },
          {
            "x": 241.0,
            "y": 151
          },
          {
            "x": 233,
            "y": 159
          },
          {
            "x": 221,
            "y": 159
          },
          {
            "x": 220.0,
            "y": 160
          },
          {
            "x": 215,
            "y": 160
          },
          {
            "x": 213.0,
            "y": 158
          },
          {
            "x": 212.0,
            "y": 158
          },
          {
            "x": 206.0,
            "y": 152
          },
          {
            "x": 206.0,
            "y": 151
          },
          {
            "x": 205.0,
            "y": 151
          },
          {
            "x": 200,
            "y": 146
          },
          {
            "x": 198.0,
            "y": 146
          },
          {
            "x": 197,
            "y": 145
          },
          {
            "x": 195.0,
            "y": 145
          },
          {
            "x": 194.0,
            "y": 146
          },
          {
            "x": 193,
            "y": 146
          },
          {
            "x": 193,
            "y": 147.0
          },
          {
            "x": 192.0,
            "y": 148
          },
          {
            "x": 192.0,
            "y": 150
          },
          {
            "x": 191.0,
            "y": 151
          },
          {
            "x": 192.0,
            "y": 152
          },
          {
            "x": 192.0,
            "y": 161
          },
          {
            "x": 193,
            "y": 162
          },
          {
            "x": 193,
            "y": 166
          },
          {
            "x": 194.0,
            "y": 167
          },
          {
            "x": 194.0,
            "y": 173
          },
          {
            "x": 195.0,
            "y": 174.0
          },
          {
            "x": 195.0,
            "y": 178
          },
          {
            "x": 193,
            "y": 180
          },
          {
            "x": 193,
            "y": 182
          },
          {
            "x": 192.0,
            "y": 183.0
          },
          {
            "x": 192.0,
            "y": 184
          },
          {
            "x": 191.0,
            "y": 185
          },
          {
            "x": 191.0,
            "y": 189
          },
          {
            "x": 192.0,
            "y": 190
          },
          {
            "x": 192.0,
            "y": 199
          },
          {
            "x": 191.0,
            "y": 200
          },
          {
            "x": 191.0,
            "y": 206
          },
          {
            "x": 190,
            "y": 207
          },
          {
            "x": 190,
            "y": 223
          },
          {
            "x": 191.0,
            "y": 224
          },
          {
            "x": 191.0,
            "y": 227
          },
          {
            "x": 192.0,
            "y": 228.0
          },
          {
            "x": 192.0,
            "y": 231
          },
          {
            "x": 193,
            "y": 232
          },
          {
            "x": 193,
            "y": 234
          },
          {
            "x": 195.0,
            "y": 236
          },
          {
            "x": 195.0,
            "y": 238
          },
          {
            "x": 196,
            "y": 239
          },
          {
            "x": 196,
            "y": 241
          },
          {
            "x": 197,
            "y": 242
          },
          {
            "x": 197,
            "y": 244
          },
          {
            "x": 198.0,
            "y": 245
          },
          {
            "x": 198.0,
            "y": 246
          },
          {
            "x": 199.0,
            "y": 247
          },
          {
            "x": 199.0,
            "y": 248
          },
          {
            "x": 200,
            "y": 249
          },
          {
            "x": 200,
            "y": 250
          },
          {
            "x": 207,
            "y": 257
          },
          {
            "x": 207,
            "y": 258
          },
          {
            "x": 208,
            "y": 259
          },
          {
            "x": 209.0,
            "y": 259
          },
          {
            "x": 213.0,
            "y": 263
          },
          {
            "x": 213.0,
            "y": 266
          },
          {
            "x": 214,
            "y": 267
          },
          {
            "x": 214,
            "y": 268
          },
          {
            "x": 215,
            "y": 269
          },
          {
            "x": 217.0,
            "y": 269
          },
          {
            "x": 218,
            "y": 270
          },
          {
            "x": 222,
            "y": 270
          },
          {
            "x": 223.0,
            "y": 269
          },
          {
            "x": 228.0,
            "y": 269
          },
          {
            "x": 229,
            "y": 270
          },
          {
            "x": 229,
            "y": 271
          },
          {
            "x": 230.0,
            "y": 272
          },
          {
            "x": 229,
            "y": 273
          },
          {
            "x": 229,
            "y": 280
          },
          {
            "x": 230.0,
            "y": 281
          },
          {
            "x": 230.0,
            "y": 283.0
          },
          {
            "x": 231.0,
            "y": 284
          },
          {
            "x": 231.0,
            "y": 285
          },
          {
            "x": 234.0,
            "y": 288
          },
          {
            "x": 236,
            "y": 288
          },
          {
            "x": 237.0,
            "y": 289
          },
          {
            "x": 238.0,
            "y": 289
          },
          {
            "x": 240,
            "y": 291
          },
          {
            "x": 239,
            "y": 292
          },
          {
            "x": 239,
            "y": 294.0
          },
          {
            "x": 238.0,
            "y": 295
          },
          {
            "x": 238.0,
            "y": 296
          },
          {
            "x": 237.0,
            "y": 297
          },
          {
            "x": 237.0,
            "y": 306
          },
          {
            "x": 238.0,
            "y": 307
          },
          {
            "x": 238.0,
            "y": 308
          },
          {
            "x": 242.0,
            "y": 312.0
          },
          {
            "x": 247,
            "y": 312.0
          },
          {
            "x": 248.0,
            "y": 311
          },
          {
            "x": 250,
            "y": 311
          },
          {
            "x": 251,
            "y": 310
          },
          {
            "x": 252.0,
            "y": 310
          },
          {
            "x": 254,
            "y": 308
          },
          {
            "x": 254,
            "y": 307
          },
          {
            "x": 255,
            "y": 306
          },
          {
            "x": 255,
            "y": 304
          },
          {
            "x": 256.0,
            "y": 303
          },
          {
            "x": 256.0,
            "y": 286
          },
          {
            "x": 257,
            "y": 285
          },
          {
            "x": 257,
            "y": 281
          },
          {
            "x": 258,
            "y": 280
          },
          {
            "x": 258,
            "y": 278
          },
          {
            "x": 259,
            "y": 277
          },
          {
            "x": 259,
            "y": 276
          },
          {
            "x": 262,
            "y": 273
          },
          {
            "x": 269,
            "y": 273
          },
          {
            "x": 273,
            "y": 269
          },
          {
            "x": 273,
            "y": 268
          },
          {
            "x": 274.0,
            "y": 267
          },
          {
            "x": 274.0,
            "y": 266
          },
          {
            "x": 276,
            "y": 264
          },
          {
            "x": 276,
            "y": 263
          },
          {
            "x": 277.0,
            "y": 262
          },
          {
            "x": 277.0,
            "y": 261
          },
          {
            "x": 278,
            "y": 260
          },
          {
            "x": 278,
            "y": 258
          },
          {
            "x": 279,
            "y": 257
          },
          {
            "x": 279,
            "y": 250
          },
          {
            "x": 280,
            "y": 249
          },
          {
            "x": 280,
            "y": 247
          },
          {
            "x": 281,
            "y": 246
          },
          {
            "x": 281,
            "y": 244
          },
          {
            "x": 282,
            "y": 243
          },
          {
            "x": 282,
            "y": 242
          },
          {
            "x": 283.0,
            "y": 241
          },
          {
            "x": 283.0,
            "y": 238
          },
          {
            "x": 284.0,
            "y": 237.0
          },
          {
            "x": 284.0,
            "y": 236
          },
          {
            "x": 286.0,
            "y": 234
          },
          {
            "x": 286.0,
            "y": 233
          },
          {
            "x": 288,
            "y": 231
          },
          {
            "x": 288,
            "y": 230
          },
          {
            "x": 289,
            "y": 229
          },
          {
            "x": 289,
            "y": 228.0
          },
          {
            "x": 291.0,
            "y": 226
          },
          {
            "x": 291.0,
            "y": 221
          },
          {
            "x": 290,
            "y": 220
          },
          {
            "x": 290,
            "y": 218
          },
          {
            "x": 289,
            "y": 217
          },
          {
            "x": 289,
            "y": 216
          },
          {
            "x": 288,
            "y": 215
          },
          {
            "x": 288,
            "y": 214
          },
          {
            "x": 287,
            "y": 213
          },
          {
            "x": 287,
            "y": 212
          },
          {
            "x": 286.0,
            "y": 211
          },
          {
            "x": 286.0,
            "y": 210.0
          },
          {
            "x": 285.0,
            "y": 209
          },
          {
            "x": 285.0,
            "y": 207
          },
          {
            "x": 283.0,
            "y": 205
          },
          {
            "x": 283.0,
            "y": 203
          },
          {
            "x": 282,
            "y": 202
          },
          {
            "x": 282,
            "y": 200
          },
          {
            "x": 281,
            "y": 199
          },
          {
            "x": 281,
            "y": 198
          },
          {
            "x": 280,
            "y": 197
          },
          {
            "x": 280,
            "y": 195
          },
          {
            "x": 279,
            "y": 194
          },
          {
            "x": 279,
            "y": 193
          },
          {
            "x": 278,
            "y": 192.0
          },
          {
            "x": 278,
            "y": 191
          },
          {
            "x": 277.0,
            "y": 190
          },
          {
            "x": 277.0,
            "y": 189
          },
          {
            "x": 276,
            "y": 188
          },
          {
            "x": 276,
            "y": 186
          },
          {
            "x": 273,
            "y": 183.0
          },
          {
            "x": 273,
            "y": 182
          },
          {
            "x": 272,
            "y": 181
          },
          {
            "x": 272,
            "y": 180
          },
          {
            "x": 271,
            "y": 179
          },
          {
            "x": 271,
            "y": 173
          },
          {
            "x": 270.0,
            "y": 172
          },
          {
            "x": 270.0,
            "y": 162
          },
          {
            "x": 269,
            "y": 161
          },
          {
            "x": 269,
            "y": 153
          },
          {
            "x": 268,
            "y": 152
          },
          {
            "x": 268,
            "y": 147.0
          },
          {
            "x": 267.0,
            "y": 146
          },
          {
            "x": 267.0,
            "y": 144
          },
          {
            "x": 265,
            "y": 142
          },
          {
            "x": 265,
            "y": 140
          },
          {
            "x": 264,
            "y": 139
          },
          {
            "x": 264,
            "y": 138
          },
          {
            "x": 262,
            "y": 136
          },
          {
            "x": 262,
            "y": 135
          },
          {
            "x": 261,
            "y": 134
          },
          {
            "x": 261,
            "y": 133
          },
          {
            "x": 259,
            "y": 131
          },
          {
            "x": 259,
            "y": 130
          },
          {
            "x": 255,
            "y": 126
          },
          {
            "x": 255,
            "y": 125
          },
          {
            "x": 254,
            "y": 124
          },
          {
            "x": 254,
            "y": 123
          },
          {
            "x": 253.0,
            "y": 122
          },
          {
            "x": 253.0,
            "y": 121
          },
          {
            "x": 252.0,
            "y": 120
          },
          {
            "x": 252.0,
            "y": 118
          },
          {
            "x": 251,
            "y": 117
          },
          {
            "x": 251,
            "y": 115
          },
          {
            "x": 252.0,
            "y": 114.0
          },
          {
            "x": 252.0,
            "y": 113
          },
          {
            "x": 257,
            "y": 108
          },
          {
            "x": 267.0,
            "y": 108
          },
          {
            "x": 268,
            "y": 107
          },
          {
            "x": 270.0,
            "y": 107
          },
          {
            "x": 271,
            "y": 106
          },
          {
            "x": 272,
            "y": 106
          },
          {
            "x": 273,
            "y": 105.0
          },
          {
            "x": 274.0,
            "y": 105.0
          },
          {
            "x": 276,
            "y": 103
          },
          {
            "x": 276,
            "y": 102
          },
          {
            "x": 277.0,
            "y": 101
          },
          {
            "x": 276,
            "y": 100
          },
          {
            "x": 276,
            "y": 99
          },
          {
            "x": 272,
            "y": 95
          },
          {
            "x": 267.0,
            "y": 95
          },
          {
            "x": 266,
            "y": 94
          },
          {
            "x": 263.0,
            "y": 94
          },
          {
            "x": 262,
            "y": 93
          },
          {
            "x": 260.0,
            "y": 93
          }
        ]
      }
    },
    {
      "annotator": {
        "email": "corporate@bex.kg",
        "full_name": "Aizada Tynchybek kyzy"
      },
      "auto_annotate": {
        "bbox": {
          "x1": -101.33,
          "x2": 107.67,
          "y1": -99.65,
          "y2": 97.35
        },
        "model": "145e8155-b48e-4be2-9c41-8f930ae1daee"
      },
      "name": "Object",
      "polygon": {
        "path": [
          {
            "x": 337,
            "y": 192
          },
          {
            "x": 336,
            "y": 193
          },
          {
            "x": 335,
            "y": 193
          },
          {
            "x": 334.0,
            "y": 194
          },
          {
            "x": 332,
            "y": 194
          },
          {
            "x": 331,
            "y": 195
          },
          {
            "x": 330,
            "y": 195
          },
          {
            "x": 329.0,
            "y": 196
          },
          {
            "x": 328,
            "y": 196
          },
          {
            "x": 327,
            "y": 197
          },
          {
            "x": 325,
            "y": 197
          },
          {
            "x": 323,
            "y": 199.0
          },
          {
            "x": 321,
            "y": 199.0
          },
          {
            "x": 319,
            "y": 201
          },
          {
            "x": 317,
            "y": 201
          },
          {
            "x": 315,
            "y": 203
          },
          {
            "x": 314,
            "y": 203
          },
          {
            "x": 312,
            "y": 205
          },
          {
            "x": 311.0,
            "y": 205
          },
          {
            "x": 309,
            "y": 207
          },
          {
            "x": 308,
            "y": 207
          },
          {
            "x": 306.0,
            "y": 209
          },
          {
            "x": 305,
            "y": 209
          },
          {
            "x": 302,
            "y": 212
          },
          {
            "x": 301,
            "y": 212
          },
          {
            "x": 294,
            "y": 219
          },
          {
            "x": 294,
            "y": 221
          },
          {
            "x": 293.0,
            "y": 222
          },
          {
            "x": 293.0,
            "y": 223
          },
          {
            "x": 292,
            "y": 224
          },
          {
            "x": 292,
            "y": 225
          },
          {
            "x": 291,
            "y": 226
          },
          {
            "x": 291,
            "y": 227
          },
          {
            "x": 290,
            "y": 228
          },
          {
            "x": 290,
            "y": 229
          },
          {
            "x": 288.0,
            "y": 231.0
          },
          {
            "x": 288.0,
            "y": 232
          },
          {
            "x": 286,
            "y": 234
          },
          {
            "x": 286,
            "y": 235
          },
          {
            "x": 285,
            "y": 236
          },
          {
            "x": 285,
            "y": 237
          },
          {
            "x": 284,
            "y": 238
          },
          {
            "x": 284,
            "y": 240.0
          },
          {
            "x": 283.0,
            "y": 241
          },
          {
            "x": 283.0,
            "y": 242
          },
          {
            "x": 282,
            "y": 243
          },
          {
            "x": 282,
            "y": 246
          },
          {
            "x": 281,
            "y": 247
          },
          {
            "x": 281,
            "y": 249.0
          },
          {
            "x": 280.0,
            "y": 250
          },
          {
            "x": 280.0,
            "y": 255
          },
          {
            "x": 279,
            "y": 256
          },
          {
            "x": 279,
            "y": 260
          },
          {
            "x": 278.0,
            "y": 261
          },
          {
            "x": 278.0,
            "y": 265
          },
          {
            "x": 277,
            "y": 266
          },
          {
            "x": 277,
            "y": 274
          },
          {
            "x": 278.0,
            "y": 275
          },
          {
            "x": 278.0,
            "y": 284
          },
          {
            "x": 279,
            "y": 285
          },
          {
            "x": 279,
            "y": 287
          },
          {
            "x": 280.0,
            "y": 288.0
          },
          {
            "x": 280.0,
            "y": 291
          },
          {
            "x": 281,
            "y": 292
          },
          {
            "x": 281,
            "y": 293.0
          },
          {
            "x": 282,
            "y": 294
          },
          {
            "x": 282,
            "y": 296
          },
          {
            "x": 283.0,
            "y": 297
          },
          {
            "x": 283.0,
            "y": 298
          },
          {
            "x": 286,
            "y": 301
          },
          {
            "x": 286,
            "y": 302
          },
          {
            "x": 288.0,
            "y": 304
          },
          {
            "x": 288.0,
            "y": 305
          },
          {
            "x": 290,
            "y": 307
          },
          {
            "x": 290,
            "y": 308
          },
          {
            "x": 292,
            "y": 310
          },
          {
            "x": 292,
            "y": 311.0
          },
          {
            "x": 295,
            "y": 314
          },
          {
            "x": 295,
            "y": 315
          },
          {
            "x": 296,
            "y": 315
          },
          {
            "x": 297,
            "y": 316
          },
          {
            "x": 297,
            "y": 317
          },
          {
            "x": 305,
            "y": 325
          },
          {
            "x": 306.0,
            "y": 325
          },
          {
            "x": 307,
            "y": 326
          },
          {
            "x": 307,
            "y": 327
          },
          {
            "x": 309,
            "y": 329.0
          },
          {
            "x": 309,
            "y": 336
          },
          {
            "x": 310,
            "y": 337
          },
          {
            "x": 310,
            "y": 340
          },
          {
            "x": 311.0,
            "y": 341
          },
          {
            "x": 311.0,
            "y": 344
          },
          {
            "x": 312,
            "y": 345
          },
          {
            "x": 312,
            "y": 346
          },
          {
            "x": 313,
            "y": 347.0
          },
          {
            "x": 313,
            "y": 349
          },
          {
            "x": 315,
            "y": 351
          },
          {
            "x": 315,
            "y": 352.0
          },
          {
            "x": 316,
            "y": 353
          },
          {
            "x": 316,
            "y": 354
          },
          {
            "x": 317,
            "y": 355
          },
          {
            "x": 317,
            "y": 356
          },
          {
            "x": 320,
            "y": 359
          },
          {
            "x": 320,
            "y": 360
          },
          {
            "x": 324,
            "y": 364
          },
          {
            "x": 324,
            "y": 365
          },
          {
            "x": 325,
            "y": 365
          },
          {
            "x": 331,
            "y": 371
          },
          {
            "x": 332,
            "y": 371
          },
          {
            "x": 334.0,
            "y": 373
          },
          {
            "x": 402,
            "y": 373
          },
          {
            "x": 402,
            "y": 372
          },
          {
            "x": 403,
            "y": 371
          },
          {
            "x": 404,
            "y": 371
          },
          {
            "x": 406,
            "y": 369
          },
          {
            "x": 407,
            "y": 369
          },
          {
            "x": 407,
            "y": 368
          },
          {
            "x": 415,
            "y": 360
          },
          {
            "x": 415,
            "y": 359
          },
          {
            "x": 416.0,
            "y": 358
          },
          {
            "x": 416.0,
            "y": 357.0
          },
          {
            "x": 417,
            "y": 356
          },
          {
            "x": 417,
            "y": 355
          },
          {
            "x": 418,
            "y": 354
          },
          {
            "x": 418,
            "y": 353
          },
          {
            "x": 419,
            "y": 352.0
          },
          {
            "x": 419,
            "y": 351
          },
          {
            "x": 421.0,
            "y": 349
          },
          {
            "x": 421.0,
            "y": 348
          },
          {
            "x": 423,
            "y": 346
          },
          {
            "x": 423,
            "y": 345
          },
          {
            "x": 425.0,
            "y": 343
          },
          {
            "x": 425.0,
            "y": 341
          },
          {
            "x": 432.0,
            "y": 334.0
          },
          {
            "x": 433,
            "y": 334.0
          },
          {
            "x": 435.0,
            "y": 332
          },
          {
            "x": 436,
            "y": 332
          },
          {
            "x": 437,
            "y": 331
          },
          {
            "x": 438.0,
            "y": 331
          },
          {
            "x": 442.0,
            "y": 327
          },
          {
            "x": 443,
            "y": 327
          },
          {
            "x": 447,
            "y": 323
          },
          {
            "x": 448.0,
            "y": 323
          },
          {
            "x": 448.0,
            "y": 322
          },
          {
            "x": 449,
            "y": 321
          },
          {
            "x": 450,
            "y": 321
          },
          {
            "x": 450,
            "y": 320
          },
          {
            "x": 454.0,
            "y": 316
          },
          {
            "x": 454.0,
            "y": 315
          },
          {
            "x": 458.0,
            "y": 311.0
          },
          {
            "x": 458.0,
            "y": 310
          },
          {
            "x": 459,
            "y": 309
          },
          {
            "x": 459,
            "y": 308
          },
          {
            "x": 461.0,
            "y": 306.0
          },
          {
            "x": 461.0,
            "y": 305
          },
          {
            "x": 462.0,
            "y": 304
          },
          {
            "x": 462.0,
            "y": 303
          },
          {
            "x": 463,
            "y": 302
          },
          {
            "x": 463,
            "y": 300
          },
          {
            "x": 465.0,
            "y": 298
          },
          {
            "x": 465.0,
            "y": 295
          },
          {
            "x": 466,
            "y": 294
          },
          {
            "x": 466,
            "y": 293.0
          },
          {
            "x": 467.0,
            "y": 292
          },
          {
            "x": 467.0,
            "y": 289
          },
          {
            "x": 468.0,
            "y": 288.0
          },
          {
            "x": 468.0,
            "y": 286
          },
          {
            "x": 469,
            "y": 285
          },
          {
            "x": 469,
            "y": 280
          },
          {
            "x": 470,
            "y": 279
          },
          {
            "x": 470,
            "y": 275
          },
          {
            "x": 471.0,
            "y": 274
          },
          {
            "x": 471.0,
            "y": 262
          },
          {
            "x": 472,
            "y": 261
          },
          {
            "x": 472,
            "y": 257
          },
          {
            "x": 473,
            "y": 256
          },
          {
            "x": 473,
            "y": 248
          },
          {
            "x": 472,
            "y": 247
          },
          {
            "x": 472,
            "y": 245
          },
          {
            "x": 471.0,
            "y": 244
          },
          {
            "x": 471.0,
            "y": 241
          },
          {
            "x": 470,
            "y": 240.0
          },
          {
            "x": 470,
            "y": 239
          },
          {
            "x": 469,
            "y": 238
          },
          {
            "x": 469,
            "y": 237
          },
          {
            "x": 467.0,
            "y": 235
          },
          {
            "x": 467.0,
            "y": 234
          },
          {
            "x": 466,
            "y": 233
          },
          {
            "x": 466,
            "y": 232
          },
          {
            "x": 457.0,
            "y": 223
          },
          {
            "x": 456,
            "y": 223
          },
          {
            "x": 453,
            "y": 220
          },
          {
            "x": 452.0,
            "y": 220
          },
          {
            "x": 450,
            "y": 218
          },
          {
            "x": 449,
            "y": 218
          },
          {
            "x": 448.0,
            "y": 217.0
          },
          {
            "x": 447,
            "y": 217.0
          },
          {
            "x": 445.0,
            "y": 215
          },
          {
            "x": 444.0,
            "y": 215
          },
          {
            "x": 442.0,
            "y": 213
          },
          {
            "x": 441.0,
            "y": 213
          },
          {
            "x": 440,
            "y": 212
          },
          {
            "x": 439.0,
            "y": 212
          },
          {
            "x": 437,
            "y": 210
          },
          {
            "x": 436,
            "y": 210
          },
          {
            "x": 435.0,
            "y": 209
          },
          {
            "x": 434.0,
            "y": 209
          },
          {
            "x": 432.0,
            "y": 207
          },
          {
            "x": 431.0,
            "y": 207
          },
          {
            "x": 430,
            "y": 206
          },
          {
            "x": 429.0,
            "y": 206
          },
          {
            "x": 428.0,
            "y": 205
          },
          {
            "x": 427,
            "y": 205
          },
          {
            "x": 425.0,
            "y": 203
          },
          {
            "x": 424,
            "y": 203
          },
          {
            "x": 423,
            "y": 202
          },
          {
            "x": 422.0,
            "y": 202
          },
          {
            "x": 421.0,
            "y": 201
          },
          {
            "x": 420,
            "y": 201
          },
          {
            "x": 419,
            "y": 200
          },
          {
            "x": 418,
            "y": 200
          },
          {
            "x": 417,
            "y": 199.0
          },
          {
            "x": 415,
            "y": 199.0
          },
          {
            "x": 414,
            "y": 198
          },
          {
            "x": 412,
            "y": 198
          },
          {
            "x": 411.0,
            "y": 197
          },
          {
            "x": 409,
            "y": 197
          },
          {
            "x": 408,
            "y": 196
          },
          {
            "x": 407,
            "y": 196
          },
          {
            "x": 406,
            "y": 195
          },
          {
            "x": 404,
            "y": 195
          },
          {
            "x": 403,
            "y": 194
          },
          {
            "x": 400,
            "y": 194
          },
          {
            "x": 399,
            "y": 193
          },
          {
            "x": 397,
            "y": 193
          },
          {
            "x": 396,
            "y": 192
          },
          {
            "x": 391,
            "y": 192
          },
          {
            "x": 390,
            "y": 191
          },
          {
            "x": 385,
            "y": 191
          },
          {
            "x": 384,
            "y": 190
          },
          {
            "x": 358,
            "y": 190
          },
          {
            "x": 357.0,
            "y": 191
          },
          {
            "x": 351,
            "y": 191
          },
          {
            "x": 350,
            "y": 190
          },
          {
            "x": 344,
            "y": 190
          },
          {
            "x": 343,
            "y": 191
          },
          {
            "x": 341,
            "y": 191
          },
          {
            "x": 340,
            "y": 192
          }
        ]
      }
    }
  ]
}