{
  "image": {
    "width": 640,
    "height": 427,
    "filename": "00000022.jpg",
    "original_filename": "COCO_test2014_000000000191.jpg",
    "url": "https://darwin.v7labs.com/api/images/1197316/original?token=b0d243df-6830-43ea-9569-5542031eaef8",
    "thumbnail_url": "https://darwin.v7labs.com/api/images/1197316/thumbnail?token=b0d243df-6830-43ea-9569-5542031eaef8",
    "workview_url": "https://darwin.v7labs.com/workview?dataset=1164&image=22"
  },
  "dataset": "4_Aizada_ver2",
  "annotated": true,
  "annotations": [
    {
      "annotator": {
        "email": "corporate@bex.kg",
        "full_name": "Aizada Tynchybek kyzy"
      },
      "name": "Object",
      "polygon": {
        "path": [
          {
            "x": 12.0,
            "y": 92.0
          },
          {
            "x": 12.0,
            "y": 101.0
          },
          {
            "x": 13.0,
            "y": 102.0
          },
          {
            "x": 13.0,
            "y": 103.0
          },
          {
            "x": 14.0,
            "y": 104.0
          },
          {
            "x": 14.0,
            "y": 106.0
          },
          {
            "x": 15.0,
            "y": 106.0
          },
          {
            "x": 17.0,
            "y": 108
          },
          {
            "x": 17.0,
            "y": 110
          },
          {
            "x": 20.0,
            "y": 113
          },
          {
            "x": 21.0,
            "y": 113
          },
          {
            "x": 22.0,
            "y": 114
          },
          {
            "x": 22.0,
            "y": 115
          },
          {
            "x": 25.0,
            "y": 118
          },
          {
            "x": 26.0,
            "y": 118
          },
          {
            "x": 28.0,
            "y": 120
          },
          {
            "x": 28.0,
            "y": 122.0
          },
          {
            "x": 30.0,
            "y": 124.0
          },
          {
            "x": 31.0,
            "y": 124.0
          },
          {
            "x": 32.0,
            "y": 125.0
          },
          {
            "x": 32.0,
            "y": 126.0
          },
          {
            "x": 35.0,
            "y": 129.0
          },
          {
            "x": 36.0,
            "y": 129.0
          },
          {
            "x": 37.0,
            "y": 130.0
          },
          {
            "x": 37.0,
            "y": 133
          },
          {
            "x": 38.0,
            "y": 134.0
          },
          {
            "x": 38.0,
            "y": 135
          },
          {
            "x": 39.0,
            "y": 136.0
          },
          {
            "x": 39.0,
            "y": 138.0
          },
          {
            "x": 40.0,
            "y": 139
          },
          {
            "x": 40.0,
            "y": 140.0
          },
          {
            "x": 41.0,
            "y": 141
          },
          {
            "x": 41.0,
            "y": 142.0
          },
          {
            "x": 42.0,
            "y": 142.0
          },
          {
            "x": 45.0,
            "y": 145
          },
          {
            "x": 45.0,
            "y": 148.0
          },
          {
            "x": 46.0,
            "y": 149
          },
          {
            "x": 46.0,
            "y": 150.0
          },
          {
            "x": 45.0,
            "y": 151
          },
          {
            "x": 45.0,
            "y": 159.0
          },
          {
            "x": 46.0,
            "y": 160
          },
          {
            "x": 47.0,
            "y": 160
          },
          {
            "x": 49.0,
            "y": 162
          },
          {
            "x": 49.0,
            "y": 163.0
          },
          {
            "x": 56,
            "y": 163.0
          },
          {
            "x": 56,
            "y": 162
          },
          {
            "x": 57.0,
            "y": 161.0
          },
          {
            "x": 59.0,
            "y": 161.0
          },
          {
            "x": 60,
            "y": 160
          },
          {
            "x": 61.0,
            "y": 160
          },
          {
            "x": 62.0,
            "y": 159.0
          },
          {
            "x": 63.0,
            "y": 159.0
          },
          {
            "x": 64.0,
            "y": 158
          },
          {
            "x": 65.0,
            "y": 158
          },
          {
            "x": 65.0,
            "y": 157.0
          },
          {
            "x": 66.0,
            "y": 156.0
          },
          {
            "x": 75.0,
            "y": 156.0
          },
          {
            "x": 76.0,
            "y": 157.0
          },
          {
            "x": 76.0,
            "y": 158
          },
          {
            "x": 77.0,
            "y": 158
          },
          {
            "x": 78.0,
            "y": 159.0
          },
          {
            "x": 80.0,
            "y": 159.0
          },
          {
            "x": 81,
            "y": 160
          },
          {
            "x": 82.0,
            "y": 160
          },
          {
            "x": 83,
            "y": 161.0
          },
          {
            "x": 85,
            "y": 161.0
          },
          {
            "x": 86.0,
            "y": 162
          },
          {
            "x": 86.0,
            "y": 163.0
          },
          {
            "x": 87,
            "y": 163.0
          },
          {
            "x": 88.0,
            "y": 164
          },
          {
            "x": 90.0,
            "y": 164
          },
          {
            "x": 91,
            "y": 165.0
          },
          {
            "x": 92.0,
            "y": 165.0
          },
          {
            "x": 93.0,
            "y": 166
          },
          {
            "x": 95.0,
            "y": 166
          },
          {
            "x": 96.0,
            "y": 167.0
          },
          {
            "x": 96.0,
            "y": 168
          },
          {
            "x": 97.0,
            "y": 168
          },
          {
            "x": 98.0,
            "y": 169.0
          },
          {
            "x": 101.0,
            "y": 169.0
          },
          {
            "x": 102.0,
            "y": 170
          },
          {
            "x": 103.0,
            "y": 170
          },
          {
            "x": 104.0,
            "y": 171.0
          },
          {
            "x": 106.0,
            "y": 171.0
          },
          {
            "x": 107.0,
            "y": 172
          },
          {
            "x": 108,
            "y": 172
          },
          {
            "x": 109.0,
            "y": 173.0
          },
          {
            "x": 109.0,
            "y": 174
          },
          {
            "x": 111.0,
            "y": 174
          },
          {
            "x": 112,
            "y": 175.0
          },
          {
            "x": 113.0,
            "y": 175.0
          },
          {
            "x": 114,
            "y": 176
          },
          {
            "x": 116,
            "y": 176
          },
          {
            "x": 117.0,
            "y": 177.0
          },
          {
            "x": 118,
            "y": 177.0
          },
          {
            "x": 119.0,
            "y": 178
          },
          {
            "x": 119.0,
            "y": 179.0
          },
          {
            "x": 120,
            "y": 179.0
          },
          {
            "x": 121.0,
            "y": 180
          },
          {
            "x": 123.0,
            "y": 180
          },
          {
            "x": 124.0,
            "y": 181.0
          },
          {
            "x": 125.0,
            "y": 181.0
          },
          {
            "x": 126.0,
            "y": 182
          },
          {
            "x": 128.0,
            "y": 182
          },
          {
            "x": 129.0,
            "y": 183.0
          },
          {
            "x": 129.0,
            "y": 184.0
          },
          {
            "x": 132.0,
            "y": 184.0
          },
          {
            "x": 133,
            "y": 185.0
          },
          {
            "x": 134.0,
            "y": 185.0
          },
          {
            "x": 135,
            "y": 186.0
          },
          {
            "x": 136.0,
            "y": 186.0
          },
          {
            "x": 137,
            "y": 187
          },
          {
            "x": 139,
            "y": 187
          },
          {
            "x": 140.0,
            "y": 188.0
          },
          {
            "x": 141,
            "y": 188.0
          },
          {
            "x": 142.0,
            "y": 189
          },
          {
            "x": 142.0,
            "y": 190.0
          },
          {
            "x": 144.0,
            "y": 190.0
          },
          {
            "x": 145,
            "y": 191
          },
          {
            "x": 146.0,
            "y": 191
          },
          {
            "x": 147,
            "y": 192.0
          },
          {
            "x": 149,
            "y": 192.0
          },
          {
            "x": 150.0,
            "y": 193
          },
          {
            "x": 151,
            "y": 193
          },
          {
            "x": 152.0,
            "y": 194.0
          },
          {
            "x": 152.0,
            "y": 195
          },
          {
            "x": 153,
            "y": 195
          },
          {
            "x": 154.0,
            "y": 196.0
          },
          {
            "x": 155,
            "y": 196.0
          },
          {
            "x": 156.0,
            "y": 197
          },
          {
            "x": 157.0,
            "y": 197
          },
          {
            "x": 158,
            "y": 198.0
          },
          {
            "x": 159.0,
            "y": 198.0
          },
          {
            "x": 160,
            "y": 199
          },
          {
            "x": 160,
            "y": 200.0
          },
          {
            "x": 161.0,
            "y": 200.0
          },
          {
            "x": 163.0,
            "y": 202.0
          },
          {
            "x": 165.0,
            "y": 202.0
          },
          {
            "x": 168,
            "y": 205
          },
          {
            "x": 168,
            "y": 206.0
          },
          {
            "x": 169.0,
            "y": 206.0
          },
          {
            "x": 173.0,
            "y": 210.0
          },
          {
            "x": 173.0,
            "y": 212.0
          },
          {
            "x": 174,
            "y": 213.0
          },
          {
            "x": 174,
            "y": 224
          },
          {
            "x": 172,
            "y": 226
          },
          {
            "x": 166,
            "y": 226
          },
          {
            "x": 165.0,
            "y": 225.0
          },
          {
            "x": 162,
            "y": 225.0
          },
          {
            "x": 161.0,
            "y": 224
          },
          {
            "x": 160,
            "y": 224
          },
          {
            "x": 159.0,
            "y": 223.0
          },
          {
            "x": 157.0,
            "y": 223.0
          },
          {
            "x": 156.0,
            "y": 222
          },
          {
            "x": 156.0,
            "y": 221.0
          },
          {
            "x": 155,
            "y": 221.0
          },
          {
            "x": 154.0,
            "y": 220
          },
          {
            "x": 152.0,
            "y": 220
          },
          {
            "x": 151,
            "y": 219.0
          },
          {
            "x": 150.0,
            "y": 219.0
          },
          {
            "x": 149,
            "y": 218
          },
          {
            "x": 147,
            "y": 218
          },
          {
            "x": 146.0,
            "y": 217.0
          },
          {
            "x": 144.0,
            "y": 217.0
          },
          {
            "x": 143,
            "y": 216
          },
          {
            "x": 143,
            "y": 215.0
          },
          {
            "x": 140.0,
            "y": 215.0
          },
          {
            "x": 139,
            "y": 214.0
          },
          {
            "x": 135,
            "y": 214.0
          },
          {
            "x": 134.0,
            "y": 213.0
          },
          {
            "x": 133,
            "y": 213.0
          },
          {
            "x": 132.0,
            "y": 214.0
          },
          {
            "x": 126.0,
            "y": 214.0
          },
          {
            "x": 125.0,
            "y": 215.0
          },
          {
            "x": 124.0,
            "y": 215.0
          },
          {
            "x": 124.0,
            "y": 216
          },
          {
            "x": 122.0,
            "y": 218
          },
          {
            "x": 121.0,
            "y": 218
          },
          {
            "x": 119.0,
            "y": 220
          },
          {
            "x": 119.0,
            "y": 222
          },
          {
            "x": 118,
            "y": 223.0
          },
          {
            "x": 118,
            "y": 224
          },
          {
            "x": 117.0,
            "y": 225.0
          },
          {
            "x": 117.0,
            "y": 228
          },
          {
            "x": 116,
            "y": 229.0
          },
          {
            "x": 115.0,
            "y": 229.0
          },
          {
            "x": 115.0,
            "y": 239.0
          },
          {
            "x": 116,
            "y": 239.0
          },
          {
            "x": 117.0,
            "y": 240
          },
          {
            "x": 117.0,
            "y": 243.0
          },
          {
            "x": 121.0,
            "y": 247
          },
          {
            "x": 121.0,
            "y": 248.0
          },
          {
            "x": 123.0,
            "y": 248.0
          },
          {
            "x": 125.0,
            "y": 250.0
          },
          {
            "x": 127.0,
            "y": 250.0
          },
          {
            "x": 128.0,
            "y": 251
          },
          {
            "x": 130.0,
            "y": 251
          },
          {
            "x": 131,
            "y": 252.0
          },
          {
            "x": 133,
            "y": 252.0
          },
          {
            "x": 134.0,
            "y": 253
          },
          {
            "x": 134.0,
            "y": 254.0
          },
          {
            "x": 135,
            "y": 254.0
          },
          {
            "x": 136.0,
            "y": 255
          },
          {
            "x": 139,
            "y": 255
          },
          {
            "x": 140.0,
            "y": 256.0
          },
          {
            "x": 141,
            "y": 256.0
          },
          {
            "x": 142.0,
            "y": 257
          },
          {
            "x": 145,
            "y": 257
          },
          {
            "x": 146.0,
            "y": 258.0
          },
          {
            "x": 146.0,
            "y": 259
          },
          {
            "x": 148.0,
            "y": 259
          },
          {
            "x": 149,
            "y": 260
          },
          {
            "x": 151,
            "y": 260
          },
          {
            "x": 152.0,
            "y": 261
          },
          {
            "x": 165.0,
            "y": 261
          },
          {
            "x": 166,
            "y": 260
          },
          {
            "x": 169.0,
            "y": 260
          },
          {
            "x": 170,
            "y": 261
          },
          {
            "x": 171.0,
            "y": 261
          },
          {
            "x": 173.0,
            "y": 263
          },
          {
            "x": 173.0,
            "y": 265
          },
          {
            "x": 174,
            "y": 266.0
          },
          {
            "x": 174,
            "y": 268
          },
          {
            "x": 173.0,
            "y": 269
          },
          {
            "x": 173.0,
            "y": 287.0
          },
          {
            "x": 172,
            "y": 288
          },
          {
            "x": 172,
            "y": 297
          },
          {
            "x": 173.0,
            "y": 298
          },
          {
            "x": 173.0,
            "y": 299
          },
          {
            "x": 174,
            "y": 300
          },
          {
            "x": 174,
            "y": 301
          },
          {
            "x": 175.0,
            "y": 301
          },
          {
            "x": 176,
            "y": 302
          },
          {
            "x": 178,
            "y": 302
          },
          {
            "x": 179.0,
            "y": 303
          },
          {
            "x": 182,
            "y": 303
          },
          {
            "x": 183.0,
            "y": 304
          },
          {
            "x": 187,
            "y": 304
          },
          {
            "x": 188.0,
            "y": 305
          },
          {
            "x": 191,
            "y": 305
          },
          {
            "x": 192.0,
            "y": 306
          },
          {
            "x": 192.0,
            "y": 307
          },
          {
            "x": 197,
            "y": 307
          },
          {
            "x": 198.0,
            "y": 308
          },
          {
            "x": 199,
            "y": 307
          },
          {
            "x": 202.0,
            "y": 307
          },
          {
            "x": 202.0,
            "y": 306
          },
          {
            "x": 206.0,
            "y": 302
          },
          {
            "x": 207,
            "y": 302
          },
          {
            "x": 208.0,
            "y": 301
          },
          {
            "x": 208.0,
            "y": 300
          },
          {
            "x": 211,
            "y": 297
          },
          {
            "x": 213.0,
            "y": 297
          },
          {
            "x": 214.0,
            "y": 296
          },
          {
            "x": 215.0,
            "y": 296
          },
          {
            "x": 215.0,
            "y": 295
          },
          {
            "x": 216,
            "y": 294
          },
          {
            "x": 219.0,
            "y": 294
          },
          {
            "x": 220,
            "y": 295
          },
          {
            "x": 220,
            "y": 296
          },
          {
            "x": 224,
            "y": 296
          },
          {
            "x": 225.0,
            "y": 297
          },
          {
            "x": 231.0,
            "y": 297
          },
          {
            "x": 232,
            "y": 296
          },
          {
            "x": 233.0,
            "y": 296
          },
          {
            "x": 233.0,
            "y": 295
          },
          {
            "x": 236,
            "y": 292
          },
          {
            "x": 239.0,
            "y": 292
          },
          {
            "x": 241.0,
            "y": 294
          },
          {
            "x": 241.0,
            "y": 296
          },
          {
            "x": 242.0,
            "y": 297
          },
          {
            "x": 242.0,
            "y": 298
          },
          {
            "x": 243.0,
            "y": 299
          },
          {
            "x": 243.0,
            "y": 302
          },
          {
            "x": 244.0,
            "y": 302
          },
          {
            "x": 247.0,
            "y": 305
          },
          {
            "x": 253,
            "y": 305
          },
          {
            "x": 254.0,
            "y": 304
          },
          {
            "x": 256.0,
            "y": 304
          },
          {
            "x": 257,
            "y": 303
          },
          {
            "x": 258.0,
            "y": 303
          },
          {
            "x": 259.0,
            "y": 302
          },
          {
            "x": 260.0,
            "y": 302
          },
          {
            "x": 261,
            "y": 301
          },
          {
            "x": 262,
            "y": 301
          },
          {
            "x": 262,
            "y": 300
          },
          {
            "x": 264.0,
            "y": 298
          },
          {
            "x": 265,
            "y": 298
          },
          {
            "x": 266,
            "y": 297
          },
          {
            "x": 266,
            "y": 295
          },
          {
            "x": 267.0,
            "y": 294
          },
          {
            "x": 267.0,
            "y": 287.0
          },
          {
            "x": 268.0,
            "y": 286
          },
          {
            "x": 268.0,
            "y": 284
          },
          {
            "x": 269,
            "y": 283.0
          },
          {
            "x": 271.0,
            "y": 283.0
          },
          {
            "x": 272.0,
            "y": 282
          },
          {
            "x": 276.0,
            "y": 282
          },
          {
            "x": 277,
            "y": 281.0
          },
          {
            "x": 278,
            "y": 281.0
          },
          {
            "x": 279.0,
            "y": 280
          },
          {
            "x": 281,
            "y": 280
          },
          {
            "x": 281,
            "y": 279
          },
          {
            "x": 284.0,
            "y": 276
          },
          {
            "x": 284.0,
            "y": 274
          },
          {
            "x": 285.0,
            "y": 273.0
          },
          {
            "x": 287.0,
            "y": 273.0
          },
          {
            "x": 288.0,
            "y": 272
          },
          {
            "x": 292.0,
            "y": 272
          },
          {
            "x": 293.0,
            "y": 273.0
          },
          {
            "x": 297.0,
            "y": 273.0
          },
          {
            "x": 298,
            "y": 274
          },
          {
            "x": 298,
            "y": 275
          },
          {
            "x": 299,
            "y": 275
          },
          {
            "x": 301.0,
            "y": 277.0
          },
          {
            "x": 304.0,
            "y": 277.0
          },
          {
            "x": 305.0,
            "y": 278
          },
          {
            "x": 309.0,
            "y": 278
          },
          {
            "x": 310,
            "y": 279
          },
          {
            "x": 310,
            "y": 280
          },
          {
            "x": 313.0,
            "y": 280
          },
          {
            "x": 313.0,
            "y": 279
          },
          {
            "x": 314.0,
            "y": 278
          },
          {
            "x": 325.0,
            "y": 278
          },
          {
            "x": 326.0,
            "y": 279
          },
          {
            "x": 326.0,
            "y": 280
          },
          {
            "x": 330.0,
            "y": 280
          },
          {
            "x": 331,
            "y": 281.0
          },
          {
            "x": 334.0,
            "y": 281.0
          },
          {
            "x": 335,
            "y": 282
          },
          {
            "x": 336,
            "y": 282
          },
          {
            "x": 337.0,
            "y": 283.0
          },
          {
            "x": 338.0,
            "y": 283.0
          },
          {
            "x": 339.0,
            "y": 284
          },
          {
            "x": 339.0,
            "y": 285.0
          },
          {
            "x": 341.0,
            "y": 285.0
          },
          {
            "x": 342.0,
            "y": 286
          },
          {
            "x": 345,
            "y": 286
          },
          {
            "x": 346.0,
            "y": 287.0
          },
          {
            "x": 347.0,
            "y": 287.0
          },
          {
            "x": 348,
            "y": 288
          },
          {
            "x": 350.0,
            "y": 288
          },
          {
            "x": 351.0,
            "y": 289
          },
          {
            "x": 352,
            "y": 289
          },
          {
            "x": 353,
            "y": 290
          },
          {
            "x": 353,
            "y": 291
          },
          {
            "x": 354.0,
            "y": 291
          },
          {
            "x": 355.0,
            "y": 292
          },
          {
            "x": 357,
            "y": 292
          },
          {
            "x": 358.0,
            "y": 293
          },
          {
            "x": 361,
            "y": 293
          },
          {
            "x": 362.0,
            "y": 294
          },
          {
            "x": 363.0,
            "y": 294
          },
          {
            "x": 364,
            "y": 295
          },
          {
            "x": 364,
            "y": 296
          },
          {
            "x": 367.0,
            "y": 296
          },
          {
            "x": 368.0,
            "y": 297
          },
          {
            "x": 370.0,
            "y": 297
          },
          {
            "x": 371.0,
            "y": 298
          },
          {
            "x": 373,
            "y": 298
          },
          {
            "x": 374,
            "y": 299
          },
          {
            "x": 377,
            "y": 299
          },
          {
            "x": 378,
            "y": 300
          },
          {
            "x": 378,
            "y": 301
          },
          {
            "x": 380.0,
            "y": 301
          },
          {
            "x": 381,
            "y": 302
          },
          {
            "x": 384.0,
            "y": 302
          },
          {
            "x": 385,
            "y": 303
          },
          {
            "x": 388.0,
            "y": 303
          },
          {
            "x": 389,
            "y": 304
          },
          {
            "x": 391.0,
            "y": 304
          },
          {
            "x": 392.0,
            "y": 305
          },
          {
            "x": 396.0,
            "y": 305
          },
          {
            "x": 397.0,
            "y": 306
          },
          {
            "x": 397.0,
            "y": 307
          },
          {
            "x": 401.0,
            "y": 307
          },
          {
            "x": 402,
            "y": 308
          },
          {
            "x": 406,
            "y": 308
          },
          {
            "x": 407,
            "y": 309
          },
          {
            "x": 410,
            "y": 309
          },
          {
            "x": 411,
            "y": 310
          },
          {
            "x": 416.0,
            "y": 310
          },
          {
            "x": 417.0,
            "y": 311
          },
          {
            "x": 417.0,
            "y": 312.0
          },
          {
            "x": 422,
            "y": 312.0
          },
          {
            "x": 423,
            "y": 313
          },
          {
            "x": 426.0,
            "y": 313
          },
          {
            "x": 427,
            "y": 314.0
          },
          {
            "x": 432,
            "y": 314.0
          },
          {
            "x": 433.0,
            "y": 315
          },
          {
            "x": 439,
            "y": 315
          },
          {
            "x": 440,
            "y": 316
          },
          {
            "x": 440,
            "y": 317
          },
          {
            "x": 446.0,
            "y": 317
          },
          {
            "x": 447,
            "y": 318
          },
          {
            "x": 452,
            "y": 318
          },
          {
            "x": 453.0,
            "y": 319
          },
          {
            "x": 459.0,
            "y": 319
          },
          {
            "x": 460,
            "y": 320
          },
          {
            "x": 467.0,
            "y": 320
          },
          {
            "x": 468,
            "y": 321
          },
          {
            "x": 473,
            "y": 321
          },
          {
            "x": 474.0,
            "y": 322
          },
          {
            "x": 474.0,
            "y": 323
          },
          {
            "x": 475.0,
            "y": 323
          },
          {
            "x": 476,
            "y": 324
          },
          {
            "x": 478.0,
            "y": 324
          },
          {
            "x": 479.0,
            "y": 325
          },
          {
            "x": 479.0,
            "y": 335
          },
          {
            "x": 480,
            "y": 336
          },
          {
            "x": 480,
            "y": 337
          },
          {
            "x": 481,
            "y": 338
          },
          {
            "x": 481,
            "y": 340
          },
          {
            "x": 482.0,
            "y": 341.0
          },
          {
            "x": 483.0,
            "y": 341.0
          },
          {
            "x": 485,
            "y": 343.0
          },
          {
            "x": 485,
            "y": 344
          },
          {
            "x": 486.0,
            "y": 344
          },
          {
            "x": 487.0,
            "y": 345
          },
          {
            "x": 489,
            "y": 345
          },
          {
            "x": 490,
            "y": 346
          },
          {
            "x": 491.0,
            "y": 346
          },
          {
            "x": 492.0,
            "y": 347
          },
          {
            "x": 499.0,
            "y": 347
          },
          {
            "x": 500.0,
            "y": 346
          },
          {
            "x": 501,
            "y": 346
          },
          {
            "x": 503.0,
            "y": 344
          },
          {
            "x": 505,
            "y": 344
          },
          {
            "x": 505,
            "y": 343.0
          },
          {
            "x": 509,
            "y": 339.0
          },
          {
            "x": 511.0,
            "y": 339.0
          },
          {
            "x": 511.0,
            "y": 338
          },
          {
            "x": 514,
            "y": 335
          },
          {
            "x": 516.0,
            "y": 335
          },
          {
            "x": 518,
            "y": 333
          },
          {
            "x": 520,
            "y": 333
          },
          {
            "x": 520,
            "y": 332
          },
          {
            "x": 522,
            "y": 330
          },
          {
            "x": 523,
            "y": 330
          },
          {
            "x": 524.0,
            "y": 329
          },
          {
            "x": 539,
            "y": 329
          },
          {
            "x": 540.0,
            "y": 330
          },
          {
            "x": 552,
            "y": 330
          },
          {
            "x": 554.0,
            "y": 328
          },
          {
            "x": 554.0,
            "y": 320
          },
          {
            "x": 557,
            "y": 317
          },
          {
            "x": 559,
            "y": 317
          },
          {
            "x": 559,
            "y": 316
          },
          {
            "x": 560,
            "y": 315
          },
          {
            "x": 563,
            "y": 315
          },
          {
            "x": 564,
            "y": 314.0
          },
          {
            "x": 568,
            "y": 314.0
          },
          {
            "x": 569,
            "y": 313
          },
          {
            "x": 572,
            "y": 313
          },
          {
            "x": 573,
            "y": 312.0
          },
          {
            "x": 577,
            "y": 312.0
          },
          {
            "x": 577,
            "y": 311
          },
          {
            "x": 578,
            "y": 310
          },
          {
            "x": 582,
            "y": 310
          },
          {
            "x": 583,
            "y": 309
          },
          {
            "x": 587,
            "y": 309
          },
          {
            "x": 588,
            "y": 308
          },
          {
            "x": 593,
            "y": 308
          },
          {
            "x": 594,
            "y": 307
          },
          {
            "x": 598,
            "y": 307
          },
          {
            "x": 598,
            "y": 306
          },
          {
            "x": 599.0,
            "y": 305
          },
          {
            "x": 604,
            "y": 305
          },
          {
            "x": 605,
            "y": 304
          },
          {
            "x": 611,
            "y": 304
          },
          {
            "x": 612,
            "y": 303
          },
          {
            "x": 618,
            "y": 303
          },
          {
            "x": 619,
            "y": 302
          },
          {
            "x": 622,
            "y": 302
          },
          {
            "x": 623,
            "y": 301
          },
          {
            "x": 624.0,
            "y": 301
          },
          {
            "x": 624.0,
            "y": 300
          },
          {
            "x": 625,
            "y": 299
          },
          {
            "x": 625,
            "y": 297
          },
          {
            "x": 624.0,
            "y": 296
          },
          {
            "x": 624.0,
            "y": 295
          },
          {
            "x": 623,
            "y": 295
          },
          {
            "x": 622,
            "y": 294
          },
          {
            "x": 620,
            "y": 294
          },
          {
            "x": 619,
            "y": 293
          },
          {
            "x": 614,
            "y": 293
          },
          {
            "x": 613,
            "y": 292
          },
          {
            "x": 609,
            "y": 292
          },
          {
            "x": 608,
            "y": 291
          },
          {
            "x": 608,
            "y": 290
          },
          {
            "x": 604,
            "y": 290
          },
          {
            "x": 603.0,
            "y": 289
          },
          {
            "x": 588,
            "y": 289
          },
          {
            "x": 587,
            "y": 290
          },
          {
            "x": 581,
            "y": 290
          },
          {
            "x": 581,
            "y": 291
          },
          {
            "x": 580,
            "y": 292
          },
          {
            "x": 556,
            "y": 292
          },
          {
            "x": 555,
            "y": 291
          },
          {
            "x": 555,
            "y": 290
          },
          {
            "x": 554.0,
            "y": 289
          },
          {
            "x": 554.0,
            "y": 286
          },
          {
            "x": 555,
            "y": 285.0
          },
          {
            "x": 555,
            "y": 283.0
          },
          {
            "x": 557,
            "y": 281.0
          },
          {
            "x": 558,
            "y": 281.0
          },
          {
            "x": 558,
            "y": 279
          },
          {
            "x": 559,
            "y": 278
          },
          {
            "x": 559,
            "y": 277.0
          },
          {
            "x": 561.0,
            "y": 275
          },
          {
            "x": 561.0,
            "y": 273.0
          },
          {
            "x": 562.0,
            "y": 272
          },
          {
            "x": 563,
            "y": 272
          },
          {
            "x": 563,
            "y": 271
          },
          {
            "x": 564,
            "y": 270.0
          },
          {
            "x": 564,
            "y": 269
          },
          {
            "x": 565,
            "y": 268
          },
          {
            "x": 565,
            "y": 267
          },
          {
            "x": 566.0,
            "y": 266.0
          },
          {
            "x": 566.0,
            "y": 265
          },
          {
            "x": 567,
            "y": 264
          },
          {
            "x": 568,
            "y": 264
          },
          {
            "x": 568,
            "y": 263
          },
          {
            "x": 569,
            "y": 262.0
          },
          {
            "x": 569,
            "y": 261
          },
          {
            "x": 571,
            "y": 259
          },
          {
            "x": 571,
            "y": 257
          },
          {
            "x": 572,
            "y": 256.0
          },
          {
            "x": 572,
            "y": 255
          },
          {
            "x": 573,
            "y": 254.0
          },
          {
            "x": 574.0,
            "y": 254.0
          },
          {
            "x": 574.0,
            "y": 253
          },
          {
            "x": 575,
            "y": 252.0
          },
          {
            "x": 575,
            "y": 251
          },
          {
            "x": 577,
            "y": 249
          },
          {
            "x": 577,
            "y": 247
          },
          {
            "x": 578,
            "y": 246.0
          },
          {
            "x": 579,
            "y": 246.0
          },
          {
            "x": 580,
            "y": 245
          },
          {
            "x": 580,
            "y": 244.0
          },
          {
            "x": 581,
            "y": 243.0
          },
          {
            "x": 581,
            "y": 242.0
          },
          {
            "x": 582,
            "y": 241.0
          },
          {
            "x": 582,
            "y": 240
          },
          {
            "x": 583,
            "y": 239.0
          },
          {
            "x": 584,
            "y": 239.0
          },
          {
            "x": 584,
            "y": 237.0
          },
          {
            "x": 583,
            "y": 237.0
          },
          {
            "x": 582,
            "y": 236
          },
          {
            "x": 582,
            "y": 234
          },
          {
            "x": 581,
            "y": 233.0
          },
          {
            "x": 580,
            "y": 233.0
          },
          {
            "x": 579,
            "y": 232
          },
          {
            "x": 579,
            "y": 231.0
          },
          {
            "x": 577,
            "y": 231.0
          },
          {
            "x": 576,
            "y": 230
          },
          {
            "x": 575,
            "y": 230
          },
          {
            "x": 574.0,
            "y": 229.0
          },
          {
            "x": 571,
            "y": 229.0
          },
          {
            "x": 570.0,
            "y": 228
          },
          {
            "x": 569,
            "y": 228
          },
          {
            "x": 568,
            "y": 227.0
          },
          {
            "x": 568,
            "y": 226
          },
          {
            "x": 566.0,
            "y": 226
          },
          {
            "x": 565,
            "y": 225.0
          },
          {
            "x": 562.0,
            "y": 225.0
          },
          {
            "x": 561.0,
            "y": 224
          },
          {
            "x": 553.0,
            "y": 224
          },
          {
            "x": 552,
            "y": 225.0
          },
          {
            "x": 550,
            "y": 225.0
          },
          {
            "x": 549,
            "y": 226
          },
          {
            "x": 546.0,
            "y": 226
          },
          {
            "x": 546.0,
            "y": 227.0
          },
          {
            "x": 545.0,
            "y": 228
          },
          {
            "x": 544,
            "y": 228
          },
          {
            "x": 543,
            "y": 229.0
          },
          {
            "x": 541.0,
            "y": 229.0
          },
          {
            "x": 540.0,
            "y": 230
          },
          {
            "x": 539,
            "y": 230
          },
          {
            "x": 538,
            "y": 231.0
          },
          {
            "x": 537.0,
            "y": 231.0
          },
          {
            "x": 537.0,
            "y": 232
          },
          {
            "x": 536,
            "y": 233.0
          },
          {
            "x": 535,
            "y": 233.0
          },
          {
            "x": 534,
            "y": 234
          },
          {
            "x": 533.0,
            "y": 234
          },
          {
            "x": 532.0,
            "y": 235.0
          },
          {
            "x": 530,
            "y": 235.0
          },
          {
            "x": 529,
            "y": 236
          },
          {
            "x": 528,
            "y": 236
          },
          {
            "x": 527,
            "y": 237.0
          },
          {
            "x": 525.0,
            "y": 237.0
          },
          {
            "x": 525.0,
            "y": 238
          },
          {
            "x": 524.0,
            "y": 239.0
          },
          {
            "x": 523,
            "y": 239.0
          },
          {
            "x": 522,
            "y": 240
          },
          {
            "x": 521,
            "y": 240
          },
          {
            "x": 520,
            "y": 241.0
          },
          {
            "x": 519,
            "y": 241.0
          },
          {
            "x": 518,
            "y": 242.0
          },
          {
            "x": 517.0,
            "y": 242.0
          },
          {
            "x": 517.0,
            "y": 243.0
          },
          {
            "x": 516.0,
            "y": 244.0
          },
          {
            "x": 514,
            "y": 244.0
          },
          {
            "x": 513,
            "y": 245
          },
          {
            "x": 512.0,
            "y": 245
          },
          {
            "x": 511.0,
            "y": 246.0
          },
          {
            "x": 509,
            "y": 246.0
          },
          {
            "x": 508.0,
            "y": 247
          },
          {
            "x": 507.0,
            "y": 247
          },
          {
            "x": 507.0,
            "y": 248.0
          },
          {
            "x": 506,
            "y": 249
          },
          {
            "x": 505,
            "y": 249
          },
          {
            "x": 504.0,
            "y": 250.0
          },
          {
            "x": 502,
            "y": 250.0
          },
          {
            "x": 501,
            "y": 251
          },
          {
            "x": 500.0,
            "y": 251
          },
          {
            "x": 499.0,
            "y": 252.0
          },
          {
            "x": 498,
            "y": 252.0
          },
          {
            "x": 497,
            "y": 253
          },
          {
            "x": 496.0,
            "y": 253
          },
          {
            "x": 496.0,
            "y": 254.0
          },
          {
            "x": 495.0,
            "y": 255
          },
          {
            "x": 493,
            "y": 255
          },
          {
            "x": 492.0,
            "y": 256.0
          },
          {
            "x": 491.0,
            "y": 256.0
          },
          {
            "x": 490,
            "y": 257
          },
          {
            "x": 488.0,
            "y": 257
          },
          {
            "x": 487.0,
            "y": 258.0
          },
          {
            "x": 486.0,
            "y": 258.0
          },
          {
            "x": 486.0,
            "y": 259
          },
          {
            "x": 485,
            "y": 260
          },
          {
            "x": 482.0,
            "y": 260
          },
          {
            "x": 481,
            "y": 261
          },
          {
            "x": 480,
            "y": 261
          },
          {
            "x": 479.0,
            "y": 262.0
          },
          {
            "x": 476,
            "y": 262.0
          },
          {
            "x": 475.0,
            "y": 263
          },
          {
            "x": 471.0,
            "y": 263
          },
          {
            "x": 471.0,
            "y": 264
          },
          {
            "x": 470.0,
            "y": 265
          },
          {
            "x": 453.0,
            "y": 265
          },
          {
            "x": 452,
            "y": 264
          },
          {
            "x": 452,
            "y": 263
          },
          {
            "x": 448,
            "y": 263
          },
          {
            "x": 447,
            "y": 262.0
          },
          {
            "x": 445.0,
            "y": 262.0
          },
          {
            "x": 444,
            "y": 261
          },
          {
            "x": 443,
            "y": 261
          },
          {
            "x": 442.0,
            "y": 260
          },
          {
            "x": 439,
            "y": 260
          },
          {
            "x": 438.0,
            "y": 259
          },
          {
            "x": 438.0,
            "y": 258.0
          },
          {
            "x": 437.0,
            "y": 258.0
          },
          {
            "x": 436,
            "y": 257
          },
          {
            "x": 434.0,
            "y": 257
          },
          {
            "x": 433.0,
            "y": 256.0
          },
          {
            "x": 432,
            "y": 256.0
          },
          {
            "x": 431,
            "y": 255
          },
          {
            "x": 429.0,
            "y": 255
          },
          {
            "x": 428.0,
            "y": 254.0
          },
          {
            "x": 428.0,
            "y": 253
          },
          {
            "x": 427,
            "y": 253
          },
          {
            "x": 426.0,
            "y": 252.0
          },
          {
            "x": 424.0,
            "y": 252.0
          },
          {
            "x": 423,
            "y": 251
          },
          {
            "x": 422,
            "y": 251
          },
          {
            "x": 421.0,
            "y": 250.0
          },
          {
            "x": 420.0,
            "y": 250.0
          },
          {
            "x": 419,
            "y": 249
          },
          {
            "x": 417.0,
            "y": 249
          },
          {
            "x": 416.0,
            "y": 248.0
          },
          {
            "x": 416.0,
            "y": 247
          },
          {
            "x": 415,
            "y": 247
          },
          {
            "x": 414,
            "y": 246.0
          },
          {
            "x": 412.0,
            "y": 246.0
          },
          {
            "x": 411,
            "y": 245
          },
          {
            "x": 410,
            "y": 245
          },
          {
            "x": 409.0,
            "y": 244.0
          },
          {
            "x": 406,
            "y": 244.0
          },
          {
            "x": 405.0,
            "y": 243.0
          },
          {
            "x": 405.0,
            "y": 242.0
          },
          {
            "x": 404.0,
            "y": 241.0
          },
          {
            "x": 402,
            "y": 241.0
          },
          {
            "x": 401.0,
            "y": 240
          },
          {
            "x": 400.0,
            "y": 240
          },
          {
            "x": 399.0,
            "y": 239.0
          },
          {
            "x": 397.0,
            "y": 239.0
          },
          {
            "x": 396.0,
            "y": 238
          },
          {
            "x": 396.0,
            "y": 237.0
          },
          {
            "x": 395.0,
            "y": 237.0
          },
          {
            "x": 394,
            "y": 236
          },
          {
            "x": 392.0,
            "y": 236
          },
          {
            "x": 391.0,
            "y": 235.0
          },
          {
            "x": 390,
            "y": 235.0
          },
          {
            "x": 389,
            "y": 234
          },
          {
            "x": 388.0,
            "y": 234
          },
          {
            "x": 387.0,
            "y": 233.0
          },
          {
            "x": 384.0,
            "y": 233.0
          },
          {
            "x": 383.0,
            "y": 232
          },
          {
            "x": 383.0,
            "y": 231.0
          },
          {
            "x": 381,
            "y": 231.0
          },
          {
            "x": 380.0,
            "y": 230
          },
          {
            "x": 379.0,
            "y": 230
          },
          {
            "x": 378,
            "y": 229.0
          },
          {
            "x": 376.0,
            "y": 229.0
          },
          {
            "x": 375.0,
            "y": 228
          },
          {
            "x": 374,
            "y": 228
          },
          {
            "x": 373,
            "y": 227.0
          },
          {
            "x": 373,
            "y": 226
          },
          {
            "x": 370.0,
            "y": 226
          },
          {
            "x": 369,
            "y": 225.0
          },
          {
            "x": 368.0,
            "y": 225.0
          },
          {
            "x": 366.0,
            "y": 223.0
          },
          {
            "x": 365,
            "y": 223.0
          },
          {
            "x": 364,
            "y": 222
          },
          {
            "x": 364,
            "y": 219.0
          },
          {
            "x": 365,
            "y": 218
          },
          {
            "x": 366.0,
            "y": 218
          },
          {
            "x": 367.0,
            "y": 217.0
          },
          {
            "x": 368.0,
            "y": 217.0
          },
          {
            "x": 369,
            "y": 216
          },
          {
            "x": 373,
            "y": 216
          },
          {
            "x": 373,
            "y": 215.0
          },
          {
            "x": 374,
            "y": 214.0
          },
          {
            "x": 375.0,
            "y": 215.0
          },
          {
            "x": 375.0,
            "y": 216
          },
          {
            "x": 380.0,
            "y": 216
          },
          {
            "x": 381,
            "y": 217.0
          },
          {
            "x": 384.0,
            "y": 217.0
          },
          {
            "x": 385,
            "y": 218
          },
          {
            "x": 388.0,
            "y": 218
          },
          {
            "x": 389,
            "y": 219.0
          },
          {
            "x": 394,
            "y": 219.0
          },
          {
            "x": 395.0,
            "y": 218
          },
          {
            "x": 395.0,
            "y": 213.0
          },
          {
            "x": 397.0,
            "y": 211
          },
          {
            "x": 398,
            "y": 211
          },
          {
            "x": 398,
            "y": 209
          },
          {
            "x": 399.0,
            "y": 208.0
          },
          {
            "x": 400.0,
            "y": 208.0
          },
          {
            "x": 401.0,
            "y": 207
          },
          {
            "x": 404.0,
            "y": 207
          },
          {
            "x": 405.0,
            "y": 206.0
          },
          {
            "x": 411,
            "y": 206.0
          },
          {
            "x": 412.0,
            "y": 207
          },
          {
            "x": 415,
            "y": 207
          },
          {
            "x": 417.0,
            "y": 209
          },
          {
            "x": 419,
            "y": 209
          },
          {
            "x": 420.0,
            "y": 210.0
          },
          {
            "x": 420.0,
            "y": 211
          },
          {
            "x": 422,
            "y": 211
          },
          {
            "x": 423,
            "y": 212.0
          },
          {
            "x": 428.0,
            "y": 212.0
          },
          {
            "x": 429.0,
            "y": 211
          },
          {
            "x": 430.0,
            "y": 211
          },
          {
            "x": 430.0,
            "y": 210.0
          },
          {
            "x": 431,
            "y": 209
          },
          {
            "x": 431,
            "y": 207
          },
          {
            "x": 430.0,
            "y": 206.0
          },
          {
            "x": 430.0,
            "y": 203
          },
          {
            "x": 433.0,
            "y": 200.0
          },
          {
            "x": 433.0,
            "y": 199
          },
          {
            "x": 434.0,
            "y": 198.0
          },
          {
            "x": 436,
            "y": 198.0
          },
          {
            "x": 437.0,
            "y": 197
          },
          {
            "x": 439,
            "y": 197
          },
          {
            "x": 440,
            "y": 196.0
          },
          {
            "x": 449.0,
            "y": 196.0
          },
          {
            "x": 450.0,
            "y": 197
          },
          {
            "x": 452,
            "y": 197
          },
          {
            "x": 453.0,
            "y": 198.0
          },
          {
            "x": 454.0,
            "y": 198.0
          },
          {
            "x": 455.0,
            "y": 199
          },
          {
            "x": 455.0,
            "y": 200.0
          },
          {
            "x": 457.0,
            "y": 200.0
          },
          {
            "x": 458.0,
            "y": 201
          },
          {
            "x": 464,
            "y": 201
          },
          {
            "x": 465,
            "y": 200.0
          },
          {
            "x": 465,
            "y": 193
          },
          {
            "x": 466.0,
            "y": 192.0
          },
          {
            "x": 467.0,
            "y": 192.0
          },
          {
            "x": 467.0,
            "y": 191
          },
          {
            "x": 468,
            "y": 190.0
          },
          {
            "x": 469,
            "y": 190.0
          },
          {
            "x": 469,
            "y": 189
          },
          {
            "x": 471.0,
            "y": 187
          },
          {
            "x": 473,
            "y": 187
          },
          {
            "x": 474.0,
            "y": 186.0
          },
          {
            "x": 475.0,
            "y": 186.0
          },
          {
            "x": 476,
            "y": 185.0
          },
          {
            "x": 478.0,
            "y": 185.0
          },
          {
            "x": 479.0,
            "y": 184.0
          },
          {
            "x": 479.0,
            "y": 183.0
          },
          {
            "x": 482.0,
            "y": 180
          },
          {
            "x": 484.0,
            "y": 180
          },
          {
            "x": 485,
            "y": 179.0
          },
          {
            "x": 487.0,
            "y": 179.0
          },
          {
            "x": 487.0,
            "y": 178
          },
          {
            "x": 488.0,
            "y": 177.0
          },
          {
            "x": 491.0,
            "y": 177.0
          },
          {
            "x": 492.0,
            "y": 176
          },
          {
            "x": 495.0,
            "y": 176
          },
          {
            "x": 496.0,
            "y": 175.0
          },
          {
            "x": 499.0,
            "y": 175.0
          },
          {
            "x": 500.0,
            "y": 174
          },
          {
            "x": 502,
            "y": 174
          },
          {
            "x": 502,
            "y": 173.0
          },
          {
            "x": 503.0,
            "y": 172
          },
          {
            "x": 507.0,
            "y": 172
          },
          {
            "x": 508.0,
            "y": 171.0
          },
          {
            "x": 511.0,
            "y": 171.0
          },
          {
            "x": 512.0,
            "y": 170
          },
          {
            "x": 515,
            "y": 170
          },
          {
            "x": 516.0,
            "y": 169.0
          },
          {
            "x": 520,
            "y": 169.0
          },
          {
            "x": 521,
            "y": 168
          },
          {
            "x": 526,
            "y": 168
          },
          {
            "x": 526,
            "y": 167.0
          },
          {
            "x": 527,
            "y": 166
          },
          {
            "x": 529,
            "y": 166
          },
          {
            "x": 530,
            "y": 165.0
          },
          {
            "x": 533.0,
            "y": 165.0
          },
          {
            "x": 534,
            "y": 164
          },
          {
            "x": 538,
            "y": 164
          },
          {
            "x": 539,
            "y": 163.0
          },
          {
            "x": 542,
            "y": 163.0
          },
          {
            "x": 542,
            "y": 162
          },
          {
            "x": 543,
            "y": 161.0
          },
          {
            "x": 545.0,
            "y": 161.0
          },
          {
            "x": 546.0,
            "y": 160
          },
          {
            "x": 550,
            "y": 160
          },
          {
            "x": 551,
            "y": 159.0
          },
          {
            "x": 555,
            "y": 159.0
          },
          {
            "x": 556,
            "y": 158
          },
          {
            "x": 563,
            "y": 158
          },
          {
            "x": 563,
            "y": 157.0
          },
          {
            "x": 564,
            "y": 156.0
          },
          {
            "x": 568,
            "y": 156.0
          },
          {
            "x": 569,
            "y": 155
          },
          {
            "x": 572,
            "y": 155
          },
          {
            "x": 573,
            "y": 154.0
          },
          {
            "x": 575,
            "y": 154.0
          },
          {
            "x": 576,
            "y": 153
          },
          {
            "x": 579,
            "y": 153
          },
          {
            "x": 579,
            "y": 152.0
          },
          {
            "x": 580,
            "y": 151
          },
          {
            "x": 581,
            "y": 151
          },
          {
            "x": 583,
            "y": 149
          },
          {
            "x": 585,
            "y": 149
          },
          {
            "x": 587,
            "y": 147
          },
          {
            "x": 587,
            "y": 146.0
          },
          {
            "x": 589,
            "y": 144.0
          },
          {
            "x": 590,
            "y": 144.0
          },
          {
            "x": 592,
            "y": 142.0
          },
          {
            "x": 592,
            "y": 141
          },
          {
            "x": 594,
            "y": 139
          },
          {
            "x": 595.0,
            "y": 139
          },
          {
            "x": 595.0,
            "y": 138.0
          },
          {
            "x": 596,
            "y": 137
          },
          {
            "x": 596,
            "y": 134.0
          },
          {
            "x": 595.0,
            "y": 133
          },
          {
            "x": 593,
            "y": 133
          },
          {
            "x": 592,
            "y": 132.0
          },
          {
            "x": 583,
            "y": 132.0
          },
          {
            "x": 582,
            "y": 133
          },
          {
            "x": 580,
            "y": 133
          },
          {
            "x": 579,
            "y": 134.0
          },
          {
            "x": 577,
            "y": 134.0
          },
          {
            "x": 576,
            "y": 135
          },
          {
            "x": 575,
            "y": 135
          },
          {
            "x": 574.0,
            "y": 136.0
          },
          {
            "x": 571,
            "y": 136.0
          },
          {
            "x": 571,
            "y": 137
          },
          {
            "x": 570.0,
            "y": 138.0
          },
          {
            "x": 569,
            "y": 138.0
          },
          {
            "x": 568,
            "y": 139
          },
          {
            "x": 566.0,
            "y": 139
          },
          {
            "x": 565,
            "y": 140.0
          },
          {
            "x": 562.0,
            "y": 140.0
          },
          {
            "x": 561.0,
            "y": 141
          },
          {
            "x": 554.0,
            "y": 141
          },
          {
            "x": 554.0,
            "y": 142.0
          },
          {
            "x": 553.0,
            "y": 143
          },
          {
            "x": 548,
            "y": 143
          },
          {
            "x": 547,
            "y": 144.0
          },
          {
            "x": 543,
            "y": 144.0
          },
          {
            "x": 542,
            "y": 145
          },
          {
            "x": 534,
            "y": 145
          },
          {
            "x": 533.0,
            "y": 146.0
          },
          {
            "x": 524.0,
            "y": 146.0
          },
          {
            "x": 524.0,
            "y": 147
          },
          {
            "x": 523,
            "y": 148.0
          },
          {
            "x": 517.0,
            "y": 148.0
          },
          {
            "x": 516.0,
            "y": 149
          },
          {
            "x": 511.0,
            "y": 149
          },
          {
            "x": 510,
            "y": 150.0
          },
          {
            "x": 505,
            "y": 150.0
          },
          {
            "x": 504.0,
            "y": 151
          },
          {
            "x": 493,
            "y": 151
          },
          {
            "x": 492.0,
            "y": 152.0
          },
          {
            "x": 484.0,
            "y": 152.0
          },
          {
            "x": 484.0,
            "y": 153
          },
          {
            "x": 483.0,
            "y": 154.0
          },
          {
            "x": 477,
            "y": 154.0
          },
          {
            "x": 476,
            "y": 155
          },
          {
            "x": 470.0,
            "y": 155
          },
          {
            "x": 469,
            "y": 156.0
          },
          {
            "x": 458.0,
            "y": 156.0
          },
          {
            "x": 457.0,
            "y": 157.0
          },
          {
            "x": 449.0,
            "y": 157.0
          },
          {
            "x": 449.0,
            "y": 158
          },
          {
            "x": 448,
            "y": 159.0
          },
          {
            "x": 443,
            "y": 159.0
          },
          {
            "x": 442.0,
            "y": 160
          },
          {
            "x": 437.0,
            "y": 160
          },
          {
            "x": 436,
            "y": 161.0
          },
          {
            "x": 424.0,
            "y": 161.0
          },
          {
            "x": 423,
            "y": 162
          },
          {
            "x": 415,
            "y": 162
          },
          {
            "x": 415,
            "y": 163.0
          },
          {
            "x": 414,
            "y": 164
          },
          {
            "x": 406,
            "y": 164
          },
          {
            "x": 405.0,
            "y": 165.0
          },
          {
            "x": 400.0,
            "y": 165.0
          },
          {
            "x": 399.0,
            "y": 166
          },
          {
            "x": 386,
            "y": 166
          },
          {
            "x": 385,
            "y": 167.0
          },
          {
            "x": 376.0,
            "y": 167.0
          },
          {
            "x": 376.0,
            "y": 168
          },
          {
            "x": 375.0,
            "y": 169.0
          },
          {
            "x": 368.0,
            "y": 169.0
          },
          {
            "x": 367.0,
            "y": 170
          },
          {
            "x": 359.0,
            "y": 170
          },
          {
            "x": 358.0,
            "y": 171.0
          },
          {
            "x": 343.0,
            "y": 171.0
          },
          {
            "x": 342.0,
            "y": 172
          },
          {
            "x": 332,
            "y": 172
          },
          {
            "x": 331,
            "y": 173.0
          },
          {
            "x": 322.0,
            "y": 173.0
          },
          {
            "x": 322.0,
            "y": 174
          },
          {
            "x": 321.0,
            "y": 175.0
          },
          {
            "x": 295,
            "y": 175.0
          },
          {
            "x": 294,
            "y": 174
          },
          {
            "x": 294,
            "y": 173.0
          },
          {
            "x": 290,
            "y": 173.0
          },
          {
            "x": 289.0,
            "y": 172
          },
          {
            "x": 285.0,
            "y": 172
          },
          {
            "x": 284.0,
            "y": 171.0
          },
          {
            "x": 282,
            "y": 171.0
          },
          {
            "x": 281,
            "y": 170
          },
          {
            "x": 278,
            "y": 170
          },
          {
            "x": 277,
            "y": 169.0
          },
          {
            "x": 275.0,
            "y": 169.0
          },
          {
            "x": 274,
            "y": 168
          },
          {
            "x": 274,
            "y": 167.0
          },
          {
            "x": 273,
            "y": 167.0
          },
          {
            "x": 272.0,
            "y": 166
          },
          {
            "x": 271.0,
            "y": 166
          },
          {
            "x": 270,
            "y": 165.0
          },
          {
            "x": 268.0,
            "y": 165.0
          },
          {
            "x": 267.0,
            "y": 164
          },
          {
            "x": 266,
            "y": 164
          },
          {
            "x": 265,
            "y": 163.0
          },
          {
            "x": 265,
            "y": 162
          },
          {
            "x": 262,
            "y": 162
          },
          {
            "x": 261,
            "y": 161.0
          },
          {
            "x": 240,
            "y": 161.0
          },
          {
            "x": 239.0,
            "y": 160
          },
          {
            "x": 236,
            "y": 160
          },
          {
            "x": 235.0,
            "y": 159.0
          },
          {
            "x": 234.0,
            "y": 159.0
          },
          {
            "x": 233.0,
            "y": 158
          },
          {
            "x": 233.0,
            "y": 157.0
          },
          {
            "x": 231.0,
            "y": 157.0
          },
          {
            "x": 230.0,
            "y": 156.0
          },
          {
            "x": 227.0,
            "y": 156.0
          },
          {
            "x": 226.0,
            "y": 155
          },
          {
            "x": 225.0,
            "y": 155
          },
          {
            "x": 224,
            "y": 154.0
          },
          {
            "x": 222.0,
            "y": 154.0
          },
          {
            "x": 221.0,
            "y": 153
          },
          {
            "x": 221.0,
            "y": 152.0
          },
          {
            "x": 220,
            "y": 152.0
          },
          {
            "x": 219.0,
            "y": 151
          },
          {
            "x": 218.0,
            "y": 151
          },
          {
            "x": 217.0,
            "y": 150.0
          },
          {
            "x": 215.0,
            "y": 150.0
          },
          {
            "x": 214.0,
            "y": 149
          },
          {
            "x": 213.0,
            "y": 149
          },
          {
            "x": 212.0,
            "y": 148.0
          },
          {
            "x": 210.0,
            "y": 148.0
          },
          {
            "x": 209,
            "y": 147
          },
          {
            "x": 209,
            "y": 146.0
          },
          {
            "x": 206.0,
            "y": 146.0
          },
          {
            "x": 205,
            "y": 145
          },
          {
            "x": 204.0,
            "y": 145
          },
          {
            "x": 203,
            "y": 144.0
          },
          {
            "x": 202.0,
            "y": 144.0
          },
          {
            "x": 201,
            "y": 143
          },
          {
            "x": 199,
            "y": 143
          },
          {
            "x": 198.0,
            "y": 142.0
          },
          {
            "x": 198.0,
            "y": 141
          },
          {
            "x": 197,
            "y": 141
          },
          {
            "x": 196.0,
            "y": 140.0
          },
          {
            "x": 194.0,
            "y": 140.0
          },
          {
            "x": 193,
            "y": 139
          },
          {
            "x": 192.0,
            "y": 139
          },
          {
            "x": 191,
            "y": 138.0
          },
          {
            "x": 189,
            "y": 138.0
          },
          {
            "x": 188.0,
            "y": 137
          },
          {
            "x": 188.0,
            "y": 136.0
          },
          {
            "x": 187,
            "y": 136.0
          },
          {
            "x": 186.0,
            "y": 135
          },
          {
            "x": 184.0,
            "y": 135
          },
          {
            "x": 183.0,
            "y": 134.0
          },
          {
            "x": 182,
            "y": 134.0
          },
          {
            "x": 181.0,
            "y": 133
          },
          {
            "x": 179.0,
            "y": 133
          },
          {
            "x": 178,
            "y": 132.0
          },
          {
            "x": 177.0,
            "y": 132.0
          },
          {
            "x": 176,
            "y": 131
          },
          {
            "x": 176,
            "y": 130.0
          },
          {
            "x": 174,
            "y": 130.0
          },
          {
            "x": 173.0,
            "y": 129.0
          },
          {
            "x": 172,
            "y": 129.0
          },
          {
            "x": 171.0,
            "y": 128.0
          },
          {
            "x": 170,
            "y": 128.0
          },
          {
            "x": 169.0,
            "y": 127.0
          },
          {
            "x": 167.0,
            "y": 127.0
          },
          {
            "x": 166,
            "y": 126.0
          },
          {
            "x": 166,
            "y": 125.0
          },
          {
            "x": 165.0,
            "y": 125.0
          },
          {
            "x": 164,
            "y": 124.0
          },
          {
            "x": 162,
            "y": 124.0
          },
          {
            "x": 161.0,
            "y": 123.0
          },
          {
            "x": 160,
            "y": 123.0
          },
          {
            "x": 159.0,
            "y": 122.0
          },
          {
            "x": 156.0,
            "y": 122.0
          },
          {
            "x": 155,
            "y": 121.0
          },
          {
            "x": 155,
            "y": 120
          },
          {
            "x": 154.0,
            "y": 120
          },
          {
            "x": 153,
            "y": 119.0
          },
          {
            "x": 151,
            "y": 119.0
          },
          {
            "x": 150.0,
            "y": 118
          },
          {
            "x": 149,
            "y": 118
          },
          {
            "x": 148.0,
            "y": 117.0
          },
          {
            "x": 146.0,
            "y": 117.0
          },
          {
            "x": 145,
            "y": 116
          },
          {
            "x": 144.0,
            "y": 116
          },
          {
            "x": 143,
            "y": 115
          },
          {
            "x": 143,
            "y": 114
          },
          {
            "x": 141,
            "y": 114
          },
          {
            "x": 140.0,
            "y": 113
          },
          {
            "x": 139,
            "y": 113
          },
          {
            "x": 138.0,
            "y": 112
          },
          {
            "x": 136.0,
            "y": 112
          },
          {
            "x": 135,
            "y": 111
          },
          {
            "x": 134.0,
            "y": 111
          },
          {
            "x": 133,
            "y": 110
          },
          {
            "x": 133,
            "y": 109
          },
          {
            "x": 131,
            "y": 109
          },
          {
            "x": 130.0,
            "y": 108
          },
          {
            "x": 128.0,
            "y": 108
          },
          {
            "x": 127.0,
            "y": 107.0
          },
          {
            "x": 125.0,
            "y": 107.0
          },
          {
            "x": 124.0,
            "y": 106.0
          },
          {
            "x": 123.0,
            "y": 106.0
          },
          {
            "x": 122.0,
            "y": 105.0
          },
          {
            "x": 122.0,
            "y": 104.0
          },
          {
            "x": 120,
            "y": 104.0
          },
          {
            "x": 119.0,
            "y": 103.0
          },
          {
            "x": 118,
            "y": 103.0
          },
          {
            "x": 117.0,
            "y": 102.0
          },
          {
            "x": 114,
            "y": 102.0
          },
          {
            "x": 113.0,
            "y": 101.0
          },
          {
            "x": 112,
            "y": 101.0
          },
          {
            "x": 111.0,
            "y": 100.0
          },
          {
            "x": 109.0,
            "y": 100.0
          },
          {
            "x": 108,
            "y": 99.0
          },
          {
            "x": 108,
            "y": 98.0
          },
          {
            "x": 105.0,
            "y": 98.0
          },
          {
            "x": 104.0,
            "y": 97.0
          },
          {
            "x": 103.0,
            "y": 97.0
          },
          {
            "x": 102.0,
            "y": 96.0
          },
          {
            "x": 99.0,
            "y": 96.0
          },
          {
            "x": 98.0,
            "y": 95.0
          },
          {
            "x": 97.0,
            "y": 95.0
          },
          {
            "x": 96.0,
            "y": 94.0
          },
          {
            "x": 96.0,
            "y": 93.0
          },
          {
            "x": 93.0,
            "y": 93.0
          },
          {
            "x": 92.0,
            "y": 92.0
          },
          {
            "x": 89,
            "y": 92.0
          },
          {
            "x": 88.0,
            "y": 91
          },
          {
            "x": 85,
            "y": 91
          },
          {
            "x": 84.0,
            "y": 90
          },
          {
            "x": 81,
            "y": 90
          },
          {
            "x": 80.0,
            "y": 89
          },
          {
            "x": 80.0,
            "y": 88
          },
          {
            "x": 76.0,
            "y": 88
          },
          {
            "x": 75.0,
            "y": 87
          },
          {
            "x": 70.0,
            "y": 87
          },
          {
            "x": 69.0,
            "y": 86
          },
          {
            "x": 65.0,
            "y": 86
          },
          {
            "x": 64.0,
            "y": 85
          },
          {
            "x": 59.0,
            "y": 85
          },
          {
            "x": 58,
            "y": 84
          },
          {
            "x": 38.0,
            "y": 84
          },
          {
            "x": 37.0,
            "y": 85
          },
          {
            "x": 32.0,
            "y": 85
          },
          {
            "x": 31.0,
            "y": 86
          },
          {
            "x": 23.0,
            "y": 86
          },
          {
            "x": 22.0,
            "y": 87
          },
          {
            "x": 18.0,
            "y": 87
          },
          {
            "x": 17.0,
            "y": 88
          },
          {
            "x": 16.0,
            "y": 88
          },
          {
            "x": 16.0,
            "y": 89
          },
          {
            "x": 15.0,
            "y": 90
          },
          {
            "x": 14.0,
            "y": 90
          }
        ]
      }
    }
  ]
}