{
  "image": {
    "width": 426,
    "height": 640,
    "filename": "00000080.jpg",
    "original_filename": "COCO_test2014_000000007172.jpg",
    "url": "https://darwin.v7labs.com/api/images/1197802/original?token=e96ee6b8-bc43-4e08-bcc1-e75bb7cc480d",
    "thumbnail_url": "https://darwin.v7labs.com/api/images/1197802/thumbnail?token=e96ee6b8-bc43-4e08-bcc1-e75bb7cc480d",
    "workview_url": "https://darwin.v7labs.com/workview?dataset=1166&image=80"
  },
  "dataset": "4_Nurzhan_ver2",
  "annotated": true,
  "annotations": [
    {
      "annotator": {
        "email": "order@bex.kg",
        "full_name": "Zhaparova  Nurzhan"
      },
      "bounding_box": {
        "h": 57.14,
        "w": 18.55,
        "x": 343.45,
        "y": 236.93
      },
      "name": "Men "
    },
    {
      "annotator": {
        "email": "order@bex.kg",
        "full_name": "Zhaparova  Nurzhan"
      },
      "bounding_box": {
        "h": 64.01,
        "w": 28.87,
        "x": 148.6,
        "y": 237.92
      },
      "name": "Men "
    },
    {
      "annotator": {
        "email": "order@bex.kg",
        "full_name": "Zhaparova  Nurzhan"
      },
      "bounding_box": {
        "h": 58.38,
        "w": 25.41,
        "x": 78.64,
        "y": 238.66
      },
      "name": "Men "
    },
    {
      "annotator": {
        "email": "order@bex.kg",
        "full_name": "Zhaparova  Nurzhan"
      },
      "bounding_box": {
        "h": 35.39,
        "w": 19.66,
        "x": 126.13,
        "y": 235.33
      },
      "name": "Men "
    },
    {
      "annotator": {
        "email": "gm@bex.kg",
        "full_name": "Ahmet Shamiev"
      },
      "cuboid": {
        "back": {
          "h": 105.27,
          "w": 0.93,
          "x": 185.05,
          "y": 179.8
        },
        "front": {
          "h": 122.04,
          "w": 72.66,
          "x": 207.41,
          "y": 166.75
        }
      },
      "name": "Transport Cuboid"
    }
  ]
}