{
  "image": {
    "width": 500,
    "height": 375,
    "filename": "00000072.jpg",
    "original_filename": "COCO_test2014_000000007101.jpg",
    "url": "https://darwin.v7labs.com/api/images/1197794/original?token=e96ee6b8-bc43-4e08-bcc1-e75bb7cc480d",
    "thumbnail_url": "https://darwin.v7labs.com/api/images/1197794/thumbnail?token=e96ee6b8-bc43-4e08-bcc1-e75bb7cc480d",
    "workview_url": "https://darwin.v7labs.com/workview?dataset=1166&image=72"
  },
  "dataset": "4_Nurzhan_ver2",
  "annotated": true,
  "annotations": [
    {
      "annotator": {
        "email": "order@bex.kg",
        "full_name": "Zhaparova  Nurzhan"
      },
      "bounding_box": {
        "h": 100.45,
        "w": 40.92,
        "x": 82.59,
        "y": 147.32
      },
      "name": "Animal "
    },
    {
      "annotator": {
        "email": "order@bex.kg",
        "full_name": "Zhaparova  Nurzhan"
      },
      "name": "Animal Polygon ",
      "polygon": {
        "path": [
          {
            "x": 225.0,
            "y": 145
          },
          {
            "x": 223.0,
            "y": 145
          },
          {
            "x": 218,
            "y": 150
          },
          {
            "x": 217,
            "y": 150
          },
          {
            "x": 216,
            "y": 149
          },
          {
            "x": 216,
            "y": 148
          },
          {
            "x": 215,
            "y": 147
          },
          {
            "x": 215,
            "y": 146
          },
          {
            "x": 214.0,
            "y": 145
          },
          {
            "x": 210,
            "y": 145
          },
          {
            "x": 208,
            "y": 143
          },
          {
            "x": 207,
            "y": 143
          },
          {
            "x": 206,
            "y": 144
          },
          {
            "x": 206,
            "y": 146
          },
          {
            "x": 205.0,
            "y": 147
          },
          {
            "x": 205.0,
            "y": 152
          },
          {
            "x": 203.0,
            "y": 154
          },
          {
            "x": 203.0,
            "y": 155
          },
          {
            "x": 196,
            "y": 162
          },
          {
            "x": 196,
            "y": 163
          },
          {
            "x": 195.0,
            "y": 164
          },
          {
            "x": 195.0,
            "y": 169
          },
          {
            "x": 194.0,
            "y": 170
          },
          {
            "x": 190,
            "y": 170
          },
          {
            "x": 189,
            "y": 171
          },
          {
            "x": 186.0,
            "y": 171
          },
          {
            "x": 185.0,
            "y": 172
          },
          {
            "x": 182,
            "y": 172
          },
          {
            "x": 181,
            "y": 173
          },
          {
            "x": 178,
            "y": 173
          },
          {
            "x": 177,
            "y": 174
          },
          {
            "x": 172,
            "y": 174
          },
          {
            "x": 171,
            "y": 173
          },
          {
            "x": 170,
            "y": 173
          },
          {
            "x": 169,
            "y": 172
          },
          {
            "x": 166.0,
            "y": 172
          },
          {
            "x": 165.0,
            "y": 171
          },
          {
            "x": 163,
            "y": 171
          },
          {
            "x": 162,
            "y": 170
          },
          {
            "x": 160,
            "y": 170
          },
          {
            "x": 159,
            "y": 169
          },
          {
            "x": 143,
            "y": 169
          },
          {
            "x": 142,
            "y": 170
          },
          {
            "x": 139.0,
            "y": 170
          },
          {
            "x": 138.0,
            "y": 171
          },
          {
            "x": 137.0,
            "y": 171
          },
          {
            "x": 135,
            "y": 173
          },
          {
            "x": 134,
            "y": 173
          },
          {
            "x": 133,
            "y": 174
          },
          {
            "x": 133,
            "y": 175
          },
          {
            "x": 131,
            "y": 177
          },
          {
            "x": 131,
            "y": 178
          },
          {
            "x": 130,
            "y": 179
          },
          {
            "x": 130,
            "y": 180
          },
          {
            "x": 129.0,
            "y": 181
          },
          {
            "x": 129.0,
            "y": 183
          },
          {
            "x": 128.0,
            "y": 184
          },
          {
            "x": 128.0,
            "y": 186
          },
          {
            "x": 127.0,
            "y": 187
          },
          {
            "x": 127.0,
            "y": 193.0
          },
          {
            "x": 126.0,
            "y": 194.0
          },
          {
            "x": 126.0,
            "y": 199
          },
          {
            "x": 125.0,
            "y": 200
          },
          {
            "x": 125.0,
            "y": 205.0
          },
          {
            "x": 124,
            "y": 206
          },
          {
            "x": 124,
            "y": 212.0
          },
          {
            "x": 123,
            "y": 213.0
          },
          {
            "x": 123,
            "y": 216
          },
          {
            "x": 124,
            "y": 217
          },
          {
            "x": 124,
            "y": 221
          },
          {
            "x": 126.0,
            "y": 219
          },
          {
            "x": 126.0,
            "y": 218
          },
          {
            "x": 127.0,
            "y": 217
          },
          {
            "x": 127.0,
            "y": 214.0
          },
          {
            "x": 128.0,
            "y": 213.0
          },
          {
            "x": 128.0,
            "y": 212.0
          },
          {
            "x": 129.0,
            "y": 211
          },
          {
            "x": 129.0,
            "y": 200
          },
          {
            "x": 130,
            "y": 199
          },
          {
            "x": 131,
            "y": 200
          },
          {
            "x": 131,
            "y": 202
          },
          {
            "x": 132,
            "y": 203.0
          },
          {
            "x": 132,
            "y": 207
          },
          {
            "x": 133,
            "y": 208
          },
          {
            "x": 133,
            "y": 213.0
          },
          {
            "x": 132,
            "y": 214.0
          },
          {
            "x": 132,
            "y": 215
          },
          {
            "x": 129.0,
            "y": 218
          },
          {
            "x": 129.0,
            "y": 226
          },
          {
            "x": 132,
            "y": 226
          },
          {
            "x": 133,
            "y": 227
          },
          {
            "x": 135,
            "y": 227
          },
          {
            "x": 136.0,
            "y": 226
          },
          {
            "x": 137.0,
            "y": 226
          },
          {
            "x": 138.0,
            "y": 225
          },
          {
            "x": 138.0,
            "y": 223.0
          },
          {
            "x": 139.0,
            "y": 222.0
          },
          {
            "x": 139.0,
            "y": 220
          },
          {
            "x": 140,
            "y": 219
          },
          {
            "x": 140,
            "y": 218
          },
          {
            "x": 141,
            "y": 217
          },
          {
            "x": 141,
            "y": 216
          },
          {
            "x": 142,
            "y": 215
          },
          {
            "x": 142,
            "y": 214.0
          },
          {
            "x": 145,
            "y": 211
          },
          {
            "x": 145,
            "y": 210
          },
          {
            "x": 151,
            "y": 204.0
          },
          {
            "x": 153,
            "y": 204.0
          },
          {
            "x": 155.0,
            "y": 206
          },
          {
            "x": 156.0,
            "y": 206
          },
          {
            "x": 157.0,
            "y": 207
          },
          {
            "x": 161,
            "y": 207
          },
          {
            "x": 162,
            "y": 206
          },
          {
            "x": 165.0,
            "y": 206
          },
          {
            "x": 165.0,
            "y": 205.0
          },
          {
            "x": 168,
            "y": 202
          },
          {
            "x": 170,
            "y": 204.0
          },
          {
            "x": 170,
            "y": 205.0
          },
          {
            "x": 171,
            "y": 206
          },
          {
            "x": 173,
            "y": 206
          },
          {
            "x": 174.0,
            "y": 205.0
          },
          {
            "x": 174.0,
            "y": 204.0
          },
          {
            "x": 175.0,
            "y": 203.0
          },
          {
            "x": 175.0,
            "y": 202
          },
          {
            "x": 176.0,
            "y": 201
          },
          {
            "x": 178,
            "y": 201
          },
          {
            "x": 180,
            "y": 203.0
          },
          {
            "x": 185.0,
            "y": 203.0
          },
          {
            "x": 186.0,
            "y": 204.0
          },
          {
            "x": 186.0,
            "y": 206
          },
          {
            "x": 187.0,
            "y": 207
          },
          {
            "x": 187.0,
            "y": 208
          },
          {
            "x": 189,
            "y": 210
          },
          {
            "x": 189,
            "y": 211
          },
          {
            "x": 192,
            "y": 211
          },
          {
            "x": 194.0,
            "y": 209
          },
          {
            "x": 195.0,
            "y": 209
          },
          {
            "x": 197,
            "y": 211
          },
          {
            "x": 197,
            "y": 214.0
          },
          {
            "x": 198,
            "y": 215
          },
          {
            "x": 201,
            "y": 215
          },
          {
            "x": 202,
            "y": 214.0
          },
          {
            "x": 202,
            "y": 212.0
          },
          {
            "x": 203.0,
            "y": 211
          },
          {
            "x": 203.0,
            "y": 210
          },
          {
            "x": 204.0,
            "y": 209
          },
          {
            "x": 204.0,
            "y": 206
          },
          {
            "x": 205.0,
            "y": 205.0
          },
          {
            "x": 205.0,
            "y": 204.0
          },
          {
            "x": 207,
            "y": 202
          },
          {
            "x": 207,
            "y": 201
          },
          {
            "x": 208,
            "y": 200
          },
          {
            "x": 208,
            "y": 197
          },
          {
            "x": 209,
            "y": 196
          },
          {
            "x": 209,
            "y": 192
          },
          {
            "x": 210,
            "y": 191
          },
          {
            "x": 210,
            "y": 186
          },
          {
            "x": 211,
            "y": 185
          },
          {
            "x": 211,
            "y": 183
          },
          {
            "x": 212.0,
            "y": 182
          },
          {
            "x": 212.0,
            "y": 179
          },
          {
            "x": 214.0,
            "y": 177
          },
          {
            "x": 215,
            "y": 177
          },
          {
            "x": 216,
            "y": 178
          },
          {
            "x": 216,
            "y": 179
          },
          {
            "x": 217,
            "y": 180
          },
          {
            "x": 217,
            "y": 182
          },
          {
            "x": 222.0,
            "y": 182
          },
          {
            "x": 224.0,
            "y": 180
          },
          {
            "x": 224.0,
            "y": 176
          },
          {
            "x": 223.0,
            "y": 175
          },
          {
            "x": 223.0,
            "y": 174
          },
          {
            "x": 222.0,
            "y": 173
          },
          {
            "x": 222.0,
            "y": 172
          },
          {
            "x": 221,
            "y": 171
          },
          {
            "x": 221,
            "y": 170
          },
          {
            "x": 220,
            "y": 169
          },
          {
            "x": 220,
            "y": 165
          },
          {
            "x": 221,
            "y": 164
          },
          {
            "x": 221,
            "y": 160
          },
          {
            "x": 220,
            "y": 159
          },
          {
            "x": 220,
            "y": 156
          },
          {
            "x": 222.0,
            "y": 154
          },
          {
            "x": 222.0,
            "y": 153
          },
          {
            "x": 224.0,
            "y": 151
          },
          {
            "x": 224.0,
            "y": 148
          },
          {
            "x": 225.0,
            "y": 147
          }
        ]
      }
    },
    {
      "annotator": {
        "email": "order@bex.kg",
        "full_name": "Zhaparova  Nurzhan"
      },
      "name": "Animal Polygon ",
      "polygon": {
        "path": [
          {
            "x": 410.0,
            "y": 137
          },
          {
            "x": 407,
            "y": 137
          },
          {
            "x": 405,
            "y": 139
          },
          {
            "x": 404,
            "y": 138
          },
          {
            "x": 404,
            "y": 137
          },
          {
            "x": 403,
            "y": 136
          },
          {
            "x": 403,
            "y": 134
          },
          {
            "x": 402,
            "y": 133
          },
          {
            "x": 401.0,
            "y": 134
          },
          {
            "x": 401.0,
            "y": 136
          },
          {
            "x": 398,
            "y": 139
          },
          {
            "x": 397.0,
            "y": 138
          },
          {
            "x": 396,
            "y": 138
          },
          {
            "x": 397.0,
            "y": 139
          },
          {
            "x": 396,
            "y": 140
          },
          {
            "x": 396,
            "y": 141
          },
          {
            "x": 397.0,
            "y": 142
          },
          {
            "x": 397.0,
            "y": 143
          },
          {
            "x": 396,
            "y": 144
          },
          {
            "x": 396,
            "y": 145
          },
          {
            "x": 395,
            "y": 146
          },
          {
            "x": 395,
            "y": 147
          },
          {
            "x": 392,
            "y": 150
          },
          {
            "x": 392,
            "y": 151
          },
          {
            "x": 389,
            "y": 154
          },
          {
            "x": 389,
            "y": 158
          },
          {
            "x": 388.0,
            "y": 159
          },
          {
            "x": 388.0,
            "y": 161
          },
          {
            "x": 387,
            "y": 162
          },
          {
            "x": 386.0,
            "y": 162
          },
          {
            "x": 385,
            "y": 163
          },
          {
            "x": 384,
            "y": 163
          },
          {
            "x": 383,
            "y": 164
          },
          {
            "x": 381.0,
            "y": 164
          },
          {
            "x": 380,
            "y": 165
          },
          {
            "x": 368.0,
            "y": 165
          },
          {
            "x": 367,
            "y": 164
          },
          {
            "x": 363.0,
            "y": 164
          },
          {
            "x": 362,
            "y": 163
          },
          {
            "x": 361.0,
            "y": 163
          },
          {
            "x": 360,
            "y": 162
          },
          {
            "x": 358,
            "y": 162
          },
          {
            "x": 357,
            "y": 161
          },
          {
            "x": 348.0,
            "y": 161
          },
          {
            "x": 347,
            "y": 162
          },
          {
            "x": 346,
            "y": 162
          },
          {
            "x": 345,
            "y": 163
          },
          {
            "x": 343.0,
            "y": 163
          },
          {
            "x": 342,
            "y": 164
          },
          {
            "x": 341.0,
            "y": 164
          },
          {
            "x": 340,
            "y": 165
          },
          {
            "x": 339.0,
            "y": 165
          },
          {
            "x": 334.0,
            "y": 170
          },
          {
            "x": 334.0,
            "y": 173
          },
          {
            "x": 333,
            "y": 174
          },
          {
            "x": 333,
            "y": 188
          },
          {
            "x": 334.0,
            "y": 189
          },
          {
            "x": 334.0,
            "y": 193.0
          },
          {
            "x": 333,
            "y": 194.0
          },
          {
            "x": 333,
            "y": 198
          },
          {
            "x": 332.0,
            "y": 199
          },
          {
            "x": 332.0,
            "y": 200
          },
          {
            "x": 333,
            "y": 201
          },
          {
            "x": 332.0,
            "y": 202
          },
          {
            "x": 332.0,
            "y": 205.0
          },
          {
            "x": 330.0,
            "y": 207
          },
          {
            "x": 330.0,
            "y": 208
          },
          {
            "x": 331,
            "y": 208
          },
          {
            "x": 333,
            "y": 206
          },
          {
            "x": 333,
            "y": 205.0
          },
          {
            "x": 334.0,
            "y": 204.0
          },
          {
            "x": 334.0,
            "y": 203.0
          },
          {
            "x": 335,
            "y": 202
          },
          {
            "x": 335,
            "y": 199
          },
          {
            "x": 336,
            "y": 198
          },
          {
            "x": 336,
            "y": 196
          },
          {
            "x": 337.0,
            "y": 195.0
          },
          {
            "x": 338,
            "y": 196
          },
          {
            "x": 338,
            "y": 197
          },
          {
            "x": 339.0,
            "y": 198
          },
          {
            "x": 339.0,
            "y": 201
          },
          {
            "x": 338,
            "y": 202
          },
          {
            "x": 338,
            "y": 212.0
          },
          {
            "x": 339.0,
            "y": 213.0
          },
          {
            "x": 339.0,
            "y": 218
          },
          {
            "x": 340,
            "y": 219
          },
          {
            "x": 340,
            "y": 229
          },
          {
            "x": 341.0,
            "y": 230
          },
          {
            "x": 342,
            "y": 230
          },
          {
            "x": 342,
            "y": 229
          },
          {
            "x": 343.0,
            "y": 228
          },
          {
            "x": 343.0,
            "y": 217
          },
          {
            "x": 344,
            "y": 216
          },
          {
            "x": 345,
            "y": 217
          },
          {
            "x": 345,
            "y": 218
          },
          {
            "x": 346,
            "y": 219
          },
          {
            "x": 346,
            "y": 220
          },
          {
            "x": 347,
            "y": 221
          },
          {
            "x": 347,
            "y": 223.0
          },
          {
            "x": 348.0,
            "y": 224.0
          },
          {
            "x": 348.0,
            "y": 226
          },
          {
            "x": 350.0,
            "y": 228
          },
          {
            "x": 351,
            "y": 228
          },
          {
            "x": 352.0,
            "y": 229
          },
          {
            "x": 354,
            "y": 229
          },
          {
            "x": 354,
            "y": 227
          },
          {
            "x": 353,
            "y": 226
          },
          {
            "x": 353,
            "y": 223.0
          },
          {
            "x": 350.0,
            "y": 220
          },
          {
            "x": 350.0,
            "y": 218
          },
          {
            "x": 349,
            "y": 217
          },
          {
            "x": 349,
            "y": 212.0
          },
          {
            "x": 348.0,
            "y": 211
          },
          {
            "x": 348.0,
            "y": 210
          },
          {
            "x": 360,
            "y": 198
          },
          {
            "x": 368.0,
            "y": 198
          },
          {
            "x": 369,
            "y": 199
          },
          {
            "x": 380,
            "y": 199
          },
          {
            "x": 381.0,
            "y": 198
          },
          {
            "x": 384,
            "y": 198
          },
          {
            "x": 386.0,
            "y": 200
          },
          {
            "x": 386.0,
            "y": 204.0
          },
          {
            "x": 388.0,
            "y": 206
          },
          {
            "x": 388.0,
            "y": 224.0
          },
          {
            "x": 387,
            "y": 225
          },
          {
            "x": 387,
            "y": 229
          },
          {
            "x": 388.0,
            "y": 230
          },
          {
            "x": 390.0,
            "y": 230
          },
          {
            "x": 390.0,
            "y": 229
          },
          {
            "x": 392,
            "y": 227
          },
          {
            "x": 392,
            "y": 218
          },
          {
            "x": 393,
            "y": 217
          },
          {
            "x": 393,
            "y": 214.0
          },
          {
            "x": 394,
            "y": 213.0
          },
          {
            "x": 394,
            "y": 210
          },
          {
            "x": 395,
            "y": 209
          },
          {
            "x": 395,
            "y": 206
          },
          {
            "x": 396,
            "y": 205.0
          },
          {
            "x": 396,
            "y": 204.0
          },
          {
            "x": 397.0,
            "y": 203.0
          },
          {
            "x": 397.0,
            "y": 201
          },
          {
            "x": 398,
            "y": 200
          },
          {
            "x": 398,
            "y": 199
          },
          {
            "x": 399.0,
            "y": 198
          },
          {
            "x": 399.0,
            "y": 195.0
          },
          {
            "x": 400,
            "y": 194.0
          },
          {
            "x": 400,
            "y": 193.0
          },
          {
            "x": 401.0,
            "y": 192
          },
          {
            "x": 401.0,
            "y": 191
          },
          {
            "x": 402,
            "y": 190
          },
          {
            "x": 402,
            "y": 189
          },
          {
            "x": 403,
            "y": 188
          },
          {
            "x": 403,
            "y": 186
          },
          {
            "x": 404,
            "y": 185
          },
          {
            "x": 404,
            "y": 175
          },
          {
            "x": 405,
            "y": 174
          },
          {
            "x": 405,
            "y": 169
          },
          {
            "x": 406.0,
            "y": 168
          },
          {
            "x": 406.0,
            "y": 167
          },
          {
            "x": 407,
            "y": 166
          },
          {
            "x": 407,
            "y": 165
          },
          {
            "x": 408.0,
            "y": 164
          },
          {
            "x": 408.0,
            "y": 160
          },
          {
            "x": 409,
            "y": 159
          },
          {
            "x": 409,
            "y": 156
          },
          {
            "x": 408.0,
            "y": 155
          },
          {
            "x": 408.0,
            "y": 152
          },
          {
            "x": 407,
            "y": 151
          },
          {
            "x": 407,
            "y": 146
          },
          {
            "x": 408.0,
            "y": 145
          },
          {
            "x": 408.0,
            "y": 143
          },
          {
            "x": 409,
            "y": 142
          },
          {
            "x": 409,
            "y": 141
          },
          {
            "x": 410.0,
            "y": 140
          }
        ]
      }
    },
    {
      "annotator": {
        "email": "order@bex.kg",
        "full_name": "Zhaparova  Nurzhan"
      },
      "name": "Animal Polygon ",
      "polygon": {
        "path": [
          {
            "x": 281,
            "y": 159
          },
          {
            "x": 279,
            "y": 159
          },
          {
            "x": 276.0,
            "y": 162
          },
          {
            "x": 275,
            "y": 162
          },
          {
            "x": 273,
            "y": 160
          },
          {
            "x": 273,
            "y": 159
          },
          {
            "x": 271,
            "y": 159
          },
          {
            "x": 271,
            "y": 161
          },
          {
            "x": 270,
            "y": 162
          },
          {
            "x": 270,
            "y": 163
          },
          {
            "x": 269,
            "y": 164
          },
          {
            "x": 269,
            "y": 165
          },
          {
            "x": 263.0,
            "y": 171
          },
          {
            "x": 263.0,
            "y": 172
          },
          {
            "x": 262,
            "y": 173
          },
          {
            "x": 262,
            "y": 174
          },
          {
            "x": 261.0,
            "y": 175
          },
          {
            "x": 261.0,
            "y": 176
          },
          {
            "x": 260,
            "y": 177
          },
          {
            "x": 260,
            "y": 180
          },
          {
            "x": 259,
            "y": 181
          },
          {
            "x": 259,
            "y": 182
          },
          {
            "x": 257,
            "y": 184
          },
          {
            "x": 248,
            "y": 184
          },
          {
            "x": 247.0,
            "y": 183
          },
          {
            "x": 246,
            "y": 184
          },
          {
            "x": 246,
            "y": 185
          },
          {
            "x": 245.0,
            "y": 186
          },
          {
            "x": 245.0,
            "y": 187
          },
          {
            "x": 244,
            "y": 188
          },
          {
            "x": 244,
            "y": 190
          },
          {
            "x": 242.0,
            "y": 192
          },
          {
            "x": 242.0,
            "y": 193.0
          },
          {
            "x": 241.0,
            "y": 194.0
          },
          {
            "x": 241.0,
            "y": 195.0
          },
          {
            "x": 240.0,
            "y": 196
          },
          {
            "x": 240.0,
            "y": 199
          },
          {
            "x": 239,
            "y": 200
          },
          {
            "x": 239,
            "y": 203.0
          },
          {
            "x": 238.0,
            "y": 204.0
          },
          {
            "x": 238.0,
            "y": 206
          },
          {
            "x": 239,
            "y": 206
          },
          {
            "x": 240.0,
            "y": 207
          },
          {
            "x": 241.0,
            "y": 207
          },
          {
            "x": 242.0,
            "y": 208
          },
          {
            "x": 246,
            "y": 208
          },
          {
            "x": 247.0,
            "y": 209
          },
          {
            "x": 256.0,
            "y": 209
          },
          {
            "x": 257,
            "y": 210
          },
          {
            "x": 257,
            "y": 215
          },
          {
            "x": 258.0,
            "y": 216
          },
          {
            "x": 258.0,
            "y": 218
          },
          {
            "x": 259,
            "y": 219
          },
          {
            "x": 259,
            "y": 225
          },
          {
            "x": 260,
            "y": 226
          },
          {
            "x": 260,
            "y": 233.0
          },
          {
            "x": 259,
            "y": 234
          },
          {
            "x": 259,
            "y": 238
          },
          {
            "x": 262,
            "y": 238
          },
          {
            "x": 263.0,
            "y": 237
          },
          {
            "x": 263.0,
            "y": 236
          },
          {
            "x": 264,
            "y": 235
          },
          {
            "x": 264,
            "y": 228
          },
          {
            "x": 265.0,
            "y": 227
          },
          {
            "x": 265.0,
            "y": 222.0
          },
          {
            "x": 266,
            "y": 221
          },
          {
            "x": 266,
            "y": 218
          },
          {
            "x": 267.0,
            "y": 217
          },
          {
            "x": 267.0,
            "y": 214.0
          },
          {
            "x": 268,
            "y": 213.0
          },
          {
            "x": 268,
            "y": 210
          },
          {
            "x": 269,
            "y": 209
          },
          {
            "x": 269,
            "y": 206
          },
          {
            "x": 270,
            "y": 205.0
          },
          {
            "x": 270,
            "y": 204.0
          },
          {
            "x": 271,
            "y": 203.0
          },
          {
            "x": 271,
            "y": 201
          },
          {
            "x": 272.0,
            "y": 200
          },
          {
            "x": 272.0,
            "y": 193.0
          },
          {
            "x": 273,
            "y": 192
          },
          {
            "x": 273,
            "y": 189
          },
          {
            "x": 274.0,
            "y": 188
          },
          {
            "x": 274.0,
            "y": 187
          },
          {
            "x": 275,
            "y": 186
          },
          {
            "x": 277,
            "y": 186
          },
          {
            "x": 279,
            "y": 184
          },
          {
            "x": 279,
            "y": 181
          },
          {
            "x": 278.0,
            "y": 180
          },
          {
            "x": 278.0,
            "y": 169
          },
          {
            "x": 279,
            "y": 168
          },
          {
            "x": 279,
            "y": 167
          },
          {
            "x": 280,
            "y": 166
          },
          {
            "x": 280,
            "y": 164
          },
          {
            "x": 281,
            "y": 163
          }
        ]
      }
    },
    {
      "annotator": {
        "email": "order@bex.kg",
        "full_name": "Zhaparova  Nurzhan"
      },
      "name": "Animal Polygon ",
      "polygon": {
        "path": [
          {
            "x": 250.0,
            "y": 158
          },
          {
            "x": 248,
            "y": 158
          },
          {
            "x": 245.0,
            "y": 161
          },
          {
            "x": 244,
            "y": 161
          },
          {
            "x": 243.0,
            "y": 162
          },
          {
            "x": 242.0,
            "y": 162
          },
          {
            "x": 241.0,
            "y": 163
          },
          {
            "x": 240.0,
            "y": 163
          },
          {
            "x": 238.0,
            "y": 165
          },
          {
            "x": 237,
            "y": 165
          },
          {
            "x": 234.0,
            "y": 168
          },
          {
            "x": 233.0,
            "y": 168
          },
          {
            "x": 233.0,
            "y": 169
          },
          {
            "x": 229.0,
            "y": 173
          },
          {
            "x": 229.0,
            "y": 174
          },
          {
            "x": 228,
            "y": 175
          },
          {
            "x": 228,
            "y": 176
          },
          {
            "x": 226,
            "y": 178
          },
          {
            "x": 226,
            "y": 180
          },
          {
            "x": 224.0,
            "y": 182
          },
          {
            "x": 223.0,
            "y": 182
          },
          {
            "x": 222.0,
            "y": 183
          },
          {
            "x": 219,
            "y": 183
          },
          {
            "x": 218,
            "y": 184
          },
          {
            "x": 217,
            "y": 184
          },
          {
            "x": 216,
            "y": 185
          },
          {
            "x": 213.0,
            "y": 185
          },
          {
            "x": 211,
            "y": 187
          },
          {
            "x": 211,
            "y": 190
          },
          {
            "x": 210,
            "y": 191
          },
          {
            "x": 210,
            "y": 198
          },
          {
            "x": 209,
            "y": 199
          },
          {
            "x": 209,
            "y": 200
          },
          {
            "x": 208,
            "y": 201
          },
          {
            "x": 208,
            "y": 202
          },
          {
            "x": 207,
            "y": 203.0
          },
          {
            "x": 207,
            "y": 204.0
          },
          {
            "x": 206,
            "y": 205.0
          },
          {
            "x": 206,
            "y": 206
          },
          {
            "x": 207,
            "y": 207
          },
          {
            "x": 207,
            "y": 208
          },
          {
            "x": 210,
            "y": 208
          },
          {
            "x": 211,
            "y": 209
          },
          {
            "x": 220,
            "y": 209
          },
          {
            "x": 222.0,
            "y": 211
          },
          {
            "x": 222.0,
            "y": 215
          },
          {
            "x": 221,
            "y": 216
          },
          {
            "x": 221,
            "y": 220
          },
          {
            "x": 222.0,
            "y": 221
          },
          {
            "x": 222.0,
            "y": 232.0
          },
          {
            "x": 223.0,
            "y": 233.0
          },
          {
            "x": 223.0,
            "y": 235
          },
          {
            "x": 224.0,
            "y": 236
          },
          {
            "x": 224.0,
            "y": 237
          },
          {
            "x": 225.0,
            "y": 238
          },
          {
            "x": 225.0,
            "y": 239
          },
          {
            "x": 225.0,
            "y": 238
          },
          {
            "x": 226,
            "y": 237
          },
          {
            "x": 226,
            "y": 236
          },
          {
            "x": 227.0,
            "y": 235
          },
          {
            "x": 227.0,
            "y": 230
          },
          {
            "x": 228,
            "y": 229
          },
          {
            "x": 228,
            "y": 228
          },
          {
            "x": 229.0,
            "y": 227
          },
          {
            "x": 230,
            "y": 228
          },
          {
            "x": 230,
            "y": 238
          },
          {
            "x": 232.0,
            "y": 240
          },
          {
            "x": 233.0,
            "y": 240
          },
          {
            "x": 234.0,
            "y": 241.0
          },
          {
            "x": 236.0,
            "y": 241.0
          },
          {
            "x": 236.0,
            "y": 237
          },
          {
            "x": 235,
            "y": 236
          },
          {
            "x": 235,
            "y": 228
          },
          {
            "x": 234.0,
            "y": 227
          },
          {
            "x": 234.0,
            "y": 222.0
          },
          {
            "x": 233.0,
            "y": 221
          },
          {
            "x": 233.0,
            "y": 214.0
          },
          {
            "x": 234.0,
            "y": 213.0
          },
          {
            "x": 234.0,
            "y": 211
          },
          {
            "x": 235,
            "y": 210
          },
          {
            "x": 235,
            "y": 208
          },
          {
            "x": 236.0,
            "y": 207
          },
          {
            "x": 236.0,
            "y": 206
          },
          {
            "x": 238.0,
            "y": 204.0
          },
          {
            "x": 238.0,
            "y": 201
          },
          {
            "x": 239,
            "y": 200
          },
          {
            "x": 239,
            "y": 197
          },
          {
            "x": 240.0,
            "y": 196
          },
          {
            "x": 240.0,
            "y": 195.0
          },
          {
            "x": 241.0,
            "y": 194.0
          },
          {
            "x": 241.0,
            "y": 193.0
          },
          {
            "x": 242.0,
            "y": 192
          },
          {
            "x": 242.0,
            "y": 191
          },
          {
            "x": 243.0,
            "y": 190
          },
          {
            "x": 243.0,
            "y": 189
          },
          {
            "x": 244,
            "y": 188
          },
          {
            "x": 244,
            "y": 186
          },
          {
            "x": 245.0,
            "y": 185
          },
          {
            "x": 245.0,
            "y": 184
          },
          {
            "x": 246,
            "y": 183
          },
          {
            "x": 246,
            "y": 174
          },
          {
            "x": 247.0,
            "y": 173
          },
          {
            "x": 247.0,
            "y": 171
          },
          {
            "x": 249.0,
            "y": 169
          },
          {
            "x": 249.0,
            "y": 168
          },
          {
            "x": 250.0,
            "y": 167
          },
          {
            "x": 250.0,
            "y": 166
          },
          {
            "x": 251.0,
            "y": 165
          },
          {
            "x": 251.0,
            "y": 159
          }
        ]
      }
    }
  ]
}