{
  "image": {
    "width": 640,
    "height": 480,
    "filename": "00000152.jpg",
    "original_filename": "COCO_test2014_000000005036.jpg",
    "url": "https://darwin.v7labs.com/api/images/1197658/original?token=af5accd5-7ecb-4550-848c-a4c83b1a9a3a",
    "thumbnail_url": "https://darwin.v7labs.com/api/images/1197658/thumbnail?token=af5accd5-7ecb-4550-848c-a4c83b1a9a3a",
    "workview_url": "https://darwin.v7labs.com/workview?dataset=1165&image=152"
  },
  "dataset": "4_Saltanat_ver2",
  "annotated": true,
  "annotations": [
    {
      "annotator": {
        "email": "begimbaeva.s95@gmail.com",
        "full_name": "Saltanat Begimbaeva"
      },
      "name": "Object Polygon ",
      "polygon": {
        "path": [
          {
            "x": 175.95,
            "y": 127.68
          },
          {
            "x": 233.52,
            "y": 130.87
          },
          {
            "x": 245.67,
            "y": 146.23
          },
          {
            "x": 270.04,
            "y": 173.44
          },
          {
            "x": 274.42,
            "y": 234.8
          },
          {
            "x": 260.28,
            "y": 252.8
          },
          {
            "x": 240.54,
            "y": 278.67
          },
          {
            "x": 208.21,
            "y": 280.8
          },
          {
            "x": 173.02,
            "y": 282.17
          },
          {
            "x": 149.07,
            "y": 258.53
          },
          {
            "x": 129.23,
            "y": 241.22
          },
          {
            "x": 128.27,
            "y": 204.11
          },
          {
            "x": 127.01,
            "y": 167.91
          },
          {
            "x": 148.73,
            "y": 144.27
          },
          {
            "x": 163.77,
            "y": 130.2
          }
        ]
      }
    },
    {
      "annotator": {
        "email": "begimbaeva.s95@gmail.com",
        "full_name": "Saltanat Begimbaeva"
      },
      "bounding_box": {
        "h": 57.11,
        "w": 128.73,
        "x": 138.37,
        "y": 177.04
      },
      "name": "Object"
    }
  ]
}