{
  "image": {
    "width": 478,
    "height": 640,
    "filename": "00000049.jpg",
    "original_filename": "COCO_test2014_000000006610.jpg",
    "url": "https://darwin.v7labs.com/api/images/1197771/original?token=e96ee6b8-bc43-4e08-bcc1-e75bb7cc480d",
    "thumbnail_url": "https://darwin.v7labs.com/api/images/1197771/thumbnail?token=e96ee6b8-bc43-4e08-bcc1-e75bb7cc480d",
    "workview_url": "https://darwin.v7labs.com/workview?dataset=1166&image=49"
  },
  "dataset": "4_Nurzhan_ver2",
  "annotated": true,
  "annotations": [
    {
      "annotator": {
        "email": "order@bex.kg",
        "full_name": "Zhaparova  Nurzhan"
      },
      "name": "Food Polygon ",
      "polygon": {
        "path": [
          {
            "x": 131.0,
            "y": 89.0
          },
          {
            "x": 127.0,
            "y": 93
          },
          {
            "x": 126.0,
            "y": 93
          },
          {
            "x": 125,
            "y": 94.0
          },
          {
            "x": 123.0,
            "y": 94.0
          },
          {
            "x": 122.0,
            "y": 95
          },
          {
            "x": 121.0,
            "y": 95
          },
          {
            "x": 121.0,
            "y": 96
          },
          {
            "x": 120,
            "y": 97
          },
          {
            "x": 120,
            "y": 98
          },
          {
            "x": 119.0,
            "y": 99.0
          },
          {
            "x": 119.0,
            "y": 100
          },
          {
            "x": 118.0,
            "y": 101
          },
          {
            "x": 118.0,
            "y": 102
          },
          {
            "x": 115,
            "y": 105
          },
          {
            "x": 115,
            "y": 107
          },
          {
            "x": 113.0,
            "y": 109.0
          },
          {
            "x": 112.0,
            "y": 109.0
          },
          {
            "x": 107.0,
            "y": 114.0
          },
          {
            "x": 104.0,
            "y": 114.0
          },
          {
            "x": 103.0,
            "y": 115
          },
          {
            "x": 101.0,
            "y": 115
          },
          {
            "x": 100,
            "y": 116
          },
          {
            "x": 99.0,
            "y": 116
          },
          {
            "x": 97.0,
            "y": 118
          },
          {
            "x": 96.0,
            "y": 118
          },
          {
            "x": 95,
            "y": 119.0
          },
          {
            "x": 94.0,
            "y": 119.0
          },
          {
            "x": 91.0,
            "y": 122
          },
          {
            "x": 90,
            "y": 122
          },
          {
            "x": 88.0,
            "y": 124.0
          },
          {
            "x": 87.0,
            "y": 124.0
          },
          {
            "x": 84.0,
            "y": 127.0
          },
          {
            "x": 84.0,
            "y": 128
          },
          {
            "x": 83.0,
            "y": 129
          },
          {
            "x": 82.0,
            "y": 129
          },
          {
            "x": 80,
            "y": 131
          },
          {
            "x": 80,
            "y": 132
          },
          {
            "x": 79.0,
            "y": 133
          },
          {
            "x": 79.0,
            "y": 134
          },
          {
            "x": 78.0,
            "y": 135
          },
          {
            "x": 78.0,
            "y": 136
          },
          {
            "x": 77.0,
            "y": 137
          },
          {
            "x": 77.0,
            "y": 138
          },
          {
            "x": 76.0,
            "y": 139
          },
          {
            "x": 76.0,
            "y": 140
          },
          {
            "x": 75,
            "y": 141
          },
          {
            "x": 75,
            "y": 155
          },
          {
            "x": 76.0,
            "y": 156
          },
          {
            "x": 76.0,
            "y": 160
          },
          {
            "x": 77.0,
            "y": 161
          },
          {
            "x": 77.0,
            "y": 164
          },
          {
            "x": 78.0,
            "y": 165
          },
          {
            "x": 78.0,
            "y": 169
          },
          {
            "x": 79.0,
            "y": 170
          },
          {
            "x": 79.0,
            "y": 172
          },
          {
            "x": 80,
            "y": 173.0
          },
          {
            "x": 80,
            "y": 174
          },
          {
            "x": 81.0,
            "y": 174
          },
          {
            "x": 82.0,
            "y": 175
          },
          {
            "x": 82.0,
            "y": 176
          },
          {
            "x": 84.0,
            "y": 178.0
          },
          {
            "x": 84.0,
            "y": 179
          },
          {
            "x": 86.0,
            "y": 179
          },
          {
            "x": 89.0,
            "y": 182
          },
          {
            "x": 90,
            "y": 182
          },
          {
            "x": 91.0,
            "y": 183.0
          },
          {
            "x": 92.0,
            "y": 183.0
          },
          {
            "x": 96.0,
            "y": 187
          },
          {
            "x": 96.0,
            "y": 188.0
          },
          {
            "x": 99.0,
            "y": 191
          },
          {
            "x": 99.0,
            "y": 192
          },
          {
            "x": 100,
            "y": 193.0
          },
          {
            "x": 101.0,
            "y": 193.0
          },
          {
            "x": 102.0,
            "y": 194
          },
          {
            "x": 103.0,
            "y": 194
          },
          {
            "x": 104.0,
            "y": 195
          },
          {
            "x": 104.0,
            "y": 197
          },
          {
            "x": 103.0,
            "y": 198.0
          },
          {
            "x": 103.0,
            "y": 199
          },
          {
            "x": 101.0,
            "y": 201
          },
          {
            "x": 101.0,
            "y": 202
          },
          {
            "x": 99.0,
            "y": 204
          },
          {
            "x": 99.0,
            "y": 205
          },
          {
            "x": 97.0,
            "y": 207
          },
          {
            "x": 97.0,
            "y": 208.0
          },
          {
            "x": 94.0,
            "y": 211
          },
          {
            "x": 94.0,
            "y": 212
          },
          {
            "x": 92.0,
            "y": 214
          },
          {
            "x": 92.0,
            "y": 215
          },
          {
            "x": 91.0,
            "y": 216
          },
          {
            "x": 90,
            "y": 216
          },
          {
            "x": 90,
            "y": 217
          },
          {
            "x": 89.0,
            "y": 218.0
          },
          {
            "x": 89.0,
            "y": 220
          },
          {
            "x": 88.0,
            "y": 221
          },
          {
            "x": 88.0,
            "y": 222
          },
          {
            "x": 87.0,
            "y": 223.0
          },
          {
            "x": 87.0,
            "y": 224
          },
          {
            "x": 85,
            "y": 226
          },
          {
            "x": 85,
            "y": 227
          },
          {
            "x": 84.0,
            "y": 228.0
          },
          {
            "x": 84.0,
            "y": 230
          },
          {
            "x": 81.0,
            "y": 233.0
          },
          {
            "x": 81.0,
            "y": 234
          },
          {
            "x": 79.0,
            "y": 236
          },
          {
            "x": 79.0,
            "y": 240
          },
          {
            "x": 78.0,
            "y": 241
          },
          {
            "x": 78.0,
            "y": 243.0
          },
          {
            "x": 77.0,
            "y": 244
          },
          {
            "x": 77.0,
            "y": 245
          },
          {
            "x": 75,
            "y": 247
          },
          {
            "x": 75,
            "y": 248.0
          },
          {
            "x": 74.0,
            "y": 249.0
          },
          {
            "x": 74.0,
            "y": 251
          },
          {
            "x": 73.0,
            "y": 252
          },
          {
            "x": 73.0,
            "y": 258
          },
          {
            "x": 72.0,
            "y": 259
          },
          {
            "x": 72.0,
            "y": 280
          },
          {
            "x": 71.0,
            "y": 281
          },
          {
            "x": 71.0,
            "y": 285
          },
          {
            "x": 72.0,
            "y": 286
          },
          {
            "x": 72.0,
            "y": 288
          },
          {
            "x": 73.0,
            "y": 289
          },
          {
            "x": 73.0,
            "y": 291
          },
          {
            "x": 74.0,
            "y": 292
          },
          {
            "x": 74.0,
            "y": 294
          },
          {
            "x": 75,
            "y": 295
          },
          {
            "x": 75,
            "y": 301
          },
          {
            "x": 74.0,
            "y": 302
          },
          {
            "x": 74.0,
            "y": 309
          },
          {
            "x": 75,
            "y": 310
          },
          {
            "x": 75,
            "y": 311
          },
          {
            "x": 76.0,
            "y": 312
          },
          {
            "x": 76.0,
            "y": 313
          },
          {
            "x": 78.0,
            "y": 315
          },
          {
            "x": 78.0,
            "y": 316
          },
          {
            "x": 80,
            "y": 316
          },
          {
            "x": 81.0,
            "y": 317
          },
          {
            "x": 83.0,
            "y": 317
          },
          {
            "x": 84.0,
            "y": 318
          },
          {
            "x": 86.0,
            "y": 318
          },
          {
            "x": 89.0,
            "y": 321
          },
          {
            "x": 90,
            "y": 321
          },
          {
            "x": 92.0,
            "y": 323
          },
          {
            "x": 94.0,
            "y": 323
          },
          {
            "x": 95,
            "y": 324
          },
          {
            "x": 100,
            "y": 324
          },
          {
            "x": 101.0,
            "y": 325
          },
          {
            "x": 102.0,
            "y": 325
          },
          {
            "x": 103.0,
            "y": 326.0
          },
          {
            "x": 105,
            "y": 326.0
          },
          {
            "x": 109.0,
            "y": 330
          },
          {
            "x": 109.0,
            "y": 335
          },
          {
            "x": 108.0,
            "y": 336.0
          },
          {
            "x": 107.0,
            "y": 335
          },
          {
            "x": 101.0,
            "y": 335
          },
          {
            "x": 100,
            "y": 334
          },
          {
            "x": 98.0,
            "y": 334
          },
          {
            "x": 97.0,
            "y": 333
          },
          {
            "x": 94.0,
            "y": 333
          },
          {
            "x": 93.0,
            "y": 332
          },
          {
            "x": 87.0,
            "y": 332
          },
          {
            "x": 86.0,
            "y": 333
          },
          {
            "x": 84.0,
            "y": 333
          },
          {
            "x": 80,
            "y": 337
          },
          {
            "x": 79.0,
            "y": 337
          },
          {
            "x": 79.0,
            "y": 338
          },
          {
            "x": 75,
            "y": 342
          },
          {
            "x": 74.0,
            "y": 342
          },
          {
            "x": 74.0,
            "y": 343
          },
          {
            "x": 73.0,
            "y": 344
          },
          {
            "x": 73.0,
            "y": 345
          },
          {
            "x": 71.0,
            "y": 347
          },
          {
            "x": 71.0,
            "y": 348
          },
          {
            "x": 70,
            "y": 349
          },
          {
            "x": 70,
            "y": 351.0
          },
          {
            "x": 69.0,
            "y": 352
          },
          {
            "x": 69.0,
            "y": 362
          },
          {
            "x": 73.0,
            "y": 366.0
          },
          {
            "x": 75,
            "y": 366.0
          },
          {
            "x": 76.0,
            "y": 367
          },
          {
            "x": 77.0,
            "y": 367
          },
          {
            "x": 79.0,
            "y": 369
          },
          {
            "x": 80,
            "y": 369
          },
          {
            "x": 81.0,
            "y": 370
          },
          {
            "x": 82.0,
            "y": 370
          },
          {
            "x": 84.0,
            "y": 372
          },
          {
            "x": 86.0,
            "y": 372
          },
          {
            "x": 89.0,
            "y": 375
          },
          {
            "x": 89.0,
            "y": 376.0
          },
          {
            "x": 90,
            "y": 376.0
          },
          {
            "x": 91.0,
            "y": 377
          },
          {
            "x": 92.0,
            "y": 377
          },
          {
            "x": 96.0,
            "y": 381.0
          },
          {
            "x": 97.0,
            "y": 381.0
          },
          {
            "x": 101.0,
            "y": 385
          },
          {
            "x": 101.0,
            "y": 386.0
          },
          {
            "x": 104.0,
            "y": 389
          },
          {
            "x": 104.0,
            "y": 392
          },
          {
            "x": 105,
            "y": 392
          },
          {
            "x": 106.0,
            "y": 393
          },
          {
            "x": 106.0,
            "y": 395
          },
          {
            "x": 109.0,
            "y": 398
          },
          {
            "x": 109.0,
            "y": 399
          },
          {
            "x": 112.0,
            "y": 402
          },
          {
            "x": 113.0,
            "y": 402
          },
          {
            "x": 115,
            "y": 404
          },
          {
            "x": 115,
            "y": 405
          },
          {
            "x": 116.0,
            "y": 406.0
          },
          {
            "x": 116.0,
            "y": 407
          },
          {
            "x": 117.0,
            "y": 408
          },
          {
            "x": 117.0,
            "y": 409
          },
          {
            "x": 118.0,
            "y": 410
          },
          {
            "x": 118.0,
            "y": 416.0
          },
          {
            "x": 117.0,
            "y": 417
          },
          {
            "x": 117.0,
            "y": 422
          },
          {
            "x": 119.0,
            "y": 424
          },
          {
            "x": 119.0,
            "y": 426.0
          },
          {
            "x": 120,
            "y": 427
          },
          {
            "x": 120,
            "y": 432
          },
          {
            "x": 121.0,
            "y": 433
          },
          {
            "x": 121.0,
            "y": 435
          },
          {
            "x": 122.0,
            "y": 436.0
          },
          {
            "x": 122.0,
            "y": 437
          },
          {
            "x": 124.0,
            "y": 439
          },
          {
            "x": 124.0,
            "y": 440
          },
          {
            "x": 125,
            "y": 441.0
          },
          {
            "x": 125,
            "y": 442
          },
          {
            "x": 126.0,
            "y": 442
          },
          {
            "x": 128.0,
            "y": 444
          },
          {
            "x": 129.0,
            "y": 444
          },
          {
            "x": 131.0,
            "y": 446.0
          },
          {
            "x": 133.0,
            "y": 446.0
          },
          {
            "x": 134.0,
            "y": 447
          },
          {
            "x": 138.0,
            "y": 447
          },
          {
            "x": 139.0,
            "y": 448
          },
          {
            "x": 146.0,
            "y": 448
          },
          {
            "x": 147,
            "y": 447
          },
          {
            "x": 153.0,
            "y": 447
          },
          {
            "x": 154.0,
            "y": 446.0
          },
          {
            "x": 155,
            "y": 446.0
          },
          {
            "x": 156.0,
            "y": 447
          },
          {
            "x": 160,
            "y": 447
          },
          {
            "x": 161.0,
            "y": 448
          },
          {
            "x": 163.0,
            "y": 448
          },
          {
            "x": 166.0,
            "y": 451.0
          },
          {
            "x": 167,
            "y": 451.0
          },
          {
            "x": 168.0,
            "y": 452
          },
          {
            "x": 171.0,
            "y": 452
          },
          {
            "x": 172,
            "y": 453
          },
          {
            "x": 184.0,
            "y": 453
          },
          {
            "x": 185,
            "y": 452
          },
          {
            "x": 187,
            "y": 452
          },
          {
            "x": 188.0,
            "y": 451.0
          },
          {
            "x": 189.0,
            "y": 451.0
          },
          {
            "x": 190,
            "y": 450
          },
          {
            "x": 197.0,
            "y": 450
          },
          {
            "x": 198.0,
            "y": 451.0
          },
          {
            "x": 200,
            "y": 451.0
          },
          {
            "x": 201.0,
            "y": 452
          },
          {
            "x": 202.0,
            "y": 452
          },
          {
            "x": 203.0,
            "y": 453
          },
          {
            "x": 207.0,
            "y": 453
          },
          {
            "x": 208.0,
            "y": 454
          },
          {
            "x": 209.0,
            "y": 454
          },
          {
            "x": 210,
            "y": 455
          },
          {
            "x": 212.0,
            "y": 455
          },
          {
            "x": 213.0,
            "y": 456.0
          },
          {
            "x": 215,
            "y": 456.0
          },
          {
            "x": 216.0,
            "y": 457
          },
          {
            "x": 217.0,
            "y": 457
          },
          {
            "x": 218.0,
            "y": 458
          },
          {
            "x": 223.0,
            "y": 458
          },
          {
            "x": 224.0,
            "y": 459
          },
          {
            "x": 225,
            "y": 459
          },
          {
            "x": 226.0,
            "y": 460
          },
          {
            "x": 230,
            "y": 460
          },
          {
            "x": 231.0,
            "y": 461.0
          },
          {
            "x": 237.0,
            "y": 461.0
          },
          {
            "x": 238.0,
            "y": 462
          },
          {
            "x": 243.0,
            "y": 462
          },
          {
            "x": 244.0,
            "y": 463
          },
          {
            "x": 252.0,
            "y": 463
          },
          {
            "x": 253.0,
            "y": 464
          },
          {
            "x": 256.0,
            "y": 464
          },
          {
            "x": 257.0,
            "y": 465
          },
          {
            "x": 288.0,
            "y": 465
          },
          {
            "x": 289,
            "y": 464
          },
          {
            "x": 295,
            "y": 464
          },
          {
            "x": 296.0,
            "y": 463
          },
          {
            "x": 316.0,
            "y": 463
          },
          {
            "x": 317.0,
            "y": 464
          },
          {
            "x": 319,
            "y": 464
          },
          {
            "x": 320,
            "y": 465
          },
          {
            "x": 332.0,
            "y": 465
          },
          {
            "x": 333.0,
            "y": 464
          },
          {
            "x": 336.0,
            "y": 464
          },
          {
            "x": 337.0,
            "y": 463
          },
          {
            "x": 342.0,
            "y": 463
          },
          {
            "x": 343.0,
            "y": 462
          },
          {
            "x": 345,
            "y": 462
          },
          {
            "x": 350,
            "y": 457
          },
          {
            "x": 350,
            "y": 455
          },
          {
            "x": 351.0,
            "y": 454
          },
          {
            "x": 351.0,
            "y": 452
          },
          {
            "x": 352.0,
            "y": 451.0
          },
          {
            "x": 352.0,
            "y": 447
          },
          {
            "x": 353.0,
            "y": 446.0
          },
          {
            "x": 353.0,
            "y": 445
          },
          {
            "x": 354,
            "y": 444
          },
          {
            "x": 354,
            "y": 443
          },
          {
            "x": 355,
            "y": 442
          },
          {
            "x": 357.0,
            "y": 442
          },
          {
            "x": 357.0,
            "y": 441.0
          },
          {
            "x": 358.0,
            "y": 440
          },
          {
            "x": 360,
            "y": 440
          },
          {
            "x": 361.0,
            "y": 439
          },
          {
            "x": 362.0,
            "y": 439
          },
          {
            "x": 363.0,
            "y": 438
          },
          {
            "x": 364,
            "y": 438
          },
          {
            "x": 365,
            "y": 437
          },
          {
            "x": 367.0,
            "y": 437
          },
          {
            "x": 367.0,
            "y": 436.0
          },
          {
            "x": 370,
            "y": 433
          },
          {
            "x": 371.0,
            "y": 433
          },
          {
            "x": 372.0,
            "y": 432
          },
          {
            "x": 374,
            "y": 432
          },
          {
            "x": 375,
            "y": 431.0
          },
          {
            "x": 376.0,
            "y": 431.0
          },
          {
            "x": 379,
            "y": 428
          },
          {
            "x": 380,
            "y": 428
          },
          {
            "x": 381.0,
            "y": 427
          },
          {
            "x": 382.0,
            "y": 427
          },
          {
            "x": 387.0,
            "y": 422
          },
          {
            "x": 387.0,
            "y": 421.0
          },
          {
            "x": 391.0,
            "y": 417
          },
          {
            "x": 392.0,
            "y": 417
          },
          {
            "x": 393.0,
            "y": 416.0
          },
          {
            "x": 394,
            "y": 416.0
          },
          {
            "x": 396.0,
            "y": 414
          },
          {
            "x": 397.0,
            "y": 414
          },
          {
            "x": 397.0,
            "y": 413
          },
          {
            "x": 398.0,
            "y": 412
          },
          {
            "x": 406.0,
            "y": 412
          },
          {
            "x": 407.0,
            "y": 413
          },
          {
            "x": 409,
            "y": 413
          },
          {
            "x": 410,
            "y": 414
          },
          {
            "x": 412.0,
            "y": 414
          },
          {
            "x": 412.0,
            "y": 413
          },
          {
            "x": 413.0,
            "y": 412
          },
          {
            "x": 414,
            "y": 412
          },
          {
            "x": 415,
            "y": 411.0
          },
          {
            "x": 415,
            "y": 410
          },
          {
            "x": 428.0,
            "y": 397
          },
          {
            "x": 430,
            "y": 397
          },
          {
            "x": 432.0,
            "y": 395
          },
          {
            "x": 433.0,
            "y": 395
          },
          {
            "x": 437.0,
            "y": 391.0
          },
          {
            "x": 437.0,
            "y": 390
          },
          {
            "x": 438.0,
            "y": 389
          },
          {
            "x": 438.0,
            "y": 387
          },
          {
            "x": 439,
            "y": 386.0
          },
          {
            "x": 439,
            "y": 384
          },
          {
            "x": 441.0,
            "y": 382
          },
          {
            "x": 441.0,
            "y": 381.0
          },
          {
            "x": 442.0,
            "y": 380
          },
          {
            "x": 442.0,
            "y": 379
          },
          {
            "x": 443.0,
            "y": 378
          },
          {
            "x": 443.0,
            "y": 376.0
          },
          {
            "x": 444,
            "y": 375
          },
          {
            "x": 444,
            "y": 374
          },
          {
            "x": 445,
            "y": 373
          },
          {
            "x": 445,
            "y": 368
          },
          {
            "x": 443.0,
            "y": 366.0
          },
          {
            "x": 443.0,
            "y": 364
          },
          {
            "x": 442.0,
            "y": 363
          },
          {
            "x": 442.0,
            "y": 362
          },
          {
            "x": 441.0,
            "y": 362
          },
          {
            "x": 438.0,
            "y": 359
          },
          {
            "x": 438.0,
            "y": 357
          },
          {
            "x": 437.0,
            "y": 356.0
          },
          {
            "x": 437.0,
            "y": 355
          },
          {
            "x": 438.0,
            "y": 354
          },
          {
            "x": 438.0,
            "y": 351.0
          },
          {
            "x": 439,
            "y": 350
          },
          {
            "x": 439,
            "y": 348
          },
          {
            "x": 440,
            "y": 347
          },
          {
            "x": 440,
            "y": 346.0
          },
          {
            "x": 441.0,
            "y": 345
          },
          {
            "x": 441.0,
            "y": 344
          },
          {
            "x": 444,
            "y": 341.0
          },
          {
            "x": 444,
            "y": 340
          },
          {
            "x": 446.0,
            "y": 338
          },
          {
            "x": 446.0,
            "y": 337
          },
          {
            "x": 447.0,
            "y": 336.0
          },
          {
            "x": 447.0,
            "y": 334
          },
          {
            "x": 448.0,
            "y": 333
          },
          {
            "x": 448.0,
            "y": 331.0
          },
          {
            "x": 453.0,
            "y": 326.0
          },
          {
            "x": 453.0,
            "y": 324
          },
          {
            "x": 457.0,
            "y": 320
          },
          {
            "x": 457.0,
            "y": 319
          },
          {
            "x": 458.0,
            "y": 318
          },
          {
            "x": 458.0,
            "y": 317
          },
          {
            "x": 459,
            "y": 316
          },
          {
            "x": 459,
            "y": 315
          },
          {
            "x": 460,
            "y": 314
          },
          {
            "x": 460,
            "y": 312
          },
          {
            "x": 461.0,
            "y": 311
          },
          {
            "x": 461.0,
            "y": 296
          },
          {
            "x": 462.0,
            "y": 295
          },
          {
            "x": 462.0,
            "y": 293
          },
          {
            "x": 463.0,
            "y": 292
          },
          {
            "x": 463.0,
            "y": 290
          },
          {
            "x": 464,
            "y": 289
          },
          {
            "x": 464,
            "y": 287
          },
          {
            "x": 465,
            "y": 286
          },
          {
            "x": 465,
            "y": 284
          },
          {
            "x": 466.0,
            "y": 283
          },
          {
            "x": 466.0,
            "y": 268
          },
          {
            "x": 465,
            "y": 267
          },
          {
            "x": 465,
            "y": 263
          },
          {
            "x": 466.0,
            "y": 262
          },
          {
            "x": 466.0,
            "y": 251
          },
          {
            "x": 465,
            "y": 250
          },
          {
            "x": 465,
            "y": 248.0
          },
          {
            "x": 464,
            "y": 247
          },
          {
            "x": 464,
            "y": 246
          },
          {
            "x": 463.0,
            "y": 245
          },
          {
            "x": 463.0,
            "y": 243.0
          },
          {
            "x": 462.0,
            "y": 242
          },
          {
            "x": 462.0,
            "y": 241
          },
          {
            "x": 461.0,
            "y": 241
          },
          {
            "x": 459,
            "y": 239
          },
          {
            "x": 459,
            "y": 238.0
          },
          {
            "x": 458.0,
            "y": 237
          },
          {
            "x": 458.0,
            "y": 235
          },
          {
            "x": 457.0,
            "y": 234
          },
          {
            "x": 457.0,
            "y": 233.0
          },
          {
            "x": 456.0,
            "y": 232
          },
          {
            "x": 456.0,
            "y": 231
          },
          {
            "x": 455,
            "y": 230
          },
          {
            "x": 455,
            "y": 229
          },
          {
            "x": 454,
            "y": 228.0
          },
          {
            "x": 454,
            "y": 226
          },
          {
            "x": 453.0,
            "y": 225
          },
          {
            "x": 453.0,
            "y": 224
          },
          {
            "x": 450,
            "y": 221
          },
          {
            "x": 449,
            "y": 221
          },
          {
            "x": 448.0,
            "y": 220
          },
          {
            "x": 447.0,
            "y": 220
          },
          {
            "x": 446.0,
            "y": 219
          },
          {
            "x": 445,
            "y": 219
          },
          {
            "x": 442.0,
            "y": 216
          },
          {
            "x": 441.0,
            "y": 216
          },
          {
            "x": 439,
            "y": 214
          },
          {
            "x": 439,
            "y": 213.0
          },
          {
            "x": 438.0,
            "y": 212
          },
          {
            "x": 439,
            "y": 211
          },
          {
            "x": 439,
            "y": 210
          },
          {
            "x": 440,
            "y": 209
          },
          {
            "x": 440,
            "y": 208.0
          },
          {
            "x": 441.0,
            "y": 207
          },
          {
            "x": 441.0,
            "y": 202
          },
          {
            "x": 440,
            "y": 201
          },
          {
            "x": 440,
            "y": 200
          },
          {
            "x": 439,
            "y": 200
          },
          {
            "x": 438.0,
            "y": 199
          },
          {
            "x": 438.0,
            "y": 198.0
          },
          {
            "x": 435,
            "y": 195
          },
          {
            "x": 433.0,
            "y": 195
          },
          {
            "x": 431.0,
            "y": 193.0
          },
          {
            "x": 429,
            "y": 193.0
          },
          {
            "x": 428.0,
            "y": 192
          },
          {
            "x": 427.0,
            "y": 192
          },
          {
            "x": 426.0,
            "y": 191
          },
          {
            "x": 423.0,
            "y": 191
          },
          {
            "x": 422.0,
            "y": 190
          },
          {
            "x": 414,
            "y": 190
          },
          {
            "x": 412.0,
            "y": 192
          },
          {
            "x": 405,
            "y": 192
          },
          {
            "x": 404,
            "y": 191
          },
          {
            "x": 403.0,
            "y": 191
          },
          {
            "x": 402.0,
            "y": 190
          },
          {
            "x": 397.0,
            "y": 190
          },
          {
            "x": 396.0,
            "y": 189
          },
          {
            "x": 395,
            "y": 189
          },
          {
            "x": 394,
            "y": 188.0
          },
          {
            "x": 393.0,
            "y": 188.0
          },
          {
            "x": 392.0,
            "y": 187
          },
          {
            "x": 390,
            "y": 187
          },
          {
            "x": 389,
            "y": 186
          },
          {
            "x": 387.0,
            "y": 186
          },
          {
            "x": 386.0,
            "y": 185
          },
          {
            "x": 384,
            "y": 185
          },
          {
            "x": 382.0,
            "y": 183.0
          },
          {
            "x": 382.0,
            "y": 181
          },
          {
            "x": 381.0,
            "y": 180
          },
          {
            "x": 381.0,
            "y": 174
          },
          {
            "x": 382.0,
            "y": 173.0
          },
          {
            "x": 382.0,
            "y": 172
          },
          {
            "x": 383.0,
            "y": 171
          },
          {
            "x": 385,
            "y": 171
          },
          {
            "x": 388.0,
            "y": 174
          },
          {
            "x": 395,
            "y": 174
          },
          {
            "x": 396.0,
            "y": 173.0
          },
          {
            "x": 397.0,
            "y": 173.0
          },
          {
            "x": 398.0,
            "y": 172
          },
          {
            "x": 398.0,
            "y": 171
          },
          {
            "x": 401.0,
            "y": 168.0
          },
          {
            "x": 402.0,
            "y": 168.0
          },
          {
            "x": 402.0,
            "y": 164
          },
          {
            "x": 401.0,
            "y": 163.0
          },
          {
            "x": 401.0,
            "y": 162
          },
          {
            "x": 397.0,
            "y": 158
          },
          {
            "x": 397.0,
            "y": 155
          },
          {
            "x": 396.0,
            "y": 154
          },
          {
            "x": 396.0,
            "y": 152
          },
          {
            "x": 395,
            "y": 151
          },
          {
            "x": 395,
            "y": 149
          },
          {
            "x": 393.0,
            "y": 147
          },
          {
            "x": 393.0,
            "y": 146
          },
          {
            "x": 390,
            "y": 143
          },
          {
            "x": 390,
            "y": 142
          },
          {
            "x": 384,
            "y": 136
          },
          {
            "x": 384,
            "y": 129
          },
          {
            "x": 383.0,
            "y": 128
          },
          {
            "x": 383.0,
            "y": 125
          },
          {
            "x": 382.0,
            "y": 124.0
          },
          {
            "x": 382.0,
            "y": 122
          },
          {
            "x": 380,
            "y": 120
          },
          {
            "x": 379,
            "y": 120
          },
          {
            "x": 378.0,
            "y": 119.0
          },
          {
            "x": 377.0,
            "y": 119.0
          },
          {
            "x": 375,
            "y": 117
          },
          {
            "x": 374,
            "y": 117
          },
          {
            "x": 371.0,
            "y": 114.0
          },
          {
            "x": 369,
            "y": 114.0
          },
          {
            "x": 367.0,
            "y": 112
          },
          {
            "x": 367.0,
            "y": 111
          },
          {
            "x": 366.0,
            "y": 110
          },
          {
            "x": 365,
            "y": 110
          },
          {
            "x": 364,
            "y": 109.0
          },
          {
            "x": 361.0,
            "y": 109.0
          },
          {
            "x": 360,
            "y": 108
          },
          {
            "x": 358.0,
            "y": 108
          },
          {
            "x": 357.0,
            "y": 107
          },
          {
            "x": 355,
            "y": 107
          },
          {
            "x": 354,
            "y": 106
          },
          {
            "x": 347.0,
            "y": 106
          },
          {
            "x": 344,
            "y": 109.0
          },
          {
            "x": 342.0,
            "y": 109.0
          },
          {
            "x": 342.0,
            "y": 110
          },
          {
            "x": 341.0,
            "y": 111
          },
          {
            "x": 340,
            "y": 111
          },
          {
            "x": 339,
            "y": 112
          },
          {
            "x": 335,
            "y": 112
          },
          {
            "x": 334,
            "y": 111
          },
          {
            "x": 332.0,
            "y": 111
          },
          {
            "x": 330,
            "y": 109.0
          },
          {
            "x": 328.0,
            "y": 109.0
          },
          {
            "x": 321.0,
            "y": 102
          },
          {
            "x": 321.0,
            "y": 101
          },
          {
            "x": 319,
            "y": 99.0
          },
          {
            "x": 303.0,
            "y": 99.0
          },
          {
            "x": 301.0,
            "y": 97
          },
          {
            "x": 299,
            "y": 97
          },
          {
            "x": 298.0,
            "y": 96
          },
          {
            "x": 293.0,
            "y": 96
          },
          {
            "x": 292.0,
            "y": 97
          },
          {
            "x": 291.0,
            "y": 97
          },
          {
            "x": 290,
            "y": 98
          },
          {
            "x": 289,
            "y": 98
          },
          {
            "x": 288.0,
            "y": 99.0
          },
          {
            "x": 285,
            "y": 99.0
          },
          {
            "x": 284,
            "y": 100
          },
          {
            "x": 283.0,
            "y": 100
          },
          {
            "x": 281.0,
            "y": 102
          },
          {
            "x": 280,
            "y": 102
          },
          {
            "x": 279,
            "y": 103
          },
          {
            "x": 278.0,
            "y": 103
          },
          {
            "x": 277.0,
            "y": 104.0
          },
          {
            "x": 276.0,
            "y": 104.0
          },
          {
            "x": 275,
            "y": 105
          },
          {
            "x": 273.0,
            "y": 105
          },
          {
            "x": 272.0,
            "y": 106
          },
          {
            "x": 269,
            "y": 106
          },
          {
            "x": 268.0,
            "y": 105
          },
          {
            "x": 265,
            "y": 105
          },
          {
            "x": 264,
            "y": 106
          },
          {
            "x": 262.0,
            "y": 106
          },
          {
            "x": 260,
            "y": 108
          },
          {
            "x": 258.0,
            "y": 108
          },
          {
            "x": 257.0,
            "y": 109.0
          },
          {
            "x": 252.0,
            "y": 109.0
          },
          {
            "x": 250,
            "y": 111
          },
          {
            "x": 249.0,
            "y": 111
          },
          {
            "x": 248.0,
            "y": 112
          },
          {
            "x": 243.0,
            "y": 112
          },
          {
            "x": 242.0,
            "y": 113
          },
          {
            "x": 239.0,
            "y": 110
          },
          {
            "x": 238.0,
            "y": 110
          },
          {
            "x": 237.0,
            "y": 109.0
          },
          {
            "x": 236.0,
            "y": 109.0
          },
          {
            "x": 235,
            "y": 108
          },
          {
            "x": 235,
            "y": 107
          },
          {
            "x": 234.0,
            "y": 106
          },
          {
            "x": 234.0,
            "y": 105
          },
          {
            "x": 233.0,
            "y": 104.0
          },
          {
            "x": 232.0,
            "y": 104.0
          },
          {
            "x": 230,
            "y": 102
          },
          {
            "x": 230,
            "y": 101
          },
          {
            "x": 229.0,
            "y": 100
          },
          {
            "x": 228.0,
            "y": 100
          },
          {
            "x": 227.0,
            "y": 99.0
          },
          {
            "x": 226.0,
            "y": 99.0
          },
          {
            "x": 224.0,
            "y": 97
          },
          {
            "x": 223.0,
            "y": 97
          },
          {
            "x": 222.0,
            "y": 96
          },
          {
            "x": 221.0,
            "y": 96
          },
          {
            "x": 220,
            "y": 95
          },
          {
            "x": 217.0,
            "y": 95
          },
          {
            "x": 216.0,
            "y": 94.0
          },
          {
            "x": 201.0,
            "y": 94.0
          },
          {
            "x": 196.0,
            "y": 99.0
          },
          {
            "x": 196.0,
            "y": 100
          },
          {
            "x": 194.0,
            "y": 102
          },
          {
            "x": 194.0,
            "y": 103
          },
          {
            "x": 191.0,
            "y": 106
          },
          {
            "x": 191.0,
            "y": 107
          },
          {
            "x": 189.0,
            "y": 109.0
          },
          {
            "x": 188.0,
            "y": 109.0
          },
          {
            "x": 187,
            "y": 108
          },
          {
            "x": 185,
            "y": 108
          },
          {
            "x": 184.0,
            "y": 107
          },
          {
            "x": 184.0,
            "y": 106
          },
          {
            "x": 182,
            "y": 104.0
          },
          {
            "x": 178.0,
            "y": 104.0
          },
          {
            "x": 177,
            "y": 103
          },
          {
            "x": 172,
            "y": 103
          },
          {
            "x": 171.0,
            "y": 102
          },
          {
            "x": 167,
            "y": 102
          },
          {
            "x": 166.0,
            "y": 101
          },
          {
            "x": 165,
            "y": 101
          },
          {
            "x": 163.0,
            "y": 99.0
          },
          {
            "x": 161.0,
            "y": 99.0
          },
          {
            "x": 159.0,
            "y": 97
          },
          {
            "x": 159.0,
            "y": 96
          },
          {
            "x": 156.0,
            "y": 93
          },
          {
            "x": 156.0,
            "y": 90
          },
          {
            "x": 154.0,
            "y": 88
          },
          {
            "x": 154.0,
            "y": 86
          },
          {
            "x": 153.0,
            "y": 85
          },
          {
            "x": 152,
            "y": 85
          },
          {
            "x": 151.0,
            "y": 84.0
          },
          {
            "x": 148.0,
            "y": 84.0
          },
          {
            "x": 147,
            "y": 83
          },
          {
            "x": 145,
            "y": 83
          },
          {
            "x": 144.0,
            "y": 84.0
          },
          {
            "x": 140,
            "y": 84.0
          },
          {
            "x": 140,
            "y": 85
          },
          {
            "x": 139.0,
            "y": 86
          },
          {
            "x": 138.0,
            "y": 86
          },
          {
            "x": 137,
            "y": 87
          },
          {
            "x": 136.0,
            "y": 87
          },
          {
            "x": 134.0,
            "y": 89.0
          }
        ]
      }
    }
  ]
}