{
  "image": {
    "width": 640,
    "height": 496,
    "filename": "00000030.jpg",
    "original_filename": "COCO_test2014_000000003362.jpg",
    "url": "https://darwin.v7labs.com/api/images/1197536/original?token=af5accd5-7ecb-4550-848c-a4c83b1a9a3a",
    "thumbnail_url": "https://darwin.v7labs.com/api/images/1197536/thumbnail?token=af5accd5-7ecb-4550-848c-a4c83b1a9a3a",
    "workview_url": "https://darwin.v7labs.com/workview?dataset=1165&image=30"
  },
  "dataset": "4_Saltanat_ver2",
  "annotated": true,
  "annotations": [
    {
      "annotator": {
        "email": "begimbaeva.s95@gmail.com",
        "full_name": "Saltanat Begimbaeva"
      },
      "name": "Animal_Polygon ",
      "polygon": {
        "path": [
          {
            "x": 207.0,
            "y": 2.0
          },
          {
            "x": 207.0,
            "y": 3
          },
          {
            "x": 203.0,
            "y": 7.0
          },
          {
            "x": 202.0,
            "y": 7.0
          },
          {
            "x": 202.0,
            "y": 8.0
          },
          {
            "x": 197.0,
            "y": 13
          },
          {
            "x": 196.0,
            "y": 13
          },
          {
            "x": 196.0,
            "y": 14
          },
          {
            "x": 195.0,
            "y": 15
          },
          {
            "x": 194,
            "y": 15
          },
          {
            "x": 191.0,
            "y": 18
          },
          {
            "x": 190,
            "y": 18
          },
          {
            "x": 189.0,
            "y": 19.0
          },
          {
            "x": 189.0,
            "y": 20
          },
          {
            "x": 187.0,
            "y": 22
          },
          {
            "x": 187.0,
            "y": 23
          },
          {
            "x": 185.0,
            "y": 25
          },
          {
            "x": 184.0,
            "y": 25
          },
          {
            "x": 184.0,
            "y": 26
          },
          {
            "x": 182,
            "y": 28
          },
          {
            "x": 182,
            "y": 29
          },
          {
            "x": 180.0,
            "y": 31
          },
          {
            "x": 180.0,
            "y": 32
          },
          {
            "x": 179.0,
            "y": 33
          },
          {
            "x": 178,
            "y": 33
          },
          {
            "x": 174.0,
            "y": 37
          },
          {
            "x": 174.0,
            "y": 38.0
          },
          {
            "x": 173.0,
            "y": 39
          },
          {
            "x": 172.0,
            "y": 39
          },
          {
            "x": 168.0,
            "y": 43
          },
          {
            "x": 168.0,
            "y": 44
          },
          {
            "x": 167,
            "y": 45
          },
          {
            "x": 166.0,
            "y": 45
          },
          {
            "x": 166.0,
            "y": 46
          },
          {
            "x": 164.0,
            "y": 48
          },
          {
            "x": 164.0,
            "y": 50
          },
          {
            "x": 162.0,
            "y": 52
          },
          {
            "x": 162.0,
            "y": 53
          },
          {
            "x": 161.0,
            "y": 54
          },
          {
            "x": 160.0,
            "y": 54
          },
          {
            "x": 159,
            "y": 55
          },
          {
            "x": 159,
            "y": 57
          },
          {
            "x": 158.0,
            "y": 58
          },
          {
            "x": 158.0,
            "y": 59
          },
          {
            "x": 157.0,
            "y": 60
          },
          {
            "x": 157.0,
            "y": 62
          },
          {
            "x": 156.0,
            "y": 63
          },
          {
            "x": 155,
            "y": 63
          },
          {
            "x": 155,
            "y": 64
          },
          {
            "x": 154.0,
            "y": 65.0
          },
          {
            "x": 154.0,
            "y": 68
          },
          {
            "x": 153,
            "y": 69
          },
          {
            "x": 153,
            "y": 71
          },
          {
            "x": 152.0,
            "y": 72
          },
          {
            "x": 152.0,
            "y": 74
          },
          {
            "x": 151.0,
            "y": 75
          },
          {
            "x": 151.0,
            "y": 79
          },
          {
            "x": 150,
            "y": 80
          },
          {
            "x": 149.0,
            "y": 80
          },
          {
            "x": 149.0,
            "y": 85
          },
          {
            "x": 148,
            "y": 86
          },
          {
            "x": 148,
            "y": 88
          },
          {
            "x": 147.0,
            "y": 89
          },
          {
            "x": 147.0,
            "y": 93
          },
          {
            "x": 146,
            "y": 94
          },
          {
            "x": 146,
            "y": 110
          },
          {
            "x": 145.0,
            "y": 111.0
          },
          {
            "x": 145.0,
            "y": 113
          },
          {
            "x": 146,
            "y": 114
          },
          {
            "x": 146,
            "y": 122.0
          },
          {
            "x": 147.0,
            "y": 123
          },
          {
            "x": 147.0,
            "y": 128
          },
          {
            "x": 148,
            "y": 129
          },
          {
            "x": 148,
            "y": 134
          },
          {
            "x": 149.0,
            "y": 135
          },
          {
            "x": 149.0,
            "y": 142
          },
          {
            "x": 150,
            "y": 142
          },
          {
            "x": 151.0,
            "y": 143
          },
          {
            "x": 151.0,
            "y": 148
          },
          {
            "x": 152.0,
            "y": 149
          },
          {
            "x": 152.0,
            "y": 153
          },
          {
            "x": 153,
            "y": 154
          },
          {
            "x": 153,
            "y": 158
          },
          {
            "x": 154.0,
            "y": 159
          },
          {
            "x": 154.0,
            "y": 162
          },
          {
            "x": 155,
            "y": 163
          },
          {
            "x": 155,
            "y": 165
          },
          {
            "x": 156.0,
            "y": 165
          },
          {
            "x": 157.0,
            "y": 166
          },
          {
            "x": 157.0,
            "y": 169
          },
          {
            "x": 158.0,
            "y": 170
          },
          {
            "x": 158.0,
            "y": 172
          },
          {
            "x": 159,
            "y": 173
          },
          {
            "x": 159,
            "y": 176
          },
          {
            "x": 160.0,
            "y": 177
          },
          {
            "x": 160.0,
            "y": 180
          },
          {
            "x": 161.0,
            "y": 180
          },
          {
            "x": 162.0,
            "y": 181
          },
          {
            "x": 162.0,
            "y": 182
          },
          {
            "x": 163,
            "y": 183
          },
          {
            "x": 163,
            "y": 186
          },
          {
            "x": 164.0,
            "y": 187
          },
          {
            "x": 164.0,
            "y": 190
          },
          {
            "x": 165.0,
            "y": 191
          },
          {
            "x": 165.0,
            "y": 195
          },
          {
            "x": 166.0,
            "y": 196
          },
          {
            "x": 166.0,
            "y": 201
          },
          {
            "x": 167,
            "y": 201
          },
          {
            "x": 168.0,
            "y": 202
          },
          {
            "x": 168.0,
            "y": 208
          },
          {
            "x": 169.0,
            "y": 209
          },
          {
            "x": 169.0,
            "y": 215
          },
          {
            "x": 170.0,
            "y": 216
          },
          {
            "x": 170.0,
            "y": 221.0
          },
          {
            "x": 171,
            "y": 222.0
          },
          {
            "x": 171,
            "y": 228
          },
          {
            "x": 172.0,
            "y": 229
          },
          {
            "x": 172.0,
            "y": 234
          },
          {
            "x": 173.0,
            "y": 234
          },
          {
            "x": 174.0,
            "y": 235
          },
          {
            "x": 174.0,
            "y": 239
          },
          {
            "x": 175.0,
            "y": 240
          },
          {
            "x": 175.0,
            "y": 243
          },
          {
            "x": 176.0,
            "y": 244.0
          },
          {
            "x": 176.0,
            "y": 296
          },
          {
            "x": 175.0,
            "y": 297
          },
          {
            "x": 175.0,
            "y": 304.0
          },
          {
            "x": 174.0,
            "y": 305
          },
          {
            "x": 174.0,
            "y": 310
          },
          {
            "x": 173.0,
            "y": 311
          },
          {
            "x": 172.0,
            "y": 311
          },
          {
            "x": 172.0,
            "y": 314
          },
          {
            "x": 171,
            "y": 315
          },
          {
            "x": 171,
            "y": 319
          },
          {
            "x": 170.0,
            "y": 320
          },
          {
            "x": 170.0,
            "y": 325.0
          },
          {
            "x": 169.0,
            "y": 326
          },
          {
            "x": 169.0,
            "y": 334
          },
          {
            "x": 168.0,
            "y": 335
          },
          {
            "x": 168.0,
            "y": 340
          },
          {
            "x": 169.0,
            "y": 341
          },
          {
            "x": 169.0,
            "y": 344
          },
          {
            "x": 170.0,
            "y": 345
          },
          {
            "x": 170.0,
            "y": 349
          },
          {
            "x": 171,
            "y": 350.0
          },
          {
            "x": 171,
            "y": 357
          },
          {
            "x": 172.0,
            "y": 358
          },
          {
            "x": 172.0,
            "y": 360
          },
          {
            "x": 171,
            "y": 361
          },
          {
            "x": 171,
            "y": 367
          },
          {
            "x": 172.0,
            "y": 368
          },
          {
            "x": 172.0,
            "y": 376
          },
          {
            "x": 173.0,
            "y": 376
          },
          {
            "x": 174.0,
            "y": 377
          },
          {
            "x": 174.0,
            "y": 387
          },
          {
            "x": 175.0,
            "y": 388
          },
          {
            "x": 175.0,
            "y": 393
          },
          {
            "x": 176.0,
            "y": 394.0
          },
          {
            "x": 176.0,
            "y": 397
          },
          {
            "x": 177.0,
            "y": 398
          },
          {
            "x": 177.0,
            "y": 413
          },
          {
            "x": 178,
            "y": 414
          },
          {
            "x": 178,
            "y": 446
          },
          {
            "x": 177.0,
            "y": 447
          },
          {
            "x": 177.0,
            "y": 467.0
          },
          {
            "x": 176.0,
            "y": 468
          },
          {
            "x": 176.0,
            "y": 478
          },
          {
            "x": 177.0,
            "y": 479
          },
          {
            "x": 177.0,
            "y": 491
          },
          {
            "x": 178,
            "y": 492
          },
          {
            "x": 178,
            "y": 494
          },
          {
            "x": 217,
            "y": 494
          },
          {
            "x": 217,
            "y": 487
          },
          {
            "x": 216.0,
            "y": 486
          },
          {
            "x": 216.0,
            "y": 485
          },
          {
            "x": 215.0,
            "y": 484
          },
          {
            "x": 215.0,
            "y": 481
          },
          {
            "x": 216.0,
            "y": 480
          },
          {
            "x": 216.0,
            "y": 479
          },
          {
            "x": 218.0,
            "y": 477
          },
          {
            "x": 221.0,
            "y": 477
          },
          {
            "x": 222.0,
            "y": 478
          },
          {
            "x": 223.0,
            "y": 478
          },
          {
            "x": 224,
            "y": 479
          },
          {
            "x": 225.0,
            "y": 479
          },
          {
            "x": 226.0,
            "y": 480
          },
          {
            "x": 228,
            "y": 480
          },
          {
            "x": 229.0,
            "y": 481
          },
          {
            "x": 229.0,
            "y": 482
          },
          {
            "x": 230.0,
            "y": 483
          },
          {
            "x": 230.0,
            "y": 484
          },
          {
            "x": 231.0,
            "y": 485
          },
          {
            "x": 231.0,
            "y": 486
          },
          {
            "x": 232,
            "y": 486
          },
          {
            "x": 233.0,
            "y": 487
          },
          {
            "x": 233.0,
            "y": 489
          },
          {
            "x": 234.0,
            "y": 490.0
          },
          {
            "x": 234.0,
            "y": 491
          },
          {
            "x": 235.0,
            "y": 492
          },
          {
            "x": 235.0,
            "y": 494
          },
          {
            "x": 263,
            "y": 494
          },
          {
            "x": 263,
            "y": 492
          },
          {
            "x": 264.0,
            "y": 491
          },
          {
            "x": 264.0,
            "y": 489
          },
          {
            "x": 265.0,
            "y": 488.0
          },
          {
            "x": 265.0,
            "y": 478
          },
          {
            "x": 263,
            "y": 476
          },
          {
            "x": 263,
            "y": 474
          },
          {
            "x": 262,
            "y": 473
          },
          {
            "x": 261.0,
            "y": 473
          },
          {
            "x": 260.0,
            "y": 472
          },
          {
            "x": 260.0,
            "y": 471
          },
          {
            "x": 259,
            "y": 470
          },
          {
            "x": 259,
            "y": 469
          },
          {
            "x": 258.0,
            "y": 468
          },
          {
            "x": 258.0,
            "y": 467.0
          },
          {
            "x": 257.0,
            "y": 466
          },
          {
            "x": 257.0,
            "y": 465.0
          },
          {
            "x": 256.0,
            "y": 464
          },
          {
            "x": 256.0,
            "y": 461
          },
          {
            "x": 255,
            "y": 461
          },
          {
            "x": 254.0,
            "y": 460
          },
          {
            "x": 254.0,
            "y": 455
          },
          {
            "x": 253.0,
            "y": 454
          },
          {
            "x": 253.0,
            "y": 449
          },
          {
            "x": 252.0,
            "y": 448
          },
          {
            "x": 252.0,
            "y": 442.0
          },
          {
            "x": 251,
            "y": 441
          },
          {
            "x": 251,
            "y": 436
          },
          {
            "x": 250.0,
            "y": 435
          },
          {
            "x": 250.0,
            "y": 426
          },
          {
            "x": 249.0,
            "y": 426
          },
          {
            "x": 248.0,
            "y": 425
          },
          {
            "x": 248.0,
            "y": 416
          },
          {
            "x": 247,
            "y": 415
          },
          {
            "x": 247,
            "y": 406
          },
          {
            "x": 246.0,
            "y": 405
          },
          {
            "x": 246.0,
            "y": 392
          },
          {
            "x": 245.0,
            "y": 391
          },
          {
            "x": 245.0,
            "y": 371.0
          },
          {
            "x": 246.0,
            "y": 370
          },
          {
            "x": 246.0,
            "y": 367
          },
          {
            "x": 247,
            "y": 366
          },
          {
            "x": 247,
            "y": 365
          },
          {
            "x": 248.0,
            "y": 364
          },
          {
            "x": 248.0,
            "y": 362
          },
          {
            "x": 249.0,
            "y": 361
          },
          {
            "x": 250.0,
            "y": 361
          },
          {
            "x": 250.0,
            "y": 360
          },
          {
            "x": 251,
            "y": 359
          },
          {
            "x": 251,
            "y": 358
          },
          {
            "x": 252.0,
            "y": 357
          },
          {
            "x": 252.0,
            "y": 355
          },
          {
            "x": 253.0,
            "y": 354
          },
          {
            "x": 253.0,
            "y": 352
          },
          {
            "x": 254.0,
            "y": 351
          },
          {
            "x": 254.0,
            "y": 347
          },
          {
            "x": 255,
            "y": 346
          },
          {
            "x": 256.0,
            "y": 346
          },
          {
            "x": 256.0,
            "y": 344
          },
          {
            "x": 257.0,
            "y": 343
          },
          {
            "x": 257.0,
            "y": 342
          },
          {
            "x": 258.0,
            "y": 341
          },
          {
            "x": 258.0,
            "y": 339
          },
          {
            "x": 259,
            "y": 338
          },
          {
            "x": 259,
            "y": 337
          },
          {
            "x": 260.0,
            "y": 336
          },
          {
            "x": 260.0,
            "y": 333
          },
          {
            "x": 261.0,
            "y": 332
          },
          {
            "x": 262,
            "y": 332
          },
          {
            "x": 262,
            "y": 329
          },
          {
            "x": 263,
            "y": 328
          },
          {
            "x": 263,
            "y": 325.0
          },
          {
            "x": 264.0,
            "y": 324
          },
          {
            "x": 264.0,
            "y": 321
          },
          {
            "x": 265.0,
            "y": 320
          },
          {
            "x": 265.0,
            "y": 319
          },
          {
            "x": 266,
            "y": 318
          },
          {
            "x": 266,
            "y": 317
          },
          {
            "x": 267,
            "y": 316
          },
          {
            "x": 268.0,
            "y": 316
          },
          {
            "x": 268.0,
            "y": 314
          },
          {
            "x": 271,
            "y": 311
          },
          {
            "x": 271,
            "y": 309
          },
          {
            "x": 273.0,
            "y": 307
          },
          {
            "x": 274,
            "y": 307
          },
          {
            "x": 274,
            "y": 306
          },
          {
            "x": 276.0,
            "y": 304.0
          },
          {
            "x": 276.0,
            "y": 302.0
          },
          {
            "x": 277.0,
            "y": 301
          },
          {
            "x": 277.0,
            "y": 300
          },
          {
            "x": 278,
            "y": 299
          },
          {
            "x": 278,
            "y": 297
          },
          {
            "x": 279.0,
            "y": 296
          },
          {
            "x": 280.0,
            "y": 296
          },
          {
            "x": 280.0,
            "y": 295
          },
          {
            "x": 282,
            "y": 293
          },
          {
            "x": 282,
            "y": 291
          },
          {
            "x": 284.0,
            "y": 289
          },
          {
            "x": 284.0,
            "y": 288
          },
          {
            "x": 285,
            "y": 287
          },
          {
            "x": 286,
            "y": 287
          },
          {
            "x": 286,
            "y": 285
          },
          {
            "x": 287.0,
            "y": 284
          },
          {
            "x": 287.0,
            "y": 283
          },
          {
            "x": 288.0,
            "y": 282
          },
          {
            "x": 288.0,
            "y": 279
          },
          {
            "x": 289,
            "y": 278
          },
          {
            "x": 289,
            "y": 276
          },
          {
            "x": 290,
            "y": 275
          },
          {
            "x": 290,
            "y": 272
          },
          {
            "x": 291.0,
            "y": 271
          },
          {
            "x": 292.0,
            "y": 271
          },
          {
            "x": 292.0,
            "y": 267
          },
          {
            "x": 293,
            "y": 266
          },
          {
            "x": 293,
            "y": 265
          },
          {
            "x": 294,
            "y": 264
          },
          {
            "x": 294,
            "y": 262
          },
          {
            "x": 296.0,
            "y": 260
          },
          {
            "x": 297,
            "y": 260
          },
          {
            "x": 297,
            "y": 259
          },
          {
            "x": 299.0,
            "y": 257
          },
          {
            "x": 299.0,
            "y": 255
          },
          {
            "x": 300.0,
            "y": 254
          },
          {
            "x": 300.0,
            "y": 253
          },
          {
            "x": 302.0,
            "y": 251
          },
          {
            "x": 303.0,
            "y": 251
          },
          {
            "x": 303.0,
            "y": 249
          },
          {
            "x": 304.0,
            "y": 248
          },
          {
            "x": 304.0,
            "y": 247
          },
          {
            "x": 306.0,
            "y": 245.0
          },
          {
            "x": 306.0,
            "y": 244.0
          },
          {
            "x": 307.0,
            "y": 243
          },
          {
            "x": 309,
            "y": 243
          },
          {
            "x": 310.0,
            "y": 242
          },
          {
            "x": 315.0,
            "y": 242
          },
          {
            "x": 316,
            "y": 243
          },
          {
            "x": 318.0,
            "y": 243
          },
          {
            "x": 319.0,
            "y": 244.0
          },
          {
            "x": 319.0,
            "y": 245.0
          },
          {
            "x": 322.0,
            "y": 245.0
          },
          {
            "x": 323.0,
            "y": 246
          },
          {
            "x": 324,
            "y": 246
          },
          {
            "x": 325.0,
            "y": 247
          },
          {
            "x": 328,
            "y": 247
          },
          {
            "x": 329.0,
            "y": 248
          },
          {
            "x": 333.0,
            "y": 248
          },
          {
            "x": 334.0,
            "y": 249
          },
          {
            "x": 341.0,
            "y": 249
          },
          {
            "x": 342.0,
            "y": 250
          },
          {
            "x": 342.0,
            "y": 251
          },
          {
            "x": 344,
            "y": 253
          },
          {
            "x": 344,
            "y": 254
          },
          {
            "x": 345.0,
            "y": 254
          },
          {
            "x": 346.0,
            "y": 255
          },
          {
            "x": 346.0,
            "y": 259
          },
          {
            "x": 347,
            "y": 260
          },
          {
            "x": 347,
            "y": 263
          },
          {
            "x": 348.0,
            "y": 264
          },
          {
            "x": 348.0,
            "y": 265
          },
          {
            "x": 349.0,
            "y": 266
          },
          {
            "x": 349.0,
            "y": 267
          },
          {
            "x": 350.0,
            "y": 268
          },
          {
            "x": 350.0,
            "y": 269
          },
          {
            "x": 351,
            "y": 269
          },
          {
            "x": 352.0,
            "y": 270
          },
          {
            "x": 352.0,
            "y": 272
          },
          {
            "x": 353.0,
            "y": 273
          },
          {
            "x": 353.0,
            "y": 275
          },
          {
            "x": 354,
            "y": 276
          },
          {
            "x": 354,
            "y": 287
          },
          {
            "x": 353.0,
            "y": 288
          },
          {
            "x": 353.0,
            "y": 293
          },
          {
            "x": 354,
            "y": 294
          },
          {
            "x": 354,
            "y": 304.0
          },
          {
            "x": 355,
            "y": 305
          },
          {
            "x": 355,
            "y": 320
          },
          {
            "x": 356.0,
            "y": 321
          },
          {
            "x": 356.0,
            "y": 332
          },
          {
            "x": 355,
            "y": 333
          },
          {
            "x": 355,
            "y": 342
          },
          {
            "x": 354,
            "y": 343
          },
          {
            "x": 354,
            "y": 358
          },
          {
            "x": 353.0,
            "y": 359
          },
          {
            "x": 353.0,
            "y": 365
          },
          {
            "x": 352.0,
            "y": 366
          },
          {
            "x": 352.0,
            "y": 370
          },
          {
            "x": 351,
            "y": 371.0
          },
          {
            "x": 350.0,
            "y": 371.0
          },
          {
            "x": 350.0,
            "y": 375
          },
          {
            "x": 349.0,
            "y": 376
          },
          {
            "x": 349.0,
            "y": 379
          },
          {
            "x": 348.0,
            "y": 380
          },
          {
            "x": 348.0,
            "y": 384
          },
          {
            "x": 347,
            "y": 385
          },
          {
            "x": 347,
            "y": 389
          },
          {
            "x": 346.0,
            "y": 390
          },
          {
            "x": 346.0,
            "y": 394.0
          },
          {
            "x": 345.0,
            "y": 395
          },
          {
            "x": 344,
            "y": 395
          },
          {
            "x": 344,
            "y": 397
          },
          {
            "x": 343,
            "y": 398
          },
          {
            "x": 343,
            "y": 401
          },
          {
            "x": 342.0,
            "y": 402
          },
          {
            "x": 342.0,
            "y": 405
          },
          {
            "x": 341.0,
            "y": 406
          },
          {
            "x": 341.0,
            "y": 409
          },
          {
            "x": 340,
            "y": 410
          },
          {
            "x": 340,
            "y": 420
          },
          {
            "x": 341.0,
            "y": 421.0
          },
          {
            "x": 341.0,
            "y": 424
          },
          {
            "x": 342.0,
            "y": 425
          },
          {
            "x": 342.0,
            "y": 426
          },
          {
            "x": 343,
            "y": 427
          },
          {
            "x": 343,
            "y": 429
          },
          {
            "x": 344,
            "y": 430
          },
          {
            "x": 345.0,
            "y": 430
          },
          {
            "x": 347,
            "y": 432
          },
          {
            "x": 347,
            "y": 434
          },
          {
            "x": 350.0,
            "y": 437
          },
          {
            "x": 351,
            "y": 437
          },
          {
            "x": 353.0,
            "y": 439
          },
          {
            "x": 353.0,
            "y": 440
          },
          {
            "x": 356.0,
            "y": 443
          },
          {
            "x": 357.0,
            "y": 443
          },
          {
            "x": 359,
            "y": 445
          },
          {
            "x": 359,
            "y": 446
          },
          {
            "x": 361.0,
            "y": 448
          },
          {
            "x": 363,
            "y": 448
          },
          {
            "x": 364.0,
            "y": 449
          },
          {
            "x": 365.0,
            "y": 449
          },
          {
            "x": 366,
            "y": 450
          },
          {
            "x": 369.0,
            "y": 450
          },
          {
            "x": 370,
            "y": 451
          },
          {
            "x": 370,
            "y": 452
          },
          {
            "x": 387.0,
            "y": 452
          },
          {
            "x": 388.0,
            "y": 453
          },
          {
            "x": 389,
            "y": 453
          },
          {
            "x": 390,
            "y": 454
          },
          {
            "x": 390,
            "y": 456
          },
          {
            "x": 391.0,
            "y": 457
          },
          {
            "x": 391.0,
            "y": 467.0
          },
          {
            "x": 390,
            "y": 468
          },
          {
            "x": 390,
            "y": 472
          },
          {
            "x": 389,
            "y": 473
          },
          {
            "x": 389,
            "y": 476
          },
          {
            "x": 388.0,
            "y": 477
          },
          {
            "x": 388.0,
            "y": 493
          },
          {
            "x": 389,
            "y": 494
          },
          {
            "x": 417.0,
            "y": 494
          },
          {
            "x": 417.0,
            "y": 492
          },
          {
            "x": 418.0,
            "y": 491
          },
          {
            "x": 418.0,
            "y": 481
          },
          {
            "x": 417.0,
            "y": 480
          },
          {
            "x": 417.0,
            "y": 478
          },
          {
            "x": 416,
            "y": 477
          },
          {
            "x": 416,
            "y": 473
          },
          {
            "x": 415.0,
            "y": 473
          },
          {
            "x": 414.0,
            "y": 472
          },
          {
            "x": 414.0,
            "y": 467.0
          },
          {
            "x": 413,
            "y": 466
          },
          {
            "x": 413,
            "y": 455
          },
          {
            "x": 414.0,
            "y": 454
          },
          {
            "x": 414.0,
            "y": 448
          },
          {
            "x": 413,
            "y": 447
          },
          {
            "x": 413,
            "y": 432
          },
          {
            "x": 414.0,
            "y": 431
          },
          {
            "x": 414.0,
            "y": 420
          },
          {
            "x": 415.0,
            "y": 419.0
          },
          {
            "x": 416,
            "y": 419.0
          },
          {
            "x": 416,
            "y": 414
          },
          {
            "x": 417.0,
            "y": 413
          },
          {
            "x": 417.0,
            "y": 410
          },
          {
            "x": 418.0,
            "y": 409
          },
          {
            "x": 418.0,
            "y": 408
          },
          {
            "x": 419.0,
            "y": 407
          },
          {
            "x": 419.0,
            "y": 406
          },
          {
            "x": 420,
            "y": 405
          },
          {
            "x": 420,
            "y": 402
          },
          {
            "x": 421.0,
            "y": 401
          },
          {
            "x": 422.0,
            "y": 401
          },
          {
            "x": 422.0,
            "y": 400
          },
          {
            "x": 423,
            "y": 399
          },
          {
            "x": 423,
            "y": 395
          },
          {
            "x": 424,
            "y": 394.0
          },
          {
            "x": 424,
            "y": 390
          },
          {
            "x": 425.0,
            "y": 389
          },
          {
            "x": 425.0,
            "y": 385
          },
          {
            "x": 426.0,
            "y": 384
          },
          {
            "x": 426.0,
            "y": 379
          },
          {
            "x": 427,
            "y": 378
          },
          {
            "x": 428,
            "y": 378
          },
          {
            "x": 428,
            "y": 373.0
          },
          {
            "x": 429.0,
            "y": 372
          },
          {
            "x": 429.0,
            "y": 368
          },
          {
            "x": 430.0,
            "y": 367
          },
          {
            "x": 430.0,
            "y": 365
          },
          {
            "x": 431,
            "y": 364
          },
          {
            "x": 431,
            "y": 362
          },
          {
            "x": 432,
            "y": 361
          },
          {
            "x": 433.0,
            "y": 361
          },
          {
            "x": 434.0,
            "y": 360
          },
          {
            "x": 434.0,
            "y": 359
          },
          {
            "x": 435,
            "y": 358
          },
          {
            "x": 435,
            "y": 355
          },
          {
            "x": 436,
            "y": 354
          },
          {
            "x": 436,
            "y": 353
          },
          {
            "x": 438.0,
            "y": 351
          },
          {
            "x": 439,
            "y": 351
          },
          {
            "x": 439,
            "y": 350.0
          },
          {
            "x": 442.0,
            "y": 347
          },
          {
            "x": 443,
            "y": 347
          },
          {
            "x": 444.0,
            "y": 346
          },
          {
            "x": 445.0,
            "y": 346
          },
          {
            "x": 445.0,
            "y": 345
          },
          {
            "x": 446,
            "y": 344
          },
          {
            "x": 447,
            "y": 344
          },
          {
            "x": 450,
            "y": 341
          },
          {
            "x": 451,
            "y": 341
          },
          {
            "x": 452.0,
            "y": 340
          },
          {
            "x": 452.0,
            "y": 339
          },
          {
            "x": 456.0,
            "y": 335
          },
          {
            "x": 457.0,
            "y": 335
          },
          {
            "x": 458,
            "y": 334
          },
          {
            "x": 458,
            "y": 333
          },
          {
            "x": 459,
            "y": 332
          },
          {
            "x": 459,
            "y": 331
          },
          {
            "x": 460.0,
            "y": 330
          },
          {
            "x": 460.0,
            "y": 329
          },
          {
            "x": 461.0,
            "y": 328
          },
          {
            "x": 461.0,
            "y": 326
          },
          {
            "x": 462,
            "y": 325.0
          },
          {
            "x": 463,
            "y": 325.0
          },
          {
            "x": 463,
            "y": 324
          },
          {
            "x": 464.0,
            "y": 323
          },
          {
            "x": 464.0,
            "y": 320
          },
          {
            "x": 465.0,
            "y": 319
          },
          {
            "x": 465.0,
            "y": 317
          },
          {
            "x": 466,
            "y": 316
          },
          {
            "x": 466,
            "y": 312
          },
          {
            "x": 467.0,
            "y": 311
          },
          {
            "x": 467.0,
            "y": 305
          },
          {
            "x": 468.0,
            "y": 304.0
          },
          {
            "x": 472.0,
            "y": 304.0
          },
          {
            "x": 474,
            "y": 306
          },
          {
            "x": 474,
            "y": 307
          },
          {
            "x": 475.0,
            "y": 307
          },
          {
            "x": 476.0,
            "y": 308
          },
          {
            "x": 476.0,
            "y": 310
          },
          {
            "x": 477,
            "y": 311
          },
          {
            "x": 477,
            "y": 313
          },
          {
            "x": 478,
            "y": 314
          },
          {
            "x": 478,
            "y": 320
          },
          {
            "x": 479.0,
            "y": 321
          },
          {
            "x": 479.0,
            "y": 325.0
          },
          {
            "x": 480.0,
            "y": 326
          },
          {
            "x": 480.0,
            "y": 329
          },
          {
            "x": 481,
            "y": 329
          },
          {
            "x": 482,
            "y": 330
          },
          {
            "x": 482,
            "y": 332
          },
          {
            "x": 483.0,
            "y": 333
          },
          {
            "x": 483.0,
            "y": 336
          },
          {
            "x": 484.0,
            "y": 337
          },
          {
            "x": 484.0,
            "y": 343
          },
          {
            "x": 485,
            "y": 344
          },
          {
            "x": 485,
            "y": 347
          },
          {
            "x": 486,
            "y": 348.0
          },
          {
            "x": 486,
            "y": 349
          },
          {
            "x": 487.0,
            "y": 349
          },
          {
            "x": 488.0,
            "y": 350.0
          },
          {
            "x": 488.0,
            "y": 352
          },
          {
            "x": 489,
            "y": 353
          },
          {
            "x": 489,
            "y": 355
          },
          {
            "x": 490.0,
            "y": 356
          },
          {
            "x": 490.0,
            "y": 358
          },
          {
            "x": 491.0,
            "y": 359
          },
          {
            "x": 491.0,
            "y": 360
          },
          {
            "x": 492,
            "y": 361
          },
          {
            "x": 492,
            "y": 363
          },
          {
            "x": 493,
            "y": 363
          },
          {
            "x": 494.0,
            "y": 364
          },
          {
            "x": 494.0,
            "y": 366
          },
          {
            "x": 495.0,
            "y": 367
          },
          {
            "x": 495.0,
            "y": 370
          },
          {
            "x": 496,
            "y": 371.0
          },
          {
            "x": 496,
            "y": 373.0
          },
          {
            "x": 497,
            "y": 374
          },
          {
            "x": 497,
            "y": 376
          },
          {
            "x": 498.0,
            "y": 377
          },
          {
            "x": 498.0,
            "y": 381
          },
          {
            "x": 499.0,
            "y": 381
          },
          {
            "x": 500,
            "y": 382
          },
          {
            "x": 500,
            "y": 385
          },
          {
            "x": 501,
            "y": 386
          },
          {
            "x": 501,
            "y": 391
          },
          {
            "x": 502.0,
            "y": 392
          },
          {
            "x": 502.0,
            "y": 394.0
          },
          {
            "x": 503.0,
            "y": 395
          },
          {
            "x": 503.0,
            "y": 397
          },
          {
            "x": 504,
            "y": 397
          },
          {
            "x": 505,
            "y": 398
          },
          {
            "x": 505,
            "y": 401
          },
          {
            "x": 506.0,
            "y": 402
          },
          {
            "x": 506.0,
            "y": 403
          },
          {
            "x": 507.0,
            "y": 404
          },
          {
            "x": 507.0,
            "y": 406
          },
          {
            "x": 508,
            "y": 407
          },
          {
            "x": 508,
            "y": 408
          },
          {
            "x": 509,
            "y": 409
          },
          {
            "x": 509,
            "y": 411
          },
          {
            "x": 510.0,
            "y": 411
          },
          {
            "x": 511.0,
            "y": 412
          },
          {
            "x": 511.0,
            "y": 413
          },
          {
            "x": 512,
            "y": 414
          },
          {
            "x": 512,
            "y": 415
          },
          {
            "x": 513.0,
            "y": 416
          },
          {
            "x": 513.0,
            "y": 419.0
          },
          {
            "x": 514.0,
            "y": 420
          },
          {
            "x": 514.0,
            "y": 422
          },
          {
            "x": 515,
            "y": 423
          },
          {
            "x": 515,
            "y": 424
          },
          {
            "x": 516,
            "y": 424
          },
          {
            "x": 517,
            "y": 425
          },
          {
            "x": 517,
            "y": 426
          },
          {
            "x": 518,
            "y": 427
          },
          {
            "x": 518,
            "y": 429
          },
          {
            "x": 519,
            "y": 430
          },
          {
            "x": 519,
            "y": 431
          },
          {
            "x": 520,
            "y": 432
          },
          {
            "x": 520,
            "y": 434
          },
          {
            "x": 521.0,
            "y": 435
          },
          {
            "x": 522.0,
            "y": 435
          },
          {
            "x": 523,
            "y": 436
          },
          {
            "x": 523,
            "y": 438
          },
          {
            "x": 524,
            "y": 439
          },
          {
            "x": 524,
            "y": 441
          },
          {
            "x": 525,
            "y": 442.0
          },
          {
            "x": 525,
            "y": 449
          },
          {
            "x": 526,
            "y": 450
          },
          {
            "x": 526,
            "y": 455
          },
          {
            "x": 527,
            "y": 456
          },
          {
            "x": 527,
            "y": 460
          },
          {
            "x": 528,
            "y": 460
          },
          {
            "x": 529.0,
            "y": 461
          },
          {
            "x": 529.0,
            "y": 464
          },
          {
            "x": 530.0,
            "y": 465.0
          },
          {
            "x": 530.0,
            "y": 467.0
          },
          {
            "x": 531,
            "y": 468
          },
          {
            "x": 531,
            "y": 471
          },
          {
            "x": 532,
            "y": 472
          },
          {
            "x": 532,
            "y": 477
          },
          {
            "x": 533.0,
            "y": 478
          },
          {
            "x": 533.0,
            "y": 484
          },
          {
            "x": 534,
            "y": 484
          },
          {
            "x": 535,
            "y": 485
          },
          {
            "x": 535,
            "y": 491
          },
          {
            "x": 536,
            "y": 492
          },
          {
            "x": 536,
            "y": 494
          },
          {
            "x": 572.0,
            "y": 494
          },
          {
            "x": 572.0,
            "y": 489
          },
          {
            "x": 571,
            "y": 488.0
          },
          {
            "x": 571,
            "y": 485
          },
          {
            "x": 570.0,
            "y": 484
          },
          {
            "x": 570.0,
            "y": 481
          },
          {
            "x": 569.0,
            "y": 481
          },
          {
            "x": 568,
            "y": 480
          },
          {
            "x": 568,
            "y": 479
          },
          {
            "x": 567.0,
            "y": 478
          },
          {
            "x": 567.0,
            "y": 477
          },
          {
            "x": 566,
            "y": 476
          },
          {
            "x": 566,
            "y": 474
          },
          {
            "x": 565,
            "y": 473
          },
          {
            "x": 565,
            "y": 472
          },
          {
            "x": 564,
            "y": 471
          },
          {
            "x": 564,
            "y": 469
          },
          {
            "x": 563,
            "y": 469
          },
          {
            "x": 562,
            "y": 468
          },
          {
            "x": 562,
            "y": 466
          },
          {
            "x": 561,
            "y": 465.0
          },
          {
            "x": 561,
            "y": 460
          },
          {
            "x": 560.0,
            "y": 459
          },
          {
            "x": 560.0,
            "y": 456
          },
          {
            "x": 559.0,
            "y": 455
          },
          {
            "x": 559.0,
            "y": 453
          },
          {
            "x": 558,
            "y": 452
          },
          {
            "x": 558,
            "y": 450
          },
          {
            "x": 557.0,
            "y": 450
          },
          {
            "x": 556.0,
            "y": 449
          },
          {
            "x": 556.0,
            "y": 447
          },
          {
            "x": 555,
            "y": 446
          },
          {
            "x": 555,
            "y": 443
          },
          {
            "x": 554,
            "y": 442.0
          },
          {
            "x": 554,
            "y": 438
          },
          {
            "x": 553,
            "y": 437
          },
          {
            "x": 553,
            "y": 433
          },
          {
            "x": 552,
            "y": 432
          },
          {
            "x": 552,
            "y": 429
          },
          {
            "x": 551,
            "y": 429
          },
          {
            "x": 550,
            "y": 428
          },
          {
            "x": 550,
            "y": 418
          },
          {
            "x": 549.0,
            "y": 417.0
          },
          {
            "x": 549.0,
            "y": 398
          },
          {
            "x": 548.0,
            "y": 397
          },
          {
            "x": 548.0,
            "y": 392
          },
          {
            "x": 547,
            "y": 391
          },
          {
            "x": 547,
            "y": 388
          },
          {
            "x": 546,
            "y": 387
          },
          {
            "x": 546,
            "y": 384
          },
          {
            "x": 545,
            "y": 384
          },
          {
            "x": 544,
            "y": 383
          },
          {
            "x": 544,
            "y": 380
          },
          {
            "x": 543,
            "y": 379
          },
          {
            "x": 543,
            "y": 377
          },
          {
            "x": 542,
            "y": 376
          },
          {
            "x": 542,
            "y": 374
          },
          {
            "x": 541.0,
            "y": 373.0
          },
          {
            "x": 541.0,
            "y": 371.0
          },
          {
            "x": 540.0,
            "y": 370
          },
          {
            "x": 540.0,
            "y": 366
          },
          {
            "x": 539,
            "y": 366
          },
          {
            "x": 538,
            "y": 365
          },
          {
            "x": 538,
            "y": 360
          },
          {
            "x": 537.0,
            "y": 359
          },
          {
            "x": 537.0,
            "y": 354
          },
          {
            "x": 536,
            "y": 353
          },
          {
            "x": 536,
            "y": 347
          },
          {
            "x": 535,
            "y": 346
          },
          {
            "x": 535,
            "y": 327.0
          },
          {
            "x": 536,
            "y": 326
          },
          {
            "x": 536,
            "y": 272
          },
          {
            "x": 535,
            "y": 271
          },
          {
            "x": 535,
            "y": 254
          },
          {
            "x": 534,
            "y": 253
          },
          {
            "x": 534,
            "y": 242
          },
          {
            "x": 535,
            "y": 241
          },
          {
            "x": 535,
            "y": 235
          },
          {
            "x": 536,
            "y": 234
          },
          {
            "x": 536,
            "y": 222.0
          },
          {
            "x": 537.0,
            "y": 221.0
          },
          {
            "x": 537.0,
            "y": 214
          },
          {
            "x": 538,
            "y": 213
          },
          {
            "x": 538,
            "y": 208
          },
          {
            "x": 539,
            "y": 207
          },
          {
            "x": 540.0,
            "y": 207
          },
          {
            "x": 540.0,
            "y": 202
          },
          {
            "x": 541.0,
            "y": 201
          },
          {
            "x": 541.0,
            "y": 193
          },
          {
            "x": 542,
            "y": 192
          },
          {
            "x": 542,
            "y": 164
          },
          {
            "x": 541.0,
            "y": 163
          },
          {
            "x": 541.0,
            "y": 155
          },
          {
            "x": 540.0,
            "y": 154
          },
          {
            "x": 540.0,
            "y": 144
          },
          {
            "x": 539,
            "y": 144
          },
          {
            "x": 538,
            "y": 143
          },
          {
            "x": 538,
            "y": 138
          },
          {
            "x": 537.0,
            "y": 137
          },
          {
            "x": 537.0,
            "y": 134
          },
          {
            "x": 536,
            "y": 133
          },
          {
            "x": 536,
            "y": 130
          },
          {
            "x": 535,
            "y": 129
          },
          {
            "x": 535,
            "y": 125
          },
          {
            "x": 534,
            "y": 124
          },
          {
            "x": 534,
            "y": 120
          },
          {
            "x": 533.0,
            "y": 120
          },
          {
            "x": 532,
            "y": 119
          },
          {
            "x": 532,
            "y": 117
          },
          {
            "x": 531,
            "y": 116
          },
          {
            "x": 531,
            "y": 113
          },
          {
            "x": 530.0,
            "y": 112
          },
          {
            "x": 530.0,
            "y": 110
          },
          {
            "x": 529.0,
            "y": 109
          },
          {
            "x": 529.0,
            "y": 106
          },
          {
            "x": 528,
            "y": 105
          },
          {
            "x": 528,
            "y": 104
          },
          {
            "x": 527,
            "y": 104
          },
          {
            "x": 526,
            "y": 103
          },
          {
            "x": 526,
            "y": 101
          },
          {
            "x": 525,
            "y": 100
          },
          {
            "x": 525,
            "y": 98
          },
          {
            "x": 524,
            "y": 97
          },
          {
            "x": 524,
            "y": 95
          },
          {
            "x": 523,
            "y": 94
          },
          {
            "x": 523,
            "y": 93
          },
          {
            "x": 522.0,
            "y": 92
          },
          {
            "x": 522.0,
            "y": 90
          },
          {
            "x": 521.0,
            "y": 90
          },
          {
            "x": 520,
            "y": 89
          },
          {
            "x": 520,
            "y": 87.0
          },
          {
            "x": 519,
            "y": 86
          },
          {
            "x": 519,
            "y": 83
          },
          {
            "x": 518,
            "y": 82
          },
          {
            "x": 518,
            "y": 80
          },
          {
            "x": 517,
            "y": 79
          },
          {
            "x": 517,
            "y": 77
          },
          {
            "x": 516,
            "y": 76.0
          },
          {
            "x": 516,
            "y": 73
          },
          {
            "x": 515,
            "y": 73
          },
          {
            "x": 514.0,
            "y": 72
          },
          {
            "x": 514.0,
            "y": 71
          },
          {
            "x": 513.0,
            "y": 70
          },
          {
            "x": 513.0,
            "y": 69
          },
          {
            "x": 512,
            "y": 68
          },
          {
            "x": 512,
            "y": 66.0
          },
          {
            "x": 511.0,
            "y": 65.0
          },
          {
            "x": 511.0,
            "y": 64
          },
          {
            "x": 510.0,
            "y": 63
          },
          {
            "x": 510.0,
            "y": 61.0
          },
          {
            "x": 509,
            "y": 61.0
          },
          {
            "x": 507.0,
            "y": 59
          },
          {
            "x": 507.0,
            "y": 58
          },
          {
            "x": 506.0,
            "y": 57
          },
          {
            "x": 506.0,
            "y": 54
          },
          {
            "x": 505,
            "y": 53
          },
          {
            "x": 505,
            "y": 52
          },
          {
            "x": 504,
            "y": 51
          },
          {
            "x": 504,
            "y": 49
          },
          {
            "x": 503.0,
            "y": 49
          },
          {
            "x": 502.0,
            "y": 48
          },
          {
            "x": 502.0,
            "y": 47
          },
          {
            "x": 501,
            "y": 46
          },
          {
            "x": 501,
            "y": 45
          },
          {
            "x": 500,
            "y": 44
          },
          {
            "x": 500,
            "y": 42
          },
          {
            "x": 499.0,
            "y": 41
          },
          {
            "x": 498.0,
            "y": 41
          },
          {
            "x": 497,
            "y": 40
          },
          {
            "x": 497,
            "y": 39
          },
          {
            "x": 496,
            "y": 38.0
          },
          {
            "x": 496,
            "y": 37
          },
          {
            "x": 495.0,
            "y": 36
          },
          {
            "x": 495.0,
            "y": 35
          },
          {
            "x": 493,
            "y": 33
          },
          {
            "x": 492,
            "y": 33
          },
          {
            "x": 491.0,
            "y": 32
          },
          {
            "x": 491.0,
            "y": 30
          },
          {
            "x": 487.0,
            "y": 26
          },
          {
            "x": 487.0,
            "y": 25
          },
          {
            "x": 486,
            "y": 25
          },
          {
            "x": 485,
            "y": 24
          },
          {
            "x": 485,
            "y": 23
          },
          {
            "x": 484.0,
            "y": 22
          },
          {
            "x": 484.0,
            "y": 16
          },
          {
            "x": 485,
            "y": 15
          },
          {
            "x": 485,
            "y": 11
          },
          {
            "x": 486,
            "y": 10.0
          },
          {
            "x": 487.0,
            "y": 10.0
          },
          {
            "x": 487.0,
            "y": 6
          },
          {
            "x": 488.0,
            "y": 5.0
          },
          {
            "x": 488.0,
            "y": 2.0
          },
          {
            "x": 486,
            "y": 2.0
          },
          {
            "x": 485,
            "y": 1.0
          },
          {
            "x": 470,
            "y": 1.0
          },
          {
            "x": 469,
            "y": 0
          },
          {
            "x": 212.0,
            "y": 0
          },
          {
            "x": 211.0,
            "y": 1.0
          },
          {
            "x": 210.0,
            "y": 1.0
          },
          {
            "x": 209,
            "y": 2.0
          }
        ]
      }
    }
  ]
}