{
  "image": {
    "width": 640,
    "height": 378,
    "filename": "00000115.jpg",
    "original_filename": "COCO_test2014_000000001492.jpg",
    "url": "https://darwin.v7labs.com/api/images/1197409/original?token=b0d243df-6830-43ea-9569-5542031eaef8",
    "thumbnail_url": "https://darwin.v7labs.com/api/images/1197409/thumbnail?token=b0d243df-6830-43ea-9569-5542031eaef8",
    "workview_url": "https://darwin.v7labs.com/workview?dataset=1164&image=115"
  },
  "dataset": "4_Aizada_ver2",
  "annotated": true,
  "annotations": [
    {
      "annotator": {
        "email": "corporate@bex.kg",
        "full_name": "Aizada Tynchybek kyzy"
      },
      "name": "Men_Polygon",
      "polygon": {
        "path": [
          {
            "x": 268,
            "y": 21
          },
          {
            "x": 267,
            "y": 22
          },
          {
            "x": 266,
            "y": 22
          },
          {
            "x": 265,
            "y": 23
          },
          {
            "x": 263,
            "y": 23
          },
          {
            "x": 261,
            "y": 25
          },
          {
            "x": 260,
            "y": 25
          },
          {
            "x": 260,
            "y": 26
          },
          {
            "x": 258,
            "y": 28
          },
          {
            "x": 257,
            "y": 28
          },
          {
            "x": 253,
            "y": 32
          },
          {
            "x": 253,
            "y": 33
          },
          {
            "x": 252,
            "y": 34
          },
          {
            "x": 252,
            "y": 36
          },
          {
            "x": 251.0,
            "y": 37
          },
          {
            "x": 251.0,
            "y": 40
          },
          {
            "x": 250.0,
            "y": 41
          },
          {
            "x": 250.0,
            "y": 46
          },
          {
            "x": 247.0,
            "y": 49
          },
          {
            "x": 246.0,
            "y": 49
          },
          {
            "x": 245.0,
            "y": 50
          },
          {
            "x": 243,
            "y": 50
          },
          {
            "x": 242,
            "y": 51
          },
          {
            "x": 239,
            "y": 51
          },
          {
            "x": 237,
            "y": 53
          },
          {
            "x": 236,
            "y": 53
          },
          {
            "x": 236,
            "y": 54
          },
          {
            "x": 235.0,
            "y": 55
          },
          {
            "x": 234.0,
            "y": 55
          },
          {
            "x": 230.0,
            "y": 59
          },
          {
            "x": 230.0,
            "y": 61
          },
          {
            "x": 229.0,
            "y": 62
          },
          {
            "x": 229.0,
            "y": 67
          },
          {
            "x": 228,
            "y": 68
          },
          {
            "x": 228,
            "y": 72
          },
          {
            "x": 229.0,
            "y": 73
          },
          {
            "x": 229.0,
            "y": 78
          },
          {
            "x": 230.0,
            "y": 79
          },
          {
            "x": 230.0,
            "y": 82
          },
          {
            "x": 229.0,
            "y": 83
          },
          {
            "x": 229.0,
            "y": 87
          },
          {
            "x": 228,
            "y": 88
          },
          {
            "x": 228,
            "y": 91
          },
          {
            "x": 227,
            "y": 92
          },
          {
            "x": 227,
            "y": 103
          },
          {
            "x": 228,
            "y": 104
          },
          {
            "x": 228,
            "y": 112
          },
          {
            "x": 227,
            "y": 113
          },
          {
            "x": 227,
            "y": 116
          },
          {
            "x": 226,
            "y": 117
          },
          {
            "x": 226,
            "y": 121
          },
          {
            "x": 227,
            "y": 122
          },
          {
            "x": 227,
            "y": 140
          },
          {
            "x": 226,
            "y": 141
          },
          {
            "x": 226,
            "y": 145
          },
          {
            "x": 225,
            "y": 146
          },
          {
            "x": 225,
            "y": 151
          },
          {
            "x": 224,
            "y": 152
          },
          {
            "x": 224,
            "y": 156
          },
          {
            "x": 225,
            "y": 157
          },
          {
            "x": 225,
            "y": 160
          },
          {
            "x": 226,
            "y": 161
          },
          {
            "x": 226,
            "y": 162
          },
          {
            "x": 227,
            "y": 163
          },
          {
            "x": 227,
            "y": 167
          },
          {
            "x": 226,
            "y": 168
          },
          {
            "x": 226,
            "y": 172
          },
          {
            "x": 227,
            "y": 173
          },
          {
            "x": 227,
            "y": 176
          },
          {
            "x": 228,
            "y": 177
          },
          {
            "x": 228,
            "y": 178
          },
          {
            "x": 229.0,
            "y": 179
          },
          {
            "x": 229.0,
            "y": 197
          },
          {
            "x": 230.0,
            "y": 198
          },
          {
            "x": 230.0,
            "y": 203
          },
          {
            "x": 232.0,
            "y": 205
          },
          {
            "x": 232.0,
            "y": 208
          },
          {
            "x": 234.0,
            "y": 210
          },
          {
            "x": 234.0,
            "y": 211
          },
          {
            "x": 236,
            "y": 213
          },
          {
            "x": 236,
            "y": 215
          },
          {
            "x": 237,
            "y": 216
          },
          {
            "x": 237,
            "y": 217
          },
          {
            "x": 238,
            "y": 218
          },
          {
            "x": 238,
            "y": 219
          },
          {
            "x": 239,
            "y": 220
          },
          {
            "x": 239,
            "y": 224
          },
          {
            "x": 240,
            "y": 225
          },
          {
            "x": 240,
            "y": 227
          },
          {
            "x": 241,
            "y": 228
          },
          {
            "x": 241,
            "y": 231
          },
          {
            "x": 243,
            "y": 233
          },
          {
            "x": 243,
            "y": 235
          },
          {
            "x": 244,
            "y": 236
          },
          {
            "x": 244,
            "y": 239
          },
          {
            "x": 243,
            "y": 240
          },
          {
            "x": 243,
            "y": 246
          },
          {
            "x": 242,
            "y": 247
          },
          {
            "x": 242,
            "y": 249
          },
          {
            "x": 241,
            "y": 250
          },
          {
            "x": 241,
            "y": 267
          },
          {
            "x": 242,
            "y": 268
          },
          {
            "x": 242,
            "y": 270
          },
          {
            "x": 243,
            "y": 271
          },
          {
            "x": 243,
            "y": 275
          },
          {
            "x": 244,
            "y": 276
          },
          {
            "x": 244,
            "y": 278
          },
          {
            "x": 245.0,
            "y": 279
          },
          {
            "x": 245.0,
            "y": 285
          },
          {
            "x": 246.0,
            "y": 286
          },
          {
            "x": 246.0,
            "y": 294
          },
          {
            "x": 247.0,
            "y": 295
          },
          {
            "x": 247.0,
            "y": 301
          },
          {
            "x": 246.0,
            "y": 302
          },
          {
            "x": 246.0,
            "y": 305
          },
          {
            "x": 245.0,
            "y": 306
          },
          {
            "x": 245.0,
            "y": 309
          },
          {
            "x": 244,
            "y": 310
          },
          {
            "x": 244,
            "y": 312
          },
          {
            "x": 243,
            "y": 313
          },
          {
            "x": 243,
            "y": 321
          },
          {
            "x": 244,
            "y": 322
          },
          {
            "x": 244,
            "y": 323
          },
          {
            "x": 246.0,
            "y": 325
          },
          {
            "x": 248.0,
            "y": 325
          },
          {
            "x": 249.0,
            "y": 326
          },
          {
            "x": 251.0,
            "y": 326
          },
          {
            "x": 253,
            "y": 328
          },
          {
            "x": 282,
            "y": 328
          },
          {
            "x": 283,
            "y": 329
          },
          {
            "x": 285,
            "y": 329
          },
          {
            "x": 286,
            "y": 330
          },
          {
            "x": 289,
            "y": 330
          },
          {
            "x": 290,
            "y": 329
          },
          {
            "x": 294,
            "y": 329
          },
          {
            "x": 295,
            "y": 328
          },
          {
            "x": 297,
            "y": 328
          },
          {
            "x": 300,
            "y": 325
          },
          {
            "x": 300,
            "y": 320
          },
          {
            "x": 299,
            "y": 320
          },
          {
            "x": 298,
            "y": 319
          },
          {
            "x": 297,
            "y": 319
          },
          {
            "x": 296,
            "y": 318
          },
          {
            "x": 290,
            "y": 318
          },
          {
            "x": 288,
            "y": 316
          },
          {
            "x": 286,
            "y": 316
          },
          {
            "x": 284,
            "y": 314
          },
          {
            "x": 283,
            "y": 314
          },
          {
            "x": 282,
            "y": 313
          },
          {
            "x": 282,
            "y": 312
          },
          {
            "x": 280,
            "y": 310
          },
          {
            "x": 280,
            "y": 309
          },
          {
            "x": 277,
            "y": 306
          },
          {
            "x": 276,
            "y": 306
          },
          {
            "x": 273,
            "y": 303
          },
          {
            "x": 273,
            "y": 302
          },
          {
            "x": 272,
            "y": 301
          },
          {
            "x": 272,
            "y": 299
          },
          {
            "x": 271,
            "y": 298
          },
          {
            "x": 271,
            "y": 296
          },
          {
            "x": 270,
            "y": 295
          },
          {
            "x": 270,
            "y": 270
          },
          {
            "x": 271,
            "y": 269
          },
          {
            "x": 271,
            "y": 258
          },
          {
            "x": 272,
            "y": 257
          },
          {
            "x": 272,
            "y": 244
          },
          {
            "x": 273,
            "y": 243
          },
          {
            "x": 273,
            "y": 242
          },
          {
            "x": 274,
            "y": 241
          },
          {
            "x": 274,
            "y": 239
          },
          {
            "x": 275,
            "y": 238
          },
          {
            "x": 275,
            "y": 237
          },
          {
            "x": 279,
            "y": 233
          },
          {
            "x": 279,
            "y": 232
          },
          {
            "x": 280,
            "y": 231
          },
          {
            "x": 280,
            "y": 211
          },
          {
            "x": 281,
            "y": 210
          },
          {
            "x": 281,
            "y": 172
          },
          {
            "x": 280,
            "y": 171
          },
          {
            "x": 280,
            "y": 170
          },
          {
            "x": 281,
            "y": 169
          },
          {
            "x": 281,
            "y": 165
          },
          {
            "x": 282,
            "y": 164
          },
          {
            "x": 282,
            "y": 159
          },
          {
            "x": 283,
            "y": 158
          },
          {
            "x": 283,
            "y": 157
          },
          {
            "x": 285,
            "y": 155
          },
          {
            "x": 285,
            "y": 154
          },
          {
            "x": 286,
            "y": 153
          },
          {
            "x": 286,
            "y": 150
          },
          {
            "x": 287,
            "y": 149
          },
          {
            "x": 287,
            "y": 145
          },
          {
            "x": 288,
            "y": 144
          },
          {
            "x": 288,
            "y": 140
          },
          {
            "x": 289,
            "y": 139
          },
          {
            "x": 295,
            "y": 139
          },
          {
            "x": 296,
            "y": 140
          },
          {
            "x": 298,
            "y": 140
          },
          {
            "x": 299,
            "y": 141
          },
          {
            "x": 302,
            "y": 141
          },
          {
            "x": 303,
            "y": 142
          },
          {
            "x": 304,
            "y": 142
          },
          {
            "x": 306,
            "y": 144
          },
          {
            "x": 307,
            "y": 144
          },
          {
            "x": 308,
            "y": 145
          },
          {
            "x": 316,
            "y": 145
          },
          {
            "x": 317,
            "y": 146
          },
          {
            "x": 322,
            "y": 146
          },
          {
            "x": 322,
            "y": 145
          },
          {
            "x": 323,
            "y": 144
          },
          {
            "x": 323,
            "y": 140
          },
          {
            "x": 319,
            "y": 136
          },
          {
            "x": 317,
            "y": 136
          },
          {
            "x": 316,
            "y": 135
          },
          {
            "x": 315,
            "y": 135
          },
          {
            "x": 314,
            "y": 134
          },
          {
            "x": 311,
            "y": 134
          },
          {
            "x": 309,
            "y": 132
          },
          {
            "x": 309,
            "y": 126
          },
          {
            "x": 308,
            "y": 126
          },
          {
            "x": 307,
            "y": 125
          },
          {
            "x": 307,
            "y": 124
          },
          {
            "x": 306,
            "y": 124
          },
          {
            "x": 304,
            "y": 122
          },
          {
            "x": 303,
            "y": 122
          },
          {
            "x": 300,
            "y": 119
          },
          {
            "x": 298,
            "y": 119
          },
          {
            "x": 297,
            "y": 118
          },
          {
            "x": 296,
            "y": 118
          },
          {
            "x": 295,
            "y": 117
          },
          {
            "x": 294,
            "y": 117
          },
          {
            "x": 291,
            "y": 114
          },
          {
            "x": 290,
            "y": 114
          },
          {
            "x": 288,
            "y": 112
          },
          {
            "x": 287,
            "y": 112
          },
          {
            "x": 286,
            "y": 111
          },
          {
            "x": 286,
            "y": 110
          },
          {
            "x": 285,
            "y": 109
          },
          {
            "x": 285,
            "y": 108
          },
          {
            "x": 284,
            "y": 107
          },
          {
            "x": 284,
            "y": 101
          },
          {
            "x": 283,
            "y": 100
          },
          {
            "x": 283,
            "y": 99
          },
          {
            "x": 282,
            "y": 98
          },
          {
            "x": 282,
            "y": 97
          },
          {
            "x": 281,
            "y": 96
          },
          {
            "x": 281,
            "y": 94
          },
          {
            "x": 280,
            "y": 93
          },
          {
            "x": 280,
            "y": 91
          },
          {
            "x": 279,
            "y": 90
          },
          {
            "x": 279,
            "y": 85
          },
          {
            "x": 280,
            "y": 84
          },
          {
            "x": 279,
            "y": 83
          },
          {
            "x": 279,
            "y": 73
          },
          {
            "x": 281,
            "y": 71
          },
          {
            "x": 281,
            "y": 69
          },
          {
            "x": 282,
            "y": 68
          },
          {
            "x": 282,
            "y": 66
          },
          {
            "x": 283,
            "y": 65
          },
          {
            "x": 283,
            "y": 64
          },
          {
            "x": 284,
            "y": 63
          },
          {
            "x": 284,
            "y": 60
          },
          {
            "x": 285,
            "y": 59
          },
          {
            "x": 285,
            "y": 58
          },
          {
            "x": 289,
            "y": 54
          },
          {
            "x": 289,
            "y": 53
          },
          {
            "x": 293,
            "y": 49
          },
          {
            "x": 294,
            "y": 49
          },
          {
            "x": 295,
            "y": 48
          },
          {
            "x": 296,
            "y": 48
          },
          {
            "x": 297,
            "y": 47
          },
          {
            "x": 297,
            "y": 46
          },
          {
            "x": 296,
            "y": 45
          },
          {
            "x": 296,
            "y": 44
          },
          {
            "x": 295,
            "y": 43
          },
          {
            "x": 295,
            "y": 41
          },
          {
            "x": 293,
            "y": 39
          },
          {
            "x": 293,
            "y": 33
          },
          {
            "x": 291,
            "y": 31
          },
          {
            "x": 291,
            "y": 30
          },
          {
            "x": 290,
            "y": 30
          },
          {
            "x": 289,
            "y": 29
          },
          {
            "x": 289,
            "y": 28
          },
          {
            "x": 288,
            "y": 28
          },
          {
            "x": 285,
            "y": 25
          },
          {
            "x": 284,
            "y": 25
          },
          {
            "x": 282,
            "y": 23
          },
          {
            "x": 280,
            "y": 23
          },
          {
            "x": 279,
            "y": 22
          },
          {
            "x": 278,
            "y": 22
          },
          {
            "x": 277,
            "y": 21
          }
        ]
      }
    },
    {
      "annotator": {
        "email": "corporate@bex.kg",
        "full_name": "Aizada Tynchybek kyzy"
      },
      "name": "Men_Polygon",
      "polygon": {
        "path": [
          {
            "x": 449,
            "y": 61
          },
          {
            "x": 448,
            "y": 62
          },
          {
            "x": 447,
            "y": 62
          },
          {
            "x": 443,
            "y": 66
          },
          {
            "x": 442,
            "y": 66
          },
          {
            "x": 441,
            "y": 67
          },
          {
            "x": 441,
            "y": 68
          },
          {
            "x": 438,
            "y": 71
          },
          {
            "x": 438,
            "y": 72
          },
          {
            "x": 436,
            "y": 74
          },
          {
            "x": 436,
            "y": 75
          },
          {
            "x": 435,
            "y": 76
          },
          {
            "x": 435,
            "y": 77
          },
          {
            "x": 434,
            "y": 78
          },
          {
            "x": 434,
            "y": 82
          },
          {
            "x": 433,
            "y": 83
          },
          {
            "x": 433,
            "y": 85
          },
          {
            "x": 432,
            "y": 86
          },
          {
            "x": 432,
            "y": 88
          },
          {
            "x": 430,
            "y": 90
          },
          {
            "x": 430,
            "y": 91
          },
          {
            "x": 432,
            "y": 91
          },
          {
            "x": 434,
            "y": 89
          },
          {
            "x": 436,
            "y": 89
          },
          {
            "x": 437,
            "y": 88
          },
          {
            "x": 439,
            "y": 88
          },
          {
            "x": 440,
            "y": 89
          },
          {
            "x": 440,
            "y": 90
          },
          {
            "x": 441,
            "y": 91
          },
          {
            "x": 441,
            "y": 92
          },
          {
            "x": 442,
            "y": 93
          },
          {
            "x": 442,
            "y": 96
          },
          {
            "x": 444,
            "y": 98
          },
          {
            "x": 444,
            "y": 100
          },
          {
            "x": 445,
            "y": 101
          },
          {
            "x": 445,
            "y": 102
          },
          {
            "x": 446,
            "y": 103
          },
          {
            "x": 447,
            "y": 103
          },
          {
            "x": 450,
            "y": 106
          },
          {
            "x": 453,
            "y": 106
          },
          {
            "x": 454,
            "y": 105
          },
          {
            "x": 455,
            "y": 105
          },
          {
            "x": 456,
            "y": 104
          },
          {
            "x": 457,
            "y": 104
          },
          {
            "x": 459,
            "y": 102
          },
          {
            "x": 460,
            "y": 102
          },
          {
            "x": 461,
            "y": 101
          },
          {
            "x": 467,
            "y": 101
          },
          {
            "x": 468,
            "y": 100
          },
          {
            "x": 471,
            "y": 100
          },
          {
            "x": 472,
            "y": 101
          },
          {
            "x": 480,
            "y": 101
          },
          {
            "x": 481,
            "y": 102
          },
          {
            "x": 483,
            "y": 102
          },
          {
            "x": 484,
            "y": 103
          },
          {
            "x": 484,
            "y": 104
          },
          {
            "x": 487,
            "y": 107
          },
          {
            "x": 487,
            "y": 108
          },
          {
            "x": 488,
            "y": 109
          },
          {
            "x": 488,
            "y": 110
          },
          {
            "x": 487,
            "y": 111
          },
          {
            "x": 487,
            "y": 114
          },
          {
            "x": 488,
            "y": 115
          },
          {
            "x": 488,
            "y": 117
          },
          {
            "x": 489.0,
            "y": 118
          },
          {
            "x": 489.0,
            "y": 129
          },
          {
            "x": 490.0,
            "y": 130
          },
          {
            "x": 492.0,
            "y": 130
          },
          {
            "x": 493.0,
            "y": 131
          },
          {
            "x": 493.0,
            "y": 132
          },
          {
            "x": 494.0,
            "y": 133
          },
          {
            "x": 494.0,
            "y": 135
          },
          {
            "x": 495.0,
            "y": 135
          },
          {
            "x": 496.0,
            "y": 136
          },
          {
            "x": 497.0,
            "y": 136
          },
          {
            "x": 498.0,
            "y": 137
          },
          {
            "x": 499.0,
            "y": 137
          },
          {
            "x": 500.0,
            "y": 138
          },
          {
            "x": 500.0,
            "y": 139
          },
          {
            "x": 501.0,
            "y": 140
          },
          {
            "x": 501.0,
            "y": 141
          },
          {
            "x": 502.0,
            "y": 142
          },
          {
            "x": 502.0,
            "y": 143
          },
          {
            "x": 506,
            "y": 147
          },
          {
            "x": 508,
            "y": 147
          },
          {
            "x": 509,
            "y": 148
          },
          {
            "x": 509,
            "y": 150
          },
          {
            "x": 508,
            "y": 151
          },
          {
            "x": 508,
            "y": 152
          },
          {
            "x": 507,
            "y": 153
          },
          {
            "x": 507,
            "y": 156
          },
          {
            "x": 510,
            "y": 159
          },
          {
            "x": 511,
            "y": 159
          },
          {
            "x": 513,
            "y": 161
          },
          {
            "x": 513,
            "y": 163
          },
          {
            "x": 516,
            "y": 166
          },
          {
            "x": 516,
            "y": 167
          },
          {
            "x": 517,
            "y": 168
          },
          {
            "x": 517,
            "y": 169
          },
          {
            "x": 516,
            "y": 170
          },
          {
            "x": 516,
            "y": 173
          },
          {
            "x": 514,
            "y": 175
          },
          {
            "x": 514,
            "y": 176
          },
          {
            "x": 513,
            "y": 177
          },
          {
            "x": 507,
            "y": 177
          },
          {
            "x": 506,
            "y": 178
          },
          {
            "x": 505,
            "y": 178
          },
          {
            "x": 505,
            "y": 179
          },
          {
            "x": 506,
            "y": 180
          },
          {
            "x": 506,
            "y": 185
          },
          {
            "x": 507,
            "y": 186
          },
          {
            "x": 507,
            "y": 187
          },
          {
            "x": 508,
            "y": 188
          },
          {
            "x": 508,
            "y": 189
          },
          {
            "x": 509,
            "y": 190
          },
          {
            "x": 509,
            "y": 194
          },
          {
            "x": 510,
            "y": 195
          },
          {
            "x": 510,
            "y": 197
          },
          {
            "x": 511,
            "y": 198
          },
          {
            "x": 511,
            "y": 202
          },
          {
            "x": 512,
            "y": 203
          },
          {
            "x": 512,
            "y": 223
          },
          {
            "x": 511,
            "y": 224
          },
          {
            "x": 511,
            "y": 225
          },
          {
            "x": 510,
            "y": 226
          },
          {
            "x": 511,
            "y": 227
          },
          {
            "x": 511,
            "y": 228
          },
          {
            "x": 510,
            "y": 229
          },
          {
            "x": 510,
            "y": 236
          },
          {
            "x": 509,
            "y": 237
          },
          {
            "x": 509,
            "y": 241
          },
          {
            "x": 508,
            "y": 242
          },
          {
            "x": 508,
            "y": 249
          },
          {
            "x": 509,
            "y": 250
          },
          {
            "x": 509,
            "y": 252
          },
          {
            "x": 510,
            "y": 253
          },
          {
            "x": 510,
            "y": 255
          },
          {
            "x": 511,
            "y": 256
          },
          {
            "x": 511,
            "y": 263
          },
          {
            "x": 510,
            "y": 264
          },
          {
            "x": 510,
            "y": 283
          },
          {
            "x": 509,
            "y": 284
          },
          {
            "x": 509,
            "y": 285
          },
          {
            "x": 508,
            "y": 286
          },
          {
            "x": 508,
            "y": 292
          },
          {
            "x": 507,
            "y": 293
          },
          {
            "x": 507,
            "y": 296
          },
          {
            "x": 506,
            "y": 297
          },
          {
            "x": 506,
            "y": 301
          },
          {
            "x": 507,
            "y": 302
          },
          {
            "x": 507,
            "y": 305
          },
          {
            "x": 506,
            "y": 306
          },
          {
            "x": 506,
            "y": 310
          },
          {
            "x": 505,
            "y": 311
          },
          {
            "x": 505,
            "y": 312
          },
          {
            "x": 504,
            "y": 313
          },
          {
            "x": 504,
            "y": 315
          },
          {
            "x": 503.0,
            "y": 316
          },
          {
            "x": 503.0,
            "y": 318
          },
          {
            "x": 502.0,
            "y": 319
          },
          {
            "x": 502.0,
            "y": 326
          },
          {
            "x": 501.0,
            "y": 327
          },
          {
            "x": 501.0,
            "y": 334
          },
          {
            "x": 502.0,
            "y": 335
          },
          {
            "x": 515,
            "y": 335
          },
          {
            "x": 516,
            "y": 334
          },
          {
            "x": 518,
            "y": 334
          },
          {
            "x": 519,
            "y": 333
          },
          {
            "x": 519,
            "y": 329
          },
          {
            "x": 518,
            "y": 328
          },
          {
            "x": 518,
            "y": 327
          },
          {
            "x": 517,
            "y": 326
          },
          {
            "x": 517,
            "y": 321
          },
          {
            "x": 516,
            "y": 320
          },
          {
            "x": 516,
            "y": 316
          },
          {
            "x": 517,
            "y": 315
          },
          {
            "x": 517,
            "y": 309
          },
          {
            "x": 518,
            "y": 308
          },
          {
            "x": 518,
            "y": 305
          },
          {
            "x": 519,
            "y": 304
          },
          {
            "x": 519,
            "y": 301
          },
          {
            "x": 520,
            "y": 300
          },
          {
            "x": 520,
            "y": 297
          },
          {
            "x": 521,
            "y": 296
          },
          {
            "x": 521,
            "y": 292
          },
          {
            "x": 523,
            "y": 290
          },
          {
            "x": 523,
            "y": 285
          },
          {
            "x": 524,
            "y": 284
          },
          {
            "x": 524,
            "y": 280
          },
          {
            "x": 525,
            "y": 279
          },
          {
            "x": 525,
            "y": 259
          },
          {
            "x": 524,
            "y": 258
          },
          {
            "x": 524,
            "y": 253
          },
          {
            "x": 523,
            "y": 252
          },
          {
            "x": 523,
            "y": 249
          },
          {
            "x": 522,
            "y": 248
          },
          {
            "x": 522,
            "y": 245
          },
          {
            "x": 521,
            "y": 244
          },
          {
            "x": 522,
            "y": 243
          },
          {
            "x": 522,
            "y": 241
          },
          {
            "x": 523,
            "y": 240
          },
          {
            "x": 523,
            "y": 235
          },
          {
            "x": 524,
            "y": 234
          },
          {
            "x": 524,
            "y": 229
          },
          {
            "x": 525,
            "y": 228
          },
          {
            "x": 525,
            "y": 217
          },
          {
            "x": 526,
            "y": 216
          },
          {
            "x": 526,
            "y": 207
          },
          {
            "x": 527,
            "y": 206
          },
          {
            "x": 527,
            "y": 203
          },
          {
            "x": 528,
            "y": 202
          },
          {
            "x": 528,
            "y": 201
          },
          {
            "x": 530,
            "y": 199
          },
          {
            "x": 530,
            "y": 189
          },
          {
            "x": 529,
            "y": 189
          },
          {
            "x": 528,
            "y": 188
          },
          {
            "x": 528,
            "y": 185
          },
          {
            "x": 529,
            "y": 184
          },
          {
            "x": 529,
            "y": 182
          },
          {
            "x": 530,
            "y": 181
          },
          {
            "x": 531,
            "y": 181
          },
          {
            "x": 531,
            "y": 180
          },
          {
            "x": 532,
            "y": 179
          },
          {
            "x": 532,
            "y": 178
          },
          {
            "x": 533,
            "y": 177
          },
          {
            "x": 533,
            "y": 173
          },
          {
            "x": 532,
            "y": 172
          },
          {
            "x": 532,
            "y": 171
          },
          {
            "x": 529,
            "y": 168
          },
          {
            "x": 529,
            "y": 165
          },
          {
            "x": 530,
            "y": 164
          },
          {
            "x": 536,
            "y": 164
          },
          {
            "x": 536,
            "y": 159
          },
          {
            "x": 535,
            "y": 158
          },
          {
            "x": 535,
            "y": 157
          },
          {
            "x": 534,
            "y": 156
          },
          {
            "x": 534,
            "y": 154
          },
          {
            "x": 535,
            "y": 153
          },
          {
            "x": 535,
            "y": 152
          },
          {
            "x": 536,
            "y": 151
          },
          {
            "x": 536,
            "y": 147
          },
          {
            "x": 535,
            "y": 146
          },
          {
            "x": 535,
            "y": 145
          },
          {
            "x": 534,
            "y": 145
          },
          {
            "x": 532,
            "y": 143
          },
          {
            "x": 532,
            "y": 142
          },
          {
            "x": 529,
            "y": 139
          },
          {
            "x": 529,
            "y": 134
          },
          {
            "x": 528,
            "y": 133
          },
          {
            "x": 528,
            "y": 130
          },
          {
            "x": 527,
            "y": 129
          },
          {
            "x": 527,
            "y": 128
          },
          {
            "x": 526,
            "y": 128
          },
          {
            "x": 525,
            "y": 127
          },
          {
            "x": 525,
            "y": 126
          },
          {
            "x": 523,
            "y": 124
          },
          {
            "x": 523,
            "y": 122
          },
          {
            "x": 519,
            "y": 118
          },
          {
            "x": 519,
            "y": 117
          },
          {
            "x": 517,
            "y": 115
          },
          {
            "x": 517,
            "y": 114
          },
          {
            "x": 515,
            "y": 112
          },
          {
            "x": 515,
            "y": 110
          },
          {
            "x": 514,
            "y": 110
          },
          {
            "x": 513,
            "y": 109
          },
          {
            "x": 513,
            "y": 108
          },
          {
            "x": 512,
            "y": 107
          },
          {
            "x": 512,
            "y": 106
          },
          {
            "x": 511,
            "y": 105
          },
          {
            "x": 510,
            "y": 105
          },
          {
            "x": 509,
            "y": 104
          },
          {
            "x": 509,
            "y": 103
          },
          {
            "x": 506,
            "y": 100
          },
          {
            "x": 506,
            "y": 99
          },
          {
            "x": 505,
            "y": 98
          },
          {
            "x": 504,
            "y": 98
          },
          {
            "x": 499.0,
            "y": 93
          },
          {
            "x": 498.0,
            "y": 93
          },
          {
            "x": 495.0,
            "y": 90
          },
          {
            "x": 494.0,
            "y": 90
          },
          {
            "x": 491.0,
            "y": 87
          },
          {
            "x": 489.0,
            "y": 87
          },
          {
            "x": 488,
            "y": 86
          },
          {
            "x": 485,
            "y": 86
          },
          {
            "x": 484,
            "y": 85
          },
          {
            "x": 482,
            "y": 85
          },
          {
            "x": 481,
            "y": 84
          },
          {
            "x": 480,
            "y": 84
          },
          {
            "x": 479,
            "y": 83
          },
          {
            "x": 478,
            "y": 83
          },
          {
            "x": 477,
            "y": 82
          },
          {
            "x": 477,
            "y": 81
          },
          {
            "x": 476,
            "y": 80
          },
          {
            "x": 476,
            "y": 73
          },
          {
            "x": 475,
            "y": 72
          },
          {
            "x": 475,
            "y": 70
          },
          {
            "x": 473,
            "y": 68
          },
          {
            "x": 473,
            "y": 66
          },
          {
            "x": 471,
            "y": 64
          },
          {
            "x": 470,
            "y": 64
          },
          {
            "x": 469,
            "y": 63
          },
          {
            "x": 466,
            "y": 63
          },
          {
            "x": 465,
            "y": 62
          },
          {
            "x": 464,
            "y": 62
          },
          {
            "x": 463,
            "y": 61
          },
          {
            "x": 460,
            "y": 61
          },
          {
            "x": 459,
            "y": 60
          },
          {
            "x": 457,
            "y": 60
          },
          {
            "x": 456,
            "y": 61
          }
        ]
      }
    },
    {
      "annotator": {
        "email": "corporate@bex.kg",
        "full_name": "Aizada Tynchybek kyzy"
      },
      "name": "Transport_Polygon",
      "polygon": {
        "path": [
          {
            "x": 378.0,
            "y": 90
          },
          {
            "x": 372,
            "y": 90
          },
          {
            "x": 370,
            "y": 92
          },
          {
            "x": 370,
            "y": 93
          },
          {
            "x": 368,
            "y": 95
          },
          {
            "x": 367,
            "y": 95
          },
          {
            "x": 366,
            "y": 96
          },
          {
            "x": 365,
            "y": 96
          },
          {
            "x": 362,
            "y": 99
          },
          {
            "x": 362,
            "y": 100
          },
          {
            "x": 361,
            "y": 101
          },
          {
            "x": 360,
            "y": 101
          },
          {
            "x": 359,
            "y": 102
          },
          {
            "x": 357,
            "y": 102
          },
          {
            "x": 356,
            "y": 103
          },
          {
            "x": 355,
            "y": 103
          },
          {
            "x": 353,
            "y": 105.0
          },
          {
            "x": 352,
            "y": 105.0
          },
          {
            "x": 351,
            "y": 106
          },
          {
            "x": 351,
            "y": 107
          },
          {
            "x": 350,
            "y": 108
          },
          {
            "x": 350,
            "y": 109
          },
          {
            "x": 349,
            "y": 110
          },
          {
            "x": 349,
            "y": 111.0
          },
          {
            "x": 348,
            "y": 112.0
          },
          {
            "x": 348,
            "y": 113
          },
          {
            "x": 347,
            "y": 114
          },
          {
            "x": 347,
            "y": 116
          },
          {
            "x": 345,
            "y": 118.0
          },
          {
            "x": 344,
            "y": 118.0
          },
          {
            "x": 343,
            "y": 119
          },
          {
            "x": 342,
            "y": 119
          },
          {
            "x": 340,
            "y": 121
          },
          {
            "x": 340,
            "y": 123
          },
          {
            "x": 338,
            "y": 125.0
          },
          {
            "x": 338,
            "y": 127
          },
          {
            "x": 337,
            "y": 128
          },
          {
            "x": 337,
            "y": 131
          },
          {
            "x": 339,
            "y": 131
          },
          {
            "x": 341,
            "y": 133
          },
          {
            "x": 341,
            "y": 135
          },
          {
            "x": 340,
            "y": 136
          },
          {
            "x": 339,
            "y": 136
          },
          {
            "x": 337,
            "y": 138
          },
          {
            "x": 336,
            "y": 138
          },
          {
            "x": 335,
            "y": 137
          },
          {
            "x": 334,
            "y": 137
          },
          {
            "x": 332,
            "y": 139
          },
          {
            "x": 331,
            "y": 139
          },
          {
            "x": 328,
            "y": 142
          },
          {
            "x": 327,
            "y": 142
          },
          {
            "x": 327,
            "y": 145
          },
          {
            "x": 326,
            "y": 146
          },
          {
            "x": 326,
            "y": 147
          },
          {
            "x": 325,
            "y": 148
          },
          {
            "x": 323,
            "y": 148
          },
          {
            "x": 322,
            "y": 147
          },
          {
            "x": 314,
            "y": 147
          },
          {
            "x": 313,
            "y": 146
          },
          {
            "x": 307,
            "y": 146
          },
          {
            "x": 305,
            "y": 148
          },
          {
            "x": 304,
            "y": 148
          },
          {
            "x": 302,
            "y": 150
          },
          {
            "x": 303,
            "y": 151
          },
          {
            "x": 312,
            "y": 151
          },
          {
            "x": 313,
            "y": 152
          },
          {
            "x": 324,
            "y": 152
          },
          {
            "x": 325,
            "y": 153
          },
          {
            "x": 325,
            "y": 155
          },
          {
            "x": 326,
            "y": 156
          },
          {
            "x": 326,
            "y": 162
          },
          {
            "x": 327,
            "y": 162
          },
          {
            "x": 327,
            "y": 161
          },
          {
            "x": 329,
            "y": 159
          },
          {
            "x": 334,
            "y": 159
          },
          {
            "x": 335,
            "y": 160
          },
          {
            "x": 336,
            "y": 160
          },
          {
            "x": 338,
            "y": 162
          },
          {
            "x": 339,
            "y": 162
          },
          {
            "x": 340,
            "y": 163
          },
          {
            "x": 340,
            "y": 164
          },
          {
            "x": 336,
            "y": 168
          },
          {
            "x": 335,
            "y": 168
          },
          {
            "x": 334,
            "y": 169
          },
          {
            "x": 333,
            "y": 169
          },
          {
            "x": 332,
            "y": 170
          },
          {
            "x": 330,
            "y": 170
          },
          {
            "x": 329,
            "y": 169
          },
          {
            "x": 328,
            "y": 169
          },
          {
            "x": 327,
            "y": 168
          },
          {
            "x": 327,
            "y": 165
          },
          {
            "x": 327,
            "y": 168
          },
          {
            "x": 325,
            "y": 170
          },
          {
            "x": 325,
            "y": 176
          },
          {
            "x": 326,
            "y": 177
          },
          {
            "x": 326,
            "y": 183
          },
          {
            "x": 325,
            "y": 184
          },
          {
            "x": 324,
            "y": 184
          },
          {
            "x": 322,
            "y": 186
          },
          {
            "x": 322,
            "y": 188
          },
          {
            "x": 321,
            "y": 189.0
          },
          {
            "x": 321,
            "y": 194.0
          },
          {
            "x": 320,
            "y": 195
          },
          {
            "x": 320,
            "y": 197
          },
          {
            "x": 319,
            "y": 198
          },
          {
            "x": 319,
            "y": 201.0
          },
          {
            "x": 318,
            "y": 202
          },
          {
            "x": 318,
            "y": 203.0
          },
          {
            "x": 317,
            "y": 204
          },
          {
            "x": 316,
            "y": 204
          },
          {
            "x": 316,
            "y": 205
          },
          {
            "x": 315,
            "y": 206
          },
          {
            "x": 315,
            "y": 209
          },
          {
            "x": 314,
            "y": 210.0
          },
          {
            "x": 314,
            "y": 220
          },
          {
            "x": 313,
            "y": 221
          },
          {
            "x": 313,
            "y": 225
          },
          {
            "x": 312,
            "y": 226
          },
          {
            "x": 312,
            "y": 237
          },
          {
            "x": 311,
            "y": 238
          },
          {
            "x": 311,
            "y": 239
          },
          {
            "x": 310,
            "y": 240
          },
          {
            "x": 310,
            "y": 241.0
          },
          {
            "x": 309,
            "y": 242
          },
          {
            "x": 309,
            "y": 244
          },
          {
            "x": 308,
            "y": 245
          },
          {
            "x": 308,
            "y": 246
          },
          {
            "x": 307,
            "y": 247
          },
          {
            "x": 307,
            "y": 248.0
          },
          {
            "x": 306,
            "y": 249
          },
          {
            "x": 306,
            "y": 251
          },
          {
            "x": 305,
            "y": 252
          },
          {
            "x": 305,
            "y": 257
          },
          {
            "x": 304,
            "y": 258
          },
          {
            "x": 304,
            "y": 268
          },
          {
            "x": 307,
            "y": 271
          },
          {
            "x": 307,
            "y": 274
          },
          {
            "x": 306,
            "y": 275
          },
          {
            "x": 306,
            "y": 286
          },
          {
            "x": 305,
            "y": 287
          },
          {
            "x": 305,
            "y": 289
          },
          {
            "x": 304,
            "y": 290
          },
          {
            "x": 304,
            "y": 291
          },
          {
            "x": 302,
            "y": 293
          },
          {
            "x": 302,
            "y": 294
          },
          {
            "x": 304,
            "y": 296
          },
          {
            "x": 305,
            "y": 296
          },
          {
            "x": 307,
            "y": 298
          },
          {
            "x": 307,
            "y": 299
          },
          {
            "x": 308,
            "y": 300
          },
          {
            "x": 307,
            "y": 301
          },
          {
            "x": 307,
            "y": 305
          },
          {
            "x": 306,
            "y": 306
          },
          {
            "x": 306,
            "y": 314
          },
          {
            "x": 305,
            "y": 315
          },
          {
            "x": 305,
            "y": 322
          },
          {
            "x": 304,
            "y": 323
          },
          {
            "x": 304,
            "y": 331
          },
          {
            "x": 305,
            "y": 332
          },
          {
            "x": 305,
            "y": 334
          },
          {
            "x": 306,
            "y": 335
          },
          {
            "x": 306,
            "y": 336
          },
          {
            "x": 309,
            "y": 339
          },
          {
            "x": 310,
            "y": 339
          },
          {
            "x": 312,
            "y": 341
          },
          {
            "x": 313,
            "y": 341
          },
          {
            "x": 314,
            "y": 342
          },
          {
            "x": 319,
            "y": 342
          },
          {
            "x": 320,
            "y": 341
          },
          {
            "x": 322,
            "y": 341
          },
          {
            "x": 323,
            "y": 340
          },
          {
            "x": 324,
            "y": 340
          },
          {
            "x": 325,
            "y": 339
          },
          {
            "x": 326,
            "y": 339
          },
          {
            "x": 327,
            "y": 338
          },
          {
            "x": 328,
            "y": 338
          },
          {
            "x": 329,
            "y": 337
          },
          {
            "x": 329,
            "y": 336
          },
          {
            "x": 330,
            "y": 335
          },
          {
            "x": 330,
            "y": 333
          },
          {
            "x": 332,
            "y": 331
          },
          {
            "x": 332,
            "y": 330
          },
          {
            "x": 333,
            "y": 329
          },
          {
            "x": 333,
            "y": 327
          },
          {
            "x": 334,
            "y": 326
          },
          {
            "x": 334,
            "y": 323
          },
          {
            "x": 335,
            "y": 322
          },
          {
            "x": 335,
            "y": 320
          },
          {
            "x": 336,
            "y": 319
          },
          {
            "x": 336,
            "y": 317
          },
          {
            "x": 337,
            "y": 316
          },
          {
            "x": 337,
            "y": 314
          },
          {
            "x": 339,
            "y": 312
          },
          {
            "x": 348,
            "y": 312
          },
          {
            "x": 348,
            "y": 311
          },
          {
            "x": 349,
            "y": 310
          },
          {
            "x": 349,
            "y": 308
          },
          {
            "x": 350,
            "y": 307
          },
          {
            "x": 350,
            "y": 306
          },
          {
            "x": 351,
            "y": 305
          },
          {
            "x": 353,
            "y": 305
          },
          {
            "x": 354,
            "y": 306
          },
          {
            "x": 354,
            "y": 307
          },
          {
            "x": 355,
            "y": 308
          },
          {
            "x": 355,
            "y": 310
          },
          {
            "x": 354,
            "y": 311
          },
          {
            "x": 354,
            "y": 313
          },
          {
            "x": 355,
            "y": 314
          },
          {
            "x": 355,
            "y": 317
          },
          {
            "x": 356,
            "y": 318
          },
          {
            "x": 356,
            "y": 320
          },
          {
            "x": 358,
            "y": 322
          },
          {
            "x": 358,
            "y": 323
          },
          {
            "x": 360,
            "y": 325
          },
          {
            "x": 360,
            "y": 327
          },
          {
            "x": 362,
            "y": 329
          },
          {
            "x": 362,
            "y": 330
          },
          {
            "x": 363,
            "y": 331
          },
          {
            "x": 364,
            "y": 331
          },
          {
            "x": 366,
            "y": 333
          },
          {
            "x": 369,
            "y": 333
          },
          {
            "x": 370,
            "y": 332
          },
          {
            "x": 371,
            "y": 332
          },
          {
            "x": 376,
            "y": 327
          },
          {
            "x": 376,
            "y": 326
          },
          {
            "x": 378.0,
            "y": 324
          },
          {
            "x": 378.0,
            "y": 323
          },
          {
            "x": 381.0,
            "y": 320
          },
          {
            "x": 381.0,
            "y": 318
          },
          {
            "x": 383,
            "y": 316
          },
          {
            "x": 383,
            "y": 315
          },
          {
            "x": 384,
            "y": 314
          },
          {
            "x": 384,
            "y": 313
          },
          {
            "x": 385.0,
            "y": 312
          },
          {
            "x": 385.0,
            "y": 311
          },
          {
            "x": 387,
            "y": 309
          },
          {
            "x": 388.0,
            "y": 309
          },
          {
            "x": 389,
            "y": 308
          },
          {
            "x": 393,
            "y": 308
          },
          {
            "x": 394,
            "y": 307
          },
          {
            "x": 395.0,
            "y": 307
          },
          {
            "x": 396,
            "y": 306
          },
          {
            "x": 397,
            "y": 306
          },
          {
            "x": 395.0,
            "y": 304
          },
          {
            "x": 395.0,
            "y": 303
          },
          {
            "x": 394,
            "y": 303
          },
          {
            "x": 393,
            "y": 302
          },
          {
            "x": 393,
            "y": 301
          },
          {
            "x": 392.0,
            "y": 300
          },
          {
            "x": 392.0,
            "y": 299
          },
          {
            "x": 391,
            "y": 298
          },
          {
            "x": 391,
            "y": 296
          },
          {
            "x": 390,
            "y": 295
          },
          {
            "x": 390,
            "y": 293
          },
          {
            "x": 391,
            "y": 292
          },
          {
            "x": 391,
            "y": 291
          },
          {
            "x": 392.0,
            "y": 290
          },
          {
            "x": 392.0,
            "y": 289
          },
          {
            "x": 394,
            "y": 287
          },
          {
            "x": 394,
            "y": 286
          },
          {
            "x": 395.0,
            "y": 285
          },
          {
            "x": 395.0,
            "y": 283
          },
          {
            "x": 396,
            "y": 282
          },
          {
            "x": 396,
            "y": 280
          },
          {
            "x": 395.0,
            "y": 279
          },
          {
            "x": 395.0,
            "y": 278
          },
          {
            "x": 396,
            "y": 277
          },
          {
            "x": 396,
            "y": 276
          },
          {
            "x": 397,
            "y": 275
          },
          {
            "x": 397,
            "y": 271
          },
          {
            "x": 398,
            "y": 270
          },
          {
            "x": 398,
            "y": 267
          },
          {
            "x": 399.0,
            "y": 266
          },
          {
            "x": 399.0,
            "y": 264
          },
          {
            "x": 406.0,
            "y": 257
          },
          {
            "x": 406.0,
            "y": 256
          },
          {
            "x": 407,
            "y": 255.0
          },
          {
            "x": 407,
            "y": 253
          },
          {
            "x": 408,
            "y": 252
          },
          {
            "x": 408,
            "y": 251
          },
          {
            "x": 409.0,
            "y": 250.0
          },
          {
            "x": 409.0,
            "y": 247
          },
          {
            "x": 410,
            "y": 246
          },
          {
            "x": 410,
            "y": 244
          },
          {
            "x": 411,
            "y": 243.0
          },
          {
            "x": 411,
            "y": 242
          },
          {
            "x": 412,
            "y": 241.0
          },
          {
            "x": 412,
            "y": 235
          },
          {
            "x": 411,
            "y": 234.0
          },
          {
            "x": 412,
            "y": 233
          },
          {
            "x": 412,
            "y": 230
          },
          {
            "x": 413.0,
            "y": 229.0
          },
          {
            "x": 413.0,
            "y": 223
          },
          {
            "x": 412,
            "y": 222.0
          },
          {
            "x": 412,
            "y": 216
          },
          {
            "x": 411,
            "y": 217.0
          },
          {
            "x": 410,
            "y": 217.0
          },
          {
            "x": 408,
            "y": 215.0
          },
          {
            "x": 407,
            "y": 216
          },
          {
            "x": 405,
            "y": 216
          },
          {
            "x": 404,
            "y": 217.0
          },
          {
            "x": 399.0,
            "y": 217.0
          },
          {
            "x": 397,
            "y": 219
          },
          {
            "x": 396,
            "y": 219
          },
          {
            "x": 395.0,
            "y": 220
          },
          {
            "x": 393,
            "y": 218
          },
          {
            "x": 393,
            "y": 217.0
          },
          {
            "x": 391,
            "y": 215.0
          },
          {
            "x": 389,
            "y": 215.0
          },
          {
            "x": 388.0,
            "y": 214
          },
          {
            "x": 388.0,
            "y": 213
          },
          {
            "x": 391,
            "y": 210.0
          },
          {
            "x": 391,
            "y": 209
          },
          {
            "x": 392.0,
            "y": 208.0
          },
          {
            "x": 392.0,
            "y": 207
          },
          {
            "x": 394,
            "y": 205
          },
          {
            "x": 394,
            "y": 204
          },
          {
            "x": 395.0,
            "y": 203.0
          },
          {
            "x": 397,
            "y": 203.0
          },
          {
            "x": 398,
            "y": 204
          },
          {
            "x": 398,
            "y": 211
          },
          {
            "x": 399.0,
            "y": 212
          },
          {
            "x": 401,
            "y": 212
          },
          {
            "x": 402.0,
            "y": 211
          },
          {
            "x": 406.0,
            "y": 211
          },
          {
            "x": 407,
            "y": 212
          },
          {
            "x": 407,
            "y": 213
          },
          {
            "x": 410,
            "y": 213
          },
          {
            "x": 410,
            "y": 207
          },
          {
            "x": 409.0,
            "y": 206
          },
          {
            "x": 409.0,
            "y": 204
          },
          {
            "x": 408,
            "y": 203.0
          },
          {
            "x": 408,
            "y": 201.0
          },
          {
            "x": 404,
            "y": 197
          },
          {
            "x": 401,
            "y": 197
          },
          {
            "x": 400,
            "y": 196.0
          },
          {
            "x": 399.0,
            "y": 196.0
          },
          {
            "x": 398,
            "y": 195
          },
          {
            "x": 398,
            "y": 194.0
          },
          {
            "x": 395.0,
            "y": 194.0
          },
          {
            "x": 394,
            "y": 193
          },
          {
            "x": 394,
            "y": 190
          },
          {
            "x": 395.0,
            "y": 189.0
          },
          {
            "x": 395.0,
            "y": 188
          },
          {
            "x": 398,
            "y": 185
          },
          {
            "x": 398,
            "y": 184
          },
          {
            "x": 399.0,
            "y": 183
          },
          {
            "x": 399.0,
            "y": 182
          },
          {
            "x": 401,
            "y": 180
          },
          {
            "x": 401,
            "y": 178
          },
          {
            "x": 402.0,
            "y": 177
          },
          {
            "x": 403,
            "y": 178
          },
          {
            "x": 405,
            "y": 178
          },
          {
            "x": 406.0,
            "y": 177
          },
          {
            "x": 410,
            "y": 177
          },
          {
            "x": 411,
            "y": 178
          },
          {
            "x": 413.0,
            "y": 178
          },
          {
            "x": 414,
            "y": 179
          },
          {
            "x": 416.0,
            "y": 179
          },
          {
            "x": 418,
            "y": 181
          },
          {
            "x": 422,
            "y": 181
          },
          {
            "x": 423.0,
            "y": 182
          },
          {
            "x": 426,
            "y": 182
          },
          {
            "x": 427.0,
            "y": 181
          },
          {
            "x": 429,
            "y": 181
          },
          {
            "x": 430.0,
            "y": 180
          },
          {
            "x": 430.0,
            "y": 179
          },
          {
            "x": 431,
            "y": 178
          },
          {
            "x": 431,
            "y": 177
          },
          {
            "x": 432,
            "y": 176
          },
          {
            "x": 432,
            "y": 167
          },
          {
            "x": 431,
            "y": 166
          },
          {
            "x": 431,
            "y": 164
          },
          {
            "x": 430.0,
            "y": 163
          },
          {
            "x": 430.0,
            "y": 159
          },
          {
            "x": 432,
            "y": 157
          },
          {
            "x": 434.0,
            "y": 157
          },
          {
            "x": 435,
            "y": 156
          },
          {
            "x": 436,
            "y": 156
          },
          {
            "x": 438,
            "y": 154
          },
          {
            "x": 438,
            "y": 137
          },
          {
            "x": 436,
            "y": 135
          },
          {
            "x": 435,
            "y": 135
          },
          {
            "x": 433,
            "y": 133
          },
          {
            "x": 432,
            "y": 133
          },
          {
            "x": 431,
            "y": 132
          },
          {
            "x": 431,
            "y": 131
          },
          {
            "x": 430.0,
            "y": 131
          },
          {
            "x": 428,
            "y": 129
          },
          {
            "x": 425,
            "y": 132
          },
          {
            "x": 424,
            "y": 132
          },
          {
            "x": 420.0,
            "y": 136
          },
          {
            "x": 420.0,
            "y": 138
          },
          {
            "x": 418,
            "y": 140
          },
          {
            "x": 418,
            "y": 142
          },
          {
            "x": 417,
            "y": 143
          },
          {
            "x": 417,
            "y": 144
          },
          {
            "x": 415,
            "y": 146
          },
          {
            "x": 414,
            "y": 146
          },
          {
            "x": 413.0,
            "y": 147
          },
          {
            "x": 410,
            "y": 147
          },
          {
            "x": 409.0,
            "y": 146
          },
          {
            "x": 408,
            "y": 146
          },
          {
            "x": 403,
            "y": 141
          },
          {
            "x": 403,
            "y": 140
          },
          {
            "x": 402.0,
            "y": 139
          },
          {
            "x": 402.0,
            "y": 135
          },
          {
            "x": 401,
            "y": 134
          },
          {
            "x": 401,
            "y": 128
          },
          {
            "x": 402.0,
            "y": 127
          },
          {
            "x": 402.0,
            "y": 126
          },
          {
            "x": 403,
            "y": 125.0
          },
          {
            "x": 404,
            "y": 125.0
          },
          {
            "x": 405,
            "y": 124.0
          },
          {
            "x": 406.0,
            "y": 124.0
          },
          {
            "x": 407,
            "y": 125.0
          },
          {
            "x": 408,
            "y": 125.0
          },
          {
            "x": 409.0,
            "y": 124.0
          },
          {
            "x": 410,
            "y": 124.0
          },
          {
            "x": 410,
            "y": 123
          },
          {
            "x": 409.0,
            "y": 122
          },
          {
            "x": 405,
            "y": 122
          },
          {
            "x": 404,
            "y": 123
          },
          {
            "x": 403,
            "y": 123
          },
          {
            "x": 399.0,
            "y": 119
          },
          {
            "x": 399.0,
            "y": 118.0
          },
          {
            "x": 398,
            "y": 117.0
          },
          {
            "x": 398,
            "y": 116
          },
          {
            "x": 397,
            "y": 115
          },
          {
            "x": 397,
            "y": 113
          },
          {
            "x": 396,
            "y": 113
          },
          {
            "x": 395.0,
            "y": 112.0
          },
          {
            "x": 395.0,
            "y": 111.0
          },
          {
            "x": 392.0,
            "y": 108
          },
          {
            "x": 392.0,
            "y": 107
          },
          {
            "x": 391,
            "y": 107
          },
          {
            "x": 390,
            "y": 106
          },
          {
            "x": 388.0,
            "y": 106
          },
          {
            "x": 383,
            "y": 101
          },
          {
            "x": 383,
            "y": 99
          },
          {
            "x": 381.0,
            "y": 97.0
          },
          {
            "x": 381.0,
            "y": 93
          },
          {
            "x": 380,
            "y": 92
          },
          {
            "x": 380,
            "y": 91
          },
          {
            "x": 379,
            "y": 91
          }
        ]
      }
    },
    {
      "annotator": {
        "email": "corporate@bex.kg",
        "full_name": "Aizada Tynchybek kyzy"
      },
      "name": "Transport_Polygon",
      "polygon": {
        "path": [
          {
            "x": 467,
            "y": 101.0
          },
          {
            "x": 466.0,
            "y": 102
          },
          {
            "x": 462,
            "y": 102
          },
          {
            "x": 461,
            "y": 103
          },
          {
            "x": 459,
            "y": 103
          },
          {
            "x": 458,
            "y": 104.0
          },
          {
            "x": 457.0,
            "y": 104.0
          },
          {
            "x": 453,
            "y": 108.0
          },
          {
            "x": 452,
            "y": 108.0
          },
          {
            "x": 452,
            "y": 109
          },
          {
            "x": 451.0,
            "y": 110
          },
          {
            "x": 451.0,
            "y": 111.0
          },
          {
            "x": 450,
            "y": 112.0
          },
          {
            "x": 450,
            "y": 113
          },
          {
            "x": 449,
            "y": 114
          },
          {
            "x": 449,
            "y": 115.0
          },
          {
            "x": 448.0,
            "y": 116
          },
          {
            "x": 448.0,
            "y": 118
          },
          {
            "x": 447,
            "y": 119.0
          },
          {
            "x": 447,
            "y": 121
          },
          {
            "x": 446,
            "y": 122.0
          },
          {
            "x": 446,
            "y": 124
          },
          {
            "x": 445,
            "y": 125
          },
          {
            "x": 445,
            "y": 127
          },
          {
            "x": 444.0,
            "y": 128
          },
          {
            "x": 444.0,
            "y": 130
          },
          {
            "x": 443,
            "y": 131
          },
          {
            "x": 443,
            "y": 132
          },
          {
            "x": 442,
            "y": 133
          },
          {
            "x": 442,
            "y": 135
          },
          {
            "x": 441.0,
            "y": 136
          },
          {
            "x": 440,
            "y": 136
          },
          {
            "x": 439,
            "y": 137
          },
          {
            "x": 440,
            "y": 138
          },
          {
            "x": 440,
            "y": 148
          },
          {
            "x": 439,
            "y": 149
          },
          {
            "x": 439,
            "y": 153
          },
          {
            "x": 440,
            "y": 154
          },
          {
            "x": 440,
            "y": 158
          },
          {
            "x": 439,
            "y": 159
          },
          {
            "x": 439,
            "y": 182
          },
          {
            "x": 440,
            "y": 183
          },
          {
            "x": 440,
            "y": 184
          },
          {
            "x": 443,
            "y": 187
          },
          {
            "x": 443,
            "y": 188
          },
          {
            "x": 444.0,
            "y": 189
          },
          {
            "x": 443,
            "y": 190
          },
          {
            "x": 443,
            "y": 191.0
          },
          {
            "x": 442,
            "y": 192
          },
          {
            "x": 439,
            "y": 192
          },
          {
            "x": 438.0,
            "y": 193
          },
          {
            "x": 436,
            "y": 193
          },
          {
            "x": 435.0,
            "y": 194.0
          },
          {
            "x": 434,
            "y": 194.0
          },
          {
            "x": 433,
            "y": 195
          },
          {
            "x": 432.0,
            "y": 195
          },
          {
            "x": 431,
            "y": 196
          },
          {
            "x": 430,
            "y": 196
          },
          {
            "x": 429.0,
            "y": 197.0
          },
          {
            "x": 429.0,
            "y": 198
          },
          {
            "x": 428,
            "y": 199
          },
          {
            "x": 428,
            "y": 203
          },
          {
            "x": 427,
            "y": 204
          },
          {
            "x": 427,
            "y": 208.0
          },
          {
            "x": 426.0,
            "y": 209
          },
          {
            "x": 426.0,
            "y": 210
          },
          {
            "x": 425,
            "y": 211
          },
          {
            "x": 425,
            "y": 212
          },
          {
            "x": 424,
            "y": 213.0
          },
          {
            "x": 424,
            "y": 215
          },
          {
            "x": 423,
            "y": 216.0
          },
          {
            "x": 423,
            "y": 218
          },
          {
            "x": 422,
            "y": 219.0
          },
          {
            "x": 422,
            "y": 222.0
          },
          {
            "x": 421,
            "y": 223
          },
          {
            "x": 421,
            "y": 225
          },
          {
            "x": 422,
            "y": 226
          },
          {
            "x": 421,
            "y": 227.0
          },
          {
            "x": 421,
            "y": 232
          },
          {
            "x": 420,
            "y": 233.0
          },
          {
            "x": 420,
            "y": 245
          },
          {
            "x": 421,
            "y": 246.0
          },
          {
            "x": 421,
            "y": 251
          },
          {
            "x": 422,
            "y": 252.0
          },
          {
            "x": 422,
            "y": 255.0
          },
          {
            "x": 423,
            "y": 256.0
          },
          {
            "x": 423,
            "y": 257
          },
          {
            "x": 425,
            "y": 259.0
          },
          {
            "x": 425,
            "y": 266
          },
          {
            "x": 424,
            "y": 267
          },
          {
            "x": 424,
            "y": 273
          },
          {
            "x": 423,
            "y": 274
          },
          {
            "x": 423,
            "y": 279
          },
          {
            "x": 422,
            "y": 280
          },
          {
            "x": 422,
            "y": 282
          },
          {
            "x": 421,
            "y": 283
          },
          {
            "x": 421,
            "y": 289
          },
          {
            "x": 422,
            "y": 290.0
          },
          {
            "x": 422,
            "y": 295
          },
          {
            "x": 423,
            "y": 295
          },
          {
            "x": 428,
            "y": 300.0
          },
          {
            "x": 428,
            "y": 301
          },
          {
            "x": 429.0,
            "y": 302
          },
          {
            "x": 430,
            "y": 302
          },
          {
            "x": 431,
            "y": 303.0
          },
          {
            "x": 434,
            "y": 303.0
          },
          {
            "x": 436,
            "y": 305
          },
          {
            "x": 436,
            "y": 317
          },
          {
            "x": 437,
            "y": 318
          },
          {
            "x": 437,
            "y": 320
          },
          {
            "x": 438.0,
            "y": 321
          },
          {
            "x": 438.0,
            "y": 323
          },
          {
            "x": 439,
            "y": 324
          },
          {
            "x": 439,
            "y": 325.0
          },
          {
            "x": 440,
            "y": 326
          },
          {
            "x": 440,
            "y": 328.0
          },
          {
            "x": 439,
            "y": 329
          },
          {
            "x": 439,
            "y": 330
          },
          {
            "x": 436,
            "y": 333
          },
          {
            "x": 436,
            "y": 334.0
          },
          {
            "x": 435.0,
            "y": 335.0
          },
          {
            "x": 435.0,
            "y": 336
          },
          {
            "x": 434,
            "y": 337.0
          },
          {
            "x": 434,
            "y": 339
          },
          {
            "x": 436,
            "y": 341.0
          },
          {
            "x": 439,
            "y": 341.0
          },
          {
            "x": 440,
            "y": 342
          },
          {
            "x": 441.0,
            "y": 342
          },
          {
            "x": 442,
            "y": 343
          },
          {
            "x": 443,
            "y": 343
          },
          {
            "x": 444.0,
            "y": 344.0
          },
          {
            "x": 446,
            "y": 344.0
          },
          {
            "x": 447,
            "y": 345
          },
          {
            "x": 449,
            "y": 345
          },
          {
            "x": 450,
            "y": 346
          },
          {
            "x": 453,
            "y": 346
          },
          {
            "x": 454.0,
            "y": 345
          },
          {
            "x": 454.0,
            "y": 344.0
          },
          {
            "x": 455,
            "y": 343
          },
          {
            "x": 456,
            "y": 344.0
          },
          {
            "x": 457.0,
            "y": 344.0
          },
          {
            "x": 458,
            "y": 345
          },
          {
            "x": 459,
            "y": 345
          },
          {
            "x": 460.0,
            "y": 346
          },
          {
            "x": 462,
            "y": 346
          },
          {
            "x": 463.0,
            "y": 347.0
          },
          {
            "x": 464,
            "y": 347.0
          },
          {
            "x": 465,
            "y": 348
          },
          {
            "x": 465,
            "y": 349
          },
          {
            "x": 467,
            "y": 351
          },
          {
            "x": 468,
            "y": 351
          },
          {
            "x": 470.0,
            "y": 353.0
          },
          {
            "x": 472,
            "y": 353.0
          },
          {
            "x": 473.0,
            "y": 354
          },
          {
            "x": 475,
            "y": 354
          },
          {
            "x": 476.0,
            "y": 355
          },
          {
            "x": 480,
            "y": 355
          },
          {
            "x": 481,
            "y": 356.0
          },
          {
            "x": 482.0,
            "y": 356.0
          },
          {
            "x": 483,
            "y": 357
          },
          {
            "x": 489,
            "y": 357
          },
          {
            "x": 492.0,
            "y": 354
          },
          {
            "x": 492.0,
            "y": 353.0
          },
          {
            "x": 494,
            "y": 351
          },
          {
            "x": 494,
            "y": 350.0
          },
          {
            "x": 496,
            "y": 348
          },
          {
            "x": 496,
            "y": 347.0
          },
          {
            "x": 497,
            "y": 346
          },
          {
            "x": 498.0,
            "y": 346
          },
          {
            "x": 498.0,
            "y": 344.0
          },
          {
            "x": 499,
            "y": 343
          },
          {
            "x": 499,
            "y": 342
          },
          {
            "x": 500,
            "y": 341.0
          },
          {
            "x": 500,
            "y": 339
          },
          {
            "x": 504.0,
            "y": 335.0
          },
          {
            "x": 506,
            "y": 335.0
          },
          {
            "x": 505,
            "y": 335.0
          },
          {
            "x": 503,
            "y": 333
          },
          {
            "x": 503,
            "y": 325.0
          },
          {
            "x": 504.0,
            "y": 324
          },
          {
            "x": 504.0,
            "y": 316.0
          },
          {
            "x": 505,
            "y": 315.0
          },
          {
            "x": 505,
            "y": 314
          },
          {
            "x": 507.0,
            "y": 312.0
          },
          {
            "x": 507.0,
            "y": 310
          },
          {
            "x": 508,
            "y": 309.0
          },
          {
            "x": 508,
            "y": 305
          },
          {
            "x": 510.0,
            "y": 303.0
          },
          {
            "x": 510.0,
            "y": 302
          },
          {
            "x": 511,
            "y": 301
          },
          {
            "x": 511,
            "y": 300.0
          },
          {
            "x": 512,
            "y": 299
          },
          {
            "x": 512,
            "y": 268.0
          },
          {
            "x": 513,
            "y": 267
          },
          {
            "x": 513,
            "y": 266
          },
          {
            "x": 514,
            "y": 265.0
          },
          {
            "x": 514,
            "y": 264
          },
          {
            "x": 515,
            "y": 263
          },
          {
            "x": 515,
            "y": 261
          },
          {
            "x": 516,
            "y": 260
          },
          {
            "x": 516,
            "y": 258
          },
          {
            "x": 517,
            "y": 257
          },
          {
            "x": 517,
            "y": 255.0
          },
          {
            "x": 516,
            "y": 254
          },
          {
            "x": 516,
            "y": 236
          },
          {
            "x": 515,
            "y": 235.0
          },
          {
            "x": 515,
            "y": 228
          },
          {
            "x": 514,
            "y": 227.0
          },
          {
            "x": 514,
            "y": 225
          },
          {
            "x": 513,
            "y": 224.0
          },
          {
            "x": 513,
            "y": 204
          },
          {
            "x": 512,
            "y": 203
          },
          {
            "x": 512,
            "y": 189
          },
          {
            "x": 511,
            "y": 188
          },
          {
            "x": 511,
            "y": 187
          },
          {
            "x": 512,
            "y": 186.0
          },
          {
            "x": 518,
            "y": 186.0
          },
          {
            "x": 519,
            "y": 185
          },
          {
            "x": 519,
            "y": 184
          },
          {
            "x": 520,
            "y": 183
          },
          {
            "x": 525,
            "y": 183
          },
          {
            "x": 526,
            "y": 184
          },
          {
            "x": 527,
            "y": 183
          },
          {
            "x": 528,
            "y": 183
          },
          {
            "x": 533,
            "y": 178
          },
          {
            "x": 533,
            "y": 177
          },
          {
            "x": 534,
            "y": 176
          },
          {
            "x": 534,
            "y": 172
          },
          {
            "x": 533,
            "y": 171
          },
          {
            "x": 533,
            "y": 170
          },
          {
            "x": 534,
            "y": 169
          },
          {
            "x": 540,
            "y": 169
          },
          {
            "x": 541,
            "y": 170
          },
          {
            "x": 545,
            "y": 170
          },
          {
            "x": 545,
            "y": 167
          },
          {
            "x": 544,
            "y": 167
          },
          {
            "x": 543,
            "y": 166
          },
          {
            "x": 541,
            "y": 166
          },
          {
            "x": 538,
            "y": 163
          },
          {
            "x": 538,
            "y": 161
          },
          {
            "x": 537,
            "y": 160
          },
          {
            "x": 537,
            "y": 159
          },
          {
            "x": 536,
            "y": 158
          },
          {
            "x": 536,
            "y": 157
          },
          {
            "x": 535,
            "y": 156
          },
          {
            "x": 535,
            "y": 155
          },
          {
            "x": 536,
            "y": 154
          },
          {
            "x": 536,
            "y": 153
          },
          {
            "x": 537,
            "y": 152
          },
          {
            "x": 537,
            "y": 147
          },
          {
            "x": 535,
            "y": 145
          },
          {
            "x": 535,
            "y": 144
          },
          {
            "x": 534,
            "y": 143
          },
          {
            "x": 536,
            "y": 141
          },
          {
            "x": 537,
            "y": 141
          },
          {
            "x": 538,
            "y": 140
          },
          {
            "x": 541,
            "y": 140
          },
          {
            "x": 542,
            "y": 139
          },
          {
            "x": 545,
            "y": 139
          },
          {
            "x": 550,
            "y": 134
          },
          {
            "x": 550,
            "y": 130
          },
          {
            "x": 549,
            "y": 129
          },
          {
            "x": 549,
            "y": 127
          },
          {
            "x": 547,
            "y": 125
          },
          {
            "x": 546,
            "y": 125
          },
          {
            "x": 545,
            "y": 124
          },
          {
            "x": 541,
            "y": 124
          },
          {
            "x": 540,
            "y": 123.0
          },
          {
            "x": 538,
            "y": 123.0
          },
          {
            "x": 537,
            "y": 124
          },
          {
            "x": 534,
            "y": 124
          },
          {
            "x": 533,
            "y": 125
          },
          {
            "x": 532,
            "y": 125
          },
          {
            "x": 530,
            "y": 127
          },
          {
            "x": 530,
            "y": 128
          },
          {
            "x": 529,
            "y": 129
          },
          {
            "x": 529,
            "y": 131
          },
          {
            "x": 528,
            "y": 132
          },
          {
            "x": 528,
            "y": 134
          },
          {
            "x": 524,
            "y": 138
          },
          {
            "x": 520,
            "y": 138
          },
          {
            "x": 518,
            "y": 136
          },
          {
            "x": 518,
            "y": 135
          },
          {
            "x": 517,
            "y": 134
          },
          {
            "x": 517,
            "y": 133
          },
          {
            "x": 516,
            "y": 132
          },
          {
            "x": 516,
            "y": 130
          },
          {
            "x": 515,
            "y": 129
          },
          {
            "x": 515,
            "y": 128
          },
          {
            "x": 514,
            "y": 127
          },
          {
            "x": 514,
            "y": 126.0
          },
          {
            "x": 513,
            "y": 125
          },
          {
            "x": 513,
            "y": 124
          },
          {
            "x": 512,
            "y": 123.0
          },
          {
            "x": 511,
            "y": 123.0
          },
          {
            "x": 510.0,
            "y": 122.0
          },
          {
            "x": 509,
            "y": 122.0
          },
          {
            "x": 506,
            "y": 119.0
          },
          {
            "x": 505,
            "y": 119.0
          },
          {
            "x": 502,
            "y": 116
          },
          {
            "x": 502,
            "y": 115.0
          },
          {
            "x": 500,
            "y": 113
          },
          {
            "x": 500,
            "y": 112.0
          },
          {
            "x": 499,
            "y": 111.0
          },
          {
            "x": 499,
            "y": 110
          },
          {
            "x": 493,
            "y": 104.0
          },
          {
            "x": 492.0,
            "y": 104.0
          },
          {
            "x": 491,
            "y": 103
          },
          {
            "x": 489,
            "y": 103
          },
          {
            "x": 488.0,
            "y": 102
          },
          {
            "x": 486,
            "y": 102
          },
          {
            "x": 485.0,
            "y": 101.0
          },
          {
            "x": 481,
            "y": 101.0
          },
          {
            "x": 480,
            "y": 102
          },
          {
            "x": 478,
            "y": 102
          },
          {
            "x": 477,
            "y": 101.0
          }
        ]
      }
    }
  ]
}