{
  "image": {
    "width": 640,
    "height": 568,
    "filename": "00000091.jpg",
    "original_filename": "COCO_test2014_000000001194.jpg",
    "url": "https://darwin.v7labs.com/api/images/1197385/original?token=b0d243df-6830-43ea-9569-5542031eaef8",
    "thumbnail_url": "https://darwin.v7labs.com/api/images/1197385/thumbnail?token=b0d243df-6830-43ea-9569-5542031eaef8",
    "workview_url": "https://darwin.v7labs.com/workview?dataset=1164&image=91"
  },
  "dataset": "4_Aizada_ver2",
  "annotated": true,
  "annotations": [
    {
      "annotator": {
        "email": "corporate@bex.kg",
        "full_name": "Aizada Tynchybek kyzy"
      },
      "name": "Object",
      "polygon": {
        "path": [
          {
            "x": 592.42,
            "y": 391.47
          },
          {
            "x": 592,
            "y": 385
          },
          {
            "x": 592,
            "y": 379
          },
          {
            "x": 591,
            "y": 378
          },
          {
            "x": 591,
            "y": 377
          },
          {
            "x": 588,
            "y": 374
          },
          {
            "x": 587,
            "y": 374
          },
          {
            "x": 585,
            "y": 372
          },
          {
            "x": 585,
            "y": 368
          },
          {
            "x": 586,
            "y": 367
          },
          {
            "x": 586,
            "y": 366
          },
          {
            "x": 587,
            "y": 365
          },
          {
            "x": 587,
            "y": 361
          },
          {
            "x": 588,
            "y": 360
          },
          {
            "x": 588,
            "y": 356
          },
          {
            "x": 587,
            "y": 355
          },
          {
            "x": 587,
            "y": 353
          },
          {
            "x": 586,
            "y": 352
          },
          {
            "x": 586,
            "y": 350
          },
          {
            "x": 584,
            "y": 348
          },
          {
            "x": 584,
            "y": 347
          },
          {
            "x": 583,
            "y": 346
          },
          {
            "x": 583,
            "y": 344
          },
          {
            "x": 580,
            "y": 341
          },
          {
            "x": 580,
            "y": 340
          },
          {
            "x": 578,
            "y": 338
          },
          {
            "x": 578,
            "y": 337
          },
          {
            "x": 577,
            "y": 336
          },
          {
            "x": 577,
            "y": 335
          },
          {
            "x": 573,
            "y": 331
          },
          {
            "x": 571,
            "y": 331
          },
          {
            "x": 570,
            "y": 330
          },
          {
            "x": 566,
            "y": 330
          },
          {
            "x": 565,
            "y": 329
          },
          {
            "x": 559,
            "y": 329
          },
          {
            "x": 558,
            "y": 328
          },
          {
            "x": 554,
            "y": 328
          },
          {
            "x": 553,
            "y": 327
          },
          {
            "x": 548,
            "y": 327
          },
          {
            "x": 547,
            "y": 326
          },
          {
            "x": 542,
            "y": 326
          },
          {
            "x": 541,
            "y": 325
          },
          {
            "x": 531,
            "y": 325
          },
          {
            "x": 530,
            "y": 324
          },
          {
            "x": 526,
            "y": 324
          },
          {
            "x": 525,
            "y": 323
          },
          {
            "x": 521,
            "y": 323
          },
          {
            "x": 520,
            "y": 322
          },
          {
            "x": 516,
            "y": 322
          },
          {
            "x": 515,
            "y": 321
          },
          {
            "x": 510,
            "y": 321
          },
          {
            "x": 509,
            "y": 320
          },
          {
            "x": 504,
            "y": 320
          },
          {
            "x": 503,
            "y": 319
          },
          {
            "x": 498.0,
            "y": 319
          },
          {
            "x": 497.0,
            "y": 318
          },
          {
            "x": 494.0,
            "y": 318
          },
          {
            "x": 493.0,
            "y": 317
          },
          {
            "x": 490.0,
            "y": 317
          },
          {
            "x": 489.0,
            "y": 316
          },
          {
            "x": 486.0,
            "y": 316
          },
          {
            "x": 485.0,
            "y": 315
          },
          {
            "x": 481,
            "y": 315
          },
          {
            "x": 480,
            "y": 314
          },
          {
            "x": 475,
            "y": 314
          },
          {
            "x": 474,
            "y": 313
          },
          {
            "x": 461.0,
            "y": 313
          },
          {
            "x": 460.0,
            "y": 312
          },
          {
            "x": 458.0,
            "y": 312
          },
          {
            "x": 457.0,
            "y": 311
          },
          {
            "x": 455.0,
            "y": 311
          },
          {
            "x": 454.0,
            "y": 310
          },
          {
            "x": 450.0,
            "y": 310
          },
          {
            "x": 449.0,
            "y": 309
          },
          {
            "x": 448.0,
            "y": 309
          },
          {
            "x": 447.0,
            "y": 308
          },
          {
            "x": 446.0,
            "y": 308
          },
          {
            "x": 444,
            "y": 306
          },
          {
            "x": 444,
            "y": 301
          },
          {
            "x": 443,
            "y": 300
          },
          {
            "x": 443,
            "y": 299
          },
          {
            "x": 442,
            "y": 298
          },
          {
            "x": 442,
            "y": 294
          },
          {
            "x": 441,
            "y": 293
          },
          {
            "x": 441,
            "y": 292
          },
          {
            "x": 440,
            "y": 291
          },
          {
            "x": 440,
            "y": 290
          },
          {
            "x": 439,
            "y": 289
          },
          {
            "x": 439,
            "y": 288
          },
          {
            "x": 436,
            "y": 285
          },
          {
            "x": 437,
            "y": 284
          },
          {
            "x": 437,
            "y": 281
          },
          {
            "x": 436,
            "y": 280
          },
          {
            "x": 436,
            "y": 278
          },
          {
            "x": 435,
            "y": 277
          },
          {
            "x": 434,
            "y": 277
          },
          {
            "x": 433,
            "y": 276
          },
          {
            "x": 428,
            "y": 276
          },
          {
            "x": 427,
            "y": 275
          },
          {
            "x": 424,
            "y": 275
          },
          {
            "x": 423,
            "y": 274
          },
          {
            "x": 417,
            "y": 274
          },
          {
            "x": 416,
            "y": 273
          },
          {
            "x": 414,
            "y": 273
          },
          {
            "x": 412,
            "y": 271
          },
          {
            "x": 412,
            "y": 269
          },
          {
            "x": 413,
            "y": 268
          },
          {
            "x": 412,
            "y": 268
          },
          {
            "x": 411,
            "y": 267
          },
          {
            "x": 410,
            "y": 267
          },
          {
            "x": 409,
            "y": 266
          },
          {
            "x": 406,
            "y": 266
          },
          {
            "x": 405,
            "y": 265
          },
          {
            "x": 398,
            "y": 265
          },
          {
            "x": 397,
            "y": 266
          },
          {
            "x": 381,
            "y": 266
          },
          {
            "x": 380,
            "y": 267
          },
          {
            "x": 368,
            "y": 267
          },
          {
            "x": 367,
            "y": 268
          },
          {
            "x": 355,
            "y": 268
          },
          {
            "x": 354,
            "y": 269
          },
          {
            "x": 333,
            "y": 269
          },
          {
            "x": 332,
            "y": 270
          },
          {
            "x": 300,
            "y": 270
          },
          {
            "x": 299,
            "y": 271
          },
          {
            "x": 290,
            "y": 271
          },
          {
            "x": 289,
            "y": 272
          },
          {
            "x": 273,
            "y": 272
          },
          {
            "x": 272,
            "y": 273
          },
          {
            "x": 263,
            "y": 273
          },
          {
            "x": 262,
            "y": 272
          },
          {
            "x": 259,
            "y": 272
          },
          {
            "x": 258,
            "y": 273
          },
          {
            "x": 253,
            "y": 273
          },
          {
            "x": 252,
            "y": 274
          },
          {
            "x": 242,
            "y": 274
          },
          {
            "x": 241,
            "y": 275
          },
          {
            "x": 222,
            "y": 275
          },
          {
            "x": 221,
            "y": 276
          },
          {
            "x": 212,
            "y": 276
          },
          {
            "x": 211,
            "y": 275
          },
          {
            "x": 207,
            "y": 275
          },
          {
            "x": 206,
            "y": 276
          },
          {
            "x": 176,
            "y": 276
          },
          {
            "x": 174,
            "y": 278
          },
          {
            "x": 174,
            "y": 298
          },
          {
            "x": 175,
            "y": 299
          },
          {
            "x": 175,
            "y": 315
          },
          {
            "x": 174,
            "y": 316
          },
          {
            "x": 174,
            "y": 323
          },
          {
            "x": 175,
            "y": 324
          },
          {
            "x": 177,
            "y": 324
          },
          {
            "x": 178,
            "y": 325
          },
          {
            "x": 179,
            "y": 325
          },
          {
            "x": 180,
            "y": 326
          },
          {
            "x": 181,
            "y": 326
          },
          {
            "x": 182,
            "y": 327
          },
          {
            "x": 183,
            "y": 327
          },
          {
            "x": 184,
            "y": 328
          },
          {
            "x": 185,
            "y": 328
          },
          {
            "x": 187,
            "y": 330
          },
          {
            "x": 189,
            "y": 330
          },
          {
            "x": 192,
            "y": 333
          },
          {
            "x": 192,
            "y": 334
          },
          {
            "x": 193,
            "y": 335
          },
          {
            "x": 193,
            "y": 336
          },
          {
            "x": 194,
            "y": 337
          },
          {
            "x": 194,
            "y": 339
          },
          {
            "x": 195,
            "y": 340
          },
          {
            "x": 195,
            "y": 345
          },
          {
            "x": 194,
            "y": 346
          },
          {
            "x": 194,
            "y": 356
          },
          {
            "x": 195,
            "y": 357
          },
          {
            "x": 195,
            "y": 359
          },
          {
            "x": 196,
            "y": 360
          },
          {
            "x": 196,
            "y": 364
          },
          {
            "x": 197,
            "y": 365
          },
          {
            "x": 197,
            "y": 371
          },
          {
            "x": 198,
            "y": 372
          },
          {
            "x": 198,
            "y": 404
          },
          {
            "x": 199,
            "y": 405
          },
          {
            "x": 199,
            "y": 406
          },
          {
            "x": 200,
            "y": 407
          },
          {
            "x": 200,
            "y": 408
          },
          {
            "x": 202,
            "y": 410
          },
          {
            "x": 203,
            "y": 410
          },
          {
            "x": 204,
            "y": 411
          },
          {
            "x": 204,
            "y": 412
          },
          {
            "x": 208,
            "y": 416
          },
          {
            "x": 209,
            "y": 416
          },
          {
            "x": 210,
            "y": 417
          },
          {
            "x": 210,
            "y": 419
          },
          {
            "x": 217,
            "y": 426
          },
          {
            "x": 218,
            "y": 426
          },
          {
            "x": 219,
            "y": 427
          },
          {
            "x": 220,
            "y": 427
          },
          {
            "x": 221,
            "y": 428
          },
          {
            "x": 222,
            "y": 428
          },
          {
            "x": 223.0,
            "y": 429
          },
          {
            "x": 223.0,
            "y": 430
          },
          {
            "x": 227.0,
            "y": 434
          },
          {
            "x": 229.0,
            "y": 434
          },
          {
            "x": 230.0,
            "y": 435
          },
          {
            "x": 230.0,
            "y": 436
          },
          {
            "x": 231,
            "y": 437
          },
          {
            "x": 232,
            "y": 437
          },
          {
            "x": 235,
            "y": 440
          },
          {
            "x": 236,
            "y": 440
          },
          {
            "x": 241,
            "y": 445.0
          },
          {
            "x": 241,
            "y": 446.0
          },
          {
            "x": 242,
            "y": 446.0
          },
          {
            "x": 243.0,
            "y": 447.0
          },
          {
            "x": 244.0,
            "y": 447.0
          },
          {
            "x": 247.0,
            "y": 450.0
          },
          {
            "x": 247.0,
            "y": 451.0
          },
          {
            "x": 248.0,
            "y": 452.0
          },
          {
            "x": 249.0,
            "y": 452.0
          },
          {
            "x": 250.0,
            "y": 453.0
          },
          {
            "x": 251,
            "y": 453.0
          },
          {
            "x": 253,
            "y": 455.0
          },
          {
            "x": 253,
            "y": 456.0
          },
          {
            "x": 256,
            "y": 459.0
          },
          {
            "x": 257,
            "y": 459.0
          },
          {
            "x": 259,
            "y": 461.0
          },
          {
            "x": 259,
            "y": 463
          },
          {
            "x": 260,
            "y": 463
          },
          {
            "x": 261,
            "y": 464
          },
          {
            "x": 264,
            "y": 464
          },
          {
            "x": 265,
            "y": 465
          },
          {
            "x": 283,
            "y": 465
          },
          {
            "x": 284,
            "y": 466
          },
          {
            "x": 286,
            "y": 466
          },
          {
            "x": 287,
            "y": 467
          },
          {
            "x": 288,
            "y": 467
          },
          {
            "x": 289,
            "y": 468
          },
          {
            "x": 290,
            "y": 468
          },
          {
            "x": 291,
            "y": 469
          },
          {
            "x": 292,
            "y": 469
          },
          {
            "x": 293,
            "y": 470
          },
          {
            "x": 295,
            "y": 470
          },
          {
            "x": 296,
            "y": 471
          },
          {
            "x": 300,
            "y": 471
          },
          {
            "x": 301,
            "y": 472
          },
          {
            "x": 306,
            "y": 472
          },
          {
            "x": 307,
            "y": 471
          },
          {
            "x": 313,
            "y": 471
          },
          {
            "x": 314,
            "y": 470
          },
          {
            "x": 316,
            "y": 470
          },
          {
            "x": 317,
            "y": 469
          },
          {
            "x": 322,
            "y": 469
          },
          {
            "x": 323,
            "y": 468
          },
          {
            "x": 327,
            "y": 468
          },
          {
            "x": 328,
            "y": 467
          },
          {
            "x": 331,
            "y": 467
          },
          {
            "x": 332,
            "y": 466
          },
          {
            "x": 333,
            "y": 466
          },
          {
            "x": 334,
            "y": 465
          },
          {
            "x": 343,
            "y": 465
          },
          {
            "x": 344,
            "y": 464
          },
          {
            "x": 348,
            "y": 464
          },
          {
            "x": 349,
            "y": 463
          },
          {
            "x": 353,
            "y": 463
          },
          {
            "x": 354,
            "y": 462
          },
          {
            "x": 360,
            "y": 462
          },
          {
            "x": 361,
            "y": 461.0
          },
          {
            "x": 363,
            "y": 461.0
          },
          {
            "x": 364,
            "y": 460.0
          },
          {
            "x": 369,
            "y": 460.0
          },
          {
            "x": 370,
            "y": 459.0
          },
          {
            "x": 389,
            "y": 457.0
          },
          {
            "x": 394,
            "y": 456.0
          },
          {
            "x": 396,
            "y": 456.0
          },
          {
            "x": 398,
            "y": 454.0
          },
          {
            "x": 398,
            "y": 453.0
          },
          {
            "x": 399,
            "y": 452.0
          },
          {
            "x": 406,
            "y": 451.0
          },
          {
            "x": 417.46,
            "y": 449.24
          },
          {
            "x": 420,
            "y": 451.0
          },
          {
            "x": 422,
            "y": 451.0
          },
          {
            "x": 423,
            "y": 450.0
          },
          {
            "x": 424,
            "y": 450.0
          },
          {
            "x": 425,
            "y": 449.0
          },
          {
            "x": 428,
            "y": 449.0
          },
          {
            "x": 429,
            "y": 448.0
          },
          {
            "x": 431,
            "y": 448.0
          },
          {
            "x": 432,
            "y": 447.0
          },
          {
            "x": 440,
            "y": 447.0
          },
          {
            "x": 441,
            "y": 446.0
          },
          {
            "x": 444,
            "y": 446.0
          },
          {
            "x": 445.0,
            "y": 445.0
          },
          {
            "x": 448.0,
            "y": 445.0
          },
          {
            "x": 449.0,
            "y": 444
          },
          {
            "x": 451.0,
            "y": 444
          },
          {
            "x": 452.0,
            "y": 443
          },
          {
            "x": 454.0,
            "y": 443
          },
          {
            "x": 455.0,
            "y": 442
          },
          {
            "x": 457.0,
            "y": 442
          },
          {
            "x": 458.0,
            "y": 441
          },
          {
            "x": 460.0,
            "y": 441
          },
          {
            "x": 461.0,
            "y": 440
          },
          {
            "x": 465,
            "y": 440
          },
          {
            "x": 466,
            "y": 439
          },
          {
            "x": 468,
            "y": 439
          },
          {
            "x": 469,
            "y": 438
          },
          {
            "x": 470,
            "y": 438
          },
          {
            "x": 472,
            "y": 436
          },
          {
            "x": 473,
            "y": 436
          },
          {
            "x": 475,
            "y": 434
          },
          {
            "x": 479,
            "y": 434
          },
          {
            "x": 480,
            "y": 433
          },
          {
            "x": 481,
            "y": 433
          },
          {
            "x": 482,
            "y": 434
          },
          {
            "x": 483,
            "y": 434
          },
          {
            "x": 484,
            "y": 433
          },
          {
            "x": 488.0,
            "y": 433
          },
          {
            "x": 489.0,
            "y": 432
          },
          {
            "x": 500.0,
            "y": 432
          },
          {
            "x": 501,
            "y": 431
          },
          {
            "x": 509,
            "y": 431
          },
          {
            "x": 510,
            "y": 430
          },
          {
            "x": 514,
            "y": 430
          },
          {
            "x": 515,
            "y": 429
          },
          {
            "x": 519,
            "y": 429
          },
          {
            "x": 520,
            "y": 428
          },
          {
            "x": 528,
            "y": 428
          },
          {
            "x": 529,
            "y": 427
          },
          {
            "x": 532,
            "y": 427
          },
          {
            "x": 533,
            "y": 426
          },
          {
            "x": 537,
            "y": 426
          },
          {
            "x": 538,
            "y": 425
          },
          {
            "x": 541,
            "y": 425
          },
          {
            "x": 542,
            "y": 424
          },
          {
            "x": 544,
            "y": 424
          },
          {
            "x": 545,
            "y": 423
          },
          {
            "x": 547,
            "y": 423
          },
          {
            "x": 548,
            "y": 422
          },
          {
            "x": 555,
            "y": 422
          },
          {
            "x": 556,
            "y": 421
          },
          {
            "x": 560,
            "y": 421
          },
          {
            "x": 561,
            "y": 420
          },
          {
            "x": 563,
            "y": 420
          },
          {
            "x": 564,
            "y": 419
          },
          {
            "x": 565,
            "y": 419
          },
          {
            "x": 567,
            "y": 417
          },
          {
            "x": 568,
            "y": 417
          },
          {
            "x": 569,
            "y": 416
          },
          {
            "x": 573,
            "y": 416
          },
          {
            "x": 574,
            "y": 415
          },
          {
            "x": 577,
            "y": 415
          },
          {
            "x": 578,
            "y": 414
          },
          {
            "x": 581,
            "y": 414
          },
          {
            "x": 582,
            "y": 413
          },
          {
            "x": 584,
            "y": 413
          },
          {
            "x": 589,
            "y": 413
          },
          {
            "x": 589,
            "y": 412
          },
          {
            "x": 591.96,
            "y": 411.4
          }
        ]
      }
    },
    {
      "annotator": {
        "email": "corporate@bex.kg",
        "full_name": "Aizada Tynchybek kyzy"
      },
      "name": "Object",
      "polygon": {
        "path": [
          {
            "x": 622,
            "y": 397
          },
          {
            "x": 621,
            "y": 396
          },
          {
            "x": 621,
            "y": 394.0
          },
          {
            "x": 620.0,
            "y": 393
          },
          {
            "x": 619,
            "y": 393
          },
          {
            "x": 618,
            "y": 392
          },
          {
            "x": 615,
            "y": 392
          },
          {
            "x": 614,
            "y": 391
          },
          {
            "x": 610,
            "y": 391
          },
          {
            "x": 609,
            "y": 390.0
          },
          {
            "x": 605,
            "y": 390.0
          },
          {
            "x": 604.0,
            "y": 389
          },
          {
            "x": 603,
            "y": 389
          },
          {
            "x": 602,
            "y": 388
          },
          {
            "x": 599,
            "y": 388
          },
          {
            "x": 598,
            "y": 387
          },
          {
            "x": 595,
            "y": 387
          },
          {
            "x": 593,
            "y": 385
          },
          {
            "x": 588.0,
            "y": 385
          },
          {
            "x": 587,
            "y": 384
          },
          {
            "x": 585,
            "y": 384
          },
          {
            "x": 584,
            "y": 383
          },
          {
            "x": 583,
            "y": 383
          },
          {
            "x": 582,
            "y": 382.0
          },
          {
            "x": 578,
            "y": 382.0
          },
          {
            "x": 577,
            "y": 381
          },
          {
            "x": 575,
            "y": 381
          },
          {
            "x": 574,
            "y": 380
          },
          {
            "x": 573,
            "y": 380
          },
          {
            "x": 571,
            "y": 378.0
          },
          {
            "x": 568,
            "y": 378.0
          },
          {
            "x": 567,
            "y": 377
          },
          {
            "x": 554,
            "y": 377
          },
          {
            "x": 553,
            "y": 378.0
          },
          {
            "x": 544,
            "y": 378.0
          },
          {
            "x": 543,
            "y": 379
          },
          {
            "x": 525,
            "y": 379
          },
          {
            "x": 524,
            "y": 380
          },
          {
            "x": 518,
            "y": 380
          },
          {
            "x": 517,
            "y": 381
          },
          {
            "x": 513,
            "y": 381
          },
          {
            "x": 512,
            "y": 382.0
          },
          {
            "x": 506.0,
            "y": 382.0
          },
          {
            "x": 505,
            "y": 383
          },
          {
            "x": 502.0,
            "y": 383
          },
          {
            "x": 501,
            "y": 384
          },
          {
            "x": 498.0,
            "y": 384
          },
          {
            "x": 497,
            "y": 385
          },
          {
            "x": 491,
            "y": 385
          },
          {
            "x": 490.0,
            "y": 386.0
          },
          {
            "x": 486.0,
            "y": 386.0
          },
          {
            "x": 485,
            "y": 387
          },
          {
            "x": 481,
            "y": 387
          },
          {
            "x": 480,
            "y": 388
          },
          {
            "x": 471,
            "y": 388
          },
          {
            "x": 470.0,
            "y": 389
          },
          {
            "x": 467,
            "y": 389
          },
          {
            "x": 466.0,
            "y": 390.0
          },
          {
            "x": 461,
            "y": 390.0
          },
          {
            "x": 460,
            "y": 391
          },
          {
            "x": 455,
            "y": 391
          },
          {
            "x": 454.0,
            "y": 392
          },
          {
            "x": 452,
            "y": 392
          },
          {
            "x": 451,
            "y": 393
          },
          {
            "x": 445,
            "y": 393
          },
          {
            "x": 444,
            "y": 394.0
          },
          {
            "x": 439,
            "y": 394.0
          },
          {
            "x": 438.0,
            "y": 395
          },
          {
            "x": 433,
            "y": 395
          },
          {
            "x": 432,
            "y": 396
          },
          {
            "x": 429,
            "y": 396
          },
          {
            "x": 428,
            "y": 397
          },
          {
            "x": 421,
            "y": 397
          },
          {
            "x": 420,
            "y": 398.0
          },
          {
            "x": 409,
            "y": 398.0
          },
          {
            "x": 408,
            "y": 399
          },
          {
            "x": 405,
            "y": 399
          },
          {
            "x": 404,
            "y": 400
          },
          {
            "x": 397,
            "y": 400
          },
          {
            "x": 396,
            "y": 401
          },
          {
            "x": 389,
            "y": 401
          },
          {
            "x": 388,
            "y": 402.0
          },
          {
            "x": 386.0,
            "y": 402.0
          },
          {
            "x": 385,
            "y": 403
          },
          {
            "x": 378.0,
            "y": 403
          },
          {
            "x": 377,
            "y": 404
          },
          {
            "x": 371,
            "y": 404
          },
          {
            "x": 370.0,
            "y": 405
          },
          {
            "x": 369,
            "y": 405
          },
          {
            "x": 368,
            "y": 406.0
          },
          {
            "x": 364,
            "y": 406.0
          },
          {
            "x": 363,
            "y": 407
          },
          {
            "x": 357,
            "y": 407
          },
          {
            "x": 356,
            "y": 408
          },
          {
            "x": 355,
            "y": 408
          },
          {
            "x": 354.0,
            "y": 409
          },
          {
            "x": 353,
            "y": 409
          },
          {
            "x": 350.0,
            "y": 412
          },
          {
            "x": 350.0,
            "y": 416
          },
          {
            "x": 350.0,
            "y": 427
          },
          {
            "x": 350.0,
            "y": 434.0
          },
          {
            "x": 350.0,
            "y": 440
          },
          {
            "x": 351,
            "y": 457
          },
          {
            "x": 351,
            "y": 460
          },
          {
            "x": 351.57,
            "y": 483.6
          },
          {
            "x": 354.0,
            "y": 484
          },
          {
            "x": 355,
            "y": 484
          },
          {
            "x": 355,
            "y": 458.0
          },
          {
            "x": 355,
            "y": 449
          },
          {
            "x": 355,
            "y": 444
          },
          {
            "x": 355.4,
            "y": 432.52
          },
          {
            "x": 355.64,
            "y": 427.24
          },
          {
            "x": 355.58,
            "y": 422.19
          },
          {
            "x": 359,
            "y": 424
          },
          {
            "x": 360,
            "y": 425
          },
          {
            "x": 361,
            "y": 425
          },
          {
            "x": 362.0,
            "y": 426.0
          },
          {
            "x": 363,
            "y": 426.0
          },
          {
            "x": 364,
            "y": 427
          },
          {
            "x": 365,
            "y": 427
          },
          {
            "x": 366.0,
            "y": 428
          },
          {
            "x": 367,
            "y": 428
          },
          {
            "x": 369,
            "y": 430.0
          },
          {
            "x": 370.0,
            "y": 430.0
          },
          {
            "x": 371,
            "y": 431
          },
          {
            "x": 372,
            "y": 431
          },
          {
            "x": 374.0,
            "y": 433
          },
          {
            "x": 375,
            "y": 433
          },
          {
            "x": 376,
            "y": 434.0
          },
          {
            "x": 377,
            "y": 434.0
          },
          {
            "x": 379,
            "y": 436
          },
          {
            "x": 381,
            "y": 436
          },
          {
            "x": 382.0,
            "y": 437
          },
          {
            "x": 384,
            "y": 437
          },
          {
            "x": 386.0,
            "y": 439
          },
          {
            "x": 388,
            "y": 439
          },
          {
            "x": 389,
            "y": 440
          },
          {
            "x": 390.0,
            "y": 440
          },
          {
            "x": 392,
            "y": 442.0
          },
          {
            "x": 393,
            "y": 442.0
          },
          {
            "x": 394.0,
            "y": 443
          },
          {
            "x": 395,
            "y": 443
          },
          {
            "x": 396,
            "y": 444
          },
          {
            "x": 397,
            "y": 444
          },
          {
            "x": 400,
            "y": 447
          },
          {
            "x": 400,
            "y": 465
          },
          {
            "x": 400,
            "y": 477
          },
          {
            "x": 400,
            "y": 514
          },
          {
            "x": 400.16,
            "y": 521
          },
          {
            "x": 405.69,
            "y": 521.41
          },
          {
            "x": 405.55,
            "y": 492.86
          },
          {
            "x": 406.0,
            "y": 455
          },
          {
            "x": 406.21,
            "y": 445.8
          },
          {
            "x": 408,
            "y": 444
          },
          {
            "x": 409,
            "y": 443
          },
          {
            "x": 415,
            "y": 443
          },
          {
            "x": 416,
            "y": 442.0
          },
          {
            "x": 429,
            "y": 442.0
          },
          {
            "x": 430.0,
            "y": 441
          },
          {
            "x": 432,
            "y": 441
          },
          {
            "x": 433,
            "y": 440
          },
          {
            "x": 437,
            "y": 440
          },
          {
            "x": 438.0,
            "y": 439
          },
          {
            "x": 441,
            "y": 439
          },
          {
            "x": 442.0,
            "y": 438.0
          },
          {
            "x": 443,
            "y": 438.0
          },
          {
            "x": 444,
            "y": 437
          },
          {
            "x": 448,
            "y": 437
          },
          {
            "x": 449,
            "y": 436
          },
          {
            "x": 451,
            "y": 436
          },
          {
            "x": 452,
            "y": 435
          },
          {
            "x": 456,
            "y": 435
          },
          {
            "x": 457,
            "y": 434.0
          },
          {
            "x": 458.0,
            "y": 434.0
          },
          {
            "x": 459,
            "y": 433
          },
          {
            "x": 473,
            "y": 433
          },
          {
            "x": 474.0,
            "y": 432
          },
          {
            "x": 476,
            "y": 432
          },
          {
            "x": 477,
            "y": 431
          },
          {
            "x": 480,
            "y": 431
          },
          {
            "x": 481,
            "y": 430.0
          },
          {
            "x": 489,
            "y": 430.0
          },
          {
            "x": 490.0,
            "y": 429
          },
          {
            "x": 492,
            "y": 429
          },
          {
            "x": 493,
            "y": 428
          },
          {
            "x": 497,
            "y": 428
          },
          {
            "x": 498.0,
            "y": 427
          },
          {
            "x": 502.0,
            "y": 427
          },
          {
            "x": 503,
            "y": 426.0
          },
          {
            "x": 509,
            "y": 426.0
          },
          {
            "x": 510.0,
            "y": 425
          },
          {
            "x": 512,
            "y": 425
          },
          {
            "x": 513,
            "y": 424
          },
          {
            "x": 516,
            "y": 424
          },
          {
            "x": 517,
            "y": 423
          },
          {
            "x": 521,
            "y": 423
          },
          {
            "x": 522,
            "y": 422.0
          },
          {
            "x": 523,
            "y": 422.0
          },
          {
            "x": 524,
            "y": 421
          },
          {
            "x": 527,
            "y": 421
          },
          {
            "x": 528,
            "y": 420
          },
          {
            "x": 537,
            "y": 420
          },
          {
            "x": 538,
            "y": 419
          },
          {
            "x": 540,
            "y": 419
          },
          {
            "x": 541,
            "y": 418.0
          },
          {
            "x": 550,
            "y": 418.0
          },
          {
            "x": 552.96,
            "y": 418.06
          },
          {
            "x": 553,
            "y": 424
          },
          {
            "x": 553,
            "y": 428
          },
          {
            "x": 553,
            "y": 430.0
          },
          {
            "x": 553,
            "y": 437
          },
          {
            "x": 555.94,
            "y": 437
          },
          {
            "x": 556.0,
            "y": 435
          },
          {
            "x": 556.0,
            "y": 428
          },
          {
            "x": 556.17,
            "y": 416.1
          },
          {
            "x": 560,
            "y": 415
          },
          {
            "x": 562,
            "y": 415
          },
          {
            "x": 563,
            "y": 414.0
          },
          {
            "x": 568,
            "y": 414.0
          },
          {
            "x": 569,
            "y": 413
          },
          {
            "x": 571,
            "y": 413
          },
          {
            "x": 572.0,
            "y": 412
          },
          {
            "x": 576,
            "y": 412
          },
          {
            "x": 577,
            "y": 411
          },
          {
            "x": 582,
            "y": 411
          },
          {
            "x": 583,
            "y": 410.0
          },
          {
            "x": 585,
            "y": 410.0
          },
          {
            "x": 586,
            "y": 409
          },
          {
            "x": 593,
            "y": 409
          },
          {
            "x": 594,
            "y": 408
          },
          {
            "x": 598,
            "y": 408
          },
          {
            "x": 599,
            "y": 407
          },
          {
            "x": 601,
            "y": 407
          },
          {
            "x": 602,
            "y": 406.0
          },
          {
            "x": 606,
            "y": 406.0
          },
          {
            "x": 607,
            "y": 405
          },
          {
            "x": 609,
            "y": 405
          },
          {
            "x": 610,
            "y": 404
          },
          {
            "x": 611,
            "y": 404
          },
          {
            "x": 612.0,
            "y": 403
          },
          {
            "x": 615,
            "y": 403
          },
          {
            "x": 616,
            "y": 404
          },
          {
            "x": 616,
            "y": 405
          },
          {
            "x": 617,
            "y": 415
          },
          {
            "x": 617,
            "y": 424
          },
          {
            "x": 617,
            "y": 452
          },
          {
            "x": 617,
            "y": 454.0
          },
          {
            "x": 616.96,
            "y": 460.57
          },
          {
            "x": 621.36,
            "y": 461.1
          },
          {
            "x": 621.38,
            "y": 457
          },
          {
            "x": 621.95,
            "y": 431.62
          },
          {
            "x": 622,
            "y": 411
          }
        ]
      }
    },
    {
      "annotator": {
        "email": "corporate@bex.kg",
        "full_name": "Aizada Tynchybek kyzy"
      },
      "name": "Object",
      "polygon": {
        "path": [
          {
            "x": 43,
            "y": 335
          },
          {
            "x": 43,
            "y": 336
          },
          {
            "x": 42.0,
            "y": 337
          },
          {
            "x": 42.0,
            "y": 342
          },
          {
            "x": 43,
            "y": 343
          },
          {
            "x": 43,
            "y": 345
          },
          {
            "x": 44,
            "y": 346
          },
          {
            "x": 44,
            "y": 347
          },
          {
            "x": 45.0,
            "y": 348
          },
          {
            "x": 45.0,
            "y": 350
          },
          {
            "x": 46,
            "y": 351
          },
          {
            "x": 46,
            "y": 354
          },
          {
            "x": 48.0,
            "y": 356
          },
          {
            "x": 48.0,
            "y": 360
          },
          {
            "x": 49,
            "y": 361
          },
          {
            "x": 49,
            "y": 363
          },
          {
            "x": 50,
            "y": 364
          },
          {
            "x": 50,
            "y": 365
          },
          {
            "x": 51.0,
            "y": 366
          },
          {
            "x": 51.0,
            "y": 367
          },
          {
            "x": 52,
            "y": 368
          },
          {
            "x": 52,
            "y": 371
          },
          {
            "x": 53,
            "y": 372
          },
          {
            "x": 53,
            "y": 375
          },
          {
            "x": 54.0,
            "y": 376
          },
          {
            "x": 54.0,
            "y": 378
          },
          {
            "x": 55,
            "y": 379
          },
          {
            "x": 55,
            "y": 380
          },
          {
            "x": 56.0,
            "y": 381
          },
          {
            "x": 56.0,
            "y": 384
          },
          {
            "x": 57.0,
            "y": 385
          },
          {
            "x": 57.0,
            "y": 388
          },
          {
            "x": 58,
            "y": 389
          },
          {
            "x": 58,
            "y": 390
          },
          {
            "x": 59.0,
            "y": 391
          },
          {
            "x": 59.0,
            "y": 394
          },
          {
            "x": 60.0,
            "y": 395
          },
          {
            "x": 60.0,
            "y": 398
          },
          {
            "x": 61,
            "y": 399
          },
          {
            "x": 61,
            "y": 402
          },
          {
            "x": 62,
            "y": 403
          },
          {
            "x": 62,
            "y": 404
          },
          {
            "x": 63,
            "y": 405
          },
          {
            "x": 63,
            "y": 408
          },
          {
            "x": 64,
            "y": 409
          },
          {
            "x": 64,
            "y": 413
          },
          {
            "x": 65,
            "y": 414
          },
          {
            "x": 65,
            "y": 417
          },
          {
            "x": 66,
            "y": 418
          },
          {
            "x": 66,
            "y": 419
          },
          {
            "x": 67,
            "y": 420
          },
          {
            "x": 67,
            "y": 423
          },
          {
            "x": 68,
            "y": 424
          },
          {
            "x": 68,
            "y": 426
          },
          {
            "x": 69,
            "y": 427
          },
          {
            "x": 69,
            "y": 429
          },
          {
            "x": 70,
            "y": 430
          },
          {
            "x": 70,
            "y": 433
          },
          {
            "x": 71,
            "y": 434
          },
          {
            "x": 71,
            "y": 438
          },
          {
            "x": 72,
            "y": 439.0
          },
          {
            "x": 72,
            "y": 442.0
          },
          {
            "x": 73,
            "y": 443
          },
          {
            "x": 73,
            "y": 444
          },
          {
            "x": 74,
            "y": 445.0
          },
          {
            "x": 74,
            "y": 450
          },
          {
            "x": 75,
            "y": 451.0
          },
          {
            "x": 75,
            "y": 455
          },
          {
            "x": 76,
            "y": 456
          },
          {
            "x": 76,
            "y": 460.0
          },
          {
            "x": 77.0,
            "y": 461
          },
          {
            "x": 77.0,
            "y": 462
          },
          {
            "x": 78,
            "y": 463
          },
          {
            "x": 78,
            "y": 467
          },
          {
            "x": 79,
            "y": 468
          },
          {
            "x": 79,
            "y": 477
          },
          {
            "x": 76,
            "y": 480
          },
          {
            "x": 75,
            "y": 480
          },
          {
            "x": 73,
            "y": 482
          },
          {
            "x": 71,
            "y": 482
          },
          {
            "x": 70,
            "y": 483
          },
          {
            "x": 69,
            "y": 483
          },
          {
            "x": 67,
            "y": 485
          },
          {
            "x": 66,
            "y": 485
          },
          {
            "x": 64,
            "y": 487
          },
          {
            "x": 63,
            "y": 487
          },
          {
            "x": 63,
            "y": 488
          },
          {
            "x": 62,
            "y": 489
          },
          {
            "x": 61,
            "y": 489
          },
          {
            "x": 60.0,
            "y": 490
          },
          {
            "x": 60.0,
            "y": 491
          },
          {
            "x": 59.0,
            "y": 492
          },
          {
            "x": 59.0,
            "y": 493
          },
          {
            "x": 58,
            "y": 494
          },
          {
            "x": 58,
            "y": 497
          },
          {
            "x": 66,
            "y": 497
          },
          {
            "x": 67,
            "y": 496
          },
          {
            "x": 72,
            "y": 496
          },
          {
            "x": 73,
            "y": 497
          },
          {
            "x": 74,
            "y": 497
          },
          {
            "x": 75,
            "y": 498
          },
          {
            "x": 75,
            "y": 499
          },
          {
            "x": 78,
            "y": 502
          },
          {
            "x": 78,
            "y": 503
          },
          {
            "x": 79,
            "y": 504
          },
          {
            "x": 80.0,
            "y": 504
          },
          {
            "x": 81,
            "y": 505
          },
          {
            "x": 81,
            "y": 506
          },
          {
            "x": 82,
            "y": 507
          },
          {
            "x": 82,
            "y": 508
          },
          {
            "x": 83.0,
            "y": 509
          },
          {
            "x": 83.0,
            "y": 532
          },
          {
            "x": 84,
            "y": 533
          },
          {
            "x": 84,
            "y": 534
          },
          {
            "x": 85,
            "y": 535
          },
          {
            "x": 85,
            "y": 536
          },
          {
            "x": 86,
            "y": 537
          },
          {
            "x": 86,
            "y": 538
          },
          {
            "x": 91,
            "y": 543
          },
          {
            "x": 92,
            "y": 543
          },
          {
            "x": 93,
            "y": 544
          },
          {
            "x": 97,
            "y": 544
          },
          {
            "x": 98,
            "y": 545
          },
          {
            "x": 107,
            "y": 545
          },
          {
            "x": 108,
            "y": 544
          },
          {
            "x": 114,
            "y": 544
          },
          {
            "x": 116,
            "y": 546
          },
          {
            "x": 116,
            "y": 547
          },
          {
            "x": 117,
            "y": 547
          },
          {
            "x": 118,
            "y": 548
          },
          {
            "x": 118,
            "y": 549
          },
          {
            "x": 119,
            "y": 550
          },
          {
            "x": 119,
            "y": 551
          },
          {
            "x": 120,
            "y": 552
          },
          {
            "x": 120,
            "y": 554
          },
          {
            "x": 124,
            "y": 558
          },
          {
            "x": 125,
            "y": 558
          },
          {
            "x": 127,
            "y": 560
          },
          {
            "x": 128,
            "y": 560
          },
          {
            "x": 131,
            "y": 563
          },
          {
            "x": 132,
            "y": 563
          },
          {
            "x": 133,
            "y": 564
          },
          {
            "x": 133,
            "y": 565
          },
          {
            "x": 134,
            "y": 566
          },
          {
            "x": 186,
            "y": 566
          },
          {
            "x": 187,
            "y": 565
          },
          {
            "x": 187,
            "y": 564
          },
          {
            "x": 189,
            "y": 562
          },
          {
            "x": 190,
            "y": 562
          },
          {
            "x": 191,
            "y": 561
          },
          {
            "x": 191,
            "y": 560
          },
          {
            "x": 193,
            "y": 558
          },
          {
            "x": 194,
            "y": 558
          },
          {
            "x": 200,
            "y": 552
          },
          {
            "x": 201,
            "y": 552
          },
          {
            "x": 204,
            "y": 549
          },
          {
            "x": 205,
            "y": 549
          },
          {
            "x": 207,
            "y": 547
          },
          {
            "x": 207,
            "y": 546
          },
          {
            "x": 210,
            "y": 543
          },
          {
            "x": 212,
            "y": 543
          },
          {
            "x": 213,
            "y": 542
          },
          {
            "x": 214,
            "y": 543
          },
          {
            "x": 216,
            "y": 543
          },
          {
            "x": 217,
            "y": 544
          },
          {
            "x": 218.0,
            "y": 544
          },
          {
            "x": 219,
            "y": 545
          },
          {
            "x": 220,
            "y": 545
          },
          {
            "x": 222,
            "y": 547
          },
          {
            "x": 223,
            "y": 547
          },
          {
            "x": 224.0,
            "y": 548
          },
          {
            "x": 225,
            "y": 548
          },
          {
            "x": 226,
            "y": 549
          },
          {
            "x": 227.0,
            "y": 549
          },
          {
            "x": 228,
            "y": 550
          },
          {
            "x": 240,
            "y": 550
          },
          {
            "x": 241,
            "y": 549
          },
          {
            "x": 242,
            "y": 549
          },
          {
            "x": 243,
            "y": 548
          },
          {
            "x": 245,
            "y": 548
          },
          {
            "x": 246,
            "y": 547
          },
          {
            "x": 247,
            "y": 547
          },
          {
            "x": 247,
            "y": 546
          },
          {
            "x": 248,
            "y": 545
          },
          {
            "x": 249,
            "y": 545
          },
          {
            "x": 251,
            "y": 543
          },
          {
            "x": 251,
            "y": 542
          },
          {
            "x": 252,
            "y": 541
          },
          {
            "x": 253,
            "y": 541
          },
          {
            "x": 253,
            "y": 540
          },
          {
            "x": 265,
            "y": 528
          },
          {
            "x": 265,
            "y": 527
          },
          {
            "x": 267,
            "y": 525
          },
          {
            "x": 267,
            "y": 524
          },
          {
            "x": 268,
            "y": 523
          },
          {
            "x": 268,
            "y": 522
          },
          {
            "x": 273,
            "y": 517
          },
          {
            "x": 274,
            "y": 517
          },
          {
            "x": 274,
            "y": 516
          },
          {
            "x": 280,
            "y": 510
          },
          {
            "x": 280,
            "y": 509
          },
          {
            "x": 281,
            "y": 508
          },
          {
            "x": 282,
            "y": 508
          },
          {
            "x": 283,
            "y": 507
          },
          {
            "x": 283,
            "y": 506
          },
          {
            "x": 284,
            "y": 505
          },
          {
            "x": 284,
            "y": 504
          },
          {
            "x": 285,
            "y": 503
          },
          {
            "x": 286,
            "y": 503
          },
          {
            "x": 286,
            "y": 502
          },
          {
            "x": 289,
            "y": 499
          },
          {
            "x": 289,
            "y": 497
          },
          {
            "x": 290,
            "y": 496
          },
          {
            "x": 290,
            "y": 495
          },
          {
            "x": 291,
            "y": 494
          },
          {
            "x": 291,
            "y": 493
          },
          {
            "x": 293,
            "y": 491
          },
          {
            "x": 293,
            "y": 490
          },
          {
            "x": 295,
            "y": 488
          },
          {
            "x": 295,
            "y": 487
          },
          {
            "x": 297,
            "y": 485
          },
          {
            "x": 297,
            "y": 484
          },
          {
            "x": 298,
            "y": 483
          },
          {
            "x": 298,
            "y": 482
          },
          {
            "x": 300,
            "y": 480
          },
          {
            "x": 300,
            "y": 479
          },
          {
            "x": 301,
            "y": 478
          },
          {
            "x": 301,
            "y": 477
          },
          {
            "x": 302,
            "y": 476
          },
          {
            "x": 302,
            "y": 474
          },
          {
            "x": 301,
            "y": 473
          },
          {
            "x": 301,
            "y": 472
          },
          {
            "x": 300,
            "y": 471
          },
          {
            "x": 298,
            "y": 471
          },
          {
            "x": 296,
            "y": 469
          },
          {
            "x": 295,
            "y": 469
          },
          {
            "x": 294,
            "y": 468
          },
          {
            "x": 292,
            "y": 468
          },
          {
            "x": 291,
            "y": 467
          },
          {
            "x": 290,
            "y": 467
          },
          {
            "x": 288,
            "y": 465
          },
          {
            "x": 287,
            "y": 465
          },
          {
            "x": 285,
            "y": 463
          },
          {
            "x": 285,
            "y": 461
          },
          {
            "x": 286,
            "y": 460.0
          },
          {
            "x": 286,
            "y": 459
          },
          {
            "x": 290,
            "y": 455
          },
          {
            "x": 291,
            "y": 455
          },
          {
            "x": 291,
            "y": 454.0
          },
          {
            "x": 292,
            "y": 453
          },
          {
            "x": 293,
            "y": 453
          },
          {
            "x": 294,
            "y": 452
          },
          {
            "x": 296,
            "y": 452
          },
          {
            "x": 297,
            "y": 451.0
          },
          {
            "x": 300,
            "y": 451.0
          },
          {
            "x": 302,
            "y": 449
          },
          {
            "x": 303,
            "y": 449
          },
          {
            "x": 304,
            "y": 448.0
          },
          {
            "x": 304,
            "y": 446
          },
          {
            "x": 305,
            "y": 445.0
          },
          {
            "x": 305,
            "y": 443
          },
          {
            "x": 306,
            "y": 442.0
          },
          {
            "x": 306,
            "y": 441
          },
          {
            "x": 307,
            "y": 440
          },
          {
            "x": 309,
            "y": 440
          },
          {
            "x": 310,
            "y": 439.0
          },
          {
            "x": 312,
            "y": 439.0
          },
          {
            "x": 313,
            "y": 438
          },
          {
            "x": 316,
            "y": 438
          },
          {
            "x": 317.0,
            "y": 437
          },
          {
            "x": 317.0,
            "y": 436.0
          },
          {
            "x": 318,
            "y": 435
          },
          {
            "x": 318,
            "y": 434
          },
          {
            "x": 317.0,
            "y": 433
          },
          {
            "x": 319,
            "y": 431
          },
          {
            "x": 319,
            "y": 430
          },
          {
            "x": 318,
            "y": 429
          },
          {
            "x": 318,
            "y": 428
          },
          {
            "x": 316,
            "y": 426
          },
          {
            "x": 316,
            "y": 425
          },
          {
            "x": 312,
            "y": 425
          },
          {
            "x": 311.0,
            "y": 424
          },
          {
            "x": 302,
            "y": 424
          },
          {
            "x": 301,
            "y": 423
          },
          {
            "x": 292,
            "y": 423
          },
          {
            "x": 291,
            "y": 422
          },
          {
            "x": 285,
            "y": 422
          },
          {
            "x": 284,
            "y": 421
          },
          {
            "x": 264,
            "y": 421
          },
          {
            "x": 263,
            "y": 420
          },
          {
            "x": 247,
            "y": 420
          },
          {
            "x": 246,
            "y": 419
          },
          {
            "x": 215,
            "y": 419
          },
          {
            "x": 214,
            "y": 418
          },
          {
            "x": 209,
            "y": 418
          },
          {
            "x": 208,
            "y": 419
          },
          {
            "x": 196,
            "y": 419
          },
          {
            "x": 195,
            "y": 420
          },
          {
            "x": 185,
            "y": 420
          },
          {
            "x": 184,
            "y": 419
          },
          {
            "x": 178,
            "y": 419
          },
          {
            "x": 177,
            "y": 418
          },
          {
            "x": 177,
            "y": 417
          },
          {
            "x": 176,
            "y": 416
          },
          {
            "x": 176,
            "y": 409
          },
          {
            "x": 174,
            "y": 407
          },
          {
            "x": 174,
            "y": 406
          },
          {
            "x": 173,
            "y": 405
          },
          {
            "x": 173,
            "y": 403
          },
          {
            "x": 172,
            "y": 402
          },
          {
            "x": 172,
            "y": 399
          },
          {
            "x": 171,
            "y": 398
          },
          {
            "x": 171,
            "y": 397
          },
          {
            "x": 170,
            "y": 396
          },
          {
            "x": 170,
            "y": 392
          },
          {
            "x": 169,
            "y": 391
          },
          {
            "x": 169,
            "y": 388
          },
          {
            "x": 168,
            "y": 387
          },
          {
            "x": 168,
            "y": 384
          },
          {
            "x": 167,
            "y": 383
          },
          {
            "x": 167,
            "y": 382
          },
          {
            "x": 166.0,
            "y": 381
          },
          {
            "x": 166.0,
            "y": 378
          },
          {
            "x": 165,
            "y": 377
          },
          {
            "x": 165,
            "y": 375
          },
          {
            "x": 164,
            "y": 374
          },
          {
            "x": 164,
            "y": 373
          },
          {
            "x": 163.0,
            "y": 372
          },
          {
            "x": 163.0,
            "y": 369
          },
          {
            "x": 162,
            "y": 368
          },
          {
            "x": 162,
            "y": 366
          },
          {
            "x": 161,
            "y": 365
          },
          {
            "x": 161,
            "y": 362
          },
          {
            "x": 159,
            "y": 360
          },
          {
            "x": 159,
            "y": 357
          },
          {
            "x": 158,
            "y": 356
          },
          {
            "x": 158,
            "y": 354
          },
          {
            "x": 157.0,
            "y": 353
          },
          {
            "x": 157.0,
            "y": 350
          },
          {
            "x": 156,
            "y": 349
          },
          {
            "x": 156,
            "y": 348
          },
          {
            "x": 155,
            "y": 347
          },
          {
            "x": 155,
            "y": 345
          },
          {
            "x": 154.0,
            "y": 344
          },
          {
            "x": 154.0,
            "y": 342
          },
          {
            "x": 153,
            "y": 341
          },
          {
            "x": 153,
            "y": 340
          },
          {
            "x": 152,
            "y": 339
          },
          {
            "x": 152,
            "y": 336
          },
          {
            "x": 151,
            "y": 335
          },
          {
            "x": 151,
            "y": 333
          },
          {
            "x": 150,
            "y": 332.0
          },
          {
            "x": 150,
            "y": 329.0
          },
          {
            "x": 149,
            "y": 328
          },
          {
            "x": 149,
            "y": 327
          },
          {
            "x": 148,
            "y": 326.0
          },
          {
            "x": 148,
            "y": 324
          },
          {
            "x": 147,
            "y": 323.0
          },
          {
            "x": 147,
            "y": 321
          },
          {
            "x": 146,
            "y": 320.0
          },
          {
            "x": 146,
            "y": 318
          },
          {
            "x": 145,
            "y": 318
          },
          {
            "x": 144,
            "y": 317.0
          },
          {
            "x": 144,
            "y": 316
          },
          {
            "x": 143,
            "y": 315
          },
          {
            "x": 142,
            "y": 315
          },
          {
            "x": 141,
            "y": 314.0
          },
          {
            "x": 134,
            "y": 314.0
          },
          {
            "x": 133,
            "y": 315
          },
          {
            "x": 131,
            "y": 315
          },
          {
            "x": 129,
            "y": 317.0
          },
          {
            "x": 127,
            "y": 317.0
          },
          {
            "x": 126,
            "y": 318
          },
          {
            "x": 124,
            "y": 318
          },
          {
            "x": 122,
            "y": 320.0
          },
          {
            "x": 120,
            "y": 320.0
          },
          {
            "x": 119,
            "y": 321
          },
          {
            "x": 116,
            "y": 321
          },
          {
            "x": 115.0,
            "y": 322
          },
          {
            "x": 113,
            "y": 322
          },
          {
            "x": 112.0,
            "y": 323.0
          },
          {
            "x": 111,
            "y": 323.0
          },
          {
            "x": 110,
            "y": 324
          },
          {
            "x": 107,
            "y": 324
          },
          {
            "x": 106,
            "y": 325
          },
          {
            "x": 104,
            "y": 325
          },
          {
            "x": 103,
            "y": 326.0
          },
          {
            "x": 100,
            "y": 326.0
          },
          {
            "x": 99,
            "y": 327
          },
          {
            "x": 98,
            "y": 327
          },
          {
            "x": 97,
            "y": 328
          },
          {
            "x": 93,
            "y": 328
          },
          {
            "x": 92,
            "y": 329.0
          },
          {
            "x": 89,
            "y": 329.0
          },
          {
            "x": 88,
            "y": 330
          },
          {
            "x": 87,
            "y": 330
          },
          {
            "x": 86,
            "y": 331
          },
          {
            "x": 81,
            "y": 331
          },
          {
            "x": 80.0,
            "y": 332.0
          },
          {
            "x": 74,
            "y": 332.0
          },
          {
            "x": 73,
            "y": 333
          },
          {
            "x": 64,
            "y": 333
          },
          {
            "x": 63,
            "y": 334
          },
          {
            "x": 53,
            "y": 334
          },
          {
            "x": 52,
            "y": 333
          },
          {
            "x": 49,
            "y": 333
          },
          {
            "x": 48.0,
            "y": 334
          },
          {
            "x": 46,
            "y": 334
          },
          {
            "x": 45.0,
            "y": 335
          }
        ]
      }
    }
  ]
}