{
  "image": {
    "width": 427,
    "height": 640,
    "filename": "00000171.jpg",
    "original_filename": "COCO_test2014_000000002362.jpg",
    "url": "https://darwin.v7labs.com/api/images/1197465/original?token=b0d243df-6830-43ea-9569-5542031eaef8",
    "thumbnail_url": "https://darwin.v7labs.com/api/images/1197465/thumbnail?token=b0d243df-6830-43ea-9569-5542031eaef8",
    "workview_url": "https://darwin.v7labs.com/workview?dataset=1164&image=171"
  },
  "dataset": "4_Aizada_ver2",
  "annotated": true,
  "annotations": [
    {
      "annotator": {
        "email": "corporate@bex.kg",
        "full_name": "Aizada Tynchybek kyzy"
      },
      "auto_annotate": {
        "bbox": {
          "x1": -89.77,
          "x2": 104.23,
          "y1": -97.21,
          "y2": 111.79
        },
        "model": "145e8155-b48e-4be2-9c41-8f930ae1daee"
      },
      "name": "Men_Polygon",
      "polygon": {
        "path": [
          {
            "x": 171,
            "y": 262
          },
          {
            "x": 168.0,
            "y": 262
          },
          {
            "x": 167,
            "y": 261
          },
          {
            "x": 165.0,
            "y": 261
          },
          {
            "x": 164,
            "y": 260
          },
          {
            "x": 162.0,
            "y": 260
          },
          {
            "x": 161,
            "y": 261
          },
          {
            "x": 160.0,
            "y": 261
          },
          {
            "x": 159,
            "y": 262
          },
          {
            "x": 157.0,
            "y": 262
          },
          {
            "x": 156,
            "y": 263
          },
          {
            "x": 155.0,
            "y": 263
          },
          {
            "x": 152.0,
            "y": 266
          },
          {
            "x": 151,
            "y": 266
          },
          {
            "x": 151,
            "y": 267
          },
          {
            "x": 150.0,
            "y": 268
          },
          {
            "x": 150.0,
            "y": 270
          },
          {
            "x": 149,
            "y": 271
          },
          {
            "x": 149,
            "y": 280
          },
          {
            "x": 148,
            "y": 281
          },
          {
            "x": 148,
            "y": 282
          },
          {
            "x": 145.0,
            "y": 285
          },
          {
            "x": 145.0,
            "y": 286
          },
          {
            "x": 143,
            "y": 288
          },
          {
            "x": 142.0,
            "y": 288
          },
          {
            "x": 141,
            "y": 287
          },
          {
            "x": 141,
            "y": 286
          },
          {
            "x": 140.0,
            "y": 285
          },
          {
            "x": 130,
            "y": 285
          },
          {
            "x": 129.0,
            "y": 286
          },
          {
            "x": 125.0,
            "y": 286
          },
          {
            "x": 124.0,
            "y": 287
          },
          {
            "x": 121.0,
            "y": 287
          },
          {
            "x": 117.0,
            "y": 291
          },
          {
            "x": 116.0,
            "y": 291
          },
          {
            "x": 116.0,
            "y": 292
          },
          {
            "x": 112.0,
            "y": 296
          },
          {
            "x": 112.0,
            "y": 298
          },
          {
            "x": 113,
            "y": 298
          },
          {
            "x": 114.0,
            "y": 299
          },
          {
            "x": 113,
            "y": 300
          },
          {
            "x": 109.0,
            "y": 300
          },
          {
            "x": 109.0,
            "y": 301
          },
          {
            "x": 104.0,
            "y": 306
          },
          {
            "x": 104.0,
            "y": 307
          },
          {
            "x": 101.0,
            "y": 310
          },
          {
            "x": 101.0,
            "y": 315
          },
          {
            "x": 100,
            "y": 316
          },
          {
            "x": 100,
            "y": 317
          },
          {
            "x": 99.0,
            "y": 318
          },
          {
            "x": 99.0,
            "y": 320
          },
          {
            "x": 98.0,
            "y": 321
          },
          {
            "x": 98.0,
            "y": 322
          },
          {
            "x": 95,
            "y": 325
          },
          {
            "x": 94.0,
            "y": 325
          },
          {
            "x": 91.0,
            "y": 328
          },
          {
            "x": 91.0,
            "y": 329
          },
          {
            "x": 89.0,
            "y": 331
          },
          {
            "x": 89.0,
            "y": 332
          },
          {
            "x": 88.0,
            "y": 333
          },
          {
            "x": 87,
            "y": 333
          },
          {
            "x": 86.0,
            "y": 334
          },
          {
            "x": 86.0,
            "y": 335
          },
          {
            "x": 84.0,
            "y": 337
          },
          {
            "x": 84.0,
            "y": 338
          },
          {
            "x": 82,
            "y": 340
          },
          {
            "x": 82,
            "y": 341
          },
          {
            "x": 80.0,
            "y": 343
          },
          {
            "x": 80.0,
            "y": 350
          },
          {
            "x": 79,
            "y": 351
          },
          {
            "x": 79,
            "y": 353
          },
          {
            "x": 78.0,
            "y": 354
          },
          {
            "x": 78.0,
            "y": 357
          },
          {
            "x": 79,
            "y": 358
          },
          {
            "x": 79,
            "y": 359
          },
          {
            "x": 80.0,
            "y": 360
          },
          {
            "x": 80.0,
            "y": 369
          },
          {
            "x": 81.0,
            "y": 370
          },
          {
            "x": 81.0,
            "y": 371
          },
          {
            "x": 84.0,
            "y": 374
          },
          {
            "x": 85.0,
            "y": 374
          },
          {
            "x": 86.0,
            "y": 375
          },
          {
            "x": 87,
            "y": 375
          },
          {
            "x": 88.0,
            "y": 376
          },
          {
            "x": 88.0,
            "y": 377
          },
          {
            "x": 89.0,
            "y": 378
          },
          {
            "x": 89.0,
            "y": 381
          },
          {
            "x": 91.0,
            "y": 383
          },
          {
            "x": 91.0,
            "y": 384
          },
          {
            "x": 93.0,
            "y": 386
          },
          {
            "x": 93.0,
            "y": 388
          },
          {
            "x": 91.0,
            "y": 390
          },
          {
            "x": 91.0,
            "y": 391
          },
          {
            "x": 90.0,
            "y": 392
          },
          {
            "x": 90.0,
            "y": 393
          },
          {
            "x": 89.0,
            "y": 394
          },
          {
            "x": 89.0,
            "y": 395
          },
          {
            "x": 88.0,
            "y": 396
          },
          {
            "x": 88.0,
            "y": 397
          },
          {
            "x": 87,
            "y": 398
          },
          {
            "x": 87,
            "y": 399
          },
          {
            "x": 86.0,
            "y": 400
          },
          {
            "x": 86.0,
            "y": 402
          },
          {
            "x": 85.0,
            "y": 403
          },
          {
            "x": 85.0,
            "y": 404
          },
          {
            "x": 84.0,
            "y": 405
          },
          {
            "x": 84.0,
            "y": 407
          },
          {
            "x": 83.0,
            "y": 408
          },
          {
            "x": 83.0,
            "y": 409
          },
          {
            "x": 82,
            "y": 410
          },
          {
            "x": 82,
            "y": 412
          },
          {
            "x": 81.0,
            "y": 413
          },
          {
            "x": 81.0,
            "y": 414
          },
          {
            "x": 80.0,
            "y": 415
          },
          {
            "x": 80.0,
            "y": 417
          },
          {
            "x": 79,
            "y": 418
          },
          {
            "x": 79,
            "y": 419
          },
          {
            "x": 78.0,
            "y": 420
          },
          {
            "x": 78.0,
            "y": 422.0
          },
          {
            "x": 76.0,
            "y": 424
          },
          {
            "x": 76.0,
            "y": 426
          },
          {
            "x": 75.0,
            "y": 427.0
          },
          {
            "x": 75.0,
            "y": 428.0
          },
          {
            "x": 74,
            "y": 429
          },
          {
            "x": 74,
            "y": 430
          },
          {
            "x": 71.0,
            "y": 433.0
          },
          {
            "x": 70.0,
            "y": 433.0
          },
          {
            "x": 68,
            "y": 435
          },
          {
            "x": 68,
            "y": 437.0
          },
          {
            "x": 67.0,
            "y": 438.0
          },
          {
            "x": 67.0,
            "y": 440
          },
          {
            "x": 66.0,
            "y": 441
          },
          {
            "x": 66.0,
            "y": 443.0
          },
          {
            "x": 67.0,
            "y": 444
          },
          {
            "x": 67.0,
            "y": 445
          },
          {
            "x": 68,
            "y": 446
          },
          {
            "x": 68,
            "y": 447.0
          },
          {
            "x": 69,
            "y": 448.0
          },
          {
            "x": 72,
            "y": 448.0
          },
          {
            "x": 73.0,
            "y": 449.0
          },
          {
            "x": 86.0,
            "y": 449.0
          },
          {
            "x": 87,
            "y": 448.0
          },
          {
            "x": 87,
            "y": 447.0
          },
          {
            "x": 85.0,
            "y": 445
          },
          {
            "x": 85.0,
            "y": 438.0
          },
          {
            "x": 86.0,
            "y": 437.0
          },
          {
            "x": 86.0,
            "y": 435
          },
          {
            "x": 85.0,
            "y": 434
          },
          {
            "x": 85.0,
            "y": 428.0
          },
          {
            "x": 86.0,
            "y": 427.0
          },
          {
            "x": 86.0,
            "y": 426
          },
          {
            "x": 88.0,
            "y": 424
          },
          {
            "x": 88.0,
            "y": 423.0
          },
          {
            "x": 89.0,
            "y": 422.0
          },
          {
            "x": 90.0,
            "y": 422.0
          },
          {
            "x": 90.0,
            "y": 420
          },
          {
            "x": 92,
            "y": 418
          },
          {
            "x": 92,
            "y": 417
          },
          {
            "x": 94.0,
            "y": 415
          },
          {
            "x": 94.0,
            "y": 414
          },
          {
            "x": 95,
            "y": 413
          },
          {
            "x": 95,
            "y": 412
          },
          {
            "x": 96.0,
            "y": 411
          },
          {
            "x": 96.0,
            "y": 410
          },
          {
            "x": 98.0,
            "y": 408
          },
          {
            "x": 98.0,
            "y": 407
          },
          {
            "x": 99.0,
            "y": 406
          },
          {
            "x": 99.0,
            "y": 405
          },
          {
            "x": 100,
            "y": 404
          },
          {
            "x": 100,
            "y": 402
          },
          {
            "x": 102.0,
            "y": 400
          },
          {
            "x": 102.0,
            "y": 398
          },
          {
            "x": 103.0,
            "y": 397
          },
          {
            "x": 103.0,
            "y": 396
          },
          {
            "x": 106.0,
            "y": 393
          },
          {
            "x": 106.0,
            "y": 392
          },
          {
            "x": 110,
            "y": 388
          },
          {
            "x": 111.0,
            "y": 388
          },
          {
            "x": 111.0,
            "y": 387
          },
          {
            "x": 113,
            "y": 385
          },
          {
            "x": 113,
            "y": 384
          },
          {
            "x": 115,
            "y": 382
          },
          {
            "x": 115,
            "y": 377
          },
          {
            "x": 117.0,
            "y": 375
          },
          {
            "x": 118,
            "y": 376
          },
          {
            "x": 120,
            "y": 376
          },
          {
            "x": 122.0,
            "y": 378
          },
          {
            "x": 124.0,
            "y": 378
          },
          {
            "x": 126.0,
            "y": 380
          },
          {
            "x": 128,
            "y": 380
          },
          {
            "x": 129.0,
            "y": 381
          },
          {
            "x": 130,
            "y": 381
          },
          {
            "x": 131,
            "y": 382
          },
          {
            "x": 133,
            "y": 382
          },
          {
            "x": 134.0,
            "y": 383
          },
          {
            "x": 135.0,
            "y": 383
          },
          {
            "x": 136,
            "y": 384
          },
          {
            "x": 138,
            "y": 384
          },
          {
            "x": 139,
            "y": 385
          },
          {
            "x": 140.0,
            "y": 385
          },
          {
            "x": 141,
            "y": 386
          },
          {
            "x": 143,
            "y": 386
          },
          {
            "x": 144,
            "y": 387
          },
          {
            "x": 145.0,
            "y": 387
          },
          {
            "x": 146,
            "y": 388
          },
          {
            "x": 152.0,
            "y": 388
          },
          {
            "x": 158,
            "y": 382
          },
          {
            "x": 158,
            "y": 381
          },
          {
            "x": 159,
            "y": 380
          },
          {
            "x": 159,
            "y": 379
          },
          {
            "x": 162.0,
            "y": 376
          },
          {
            "x": 163.0,
            "y": 377
          },
          {
            "x": 165.0,
            "y": 377
          },
          {
            "x": 166,
            "y": 378
          },
          {
            "x": 167,
            "y": 378
          },
          {
            "x": 168.0,
            "y": 379
          },
          {
            "x": 168.0,
            "y": 380
          },
          {
            "x": 169,
            "y": 381
          },
          {
            "x": 169,
            "y": 382
          },
          {
            "x": 170.0,
            "y": 383
          },
          {
            "x": 170.0,
            "y": 386
          },
          {
            "x": 171,
            "y": 387
          },
          {
            "x": 171,
            "y": 389
          },
          {
            "x": 172,
            "y": 390
          },
          {
            "x": 172,
            "y": 393
          },
          {
            "x": 173.0,
            "y": 394
          },
          {
            "x": 173.0,
            "y": 396
          },
          {
            "x": 174,
            "y": 397
          },
          {
            "x": 174,
            "y": 398
          },
          {
            "x": 175.0,
            "y": 399
          },
          {
            "x": 175.0,
            "y": 400
          },
          {
            "x": 176,
            "y": 401
          },
          {
            "x": 176,
            "y": 403
          },
          {
            "x": 177,
            "y": 404
          },
          {
            "x": 177,
            "y": 405
          },
          {
            "x": 178.0,
            "y": 406
          },
          {
            "x": 178.0,
            "y": 409
          },
          {
            "x": 179,
            "y": 410
          },
          {
            "x": 179,
            "y": 411
          },
          {
            "x": 180.0,
            "y": 412
          },
          {
            "x": 180.0,
            "y": 413
          },
          {
            "x": 181.0,
            "y": 414
          },
          {
            "x": 181.0,
            "y": 417
          },
          {
            "x": 182,
            "y": 418
          },
          {
            "x": 182,
            "y": 419
          },
          {
            "x": 183.0,
            "y": 420
          },
          {
            "x": 183.0,
            "y": 424
          },
          {
            "x": 184,
            "y": 425
          },
          {
            "x": 184,
            "y": 431
          },
          {
            "x": 183.0,
            "y": 432.0
          },
          {
            "x": 183.0,
            "y": 436
          },
          {
            "x": 184,
            "y": 437.0
          },
          {
            "x": 187,
            "y": 437.0
          },
          {
            "x": 188.0,
            "y": 436
          },
          {
            "x": 190,
            "y": 436
          },
          {
            "x": 191.0,
            "y": 437.0
          },
          {
            "x": 194,
            "y": 437.0
          },
          {
            "x": 195,
            "y": 438.0
          },
          {
            "x": 196.0,
            "y": 438.0
          },
          {
            "x": 197,
            "y": 439
          },
          {
            "x": 203.0,
            "y": 439
          },
          {
            "x": 204.0,
            "y": 438.0
          },
          {
            "x": 207,
            "y": 438.0
          },
          {
            "x": 208,
            "y": 439
          },
          {
            "x": 211.0,
            "y": 439
          },
          {
            "x": 212,
            "y": 438.0
          },
          {
            "x": 213,
            "y": 438.0
          },
          {
            "x": 215,
            "y": 436
          },
          {
            "x": 215,
            "y": 435
          },
          {
            "x": 214.0,
            "y": 434
          },
          {
            "x": 213,
            "y": 434
          },
          {
            "x": 212,
            "y": 433.0
          },
          {
            "x": 210,
            "y": 433.0
          },
          {
            "x": 208,
            "y": 431
          },
          {
            "x": 206.0,
            "y": 431
          },
          {
            "x": 205,
            "y": 430
          },
          {
            "x": 204.0,
            "y": 430
          },
          {
            "x": 200,
            "y": 426
          },
          {
            "x": 200,
            "y": 425
          },
          {
            "x": 198.0,
            "y": 423.0
          },
          {
            "x": 195,
            "y": 423.0
          },
          {
            "x": 192,
            "y": 420
          },
          {
            "x": 192,
            "y": 418
          },
          {
            "x": 191.0,
            "y": 417
          },
          {
            "x": 191.0,
            "y": 416
          },
          {
            "x": 190,
            "y": 415
          },
          {
            "x": 190,
            "y": 411
          },
          {
            "x": 189,
            "y": 410
          },
          {
            "x": 189,
            "y": 407
          },
          {
            "x": 188.0,
            "y": 406
          },
          {
            "x": 188.0,
            "y": 397
          },
          {
            "x": 187,
            "y": 396
          },
          {
            "x": 187,
            "y": 392
          },
          {
            "x": 186.0,
            "y": 391
          },
          {
            "x": 186.0,
            "y": 381
          },
          {
            "x": 185,
            "y": 380
          },
          {
            "x": 185,
            "y": 378
          },
          {
            "x": 184,
            "y": 377
          },
          {
            "x": 184,
            "y": 375
          },
          {
            "x": 183.0,
            "y": 374
          },
          {
            "x": 183.0,
            "y": 372
          },
          {
            "x": 182,
            "y": 371
          },
          {
            "x": 182,
            "y": 367
          },
          {
            "x": 181.0,
            "y": 366
          },
          {
            "x": 181.0,
            "y": 365
          },
          {
            "x": 178.0,
            "y": 362
          },
          {
            "x": 176,
            "y": 362
          },
          {
            "x": 175.0,
            "y": 361
          },
          {
            "x": 172,
            "y": 361
          },
          {
            "x": 171,
            "y": 360
          },
          {
            "x": 168.0,
            "y": 360
          },
          {
            "x": 167,
            "y": 359
          },
          {
            "x": 166,
            "y": 359
          },
          {
            "x": 163.0,
            "y": 356
          },
          {
            "x": 162.0,
            "y": 356
          },
          {
            "x": 161,
            "y": 355
          },
          {
            "x": 160.0,
            "y": 355
          },
          {
            "x": 159,
            "y": 354
          },
          {
            "x": 158,
            "y": 354
          },
          {
            "x": 157.0,
            "y": 353
          },
          {
            "x": 154,
            "y": 353
          },
          {
            "x": 153,
            "y": 352
          },
          {
            "x": 150.0,
            "y": 352
          },
          {
            "x": 149,
            "y": 351
          },
          {
            "x": 147.0,
            "y": 351
          },
          {
            "x": 146,
            "y": 350
          },
          {
            "x": 144,
            "y": 350
          },
          {
            "x": 142.0,
            "y": 348
          },
          {
            "x": 142.0,
            "y": 345
          },
          {
            "x": 143,
            "y": 344
          },
          {
            "x": 143,
            "y": 342
          },
          {
            "x": 144,
            "y": 341
          },
          {
            "x": 144,
            "y": 338
          },
          {
            "x": 148,
            "y": 334
          },
          {
            "x": 150.0,
            "y": 334
          },
          {
            "x": 151,
            "y": 333
          },
          {
            "x": 152.0,
            "y": 333
          },
          {
            "x": 153,
            "y": 332
          },
          {
            "x": 155.0,
            "y": 332
          },
          {
            "x": 156,
            "y": 331
          },
          {
            "x": 157.0,
            "y": 331
          },
          {
            "x": 158,
            "y": 330
          },
          {
            "x": 159,
            "y": 330
          },
          {
            "x": 160.0,
            "y": 331
          },
          {
            "x": 161,
            "y": 331
          },
          {
            "x": 162.0,
            "y": 332
          },
          {
            "x": 163.0,
            "y": 332
          },
          {
            "x": 164,
            "y": 333
          },
          {
            "x": 165.0,
            "y": 333
          },
          {
            "x": 170.0,
            "y": 338
          },
          {
            "x": 170.0,
            "y": 339
          },
          {
            "x": 173.0,
            "y": 342
          },
          {
            "x": 175.0,
            "y": 342
          },
          {
            "x": 176,
            "y": 343
          },
          {
            "x": 177,
            "y": 343
          },
          {
            "x": 189,
            "y": 355
          },
          {
            "x": 190,
            "y": 355
          },
          {
            "x": 191.0,
            "y": 356
          },
          {
            "x": 192,
            "y": 356
          },
          {
            "x": 193.0,
            "y": 357
          },
          {
            "x": 194,
            "y": 357
          },
          {
            "x": 195,
            "y": 358
          },
          {
            "x": 197,
            "y": 358
          },
          {
            "x": 198.0,
            "y": 359
          },
          {
            "x": 205,
            "y": 359
          },
          {
            "x": 206.0,
            "y": 360
          },
          {
            "x": 208,
            "y": 360
          },
          {
            "x": 209.0,
            "y": 361
          },
          {
            "x": 211.0,
            "y": 361
          },
          {
            "x": 212,
            "y": 362
          },
          {
            "x": 213,
            "y": 362
          },
          {
            "x": 217,
            "y": 366
          },
          {
            "x": 218,
            "y": 365
          },
          {
            "x": 220,
            "y": 365
          },
          {
            "x": 222,
            "y": 363
          },
          {
            "x": 223,
            "y": 363
          },
          {
            "x": 224.0,
            "y": 362
          },
          {
            "x": 228,
            "y": 362
          },
          {
            "x": 229.0,
            "y": 361
          },
          {
            "x": 231,
            "y": 361
          },
          {
            "x": 231,
            "y": 360
          },
          {
            "x": 229.0,
            "y": 358
          },
          {
            "x": 228,
            "y": 358
          },
          {
            "x": 226,
            "y": 356
          },
          {
            "x": 225,
            "y": 356
          },
          {
            "x": 223,
            "y": 354
          },
          {
            "x": 220,
            "y": 354
          },
          {
            "x": 219.0,
            "y": 353
          },
          {
            "x": 216.0,
            "y": 353
          },
          {
            "x": 215,
            "y": 352
          },
          {
            "x": 213,
            "y": 352
          },
          {
            "x": 212,
            "y": 351
          },
          {
            "x": 210,
            "y": 351
          },
          {
            "x": 209.0,
            "y": 350
          },
          {
            "x": 208,
            "y": 350
          },
          {
            "x": 207,
            "y": 349
          },
          {
            "x": 206.0,
            "y": 349
          },
          {
            "x": 205,
            "y": 348
          },
          {
            "x": 204.0,
            "y": 348
          },
          {
            "x": 202,
            "y": 346
          },
          {
            "x": 201.0,
            "y": 346
          },
          {
            "x": 200,
            "y": 345
          },
          {
            "x": 199,
            "y": 345
          },
          {
            "x": 197,
            "y": 343
          },
          {
            "x": 195,
            "y": 343
          },
          {
            "x": 189,
            "y": 337
          },
          {
            "x": 189,
            "y": 336
          },
          {
            "x": 188.0,
            "y": 335
          },
          {
            "x": 188.0,
            "y": 334
          },
          {
            "x": 186.0,
            "y": 332
          },
          {
            "x": 186.0,
            "y": 331
          },
          {
            "x": 184,
            "y": 329
          },
          {
            "x": 184,
            "y": 328
          },
          {
            "x": 181.0,
            "y": 325
          },
          {
            "x": 181.0,
            "y": 324
          },
          {
            "x": 180.0,
            "y": 323
          },
          {
            "x": 180.0,
            "y": 321
          },
          {
            "x": 179,
            "y": 320
          },
          {
            "x": 179,
            "y": 319
          },
          {
            "x": 178.0,
            "y": 318
          },
          {
            "x": 178.0,
            "y": 317
          },
          {
            "x": 177,
            "y": 316
          },
          {
            "x": 177,
            "y": 314
          },
          {
            "x": 173.0,
            "y": 310
          },
          {
            "x": 173.0,
            "y": 309
          },
          {
            "x": 171,
            "y": 307
          },
          {
            "x": 171,
            "y": 306
          },
          {
            "x": 169,
            "y": 304
          },
          {
            "x": 168.0,
            "y": 304
          },
          {
            "x": 167,
            "y": 303
          },
          {
            "x": 166,
            "y": 303
          },
          {
            "x": 165.0,
            "y": 302
          },
          {
            "x": 164,
            "y": 302
          },
          {
            "x": 163.0,
            "y": 301
          },
          {
            "x": 163.0,
            "y": 295
          },
          {
            "x": 168.0,
            "y": 290
          },
          {
            "x": 170.0,
            "y": 290
          },
          {
            "x": 172,
            "y": 288
          },
          {
            "x": 173.0,
            "y": 288
          },
          {
            "x": 173.0,
            "y": 286
          },
          {
            "x": 174,
            "y": 285
          },
          {
            "x": 174,
            "y": 281
          },
          {
            "x": 175.0,
            "y": 280
          },
          {
            "x": 175.0,
            "y": 273
          },
          {
            "x": 176,
            "y": 272
          },
          {
            "x": 176,
            "y": 271
          },
          {
            "x": 175.0,
            "y": 270
          },
          {
            "x": 175.0,
            "y": 266
          }
        ]
      }
    },
    {
      "annotator": {
        "email": "corporate@bex.kg",
        "full_name": "Aizada Tynchybek kyzy"
      },
      "auto_annotate": {
        "bbox": {
          "x1": -49.97,
          "x2": 92.03,
          "y1": -91.04,
          "y2": 126.96
        },
        "clicks": [
          {
            "type": "add",
            "x": -38.76,
            "y": 58.42
          },
          {
            "type": "add",
            "x": 4.34,
            "y": 60.35
          },
          {
            "type": "add",
            "x": 38.25,
            "y": 35.66
          },
          {
            "type": "add",
            "x": 7.25,
            "y": 97.16
          }
        ],
        "model": "145e8155-b48e-4be2-9c41-8f930ae1daee"
      },
      "name": "Object",
      "polygon": {
        "path": [
          {
            "x": 5.0,
            "y": 96
          },
          {
            "x": 4.0,
            "y": 97
          },
          {
            "x": 4.0,
            "y": 98.0
          },
          {
            "x": 3.0,
            "y": 99.0
          },
          {
            "x": 2.0,
            "y": 99.0
          },
          {
            "x": 2.0,
            "y": 100
          },
          {
            "x": 1.0,
            "y": 101
          },
          {
            "x": 1.0,
            "y": 121.0
          },
          {
            "x": 2.0,
            "y": 122
          },
          {
            "x": 2.0,
            "y": 126.0
          },
          {
            "x": 1.0,
            "y": 127
          },
          {
            "x": 1.0,
            "y": 130
          },
          {
            "x": 2.0,
            "y": 131
          },
          {
            "x": 2.0,
            "y": 142
          },
          {
            "x": 3.0,
            "y": 143
          },
          {
            "x": 3.0,
            "y": 145
          },
          {
            "x": 4.0,
            "y": 146
          },
          {
            "x": 4.0,
            "y": 151
          },
          {
            "x": 5.0,
            "y": 152
          },
          {
            "x": 5.0,
            "y": 153
          },
          {
            "x": 6.0,
            "y": 154
          },
          {
            "x": 6.0,
            "y": 155
          },
          {
            "x": 7.0,
            "y": 156
          },
          {
            "x": 7.0,
            "y": 157
          },
          {
            "x": 8.0,
            "y": 158
          },
          {
            "x": 8.0,
            "y": 159
          },
          {
            "x": 9.0,
            "y": 160
          },
          {
            "x": 9.0,
            "y": 166
          },
          {
            "x": 8.0,
            "y": 167
          },
          {
            "x": 8.0,
            "y": 169
          },
          {
            "x": 7.0,
            "y": 170
          },
          {
            "x": 7.0,
            "y": 171
          },
          {
            "x": 6.0,
            "y": 172
          },
          {
            "x": 6.0,
            "y": 173
          },
          {
            "x": 2.0,
            "y": 177
          },
          {
            "x": 2.0,
            "y": 178
          },
          {
            "x": 1.0,
            "y": 179
          },
          {
            "x": 1.0,
            "y": 183
          },
          {
            "x": 0,
            "y": 184
          },
          {
            "x": 0,
            "y": 275
          },
          {
            "x": 1.0,
            "y": 276
          },
          {
            "x": 1.0,
            "y": 289
          },
          {
            "x": 2.0,
            "y": 290
          },
          {
            "x": 4.0,
            "y": 290
          },
          {
            "x": 8.0,
            "y": 294
          },
          {
            "x": 11.0,
            "y": 294
          },
          {
            "x": 12.0,
            "y": 293
          },
          {
            "x": 13.0,
            "y": 293
          },
          {
            "x": 13.0,
            "y": 292
          },
          {
            "x": 14.0,
            "y": 291
          },
          {
            "x": 14.0,
            "y": 286
          },
          {
            "x": 13.0,
            "y": 285
          },
          {
            "x": 13.0,
            "y": 283
          },
          {
            "x": 12.0,
            "y": 282
          },
          {
            "x": 12.0,
            "y": 278
          },
          {
            "x": 11.0,
            "y": 277
          },
          {
            "x": 11.0,
            "y": 275
          },
          {
            "x": 9.0,
            "y": 273
          },
          {
            "x": 9.0,
            "y": 271
          },
          {
            "x": 10.0,
            "y": 270
          },
          {
            "x": 10.0,
            "y": 268
          },
          {
            "x": 11.0,
            "y": 267
          },
          {
            "x": 11.0,
            "y": 264
          },
          {
            "x": 12.0,
            "y": 263
          },
          {
            "x": 12.0,
            "y": 262
          },
          {
            "x": 13.0,
            "y": 261
          },
          {
            "x": 13.0,
            "y": 260
          },
          {
            "x": 14.0,
            "y": 259
          },
          {
            "x": 14.0,
            "y": 258
          },
          {
            "x": 15.0,
            "y": 257
          },
          {
            "x": 16.0,
            "y": 257
          },
          {
            "x": 18.0,
            "y": 255.0
          },
          {
            "x": 19.0,
            "y": 255.0
          },
          {
            "x": 20.0,
            "y": 254
          },
          {
            "x": 21.0,
            "y": 254
          },
          {
            "x": 24.0,
            "y": 251
          },
          {
            "x": 24.0,
            "y": 250.0
          },
          {
            "x": 23.0,
            "y": 249
          },
          {
            "x": 23.0,
            "y": 248
          },
          {
            "x": 22.0,
            "y": 247
          },
          {
            "x": 22.0,
            "y": 246
          },
          {
            "x": 21.0,
            "y": 245
          },
          {
            "x": 21.0,
            "y": 244
          },
          {
            "x": 20.0,
            "y": 243
          },
          {
            "x": 20.0,
            "y": 240
          },
          {
            "x": 19.0,
            "y": 239
          },
          {
            "x": 19.0,
            "y": 238
          },
          {
            "x": 20.0,
            "y": 237
          },
          {
            "x": 20.0,
            "y": 235
          },
          {
            "x": 24.0,
            "y": 231
          },
          {
            "x": 25.0,
            "y": 231
          },
          {
            "x": 26.0,
            "y": 230
          },
          {
            "x": 29.0,
            "y": 230
          },
          {
            "x": 30.0,
            "y": 231
          },
          {
            "x": 32,
            "y": 231
          },
          {
            "x": 34.0,
            "y": 233
          },
          {
            "x": 34.0,
            "y": 234
          },
          {
            "x": 35.0,
            "y": 235
          },
          {
            "x": 35.0,
            "y": 247
          },
          {
            "x": 36.0,
            "y": 248
          },
          {
            "x": 36.0,
            "y": 250.0
          },
          {
            "x": 37,
            "y": 250.0
          },
          {
            "x": 38.0,
            "y": 251
          },
          {
            "x": 40.0,
            "y": 251
          },
          {
            "x": 41.0,
            "y": 252.0
          },
          {
            "x": 42,
            "y": 252.0
          },
          {
            "x": 46.0,
            "y": 256
          },
          {
            "x": 46.0,
            "y": 257
          },
          {
            "x": 47.0,
            "y": 258
          },
          {
            "x": 47.0,
            "y": 259
          },
          {
            "x": 48.0,
            "y": 260
          },
          {
            "x": 48.0,
            "y": 262
          },
          {
            "x": 49.0,
            "y": 263
          },
          {
            "x": 49.0,
            "y": 265
          },
          {
            "x": 50.0,
            "y": 266
          },
          {
            "x": 50.0,
            "y": 269
          },
          {
            "x": 51.0,
            "y": 270
          },
          {
            "x": 51.0,
            "y": 273
          },
          {
            "x": 50.0,
            "y": 274
          },
          {
            "x": 50.0,
            "y": 282
          },
          {
            "x": 49.0,
            "y": 283
          },
          {
            "x": 49.0,
            "y": 286
          },
          {
            "x": 48.0,
            "y": 287
          },
          {
            "x": 48.0,
            "y": 291
          },
          {
            "x": 47.0,
            "y": 292
          },
          {
            "x": 47.0,
            "y": 295
          },
          {
            "x": 48.0,
            "y": 296
          },
          {
            "x": 59,
            "y": 296
          },
          {
            "x": 60.0,
            "y": 297
          },
          {
            "x": 62.0,
            "y": 297
          },
          {
            "x": 62.0,
            "y": 296
          },
          {
            "x": 63.0,
            "y": 295
          },
          {
            "x": 63.0,
            "y": 290
          },
          {
            "x": 64,
            "y": 289
          },
          {
            "x": 64,
            "y": 280
          },
          {
            "x": 65.0,
            "y": 279
          },
          {
            "x": 65.0,
            "y": 275
          },
          {
            "x": 64,
            "y": 274
          },
          {
            "x": 64,
            "y": 273
          },
          {
            "x": 63.0,
            "y": 273
          },
          {
            "x": 60.0,
            "y": 270
          },
          {
            "x": 60.0,
            "y": 269
          },
          {
            "x": 59,
            "y": 268
          },
          {
            "x": 60.0,
            "y": 267
          },
          {
            "x": 60.0,
            "y": 265
          },
          {
            "x": 61.0,
            "y": 264
          },
          {
            "x": 61.0,
            "y": 262
          },
          {
            "x": 62.0,
            "y": 261
          },
          {
            "x": 62.0,
            "y": 257
          },
          {
            "x": 64,
            "y": 255.0
          },
          {
            "x": 64,
            "y": 254
          },
          {
            "x": 68.0,
            "y": 250.0
          },
          {
            "x": 73.0,
            "y": 250.0
          },
          {
            "x": 75.0,
            "y": 248
          },
          {
            "x": 75.0,
            "y": 247
          },
          {
            "x": 76,
            "y": 246
          },
          {
            "x": 76,
            "y": 245
          },
          {
            "x": 75.0,
            "y": 244
          },
          {
            "x": 75.0,
            "y": 239
          },
          {
            "x": 74,
            "y": 238
          },
          {
            "x": 74,
            "y": 234
          },
          {
            "x": 75.0,
            "y": 233
          },
          {
            "x": 75.0,
            "y": 231
          },
          {
            "x": 80.0,
            "y": 226
          },
          {
            "x": 84,
            "y": 226
          },
          {
            "x": 85.0,
            "y": 227
          },
          {
            "x": 86,
            "y": 227
          },
          {
            "x": 90.0,
            "y": 231
          },
          {
            "x": 90.0,
            "y": 241
          },
          {
            "x": 89.0,
            "y": 242
          },
          {
            "x": 89.0,
            "y": 243
          },
          {
            "x": 88.0,
            "y": 244
          },
          {
            "x": 88.0,
            "y": 247
          },
          {
            "x": 90.0,
            "y": 249
          },
          {
            "x": 91,
            "y": 249
          },
          {
            "x": 92.0,
            "y": 250.0
          },
          {
            "x": 94.0,
            "y": 250.0
          },
          {
            "x": 98.0,
            "y": 254
          },
          {
            "x": 98.0,
            "y": 255.0
          },
          {
            "x": 101,
            "y": 255.0
          },
          {
            "x": 101,
            "y": 254
          },
          {
            "x": 102.0,
            "y": 253
          },
          {
            "x": 102.0,
            "y": 236
          },
          {
            "x": 101,
            "y": 235
          },
          {
            "x": 101,
            "y": 231
          },
          {
            "x": 100.0,
            "y": 230
          },
          {
            "x": 100.0,
            "y": 229
          },
          {
            "x": 99.0,
            "y": 228
          },
          {
            "x": 99.0,
            "y": 226
          },
          {
            "x": 98.0,
            "y": 225
          },
          {
            "x": 98.0,
            "y": 224
          },
          {
            "x": 97.0,
            "y": 223
          },
          {
            "x": 97.0,
            "y": 222
          },
          {
            "x": 96,
            "y": 221
          },
          {
            "x": 96,
            "y": 220
          },
          {
            "x": 94.0,
            "y": 218
          },
          {
            "x": 94.0,
            "y": 216
          },
          {
            "x": 93.0,
            "y": 215
          },
          {
            "x": 93.0,
            "y": 214
          },
          {
            "x": 91,
            "y": 212
          },
          {
            "x": 91,
            "y": 210
          },
          {
            "x": 90.0,
            "y": 209
          },
          {
            "x": 90.0,
            "y": 205
          },
          {
            "x": 91,
            "y": 204
          },
          {
            "x": 91,
            "y": 200
          },
          {
            "x": 92.0,
            "y": 199
          },
          {
            "x": 92.0,
            "y": 197
          },
          {
            "x": 93.0,
            "y": 196
          },
          {
            "x": 93.0,
            "y": 193
          },
          {
            "x": 94.0,
            "y": 192
          },
          {
            "x": 94.0,
            "y": 190
          },
          {
            "x": 95.0,
            "y": 189
          },
          {
            "x": 95.0,
            "y": 186
          },
          {
            "x": 96,
            "y": 185
          },
          {
            "x": 96,
            "y": 182
          },
          {
            "x": 97.0,
            "y": 181
          },
          {
            "x": 97.0,
            "y": 173
          },
          {
            "x": 98.0,
            "y": 172
          },
          {
            "x": 98.0,
            "y": 170
          },
          {
            "x": 99.0,
            "y": 169
          },
          {
            "x": 99.0,
            "y": 168
          },
          {
            "x": 100.0,
            "y": 167
          },
          {
            "x": 100.0,
            "y": 166
          },
          {
            "x": 102.0,
            "y": 164
          },
          {
            "x": 102.0,
            "y": 163
          },
          {
            "x": 104.0,
            "y": 161
          },
          {
            "x": 104.0,
            "y": 160
          },
          {
            "x": 105.0,
            "y": 159
          },
          {
            "x": 105.0,
            "y": 158
          },
          {
            "x": 106,
            "y": 157
          },
          {
            "x": 106,
            "y": 156
          },
          {
            "x": 107.0,
            "y": 155
          },
          {
            "x": 107.0,
            "y": 154
          },
          {
            "x": 108,
            "y": 153
          },
          {
            "x": 108,
            "y": 151
          },
          {
            "x": 109.0,
            "y": 150
          },
          {
            "x": 109.0,
            "y": 149
          },
          {
            "x": 110.0,
            "y": 148
          },
          {
            "x": 110.0,
            "y": 145
          },
          {
            "x": 111,
            "y": 144
          },
          {
            "x": 111,
            "y": 143
          },
          {
            "x": 112.0,
            "y": 142
          },
          {
            "x": 112.0,
            "y": 140
          },
          {
            "x": 113,
            "y": 139
          },
          {
            "x": 113,
            "y": 136
          },
          {
            "x": 114.0,
            "y": 135
          },
          {
            "x": 114.0,
            "y": 134
          },
          {
            "x": 115.0,
            "y": 133
          },
          {
            "x": 115.0,
            "y": 129
          },
          {
            "x": 117.0,
            "y": 127
          },
          {
            "x": 118,
            "y": 127
          },
          {
            "x": 120.0,
            "y": 125.0
          },
          {
            "x": 121.0,
            "y": 125.0
          },
          {
            "x": 124.0,
            "y": 122
          },
          {
            "x": 124.0,
            "y": 121.0
          },
          {
            "x": 125.0,
            "y": 120.0
          },
          {
            "x": 125.0,
            "y": 119.0
          },
          {
            "x": 126.0,
            "y": 118
          },
          {
            "x": 126.0,
            "y": 116
          },
          {
            "x": 127.0,
            "y": 115.0
          },
          {
            "x": 127.0,
            "y": 113
          },
          {
            "x": 126.0,
            "y": 112
          },
          {
            "x": 126.0,
            "y": 111
          },
          {
            "x": 125.0,
            "y": 110.0
          },
          {
            "x": 124.0,
            "y": 110.0
          },
          {
            "x": 122.0,
            "y": 108
          },
          {
            "x": 116,
            "y": 108
          },
          {
            "x": 115.0,
            "y": 109.0
          },
          {
            "x": 113,
            "y": 109.0
          },
          {
            "x": 112.0,
            "y": 110.0
          },
          {
            "x": 111,
            "y": 110.0
          },
          {
            "x": 110.0,
            "y": 111
          },
          {
            "x": 108,
            "y": 111
          },
          {
            "x": 107.0,
            "y": 112
          },
          {
            "x": 104.0,
            "y": 112
          },
          {
            "x": 103.0,
            "y": 113
          },
          {
            "x": 102.0,
            "y": 113
          },
          {
            "x": 101,
            "y": 114.0
          },
          {
            "x": 100.0,
            "y": 114.0
          },
          {
            "x": 99.0,
            "y": 115.0
          },
          {
            "x": 98.0,
            "y": 115.0
          },
          {
            "x": 95.0,
            "y": 118
          },
          {
            "x": 93.0,
            "y": 118
          },
          {
            "x": 91,
            "y": 120.0
          },
          {
            "x": 90.0,
            "y": 120.0
          },
          {
            "x": 89.0,
            "y": 121.0
          },
          {
            "x": 87.0,
            "y": 121.0
          },
          {
            "x": 85.0,
            "y": 123
          },
          {
            "x": 84,
            "y": 123
          },
          {
            "x": 83.0,
            "y": 124
          },
          {
            "x": 82.0,
            "y": 124
          },
          {
            "x": 80.0,
            "y": 126.0
          },
          {
            "x": 79,
            "y": 126.0
          },
          {
            "x": 78.0,
            "y": 127
          },
          {
            "x": 75.0,
            "y": 127
          },
          {
            "x": 74,
            "y": 126.0
          },
          {
            "x": 71.0,
            "y": 126.0
          },
          {
            "x": 70.0,
            "y": 125.0
          },
          {
            "x": 68.0,
            "y": 125.0
          },
          {
            "x": 67.0,
            "y": 124
          },
          {
            "x": 64,
            "y": 124
          },
          {
            "x": 63.0,
            "y": 123
          },
          {
            "x": 57.0,
            "y": 123
          },
          {
            "x": 56.0,
            "y": 122
          },
          {
            "x": 42,
            "y": 122
          },
          {
            "x": 41.0,
            "y": 121.0
          },
          {
            "x": 40.0,
            "y": 121.0
          },
          {
            "x": 38.0,
            "y": 119.0
          },
          {
            "x": 38.0,
            "y": 118
          },
          {
            "x": 32,
            "y": 112
          },
          {
            "x": 31.0,
            "y": 112
          },
          {
            "x": 30.0,
            "y": 111
          },
          {
            "x": 30.0,
            "y": 110.0
          },
          {
            "x": 29.0,
            "y": 110.0
          },
          {
            "x": 26.0,
            "y": 107
          },
          {
            "x": 25.0,
            "y": 107
          },
          {
            "x": 24.0,
            "y": 106
          },
          {
            "x": 23.0,
            "y": 106
          },
          {
            "x": 22.0,
            "y": 105.0
          },
          {
            "x": 22.0,
            "y": 104.0
          },
          {
            "x": 21.0,
            "y": 104.0
          },
          {
            "x": 17.0,
            "y": 100
          },
          {
            "x": 17.0,
            "y": 99.0
          },
          {
            "x": 15.0,
            "y": 99.0
          },
          {
            "x": 12.0,
            "y": 96
          }
        ]
      }
    }
  ]
}