{
  "image": {
    "width": 640,
    "height": 632,
    "filename": "00000179.jpg",
    "original_filename": "COCO_test2014_000000002464.jpg",
    "url": "https://darwin.v7labs.com/api/images/1197473/original?token=b0d243df-6830-43ea-9569-5542031eaef8",
    "thumbnail_url": "https://darwin.v7labs.com/api/images/1197473/thumbnail?token=b0d243df-6830-43ea-9569-5542031eaef8",
    "workview_url": "https://darwin.v7labs.com/workview?dataset=1164&image=179"
  },
  "dataset": "4_Aizada_ver2",
  "annotated": true,
  "annotations": [
    {
      "annotator": {
        "email": "corporate@bex.kg",
        "full_name": "Aizada Tynchybek kyzy"
      },
      "name": "Men_Polygon",
      "polygon": {
        "path": [
          {
            "x": 452,
            "y": 163
          },
          {
            "x": 450,
            "y": 163
          },
          {
            "x": 449.0,
            "y": 162
          },
          {
            "x": 439.0,
            "y": 162
          },
          {
            "x": 436,
            "y": 159
          },
          {
            "x": 436,
            "y": 158
          },
          {
            "x": 435,
            "y": 158
          },
          {
            "x": 433,
            "y": 156
          },
          {
            "x": 433,
            "y": 155
          },
          {
            "x": 431,
            "y": 153
          },
          {
            "x": 429.0,
            "y": 153
          },
          {
            "x": 427.0,
            "y": 151
          },
          {
            "x": 426,
            "y": 151
          },
          {
            "x": 425.0,
            "y": 150
          },
          {
            "x": 424,
            "y": 150
          },
          {
            "x": 423,
            "y": 149
          },
          {
            "x": 421,
            "y": 149
          },
          {
            "x": 420.0,
            "y": 148
          },
          {
            "x": 419,
            "y": 148
          },
          {
            "x": 418.0,
            "y": 147
          },
          {
            "x": 414,
            "y": 147
          },
          {
            "x": 413.0,
            "y": 146
          },
          {
            "x": 410.0,
            "y": 146
          },
          {
            "x": 409,
            "y": 145
          },
          {
            "x": 399,
            "y": 145
          },
          {
            "x": 398.0,
            "y": 146
          },
          {
            "x": 395,
            "y": 146
          },
          {
            "x": 394.0,
            "y": 147
          },
          {
            "x": 393.0,
            "y": 147
          },
          {
            "x": 392,
            "y": 148
          },
          {
            "x": 391.0,
            "y": 148
          },
          {
            "x": 390,
            "y": 149
          },
          {
            "x": 389.0,
            "y": 149
          },
          {
            "x": 388,
            "y": 150
          },
          {
            "x": 387,
            "y": 150
          },
          {
            "x": 381,
            "y": 156
          },
          {
            "x": 381,
            "y": 157
          },
          {
            "x": 380,
            "y": 158
          },
          {
            "x": 380,
            "y": 159
          },
          {
            "x": 378,
            "y": 161
          },
          {
            "x": 378,
            "y": 162
          },
          {
            "x": 377.0,
            "y": 163
          },
          {
            "x": 377.0,
            "y": 164
          },
          {
            "x": 376,
            "y": 165
          },
          {
            "x": 376,
            "y": 170
          },
          {
            "x": 375,
            "y": 171
          },
          {
            "x": 375,
            "y": 180
          },
          {
            "x": 376,
            "y": 181
          },
          {
            "x": 376,
            "y": 188
          },
          {
            "x": 377.0,
            "y": 189
          },
          {
            "x": 377.0,
            "y": 193
          },
          {
            "x": 378,
            "y": 194
          },
          {
            "x": 378,
            "y": 198
          },
          {
            "x": 375,
            "y": 201
          },
          {
            "x": 372.0,
            "y": 201
          },
          {
            "x": 371,
            "y": 202
          },
          {
            "x": 369,
            "y": 202
          },
          {
            "x": 367.0,
            "y": 204
          },
          {
            "x": 366,
            "y": 204
          },
          {
            "x": 366,
            "y": 205
          },
          {
            "x": 365.0,
            "y": 206
          },
          {
            "x": 362.0,
            "y": 206
          },
          {
            "x": 359,
            "y": 209
          },
          {
            "x": 358.0,
            "y": 209
          },
          {
            "x": 357,
            "y": 210
          },
          {
            "x": 356,
            "y": 210
          },
          {
            "x": 355.0,
            "y": 211
          },
          {
            "x": 354,
            "y": 211
          },
          {
            "x": 353.0,
            "y": 212
          },
          {
            "x": 352,
            "y": 212
          },
          {
            "x": 349,
            "y": 215
          },
          {
            "x": 348.0,
            "y": 215
          },
          {
            "x": 339.0,
            "y": 224
          },
          {
            "x": 339.0,
            "y": 225
          },
          {
            "x": 338.0,
            "y": 226
          },
          {
            "x": 337,
            "y": 226
          },
          {
            "x": 337,
            "y": 227
          },
          {
            "x": 332,
            "y": 232
          },
          {
            "x": 332,
            "y": 234
          },
          {
            "x": 331.0,
            "y": 235
          },
          {
            "x": 330,
            "y": 235
          },
          {
            "x": 328,
            "y": 237
          },
          {
            "x": 328,
            "y": 238
          },
          {
            "x": 326,
            "y": 240.0
          },
          {
            "x": 325,
            "y": 240.0
          },
          {
            "x": 320,
            "y": 245
          },
          {
            "x": 318,
            "y": 245
          },
          {
            "x": 318,
            "y": 246.0
          },
          {
            "x": 314,
            "y": 250
          },
          {
            "x": 313,
            "y": 250
          },
          {
            "x": 313,
            "y": 251
          },
          {
            "x": 311,
            "y": 253.0
          },
          {
            "x": 311,
            "y": 254.0
          },
          {
            "x": 310.0,
            "y": 255
          },
          {
            "x": 309,
            "y": 255
          },
          {
            "x": 308.0,
            "y": 256
          },
          {
            "x": 308.0,
            "y": 258
          },
          {
            "x": 307.0,
            "y": 259
          },
          {
            "x": 306,
            "y": 259
          },
          {
            "x": 304,
            "y": 261
          },
          {
            "x": 304,
            "y": 263
          },
          {
            "x": 303.0,
            "y": 264
          },
          {
            "x": 302,
            "y": 264
          },
          {
            "x": 300.0,
            "y": 266
          },
          {
            "x": 300.0,
            "y": 267
          },
          {
            "x": 298.0,
            "y": 269
          },
          {
            "x": 298.0,
            "y": 270
          },
          {
            "x": 294,
            "y": 274
          },
          {
            "x": 294,
            "y": 275
          },
          {
            "x": 290,
            "y": 279
          },
          {
            "x": 289,
            "y": 279
          },
          {
            "x": 285,
            "y": 283
          },
          {
            "x": 284.0,
            "y": 283
          },
          {
            "x": 284.0,
            "y": 284
          },
          {
            "x": 282,
            "y": 286
          },
          {
            "x": 281.0,
            "y": 286
          },
          {
            "x": 278,
            "y": 289
          },
          {
            "x": 277,
            "y": 289
          },
          {
            "x": 273,
            "y": 293
          },
          {
            "x": 271,
            "y": 293
          },
          {
            "x": 269.0,
            "y": 295
          },
          {
            "x": 268,
            "y": 295
          },
          {
            "x": 266,
            "y": 297
          },
          {
            "x": 265,
            "y": 297
          },
          {
            "x": 264.0,
            "y": 298
          },
          {
            "x": 262.0,
            "y": 298
          },
          {
            "x": 261,
            "y": 299
          },
          {
            "x": 260.0,
            "y": 299
          },
          {
            "x": 260.0,
            "y": 300
          },
          {
            "x": 259.0,
            "y": 301
          },
          {
            "x": 258,
            "y": 301
          },
          {
            "x": 256,
            "y": 303
          },
          {
            "x": 255.0,
            "y": 303
          },
          {
            "x": 252.0,
            "y": 306
          },
          {
            "x": 251,
            "y": 306
          },
          {
            "x": 251,
            "y": 307
          },
          {
            "x": 250.0,
            "y": 308
          },
          {
            "x": 249,
            "y": 308
          },
          {
            "x": 246.0,
            "y": 311
          },
          {
            "x": 246.0,
            "y": 312
          },
          {
            "x": 241.0,
            "y": 317
          },
          {
            "x": 241.0,
            "y": 318
          },
          {
            "x": 236.0,
            "y": 323
          },
          {
            "x": 236.0,
            "y": 326
          },
          {
            "x": 234.0,
            "y": 328
          },
          {
            "x": 234.0,
            "y": 330
          },
          {
            "x": 233.0,
            "y": 331
          },
          {
            "x": 233.0,
            "y": 332
          },
          {
            "x": 232,
            "y": 333
          },
          {
            "x": 232,
            "y": 335
          },
          {
            "x": 231.0,
            "y": 336
          },
          {
            "x": 231.0,
            "y": 356
          },
          {
            "x": 232,
            "y": 357
          },
          {
            "x": 232,
            "y": 359
          },
          {
            "x": 233.0,
            "y": 360
          },
          {
            "x": 233.0,
            "y": 363
          },
          {
            "x": 234.0,
            "y": 364
          },
          {
            "x": 234.0,
            "y": 365
          },
          {
            "x": 235.0,
            "y": 366
          },
          {
            "x": 235.0,
            "y": 368
          },
          {
            "x": 236.0,
            "y": 369
          },
          {
            "x": 236.0,
            "y": 373
          },
          {
            "x": 237,
            "y": 374
          },
          {
            "x": 237,
            "y": 375
          },
          {
            "x": 238.0,
            "y": 376
          },
          {
            "x": 238.0,
            "y": 378
          },
          {
            "x": 240.0,
            "y": 380
          },
          {
            "x": 240.0,
            "y": 382
          },
          {
            "x": 241.0,
            "y": 383
          },
          {
            "x": 241.0,
            "y": 387
          },
          {
            "x": 242.0,
            "y": 388
          },
          {
            "x": 242.0,
            "y": 390
          },
          {
            "x": 243.0,
            "y": 391
          },
          {
            "x": 243.0,
            "y": 393
          },
          {
            "x": 244,
            "y": 394
          },
          {
            "x": 244,
            "y": 396
          },
          {
            "x": 245.0,
            "y": 397
          },
          {
            "x": 245.0,
            "y": 399
          },
          {
            "x": 246.0,
            "y": 400
          },
          {
            "x": 246.0,
            "y": 405
          },
          {
            "x": 247.0,
            "y": 406
          },
          {
            "x": 247.0,
            "y": 408
          },
          {
            "x": 248.0,
            "y": 409
          },
          {
            "x": 248.0,
            "y": 412
          },
          {
            "x": 249,
            "y": 413
          },
          {
            "x": 249,
            "y": 415
          },
          {
            "x": 250.0,
            "y": 416
          },
          {
            "x": 250.0,
            "y": 418
          },
          {
            "x": 251,
            "y": 419
          },
          {
            "x": 251,
            "y": 425
          },
          {
            "x": 252.0,
            "y": 426
          },
          {
            "x": 252.0,
            "y": 427
          },
          {
            "x": 253.0,
            "y": 428
          },
          {
            "x": 253.0,
            "y": 429
          },
          {
            "x": 254.0,
            "y": 430
          },
          {
            "x": 254.0,
            "y": 431
          },
          {
            "x": 255.0,
            "y": 432
          },
          {
            "x": 255.0,
            "y": 437
          },
          {
            "x": 256,
            "y": 438
          },
          {
            "x": 256,
            "y": 440
          },
          {
            "x": 257.0,
            "y": 441
          },
          {
            "x": 257.0,
            "y": 443
          },
          {
            "x": 258,
            "y": 444
          },
          {
            "x": 258,
            "y": 446
          },
          {
            "x": 259.0,
            "y": 447
          },
          {
            "x": 259.0,
            "y": 448
          },
          {
            "x": 260.0,
            "y": 449
          },
          {
            "x": 260.0,
            "y": 452
          },
          {
            "x": 255.0,
            "y": 457
          },
          {
            "x": 254.0,
            "y": 457
          },
          {
            "x": 251,
            "y": 460
          },
          {
            "x": 251,
            "y": 461
          },
          {
            "x": 250.0,
            "y": 462
          },
          {
            "x": 249,
            "y": 462
          },
          {
            "x": 245.0,
            "y": 466
          },
          {
            "x": 244,
            "y": 466
          },
          {
            "x": 242.0,
            "y": 468
          },
          {
            "x": 241.0,
            "y": 468
          },
          {
            "x": 241.0,
            "y": 469
          },
          {
            "x": 240.0,
            "y": 470
          },
          {
            "x": 239,
            "y": 470
          },
          {
            "x": 238.0,
            "y": 471
          },
          {
            "x": 236.0,
            "y": 471
          },
          {
            "x": 236.0,
            "y": 472.0
          },
          {
            "x": 235.0,
            "y": 473.0
          },
          {
            "x": 234.0,
            "y": 473.0
          },
          {
            "x": 233.0,
            "y": 474
          },
          {
            "x": 232,
            "y": 474
          },
          {
            "x": 229.0,
            "y": 477.0
          },
          {
            "x": 228.0,
            "y": 477.0
          },
          {
            "x": 226.0,
            "y": 479
          },
          {
            "x": 226.0,
            "y": 480.0
          },
          {
            "x": 225,
            "y": 481
          },
          {
            "x": 223.0,
            "y": 481
          },
          {
            "x": 220,
            "y": 484.0
          },
          {
            "x": 219.0,
            "y": 484.0
          },
          {
            "x": 216.0,
            "y": 487.0
          },
          {
            "x": 215.0,
            "y": 487.0
          },
          {
            "x": 213,
            "y": 489.0
          },
          {
            "x": 214.0,
            "y": 490
          },
          {
            "x": 214.0,
            "y": 491
          },
          {
            "x": 221.0,
            "y": 491
          },
          {
            "x": 222.0,
            "y": 490
          },
          {
            "x": 231.0,
            "y": 490
          },
          {
            "x": 232,
            "y": 489.0
          },
          {
            "x": 239,
            "y": 489.0
          },
          {
            "x": 240.0,
            "y": 488
          },
          {
            "x": 245.0,
            "y": 488
          },
          {
            "x": 246.0,
            "y": 487.0
          },
          {
            "x": 254.0,
            "y": 487.0
          },
          {
            "x": 255.0,
            "y": 486
          },
          {
            "x": 263,
            "y": 486
          },
          {
            "x": 264.0,
            "y": 485.0
          },
          {
            "x": 279.0,
            "y": 485.0
          },
          {
            "x": 280,
            "y": 484.0
          },
          {
            "x": 285,
            "y": 484.0
          },
          {
            "x": 286.0,
            "y": 483
          },
          {
            "x": 291.0,
            "y": 483
          },
          {
            "x": 292,
            "y": 482.0
          },
          {
            "x": 295.0,
            "y": 482.0
          },
          {
            "x": 296.0,
            "y": 481
          },
          {
            "x": 300.0,
            "y": 481
          },
          {
            "x": 301,
            "y": 480.0
          },
          {
            "x": 306,
            "y": 480.0
          },
          {
            "x": 306,
            "y": 476
          },
          {
            "x": 307.0,
            "y": 475.0
          },
          {
            "x": 307.0,
            "y": 471
          },
          {
            "x": 308.0,
            "y": 470
          },
          {
            "x": 310.0,
            "y": 470
          },
          {
            "x": 312.0,
            "y": 468
          },
          {
            "x": 313,
            "y": 468
          },
          {
            "x": 314,
            "y": 467
          },
          {
            "x": 316,
            "y": 467
          },
          {
            "x": 318,
            "y": 465
          },
          {
            "x": 320,
            "y": 465
          },
          {
            "x": 321,
            "y": 464
          },
          {
            "x": 322.0,
            "y": 464
          },
          {
            "x": 322.0,
            "y": 463
          },
          {
            "x": 324.0,
            "y": 461
          },
          {
            "x": 326,
            "y": 461
          },
          {
            "x": 327.0,
            "y": 460
          },
          {
            "x": 327.0,
            "y": 459
          },
          {
            "x": 330,
            "y": 456
          },
          {
            "x": 330,
            "y": 455
          },
          {
            "x": 331.0,
            "y": 454
          },
          {
            "x": 331.0,
            "y": 440
          },
          {
            "x": 330,
            "y": 439
          },
          {
            "x": 330,
            "y": 434
          },
          {
            "x": 329.0,
            "y": 433
          },
          {
            "x": 329.0,
            "y": 428
          },
          {
            "x": 328,
            "y": 427
          },
          {
            "x": 328,
            "y": 421
          },
          {
            "x": 327.0,
            "y": 420
          },
          {
            "x": 327.0,
            "y": 408
          },
          {
            "x": 326,
            "y": 407
          },
          {
            "x": 326,
            "y": 403
          },
          {
            "x": 325,
            "y": 402
          },
          {
            "x": 325,
            "y": 398
          },
          {
            "x": 324.0,
            "y": 397
          },
          {
            "x": 324.0,
            "y": 394
          },
          {
            "x": 323,
            "y": 393
          },
          {
            "x": 323,
            "y": 390
          },
          {
            "x": 322.0,
            "y": 389
          },
          {
            "x": 322.0,
            "y": 384
          },
          {
            "x": 321,
            "y": 383
          },
          {
            "x": 321,
            "y": 380
          },
          {
            "x": 320,
            "y": 379
          },
          {
            "x": 320,
            "y": 378
          },
          {
            "x": 319.0,
            "y": 377
          },
          {
            "x": 319.0,
            "y": 375
          },
          {
            "x": 318,
            "y": 374
          },
          {
            "x": 318,
            "y": 371
          },
          {
            "x": 317.0,
            "y": 370
          },
          {
            "x": 317.0,
            "y": 366
          },
          {
            "x": 316,
            "y": 365
          },
          {
            "x": 316,
            "y": 363
          },
          {
            "x": 315.0,
            "y": 362
          },
          {
            "x": 315.0,
            "y": 360
          },
          {
            "x": 314,
            "y": 359
          },
          {
            "x": 314,
            "y": 356
          },
          {
            "x": 313,
            "y": 355
          },
          {
            "x": 313,
            "y": 350
          },
          {
            "x": 314,
            "y": 349
          },
          {
            "x": 314,
            "y": 347
          },
          {
            "x": 316,
            "y": 345
          },
          {
            "x": 317.0,
            "y": 345
          },
          {
            "x": 317.0,
            "y": 344
          },
          {
            "x": 320,
            "y": 341
          },
          {
            "x": 321,
            "y": 341
          },
          {
            "x": 323,
            "y": 339
          },
          {
            "x": 324.0,
            "y": 339
          },
          {
            "x": 332,
            "y": 331
          },
          {
            "x": 333,
            "y": 331
          },
          {
            "x": 336.0,
            "y": 328
          },
          {
            "x": 336.0,
            "y": 327
          },
          {
            "x": 337,
            "y": 326
          },
          {
            "x": 339.0,
            "y": 326
          },
          {
            "x": 341.0,
            "y": 324
          },
          {
            "x": 341.0,
            "y": 323
          },
          {
            "x": 343.0,
            "y": 321
          },
          {
            "x": 344,
            "y": 321
          },
          {
            "x": 346.0,
            "y": 319
          },
          {
            "x": 347,
            "y": 319
          },
          {
            "x": 351.0,
            "y": 323
          },
          {
            "x": 351.0,
            "y": 325
          },
          {
            "x": 352,
            "y": 326
          },
          {
            "x": 352,
            "y": 330
          },
          {
            "x": 353.0,
            "y": 331
          },
          {
            "x": 353.0,
            "y": 332
          },
          {
            "x": 354,
            "y": 333
          },
          {
            "x": 354,
            "y": 334
          },
          {
            "x": 355.0,
            "y": 335
          },
          {
            "x": 355.0,
            "y": 336
          },
          {
            "x": 356,
            "y": 337
          },
          {
            "x": 356,
            "y": 340
          },
          {
            "x": 357,
            "y": 341
          },
          {
            "x": 357,
            "y": 342
          },
          {
            "x": 358.0,
            "y": 343
          },
          {
            "x": 358.0,
            "y": 344
          },
          {
            "x": 360.0,
            "y": 346
          },
          {
            "x": 360.0,
            "y": 348
          },
          {
            "x": 361,
            "y": 349
          },
          {
            "x": 361,
            "y": 353
          },
          {
            "x": 362.0,
            "y": 354
          },
          {
            "x": 362.0,
            "y": 357
          },
          {
            "x": 363.0,
            "y": 358
          },
          {
            "x": 363.0,
            "y": 359
          },
          {
            "x": 364,
            "y": 360
          },
          {
            "x": 364,
            "y": 362
          },
          {
            "x": 365.0,
            "y": 363
          },
          {
            "x": 365.0,
            "y": 364
          },
          {
            "x": 366,
            "y": 365
          },
          {
            "x": 366,
            "y": 367
          },
          {
            "x": 367.0,
            "y": 368
          },
          {
            "x": 367.0,
            "y": 369
          },
          {
            "x": 368,
            "y": 370
          },
          {
            "x": 368,
            "y": 371
          },
          {
            "x": 369,
            "y": 372
          },
          {
            "x": 369,
            "y": 374
          },
          {
            "x": 370.0,
            "y": 375
          },
          {
            "x": 370.0,
            "y": 379
          },
          {
            "x": 371,
            "y": 380
          },
          {
            "x": 371,
            "y": 387
          },
          {
            "x": 372.0,
            "y": 388
          },
          {
            "x": 372.0,
            "y": 389
          },
          {
            "x": 373,
            "y": 390
          },
          {
            "x": 373,
            "y": 393
          },
          {
            "x": 374.0,
            "y": 394
          },
          {
            "x": 374.0,
            "y": 407
          },
          {
            "x": 373,
            "y": 408
          },
          {
            "x": 373,
            "y": 411
          },
          {
            "x": 372.0,
            "y": 412
          },
          {
            "x": 372.0,
            "y": 419
          },
          {
            "x": 373,
            "y": 420
          },
          {
            "x": 373,
            "y": 421
          },
          {
            "x": 374.0,
            "y": 422
          },
          {
            "x": 375,
            "y": 422
          },
          {
            "x": 376,
            "y": 423
          },
          {
            "x": 376,
            "y": 425
          },
          {
            "x": 379.0,
            "y": 428
          },
          {
            "x": 380,
            "y": 428
          },
          {
            "x": 382.0,
            "y": 430
          },
          {
            "x": 388,
            "y": 430
          },
          {
            "x": 390,
            "y": 428
          },
          {
            "x": 392,
            "y": 428
          },
          {
            "x": 393.0,
            "y": 427
          },
          {
            "x": 394.0,
            "y": 427
          },
          {
            "x": 399,
            "y": 422
          },
          {
            "x": 399,
            "y": 420
          },
          {
            "x": 400,
            "y": 419
          },
          {
            "x": 400,
            "y": 418
          },
          {
            "x": 401.0,
            "y": 417
          },
          {
            "x": 401.0,
            "y": 415
          },
          {
            "x": 402,
            "y": 414
          },
          {
            "x": 402,
            "y": 411
          },
          {
            "x": 403.0,
            "y": 410
          },
          {
            "x": 403.0,
            "y": 406
          },
          {
            "x": 402,
            "y": 405
          },
          {
            "x": 402,
            "y": 402
          },
          {
            "x": 401.0,
            "y": 401
          },
          {
            "x": 401.0,
            "y": 398
          },
          {
            "x": 400,
            "y": 397
          },
          {
            "x": 400,
            "y": 394
          },
          {
            "x": 399,
            "y": 393
          },
          {
            "x": 399,
            "y": 389
          },
          {
            "x": 398.0,
            "y": 388
          },
          {
            "x": 398.0,
            "y": 386
          },
          {
            "x": 397,
            "y": 385
          },
          {
            "x": 397,
            "y": 384
          },
          {
            "x": 396.0,
            "y": 383
          },
          {
            "x": 396.0,
            "y": 382
          },
          {
            "x": 395,
            "y": 381
          },
          {
            "x": 395,
            "y": 380
          },
          {
            "x": 394.0,
            "y": 379
          },
          {
            "x": 394.0,
            "y": 377
          },
          {
            "x": 393.0,
            "y": 376
          },
          {
            "x": 393.0,
            "y": 375
          },
          {
            "x": 392,
            "y": 374
          },
          {
            "x": 392,
            "y": 373
          },
          {
            "x": 391.0,
            "y": 372
          },
          {
            "x": 391.0,
            "y": 370
          },
          {
            "x": 390,
            "y": 369
          },
          {
            "x": 390,
            "y": 366
          },
          {
            "x": 389.0,
            "y": 365
          },
          {
            "x": 389.0,
            "y": 360
          },
          {
            "x": 388,
            "y": 359
          },
          {
            "x": 388,
            "y": 356
          },
          {
            "x": 387,
            "y": 355
          },
          {
            "x": 387,
            "y": 353
          },
          {
            "x": 386.0,
            "y": 352
          },
          {
            "x": 386.0,
            "y": 351
          },
          {
            "x": 385,
            "y": 350
          },
          {
            "x": 385,
            "y": 348
          },
          {
            "x": 384.0,
            "y": 347
          },
          {
            "x": 384.0,
            "y": 345
          },
          {
            "x": 383,
            "y": 344
          },
          {
            "x": 383,
            "y": 343
          },
          {
            "x": 382.0,
            "y": 342
          },
          {
            "x": 382.0,
            "y": 341
          },
          {
            "x": 381,
            "y": 340
          },
          {
            "x": 381,
            "y": 338
          },
          {
            "x": 380,
            "y": 337
          },
          {
            "x": 380,
            "y": 331
          },
          {
            "x": 382.0,
            "y": 329
          },
          {
            "x": 383,
            "y": 330
          },
          {
            "x": 383,
            "y": 331
          },
          {
            "x": 385,
            "y": 333
          },
          {
            "x": 385,
            "y": 334
          },
          {
            "x": 386.0,
            "y": 335
          },
          {
            "x": 388,
            "y": 335
          },
          {
            "x": 390,
            "y": 337
          },
          {
            "x": 390,
            "y": 338
          },
          {
            "x": 392,
            "y": 340
          },
          {
            "x": 393.0,
            "y": 340
          },
          {
            "x": 395,
            "y": 342
          },
          {
            "x": 395,
            "y": 343
          },
          {
            "x": 396.0,
            "y": 343
          },
          {
            "x": 398.0,
            "y": 345
          },
          {
            "x": 399,
            "y": 345
          },
          {
            "x": 400,
            "y": 346
          },
          {
            "x": 400,
            "y": 347
          },
          {
            "x": 403.0,
            "y": 350
          },
          {
            "x": 404,
            "y": 350
          },
          {
            "x": 405.0,
            "y": 351
          },
          {
            "x": 405.0,
            "y": 352
          },
          {
            "x": 406.0,
            "y": 352
          },
          {
            "x": 409,
            "y": 355
          },
          {
            "x": 410.0,
            "y": 355
          },
          {
            "x": 414,
            "y": 359
          },
          {
            "x": 415.0,
            "y": 359
          },
          {
            "x": 416,
            "y": 360
          },
          {
            "x": 417.0,
            "y": 360
          },
          {
            "x": 421,
            "y": 364
          },
          {
            "x": 422.0,
            "y": 364
          },
          {
            "x": 424,
            "y": 366
          },
          {
            "x": 424,
            "y": 367
          },
          {
            "x": 426,
            "y": 369
          },
          {
            "x": 428,
            "y": 369
          },
          {
            "x": 429.0,
            "y": 370
          },
          {
            "x": 429.0,
            "y": 371
          },
          {
            "x": 430.0,
            "y": 371
          },
          {
            "x": 432.0,
            "y": 373
          },
          {
            "x": 433,
            "y": 373
          },
          {
            "x": 434.0,
            "y": 374
          },
          {
            "x": 435,
            "y": 374
          },
          {
            "x": 440,
            "y": 379
          },
          {
            "x": 442.0,
            "y": 379
          },
          {
            "x": 443,
            "y": 380
          },
          {
            "x": 443,
            "y": 381
          },
          {
            "x": 444.0,
            "y": 381
          },
          {
            "x": 446.0,
            "y": 383
          },
          {
            "x": 447,
            "y": 383
          },
          {
            "x": 448,
            "y": 384
          },
          {
            "x": 451.0,
            "y": 384
          },
          {
            "x": 452,
            "y": 385
          },
          {
            "x": 453.0,
            "y": 385
          },
          {
            "x": 454,
            "y": 386
          },
          {
            "x": 455,
            "y": 386
          },
          {
            "x": 456.0,
            "y": 387
          },
          {
            "x": 457,
            "y": 387
          },
          {
            "x": 458.0,
            "y": 388
          },
          {
            "x": 462,
            "y": 388
          },
          {
            "x": 463.0,
            "y": 389
          },
          {
            "x": 465.0,
            "y": 389
          },
          {
            "x": 471,
            "y": 395
          },
          {
            "x": 471,
            "y": 396
          },
          {
            "x": 472.0,
            "y": 397
          },
          {
            "x": 472.0,
            "y": 401
          },
          {
            "x": 473.0,
            "y": 402
          },
          {
            "x": 473.0,
            "y": 403
          },
          {
            "x": 474,
            "y": 403
          },
          {
            "x": 475.0,
            "y": 404
          },
          {
            "x": 478,
            "y": 404
          },
          {
            "x": 479,
            "y": 403
          },
          {
            "x": 480.0,
            "y": 403
          },
          {
            "x": 480.0,
            "y": 385
          },
          {
            "x": 479,
            "y": 384
          },
          {
            "x": 479,
            "y": 382
          },
          {
            "x": 478,
            "y": 381
          },
          {
            "x": 478,
            "y": 380
          },
          {
            "x": 476,
            "y": 378
          },
          {
            "x": 476,
            "y": 376
          },
          {
            "x": 475.0,
            "y": 375
          },
          {
            "x": 474,
            "y": 375
          },
          {
            "x": 472.0,
            "y": 373
          },
          {
            "x": 472.0,
            "y": 372
          },
          {
            "x": 471,
            "y": 371
          },
          {
            "x": 471,
            "y": 370
          },
          {
            "x": 470.0,
            "y": 370
          },
          {
            "x": 468.0,
            "y": 368
          },
          {
            "x": 467,
            "y": 368
          },
          {
            "x": 466,
            "y": 367
          },
          {
            "x": 466,
            "y": 366
          },
          {
            "x": 464,
            "y": 366
          },
          {
            "x": 463.0,
            "y": 365
          },
          {
            "x": 458.0,
            "y": 365
          },
          {
            "x": 457,
            "y": 364
          },
          {
            "x": 455,
            "y": 364
          },
          {
            "x": 454,
            "y": 363
          },
          {
            "x": 453.0,
            "y": 363
          },
          {
            "x": 451.0,
            "y": 361
          },
          {
            "x": 450,
            "y": 361
          },
          {
            "x": 449.0,
            "y": 360
          },
          {
            "x": 448,
            "y": 360
          },
          {
            "x": 447,
            "y": 359
          },
          {
            "x": 447,
            "y": 358
          },
          {
            "x": 445,
            "y": 356
          },
          {
            "x": 444.0,
            "y": 356
          },
          {
            "x": 442.0,
            "y": 354
          },
          {
            "x": 442.0,
            "y": 352
          },
          {
            "x": 441.0,
            "y": 351
          },
          {
            "x": 440,
            "y": 351
          },
          {
            "x": 437.0,
            "y": 348
          },
          {
            "x": 437.0,
            "y": 347
          },
          {
            "x": 436,
            "y": 347
          },
          {
            "x": 435,
            "y": 346
          },
          {
            "x": 434.0,
            "y": 346
          },
          {
            "x": 433,
            "y": 345
          },
          {
            "x": 433,
            "y": 344
          },
          {
            "x": 431,
            "y": 342
          },
          {
            "x": 431,
            "y": 341
          },
          {
            "x": 430.0,
            "y": 341
          },
          {
            "x": 428,
            "y": 339
          },
          {
            "x": 428,
            "y": 337
          },
          {
            "x": 427.0,
            "y": 336
          },
          {
            "x": 426,
            "y": 336
          },
          {
            "x": 424,
            "y": 334
          },
          {
            "x": 424,
            "y": 333
          },
          {
            "x": 422.0,
            "y": 331
          },
          {
            "x": 422.0,
            "y": 330
          },
          {
            "x": 418.0,
            "y": 326
          },
          {
            "x": 418.0,
            "y": 325
          },
          {
            "x": 416,
            "y": 323
          },
          {
            "x": 416,
            "y": 322
          },
          {
            "x": 415.0,
            "y": 322
          },
          {
            "x": 414,
            "y": 321
          },
          {
            "x": 414,
            "y": 320
          },
          {
            "x": 413.0,
            "y": 319
          },
          {
            "x": 413.0,
            "y": 317
          },
          {
            "x": 412,
            "y": 317
          },
          {
            "x": 408.0,
            "y": 313
          },
          {
            "x": 408.0,
            "y": 311
          },
          {
            "x": 407,
            "y": 310
          },
          {
            "x": 407,
            "y": 308
          },
          {
            "x": 405.0,
            "y": 306
          },
          {
            "x": 405.0,
            "y": 305
          },
          {
            "x": 404,
            "y": 304
          },
          {
            "x": 404,
            "y": 303
          },
          {
            "x": 403.0,
            "y": 302
          },
          {
            "x": 403.0,
            "y": 301
          },
          {
            "x": 402,
            "y": 300
          },
          {
            "x": 402,
            "y": 299
          },
          {
            "x": 401.0,
            "y": 298
          },
          {
            "x": 401.0,
            "y": 297
          },
          {
            "x": 400,
            "y": 296
          },
          {
            "x": 400,
            "y": 295
          },
          {
            "x": 399,
            "y": 294
          },
          {
            "x": 399,
            "y": 292
          },
          {
            "x": 398.0,
            "y": 291
          },
          {
            "x": 398.0,
            "y": 288
          },
          {
            "x": 397,
            "y": 287
          },
          {
            "x": 397,
            "y": 275
          },
          {
            "x": 398.0,
            "y": 274
          },
          {
            "x": 398.0,
            "y": 263
          },
          {
            "x": 399,
            "y": 262
          },
          {
            "x": 399,
            "y": 261
          },
          {
            "x": 400,
            "y": 260
          },
          {
            "x": 400,
            "y": 259
          },
          {
            "x": 401.0,
            "y": 258
          },
          {
            "x": 402,
            "y": 258
          },
          {
            "x": 403.0,
            "y": 257
          },
          {
            "x": 403.0,
            "y": 256
          },
          {
            "x": 404,
            "y": 255
          },
          {
            "x": 404,
            "y": 252.0
          },
          {
            "x": 405.0,
            "y": 251
          },
          {
            "x": 405.0,
            "y": 250
          },
          {
            "x": 406.0,
            "y": 249
          },
          {
            "x": 406.0,
            "y": 248.0
          },
          {
            "x": 407,
            "y": 247.0
          },
          {
            "x": 407,
            "y": 245
          },
          {
            "x": 408.0,
            "y": 244
          },
          {
            "x": 408.0,
            "y": 242.0
          },
          {
            "x": 411,
            "y": 239
          },
          {
            "x": 411,
            "y": 238
          },
          {
            "x": 413.0,
            "y": 236.0
          },
          {
            "x": 413.0,
            "y": 235
          },
          {
            "x": 414,
            "y": 234
          },
          {
            "x": 415.0,
            "y": 234
          },
          {
            "x": 418.0,
            "y": 231
          },
          {
            "x": 418.0,
            "y": 230
          },
          {
            "x": 419,
            "y": 229
          },
          {
            "x": 421,
            "y": 229
          },
          {
            "x": 422.0,
            "y": 228
          },
          {
            "x": 423,
            "y": 228
          },
          {
            "x": 425.0,
            "y": 226
          },
          {
            "x": 427.0,
            "y": 226
          },
          {
            "x": 428,
            "y": 225
          },
          {
            "x": 429.0,
            "y": 225
          },
          {
            "x": 433,
            "y": 221
          },
          {
            "x": 433,
            "y": 218
          },
          {
            "x": 434.0,
            "y": 217
          },
          {
            "x": 434.0,
            "y": 216
          },
          {
            "x": 435,
            "y": 215
          },
          {
            "x": 441.0,
            "y": 215
          },
          {
            "x": 443,
            "y": 217
          },
          {
            "x": 443,
            "y": 218
          },
          {
            "x": 444.0,
            "y": 219
          },
          {
            "x": 447,
            "y": 219
          },
          {
            "x": 448,
            "y": 218
          },
          {
            "x": 447,
            "y": 217
          },
          {
            "x": 447,
            "y": 216
          },
          {
            "x": 446.0,
            "y": 215
          },
          {
            "x": 446.0,
            "y": 213
          },
          {
            "x": 445,
            "y": 212
          },
          {
            "x": 445,
            "y": 200
          },
          {
            "x": 444.0,
            "y": 199
          },
          {
            "x": 444.0,
            "y": 196
          },
          {
            "x": 443,
            "y": 195
          },
          {
            "x": 443,
            "y": 193
          },
          {
            "x": 442.0,
            "y": 192
          },
          {
            "x": 442.0,
            "y": 190
          },
          {
            "x": 441.0,
            "y": 189
          },
          {
            "x": 441.0,
            "y": 188
          },
          {
            "x": 440,
            "y": 187
          },
          {
            "x": 440,
            "y": 186
          },
          {
            "x": 439.0,
            "y": 185
          },
          {
            "x": 439.0,
            "y": 184
          },
          {
            "x": 440,
            "y": 183
          },
          {
            "x": 440,
            "y": 182
          },
          {
            "x": 441.0,
            "y": 181
          },
          {
            "x": 441.0,
            "y": 180
          },
          {
            "x": 442.0,
            "y": 179
          },
          {
            "x": 442.0,
            "y": 177
          },
          {
            "x": 443,
            "y": 176
          },
          {
            "x": 445,
            "y": 176
          },
          {
            "x": 449.0,
            "y": 172
          },
          {
            "x": 450,
            "y": 172
          },
          {
            "x": 450,
            "y": 171
          },
          {
            "x": 452,
            "y": 169
          },
          {
            "x": 452,
            "y": 166
          },
          {
            "x": 453.0,
            "y": 165
          },
          {
            "x": 452,
            "y": 164
          }
        ]
      }
    },
    {
      "annotator": {
        "email": "corporate@bex.kg",
        "full_name": "Aizada Tynchybek kyzy"
      },
      "auto_annotate": {
        "bbox": {
          "x1": -141.58,
          "x2": 89.42,
          "y1": -48.96,
          "y2": 78.04
        },
        "clicks": [
          {
            "type": "remove",
            "x": -95.35,
            "y": 19.67
          },
          {
            "type": "remove",
            "x": -66.56,
            "y": 19.78
          },
          {
            "type": "add",
            "x": -0.8,
            "y": 22.41
          }
        ],
        "model": "145e8155-b48e-4be2-9c41-8f930ae1daee"
      },
      "name": "Object",
      "polygon": {
        "path": [
          {
            "x": 307,
            "y": 484
          },
          {
            "x": 306,
            "y": 483
          },
          {
            "x": 306,
            "y": 481
          },
          {
            "x": 305,
            "y": 480
          },
          {
            "x": 299,
            "y": 480
          },
          {
            "x": 298,
            "y": 481
          },
          {
            "x": 292,
            "y": 481
          },
          {
            "x": 291,
            "y": 482
          },
          {
            "x": 285,
            "y": 482
          },
          {
            "x": 284,
            "y": 483
          },
          {
            "x": 277,
            "y": 483
          },
          {
            "x": 276,
            "y": 484
          },
          {
            "x": 265,
            "y": 484
          },
          {
            "x": 264,
            "y": 485
          },
          {
            "x": 254,
            "y": 485
          },
          {
            "x": 253,
            "y": 486
          },
          {
            "x": 245,
            "y": 486
          },
          {
            "x": 244,
            "y": 487
          },
          {
            "x": 235,
            "y": 487
          },
          {
            "x": 234,
            "y": 488
          },
          {
            "x": 224,
            "y": 488
          },
          {
            "x": 223,
            "y": 489
          },
          {
            "x": 215,
            "y": 489
          },
          {
            "x": 214,
            "y": 490
          },
          {
            "x": 211,
            "y": 490
          },
          {
            "x": 210,
            "y": 491.0
          },
          {
            "x": 207,
            "y": 491.0
          },
          {
            "x": 206,
            "y": 492
          },
          {
            "x": 197,
            "y": 492
          },
          {
            "x": 195,
            "y": 494
          },
          {
            "x": 193,
            "y": 494
          },
          {
            "x": 191,
            "y": 496
          },
          {
            "x": 190,
            "y": 496
          },
          {
            "x": 189.0,
            "y": 497.0
          },
          {
            "x": 188.0,
            "y": 497.0
          },
          {
            "x": 187.0,
            "y": 498
          },
          {
            "x": 186.0,
            "y": 498
          },
          {
            "x": 185.0,
            "y": 499.0
          },
          {
            "x": 184.0,
            "y": 499.0
          },
          {
            "x": 183.0,
            "y": 500
          },
          {
            "x": 180.0,
            "y": 500
          },
          {
            "x": 179.0,
            "y": 501.0
          },
          {
            "x": 175.0,
            "y": 501.0
          },
          {
            "x": 174.0,
            "y": 502
          },
          {
            "x": 172.0,
            "y": 502
          },
          {
            "x": 171.0,
            "y": 503.0
          },
          {
            "x": 169.0,
            "y": 503.0
          },
          {
            "x": 168.0,
            "y": 504
          },
          {
            "x": 160.0,
            "y": 504
          },
          {
            "x": 159.0,
            "y": 505.0
          },
          {
            "x": 158.0,
            "y": 505.0
          },
          {
            "x": 157.0,
            "y": 506
          },
          {
            "x": 156.0,
            "y": 506
          },
          {
            "x": 155.0,
            "y": 507.0
          },
          {
            "x": 154,
            "y": 507.0
          },
          {
            "x": 153,
            "y": 508
          },
          {
            "x": 150,
            "y": 508
          },
          {
            "x": 149,
            "y": 507.0
          },
          {
            "x": 147,
            "y": 507.0
          },
          {
            "x": 146,
            "y": 508
          },
          {
            "x": 145,
            "y": 508
          },
          {
            "x": 144,
            "y": 509.0
          },
          {
            "x": 142,
            "y": 509.0
          },
          {
            "x": 140,
            "y": 511.0
          },
          {
            "x": 139,
            "y": 511.0
          },
          {
            "x": 139,
            "y": 514
          },
          {
            "x": 140,
            "y": 514
          },
          {
            "x": 143,
            "y": 517
          },
          {
            "x": 143,
            "y": 518
          },
          {
            "x": 144,
            "y": 518
          },
          {
            "x": 145,
            "y": 519
          },
          {
            "x": 147,
            "y": 519
          },
          {
            "x": 148,
            "y": 520
          },
          {
            "x": 150,
            "y": 520
          },
          {
            "x": 151,
            "y": 521
          },
          {
            "x": 152,
            "y": 520
          },
          {
            "x": 156.0,
            "y": 520
          },
          {
            "x": 158.0,
            "y": 522
          },
          {
            "x": 161.0,
            "y": 522
          },
          {
            "x": 165.0,
            "y": 526
          },
          {
            "x": 166.0,
            "y": 525
          },
          {
            "x": 167.0,
            "y": 525
          },
          {
            "x": 168.0,
            "y": 524
          },
          {
            "x": 169.0,
            "y": 524
          },
          {
            "x": 170.0,
            "y": 525
          },
          {
            "x": 171.0,
            "y": 525
          },
          {
            "x": 172.0,
            "y": 526
          },
          {
            "x": 172.0,
            "y": 527
          },
          {
            "x": 174.0,
            "y": 527
          },
          {
            "x": 175.0,
            "y": 526
          },
          {
            "x": 176.0,
            "y": 526
          },
          {
            "x": 177.0,
            "y": 527
          },
          {
            "x": 177.0,
            "y": 528
          },
          {
            "x": 179.0,
            "y": 530
          },
          {
            "x": 185.0,
            "y": 530
          },
          {
            "x": 186.0,
            "y": 531
          },
          {
            "x": 190,
            "y": 531
          },
          {
            "x": 191,
            "y": 532
          },
          {
            "x": 196,
            "y": 532
          },
          {
            "x": 197,
            "y": 533
          },
          {
            "x": 200,
            "y": 533
          },
          {
            "x": 201,
            "y": 534
          },
          {
            "x": 202,
            "y": 534
          },
          {
            "x": 203,
            "y": 535
          },
          {
            "x": 207,
            "y": 535
          },
          {
            "x": 208,
            "y": 536
          },
          {
            "x": 213,
            "y": 536
          },
          {
            "x": 214,
            "y": 537
          },
          {
            "x": 217,
            "y": 537
          },
          {
            "x": 218,
            "y": 538
          },
          {
            "x": 220,
            "y": 538
          },
          {
            "x": 221,
            "y": 539
          },
          {
            "x": 225,
            "y": 539
          },
          {
            "x": 226,
            "y": 540
          },
          {
            "x": 234,
            "y": 540
          },
          {
            "x": 238,
            "y": 544
          },
          {
            "x": 240,
            "y": 544
          },
          {
            "x": 241,
            "y": 543
          },
          {
            "x": 245,
            "y": 543
          },
          {
            "x": 246,
            "y": 542
          },
          {
            "x": 250,
            "y": 542
          },
          {
            "x": 251,
            "y": 543
          },
          {
            "x": 252,
            "y": 543
          },
          {
            "x": 253,
            "y": 544
          },
          {
            "x": 255,
            "y": 544
          },
          {
            "x": 256,
            "y": 545
          },
          {
            "x": 258,
            "y": 545
          },
          {
            "x": 259,
            "y": 546
          },
          {
            "x": 263,
            "y": 546
          },
          {
            "x": 264,
            "y": 547
          },
          {
            "x": 266,
            "y": 547
          },
          {
            "x": 267,
            "y": 548
          },
          {
            "x": 271,
            "y": 548
          },
          {
            "x": 272,
            "y": 549
          },
          {
            "x": 273,
            "y": 549
          },
          {
            "x": 274,
            "y": 550
          },
          {
            "x": 276,
            "y": 550
          },
          {
            "x": 277,
            "y": 551
          },
          {
            "x": 283,
            "y": 551
          },
          {
            "x": 284,
            "y": 552
          },
          {
            "x": 285,
            "y": 552
          },
          {
            "x": 286,
            "y": 553
          },
          {
            "x": 291,
            "y": 553
          },
          {
            "x": 292,
            "y": 554
          },
          {
            "x": 293,
            "y": 554
          },
          {
            "x": 294,
            "y": 555
          },
          {
            "x": 298,
            "y": 555
          },
          {
            "x": 299,
            "y": 554
          },
          {
            "x": 300,
            "y": 554
          },
          {
            "x": 302,
            "y": 552
          },
          {
            "x": 302,
            "y": 550
          },
          {
            "x": 303,
            "y": 549
          },
          {
            "x": 303,
            "y": 546
          },
          {
            "x": 304,
            "y": 545
          },
          {
            "x": 304,
            "y": 543
          },
          {
            "x": 305,
            "y": 542
          },
          {
            "x": 305,
            "y": 538
          },
          {
            "x": 306,
            "y": 537
          },
          {
            "x": 306,
            "y": 533
          },
          {
            "x": 307,
            "y": 532
          },
          {
            "x": 307,
            "y": 525
          },
          {
            "x": 308,
            "y": 524
          },
          {
            "x": 308,
            "y": 495.0
          },
          {
            "x": 307,
            "y": 494
          }
        ]
      }
    }
  ]
}