{
  "image": {
    "width": 561,
    "height": 640,
    "filename": "00000157.jpg",
    "original_filename": "COCO_test2014_000000008242.jpg",
    "url": "https://darwin.v7labs.com/api/images/1197879/original?token=e96ee6b8-bc43-4e08-bcc1-e75bb7cc480d",
    "thumbnail_url": "https://darwin.v7labs.com/api/images/1197879/thumbnail?token=e96ee6b8-bc43-4e08-bcc1-e75bb7cc480d",
    "workview_url": "https://darwin.v7labs.com/workview?dataset=1166&image=157"
  },
  "dataset": "4_Nurzhan_ver2",
  "annotated": true,
  "annotations": [
    {
      "annotator": {
        "email": "order@bex.kg",
        "full_name": "Zhaparova  Nurzhan"
      },
      "name": "Object Polygon ",
      "polygon": {
        "path": [
          {
            "x": 394,
            "y": 234.0
          },
          {
            "x": 393.0,
            "y": 234.0
          },
          {
            "x": 392.0,
            "y": 233.0
          },
          {
            "x": 391.0,
            "y": 233.0
          },
          {
            "x": 390,
            "y": 232
          },
          {
            "x": 381.0,
            "y": 232
          },
          {
            "x": 380,
            "y": 233.0
          },
          {
            "x": 373.0,
            "y": 233.0
          },
          {
            "x": 372.0,
            "y": 234.0
          },
          {
            "x": 369,
            "y": 234.0
          },
          {
            "x": 368.0,
            "y": 233.0
          },
          {
            "x": 355,
            "y": 233.0
          },
          {
            "x": 354,
            "y": 232
          },
          {
            "x": 344,
            "y": 232
          },
          {
            "x": 343.0,
            "y": 231.0
          },
          {
            "x": 336.0,
            "y": 231.0
          },
          {
            "x": 335,
            "y": 230
          },
          {
            "x": 330,
            "y": 230
          },
          {
            "x": 329,
            "y": 229.0
          },
          {
            "x": 322.0,
            "y": 229.0
          },
          {
            "x": 321.0,
            "y": 228.0
          },
          {
            "x": 302.0,
            "y": 228.0
          },
          {
            "x": 301.0,
            "y": 227
          },
          {
            "x": 291.0,
            "y": 227
          },
          {
            "x": 290,
            "y": 228.0
          },
          {
            "x": 288.0,
            "y": 228.0
          },
          {
            "x": 287.0,
            "y": 229.0
          },
          {
            "x": 283.0,
            "y": 229.0
          },
          {
            "x": 282.0,
            "y": 230
          },
          {
            "x": 260,
            "y": 230
          },
          {
            "x": 259,
            "y": 229.0
          },
          {
            "x": 227.0,
            "y": 229.0
          },
          {
            "x": 226.0,
            "y": 230
          },
          {
            "x": 223.0,
            "y": 230
          },
          {
            "x": 222.0,
            "y": 231.0
          },
          {
            "x": 217.0,
            "y": 231.0
          },
          {
            "x": 216.0,
            "y": 232
          },
          {
            "x": 207.0,
            "y": 232
          },
          {
            "x": 206.0,
            "y": 233.0
          },
          {
            "x": 203.0,
            "y": 233.0
          },
          {
            "x": 202.0,
            "y": 234.0
          },
          {
            "x": 198.0,
            "y": 234.0
          },
          {
            "x": 197.0,
            "y": 235
          },
          {
            "x": 186.0,
            "y": 235
          },
          {
            "x": 186.0,
            "y": 236.0
          },
          {
            "x": 185,
            "y": 237
          },
          {
            "x": 180,
            "y": 237
          },
          {
            "x": 179.0,
            "y": 238.0
          },
          {
            "x": 175,
            "y": 238.0
          },
          {
            "x": 173.0,
            "y": 240
          },
          {
            "x": 172.0,
            "y": 240
          },
          {
            "x": 169.0,
            "y": 243.0
          },
          {
            "x": 169.0,
            "y": 244.0
          },
          {
            "x": 168.0,
            "y": 245
          },
          {
            "x": 168.0,
            "y": 246.0
          },
          {
            "x": 167.0,
            "y": 247
          },
          {
            "x": 167.0,
            "y": 249.0
          },
          {
            "x": 166.0,
            "y": 250
          },
          {
            "x": 166.0,
            "y": 251.0
          },
          {
            "x": 165,
            "y": 252
          },
          {
            "x": 165,
            "y": 253.0
          },
          {
            "x": 164.0,
            "y": 254.0
          },
          {
            "x": 164.0,
            "y": 255
          },
          {
            "x": 163.0,
            "y": 256.0
          },
          {
            "x": 162.0,
            "y": 256.0
          },
          {
            "x": 161.0,
            "y": 257
          },
          {
            "x": 161.0,
            "y": 258.0
          },
          {
            "x": 160,
            "y": 259
          },
          {
            "x": 160,
            "y": 261.0
          },
          {
            "x": 159.0,
            "y": 262
          },
          {
            "x": 159.0,
            "y": 263.0
          },
          {
            "x": 158.0,
            "y": 264
          },
          {
            "x": 158.0,
            "y": 265
          },
          {
            "x": 157.0,
            "y": 266.0
          },
          {
            "x": 157.0,
            "y": 268.0
          },
          {
            "x": 156.0,
            "y": 269
          },
          {
            "x": 156.0,
            "y": 270
          },
          {
            "x": 155,
            "y": 271.0
          },
          {
            "x": 155,
            "y": 273.0
          },
          {
            "x": 154.0,
            "y": 274
          },
          {
            "x": 154.0,
            "y": 275
          },
          {
            "x": 153.0,
            "y": 276.0
          },
          {
            "x": 153.0,
            "y": 277
          },
          {
            "x": 152.0,
            "y": 278.0
          },
          {
            "x": 152.0,
            "y": 279
          },
          {
            "x": 151.0,
            "y": 280
          },
          {
            "x": 150,
            "y": 280
          },
          {
            "x": 150,
            "y": 281.0
          },
          {
            "x": 149.0,
            "y": 282
          },
          {
            "x": 149.0,
            "y": 283.0
          },
          {
            "x": 148.0,
            "y": 284
          },
          {
            "x": 148.0,
            "y": 285
          },
          {
            "x": 147.0,
            "y": 286.0
          },
          {
            "x": 147.0,
            "y": 287
          },
          {
            "x": 146.0,
            "y": 288.0
          },
          {
            "x": 146.0,
            "y": 289
          },
          {
            "x": 145,
            "y": 290
          },
          {
            "x": 145,
            "y": 291.0
          },
          {
            "x": 144.0,
            "y": 292
          },
          {
            "x": 144.0,
            "y": 293.0
          },
          {
            "x": 143.0,
            "y": 294
          },
          {
            "x": 143.0,
            "y": 295
          },
          {
            "x": 142.0,
            "y": 296.0
          },
          {
            "x": 142.0,
            "y": 298.0
          },
          {
            "x": 141.0,
            "y": 299
          },
          {
            "x": 141.0,
            "y": 300
          },
          {
            "x": 140,
            "y": 301.0
          },
          {
            "x": 140,
            "y": 302
          },
          {
            "x": 139.0,
            "y": 303.0
          },
          {
            "x": 139.0,
            "y": 304
          },
          {
            "x": 138.0,
            "y": 305
          },
          {
            "x": 137.0,
            "y": 305
          },
          {
            "x": 137.0,
            "y": 306.0
          },
          {
            "x": 136.0,
            "y": 307
          },
          {
            "x": 136.0,
            "y": 308.0
          },
          {
            "x": 135,
            "y": 309
          },
          {
            "x": 135,
            "y": 311.0
          },
          {
            "x": 134.0,
            "y": 312
          },
          {
            "x": 134.0,
            "y": 313.0
          },
          {
            "x": 133.0,
            "y": 314
          },
          {
            "x": 133.0,
            "y": 315
          },
          {
            "x": 132.0,
            "y": 316.0
          },
          {
            "x": 132.0,
            "y": 317
          },
          {
            "x": 131.0,
            "y": 318.0
          },
          {
            "x": 131.0,
            "y": 319
          },
          {
            "x": 130,
            "y": 320
          },
          {
            "x": 130,
            "y": 321.0
          },
          {
            "x": 129.0,
            "y": 322
          },
          {
            "x": 129.0,
            "y": 324
          },
          {
            "x": 127.0,
            "y": 326.0
          },
          {
            "x": 127.0,
            "y": 327
          },
          {
            "x": 126.0,
            "y": 328
          },
          {
            "x": 125,
            "y": 328
          },
          {
            "x": 125,
            "y": 329
          },
          {
            "x": 124.0,
            "y": 330
          },
          {
            "x": 124.0,
            "y": 331.0
          },
          {
            "x": 123.0,
            "y": 332
          },
          {
            "x": 123.0,
            "y": 333
          },
          {
            "x": 122.0,
            "y": 334
          },
          {
            "x": 122.0,
            "y": 336.0
          },
          {
            "x": 121.0,
            "y": 337
          },
          {
            "x": 121.0,
            "y": 338
          },
          {
            "x": 120,
            "y": 339
          },
          {
            "x": 120,
            "y": 340
          },
          {
            "x": 118.0,
            "y": 342
          },
          {
            "x": 118.0,
            "y": 343
          },
          {
            "x": 117.0,
            "y": 344
          },
          {
            "x": 117.0,
            "y": 345
          },
          {
            "x": 116.0,
            "y": 346.0
          },
          {
            "x": 116.0,
            "y": 348
          },
          {
            "x": 115,
            "y": 349
          },
          {
            "x": 115,
            "y": 350
          },
          {
            "x": 114.0,
            "y": 351.0
          },
          {
            "x": 113.0,
            "y": 351.0
          },
          {
            "x": 113.0,
            "y": 352
          },
          {
            "x": 112.0,
            "y": 353
          },
          {
            "x": 112.0,
            "y": 354
          },
          {
            "x": 110,
            "y": 356.0
          },
          {
            "x": 110,
            "y": 357
          },
          {
            "x": 109.0,
            "y": 358
          },
          {
            "x": 109.0,
            "y": 360
          },
          {
            "x": 108.0,
            "y": 361.0
          },
          {
            "x": 108.0,
            "y": 362
          },
          {
            "x": 107.0,
            "y": 363
          },
          {
            "x": 107.0,
            "y": 364
          },
          {
            "x": 106.0,
            "y": 365
          },
          {
            "x": 106.0,
            "y": 366.0
          },
          {
            "x": 105,
            "y": 367
          },
          {
            "x": 105,
            "y": 368
          },
          {
            "x": 103.0,
            "y": 370
          },
          {
            "x": 103.0,
            "y": 372
          },
          {
            "x": 102.0,
            "y": 373
          },
          {
            "x": 102.0,
            "y": 374
          },
          {
            "x": 101.0,
            "y": 375
          },
          {
            "x": 100,
            "y": 375
          },
          {
            "x": 100,
            "y": 376.0
          },
          {
            "x": 99.0,
            "y": 377
          },
          {
            "x": 99.0,
            "y": 378
          },
          {
            "x": 97.0,
            "y": 380
          },
          {
            "x": 97.0,
            "y": 381.0
          },
          {
            "x": 96.0,
            "y": 382
          },
          {
            "x": 96.0,
            "y": 383
          },
          {
            "x": 95,
            "y": 384
          },
          {
            "x": 95,
            "y": 386.0
          },
          {
            "x": 94.0,
            "y": 387
          },
          {
            "x": 94.0,
            "y": 388
          },
          {
            "x": 93.0,
            "y": 389
          },
          {
            "x": 93.0,
            "y": 390
          },
          {
            "x": 92.0,
            "y": 391.0
          },
          {
            "x": 92.0,
            "y": 392
          },
          {
            "x": 91.0,
            "y": 393
          },
          {
            "x": 91.0,
            "y": 394
          },
          {
            "x": 90,
            "y": 395
          },
          {
            "x": 90,
            "y": 397
          },
          {
            "x": 89.0,
            "y": 398
          },
          {
            "x": 88.0,
            "y": 398
          },
          {
            "x": 88.0,
            "y": 399
          },
          {
            "x": 86.0,
            "y": 401.0
          },
          {
            "x": 86.0,
            "y": 402
          },
          {
            "x": 85,
            "y": 403
          },
          {
            "x": 85,
            "y": 404
          },
          {
            "x": 84.0,
            "y": 405
          },
          {
            "x": 84.0,
            "y": 406.0
          },
          {
            "x": 82.0,
            "y": 408
          },
          {
            "x": 82.0,
            "y": 410
          },
          {
            "x": 81.0,
            "y": 411.0
          },
          {
            "x": 81.0,
            "y": 412
          },
          {
            "x": 80,
            "y": 413
          },
          {
            "x": 80,
            "y": 414
          },
          {
            "x": 79.0,
            "y": 415
          },
          {
            "x": 79.0,
            "y": 416.0
          },
          {
            "x": 78.0,
            "y": 417
          },
          {
            "x": 78.0,
            "y": 418
          },
          {
            "x": 77.0,
            "y": 419
          },
          {
            "x": 77.0,
            "y": 420
          },
          {
            "x": 76.0,
            "y": 421.0
          },
          {
            "x": 75,
            "y": 421.0
          },
          {
            "x": 75,
            "y": 423
          },
          {
            "x": 73.0,
            "y": 425
          },
          {
            "x": 73.0,
            "y": 426.0
          },
          {
            "x": 72.0,
            "y": 427
          },
          {
            "x": 72.0,
            "y": 428
          },
          {
            "x": 71.0,
            "y": 429
          },
          {
            "x": 71.0,
            "y": 430
          },
          {
            "x": 69.0,
            "y": 432
          },
          {
            "x": 69.0,
            "y": 434
          },
          {
            "x": 68.0,
            "y": 435
          },
          {
            "x": 68.0,
            "y": 436.0
          },
          {
            "x": 67.0,
            "y": 437.0
          },
          {
            "x": 67.0,
            "y": 438.0
          },
          {
            "x": 66.0,
            "y": 439
          },
          {
            "x": 66.0,
            "y": 440
          },
          {
            "x": 65,
            "y": 441.0
          },
          {
            "x": 65,
            "y": 442.0
          },
          {
            "x": 64.0,
            "y": 443.0
          },
          {
            "x": 63.0,
            "y": 443.0
          },
          {
            "x": 63.0,
            "y": 444
          },
          {
            "x": 61.0,
            "y": 446.0
          },
          {
            "x": 61.0,
            "y": 448.0
          },
          {
            "x": 60,
            "y": 449
          },
          {
            "x": 60,
            "y": 450
          },
          {
            "x": 59.0,
            "y": 451.0
          },
          {
            "x": 59.0,
            "y": 452.0
          },
          {
            "x": 58.0,
            "y": 453.0
          },
          {
            "x": 58.0,
            "y": 454
          },
          {
            "x": 57.0,
            "y": 455
          },
          {
            "x": 57.0,
            "y": 456.0
          },
          {
            "x": 56.0,
            "y": 457.0
          },
          {
            "x": 56.0,
            "y": 459
          },
          {
            "x": 55,
            "y": 460
          },
          {
            "x": 55,
            "y": 461.0
          },
          {
            "x": 54.0,
            "y": 462.0
          },
          {
            "x": 54.0,
            "y": 463.0
          },
          {
            "x": 53.0,
            "y": 464
          },
          {
            "x": 53.0,
            "y": 465
          },
          {
            "x": 52.0,
            "y": 466.0
          },
          {
            "x": 51.0,
            "y": 466.0
          },
          {
            "x": 51.0,
            "y": 467.0
          },
          {
            "x": 50,
            "y": 468.0
          },
          {
            "x": 50,
            "y": 469
          },
          {
            "x": 49.0,
            "y": 470
          },
          {
            "x": 49.0,
            "y": 472.0
          },
          {
            "x": 48.0,
            "y": 473.0
          },
          {
            "x": 48.0,
            "y": 474
          },
          {
            "x": 46.0,
            "y": 476.0
          },
          {
            "x": 46.0,
            "y": 477.0
          },
          {
            "x": 45,
            "y": 478.0
          },
          {
            "x": 45,
            "y": 479
          },
          {
            "x": 44.0,
            "y": 480
          },
          {
            "x": 44.0,
            "y": 481.0
          },
          {
            "x": 43.0,
            "y": 482.0
          },
          {
            "x": 43.0,
            "y": 484
          },
          {
            "x": 42.0,
            "y": 485
          },
          {
            "x": 42.0,
            "y": 486.0
          },
          {
            "x": 41.0,
            "y": 487.0
          },
          {
            "x": 41.0,
            "y": 488.0
          },
          {
            "x": 40,
            "y": 489
          },
          {
            "x": 40,
            "y": 490
          },
          {
            "x": 39.0,
            "y": 491.0
          },
          {
            "x": 38.0,
            "y": 491.0
          },
          {
            "x": 37.0,
            "y": 492.0
          },
          {
            "x": 37.0,
            "y": 493.0
          },
          {
            "x": 36.0,
            "y": 494
          },
          {
            "x": 36.0,
            "y": 496.0
          },
          {
            "x": 35,
            "y": 497.0
          },
          {
            "x": 35,
            "y": 498.0
          },
          {
            "x": 34.0,
            "y": 499
          },
          {
            "x": 34.0,
            "y": 500
          },
          {
            "x": 33.0,
            "y": 501.0
          },
          {
            "x": 33.0,
            "y": 502.0
          },
          {
            "x": 32.0,
            "y": 503.0
          },
          {
            "x": 32.0,
            "y": 504
          },
          {
            "x": 31.0,
            "y": 505
          },
          {
            "x": 31.0,
            "y": 506.0
          },
          {
            "x": 30,
            "y": 507.0
          },
          {
            "x": 30,
            "y": 509
          },
          {
            "x": 29.0,
            "y": 510
          },
          {
            "x": 29.0,
            "y": 511.0
          },
          {
            "x": 28.0,
            "y": 512.0
          },
          {
            "x": 28.0,
            "y": 513
          },
          {
            "x": 27.0,
            "y": 514
          },
          {
            "x": 26.0,
            "y": 514
          },
          {
            "x": 26.0,
            "y": 515
          },
          {
            "x": 24.0,
            "y": 517.0
          },
          {
            "x": 24.0,
            "y": 518
          },
          {
            "x": 23.0,
            "y": 519
          },
          {
            "x": 23.0,
            "y": 521.0
          },
          {
            "x": 22.0,
            "y": 522.0
          },
          {
            "x": 22.0,
            "y": 523
          },
          {
            "x": 21.0,
            "y": 524
          },
          {
            "x": 21.0,
            "y": 525
          },
          {
            "x": 20,
            "y": 526.0
          },
          {
            "x": 20,
            "y": 527.0
          },
          {
            "x": 19.0,
            "y": 528
          },
          {
            "x": 19.0,
            "y": 529
          },
          {
            "x": 18.0,
            "y": 530
          },
          {
            "x": 18.0,
            "y": 531.0
          },
          {
            "x": 17.0,
            "y": 532.0
          },
          {
            "x": 17.0,
            "y": 534
          },
          {
            "x": 16.0,
            "y": 535
          },
          {
            "x": 16.0,
            "y": 536.0
          },
          {
            "x": 15,
            "y": 537.0
          },
          {
            "x": 15,
            "y": 538
          },
          {
            "x": 14.0,
            "y": 539
          },
          {
            "x": 13.0,
            "y": 539
          },
          {
            "x": 12.0,
            "y": 540
          },
          {
            "x": 12.0,
            "y": 542.0
          },
          {
            "x": 11.0,
            "y": 543
          },
          {
            "x": 11.0,
            "y": 544
          },
          {
            "x": 10,
            "y": 545
          },
          {
            "x": 10,
            "y": 547.0
          },
          {
            "x": 9.0,
            "y": 548
          },
          {
            "x": 9.0,
            "y": 549
          },
          {
            "x": 8.0,
            "y": 550
          },
          {
            "x": 8.0,
            "y": 551.0
          },
          {
            "x": 7.0,
            "y": 552.0
          },
          {
            "x": 7.0,
            "y": 553
          },
          {
            "x": 4.0,
            "y": 556.0
          },
          {
            "x": 4.0,
            "y": 558
          },
          {
            "x": 3.0,
            "y": 559
          },
          {
            "x": 3.0,
            "y": 560
          },
          {
            "x": 2.0,
            "y": 561.0
          },
          {
            "x": 1.0,
            "y": 561.0
          },
          {
            "x": 1.0,
            "y": 637.0
          },
          {
            "x": 2.0,
            "y": 637.0
          },
          {
            "x": 3.0,
            "y": 638
          },
          {
            "x": 550,
            "y": 638
          },
          {
            "x": 551.0,
            "y": 637.0
          },
          {
            "x": 552.0,
            "y": 637.0
          },
          {
            "x": 553,
            "y": 636.0
          },
          {
            "x": 554.0,
            "y": 636.0
          },
          {
            "x": 557.0,
            "y": 633
          },
          {
            "x": 557.0,
            "y": 632.0
          },
          {
            "x": 559.0,
            "y": 630
          },
          {
            "x": 559.0,
            "y": 613
          },
          {
            "x": 558,
            "y": 612.0
          },
          {
            "x": 558,
            "y": 611.0
          },
          {
            "x": 557.0,
            "y": 610
          },
          {
            "x": 557.0,
            "y": 607.0
          },
          {
            "x": 556.0,
            "y": 606.0
          },
          {
            "x": 556.0,
            "y": 605
          },
          {
            "x": 555,
            "y": 604
          },
          {
            "x": 555,
            "y": 603
          },
          {
            "x": 554.0,
            "y": 602.0
          },
          {
            "x": 554.0,
            "y": 601.0
          },
          {
            "x": 553,
            "y": 600
          },
          {
            "x": 553,
            "y": 598
          },
          {
            "x": 552.0,
            "y": 597.0
          },
          {
            "x": 552.0,
            "y": 596.0
          },
          {
            "x": 551.0,
            "y": 595
          },
          {
            "x": 551.0,
            "y": 593
          },
          {
            "x": 550,
            "y": 592.0
          },
          {
            "x": 550,
            "y": 590
          },
          {
            "x": 549.0,
            "y": 589
          },
          {
            "x": 549.0,
            "y": 588
          },
          {
            "x": 548,
            "y": 587.0
          },
          {
            "x": 548,
            "y": 585
          },
          {
            "x": 547.0,
            "y": 585
          },
          {
            "x": 546.0,
            "y": 584
          },
          {
            "x": 546.0,
            "y": 582.0
          },
          {
            "x": 545,
            "y": 581.0
          },
          {
            "x": 545,
            "y": 579
          },
          {
            "x": 544.0,
            "y": 578
          },
          {
            "x": 544.0,
            "y": 577.0
          },
          {
            "x": 543,
            "y": 576.0
          },
          {
            "x": 543,
            "y": 575
          },
          {
            "x": 542.0,
            "y": 574
          },
          {
            "x": 542.0,
            "y": 572.0
          },
          {
            "x": 541.0,
            "y": 571.0
          },
          {
            "x": 541.0,
            "y": 568
          },
          {
            "x": 540,
            "y": 567.0
          },
          {
            "x": 540,
            "y": 566.0
          },
          {
            "x": 539.0,
            "y": 565
          },
          {
            "x": 539.0,
            "y": 563
          },
          {
            "x": 538,
            "y": 562.0
          },
          {
            "x": 538,
            "y": 561.0
          },
          {
            "x": 537.0,
            "y": 560
          },
          {
            "x": 537.0,
            "y": 559
          },
          {
            "x": 536.0,
            "y": 558
          },
          {
            "x": 536.0,
            "y": 556.0
          },
          {
            "x": 535,
            "y": 555
          },
          {
            "x": 535,
            "y": 553
          },
          {
            "x": 534.0,
            "y": 553
          },
          {
            "x": 533,
            "y": 552.0
          },
          {
            "x": 533,
            "y": 551.0
          },
          {
            "x": 532.0,
            "y": 550
          },
          {
            "x": 532.0,
            "y": 549
          },
          {
            "x": 531.0,
            "y": 548
          },
          {
            "x": 531.0,
            "y": 545
          },
          {
            "x": 530,
            "y": 544
          },
          {
            "x": 530,
            "y": 543
          },
          {
            "x": 529.0,
            "y": 542.0
          },
          {
            "x": 529.0,
            "y": 541.0
          },
          {
            "x": 528,
            "y": 540
          },
          {
            "x": 528,
            "y": 538
          },
          {
            "x": 527.0,
            "y": 537.0
          },
          {
            "x": 527.0,
            "y": 535
          },
          {
            "x": 526.0,
            "y": 534
          },
          {
            "x": 526.0,
            "y": 531.0
          },
          {
            "x": 525,
            "y": 530
          },
          {
            "x": 525,
            "y": 529
          },
          {
            "x": 524.0,
            "y": 528
          },
          {
            "x": 524.0,
            "y": 527.0
          },
          {
            "x": 523,
            "y": 526.0
          },
          {
            "x": 523,
            "y": 524
          },
          {
            "x": 522.0,
            "y": 524
          },
          {
            "x": 521.0,
            "y": 523
          },
          {
            "x": 521.0,
            "y": 520
          },
          {
            "x": 520,
            "y": 519
          },
          {
            "x": 520,
            "y": 518
          },
          {
            "x": 519.0,
            "y": 517.0
          },
          {
            "x": 519.0,
            "y": 516.0
          },
          {
            "x": 518,
            "y": 515
          },
          {
            "x": 518,
            "y": 513
          },
          {
            "x": 517.0,
            "y": 512.0
          },
          {
            "x": 517.0,
            "y": 511.0
          },
          {
            "x": 516.0,
            "y": 510
          },
          {
            "x": 516.0,
            "y": 508.0
          },
          {
            "x": 515,
            "y": 507.0
          },
          {
            "x": 515,
            "y": 505
          },
          {
            "x": 514.0,
            "y": 504
          },
          {
            "x": 514.0,
            "y": 503.0
          },
          {
            "x": 513,
            "y": 502.0
          },
          {
            "x": 513,
            "y": 500
          },
          {
            "x": 512.0,
            "y": 499
          },
          {
            "x": 512.0,
            "y": 498.0
          },
          {
            "x": 511.0,
            "y": 497.0
          },
          {
            "x": 511.0,
            "y": 495
          },
          {
            "x": 510,
            "y": 494
          },
          {
            "x": 510,
            "y": 492.0
          },
          {
            "x": 509.0,
            "y": 492.0
          },
          {
            "x": 508.0,
            "y": 491.0
          },
          {
            "x": 508.0,
            "y": 490
          },
          {
            "x": 507.0,
            "y": 489
          },
          {
            "x": 507.0,
            "y": 488.0
          },
          {
            "x": 506.0,
            "y": 487.0
          },
          {
            "x": 506.0,
            "y": 486.0
          },
          {
            "x": 505,
            "y": 485
          },
          {
            "x": 505,
            "y": 482.0
          },
          {
            "x": 504.0,
            "y": 481.0
          },
          {
            "x": 504.0,
            "y": 480
          },
          {
            "x": 503.0,
            "y": 479
          },
          {
            "x": 503.0,
            "y": 477.0
          },
          {
            "x": 502.0,
            "y": 476.0
          },
          {
            "x": 502.0,
            "y": 475
          },
          {
            "x": 501.0,
            "y": 474
          },
          {
            "x": 501.0,
            "y": 473.0
          },
          {
            "x": 500,
            "y": 472.0
          },
          {
            "x": 500,
            "y": 469
          },
          {
            "x": 499.0,
            "y": 468.0
          },
          {
            "x": 499.0,
            "y": 467.0
          },
          {
            "x": 498.0,
            "y": 466.0
          },
          {
            "x": 498.0,
            "y": 465
          },
          {
            "x": 497.0,
            "y": 465
          },
          {
            "x": 496.0,
            "y": 464
          },
          {
            "x": 496.0,
            "y": 462.0
          },
          {
            "x": 495,
            "y": 461.0
          },
          {
            "x": 495,
            "y": 460
          },
          {
            "x": 494.0,
            "y": 459
          },
          {
            "x": 494.0,
            "y": 456.0
          },
          {
            "x": 493.0,
            "y": 455
          },
          {
            "x": 493.0,
            "y": 454
          },
          {
            "x": 492.0,
            "y": 453.0
          },
          {
            "x": 492.0,
            "y": 452.0
          },
          {
            "x": 491.0,
            "y": 451.0
          },
          {
            "x": 491.0,
            "y": 449
          },
          {
            "x": 490,
            "y": 448.0
          },
          {
            "x": 490,
            "y": 446.0
          },
          {
            "x": 489.0,
            "y": 445
          },
          {
            "x": 489.0,
            "y": 444
          },
          {
            "x": 488.0,
            "y": 443.0
          },
          {
            "x": 488.0,
            "y": 441.0
          },
          {
            "x": 487.0,
            "y": 440
          },
          {
            "x": 487.0,
            "y": 439
          },
          {
            "x": 486.0,
            "y": 438.0
          },
          {
            "x": 486.0,
            "y": 437.0
          },
          {
            "x": 485,
            "y": 437.0
          },
          {
            "x": 484.0,
            "y": 436.0
          },
          {
            "x": 484.0,
            "y": 435
          },
          {
            "x": 483.0,
            "y": 434
          },
          {
            "x": 483.0,
            "y": 431.0
          },
          {
            "x": 482.0,
            "y": 430
          },
          {
            "x": 482.0,
            "y": 429
          },
          {
            "x": 481.0,
            "y": 428
          },
          {
            "x": 481.0,
            "y": 426.0
          },
          {
            "x": 480,
            "y": 425
          },
          {
            "x": 480,
            "y": 424
          },
          {
            "x": 479.0,
            "y": 423
          },
          {
            "x": 479.0,
            "y": 420
          },
          {
            "x": 478.0,
            "y": 419
          },
          {
            "x": 478.0,
            "y": 418
          },
          {
            "x": 477.0,
            "y": 417
          },
          {
            "x": 477.0,
            "y": 416.0
          },
          {
            "x": 476.0,
            "y": 415
          },
          {
            "x": 476.0,
            "y": 414
          },
          {
            "x": 475,
            "y": 413
          },
          {
            "x": 475,
            "y": 411.0
          },
          {
            "x": 474.0,
            "y": 410
          },
          {
            "x": 474.0,
            "y": 408
          },
          {
            "x": 473.0,
            "y": 407
          },
          {
            "x": 473.0,
            "y": 406.0
          },
          {
            "x": 472.0,
            "y": 406.0
          },
          {
            "x": 471.0,
            "y": 405
          },
          {
            "x": 471.0,
            "y": 404
          },
          {
            "x": 470,
            "y": 403
          },
          {
            "x": 470,
            "y": 401.0
          },
          {
            "x": 469,
            "y": 400
          },
          {
            "x": 469,
            "y": 399
          },
          {
            "x": 468.0,
            "y": 398
          },
          {
            "x": 468.0,
            "y": 396.0
          },
          {
            "x": 467.0,
            "y": 395
          },
          {
            "x": 467.0,
            "y": 393
          },
          {
            "x": 466.0,
            "y": 392
          },
          {
            "x": 466.0,
            "y": 391.0
          },
          {
            "x": 465,
            "y": 390
          },
          {
            "x": 465,
            "y": 389
          },
          {
            "x": 464,
            "y": 388
          },
          {
            "x": 464,
            "y": 387
          },
          {
            "x": 463.0,
            "y": 386.0
          },
          {
            "x": 463.0,
            "y": 384
          },
          {
            "x": 462.0,
            "y": 383
          },
          {
            "x": 462.0,
            "y": 381.0
          },
          {
            "x": 461.0,
            "y": 380
          },
          {
            "x": 461.0,
            "y": 379
          },
          {
            "x": 460,
            "y": 379
          },
          {
            "x": 459,
            "y": 378
          },
          {
            "x": 459,
            "y": 376.0
          },
          {
            "x": 458.0,
            "y": 375
          },
          {
            "x": 458.0,
            "y": 374
          },
          {
            "x": 457.0,
            "y": 373
          },
          {
            "x": 457.0,
            "y": 371.0
          },
          {
            "x": 456.0,
            "y": 370
          },
          {
            "x": 456.0,
            "y": 369
          },
          {
            "x": 455,
            "y": 368
          },
          {
            "x": 455,
            "y": 366.0
          },
          {
            "x": 454,
            "y": 365
          },
          {
            "x": 454,
            "y": 364
          },
          {
            "x": 453.0,
            "y": 363
          },
          {
            "x": 453.0,
            "y": 362
          },
          {
            "x": 452.0,
            "y": 361.0
          },
          {
            "x": 452.0,
            "y": 358
          },
          {
            "x": 451.0,
            "y": 357
          },
          {
            "x": 451.0,
            "y": 356.0
          },
          {
            "x": 450,
            "y": 355
          },
          {
            "x": 450,
            "y": 354
          },
          {
            "x": 449,
            "y": 353
          },
          {
            "x": 449,
            "y": 352
          },
          {
            "x": 448.0,
            "y": 351.0
          },
          {
            "x": 448.0,
            "y": 349
          },
          {
            "x": 447.0,
            "y": 349
          },
          {
            "x": 446.0,
            "y": 348
          },
          {
            "x": 446.0,
            "y": 346.0
          },
          {
            "x": 445,
            "y": 345
          },
          {
            "x": 445,
            "y": 344
          },
          {
            "x": 443.0,
            "y": 342
          },
          {
            "x": 443.0,
            "y": 341.0
          },
          {
            "x": 442.0,
            "y": 340
          },
          {
            "x": 442.0,
            "y": 339
          },
          {
            "x": 441.0,
            "y": 338
          },
          {
            "x": 441.0,
            "y": 336.0
          },
          {
            "x": 440,
            "y": 335
          },
          {
            "x": 440,
            "y": 333
          },
          {
            "x": 439,
            "y": 332
          },
          {
            "x": 439,
            "y": 331.0
          },
          {
            "x": 438.0,
            "y": 330
          },
          {
            "x": 438.0,
            "y": 328
          },
          {
            "x": 437.0,
            "y": 327
          },
          {
            "x": 437.0,
            "y": 326.0
          },
          {
            "x": 436.0,
            "y": 325
          },
          {
            "x": 436.0,
            "y": 324
          },
          {
            "x": 435,
            "y": 324
          },
          {
            "x": 434,
            "y": 323.0
          },
          {
            "x": 434,
            "y": 320
          },
          {
            "x": 433.0,
            "y": 319
          },
          {
            "x": 433.0,
            "y": 318.0
          },
          {
            "x": 432.0,
            "y": 317
          },
          {
            "x": 432.0,
            "y": 315
          },
          {
            "x": 431.0,
            "y": 314
          },
          {
            "x": 431.0,
            "y": 313.0
          },
          {
            "x": 430,
            "y": 312
          },
          {
            "x": 430,
            "y": 309
          },
          {
            "x": 429,
            "y": 308.0
          },
          {
            "x": 429,
            "y": 307
          },
          {
            "x": 428.0,
            "y": 306.0
          },
          {
            "x": 428.0,
            "y": 305
          },
          {
            "x": 427.0,
            "y": 304
          },
          {
            "x": 427.0,
            "y": 303.0
          },
          {
            "x": 426.0,
            "y": 302
          },
          {
            "x": 426.0,
            "y": 300
          },
          {
            "x": 425,
            "y": 299
          },
          {
            "x": 425,
            "y": 297
          },
          {
            "x": 424,
            "y": 296.0
          },
          {
            "x": 424,
            "y": 294
          },
          {
            "x": 423.0,
            "y": 294
          },
          {
            "x": 422.0,
            "y": 293.0
          },
          {
            "x": 422.0,
            "y": 292
          },
          {
            "x": 421.0,
            "y": 291.0
          },
          {
            "x": 421.0,
            "y": 290
          },
          {
            "x": 420,
            "y": 289
          },
          {
            "x": 420,
            "y": 287
          },
          {
            "x": 419,
            "y": 286.0
          },
          {
            "x": 419,
            "y": 284
          },
          {
            "x": 418.0,
            "y": 283.0
          },
          {
            "x": 418.0,
            "y": 281.0
          },
          {
            "x": 417.0,
            "y": 280
          },
          {
            "x": 417.0,
            "y": 279
          },
          {
            "x": 416.0,
            "y": 278.0
          },
          {
            "x": 416.0,
            "y": 277
          },
          {
            "x": 415,
            "y": 276.0
          },
          {
            "x": 415,
            "y": 274
          },
          {
            "x": 414,
            "y": 273.0
          },
          {
            "x": 414,
            "y": 271.0
          },
          {
            "x": 413.0,
            "y": 270
          },
          {
            "x": 413.0,
            "y": 269
          },
          {
            "x": 411.0,
            "y": 267
          },
          {
            "x": 411.0,
            "y": 266.0
          },
          {
            "x": 410,
            "y": 266.0
          },
          {
            "x": 409,
            "y": 265
          },
          {
            "x": 409,
            "y": 264
          },
          {
            "x": 407.0,
            "y": 262
          },
          {
            "x": 407.0,
            "y": 260
          },
          {
            "x": 406.0,
            "y": 259
          },
          {
            "x": 406.0,
            "y": 258.0
          },
          {
            "x": 405,
            "y": 257
          },
          {
            "x": 405,
            "y": 256.0
          },
          {
            "x": 404,
            "y": 255
          },
          {
            "x": 404,
            "y": 253.0
          },
          {
            "x": 403.0,
            "y": 252
          },
          {
            "x": 403.0,
            "y": 250
          },
          {
            "x": 402.0,
            "y": 249.0
          },
          {
            "x": 402.0,
            "y": 247
          },
          {
            "x": 401.0,
            "y": 246.0
          },
          {
            "x": 401.0,
            "y": 245
          },
          {
            "x": 400,
            "y": 244.0
          },
          {
            "x": 400,
            "y": 243.0
          },
          {
            "x": 399,
            "y": 242
          },
          {
            "x": 399,
            "y": 241.0
          },
          {
            "x": 398.0,
            "y": 241.0
          },
          {
            "x": 397.0,
            "y": 240
          },
          {
            "x": 397.0,
            "y": 239.0
          },
          {
            "x": 395,
            "y": 237
          },
          {
            "x": 395,
            "y": 235
          }
        ]
      }
    }
  ]
}