{
  "image": {
    "width": 640,
    "height": 480,
    "filename": "00000215.jpg",
    "original_filename": "COCO_test2014_000000009053.jpg",
    "url": "https://darwin.v7labs.com/api/images/1197937/original?token=e96ee6b8-bc43-4e08-bcc1-e75bb7cc480d",
    "thumbnail_url": "https://darwin.v7labs.com/api/images/1197937/thumbnail?token=e96ee6b8-bc43-4e08-bcc1-e75bb7cc480d",
    "workview_url": "https://darwin.v7labs.com/workview?dataset=1166&image=215"
  },
  "dataset": "4_Nurzhan_ver2",
  "annotated": true,
  "annotations": [
    {
      "annotator": {
        "email": "order@bex.kg",
        "full_name": "Zhaparova  Nurzhan"
      },
      "name": "Women Polygon ",
      "polygon": {
        "path": [
          {
            "x": 346,
            "y": 196
          },
          {
            "x": 343.0,
            "y": 196
          },
          {
            "x": 343.0,
            "y": 197
          },
          {
            "x": 342.0,
            "y": 198
          },
          {
            "x": 342.0,
            "y": 206.0
          },
          {
            "x": 341.0,
            "y": 207.0
          },
          {
            "x": 341.0,
            "y": 211
          },
          {
            "x": 339,
            "y": 213
          },
          {
            "x": 339,
            "y": 214
          },
          {
            "x": 336,
            "y": 217.0
          },
          {
            "x": 336,
            "y": 220.0
          },
          {
            "x": 334.0,
            "y": 222.0
          },
          {
            "x": 334.0,
            "y": 227.0
          },
          {
            "x": 333.0,
            "y": 228.0
          },
          {
            "x": 333.0,
            "y": 230.0
          },
          {
            "x": 334.0,
            "y": 231.0
          },
          {
            "x": 334.0,
            "y": 237
          },
          {
            "x": 335,
            "y": 238
          },
          {
            "x": 335,
            "y": 242.0
          },
          {
            "x": 336,
            "y": 243.0
          },
          {
            "x": 336,
            "y": 247.0
          },
          {
            "x": 337,
            "y": 248
          },
          {
            "x": 337,
            "y": 251
          },
          {
            "x": 338,
            "y": 252.0
          },
          {
            "x": 338,
            "y": 254.0
          },
          {
            "x": 339,
            "y": 255.0
          },
          {
            "x": 339,
            "y": 264
          },
          {
            "x": 340,
            "y": 265
          },
          {
            "x": 340,
            "y": 271.0
          },
          {
            "x": 341.0,
            "y": 272
          },
          {
            "x": 341.0,
            "y": 283.0
          },
          {
            "x": 342.0,
            "y": 284.0
          },
          {
            "x": 342.0,
            "y": 288
          },
          {
            "x": 343.0,
            "y": 289
          },
          {
            "x": 343.0,
            "y": 297
          },
          {
            "x": 344.0,
            "y": 298
          },
          {
            "x": 344.0,
            "y": 300
          },
          {
            "x": 345.0,
            "y": 301
          },
          {
            "x": 345.0,
            "y": 305.0
          },
          {
            "x": 346,
            "y": 306.0
          },
          {
            "x": 346,
            "y": 310
          },
          {
            "x": 347,
            "y": 311
          },
          {
            "x": 347,
            "y": 313
          },
          {
            "x": 348,
            "y": 314
          },
          {
            "x": 348,
            "y": 316
          },
          {
            "x": 347,
            "y": 317.0
          },
          {
            "x": 347,
            "y": 318.0
          },
          {
            "x": 346,
            "y": 319.0
          },
          {
            "x": 346,
            "y": 321.0
          },
          {
            "x": 341.0,
            "y": 326
          },
          {
            "x": 341.0,
            "y": 327
          },
          {
            "x": 339,
            "y": 329.0
          },
          {
            "x": 339,
            "y": 330.0
          },
          {
            "x": 338,
            "y": 331.0
          },
          {
            "x": 338,
            "y": 332.0
          },
          {
            "x": 337,
            "y": 333.0
          },
          {
            "x": 337,
            "y": 334.0
          },
          {
            "x": 336,
            "y": 335
          },
          {
            "x": 336,
            "y": 338
          },
          {
            "x": 334.0,
            "y": 340
          },
          {
            "x": 334.0,
            "y": 342.0
          },
          {
            "x": 333.0,
            "y": 343.0
          },
          {
            "x": 333.0,
            "y": 344.0
          },
          {
            "x": 332.0,
            "y": 345.0
          },
          {
            "x": 332.0,
            "y": 346.0
          },
          {
            "x": 330.0,
            "y": 348
          },
          {
            "x": 330.0,
            "y": 349
          },
          {
            "x": 329.0,
            "y": 350
          },
          {
            "x": 329.0,
            "y": 351
          },
          {
            "x": 326,
            "y": 354.0
          },
          {
            "x": 325,
            "y": 354.0
          },
          {
            "x": 325,
            "y": 355.0
          },
          {
            "x": 324,
            "y": 356.0
          },
          {
            "x": 323,
            "y": 356.0
          },
          {
            "x": 322,
            "y": 357.0
          },
          {
            "x": 321,
            "y": 357.0
          },
          {
            "x": 321,
            "y": 358.0
          },
          {
            "x": 320.0,
            "y": 359.0
          },
          {
            "x": 319.0,
            "y": 359.0
          },
          {
            "x": 317.0,
            "y": 361
          },
          {
            "x": 311,
            "y": 361
          },
          {
            "x": 309.0,
            "y": 359.0
          },
          {
            "x": 309.0,
            "y": 358.0
          },
          {
            "x": 311,
            "y": 356.0
          },
          {
            "x": 313,
            "y": 356.0
          },
          {
            "x": 313,
            "y": 352
          },
          {
            "x": 312,
            "y": 352
          },
          {
            "x": 311,
            "y": 351
          },
          {
            "x": 311,
            "y": 350
          },
          {
            "x": 310,
            "y": 350
          },
          {
            "x": 309.0,
            "y": 349
          },
          {
            "x": 309.0,
            "y": 348
          },
          {
            "x": 308.0,
            "y": 347
          },
          {
            "x": 308.0,
            "y": 341
          },
          {
            "x": 309.0,
            "y": 340
          },
          {
            "x": 309.0,
            "y": 338
          },
          {
            "x": 310,
            "y": 337
          },
          {
            "x": 310,
            "y": 336
          },
          {
            "x": 311,
            "y": 335
          },
          {
            "x": 311,
            "y": 334.0
          },
          {
            "x": 312,
            "y": 333.0
          },
          {
            "x": 313,
            "y": 333.0
          },
          {
            "x": 314,
            "y": 332.0
          },
          {
            "x": 317.0,
            "y": 332.0
          },
          {
            "x": 318.0,
            "y": 331.0
          },
          {
            "x": 323,
            "y": 331.0
          },
          {
            "x": 324,
            "y": 330.0
          },
          {
            "x": 324,
            "y": 329.0
          },
          {
            "x": 325,
            "y": 328
          },
          {
            "x": 325,
            "y": 323
          },
          {
            "x": 324,
            "y": 322
          },
          {
            "x": 324,
            "y": 311
          },
          {
            "x": 325,
            "y": 310
          },
          {
            "x": 325,
            "y": 308.0
          },
          {
            "x": 326,
            "y": 307.0
          },
          {
            "x": 326,
            "y": 300
          },
          {
            "x": 325,
            "y": 299
          },
          {
            "x": 325,
            "y": 296.0
          },
          {
            "x": 324,
            "y": 295.0
          },
          {
            "x": 324,
            "y": 291
          },
          {
            "x": 323,
            "y": 290
          },
          {
            "x": 323,
            "y": 289
          },
          {
            "x": 322,
            "y": 288
          },
          {
            "x": 322,
            "y": 286
          },
          {
            "x": 321,
            "y": 285
          },
          {
            "x": 321,
            "y": 284.0
          },
          {
            "x": 320.0,
            "y": 283.0
          },
          {
            "x": 320.0,
            "y": 282.0
          },
          {
            "x": 319.0,
            "y": 282.0
          },
          {
            "x": 318.0,
            "y": 281.0
          },
          {
            "x": 318.0,
            "y": 279.0
          },
          {
            "x": 317.0,
            "y": 278
          },
          {
            "x": 317.0,
            "y": 277
          },
          {
            "x": 316.0,
            "y": 276
          },
          {
            "x": 316.0,
            "y": 275
          },
          {
            "x": 315,
            "y": 274
          },
          {
            "x": 315,
            "y": 272
          },
          {
            "x": 313,
            "y": 270.0
          },
          {
            "x": 313,
            "y": 269.0
          },
          {
            "x": 312,
            "y": 269.0
          },
          {
            "x": 310,
            "y": 267.0
          },
          {
            "x": 310,
            "y": 266
          },
          {
            "x": 309.0,
            "y": 266
          },
          {
            "x": 307.0,
            "y": 264
          },
          {
            "x": 306.0,
            "y": 264
          },
          {
            "x": 304.0,
            "y": 262
          },
          {
            "x": 303,
            "y": 262
          },
          {
            "x": 302,
            "y": 261
          },
          {
            "x": 301,
            "y": 261
          },
          {
            "x": 300,
            "y": 260
          },
          {
            "x": 299,
            "y": 260
          },
          {
            "x": 298,
            "y": 259.0
          },
          {
            "x": 295.0,
            "y": 259.0
          },
          {
            "x": 294.0,
            "y": 258.0
          },
          {
            "x": 285,
            "y": 258.0
          },
          {
            "x": 284.0,
            "y": 259.0
          },
          {
            "x": 276,
            "y": 259.0
          },
          {
            "x": 274,
            "y": 261
          },
          {
            "x": 273,
            "y": 261
          },
          {
            "x": 272,
            "y": 262
          },
          {
            "x": 271,
            "y": 262
          },
          {
            "x": 269.0,
            "y": 264
          },
          {
            "x": 268.0,
            "y": 264
          },
          {
            "x": 263,
            "y": 269.0
          },
          {
            "x": 262,
            "y": 269.0
          },
          {
            "x": 262,
            "y": 270.0
          },
          {
            "x": 260,
            "y": 272
          },
          {
            "x": 260,
            "y": 274
          },
          {
            "x": 258.0,
            "y": 276
          },
          {
            "x": 258.0,
            "y": 278
          },
          {
            "x": 257.0,
            "y": 279.0
          },
          {
            "x": 257.0,
            "y": 282.0
          },
          {
            "x": 255.0,
            "y": 284.0
          },
          {
            "x": 255.0,
            "y": 285
          },
          {
            "x": 253.0,
            "y": 287
          },
          {
            "x": 253.0,
            "y": 290
          },
          {
            "x": 252.0,
            "y": 291
          },
          {
            "x": 252.0,
            "y": 292.0
          },
          {
            "x": 251,
            "y": 293.0
          },
          {
            "x": 251,
            "y": 294.0
          },
          {
            "x": 250,
            "y": 295.0
          },
          {
            "x": 250,
            "y": 318.0
          },
          {
            "x": 251,
            "y": 319.0
          },
          {
            "x": 251,
            "y": 323
          },
          {
            "x": 253.0,
            "y": 325
          },
          {
            "x": 253.0,
            "y": 327
          },
          {
            "x": 254.0,
            "y": 328
          },
          {
            "x": 254.0,
            "y": 329.0
          },
          {
            "x": 255.0,
            "y": 330.0
          },
          {
            "x": 255.0,
            "y": 331.0
          },
          {
            "x": 254.0,
            "y": 332.0
          },
          {
            "x": 254.0,
            "y": 334.0
          },
          {
            "x": 253.0,
            "y": 335
          },
          {
            "x": 253.0,
            "y": 337
          },
          {
            "x": 251,
            "y": 339
          },
          {
            "x": 251,
            "y": 340
          },
          {
            "x": 250,
            "y": 341
          },
          {
            "x": 250,
            "y": 342.0
          },
          {
            "x": 249,
            "y": 343.0
          },
          {
            "x": 249,
            "y": 344.0
          },
          {
            "x": 248,
            "y": 345.0
          },
          {
            "x": 248,
            "y": 356.0
          },
          {
            "x": 249,
            "y": 357.0
          },
          {
            "x": 249,
            "y": 358.0
          },
          {
            "x": 250,
            "y": 359.0
          },
          {
            "x": 250,
            "y": 369.0
          },
          {
            "x": 249,
            "y": 370.0
          },
          {
            "x": 249,
            "y": 371.0
          },
          {
            "x": 247.0,
            "y": 373
          },
          {
            "x": 245.0,
            "y": 373
          },
          {
            "x": 244.0,
            "y": 372
          },
          {
            "x": 239,
            "y": 372
          },
          {
            "x": 238,
            "y": 371.0
          },
          {
            "x": 237,
            "y": 371.0
          },
          {
            "x": 236,
            "y": 370.0
          },
          {
            "x": 232.0,
            "y": 370.0
          },
          {
            "x": 231.0,
            "y": 371.0
          },
          {
            "x": 230.0,
            "y": 371.0
          },
          {
            "x": 229.0,
            "y": 372
          },
          {
            "x": 224,
            "y": 372
          },
          {
            "x": 223,
            "y": 373
          },
          {
            "x": 222.0,
            "y": 373
          },
          {
            "x": 221.0,
            "y": 374
          },
          {
            "x": 219.0,
            "y": 374
          },
          {
            "x": 218.0,
            "y": 375
          },
          {
            "x": 215.0,
            "y": 375
          },
          {
            "x": 215.0,
            "y": 376
          },
          {
            "x": 210.0,
            "y": 381.0
          },
          {
            "x": 210.0,
            "y": 382.0
          },
          {
            "x": 208.0,
            "y": 384
          },
          {
            "x": 208.0,
            "y": 385
          },
          {
            "x": 206.0,
            "y": 387
          },
          {
            "x": 206.0,
            "y": 389
          },
          {
            "x": 205.0,
            "y": 390
          },
          {
            "x": 205.0,
            "y": 391
          },
          {
            "x": 204.0,
            "y": 392.0
          },
          {
            "x": 204.0,
            "y": 393.0
          },
          {
            "x": 203.0,
            "y": 394.0
          },
          {
            "x": 203.0,
            "y": 396.0
          },
          {
            "x": 202.0,
            "y": 397
          },
          {
            "x": 202.0,
            "y": 398
          },
          {
            "x": 201,
            "y": 399
          },
          {
            "x": 201,
            "y": 401
          },
          {
            "x": 200,
            "y": 402
          },
          {
            "x": 200,
            "y": 403
          },
          {
            "x": 199,
            "y": 404.0
          },
          {
            "x": 199,
            "y": 406.0
          },
          {
            "x": 198,
            "y": 407.0
          },
          {
            "x": 198,
            "y": 408.0
          },
          {
            "x": 197.0,
            "y": 409
          },
          {
            "x": 197.0,
            "y": 412
          },
          {
            "x": 196.0,
            "y": 413
          },
          {
            "x": 196.0,
            "y": 417.0
          },
          {
            "x": 195.0,
            "y": 418.0
          },
          {
            "x": 195.0,
            "y": 421
          },
          {
            "x": 194.0,
            "y": 422
          },
          {
            "x": 194.0,
            "y": 426
          },
          {
            "x": 193.0,
            "y": 427
          },
          {
            "x": 193.0,
            "y": 430.0
          },
          {
            "x": 192.0,
            "y": 431.0
          },
          {
            "x": 192.0,
            "y": 436
          },
          {
            "x": 191.0,
            "y": 437
          },
          {
            "x": 191.0,
            "y": 439
          },
          {
            "x": 190.0,
            "y": 440
          },
          {
            "x": 190.0,
            "y": 444.0
          },
          {
            "x": 189,
            "y": 445.0
          },
          {
            "x": 189,
            "y": 449
          },
          {
            "x": 188,
            "y": 450
          },
          {
            "x": 188,
            "y": 451
          },
          {
            "x": 187,
            "y": 452
          },
          {
            "x": 187,
            "y": 456.0
          },
          {
            "x": 186,
            "y": 457.0
          },
          {
            "x": 186,
            "y": 458.0
          },
          {
            "x": 185.0,
            "y": 459
          },
          {
            "x": 185.0,
            "y": 462
          },
          {
            "x": 184.0,
            "y": 463
          },
          {
            "x": 184.0,
            "y": 464
          },
          {
            "x": 183.0,
            "y": 465
          },
          {
            "x": 183.0,
            "y": 469.0
          },
          {
            "x": 182.0,
            "y": 470.0
          },
          {
            "x": 182.0,
            "y": 471
          },
          {
            "x": 181.0,
            "y": 472
          },
          {
            "x": 181.0,
            "y": 475
          },
          {
            "x": 180.0,
            "y": 476
          },
          {
            "x": 180.0,
            "y": 478
          },
          {
            "x": 331.0,
            "y": 478
          },
          {
            "x": 331.0,
            "y": 474
          },
          {
            "x": 332.0,
            "y": 473
          },
          {
            "x": 332.0,
            "y": 470.0
          },
          {
            "x": 333.0,
            "y": 469.0
          },
          {
            "x": 333.0,
            "y": 464
          },
          {
            "x": 334.0,
            "y": 463
          },
          {
            "x": 334.0,
            "y": 461
          },
          {
            "x": 335,
            "y": 460
          },
          {
            "x": 335,
            "y": 454.0
          },
          {
            "x": 336,
            "y": 453
          },
          {
            "x": 336,
            "y": 447
          },
          {
            "x": 337,
            "y": 446
          },
          {
            "x": 337,
            "y": 444.0
          },
          {
            "x": 338,
            "y": 443.0
          },
          {
            "x": 338,
            "y": 440
          },
          {
            "x": 339,
            "y": 439
          },
          {
            "x": 339,
            "y": 438
          },
          {
            "x": 340,
            "y": 437
          },
          {
            "x": 340,
            "y": 427
          },
          {
            "x": 341.0,
            "y": 426
          },
          {
            "x": 341.0,
            "y": 424
          },
          {
            "x": 342.0,
            "y": 423
          },
          {
            "x": 342.0,
            "y": 417.0
          },
          {
            "x": 343.0,
            "y": 416
          },
          {
            "x": 343.0,
            "y": 415
          },
          {
            "x": 344.0,
            "y": 414
          },
          {
            "x": 344.0,
            "y": 410
          },
          {
            "x": 345.0,
            "y": 409
          },
          {
            "x": 345.0,
            "y": 406.0
          },
          {
            "x": 346,
            "y": 405.0
          },
          {
            "x": 346,
            "y": 404.0
          },
          {
            "x": 347,
            "y": 403
          },
          {
            "x": 347,
            "y": 402
          },
          {
            "x": 348,
            "y": 401
          },
          {
            "x": 348,
            "y": 400
          },
          {
            "x": 349,
            "y": 399
          },
          {
            "x": 349,
            "y": 397
          },
          {
            "x": 350,
            "y": 396.0
          },
          {
            "x": 350,
            "y": 395.0
          },
          {
            "x": 351,
            "y": 394.0
          },
          {
            "x": 351,
            "y": 392.0
          },
          {
            "x": 352,
            "y": 391
          },
          {
            "x": 352,
            "y": 390
          },
          {
            "x": 353,
            "y": 389
          },
          {
            "x": 353,
            "y": 388
          },
          {
            "x": 354.0,
            "y": 387
          },
          {
            "x": 354.0,
            "y": 384
          },
          {
            "x": 355.0,
            "y": 383.0
          },
          {
            "x": 355.0,
            "y": 381.0
          },
          {
            "x": 356.0,
            "y": 380.0
          },
          {
            "x": 356.0,
            "y": 377
          },
          {
            "x": 357.0,
            "y": 376
          },
          {
            "x": 357.0,
            "y": 375
          },
          {
            "x": 358.0,
            "y": 374
          },
          {
            "x": 358.0,
            "y": 372
          },
          {
            "x": 359.0,
            "y": 371.0
          },
          {
            "x": 359.0,
            "y": 370.0
          },
          {
            "x": 360.0,
            "y": 369.0
          },
          {
            "x": 360.0,
            "y": 366
          },
          {
            "x": 361.0,
            "y": 365
          },
          {
            "x": 361.0,
            "y": 364
          },
          {
            "x": 362.0,
            "y": 363
          },
          {
            "x": 362.0,
            "y": 359.0
          },
          {
            "x": 363.0,
            "y": 358.0
          },
          {
            "x": 363.0,
            "y": 355.0
          },
          {
            "x": 364.0,
            "y": 354.0
          },
          {
            "x": 364.0,
            "y": 352
          },
          {
            "x": 365.0,
            "y": 351
          },
          {
            "x": 365.0,
            "y": 347
          },
          {
            "x": 366.0,
            "y": 346.0
          },
          {
            "x": 366.0,
            "y": 345.0
          },
          {
            "x": 367.0,
            "y": 344.0
          },
          {
            "x": 367.0,
            "y": 338
          },
          {
            "x": 368.0,
            "y": 337
          },
          {
            "x": 368.0,
            "y": 335
          },
          {
            "x": 369.0,
            "y": 334.0
          },
          {
            "x": 369.0,
            "y": 329.0
          },
          {
            "x": 370.0,
            "y": 328
          },
          {
            "x": 370.0,
            "y": 325
          },
          {
            "x": 371,
            "y": 324
          },
          {
            "x": 371,
            "y": 298
          },
          {
            "x": 370.0,
            "y": 297
          },
          {
            "x": 370.0,
            "y": 293.0
          },
          {
            "x": 369.0,
            "y": 292.0
          },
          {
            "x": 369.0,
            "y": 288
          },
          {
            "x": 368.0,
            "y": 287
          },
          {
            "x": 368.0,
            "y": 286
          },
          {
            "x": 367.0,
            "y": 285
          },
          {
            "x": 367.0,
            "y": 282.0
          },
          {
            "x": 366.0,
            "y": 281.0
          },
          {
            "x": 366.0,
            "y": 280.0
          },
          {
            "x": 365.0,
            "y": 279.0
          },
          {
            "x": 365.0,
            "y": 277
          },
          {
            "x": 363.0,
            "y": 275
          },
          {
            "x": 363.0,
            "y": 273
          },
          {
            "x": 362.0,
            "y": 272
          },
          {
            "x": 362.0,
            "y": 271.0
          },
          {
            "x": 361.0,
            "y": 270.0
          },
          {
            "x": 361.0,
            "y": 269.0
          },
          {
            "x": 360.0,
            "y": 268.0
          },
          {
            "x": 360.0,
            "y": 266
          },
          {
            "x": 358.0,
            "y": 264
          },
          {
            "x": 358.0,
            "y": 262
          },
          {
            "x": 356.0,
            "y": 260
          },
          {
            "x": 356.0,
            "y": 259.0
          },
          {
            "x": 355.0,
            "y": 258.0
          },
          {
            "x": 355.0,
            "y": 257.0
          },
          {
            "x": 354.0,
            "y": 256.0
          },
          {
            "x": 354.0,
            "y": 254.0
          },
          {
            "x": 353,
            "y": 253.0
          },
          {
            "x": 353,
            "y": 252.0
          },
          {
            "x": 352,
            "y": 251
          },
          {
            "x": 352,
            "y": 250
          },
          {
            "x": 351,
            "y": 249
          },
          {
            "x": 351,
            "y": 246.0
          },
          {
            "x": 350,
            "y": 245.0
          },
          {
            "x": 350,
            "y": 241.0
          },
          {
            "x": 351,
            "y": 240.0
          },
          {
            "x": 351,
            "y": 237
          },
          {
            "x": 353,
            "y": 235.0
          },
          {
            "x": 353,
            "y": 234.0
          },
          {
            "x": 354.0,
            "y": 233.0
          },
          {
            "x": 354.0,
            "y": 231.0
          },
          {
            "x": 356.0,
            "y": 229.0
          },
          {
            "x": 356.0,
            "y": 228.0
          },
          {
            "x": 357.0,
            "y": 227.0
          },
          {
            "x": 357.0,
            "y": 226
          },
          {
            "x": 359.0,
            "y": 224
          },
          {
            "x": 359.0,
            "y": 223
          },
          {
            "x": 360.0,
            "y": 222.0
          },
          {
            "x": 360.0,
            "y": 216.0
          },
          {
            "x": 358.0,
            "y": 214
          },
          {
            "x": 358.0,
            "y": 212
          },
          {
            "x": 356.0,
            "y": 210.0
          },
          {
            "x": 356.0,
            "y": 208.0
          },
          {
            "x": 353,
            "y": 205.0
          },
          {
            "x": 352,
            "y": 205.0
          },
          {
            "x": 351,
            "y": 204.0
          },
          {
            "x": 351,
            "y": 203
          },
          {
            "x": 350,
            "y": 203
          },
          {
            "x": 349,
            "y": 202
          },
          {
            "x": 349,
            "y": 200.0
          },
          {
            "x": 347,
            "y": 198
          },
          {
            "x": 347,
            "y": 197
          }
        ]
      }
    },
    {
      "annotator": {
        "email": "order@bex.kg",
        "full_name": "Zhaparova  Nurzhan"
      },
      "bounding_box": {
        "h": 28.44,
        "w": 23.01,
        "x": 305.34,
        "y": 97.31
      },
      "name": "Object"
    }
  ]
}