{
  "image": {
    "width": 640,
    "height": 428,
    "filename": "00000034.jpg",
    "original_filename": "COCO_test2014_000000006449.jpg",
    "url": "https://darwin.v7labs.com/api/images/1197756/original?token=e96ee6b8-bc43-4e08-bcc1-e75bb7cc480d",
    "thumbnail_url": "https://darwin.v7labs.com/api/images/1197756/thumbnail?token=e96ee6b8-bc43-4e08-bcc1-e75bb7cc480d",
    "workview_url": "https://darwin.v7labs.com/workview?dataset=1166&image=34"
  },
  "dataset": "4_Nurzhan_ver2",
  "annotated": true,
  "annotations": [
    {
      "annotator": {
        "email": "order@bex.kg",
        "full_name": "Zhaparova  Nurzhan"
      },
      "name": "Food Polygon ",
      "polygon": {
        "path": [
          {
            "x": -0.62,
            "y": 193
          },
          {
            "x": -0.62,
            "y": 292
          },
          {
            "x": 0.38,
            "y": 292
          },
          {
            "x": 1.38,
            "y": 293
          },
          {
            "x": 1.38,
            "y": 295
          },
          {
            "x": 2.38,
            "y": 296
          },
          {
            "x": 3.38,
            "y": 296
          },
          {
            "x": 4.38,
            "y": 297
          },
          {
            "x": 7.38,
            "y": 297
          },
          {
            "x": 8.38,
            "y": 298
          },
          {
            "x": 8.38,
            "y": 299
          },
          {
            "x": 25.38,
            "y": 299
          },
          {
            "x": 25.38,
            "y": 298
          },
          {
            "x": 26.38,
            "y": 297
          },
          {
            "x": 30.38,
            "y": 297
          },
          {
            "x": 31.38,
            "y": 296
          },
          {
            "x": 36.38,
            "y": 296
          },
          {
            "x": 37.38,
            "y": 295
          },
          {
            "x": 42.38,
            "y": 295
          },
          {
            "x": 43.38,
            "y": 294
          },
          {
            "x": 48.38,
            "y": 294
          },
          {
            "x": 48.38,
            "y": 293
          },
          {
            "x": 49.38,
            "y": 292
          },
          {
            "x": 56.38,
            "y": 292
          },
          {
            "x": 57.38,
            "y": 291
          },
          {
            "x": 96.38,
            "y": 291
          },
          {
            "x": 97.38,
            "y": 292
          },
          {
            "x": 102.38,
            "y": 292
          },
          {
            "x": 103.38,
            "y": 293
          },
          {
            "x": 103.38,
            "y": 294
          },
          {
            "x": 110.38,
            "y": 294
          },
          {
            "x": 111.38,
            "y": 295
          },
          {
            "x": 134.38,
            "y": 295
          },
          {
            "x": 135.38,
            "y": 296
          },
          {
            "x": 144.38,
            "y": 296
          },
          {
            "x": 145.38,
            "y": 297
          },
          {
            "x": 194.38,
            "y": 297
          },
          {
            "x": 195.38,
            "y": 298
          },
          {
            "x": 195.38,
            "y": 299
          },
          {
            "x": 206.38,
            "y": 299
          },
          {
            "x": 207.38,
            "y": 300
          },
          {
            "x": 221.38,
            "y": 300
          },
          {
            "x": 222.38,
            "y": 301
          },
          {
            "x": 233.38,
            "y": 301
          },
          {
            "x": 234.38,
            "y": 302
          },
          {
            "x": 289.38,
            "y": 302
          },
          {
            "x": 290.38,
            "y": 301
          },
          {
            "x": 295.38,
            "y": 301
          },
          {
            "x": 296.38,
            "y": 300
          },
          {
            "x": 303.38,
            "y": 300
          },
          {
            "x": 304.38,
            "y": 299
          },
          {
            "x": 342.38,
            "y": 299
          },
          {
            "x": 343.38,
            "y": 300
          },
          {
            "x": 350.38,
            "y": 300
          },
          {
            "x": 351.38,
            "y": 301
          },
          {
            "x": 355.38,
            "y": 301
          },
          {
            "x": 356.38,
            "y": 302
          },
          {
            "x": 367.38,
            "y": 302
          },
          {
            "x": 368.38,
            "y": 301
          },
          {
            "x": 373.38,
            "y": 301
          },
          {
            "x": 374.38,
            "y": 300
          },
          {
            "x": 379.38,
            "y": 300
          },
          {
            "x": 380.38,
            "y": 299
          },
          {
            "x": 404.38,
            "y": 299
          },
          {
            "x": 405.38,
            "y": 300
          },
          {
            "x": 412.38,
            "y": 300
          },
          {
            "x": 413.38,
            "y": 301
          },
          {
            "x": 427.38,
            "y": 301
          },
          {
            "x": 428.38,
            "y": 302
          },
          {
            "x": 434.38,
            "y": 302
          },
          {
            "x": 435.38,
            "y": 303
          },
          {
            "x": 440.38,
            "y": 303
          },
          {
            "x": 441.38,
            "y": 304
          },
          {
            "x": 441.38,
            "y": 305
          },
          {
            "x": 446.38,
            "y": 305
          },
          {
            "x": 447.38,
            "y": 306
          },
          {
            "x": 454.38,
            "y": 306
          },
          {
            "x": 455.38,
            "y": 305
          },
          {
            "x": 456.38,
            "y": 305
          },
          {
            "x": 456.38,
            "y": 304
          },
          {
            "x": 457.38,
            "y": 303
          },
          {
            "x": 459.38,
            "y": 303
          },
          {
            "x": 460.38,
            "y": 302
          },
          {
            "x": 466.38,
            "y": 302
          },
          {
            "x": 467.38,
            "y": 303
          },
          {
            "x": 473.38,
            "y": 303
          },
          {
            "x": 474.38,
            "y": 304
          },
          {
            "x": 474.38,
            "y": 305
          },
          {
            "x": 478.38,
            "y": 305
          },
          {
            "x": 479.38,
            "y": 306
          },
          {
            "x": 486.38,
            "y": 306
          },
          {
            "x": 487.38,
            "y": 307
          },
          {
            "x": 492.38,
            "y": 307
          },
          {
            "x": 493.38,
            "y": 308
          },
          {
            "x": 498.38,
            "y": 308
          },
          {
            "x": 499.38,
            "y": 309
          },
          {
            "x": 499.38,
            "y": 310
          },
          {
            "x": 503.38,
            "y": 310
          },
          {
            "x": 504.38,
            "y": 311
          },
          {
            "x": 508.38,
            "y": 311
          },
          {
            "x": 509.38,
            "y": 312
          },
          {
            "x": 513.38,
            "y": 312
          },
          {
            "x": 514.38,
            "y": 313
          },
          {
            "x": 516.38,
            "y": 313
          },
          {
            "x": 517.38,
            "y": 314
          },
          {
            "x": 521.38,
            "y": 314
          },
          {
            "x": 522.38,
            "y": 315
          },
          {
            "x": 522.38,
            "y": 316
          },
          {
            "x": 526.38,
            "y": 316
          },
          {
            "x": 527.38,
            "y": 317
          },
          {
            "x": 533.38,
            "y": 317
          },
          {
            "x": 534.38,
            "y": 318
          },
          {
            "x": 582.38,
            "y": 318
          },
          {
            "x": 583.38,
            "y": 317
          },
          {
            "x": 587.38,
            "y": 317
          },
          {
            "x": 588.38,
            "y": 316
          },
          {
            "x": 591.38,
            "y": 316
          },
          {
            "x": 591.38,
            "y": 315
          },
          {
            "x": 592.38,
            "y": 314
          },
          {
            "x": 593.38,
            "y": 314
          },
          {
            "x": 594.38,
            "y": 313
          },
          {
            "x": 597.38,
            "y": 313
          },
          {
            "x": 599.38,
            "y": 311
          },
          {
            "x": 601.38,
            "y": 311
          },
          {
            "x": 602.38,
            "y": 310
          },
          {
            "x": 602.38,
            "y": 309
          },
          {
            "x": 603.38,
            "y": 308
          },
          {
            "x": 604.38,
            "y": 308
          },
          {
            "x": 605.38,
            "y": 307
          },
          {
            "x": 606.38,
            "y": 307
          },
          {
            "x": 608.38,
            "y": 305
          },
          {
            "x": 608.38,
            "y": 304
          },
          {
            "x": 610.38,
            "y": 302
          },
          {
            "x": 611.38,
            "y": 302
          },
          {
            "x": 613.38,
            "y": 300
          },
          {
            "x": 613.38,
            "y": 298
          },
          {
            "x": 614.38,
            "y": 297
          },
          {
            "x": 614.38,
            "y": 296
          },
          {
            "x": 615.38,
            "y": 295
          },
          {
            "x": 615.38,
            "y": 293
          },
          {
            "x": 616.38,
            "y": 292
          },
          {
            "x": 617.38,
            "y": 292
          },
          {
            "x": 617.38,
            "y": 291
          },
          {
            "x": 618.38,
            "y": 290
          },
          {
            "x": 618.38,
            "y": 287
          },
          {
            "x": 619.38,
            "y": 286
          },
          {
            "x": 619.38,
            "y": 282
          },
          {
            "x": 620.38,
            "y": 281
          },
          {
            "x": 620.38,
            "y": 276
          },
          {
            "x": 621.38,
            "y": 275
          },
          {
            "x": 622.38,
            "y": 275
          },
          {
            "x": 622.38,
            "y": 268
          },
          {
            "x": 623.38,
            "y": 267
          },
          {
            "x": 623.38,
            "y": 247.0
          },
          {
            "x": 624.38,
            "y": 246
          },
          {
            "x": 624.38,
            "y": 233
          },
          {
            "x": 623.38,
            "y": 232.0
          },
          {
            "x": 623.38,
            "y": 230.0
          },
          {
            "x": 622.38,
            "y": 229
          },
          {
            "x": 622.38,
            "y": 227
          },
          {
            "x": 621.38,
            "y": 227
          },
          {
            "x": 619.38,
            "y": 225
          },
          {
            "x": 619.38,
            "y": 224.0
          },
          {
            "x": 618.38,
            "y": 223
          },
          {
            "x": 618.38,
            "y": 221
          },
          {
            "x": 617.38,
            "y": 220.0
          },
          {
            "x": 616.38,
            "y": 220.0
          },
          {
            "x": 615.38,
            "y": 219
          },
          {
            "x": 615.38,
            "y": 218.0
          },
          {
            "x": 614.38,
            "y": 217
          },
          {
            "x": 614.38,
            "y": 215
          },
          {
            "x": 611.38,
            "y": 212
          },
          {
            "x": 611.38,
            "y": 211
          },
          {
            "x": 610.38,
            "y": 211
          },
          {
            "x": 607.38,
            "y": 208
          },
          {
            "x": 607.38,
            "y": 206
          },
          {
            "x": 606.38,
            "y": 205
          },
          {
            "x": 605.38,
            "y": 205
          },
          {
            "x": 604.38,
            "y": 204
          },
          {
            "x": 604.38,
            "y": 203
          },
          {
            "x": 603.38,
            "y": 202
          },
          {
            "x": 603.38,
            "y": 200
          },
          {
            "x": 601.38,
            "y": 198
          },
          {
            "x": 601.38,
            "y": 195
          },
          {
            "x": 600.38,
            "y": 194
          },
          {
            "x": 600.38,
            "y": 193
          },
          {
            "x": 599.38,
            "y": 193
          },
          {
            "x": 596.38,
            "y": 190
          },
          {
            "x": 596.38,
            "y": 189
          },
          {
            "x": 594.38,
            "y": 189
          },
          {
            "x": 593.38,
            "y": 188
          },
          {
            "x": 592.38,
            "y": 188
          },
          {
            "x": 591.38,
            "y": 187
          },
          {
            "x": 590.38,
            "y": 187
          },
          {
            "x": 589.38,
            "y": 186
          },
          {
            "x": 587.38,
            "y": 186
          },
          {
            "x": 586.38,
            "y": 185
          },
          {
            "x": 586.38,
            "y": 184
          },
          {
            "x": 585.38,
            "y": 184
          },
          {
            "x": 584.38,
            "y": 183
          },
          {
            "x": 582.38,
            "y": 183
          },
          {
            "x": 581.38,
            "y": 182
          },
          {
            "x": 580.38,
            "y": 182
          },
          {
            "x": 579.38,
            "y": 181
          },
          {
            "x": 577.38,
            "y": 181
          },
          {
            "x": 576.38,
            "y": 180
          },
          {
            "x": 574.38,
            "y": 180
          },
          {
            "x": 573.38,
            "y": 179
          },
          {
            "x": 573.38,
            "y": 178
          },
          {
            "x": 570.38,
            "y": 178
          },
          {
            "x": 569.38,
            "y": 177
          },
          {
            "x": 565.38,
            "y": 177
          },
          {
            "x": 564.38,
            "y": 176
          },
          {
            "x": 560.38,
            "y": 176
          },
          {
            "x": 559.38,
            "y": 175
          },
          {
            "x": 549.38,
            "y": 175
          },
          {
            "x": 548.38,
            "y": 174
          },
          {
            "x": 548.38,
            "y": 173
          },
          {
            "x": 547.38,
            "y": 173
          },
          {
            "x": 546.38,
            "y": 172
          },
          {
            "x": 545.38,
            "y": 172
          },
          {
            "x": 541.38,
            "y": 168
          },
          {
            "x": 541.38,
            "y": 167
          },
          {
            "x": 539.38,
            "y": 167
          },
          {
            "x": 538.38,
            "y": 166
          },
          {
            "x": 533.38,
            "y": 166
          },
          {
            "x": 532.38,
            "y": 167
          },
          {
            "x": 530.38,
            "y": 167
          },
          {
            "x": 530.38,
            "y": 168
          },
          {
            "x": 529.38,
            "y": 169
          },
          {
            "x": 526.38,
            "y": 169
          },
          {
            "x": 525.38,
            "y": 170
          },
          {
            "x": 522.38,
            "y": 170
          },
          {
            "x": 521.38,
            "y": 171
          },
          {
            "x": 519.38,
            "y": 171
          },
          {
            "x": 518.38,
            "y": 172
          },
          {
            "x": 516.38,
            "y": 172
          },
          {
            "x": 515.38,
            "y": 173
          },
          {
            "x": 512.38,
            "y": 173
          },
          {
            "x": 512.38,
            "y": 174
          },
          {
            "x": 510.38,
            "y": 176
          },
          {
            "x": 509.38,
            "y": 176
          },
          {
            "x": 508.38,
            "y": 177
          },
          {
            "x": 506.38,
            "y": 177
          },
          {
            "x": 505.38,
            "y": 178
          },
          {
            "x": 503.38,
            "y": 178
          },
          {
            "x": 502.38,
            "y": 177
          },
          {
            "x": 499.38,
            "y": 177
          },
          {
            "x": 498.38,
            "y": 176
          },
          {
            "x": 496.38,
            "y": 176
          },
          {
            "x": 494.38,
            "y": 174
          },
          {
            "x": 494.38,
            "y": 173
          },
          {
            "x": 492.38,
            "y": 173
          },
          {
            "x": 491.38,
            "y": 172
          },
          {
            "x": 479.38,
            "y": 172
          },
          {
            "x": 478.38,
            "y": 173
          },
          {
            "x": 477.38,
            "y": 173
          },
          {
            "x": 477.38,
            "y": 174
          },
          {
            "x": 475.38,
            "y": 176
          },
          {
            "x": 474.38,
            "y": 176
          },
          {
            "x": 472.38,
            "y": 178
          },
          {
            "x": 472.38,
            "y": 179
          },
          {
            "x": 471.38,
            "y": 180
          },
          {
            "x": 470.38,
            "y": 180
          },
          {
            "x": 469.38,
            "y": 181
          },
          {
            "x": 451.38,
            "y": 181
          },
          {
            "x": 450.38,
            "y": 182
          },
          {
            "x": 440.38,
            "y": 182
          },
          {
            "x": 439.38,
            "y": 181
          },
          {
            "x": 436.38,
            "y": 181
          },
          {
            "x": 435.38,
            "y": 180
          },
          {
            "x": 434.38,
            "y": 180
          },
          {
            "x": 433.38,
            "y": 179
          },
          {
            "x": 433.38,
            "y": 178
          },
          {
            "x": 431.38,
            "y": 176
          },
          {
            "x": 429.38,
            "y": 176
          },
          {
            "x": 428.38,
            "y": 175
          },
          {
            "x": 425.38,
            "y": 175
          },
          {
            "x": 424.38,
            "y": 174
          },
          {
            "x": 424.38,
            "y": 173
          },
          {
            "x": 419.38,
            "y": 173
          },
          {
            "x": 419.38,
            "y": 174
          },
          {
            "x": 418.38,
            "y": 175
          },
          {
            "x": 416.38,
            "y": 175
          },
          {
            "x": 415.38,
            "y": 176
          },
          {
            "x": 413.38,
            "y": 176
          },
          {
            "x": 412.38,
            "y": 177
          },
          {
            "x": 411.38,
            "y": 177
          },
          {
            "x": 410.38,
            "y": 178
          },
          {
            "x": 406.38,
            "y": 178
          },
          {
            "x": 406.38,
            "y": 179
          },
          {
            "x": 405.38,
            "y": 180
          },
          {
            "x": 401.38,
            "y": 180
          },
          {
            "x": 400.38,
            "y": 179
          },
          {
            "x": 400.38,
            "y": 178
          },
          {
            "x": 396.38,
            "y": 178
          },
          {
            "x": 395.38,
            "y": 177
          },
          {
            "x": 394.38,
            "y": 177
          },
          {
            "x": 393.38,
            "y": 176
          },
          {
            "x": 392.38,
            "y": 176
          },
          {
            "x": 391.38,
            "y": 175
          },
          {
            "x": 390.38,
            "y": 175
          },
          {
            "x": 389.38,
            "y": 174
          },
          {
            "x": 389.38,
            "y": 173
          },
          {
            "x": 387.38,
            "y": 173
          },
          {
            "x": 386.38,
            "y": 172
          },
          {
            "x": 373.38,
            "y": 172
          },
          {
            "x": 372.38,
            "y": 173
          },
          {
            "x": 369.38,
            "y": 173
          },
          {
            "x": 369.38,
            "y": 174
          },
          {
            "x": 368.38,
            "y": 175
          },
          {
            "x": 365.38,
            "y": 175
          },
          {
            "x": 364.38,
            "y": 176
          },
          {
            "x": 363.38,
            "y": 176
          },
          {
            "x": 362.38,
            "y": 177
          },
          {
            "x": 350.38,
            "y": 177
          },
          {
            "x": 349.38,
            "y": 176
          },
          {
            "x": 343.38,
            "y": 176
          },
          {
            "x": 342.38,
            "y": 175
          },
          {
            "x": 337.38,
            "y": 175
          },
          {
            "x": 336.38,
            "y": 176
          },
          {
            "x": 320.38,
            "y": 176
          },
          {
            "x": 319.38,
            "y": 175
          },
          {
            "x": 298.38,
            "y": 175
          },
          {
            "x": 297.38,
            "y": 174
          },
          {
            "x": 297.38,
            "y": 173
          },
          {
            "x": 292.38,
            "y": 173
          },
          {
            "x": 291.38,
            "y": 172
          },
          {
            "x": 290.38,
            "y": 172
          },
          {
            "x": 289.38,
            "y": 171
          },
          {
            "x": 288.38,
            "y": 171
          },
          {
            "x": 287.38,
            "y": 170
          },
          {
            "x": 286.38,
            "y": 170
          },
          {
            "x": 285.38,
            "y": 169
          },
          {
            "x": 283.38,
            "y": 169
          },
          {
            "x": 282.38,
            "y": 168
          },
          {
            "x": 282.38,
            "y": 167
          },
          {
            "x": 281.38,
            "y": 167
          },
          {
            "x": 280.38,
            "y": 166
          },
          {
            "x": 278.38,
            "y": 166
          },
          {
            "x": 277.38,
            "y": 165
          },
          {
            "x": 274.38,
            "y": 165
          },
          {
            "x": 273.38,
            "y": 164
          },
          {
            "x": 248.38,
            "y": 164
          },
          {
            "x": 247.38,
            "y": 165
          },
          {
            "x": 245.38,
            "y": 165
          },
          {
            "x": 244.38,
            "y": 166
          },
          {
            "x": 243.38,
            "y": 166
          },
          {
            "x": 242.38,
            "y": 167
          },
          {
            "x": 241.38,
            "y": 167
          },
          {
            "x": 241.38,
            "y": 168
          },
          {
            "x": 240.38,
            "y": 169
          },
          {
            "x": 237.38,
            "y": 169
          },
          {
            "x": 236.38,
            "y": 170
          },
          {
            "x": 225.38,
            "y": 170
          },
          {
            "x": 224.38,
            "y": 171
          },
          {
            "x": 196.38,
            "y": 171
          },
          {
            "x": 195.38,
            "y": 170
          },
          {
            "x": 179.38,
            "y": 170
          },
          {
            "x": 178.38,
            "y": 169
          },
          {
            "x": 177.38,
            "y": 169
          },
          {
            "x": 176.38,
            "y": 170
          },
          {
            "x": 155.38,
            "y": 170
          },
          {
            "x": 154.38,
            "y": 169
          },
          {
            "x": 119.38,
            "y": 169
          },
          {
            "x": 118.38,
            "y": 168
          },
          {
            "x": 118.38,
            "y": 167
          },
          {
            "x": 107.38,
            "y": 167
          },
          {
            "x": 106.38,
            "y": 166
          },
          {
            "x": 101.38,
            "y": 166
          },
          {
            "x": 100.38,
            "y": 165
          },
          {
            "x": 92.38,
            "y": 165
          },
          {
            "x": 91.38,
            "y": 164
          },
          {
            "x": 76.38,
            "y": 164
          },
          {
            "x": 75.38,
            "y": 163
          },
          {
            "x": 75.38,
            "y": 162
          },
          {
            "x": 74.38,
            "y": 162
          },
          {
            "x": 73.38,
            "y": 161
          },
          {
            "x": 72.38,
            "y": 161
          },
          {
            "x": 71.38,
            "y": 160
          },
          {
            "x": 69.38,
            "y": 160
          },
          {
            "x": 67.38,
            "y": 158
          },
          {
            "x": 65.38,
            "y": 158
          },
          {
            "x": 64.38,
            "y": 157
          },
          {
            "x": 64.38,
            "y": 156
          },
          {
            "x": 63.38,
            "y": 156
          },
          {
            "x": 62.38,
            "y": 155
          },
          {
            "x": 59.38,
            "y": 155
          },
          {
            "x": 58.38,
            "y": 154
          },
          {
            "x": 46.38,
            "y": 154
          },
          {
            "x": 45.38,
            "y": 155
          },
          {
            "x": 40.38,
            "y": 155
          },
          {
            "x": 39.38,
            "y": 156
          },
          {
            "x": 36.38,
            "y": 156
          },
          {
            "x": 36.38,
            "y": 157
          },
          {
            "x": 35.38,
            "y": 158
          },
          {
            "x": 34.38,
            "y": 158
          },
          {
            "x": 33.38,
            "y": 159
          },
          {
            "x": 32.38,
            "y": 159
          },
          {
            "x": 31.38,
            "y": 160
          },
          {
            "x": 30.38,
            "y": 160
          },
          {
            "x": 29.38,
            "y": 161
          },
          {
            "x": 27.38,
            "y": 161
          },
          {
            "x": 26.38,
            "y": 162
          },
          {
            "x": 26.38,
            "y": 163
          },
          {
            "x": 25.38,
            "y": 164
          },
          {
            "x": 23.38,
            "y": 164
          },
          {
            "x": 22.38,
            "y": 165
          },
          {
            "x": 20.38,
            "y": 165
          },
          {
            "x": 19.38,
            "y": 166
          },
          {
            "x": 16.38,
            "y": 166
          },
          {
            "x": 15.38,
            "y": 167
          },
          {
            "x": 14.38,
            "y": 167
          },
          {
            "x": 14.38,
            "y": 168
          },
          {
            "x": 11.38,
            "y": 171
          },
          {
            "x": 10.38,
            "y": 171
          },
          {
            "x": 8.38,
            "y": 173
          },
          {
            "x": 8.38,
            "y": 174
          },
          {
            "x": 6.38,
            "y": 176
          },
          {
            "x": 5.38,
            "y": 176
          },
          {
            "x": 3.38,
            "y": 178
          },
          {
            "x": 3.38,
            "y": 180
          },
          {
            "x": 2.38,
            "y": 181
          },
          {
            "x": 2.38,
            "y": 185
          },
          {
            "x": 1.38,
            "y": 186
          },
          {
            "x": 1.38,
            "y": 192
          },
          {
            "x": 0.38,
            "y": 193
          }
        ]
      }
    }
  ]
}