{
  "image": {
    "width": 640,
    "height": 480,
    "filename": "00000015.jpg",
    "original_filename": "COCO_test2014_000000006261.jpg",
    "url": "https://darwin.v7labs.com/api/images/1197737/original?token=e96ee6b8-bc43-4e08-bcc1-e75bb7cc480d",
    "thumbnail_url": "https://darwin.v7labs.com/api/images/1197737/thumbnail?token=e96ee6b8-bc43-4e08-bcc1-e75bb7cc480d",
    "workview_url": "https://darwin.v7labs.com/workview?dataset=1166&image=15"
  },
  "dataset": "4_Nurzhan_ver2",
  "annotated": true,
  "annotations": [
    {
      "annotator": {
        "email": "order@bex.kg",
        "full_name": "Zhaparova  Nurzhan"
      },
      "bounding_box": {
        "h": 325.02,
        "w": 364.7,
        "x": 103.85,
        "y": 0.53
      },
      "name": "Object"
    },
    {
      "annotator": {
        "email": "order@bex.kg",
        "full_name": "Zhaparova  Nurzhan"
      },
      "name": "Animal Polygon ",
      "polygon": {
        "path": [
          {
            "x": 0,
            "y": 373
          },
          {
            "x": 0,
            "y": 478
          },
          {
            "x": 463,
            "y": 478
          },
          {
            "x": 464,
            "y": 477
          },
          {
            "x": 467.0,
            "y": 477
          },
          {
            "x": 468.0,
            "y": 476
          },
          {
            "x": 470.0,
            "y": 476
          },
          {
            "x": 471,
            "y": 475
          },
          {
            "x": 472,
            "y": 475
          },
          {
            "x": 473,
            "y": 474
          },
          {
            "x": 474,
            "y": 474
          },
          {
            "x": 474,
            "y": 473
          },
          {
            "x": 475,
            "y": 472
          },
          {
            "x": 477,
            "y": 472
          },
          {
            "x": 478,
            "y": 471
          },
          {
            "x": 479.0,
            "y": 471
          },
          {
            "x": 480.0,
            "y": 470.0
          },
          {
            "x": 481.0,
            "y": 470.0
          },
          {
            "x": 482.0,
            "y": 469.0
          },
          {
            "x": 485,
            "y": 469.0
          },
          {
            "x": 486,
            "y": 468.0
          },
          {
            "x": 487,
            "y": 468.0
          },
          {
            "x": 488,
            "y": 467.0
          },
          {
            "x": 489,
            "y": 467.0
          },
          {
            "x": 489,
            "y": 466
          },
          {
            "x": 490,
            "y": 465
          },
          {
            "x": 493.0,
            "y": 465
          },
          {
            "x": 494.0,
            "y": 464
          },
          {
            "x": 496,
            "y": 464
          },
          {
            "x": 497,
            "y": 463
          },
          {
            "x": 498,
            "y": 463
          },
          {
            "x": 499,
            "y": 462
          },
          {
            "x": 500,
            "y": 462
          },
          {
            "x": 501,
            "y": 461
          },
          {
            "x": 502,
            "y": 461
          },
          {
            "x": 503,
            "y": 460
          },
          {
            "x": 505.0,
            "y": 460
          },
          {
            "x": 505.0,
            "y": 459
          },
          {
            "x": 506.0,
            "y": 458
          },
          {
            "x": 507.0,
            "y": 458
          },
          {
            "x": 508,
            "y": 457.0
          },
          {
            "x": 509,
            "y": 457.0
          },
          {
            "x": 510,
            "y": 456.0
          },
          {
            "x": 513,
            "y": 456.0
          },
          {
            "x": 514,
            "y": 455.0
          },
          {
            "x": 516,
            "y": 455.0
          },
          {
            "x": 517,
            "y": 454
          },
          {
            "x": 519,
            "y": 454
          },
          {
            "x": 520,
            "y": 453
          },
          {
            "x": 521,
            "y": 453
          },
          {
            "x": 521,
            "y": 452
          },
          {
            "x": 522,
            "y": 451
          },
          {
            "x": 523,
            "y": 451
          },
          {
            "x": 524,
            "y": 450
          },
          {
            "x": 526,
            "y": 450
          },
          {
            "x": 528,
            "y": 448
          },
          {
            "x": 529,
            "y": 448
          },
          {
            "x": 530,
            "y": 447
          },
          {
            "x": 533,
            "y": 447
          },
          {
            "x": 534,
            "y": 446
          },
          {
            "x": 535,
            "y": 446
          },
          {
            "x": 535,
            "y": 445.0
          },
          {
            "x": 536,
            "y": 444.0
          },
          {
            "x": 539,
            "y": 444.0
          },
          {
            "x": 540,
            "y": 443.0
          },
          {
            "x": 542,
            "y": 443.0
          },
          {
            "x": 543,
            "y": 442.0
          },
          {
            "x": 546,
            "y": 442.0
          },
          {
            "x": 547,
            "y": 441
          },
          {
            "x": 548,
            "y": 441
          },
          {
            "x": 549,
            "y": 440
          },
          {
            "x": 550,
            "y": 440
          },
          {
            "x": 550,
            "y": 439
          },
          {
            "x": 552,
            "y": 437
          },
          {
            "x": 554,
            "y": 437
          },
          {
            "x": 557,
            "y": 434
          },
          {
            "x": 558,
            "y": 434
          },
          {
            "x": 559,
            "y": 433
          },
          {
            "x": 560,
            "y": 433
          },
          {
            "x": 560,
            "y": 432.0
          },
          {
            "x": 561,
            "y": 431.0
          },
          {
            "x": 562,
            "y": 431.0
          },
          {
            "x": 563,
            "y": 430.0
          },
          {
            "x": 564,
            "y": 430.0
          },
          {
            "x": 566,
            "y": 428
          },
          {
            "x": 568,
            "y": 428
          },
          {
            "x": 570,
            "y": 426
          },
          {
            "x": 570,
            "y": 425
          },
          {
            "x": 571,
            "y": 424
          },
          {
            "x": 571,
            "y": 423
          },
          {
            "x": 572,
            "y": 422
          },
          {
            "x": 572,
            "y": 421
          },
          {
            "x": 573,
            "y": 420.0
          },
          {
            "x": 574,
            "y": 420.0
          },
          {
            "x": 574,
            "y": 410
          },
          {
            "x": 573,
            "y": 410
          },
          {
            "x": 572,
            "y": 409
          },
          {
            "x": 572,
            "y": 408
          },
          {
            "x": 571,
            "y": 407.0
          },
          {
            "x": 571,
            "y": 406.0
          },
          {
            "x": 570,
            "y": 405.0
          },
          {
            "x": 570,
            "y": 404
          },
          {
            "x": 569,
            "y": 403
          },
          {
            "x": 569,
            "y": 402
          },
          {
            "x": 568,
            "y": 401
          },
          {
            "x": 568,
            "y": 400
          },
          {
            "x": 567,
            "y": 399
          },
          {
            "x": 566,
            "y": 399
          },
          {
            "x": 565,
            "y": 398
          },
          {
            "x": 565,
            "y": 396
          },
          {
            "x": 560,
            "y": 391
          },
          {
            "x": 560,
            "y": 390
          },
          {
            "x": 558,
            "y": 390
          },
          {
            "x": 557,
            "y": 389
          },
          {
            "x": 556,
            "y": 389
          },
          {
            "x": 555,
            "y": 388
          },
          {
            "x": 544,
            "y": 388
          },
          {
            "x": 543,
            "y": 389
          },
          {
            "x": 540,
            "y": 389
          },
          {
            "x": 539,
            "y": 390
          },
          {
            "x": 535,
            "y": 390
          },
          {
            "x": 535,
            "y": 391
          },
          {
            "x": 534,
            "y": 392.0
          },
          {
            "x": 531,
            "y": 392.0
          },
          {
            "x": 530,
            "y": 393.0
          },
          {
            "x": 527,
            "y": 393.0
          },
          {
            "x": 526,
            "y": 394.0
          },
          {
            "x": 523,
            "y": 394.0
          },
          {
            "x": 522,
            "y": 395.0
          },
          {
            "x": 518,
            "y": 395.0
          },
          {
            "x": 517,
            "y": 396
          },
          {
            "x": 509,
            "y": 396
          },
          {
            "x": 508,
            "y": 397
          },
          {
            "x": 503,
            "y": 397
          },
          {
            "x": 503,
            "y": 398
          },
          {
            "x": 502,
            "y": 399
          },
          {
            "x": 499,
            "y": 399
          },
          {
            "x": 498,
            "y": 400
          },
          {
            "x": 495.0,
            "y": 400
          },
          {
            "x": 494.0,
            "y": 401
          },
          {
            "x": 492.0,
            "y": 401
          },
          {
            "x": 491,
            "y": 402
          },
          {
            "x": 487,
            "y": 402
          },
          {
            "x": 486,
            "y": 403
          },
          {
            "x": 471,
            "y": 403
          },
          {
            "x": 470.0,
            "y": 404
          },
          {
            "x": 461,
            "y": 404
          },
          {
            "x": 460,
            "y": 403
          },
          {
            "x": 452,
            "y": 403
          },
          {
            "x": 451,
            "y": 402
          },
          {
            "x": 445.0,
            "y": 402
          },
          {
            "x": 444.0,
            "y": 401
          },
          {
            "x": 433,
            "y": 401
          },
          {
            "x": 432.0,
            "y": 402
          },
          {
            "x": 418.0,
            "y": 402
          },
          {
            "x": 417.0,
            "y": 403
          },
          {
            "x": 398,
            "y": 403
          },
          {
            "x": 397,
            "y": 404
          },
          {
            "x": 391,
            "y": 404
          },
          {
            "x": 390,
            "y": 403
          },
          {
            "x": 386,
            "y": 403
          },
          {
            "x": 385,
            "y": 402
          },
          {
            "x": 383,
            "y": 402
          },
          {
            "x": 382.0,
            "y": 401
          },
          {
            "x": 379,
            "y": 401
          },
          {
            "x": 377,
            "y": 399
          },
          {
            "x": 376,
            "y": 399
          },
          {
            "x": 375,
            "y": 398
          },
          {
            "x": 375,
            "y": 397
          },
          {
            "x": 373,
            "y": 395.0
          },
          {
            "x": 372,
            "y": 395.0
          },
          {
            "x": 370.0,
            "y": 393.0
          },
          {
            "x": 370.0,
            "y": 392.0
          },
          {
            "x": 369.0,
            "y": 391
          },
          {
            "x": 369.0,
            "y": 389
          },
          {
            "x": 368.0,
            "y": 388
          },
          {
            "x": 368.0,
            "y": 386
          },
          {
            "x": 367.0,
            "y": 385
          },
          {
            "x": 367.0,
            "y": 380.0
          },
          {
            "x": 366,
            "y": 379
          },
          {
            "x": 366,
            "y": 374
          },
          {
            "x": 365,
            "y": 374
          },
          {
            "x": 364,
            "y": 373
          },
          {
            "x": 364,
            "y": 364
          },
          {
            "x": 365,
            "y": 363
          },
          {
            "x": 366,
            "y": 363
          },
          {
            "x": 366,
            "y": 362
          },
          {
            "x": 367.0,
            "y": 361
          },
          {
            "x": 367.0,
            "y": 360
          },
          {
            "x": 369.0,
            "y": 358
          },
          {
            "x": 369.0,
            "y": 357
          },
          {
            "x": 370.0,
            "y": 356
          },
          {
            "x": 370.0,
            "y": 355
          },
          {
            "x": 371,
            "y": 354
          },
          {
            "x": 371,
            "y": 353
          },
          {
            "x": 372,
            "y": 352
          },
          {
            "x": 373,
            "y": 352
          },
          {
            "x": 373,
            "y": 347
          },
          {
            "x": 372,
            "y": 347
          },
          {
            "x": 371,
            "y": 346
          },
          {
            "x": 371,
            "y": 345
          },
          {
            "x": 370.0,
            "y": 345
          },
          {
            "x": 368.0,
            "y": 343
          },
          {
            "x": 367.0,
            "y": 343
          },
          {
            "x": 366,
            "y": 342
          },
          {
            "x": 366,
            "y": 341
          },
          {
            "x": 363,
            "y": 341
          },
          {
            "x": 362,
            "y": 340
          },
          {
            "x": 361,
            "y": 340
          },
          {
            "x": 360,
            "y": 339
          },
          {
            "x": 357,
            "y": 339
          },
          {
            "x": 356,
            "y": 338
          },
          {
            "x": 355,
            "y": 338
          },
          {
            "x": 354,
            "y": 337
          },
          {
            "x": 353,
            "y": 337
          },
          {
            "x": 352,
            "y": 336
          },
          {
            "x": 351,
            "y": 336
          },
          {
            "x": 350,
            "y": 335
          },
          {
            "x": 350,
            "y": 334
          },
          {
            "x": 349,
            "y": 333
          },
          {
            "x": 349,
            "y": 332
          },
          {
            "x": 348,
            "y": 331
          },
          {
            "x": 348,
            "y": 328
          },
          {
            "x": 347,
            "y": 327
          },
          {
            "x": 347,
            "y": 319
          },
          {
            "x": 346,
            "y": 318
          },
          {
            "x": 346,
            "y": 304
          },
          {
            "x": 347,
            "y": 303
          },
          {
            "x": 347,
            "y": 295
          },
          {
            "x": 346,
            "y": 294
          },
          {
            "x": 346,
            "y": 289
          },
          {
            "x": 345,
            "y": 288
          },
          {
            "x": 345,
            "y": 283
          },
          {
            "x": 344,
            "y": 283
          },
          {
            "x": 343,
            "y": 282
          },
          {
            "x": 343,
            "y": 277
          },
          {
            "x": 342,
            "y": 276
          },
          {
            "x": 342,
            "y": 257
          },
          {
            "x": 343,
            "y": 256
          },
          {
            "x": 343,
            "y": 241.0
          },
          {
            "x": 342,
            "y": 240.0
          },
          {
            "x": 342,
            "y": 239
          },
          {
            "x": 336,
            "y": 239
          },
          {
            "x": 335,
            "y": 240.0
          },
          {
            "x": 333,
            "y": 240.0
          },
          {
            "x": 332,
            "y": 241.0
          },
          {
            "x": 330,
            "y": 241.0
          },
          {
            "x": 329,
            "y": 242
          },
          {
            "x": 327,
            "y": 242
          },
          {
            "x": 326,
            "y": 243
          },
          {
            "x": 325,
            "y": 243
          },
          {
            "x": 324,
            "y": 244
          },
          {
            "x": 321,
            "y": 244
          },
          {
            "x": 321,
            "y": 245
          },
          {
            "x": 320,
            "y": 246.0
          },
          {
            "x": 319,
            "y": 246.0
          },
          {
            "x": 318,
            "y": 247.0
          },
          {
            "x": 314,
            "y": 247.0
          },
          {
            "x": 313,
            "y": 248
          },
          {
            "x": 299,
            "y": 248
          },
          {
            "x": 298,
            "y": 247.0
          },
          {
            "x": 294,
            "y": 247.0
          },
          {
            "x": 293,
            "y": 246.0
          },
          {
            "x": 292,
            "y": 246.0
          },
          {
            "x": 291,
            "y": 245
          },
          {
            "x": 291,
            "y": 244
          },
          {
            "x": 289,
            "y": 244
          },
          {
            "x": 288,
            "y": 243
          },
          {
            "x": 286,
            "y": 243
          },
          {
            "x": 285,
            "y": 242
          },
          {
            "x": 284,
            "y": 242
          },
          {
            "x": 283,
            "y": 241.0
          },
          {
            "x": 281,
            "y": 241.0
          },
          {
            "x": 278,
            "y": 238
          },
          {
            "x": 278,
            "y": 237
          },
          {
            "x": 277,
            "y": 236
          },
          {
            "x": 277,
            "y": 235.0
          },
          {
            "x": 276,
            "y": 234.0
          },
          {
            "x": 276,
            "y": 233
          },
          {
            "x": 275,
            "y": 233
          },
          {
            "x": 274,
            "y": 232
          },
          {
            "x": 274,
            "y": 230
          },
          {
            "x": 273,
            "y": 229
          },
          {
            "x": 273,
            "y": 228.0
          },
          {
            "x": 272,
            "y": 227
          },
          {
            "x": 272,
            "y": 225
          },
          {
            "x": 271,
            "y": 224
          },
          {
            "x": 271,
            "y": 221.0
          },
          {
            "x": 270,
            "y": 220
          },
          {
            "x": 270,
            "y": 219
          },
          {
            "x": 269,
            "y": 218
          },
          {
            "x": 269,
            "y": 215.0
          },
          {
            "x": 268,
            "y": 215.0
          },
          {
            "x": 267,
            "y": 214
          },
          {
            "x": 267,
            "y": 213
          },
          {
            "x": 266,
            "y": 212
          },
          {
            "x": 266,
            "y": 210.0
          },
          {
            "x": 265,
            "y": 209.0
          },
          {
            "x": 265,
            "y": 208
          },
          {
            "x": 264,
            "y": 207
          },
          {
            "x": 264,
            "y": 205
          },
          {
            "x": 263,
            "y": 204
          },
          {
            "x": 263,
            "y": 203.0
          },
          {
            "x": 262,
            "y": 202
          },
          {
            "x": 262,
            "y": 201
          },
          {
            "x": 261,
            "y": 201
          },
          {
            "x": 257,
            "y": 197.0
          },
          {
            "x": 257,
            "y": 196.0
          },
          {
            "x": 256,
            "y": 195
          },
          {
            "x": 254,
            "y": 195
          },
          {
            "x": 252.0,
            "y": 193
          },
          {
            "x": 250,
            "y": 193
          },
          {
            "x": 249,
            "y": 192
          },
          {
            "x": 244,
            "y": 192
          },
          {
            "x": 243,
            "y": 193
          },
          {
            "x": 240.0,
            "y": 193
          },
          {
            "x": 237,
            "y": 196.0
          },
          {
            "x": 237,
            "y": 197.0
          },
          {
            "x": 236,
            "y": 198
          },
          {
            "x": 236,
            "y": 199
          },
          {
            "x": 235.0,
            "y": 200
          },
          {
            "x": 235.0,
            "y": 202
          },
          {
            "x": 234.0,
            "y": 203.0
          },
          {
            "x": 233,
            "y": 203.0
          },
          {
            "x": 233,
            "y": 205
          },
          {
            "x": 232,
            "y": 206
          },
          {
            "x": 232,
            "y": 207
          },
          {
            "x": 231,
            "y": 208
          },
          {
            "x": 231,
            "y": 212
          },
          {
            "x": 230,
            "y": 213
          },
          {
            "x": 230,
            "y": 215.0
          },
          {
            "x": 229,
            "y": 216.0
          },
          {
            "x": 229,
            "y": 219
          },
          {
            "x": 228.0,
            "y": 220
          },
          {
            "x": 228.0,
            "y": 221.0
          },
          {
            "x": 227,
            "y": 222.0
          },
          {
            "x": 226,
            "y": 222.0
          },
          {
            "x": 225,
            "y": 223
          },
          {
            "x": 225,
            "y": 226
          },
          {
            "x": 224,
            "y": 227
          },
          {
            "x": 224,
            "y": 228.0
          },
          {
            "x": 223,
            "y": 229
          },
          {
            "x": 223,
            "y": 232
          },
          {
            "x": 222.0,
            "y": 233
          },
          {
            "x": 222.0,
            "y": 236
          },
          {
            "x": 221.0,
            "y": 237
          },
          {
            "x": 221.0,
            "y": 240.0
          },
          {
            "x": 220,
            "y": 241.0
          },
          {
            "x": 219,
            "y": 241.0
          },
          {
            "x": 218,
            "y": 242
          },
          {
            "x": 218,
            "y": 243
          },
          {
            "x": 217,
            "y": 244
          },
          {
            "x": 216.0,
            "y": 244
          },
          {
            "x": 216.0,
            "y": 245
          },
          {
            "x": 214,
            "y": 247.0
          },
          {
            "x": 212,
            "y": 247.0
          },
          {
            "x": 208,
            "y": 251
          },
          {
            "x": 208,
            "y": 253.0
          },
          {
            "x": 206,
            "y": 255
          },
          {
            "x": 205,
            "y": 255
          },
          {
            "x": 202,
            "y": 258
          },
          {
            "x": 202,
            "y": 259
          },
          {
            "x": 199,
            "y": 262
          },
          {
            "x": 197.0,
            "y": 262
          },
          {
            "x": 194,
            "y": 265
          },
          {
            "x": 194,
            "y": 266
          },
          {
            "x": 193,
            "y": 267
          },
          {
            "x": 191.0,
            "y": 267
          },
          {
            "x": 186,
            "y": 272
          },
          {
            "x": 185.0,
            "y": 272
          },
          {
            "x": 185.0,
            "y": 273
          },
          {
            "x": 183,
            "y": 275
          },
          {
            "x": 183,
            "y": 276
          },
          {
            "x": 180,
            "y": 279
          },
          {
            "x": 180,
            "y": 280
          },
          {
            "x": 179,
            "y": 281
          },
          {
            "x": 178,
            "y": 281
          },
          {
            "x": 178,
            "y": 282
          },
          {
            "x": 176,
            "y": 284
          },
          {
            "x": 176,
            "y": 285
          },
          {
            "x": 175,
            "y": 286
          },
          {
            "x": 175,
            "y": 287
          },
          {
            "x": 174,
            "y": 288
          },
          {
            "x": 174,
            "y": 289
          },
          {
            "x": 172,
            "y": 291
          },
          {
            "x": 171,
            "y": 291
          },
          {
            "x": 171,
            "y": 292
          },
          {
            "x": 170,
            "y": 293
          },
          {
            "x": 170,
            "y": 295
          },
          {
            "x": 168,
            "y": 297
          },
          {
            "x": 167,
            "y": 297
          },
          {
            "x": 165,
            "y": 299
          },
          {
            "x": 164,
            "y": 299
          },
          {
            "x": 163,
            "y": 300
          },
          {
            "x": 162,
            "y": 300
          },
          {
            "x": 162,
            "y": 301
          },
          {
            "x": 158,
            "y": 305
          },
          {
            "x": 157,
            "y": 305
          },
          {
            "x": 155,
            "y": 307
          },
          {
            "x": 155,
            "y": 308
          },
          {
            "x": 151,
            "y": 312
          },
          {
            "x": 150,
            "y": 312
          },
          {
            "x": 148,
            "y": 314
          },
          {
            "x": 148,
            "y": 316
          },
          {
            "x": 145,
            "y": 319
          },
          {
            "x": 145,
            "y": 320
          },
          {
            "x": 144,
            "y": 321
          },
          {
            "x": 143,
            "y": 321
          },
          {
            "x": 143,
            "y": 322
          },
          {
            "x": 142,
            "y": 323
          },
          {
            "x": 142,
            "y": 324
          },
          {
            "x": 138,
            "y": 328
          },
          {
            "x": 138,
            "y": 329
          },
          {
            "x": 137,
            "y": 330
          },
          {
            "x": 136,
            "y": 330
          },
          {
            "x": 135,
            "y": 331
          },
          {
            "x": 134,
            "y": 331
          },
          {
            "x": 133,
            "y": 332
          },
          {
            "x": 132,
            "y": 332
          },
          {
            "x": 131,
            "y": 333
          },
          {
            "x": 128,
            "y": 333
          },
          {
            "x": 127,
            "y": 334
          },
          {
            "x": 125,
            "y": 334
          },
          {
            "x": 125,
            "y": 335
          },
          {
            "x": 124,
            "y": 336
          },
          {
            "x": 120.0,
            "y": 336
          },
          {
            "x": 119,
            "y": 337
          },
          {
            "x": 113,
            "y": 337
          },
          {
            "x": 112,
            "y": 338
          },
          {
            "x": 111.0,
            "y": 338
          },
          {
            "x": 110,
            "y": 339
          },
          {
            "x": 108.0,
            "y": 339
          },
          {
            "x": 107,
            "y": 340
          },
          {
            "x": 105.0,
            "y": 340
          },
          {
            "x": 104,
            "y": 341
          },
          {
            "x": 103,
            "y": 341
          },
          {
            "x": 103,
            "y": 342
          },
          {
            "x": 102,
            "y": 343
          },
          {
            "x": 99,
            "y": 343
          },
          {
            "x": 98.0,
            "y": 344
          },
          {
            "x": 94,
            "y": 344
          },
          {
            "x": 93,
            "y": 345
          },
          {
            "x": 83,
            "y": 345
          },
          {
            "x": 82,
            "y": 346
          },
          {
            "x": 62,
            "y": 346
          },
          {
            "x": 61,
            "y": 347
          },
          {
            "x": 57.0,
            "y": 347
          },
          {
            "x": 56,
            "y": 348
          },
          {
            "x": 53,
            "y": 348
          },
          {
            "x": 53,
            "y": 349
          },
          {
            "x": 52,
            "y": 350
          },
          {
            "x": 49.0,
            "y": 350
          },
          {
            "x": 48,
            "y": 351
          },
          {
            "x": 42,
            "y": 351
          },
          {
            "x": 41,
            "y": 352
          },
          {
            "x": 37,
            "y": 352
          },
          {
            "x": 36,
            "y": 353
          },
          {
            "x": 31,
            "y": 353
          },
          {
            "x": 30.0,
            "y": 354
          },
          {
            "x": 27.0,
            "y": 354
          },
          {
            "x": 26.0,
            "y": 355
          },
          {
            "x": 23.0,
            "y": 355
          },
          {
            "x": 23.0,
            "y": 357
          },
          {
            "x": 22,
            "y": 358
          },
          {
            "x": 22,
            "y": 359
          },
          {
            "x": 19,
            "y": 362
          },
          {
            "x": 17,
            "y": 362
          },
          {
            "x": 17,
            "y": 363
          },
          {
            "x": 14,
            "y": 366
          },
          {
            "x": 13.0,
            "y": 366
          },
          {
            "x": 12.0,
            "y": 367.0
          },
          {
            "x": 11,
            "y": 367.0
          },
          {
            "x": 9.0,
            "y": 369.0
          },
          {
            "x": 8.0,
            "y": 369.0
          },
          {
            "x": 8.0,
            "y": 370.0
          },
          {
            "x": 7.0,
            "y": 371
          },
          {
            "x": 2.0,
            "y": 371
          }
        ]
      }
    }
  ]
}