{
  "image": {
    "width": 640,
    "height": 552,
    "filename": "00000073.jpg",
    "original_filename": "COCO_test2014_000000000870.jpg",
    "url": "https://darwin.v7labs.com/api/images/1197367/original?token=b0d243df-6830-43ea-9569-5542031eaef8",
    "thumbnail_url": "https://darwin.v7labs.com/api/images/1197367/thumbnail?token=b0d243df-6830-43ea-9569-5542031eaef8",
    "workview_url": "https://darwin.v7labs.com/workview?dataset=1164&image=73"
  },
  "dataset": "4_Aizada_ver2",
  "annotated": true,
  "annotations": [
    {
      "annotator": {
        "email": "corporate@bex.kg",
        "full_name": "Aizada Tynchybek kyzy"
      },
      "name": "Animal_Polygon",
      "polygon": {
        "path": [
          {
            "x": 428,
            "y": 127
          },
          {
            "x": 427,
            "y": 128
          },
          {
            "x": 426,
            "y": 128
          },
          {
            "x": 425,
            "y": 129
          },
          {
            "x": 425,
            "y": 131
          },
          {
            "x": 424,
            "y": 132
          },
          {
            "x": 424,
            "y": 137
          },
          {
            "x": 423,
            "y": 138
          },
          {
            "x": 423,
            "y": 141
          },
          {
            "x": 421,
            "y": 143
          },
          {
            "x": 421,
            "y": 144
          },
          {
            "x": 420,
            "y": 145
          },
          {
            "x": 420,
            "y": 146
          },
          {
            "x": 414,
            "y": 152
          },
          {
            "x": 407,
            "y": 152
          },
          {
            "x": 406,
            "y": 153
          },
          {
            "x": 405,
            "y": 153
          },
          {
            "x": 405,
            "y": 154
          },
          {
            "x": 404,
            "y": 155
          },
          {
            "x": 404,
            "y": 156
          },
          {
            "x": 403,
            "y": 157
          },
          {
            "x": 402,
            "y": 157
          },
          {
            "x": 402,
            "y": 158
          },
          {
            "x": 401,
            "y": 159
          },
          {
            "x": 401,
            "y": 161
          },
          {
            "x": 400,
            "y": 162
          },
          {
            "x": 400,
            "y": 163
          },
          {
            "x": 397,
            "y": 166
          },
          {
            "x": 396,
            "y": 166
          },
          {
            "x": 396,
            "y": 167
          },
          {
            "x": 392,
            "y": 171
          },
          {
            "x": 391,
            "y": 171
          },
          {
            "x": 383,
            "y": 179
          },
          {
            "x": 383,
            "y": 180
          },
          {
            "x": 382,
            "y": 181
          },
          {
            "x": 381,
            "y": 181
          },
          {
            "x": 376,
            "y": 186
          },
          {
            "x": 376,
            "y": 187
          },
          {
            "x": 375,
            "y": 188
          },
          {
            "x": 375,
            "y": 189
          },
          {
            "x": 374,
            "y": 190
          },
          {
            "x": 374,
            "y": 193
          },
          {
            "x": 373,
            "y": 194
          },
          {
            "x": 376,
            "y": 197
          },
          {
            "x": 377,
            "y": 197
          },
          {
            "x": 378,
            "y": 198
          },
          {
            "x": 380,
            "y": 198
          },
          {
            "x": 381,
            "y": 199
          },
          {
            "x": 382,
            "y": 199
          },
          {
            "x": 383,
            "y": 198
          },
          {
            "x": 385,
            "y": 198
          },
          {
            "x": 387,
            "y": 196
          },
          {
            "x": 388,
            "y": 196
          },
          {
            "x": 389,
            "y": 195
          },
          {
            "x": 390,
            "y": 195
          },
          {
            "x": 392,
            "y": 193
          },
          {
            "x": 394,
            "y": 193
          },
          {
            "x": 395,
            "y": 192
          },
          {
            "x": 409,
            "y": 192
          },
          {
            "x": 410,
            "y": 191
          },
          {
            "x": 413,
            "y": 191
          },
          {
            "x": 414,
            "y": 190
          },
          {
            "x": 430,
            "y": 190
          },
          {
            "x": 435.0,
            "y": 195
          },
          {
            "x": 435.0,
            "y": 196
          },
          {
            "x": 436,
            "y": 197
          },
          {
            "x": 436,
            "y": 198
          },
          {
            "x": 437.0,
            "y": 199
          },
          {
            "x": 437.0,
            "y": 200
          },
          {
            "x": 438,
            "y": 201
          },
          {
            "x": 438,
            "y": 202
          },
          {
            "x": 439,
            "y": 203
          },
          {
            "x": 439,
            "y": 205
          },
          {
            "x": 440.0,
            "y": 206
          },
          {
            "x": 440.0,
            "y": 214
          },
          {
            "x": 441,
            "y": 215
          },
          {
            "x": 441,
            "y": 246
          },
          {
            "x": 440.0,
            "y": 247
          },
          {
            "x": 440.0,
            "y": 264
          },
          {
            "x": 441,
            "y": 265
          },
          {
            "x": 441,
            "y": 269
          },
          {
            "x": 442.0,
            "y": 270
          },
          {
            "x": 442.0,
            "y": 274
          },
          {
            "x": 443,
            "y": 275
          },
          {
            "x": 443,
            "y": 279
          },
          {
            "x": 444.0,
            "y": 280
          },
          {
            "x": 444.0,
            "y": 283
          },
          {
            "x": 445,
            "y": 284
          },
          {
            "x": 445,
            "y": 288
          },
          {
            "x": 446.0,
            "y": 289
          },
          {
            "x": 446.0,
            "y": 292
          },
          {
            "x": 447,
            "y": 293
          },
          {
            "x": 447,
            "y": 299
          },
          {
            "x": 448,
            "y": 300
          },
          {
            "x": 448,
            "y": 302
          },
          {
            "x": 449.0,
            "y": 303
          },
          {
            "x": 449.0,
            "y": 304
          },
          {
            "x": 450,
            "y": 305
          },
          {
            "x": 450,
            "y": 309
          },
          {
            "x": 451.0,
            "y": 310
          },
          {
            "x": 451.0,
            "y": 312
          },
          {
            "x": 452,
            "y": 313
          },
          {
            "x": 452,
            "y": 314
          },
          {
            "x": 453.0,
            "y": 315
          },
          {
            "x": 453.0,
            "y": 318
          },
          {
            "x": 454,
            "y": 319
          },
          {
            "x": 454,
            "y": 333
          },
          {
            "x": 453.0,
            "y": 334
          },
          {
            "x": 453.0,
            "y": 336
          },
          {
            "x": 452,
            "y": 337
          },
          {
            "x": 452,
            "y": 338
          },
          {
            "x": 450,
            "y": 340
          },
          {
            "x": 450,
            "y": 343
          },
          {
            "x": 448,
            "y": 345
          },
          {
            "x": 448,
            "y": 346
          },
          {
            "x": 447,
            "y": 347
          },
          {
            "x": 447,
            "y": 349
          },
          {
            "x": 446.0,
            "y": 350
          },
          {
            "x": 446.0,
            "y": 361
          },
          {
            "x": 445,
            "y": 362
          },
          {
            "x": 445,
            "y": 369
          },
          {
            "x": 444.0,
            "y": 370
          },
          {
            "x": 444.0,
            "y": 381
          },
          {
            "x": 445,
            "y": 382
          },
          {
            "x": 445,
            "y": 416
          },
          {
            "x": 446.0,
            "y": 417
          },
          {
            "x": 446.0,
            "y": 419
          },
          {
            "x": 447,
            "y": 420
          },
          {
            "x": 447,
            "y": 422
          },
          {
            "x": 449.0,
            "y": 424
          },
          {
            "x": 449.0,
            "y": 426
          },
          {
            "x": 450,
            "y": 427
          },
          {
            "x": 450,
            "y": 429
          },
          {
            "x": 451.0,
            "y": 430
          },
          {
            "x": 451.0,
            "y": 432
          },
          {
            "x": 452,
            "y": 433.0
          },
          {
            "x": 452,
            "y": 437.0
          },
          {
            "x": 453.0,
            "y": 438
          },
          {
            "x": 453.0,
            "y": 448
          },
          {
            "x": 454,
            "y": 449.0
          },
          {
            "x": 454,
            "y": 456
          },
          {
            "x": 455.0,
            "y": 457
          },
          {
            "x": 455.0,
            "y": 490
          },
          {
            "x": 456,
            "y": 491.0
          },
          {
            "x": 456,
            "y": 503
          },
          {
            "x": 457,
            "y": 504.0
          },
          {
            "x": 457,
            "y": 523
          },
          {
            "x": 456,
            "y": 524
          },
          {
            "x": 456,
            "y": 530
          },
          {
            "x": 470,
            "y": 530
          },
          {
            "x": 470,
            "y": 524
          },
          {
            "x": 469.0,
            "y": 523
          },
          {
            "x": 469.0,
            "y": 517
          },
          {
            "x": 470,
            "y": 516
          },
          {
            "x": 470,
            "y": 507
          },
          {
            "x": 469.0,
            "y": 506.0
          },
          {
            "x": 470,
            "y": 505
          },
          {
            "x": 470,
            "y": 497
          },
          {
            "x": 469.0,
            "y": 496
          },
          {
            "x": 469.0,
            "y": 493.0
          },
          {
            "x": 468,
            "y": 492
          },
          {
            "x": 468,
            "y": 487
          },
          {
            "x": 469.0,
            "y": 486.0
          },
          {
            "x": 469.0,
            "y": 483
          },
          {
            "x": 468,
            "y": 482.0
          },
          {
            "x": 468,
            "y": 473.0
          },
          {
            "x": 469.0,
            "y": 472
          },
          {
            "x": 469.0,
            "y": 468
          },
          {
            "x": 468,
            "y": 467
          },
          {
            "x": 468,
            "y": 465
          },
          {
            "x": 467,
            "y": 464.0
          },
          {
            "x": 467,
            "y": 461
          },
          {
            "x": 468,
            "y": 460.0
          },
          {
            "x": 468,
            "y": 458
          },
          {
            "x": 469.0,
            "y": 457
          },
          {
            "x": 469.0,
            "y": 453.0
          },
          {
            "x": 470,
            "y": 452
          },
          {
            "x": 470,
            "y": 451.0
          },
          {
            "x": 471.0,
            "y": 450
          },
          {
            "x": 471.0,
            "y": 449.0
          },
          {
            "x": 473.0,
            "y": 447
          },
          {
            "x": 473.0,
            "y": 446.0
          },
          {
            "x": 474,
            "y": 445
          },
          {
            "x": 474,
            "y": 438
          },
          {
            "x": 477,
            "y": 435.0
          },
          {
            "x": 477,
            "y": 434
          },
          {
            "x": 478,
            "y": 433.0
          },
          {
            "x": 480.0,
            "y": 435.0
          },
          {
            "x": 480.0,
            "y": 439
          },
          {
            "x": 481,
            "y": 440.0
          },
          {
            "x": 481,
            "y": 441
          },
          {
            "x": 484.0,
            "y": 444.0
          },
          {
            "x": 484.0,
            "y": 445
          },
          {
            "x": 485,
            "y": 446.0
          },
          {
            "x": 485,
            "y": 447
          },
          {
            "x": 487,
            "y": 449.0
          },
          {
            "x": 487,
            "y": 457
          },
          {
            "x": 488,
            "y": 458
          },
          {
            "x": 488,
            "y": 463
          },
          {
            "x": 489.0,
            "y": 464.0
          },
          {
            "x": 489.0,
            "y": 468
          },
          {
            "x": 490,
            "y": 469.0
          },
          {
            "x": 490,
            "y": 470
          },
          {
            "x": 491.0,
            "y": 471.0
          },
          {
            "x": 491.0,
            "y": 472
          },
          {
            "x": 492,
            "y": 473.0
          },
          {
            "x": 492,
            "y": 474
          },
          {
            "x": 493.0,
            "y": 475.0
          },
          {
            "x": 493.0,
            "y": 476
          },
          {
            "x": 494,
            "y": 477
          },
          {
            "x": 494,
            "y": 478
          },
          {
            "x": 496,
            "y": 480.0
          },
          {
            "x": 497,
            "y": 480.0
          },
          {
            "x": 499,
            "y": 482.0
          },
          {
            "x": 499,
            "y": 483
          },
          {
            "x": 498,
            "y": 484.0
          },
          {
            "x": 498,
            "y": 492
          },
          {
            "x": 497,
            "y": 493.0
          },
          {
            "x": 497,
            "y": 496
          },
          {
            "x": 496,
            "y": 497
          },
          {
            "x": 496,
            "y": 508
          },
          {
            "x": 497,
            "y": 509.0
          },
          {
            "x": 497,
            "y": 514
          },
          {
            "x": 498,
            "y": 515
          },
          {
            "x": 497,
            "y": 516
          },
          {
            "x": 497,
            "y": 518
          },
          {
            "x": 496,
            "y": 519
          },
          {
            "x": 496,
            "y": 521
          },
          {
            "x": 495.0,
            "y": 522
          },
          {
            "x": 495.0,
            "y": 528
          },
          {
            "x": 496,
            "y": 529
          },
          {
            "x": 497,
            "y": 529
          },
          {
            "x": 498,
            "y": 530
          },
          {
            "x": 510,
            "y": 530
          },
          {
            "x": 511.0,
            "y": 529
          },
          {
            "x": 512,
            "y": 529
          },
          {
            "x": 513,
            "y": 528
          },
          {
            "x": 513,
            "y": 527
          },
          {
            "x": 518,
            "y": 522
          },
          {
            "x": 518,
            "y": 503
          },
          {
            "x": 517,
            "y": 502.0
          },
          {
            "x": 517,
            "y": 501
          },
          {
            "x": 516,
            "y": 500.0
          },
          {
            "x": 516,
            "y": 494
          },
          {
            "x": 515,
            "y": 493.0
          },
          {
            "x": 515,
            "y": 491.0
          },
          {
            "x": 514,
            "y": 490
          },
          {
            "x": 514,
            "y": 487
          },
          {
            "x": 513,
            "y": 486.0
          },
          {
            "x": 514,
            "y": 485
          },
          {
            "x": 514,
            "y": 483
          },
          {
            "x": 516,
            "y": 481
          },
          {
            "x": 516,
            "y": 473.0
          },
          {
            "x": 515,
            "y": 472
          },
          {
            "x": 515,
            "y": 470
          },
          {
            "x": 514,
            "y": 469.0
          },
          {
            "x": 514,
            "y": 462.0
          },
          {
            "x": 513,
            "y": 461
          },
          {
            "x": 513,
            "y": 444.0
          },
          {
            "x": 514,
            "y": 443
          },
          {
            "x": 514,
            "y": 439
          },
          {
            "x": 515,
            "y": 438
          },
          {
            "x": 515,
            "y": 434
          },
          {
            "x": 516,
            "y": 433.0
          },
          {
            "x": 516,
            "y": 430
          },
          {
            "x": 517,
            "y": 429
          },
          {
            "x": 517,
            "y": 427
          },
          {
            "x": 518,
            "y": 426
          },
          {
            "x": 518,
            "y": 424
          },
          {
            "x": 519,
            "y": 423
          },
          {
            "x": 520,
            "y": 423
          },
          {
            "x": 521,
            "y": 422
          },
          {
            "x": 522,
            "y": 422
          },
          {
            "x": 523,
            "y": 423
          },
          {
            "x": 523,
            "y": 425
          },
          {
            "x": 524,
            "y": 426
          },
          {
            "x": 524,
            "y": 430
          },
          {
            "x": 525,
            "y": 431.0
          },
          {
            "x": 525,
            "y": 436
          },
          {
            "x": 526,
            "y": 437.0
          },
          {
            "x": 526,
            "y": 440.0
          },
          {
            "x": 527,
            "y": 441
          },
          {
            "x": 527,
            "y": 442.0
          },
          {
            "x": 528,
            "y": 443
          },
          {
            "x": 528,
            "y": 447
          },
          {
            "x": 529,
            "y": 448
          },
          {
            "x": 529,
            "y": 454
          },
          {
            "x": 530,
            "y": 455.0
          },
          {
            "x": 530,
            "y": 457
          },
          {
            "x": 531,
            "y": 458
          },
          {
            "x": 531,
            "y": 473.0
          },
          {
            "x": 530,
            "y": 474
          },
          {
            "x": 530,
            "y": 476
          },
          {
            "x": 529,
            "y": 477
          },
          {
            "x": 529,
            "y": 483
          },
          {
            "x": 530,
            "y": 484.0
          },
          {
            "x": 530,
            "y": 486.0
          },
          {
            "x": 531,
            "y": 487
          },
          {
            "x": 531,
            "y": 488
          },
          {
            "x": 532,
            "y": 489.0
          },
          {
            "x": 532,
            "y": 490
          },
          {
            "x": 534,
            "y": 492
          },
          {
            "x": 534,
            "y": 494
          },
          {
            "x": 536,
            "y": 496
          },
          {
            "x": 536,
            "y": 498
          },
          {
            "x": 537,
            "y": 499
          },
          {
            "x": 537,
            "y": 501
          },
          {
            "x": 538,
            "y": 502.0
          },
          {
            "x": 538,
            "y": 504.0
          },
          {
            "x": 539,
            "y": 505
          },
          {
            "x": 539,
            "y": 508
          },
          {
            "x": 540,
            "y": 509.0
          },
          {
            "x": 540,
            "y": 511.0
          },
          {
            "x": 541,
            "y": 512
          },
          {
            "x": 541,
            "y": 516
          },
          {
            "x": 542,
            "y": 517
          },
          {
            "x": 542,
            "y": 520
          },
          {
            "x": 543,
            "y": 521
          },
          {
            "x": 543,
            "y": 524
          },
          {
            "x": 544,
            "y": 525
          },
          {
            "x": 544,
            "y": 526
          },
          {
            "x": 545,
            "y": 527
          },
          {
            "x": 545,
            "y": 528
          },
          {
            "x": 546,
            "y": 528
          },
          {
            "x": 547,
            "y": 529
          },
          {
            "x": 548,
            "y": 529
          },
          {
            "x": 549,
            "y": 530
          },
          {
            "x": 552,
            "y": 530
          },
          {
            "x": 553,
            "y": 529
          },
          {
            "x": 554,
            "y": 529
          },
          {
            "x": 557,
            "y": 526
          },
          {
            "x": 557,
            "y": 519
          },
          {
            "x": 556,
            "y": 518
          },
          {
            "x": 556,
            "y": 517
          },
          {
            "x": 555,
            "y": 516
          },
          {
            "x": 555,
            "y": 514
          },
          {
            "x": 554,
            "y": 513
          },
          {
            "x": 554,
            "y": 509.0
          },
          {
            "x": 553,
            "y": 508
          },
          {
            "x": 553,
            "y": 499
          },
          {
            "x": 552,
            "y": 498
          },
          {
            "x": 552,
            "y": 497
          },
          {
            "x": 551,
            "y": 496
          },
          {
            "x": 551,
            "y": 486.0
          },
          {
            "x": 550,
            "y": 485
          },
          {
            "x": 550,
            "y": 482.0
          },
          {
            "x": 549,
            "y": 481
          },
          {
            "x": 549,
            "y": 477
          },
          {
            "x": 548,
            "y": 476
          },
          {
            "x": 548,
            "y": 469.0
          },
          {
            "x": 551,
            "y": 466.0
          },
          {
            "x": 551,
            "y": 463
          },
          {
            "x": 552,
            "y": 462.0
          },
          {
            "x": 552,
            "y": 461
          },
          {
            "x": 553,
            "y": 460.0
          },
          {
            "x": 553,
            "y": 456
          },
          {
            "x": 554,
            "y": 455.0
          },
          {
            "x": 554,
            "y": 453.0
          },
          {
            "x": 555,
            "y": 452
          },
          {
            "x": 555,
            "y": 449.0
          },
          {
            "x": 556,
            "y": 448
          },
          {
            "x": 556,
            "y": 441
          },
          {
            "x": 557,
            "y": 440.0
          },
          {
            "x": 557,
            "y": 438
          },
          {
            "x": 558,
            "y": 437.0
          },
          {
            "x": 558,
            "y": 430
          },
          {
            "x": 559,
            "y": 429
          },
          {
            "x": 559,
            "y": 422
          },
          {
            "x": 560,
            "y": 421
          },
          {
            "x": 560,
            "y": 410
          },
          {
            "x": 559,
            "y": 409
          },
          {
            "x": 559,
            "y": 396
          },
          {
            "x": 558,
            "y": 395
          },
          {
            "x": 558,
            "y": 381
          },
          {
            "x": 557,
            "y": 380
          },
          {
            "x": 557,
            "y": 379
          },
          {
            "x": 556,
            "y": 378
          },
          {
            "x": 556,
            "y": 376
          },
          {
            "x": 555,
            "y": 375
          },
          {
            "x": 555,
            "y": 374
          },
          {
            "x": 553,
            "y": 372
          },
          {
            "x": 553,
            "y": 369
          },
          {
            "x": 552,
            "y": 368
          },
          {
            "x": 552,
            "y": 366
          },
          {
            "x": 551,
            "y": 365
          },
          {
            "x": 551,
            "y": 363
          },
          {
            "x": 550,
            "y": 362
          },
          {
            "x": 550,
            "y": 361
          },
          {
            "x": 549,
            "y": 360
          },
          {
            "x": 549,
            "y": 359
          },
          {
            "x": 548,
            "y": 358
          },
          {
            "x": 548,
            "y": 354
          },
          {
            "x": 546,
            "y": 352
          },
          {
            "x": 546,
            "y": 351
          },
          {
            "x": 545,
            "y": 350
          },
          {
            "x": 545,
            "y": 349
          },
          {
            "x": 544,
            "y": 349
          },
          {
            "x": 543,
            "y": 348
          },
          {
            "x": 543,
            "y": 347
          },
          {
            "x": 538,
            "y": 342
          },
          {
            "x": 538,
            "y": 339
          },
          {
            "x": 537,
            "y": 339
          },
          {
            "x": 536,
            "y": 338
          },
          {
            "x": 536,
            "y": 337
          },
          {
            "x": 531,
            "y": 332
          },
          {
            "x": 531,
            "y": 331
          },
          {
            "x": 525,
            "y": 325
          },
          {
            "x": 524,
            "y": 325
          },
          {
            "x": 522,
            "y": 323
          },
          {
            "x": 521,
            "y": 323
          },
          {
            "x": 518,
            "y": 320
          },
          {
            "x": 518,
            "y": 319
          },
          {
            "x": 516,
            "y": 317
          },
          {
            "x": 516,
            "y": 316
          },
          {
            "x": 513,
            "y": 313
          },
          {
            "x": 513,
            "y": 310
          },
          {
            "x": 512,
            "y": 310
          },
          {
            "x": 510,
            "y": 308
          },
          {
            "x": 510,
            "y": 307
          },
          {
            "x": 508,
            "y": 305
          },
          {
            "x": 508,
            "y": 303
          },
          {
            "x": 507,
            "y": 302
          },
          {
            "x": 507,
            "y": 300
          },
          {
            "x": 505,
            "y": 298
          },
          {
            "x": 505,
            "y": 297
          },
          {
            "x": 504.0,
            "y": 296
          },
          {
            "x": 504.0,
            "y": 295
          },
          {
            "x": 503,
            "y": 294
          },
          {
            "x": 503,
            "y": 290
          },
          {
            "x": 500.0,
            "y": 287
          },
          {
            "x": 500.0,
            "y": 286
          },
          {
            "x": 498,
            "y": 284
          },
          {
            "x": 498,
            "y": 283
          },
          {
            "x": 495.0,
            "y": 280
          },
          {
            "x": 494,
            "y": 280
          },
          {
            "x": 493.0,
            "y": 279
          },
          {
            "x": 493.0,
            "y": 278
          },
          {
            "x": 488,
            "y": 273
          },
          {
            "x": 488,
            "y": 270
          },
          {
            "x": 487,
            "y": 270
          },
          {
            "x": 486.0,
            "y": 269
          },
          {
            "x": 486.0,
            "y": 268
          },
          {
            "x": 483,
            "y": 265
          },
          {
            "x": 483,
            "y": 264
          },
          {
            "x": 482.0,
            "y": 263
          },
          {
            "x": 481,
            "y": 263
          },
          {
            "x": 479,
            "y": 261
          },
          {
            "x": 479,
            "y": 260
          },
          {
            "x": 478,
            "y": 260
          },
          {
            "x": 477,
            "y": 259
          },
          {
            "x": 477,
            "y": 258
          },
          {
            "x": 475.0,
            "y": 256
          },
          {
            "x": 475.0,
            "y": 255
          },
          {
            "x": 474,
            "y": 254
          },
          {
            "x": 474,
            "y": 252.0
          },
          {
            "x": 473.0,
            "y": 251.0
          },
          {
            "x": 473.0,
            "y": 250.0
          },
          {
            "x": 471.0,
            "y": 248
          },
          {
            "x": 471.0,
            "y": 247
          },
          {
            "x": 470,
            "y": 246
          },
          {
            "x": 470,
            "y": 244
          },
          {
            "x": 469.0,
            "y": 243.0
          },
          {
            "x": 469.0,
            "y": 239
          },
          {
            "x": 468,
            "y": 238
          },
          {
            "x": 468,
            "y": 236
          },
          {
            "x": 467,
            "y": 235
          },
          {
            "x": 467,
            "y": 229
          },
          {
            "x": 466.0,
            "y": 228
          },
          {
            "x": 466.0,
            "y": 192
          },
          {
            "x": 465,
            "y": 191
          },
          {
            "x": 465,
            "y": 186
          },
          {
            "x": 464.0,
            "y": 185
          },
          {
            "x": 464.0,
            "y": 181
          },
          {
            "x": 463,
            "y": 180
          },
          {
            "x": 463,
            "y": 179
          },
          {
            "x": 462.0,
            "y": 178
          },
          {
            "x": 462.0,
            "y": 176
          },
          {
            "x": 459,
            "y": 173
          },
          {
            "x": 459,
            "y": 171
          },
          {
            "x": 458,
            "y": 171
          },
          {
            "x": 457,
            "y": 170
          },
          {
            "x": 457,
            "y": 169
          },
          {
            "x": 454,
            "y": 166
          },
          {
            "x": 454,
            "y": 165
          },
          {
            "x": 453.0,
            "y": 164
          },
          {
            "x": 452,
            "y": 164
          },
          {
            "x": 449.0,
            "y": 161
          },
          {
            "x": 448,
            "y": 161
          },
          {
            "x": 447,
            "y": 160
          },
          {
            "x": 447,
            "y": 159
          },
          {
            "x": 444.0,
            "y": 156
          },
          {
            "x": 444.0,
            "y": 147
          },
          {
            "x": 442.0,
            "y": 145
          },
          {
            "x": 440.0,
            "y": 145
          },
          {
            "x": 439,
            "y": 146
          },
          {
            "x": 437.0,
            "y": 146
          },
          {
            "x": 436,
            "y": 147
          },
          {
            "x": 435.0,
            "y": 147
          },
          {
            "x": 434,
            "y": 146
          },
          {
            "x": 434,
            "y": 145
          },
          {
            "x": 433.0,
            "y": 144
          },
          {
            "x": 433.0,
            "y": 142
          },
          {
            "x": 434,
            "y": 141
          },
          {
            "x": 434,
            "y": 137
          },
          {
            "x": 436,
            "y": 135
          },
          {
            "x": 436,
            "y": 130
          },
          {
            "x": 434,
            "y": 128
          },
          {
            "x": 434,
            "y": 127
          }
        ]
      }
    }
  ]
}