{
  "image": {
    "width": 640,
    "height": 425,
    "filename": "00000184.jpg",
    "original_filename": "COCO_test2014_000000005578.jpg",
    "url": "https://darwin.v7labs.com/api/images/1197690/original?token=af5accd5-7ecb-4550-848c-a4c83b1a9a3a",
    "thumbnail_url": "https://darwin.v7labs.com/api/images/1197690/thumbnail?token=af5accd5-7ecb-4550-848c-a4c83b1a9a3a",
    "workview_url": "https://darwin.v7labs.com/workview?dataset=1165&image=184"
  },
  "dataset": "4_Saltanat_ver2",
  "annotated": true,
  "annotations": [
    {
      "annotator": {
        "email": "begimbaeva.s95@gmail.com",
        "full_name": "Saltanat Begimbaeva"
      },
      "name": "Men Polygon ",
      "polygon": {
        "path": [
          {
            "x": 244,
            "y": 253.0
          },
          {
            "x": 247.0,
            "y": 256
          },
          {
            "x": 247.0,
            "y": 257
          },
          {
            "x": 248.0,
            "y": 258
          },
          {
            "x": 248.0,
            "y": 259
          },
          {
            "x": 250,
            "y": 261
          },
          {
            "x": 251,
            "y": 261
          },
          {
            "x": 252,
            "y": 260
          },
          {
            "x": 253.0,
            "y": 260
          },
          {
            "x": 254.0,
            "y": 261
          },
          {
            "x": 255,
            "y": 261
          },
          {
            "x": 256,
            "y": 262
          },
          {
            "x": 258,
            "y": 262
          },
          {
            "x": 259,
            "y": 261
          },
          {
            "x": 259,
            "y": 260
          },
          {
            "x": 260,
            "y": 259
          },
          {
            "x": 260,
            "y": 258
          },
          {
            "x": 262,
            "y": 256
          },
          {
            "x": 262,
            "y": 241
          },
          {
            "x": 264,
            "y": 239
          },
          {
            "x": 265,
            "y": 240
          },
          {
            "x": 265,
            "y": 241
          },
          {
            "x": 267,
            "y": 243.0
          },
          {
            "x": 267,
            "y": 244
          },
          {
            "x": 268,
            "y": 245
          },
          {
            "x": 269,
            "y": 245
          },
          {
            "x": 270.0,
            "y": 246
          },
          {
            "x": 271.0,
            "y": 246
          },
          {
            "x": 272.0,
            "y": 245
          },
          {
            "x": 272.0,
            "y": 241
          },
          {
            "x": 271.0,
            "y": 240
          },
          {
            "x": 271.0,
            "y": 236.0
          },
          {
            "x": 270.0,
            "y": 235
          },
          {
            "x": 270.0,
            "y": 228
          },
          {
            "x": 269,
            "y": 227
          },
          {
            "x": 269,
            "y": 217
          },
          {
            "x": 270.0,
            "y": 216
          },
          {
            "x": 270.0,
            "y": 213
          },
          {
            "x": 271.0,
            "y": 212
          },
          {
            "x": 271.0,
            "y": 211
          },
          {
            "x": 272.0,
            "y": 210
          },
          {
            "x": 272.0,
            "y": 209.0
          },
          {
            "x": 273.0,
            "y": 208.0
          },
          {
            "x": 273.0,
            "y": 207
          },
          {
            "x": 275,
            "y": 205
          },
          {
            "x": 275,
            "y": 204.0
          },
          {
            "x": 277,
            "y": 202
          },
          {
            "x": 277,
            "y": 201
          },
          {
            "x": 279,
            "y": 199
          },
          {
            "x": 279,
            "y": 198.0
          },
          {
            "x": 282.0,
            "y": 195
          },
          {
            "x": 282.0,
            "y": 194
          },
          {
            "x": 284.0,
            "y": 192.0
          },
          {
            "x": 284.0,
            "y": 191.0
          },
          {
            "x": 286.0,
            "y": 189
          },
          {
            "x": 286.0,
            "y": 188
          },
          {
            "x": 287,
            "y": 187.0
          },
          {
            "x": 287,
            "y": 186.0
          },
          {
            "x": 288,
            "y": 185
          },
          {
            "x": 288,
            "y": 184
          },
          {
            "x": 289,
            "y": 183
          },
          {
            "x": 289,
            "y": 182.0
          },
          {
            "x": 290,
            "y": 181.0
          },
          {
            "x": 290,
            "y": 180.0
          },
          {
            "x": 291,
            "y": 179
          },
          {
            "x": 291,
            "y": 178
          },
          {
            "x": 292,
            "y": 177
          },
          {
            "x": 292,
            "y": 176.0
          },
          {
            "x": 293.0,
            "y": 175.0
          },
          {
            "x": 293.0,
            "y": 173
          },
          {
            "x": 294.0,
            "y": 172
          },
          {
            "x": 294.0,
            "y": 170.0
          },
          {
            "x": 295.0,
            "y": 169.0
          },
          {
            "x": 295.0,
            "y": 167
          },
          {
            "x": 297.0,
            "y": 165.0
          },
          {
            "x": 297.0,
            "y": 164.0
          },
          {
            "x": 298,
            "y": 163.0
          },
          {
            "x": 298,
            "y": 162
          },
          {
            "x": 299,
            "y": 161
          },
          {
            "x": 299,
            "y": 160
          },
          {
            "x": 300,
            "y": 159
          },
          {
            "x": 301,
            "y": 159
          },
          {
            "x": 301,
            "y": 158
          },
          {
            "x": 302,
            "y": 157
          },
          {
            "x": 302,
            "y": 156
          },
          {
            "x": 306.0,
            "y": 152
          },
          {
            "x": 306.0,
            "y": 151
          },
          {
            "x": 308.0,
            "y": 149
          },
          {
            "x": 314,
            "y": 149
          },
          {
            "x": 315.0,
            "y": 150
          },
          {
            "x": 318.0,
            "y": 150
          },
          {
            "x": 319.0,
            "y": 151
          },
          {
            "x": 329.0,
            "y": 151
          },
          {
            "x": 330.0,
            "y": 152
          },
          {
            "x": 337.0,
            "y": 152
          },
          {
            "x": 338.0,
            "y": 153
          },
          {
            "x": 356,
            "y": 153
          },
          {
            "x": 357,
            "y": 154
          },
          {
            "x": 358,
            "y": 154
          },
          {
            "x": 359.0,
            "y": 155
          },
          {
            "x": 359.0,
            "y": 158
          },
          {
            "x": 357,
            "y": 160
          },
          {
            "x": 357,
            "y": 172
          },
          {
            "x": 358,
            "y": 173
          },
          {
            "x": 358,
            "y": 176.0
          },
          {
            "x": 359.0,
            "y": 177
          },
          {
            "x": 359.0,
            "y": 179
          },
          {
            "x": 360.0,
            "y": 180.0
          },
          {
            "x": 360.0,
            "y": 181.0
          },
          {
            "x": 361.0,
            "y": 182.0
          },
          {
            "x": 361.0,
            "y": 185
          },
          {
            "x": 360.0,
            "y": 186.0
          },
          {
            "x": 360.0,
            "y": 187.0
          },
          {
            "x": 359.0,
            "y": 188
          },
          {
            "x": 359.0,
            "y": 189
          },
          {
            "x": 356,
            "y": 192.0
          },
          {
            "x": 356,
            "y": 193.0
          },
          {
            "x": 355,
            "y": 194
          },
          {
            "x": 355,
            "y": 196
          },
          {
            "x": 354,
            "y": 197.0
          },
          {
            "x": 354,
            "y": 198.0
          },
          {
            "x": 353.0,
            "y": 199
          },
          {
            "x": 353.0,
            "y": 200
          },
          {
            "x": 351.0,
            "y": 202
          },
          {
            "x": 351.0,
            "y": 204.0
          },
          {
            "x": 350.0,
            "y": 205
          },
          {
            "x": 350.0,
            "y": 206
          },
          {
            "x": 348,
            "y": 208.0
          },
          {
            "x": 348,
            "y": 211
          },
          {
            "x": 347,
            "y": 212
          },
          {
            "x": 347,
            "y": 223
          },
          {
            "x": 348,
            "y": 224
          },
          {
            "x": 348,
            "y": 226.0
          },
          {
            "x": 353.0,
            "y": 231.0
          },
          {
            "x": 354,
            "y": 231.0
          },
          {
            "x": 355,
            "y": 232
          },
          {
            "x": 356,
            "y": 232
          },
          {
            "x": 357,
            "y": 233
          },
          {
            "x": 360.0,
            "y": 233
          },
          {
            "x": 361.0,
            "y": 234
          },
          {
            "x": 362.0,
            "y": 234
          },
          {
            "x": 363.0,
            "y": 235
          },
          {
            "x": 366,
            "y": 235
          },
          {
            "x": 367,
            "y": 236.0
          },
          {
            "x": 375.0,
            "y": 236.0
          },
          {
            "x": 376,
            "y": 235
          },
          {
            "x": 377,
            "y": 235
          },
          {
            "x": 381,
            "y": 231.0
          },
          {
            "x": 381,
            "y": 227
          },
          {
            "x": 380,
            "y": 226.0
          },
          {
            "x": 380,
            "y": 223
          },
          {
            "x": 379,
            "y": 222
          },
          {
            "x": 379,
            "y": 221
          },
          {
            "x": 376,
            "y": 218
          },
          {
            "x": 376,
            "y": 210
          },
          {
            "x": 377,
            "y": 209.0
          },
          {
            "x": 377,
            "y": 208.0
          },
          {
            "x": 378,
            "y": 207
          },
          {
            "x": 379,
            "y": 207
          },
          {
            "x": 380,
            "y": 206
          },
          {
            "x": 381,
            "y": 206
          },
          {
            "x": 382.0,
            "y": 205
          },
          {
            "x": 383.0,
            "y": 205
          },
          {
            "x": 385.0,
            "y": 203.0
          },
          {
            "x": 390,
            "y": 203.0
          },
          {
            "x": 391,
            "y": 204.0
          },
          {
            "x": 392,
            "y": 204.0
          },
          {
            "x": 393,
            "y": 205
          },
          {
            "x": 395.0,
            "y": 205
          },
          {
            "x": 396.0,
            "y": 204.0
          },
          {
            "x": 399,
            "y": 204.0
          },
          {
            "x": 400,
            "y": 203.0
          },
          {
            "x": 403,
            "y": 203.0
          },
          {
            "x": 404.0,
            "y": 202
          },
          {
            "x": 405.0,
            "y": 202
          },
          {
            "x": 406.0,
            "y": 201
          },
          {
            "x": 406.0,
            "y": 200
          },
          {
            "x": 409,
            "y": 197.0
          },
          {
            "x": 410,
            "y": 197.0
          },
          {
            "x": 411,
            "y": 196
          },
          {
            "x": 412,
            "y": 196
          },
          {
            "x": 412,
            "y": 195
          },
          {
            "x": 413,
            "y": 194
          },
          {
            "x": 414,
            "y": 194
          },
          {
            "x": 414,
            "y": 193.0
          },
          {
            "x": 415,
            "y": 192.0
          },
          {
            "x": 415,
            "y": 191.0
          },
          {
            "x": 420,
            "y": 186.0
          },
          {
            "x": 420,
            "y": 185
          },
          {
            "x": 424,
            "y": 181.0
          },
          {
            "x": 425,
            "y": 181.0
          },
          {
            "x": 426,
            "y": 180.0
          },
          {
            "x": 427.0,
            "y": 180.0
          },
          {
            "x": 433,
            "y": 174.0
          },
          {
            "x": 434,
            "y": 174.0
          },
          {
            "x": 434,
            "y": 173
          },
          {
            "x": 435,
            "y": 172
          },
          {
            "x": 436,
            "y": 172
          },
          {
            "x": 438.0,
            "y": 170.0
          },
          {
            "x": 438.0,
            "y": 169.0
          },
          {
            "x": 442,
            "y": 165.0
          },
          {
            "x": 442,
            "y": 164.0
          },
          {
            "x": 444,
            "y": 162
          },
          {
            "x": 445,
            "y": 162
          },
          {
            "x": 446,
            "y": 161
          },
          {
            "x": 446,
            "y": 159
          },
          {
            "x": 447,
            "y": 158
          },
          {
            "x": 447,
            "y": 156
          },
          {
            "x": 449.0,
            "y": 154
          },
          {
            "x": 449.0,
            "y": 152
          },
          {
            "x": 450.0,
            "y": 151
          },
          {
            "x": 450.0,
            "y": 149
          },
          {
            "x": 451.0,
            "y": 148
          },
          {
            "x": 451.0,
            "y": 147
          },
          {
            "x": 452.0,
            "y": 146
          },
          {
            "x": 453,
            "y": 146
          },
          {
            "x": 453,
            "y": 145
          },
          {
            "x": 452.0,
            "y": 145
          },
          {
            "x": 451.0,
            "y": 144
          },
          {
            "x": 450.0,
            "y": 145
          },
          {
            "x": 446,
            "y": 145
          },
          {
            "x": 445,
            "y": 144
          },
          {
            "x": 443,
            "y": 144
          },
          {
            "x": 442,
            "y": 143
          },
          {
            "x": 441.0,
            "y": 144
          },
          {
            "x": 439.0,
            "y": 144
          },
          {
            "x": 438.0,
            "y": 145
          },
          {
            "x": 437,
            "y": 145
          },
          {
            "x": 436,
            "y": 146
          },
          {
            "x": 433,
            "y": 146
          },
          {
            "x": 432,
            "y": 147
          },
          {
            "x": 420,
            "y": 147
          },
          {
            "x": 419.0,
            "y": 148
          },
          {
            "x": 417.0,
            "y": 148
          },
          {
            "x": 416.0,
            "y": 147
          },
          {
            "x": 413,
            "y": 147
          },
          {
            "x": 410,
            "y": 150
          },
          {
            "x": 406.0,
            "y": 150
          },
          {
            "x": 405.0,
            "y": 151
          },
          {
            "x": 404.0,
            "y": 151
          },
          {
            "x": 403,
            "y": 152
          },
          {
            "x": 400,
            "y": 152
          },
          {
            "x": 397.0,
            "y": 149
          },
          {
            "x": 396.0,
            "y": 149
          },
          {
            "x": 395.0,
            "y": 148
          },
          {
            "x": 394.0,
            "y": 148
          },
          {
            "x": 393,
            "y": 149
          },
          {
            "x": 388,
            "y": 149
          },
          {
            "x": 387,
            "y": 148
          },
          {
            "x": 388,
            "y": 147
          },
          {
            "x": 388,
            "y": 146
          },
          {
            "x": 389,
            "y": 145
          },
          {
            "x": 390,
            "y": 145
          },
          {
            "x": 391,
            "y": 144
          },
          {
            "x": 393,
            "y": 144
          },
          {
            "x": 396.0,
            "y": 141
          },
          {
            "x": 397.0,
            "y": 141
          },
          {
            "x": 398,
            "y": 140
          },
          {
            "x": 400,
            "y": 140
          },
          {
            "x": 401,
            "y": 139
          },
          {
            "x": 410,
            "y": 139
          },
          {
            "x": 413,
            "y": 142
          },
          {
            "x": 416.0,
            "y": 142
          },
          {
            "x": 417.0,
            "y": 141
          },
          {
            "x": 418.0,
            "y": 141
          },
          {
            "x": 417.0,
            "y": 140
          },
          {
            "x": 419.0,
            "y": 138
          },
          {
            "x": 420,
            "y": 138
          },
          {
            "x": 421,
            "y": 139
          },
          {
            "x": 422,
            "y": 138
          },
          {
            "x": 423,
            "y": 138
          },
          {
            "x": 425,
            "y": 136
          },
          {
            "x": 426,
            "y": 136
          },
          {
            "x": 427.0,
            "y": 135
          },
          {
            "x": 428.0,
            "y": 135
          },
          {
            "x": 429.0,
            "y": 134
          },
          {
            "x": 430.0,
            "y": 134
          },
          {
            "x": 431,
            "y": 133
          },
          {
            "x": 433,
            "y": 133
          },
          {
            "x": 434,
            "y": 132
          },
          {
            "x": 440.0,
            "y": 132
          },
          {
            "x": 441.0,
            "y": 131
          },
          {
            "x": 446,
            "y": 131
          },
          {
            "x": 447,
            "y": 130
          },
          {
            "x": 449.0,
            "y": 130
          },
          {
            "x": 450.0,
            "y": 129
          },
          {
            "x": 450.0,
            "y": 126
          },
          {
            "x": 449.0,
            "y": 125
          },
          {
            "x": 449.0,
            "y": 119
          },
          {
            "x": 448,
            "y": 118.0
          },
          {
            "x": 448,
            "y": 117
          },
          {
            "x": 447,
            "y": 116
          },
          {
            "x": 447,
            "y": 114
          },
          {
            "x": 446,
            "y": 113.0
          },
          {
            "x": 446,
            "y": 112
          },
          {
            "x": 436,
            "y": 102.0
          },
          {
            "x": 435,
            "y": 102.0
          },
          {
            "x": 434,
            "y": 101
          },
          {
            "x": 433,
            "y": 101
          },
          {
            "x": 431,
            "y": 99.0
          },
          {
            "x": 429.0,
            "y": 99.0
          },
          {
            "x": 427.0,
            "y": 97
          },
          {
            "x": 425,
            "y": 97
          },
          {
            "x": 423,
            "y": 95
          },
          {
            "x": 421,
            "y": 95
          },
          {
            "x": 420,
            "y": 94
          },
          {
            "x": 416.0,
            "y": 94
          },
          {
            "x": 414,
            "y": 92
          },
          {
            "x": 413,
            "y": 92
          },
          {
            "x": 412,
            "y": 91.0
          },
          {
            "x": 412,
            "y": 90.0
          },
          {
            "x": 411,
            "y": 89
          },
          {
            "x": 409,
            "y": 89
          },
          {
            "x": 408.0,
            "y": 88.0
          },
          {
            "x": 393,
            "y": 88.0
          },
          {
            "x": 392,
            "y": 89
          },
          {
            "x": 387,
            "y": 89
          },
          {
            "x": 386.0,
            "y": 90.0
          },
          {
            "x": 366,
            "y": 90.0
          },
          {
            "x": 365,
            "y": 89
          },
          {
            "x": 361.0,
            "y": 89
          },
          {
            "x": 360.0,
            "y": 90.0
          },
          {
            "x": 355,
            "y": 90.0
          },
          {
            "x": 354,
            "y": 89
          },
          {
            "x": 350.0,
            "y": 89
          },
          {
            "x": 349.0,
            "y": 90.0
          },
          {
            "x": 328.0,
            "y": 90.0
          },
          {
            "x": 327.0,
            "y": 91.0
          },
          {
            "x": 325,
            "y": 91.0
          },
          {
            "x": 324,
            "y": 92
          },
          {
            "x": 319.0,
            "y": 92
          },
          {
            "x": 318.0,
            "y": 93.0
          },
          {
            "x": 316.0,
            "y": 93.0
          },
          {
            "x": 315.0,
            "y": 94
          },
          {
            "x": 313,
            "y": 94
          },
          {
            "x": 312,
            "y": 95
          },
          {
            "x": 311,
            "y": 95
          },
          {
            "x": 310,
            "y": 96.0
          },
          {
            "x": 309,
            "y": 96.0
          },
          {
            "x": 307.0,
            "y": 98
          },
          {
            "x": 306.0,
            "y": 98
          },
          {
            "x": 305.0,
            "y": 99.0
          },
          {
            "x": 304,
            "y": 99.0
          },
          {
            "x": 303,
            "y": 100
          },
          {
            "x": 300,
            "y": 100
          },
          {
            "x": 297.0,
            "y": 97
          },
          {
            "x": 296.0,
            "y": 97
          },
          {
            "x": 295.0,
            "y": 96.0
          },
          {
            "x": 295.0,
            "y": 95
          },
          {
            "x": 294.0,
            "y": 94
          },
          {
            "x": 293.0,
            "y": 94
          },
          {
            "x": 292,
            "y": 93.0
          },
          {
            "x": 291,
            "y": 93.0
          },
          {
            "x": 288,
            "y": 90.0
          },
          {
            "x": 286.0,
            "y": 90.0
          },
          {
            "x": 285.0,
            "y": 89
          },
          {
            "x": 283.0,
            "y": 89
          },
          {
            "x": 282.0,
            "y": 88.0
          },
          {
            "x": 281,
            "y": 88.0
          },
          {
            "x": 280,
            "y": 87.0
          },
          {
            "x": 280,
            "y": 86
          },
          {
            "x": 278,
            "y": 86
          },
          {
            "x": 277,
            "y": 85.0
          },
          {
            "x": 270.0,
            "y": 85.0
          },
          {
            "x": 269,
            "y": 86
          },
          {
            "x": 268,
            "y": 86
          },
          {
            "x": 266,
            "y": 88.0
          },
          {
            "x": 265,
            "y": 88.0
          },
          {
            "x": 258,
            "y": 95
          },
          {
            "x": 257,
            "y": 95
          },
          {
            "x": 257,
            "y": 96.0
          },
          {
            "x": 254.0,
            "y": 99.0
          },
          {
            "x": 254.0,
            "y": 101
          },
          {
            "x": 252,
            "y": 103
          },
          {
            "x": 252,
            "y": 105
          },
          {
            "x": 251,
            "y": 106
          },
          {
            "x": 251,
            "y": 111
          },
          {
            "x": 252,
            "y": 112
          },
          {
            "x": 252,
            "y": 114
          },
          {
            "x": 254.0,
            "y": 116
          },
          {
            "x": 254.0,
            "y": 118.0
          },
          {
            "x": 255,
            "y": 119
          },
          {
            "x": 255,
            "y": 120
          },
          {
            "x": 256,
            "y": 121.0
          },
          {
            "x": 256,
            "y": 122
          },
          {
            "x": 258,
            "y": 124.0
          },
          {
            "x": 258,
            "y": 125
          },
          {
            "x": 259,
            "y": 126
          },
          {
            "x": 259,
            "y": 127.0
          },
          {
            "x": 260,
            "y": 128
          },
          {
            "x": 260,
            "y": 129
          },
          {
            "x": 264,
            "y": 133
          },
          {
            "x": 264,
            "y": 134
          },
          {
            "x": 265,
            "y": 135
          },
          {
            "x": 265,
            "y": 137
          },
          {
            "x": 266,
            "y": 138
          },
          {
            "x": 266,
            "y": 139
          },
          {
            "x": 267,
            "y": 140
          },
          {
            "x": 267,
            "y": 141
          },
          {
            "x": 268,
            "y": 142
          },
          {
            "x": 272.0,
            "y": 142
          },
          {
            "x": 273.0,
            "y": 143
          },
          {
            "x": 276,
            "y": 143
          },
          {
            "x": 277,
            "y": 144
          },
          {
            "x": 279,
            "y": 144
          },
          {
            "x": 282.0,
            "y": 147
          },
          {
            "x": 282.0,
            "y": 150
          },
          {
            "x": 281,
            "y": 151
          },
          {
            "x": 281,
            "y": 153
          },
          {
            "x": 278,
            "y": 156
          },
          {
            "x": 278,
            "y": 157
          },
          {
            "x": 277,
            "y": 158
          },
          {
            "x": 277,
            "y": 159
          },
          {
            "x": 276,
            "y": 160
          },
          {
            "x": 276,
            "y": 161
          },
          {
            "x": 274.0,
            "y": 163.0
          },
          {
            "x": 274.0,
            "y": 165.0
          },
          {
            "x": 273.0,
            "y": 166
          },
          {
            "x": 273.0,
            "y": 167
          },
          {
            "x": 272.0,
            "y": 168
          },
          {
            "x": 272.0,
            "y": 169.0
          },
          {
            "x": 271.0,
            "y": 170.0
          },
          {
            "x": 271.0,
            "y": 171.0
          },
          {
            "x": 270.0,
            "y": 172
          },
          {
            "x": 270.0,
            "y": 173
          },
          {
            "x": 269,
            "y": 174.0
          },
          {
            "x": 269,
            "y": 176.0
          },
          {
            "x": 268,
            "y": 177
          },
          {
            "x": 268,
            "y": 179
          },
          {
            "x": 267,
            "y": 180.0
          },
          {
            "x": 267,
            "y": 182.0
          },
          {
            "x": 265,
            "y": 184
          },
          {
            "x": 265,
            "y": 187.0
          },
          {
            "x": 264,
            "y": 188
          },
          {
            "x": 264,
            "y": 189
          },
          {
            "x": 263,
            "y": 190
          },
          {
            "x": 263,
            "y": 193.0
          },
          {
            "x": 262,
            "y": 194
          },
          {
            "x": 262,
            "y": 195
          },
          {
            "x": 261,
            "y": 196
          },
          {
            "x": 261,
            "y": 198.0
          },
          {
            "x": 260,
            "y": 199
          },
          {
            "x": 260,
            "y": 201
          },
          {
            "x": 259,
            "y": 202
          },
          {
            "x": 259,
            "y": 204.0
          },
          {
            "x": 258,
            "y": 205
          },
          {
            "x": 258,
            "y": 206
          },
          {
            "x": 256,
            "y": 208.0
          },
          {
            "x": 256,
            "y": 210
          },
          {
            "x": 254.0,
            "y": 212
          },
          {
            "x": 254.0,
            "y": 213
          },
          {
            "x": 253.0,
            "y": 214.0
          },
          {
            "x": 252,
            "y": 214.0
          },
          {
            "x": 252,
            "y": 215.0
          },
          {
            "x": 251,
            "y": 216
          },
          {
            "x": 251,
            "y": 223
          },
          {
            "x": 252,
            "y": 224
          },
          {
            "x": 252,
            "y": 229
          },
          {
            "x": 251,
            "y": 230.0
          },
          {
            "x": 251,
            "y": 233
          },
          {
            "x": 250,
            "y": 234
          },
          {
            "x": 250,
            "y": 237.0
          },
          {
            "x": 249,
            "y": 238
          },
          {
            "x": 249,
            "y": 239
          },
          {
            "x": 248.0,
            "y": 240
          },
          {
            "x": 248.0,
            "y": 242.0
          },
          {
            "x": 247.0,
            "y": 243.0
          },
          {
            "x": 247.0,
            "y": 245
          },
          {
            "x": 246,
            "y": 246
          },
          {
            "x": 246,
            "y": 248.0
          },
          {
            "x": 245,
            "y": 249
          },
          {
            "x": 245,
            "y": 251
          },
          {
            "x": 244,
            "y": 252
          }
        ]
      }
    },
    {
      "annotator": {
        "email": "begimbaeva.s95@gmail.com",
        "full_name": "Saltanat Begimbaeva"
      },
      "name": "Object Polygon ",
      "polygon": {
        "path": [
          {
            "x": 467.42,
            "y": 41.49
          },
          {
            "x": 466.12,
            "y": 58.72
          },
          {
            "x": 464.42,
            "y": 89.39
          },
          {
            "x": 464.18,
            "y": 116.49
          },
          {
            "x": 461.59,
            "y": 149.34
          },
          {
            "x": 457.63,
            "y": 182.19
          },
          {
            "x": 454.23,
            "y": 217.14
          },
          {
            "x": 465.07,
            "y": 216.09
          },
          {
            "x": 481.9,
            "y": 198.37
          },
          {
            "x": 499.54,
            "y": 176.53
          },
          {
            "x": 502.37,
            "y": 172.0
          },
          {
            "x": 502.37,
            "y": 130.09
          },
          {
            "x": 502.37,
            "y": 93.84
          },
          {
            "x": 496.71,
            "y": 66.65
          },
          {
            "x": 482.55,
            "y": 47.96
          }
        ]
      }
    }
  ]
}