{
  "image": {
    "width": 640,
    "height": 480,
    "filename": "00000076.jpg",
    "original_filename": "COCO_test2014_000000007127.jpg",
    "url": "https://darwin.v7labs.com/api/images/1197798/original?token=e96ee6b8-bc43-4e08-bcc1-e75bb7cc480d",
    "thumbnail_url": "https://darwin.v7labs.com/api/images/1197798/thumbnail?token=e96ee6b8-bc43-4e08-bcc1-e75bb7cc480d",
    "workview_url": "https://darwin.v7labs.com/workview?dataset=1166&image=76"
  },
  "dataset": "4_Nurzhan_ver2",
  "annotated": true,
  "annotations": [
    {
      "annotator": {
        "email": "order@bex.kg",
        "full_name": "Zhaparova  Nurzhan"
      },
      "name": "Food Polygon ",
      "polygon": {
        "path": [
          {
            "x": 241,
            "y": 154
          },
          {
            "x": 237,
            "y": 158
          },
          {
            "x": 236,
            "y": 158
          },
          {
            "x": 236,
            "y": 159
          },
          {
            "x": 234.0,
            "y": 161
          },
          {
            "x": 234.0,
            "y": 162
          },
          {
            "x": 233.0,
            "y": 163
          },
          {
            "x": 232,
            "y": 163
          },
          {
            "x": 231,
            "y": 164
          },
          {
            "x": 231,
            "y": 165
          },
          {
            "x": 230,
            "y": 166
          },
          {
            "x": 229.0,
            "y": 166
          },
          {
            "x": 228.0,
            "y": 167
          },
          {
            "x": 227,
            "y": 167
          },
          {
            "x": 227,
            "y": 169
          },
          {
            "x": 225,
            "y": 171
          },
          {
            "x": 224.0,
            "y": 171
          },
          {
            "x": 224.0,
            "y": 172
          },
          {
            "x": 223.0,
            "y": 173
          },
          {
            "x": 223.0,
            "y": 174
          },
          {
            "x": 222,
            "y": 175
          },
          {
            "x": 221,
            "y": 175
          },
          {
            "x": 219.0,
            "y": 177
          },
          {
            "x": 219.0,
            "y": 178
          },
          {
            "x": 216,
            "y": 181
          },
          {
            "x": 216,
            "y": 182
          },
          {
            "x": 214.0,
            "y": 184
          },
          {
            "x": 214.0,
            "y": 185
          },
          {
            "x": 211,
            "y": 188
          },
          {
            "x": 211,
            "y": 189
          },
          {
            "x": 210,
            "y": 190
          },
          {
            "x": 210,
            "y": 192
          },
          {
            "x": 209.0,
            "y": 193
          },
          {
            "x": 209.0,
            "y": 196
          },
          {
            "x": 208.0,
            "y": 197
          },
          {
            "x": 208.0,
            "y": 199
          },
          {
            "x": 207,
            "y": 200
          },
          {
            "x": 207,
            "y": 202
          },
          {
            "x": 206,
            "y": 203
          },
          {
            "x": 206,
            "y": 207
          },
          {
            "x": 205,
            "y": 208
          },
          {
            "x": 205,
            "y": 209
          },
          {
            "x": 204.0,
            "y": 210
          },
          {
            "x": 204.0,
            "y": 212
          },
          {
            "x": 203.0,
            "y": 213
          },
          {
            "x": 203.0,
            "y": 215
          },
          {
            "x": 202,
            "y": 216
          },
          {
            "x": 202,
            "y": 218
          },
          {
            "x": 201,
            "y": 219
          },
          {
            "x": 201,
            "y": 223
          },
          {
            "x": 200,
            "y": 224
          },
          {
            "x": 200,
            "y": 225
          },
          {
            "x": 198.0,
            "y": 227
          },
          {
            "x": 197,
            "y": 227
          },
          {
            "x": 197,
            "y": 230
          },
          {
            "x": 196,
            "y": 231
          },
          {
            "x": 196,
            "y": 232
          },
          {
            "x": 195,
            "y": 233
          },
          {
            "x": 195,
            "y": 234
          },
          {
            "x": 193.0,
            "y": 236
          },
          {
            "x": 193.0,
            "y": 239
          },
          {
            "x": 191,
            "y": 241
          },
          {
            "x": 191,
            "y": 243
          },
          {
            "x": 189.0,
            "y": 245
          },
          {
            "x": 189.0,
            "y": 248.0
          },
          {
            "x": 188.0,
            "y": 249.0
          },
          {
            "x": 188.0,
            "y": 267
          },
          {
            "x": 187,
            "y": 268
          },
          {
            "x": 187,
            "y": 271
          },
          {
            "x": 186,
            "y": 272
          },
          {
            "x": 186,
            "y": 286
          },
          {
            "x": 187,
            "y": 287
          },
          {
            "x": 187,
            "y": 298
          },
          {
            "x": 188.0,
            "y": 299
          },
          {
            "x": 188.0,
            "y": 306
          },
          {
            "x": 189.0,
            "y": 307
          },
          {
            "x": 189.0,
            "y": 308
          },
          {
            "x": 190,
            "y": 309
          },
          {
            "x": 190,
            "y": 310
          },
          {
            "x": 191,
            "y": 311
          },
          {
            "x": 191,
            "y": 312
          },
          {
            "x": 192,
            "y": 313
          },
          {
            "x": 192,
            "y": 315
          },
          {
            "x": 193.0,
            "y": 316
          },
          {
            "x": 193.0,
            "y": 319
          },
          {
            "x": 194.0,
            "y": 320
          },
          {
            "x": 194.0,
            "y": 321
          },
          {
            "x": 195,
            "y": 322
          },
          {
            "x": 195,
            "y": 324
          },
          {
            "x": 196,
            "y": 325
          },
          {
            "x": 196,
            "y": 326
          },
          {
            "x": 197,
            "y": 327
          },
          {
            "x": 197,
            "y": 329
          },
          {
            "x": 198.0,
            "y": 330
          },
          {
            "x": 198.0,
            "y": 331
          },
          {
            "x": 199.0,
            "y": 332
          },
          {
            "x": 199.0,
            "y": 333
          },
          {
            "x": 201,
            "y": 335
          },
          {
            "x": 201,
            "y": 337
          },
          {
            "x": 203.0,
            "y": 339
          },
          {
            "x": 203.0,
            "y": 340
          },
          {
            "x": 206,
            "y": 343
          },
          {
            "x": 206,
            "y": 345
          },
          {
            "x": 207,
            "y": 346
          },
          {
            "x": 208.0,
            "y": 346
          },
          {
            "x": 209.0,
            "y": 347
          },
          {
            "x": 209.0,
            "y": 348
          },
          {
            "x": 210,
            "y": 349
          },
          {
            "x": 210,
            "y": 350
          },
          {
            "x": 214.0,
            "y": 354
          },
          {
            "x": 214.0,
            "y": 355
          },
          {
            "x": 218.0,
            "y": 359
          },
          {
            "x": 218.0,
            "y": 360
          },
          {
            "x": 224.0,
            "y": 366
          },
          {
            "x": 224.0,
            "y": 367
          },
          {
            "x": 225,
            "y": 367
          },
          {
            "x": 229.0,
            "y": 371
          },
          {
            "x": 230,
            "y": 371
          },
          {
            "x": 231,
            "y": 372
          },
          {
            "x": 231,
            "y": 373
          },
          {
            "x": 234.0,
            "y": 376
          },
          {
            "x": 235,
            "y": 376
          },
          {
            "x": 240,
            "y": 381
          },
          {
            "x": 241,
            "y": 381
          },
          {
            "x": 250,
            "y": 390
          },
          {
            "x": 250,
            "y": 391
          },
          {
            "x": 253.0,
            "y": 394
          },
          {
            "x": 255,
            "y": 394
          },
          {
            "x": 256,
            "y": 395
          },
          {
            "x": 259,
            "y": 395
          },
          {
            "x": 261,
            "y": 397
          },
          {
            "x": 263,
            "y": 397
          },
          {
            "x": 265,
            "y": 399
          },
          {
            "x": 265,
            "y": 400
          },
          {
            "x": 266,
            "y": 401
          },
          {
            "x": 269,
            "y": 401
          },
          {
            "x": 271,
            "y": 403
          },
          {
            "x": 273,
            "y": 403
          },
          {
            "x": 275,
            "y": 405
          },
          {
            "x": 277,
            "y": 405
          },
          {
            "x": 278,
            "y": 406
          },
          {
            "x": 279,
            "y": 406
          },
          {
            "x": 280,
            "y": 407
          },
          {
            "x": 282,
            "y": 407
          },
          {
            "x": 283,
            "y": 408
          },
          {
            "x": 284,
            "y": 408
          },
          {
            "x": 285,
            "y": 409
          },
          {
            "x": 286,
            "y": 409
          },
          {
            "x": 287,
            "y": 410
          },
          {
            "x": 290,
            "y": 410
          },
          {
            "x": 291.0,
            "y": 411
          },
          {
            "x": 294.0,
            "y": 411
          },
          {
            "x": 295,
            "y": 412
          },
          {
            "x": 297,
            "y": 412
          },
          {
            "x": 298.0,
            "y": 413
          },
          {
            "x": 302,
            "y": 413
          },
          {
            "x": 303.0,
            "y": 414
          },
          {
            "x": 314.0,
            "y": 414
          },
          {
            "x": 315,
            "y": 415
          },
          {
            "x": 322,
            "y": 415
          },
          {
            "x": 323.0,
            "y": 416
          },
          {
            "x": 341.0,
            "y": 416
          },
          {
            "x": 342,
            "y": 417
          },
          {
            "x": 363.0,
            "y": 417
          },
          {
            "x": 364,
            "y": 418
          },
          {
            "x": 371.0,
            "y": 418
          },
          {
            "x": 372,
            "y": 419
          },
          {
            "x": 374,
            "y": 419
          },
          {
            "x": 375,
            "y": 420
          },
          {
            "x": 378.0,
            "y": 420
          },
          {
            "x": 379,
            "y": 421
          },
          {
            "x": 381.0,
            "y": 421
          },
          {
            "x": 382,
            "y": 422
          },
          {
            "x": 384,
            "y": 422
          },
          {
            "x": 385,
            "y": 423
          },
          {
            "x": 396.0,
            "y": 423
          },
          {
            "x": 397,
            "y": 424
          },
          {
            "x": 403.0,
            "y": 424
          },
          {
            "x": 404,
            "y": 425
          },
          {
            "x": 418.0,
            "y": 425
          },
          {
            "x": 419,
            "y": 424
          },
          {
            "x": 425,
            "y": 424
          },
          {
            "x": 426.0,
            "y": 423
          },
          {
            "x": 433.0,
            "y": 423
          },
          {
            "x": 434,
            "y": 422
          },
          {
            "x": 436.0,
            "y": 422
          },
          {
            "x": 437,
            "y": 421
          },
          {
            "x": 439,
            "y": 421
          },
          {
            "x": 440,
            "y": 420
          },
          {
            "x": 441.0,
            "y": 420
          },
          {
            "x": 442,
            "y": 419
          },
          {
            "x": 444,
            "y": 419
          },
          {
            "x": 445,
            "y": 418
          },
          {
            "x": 448.0,
            "y": 418
          },
          {
            "x": 449,
            "y": 417
          },
          {
            "x": 451.0,
            "y": 417
          },
          {
            "x": 452,
            "y": 416
          },
          {
            "x": 453.0,
            "y": 416
          },
          {
            "x": 454,
            "y": 415
          },
          {
            "x": 455,
            "y": 415
          },
          {
            "x": 456.0,
            "y": 414
          },
          {
            "x": 458.0,
            "y": 414
          },
          {
            "x": 459,
            "y": 413
          },
          {
            "x": 460,
            "y": 413
          },
          {
            "x": 463.0,
            "y": 410
          },
          {
            "x": 466.0,
            "y": 410
          },
          {
            "x": 468.0,
            "y": 408
          },
          {
            "x": 469,
            "y": 408
          },
          {
            "x": 472,
            "y": 405
          },
          {
            "x": 474,
            "y": 405
          },
          {
            "x": 475,
            "y": 404
          },
          {
            "x": 476.0,
            "y": 404
          },
          {
            "x": 479,
            "y": 401
          },
          {
            "x": 481.0,
            "y": 401
          },
          {
            "x": 485,
            "y": 397
          },
          {
            "x": 487,
            "y": 397
          },
          {
            "x": 487,
            "y": 396
          },
          {
            "x": 489,
            "y": 394
          },
          {
            "x": 490,
            "y": 394
          },
          {
            "x": 492,
            "y": 392
          },
          {
            "x": 493.0,
            "y": 392
          },
          {
            "x": 497,
            "y": 388
          },
          {
            "x": 499,
            "y": 388
          },
          {
            "x": 500,
            "y": 387
          },
          {
            "x": 500,
            "y": 386
          },
          {
            "x": 502,
            "y": 384
          },
          {
            "x": 503.0,
            "y": 384
          },
          {
            "x": 504,
            "y": 383
          },
          {
            "x": 504,
            "y": 382
          },
          {
            "x": 505,
            "y": 381
          },
          {
            "x": 506.0,
            "y": 381
          },
          {
            "x": 508.0,
            "y": 379
          },
          {
            "x": 508.0,
            "y": 378
          },
          {
            "x": 513,
            "y": 373
          },
          {
            "x": 513,
            "y": 372
          },
          {
            "x": 514,
            "y": 371
          },
          {
            "x": 514,
            "y": 370
          },
          {
            "x": 517,
            "y": 367
          },
          {
            "x": 517,
            "y": 365
          },
          {
            "x": 520,
            "y": 362
          },
          {
            "x": 520,
            "y": 361
          },
          {
            "x": 521,
            "y": 360
          },
          {
            "x": 521,
            "y": 359
          },
          {
            "x": 527,
            "y": 353
          },
          {
            "x": 528,
            "y": 353
          },
          {
            "x": 531,
            "y": 350
          },
          {
            "x": 531,
            "y": 349
          },
          {
            "x": 534,
            "y": 346
          },
          {
            "x": 534,
            "y": 344
          },
          {
            "x": 535,
            "y": 343
          },
          {
            "x": 535,
            "y": 342
          },
          {
            "x": 537,
            "y": 340
          },
          {
            "x": 537,
            "y": 339
          },
          {
            "x": 538,
            "y": 338
          },
          {
            "x": 538,
            "y": 334
          },
          {
            "x": 539,
            "y": 333
          },
          {
            "x": 539,
            "y": 329
          },
          {
            "x": 540,
            "y": 328
          },
          {
            "x": 540,
            "y": 325
          },
          {
            "x": 541,
            "y": 324
          },
          {
            "x": 541,
            "y": 311
          },
          {
            "x": 542,
            "y": 310
          },
          {
            "x": 542,
            "y": 304
          },
          {
            "x": 541,
            "y": 303
          },
          {
            "x": 541,
            "y": 293
          },
          {
            "x": 540,
            "y": 292
          },
          {
            "x": 540,
            "y": 283
          },
          {
            "x": 539,
            "y": 282
          },
          {
            "x": 539,
            "y": 278
          },
          {
            "x": 538,
            "y": 277
          },
          {
            "x": 538,
            "y": 271
          },
          {
            "x": 537,
            "y": 270
          },
          {
            "x": 537,
            "y": 251
          },
          {
            "x": 536,
            "y": 250
          },
          {
            "x": 536,
            "y": 248.0
          },
          {
            "x": 535,
            "y": 247
          },
          {
            "x": 535,
            "y": 246
          },
          {
            "x": 534,
            "y": 245
          },
          {
            "x": 534,
            "y": 243
          },
          {
            "x": 533,
            "y": 242
          },
          {
            "x": 533,
            "y": 241
          },
          {
            "x": 531,
            "y": 239
          },
          {
            "x": 531,
            "y": 238
          },
          {
            "x": 530,
            "y": 237
          },
          {
            "x": 530,
            "y": 235
          },
          {
            "x": 528,
            "y": 233
          },
          {
            "x": 528,
            "y": 232
          },
          {
            "x": 525,
            "y": 229
          },
          {
            "x": 525,
            "y": 228
          },
          {
            "x": 523,
            "y": 226
          },
          {
            "x": 523,
            "y": 225
          },
          {
            "x": 521,
            "y": 223
          },
          {
            "x": 521,
            "y": 222
          },
          {
            "x": 519,
            "y": 220
          },
          {
            "x": 519,
            "y": 219
          },
          {
            "x": 516,
            "y": 216
          },
          {
            "x": 516,
            "y": 215
          },
          {
            "x": 515,
            "y": 214
          },
          {
            "x": 514,
            "y": 214
          },
          {
            "x": 513,
            "y": 213
          },
          {
            "x": 513,
            "y": 211
          },
          {
            "x": 512,
            "y": 210
          },
          {
            "x": 511.0,
            "y": 210
          },
          {
            "x": 510,
            "y": 209
          },
          {
            "x": 510,
            "y": 208
          },
          {
            "x": 508.0,
            "y": 206
          },
          {
            "x": 508.0,
            "y": 205
          },
          {
            "x": 507,
            "y": 204
          },
          {
            "x": 507,
            "y": 203
          },
          {
            "x": 504,
            "y": 200
          },
          {
            "x": 504,
            "y": 198
          },
          {
            "x": 502,
            "y": 196
          },
          {
            "x": 502,
            "y": 195
          },
          {
            "x": 501.0,
            "y": 194
          },
          {
            "x": 501.0,
            "y": 193
          },
          {
            "x": 497,
            "y": 189
          },
          {
            "x": 497,
            "y": 188
          },
          {
            "x": 496.0,
            "y": 188
          },
          {
            "x": 495,
            "y": 187
          },
          {
            "x": 495,
            "y": 186
          },
          {
            "x": 493.0,
            "y": 184
          },
          {
            "x": 492,
            "y": 184
          },
          {
            "x": 491.0,
            "y": 183
          },
          {
            "x": 491.0,
            "y": 182
          },
          {
            "x": 489,
            "y": 180
          },
          {
            "x": 488.0,
            "y": 180
          },
          {
            "x": 479,
            "y": 171
          },
          {
            "x": 478.0,
            "y": 171
          },
          {
            "x": 474,
            "y": 167
          },
          {
            "x": 472,
            "y": 167
          },
          {
            "x": 471.0,
            "y": 166
          },
          {
            "x": 470,
            "y": 166
          },
          {
            "x": 469,
            "y": 165
          },
          {
            "x": 467,
            "y": 165
          },
          {
            "x": 466.0,
            "y": 164
          },
          {
            "x": 464,
            "y": 164
          },
          {
            "x": 463.0,
            "y": 163
          },
          {
            "x": 460,
            "y": 163
          },
          {
            "x": 455,
            "y": 158
          },
          {
            "x": 454,
            "y": 158
          },
          {
            "x": 453.0,
            "y": 157
          },
          {
            "x": 452,
            "y": 157
          },
          {
            "x": 451.0,
            "y": 156
          },
          {
            "x": 449,
            "y": 156
          },
          {
            "x": 447,
            "y": 154
          },
          {
            "x": 444,
            "y": 154
          },
          {
            "x": 443.0,
            "y": 153
          },
          {
            "x": 442,
            "y": 153
          },
          {
            "x": 439,
            "y": 150
          },
          {
            "x": 438.0,
            "y": 150
          },
          {
            "x": 436.0,
            "y": 148
          },
          {
            "x": 435,
            "y": 148
          },
          {
            "x": 434,
            "y": 147
          },
          {
            "x": 432,
            "y": 147
          },
          {
            "x": 431.0,
            "y": 146
          },
          {
            "x": 429,
            "y": 146
          },
          {
            "x": 427,
            "y": 144
          },
          {
            "x": 426.0,
            "y": 144
          },
          {
            "x": 425,
            "y": 143
          },
          {
            "x": 424,
            "y": 143
          },
          {
            "x": 422,
            "y": 141
          },
          {
            "x": 419,
            "y": 141
          },
          {
            "x": 417,
            "y": 139
          },
          {
            "x": 416.0,
            "y": 139
          },
          {
            "x": 414,
            "y": 137
          },
          {
            "x": 413.0,
            "y": 137
          },
          {
            "x": 412,
            "y": 136
          },
          {
            "x": 411.0,
            "y": 136
          },
          {
            "x": 410,
            "y": 135
          },
          {
            "x": 410,
            "y": 134
          },
          {
            "x": 406.0,
            "y": 130
          },
          {
            "x": 406.0,
            "y": 128
          },
          {
            "x": 402,
            "y": 124.0
          },
          {
            "x": 390,
            "y": 124.0
          },
          {
            "x": 389,
            "y": 125
          },
          {
            "x": 375,
            "y": 125
          },
          {
            "x": 374,
            "y": 124.0
          },
          {
            "x": 361.0,
            "y": 124.0
          },
          {
            "x": 360,
            "y": 123
          },
          {
            "x": 353.0,
            "y": 123
          },
          {
            "x": 352,
            "y": 124.0
          },
          {
            "x": 347,
            "y": 124.0
          },
          {
            "x": 346.0,
            "y": 125
          },
          {
            "x": 343.0,
            "y": 125
          },
          {
            "x": 342,
            "y": 126
          },
          {
            "x": 340,
            "y": 126
          },
          {
            "x": 339.0,
            "y": 127.0
          },
          {
            "x": 337,
            "y": 127.0
          },
          {
            "x": 336.0,
            "y": 128
          },
          {
            "x": 325,
            "y": 128
          },
          {
            "x": 324.0,
            "y": 129
          },
          {
            "x": 323.0,
            "y": 129
          },
          {
            "x": 322,
            "y": 130
          },
          {
            "x": 321.0,
            "y": 130
          },
          {
            "x": 320,
            "y": 131
          },
          {
            "x": 319.0,
            "y": 131
          },
          {
            "x": 318.0,
            "y": 132
          },
          {
            "x": 317,
            "y": 132
          },
          {
            "x": 316.0,
            "y": 133
          },
          {
            "x": 315,
            "y": 133
          },
          {
            "x": 311.0,
            "y": 137
          },
          {
            "x": 308.0,
            "y": 137
          },
          {
            "x": 307,
            "y": 138
          },
          {
            "x": 304.0,
            "y": 138
          },
          {
            "x": 303.0,
            "y": 139
          },
          {
            "x": 300,
            "y": 139
          },
          {
            "x": 299.0,
            "y": 140
          },
          {
            "x": 297,
            "y": 140
          },
          {
            "x": 296.0,
            "y": 141
          },
          {
            "x": 292,
            "y": 141
          },
          {
            "x": 290,
            "y": 143
          },
          {
            "x": 289.0,
            "y": 143
          },
          {
            "x": 288.0,
            "y": 144
          },
          {
            "x": 287,
            "y": 144
          },
          {
            "x": 285,
            "y": 146
          },
          {
            "x": 283,
            "y": 146
          },
          {
            "x": 282,
            "y": 147
          },
          {
            "x": 280,
            "y": 147
          },
          {
            "x": 277,
            "y": 150
          },
          {
            "x": 268,
            "y": 150
          },
          {
            "x": 267,
            "y": 149
          },
          {
            "x": 265,
            "y": 149
          },
          {
            "x": 264,
            "y": 148
          },
          {
            "x": 257,
            "y": 148
          },
          {
            "x": 256,
            "y": 149
          },
          {
            "x": 253.0,
            "y": 149
          },
          {
            "x": 252,
            "y": 150
          },
          {
            "x": 248.0,
            "y": 150
          },
          {
            "x": 246,
            "y": 152
          },
          {
            "x": 245,
            "y": 152
          },
          {
            "x": 243.0,
            "y": 154
          }
        ]
      }
    }
  ]
}