{
  "image": {
    "width": 640,
    "height": 480,
    "filename": "00000090.jpg",
    "original_filename": "COCO_test2014_000000001192.jpg",
    "url": "https://darwin.v7labs.com/api/images/1197384/original?token=b0d243df-6830-43ea-9569-5542031eaef8",
    "thumbnail_url": "https://darwin.v7labs.com/api/images/1197384/thumbnail?token=b0d243df-6830-43ea-9569-5542031eaef8",
    "workview_url": "https://darwin.v7labs.com/workview?dataset=1164&image=90"
  },
  "dataset": "4_Aizada_ver2",
  "annotated": true,
  "annotations": [
    {
      "annotator": {
        "email": "corporate@bex.kg",
        "full_name": "Aizada Tynchybek kyzy"
      },
      "name": "Animal_Polygon",
      "polygon": {
        "path": [
          {
            "x": 146,
            "y": 167
          },
          {
            "x": 146,
            "y": 178
          },
          {
            "x": 147,
            "y": 179
          },
          {
            "x": 147,
            "y": 181
          },
          {
            "x": 148,
            "y": 182
          },
          {
            "x": 148,
            "y": 183
          },
          {
            "x": 149.0,
            "y": 184.0
          },
          {
            "x": 149.0,
            "y": 185
          },
          {
            "x": 150,
            "y": 186
          },
          {
            "x": 150,
            "y": 203
          },
          {
            "x": 151,
            "y": 204
          },
          {
            "x": 151,
            "y": 206
          },
          {
            "x": 154,
            "y": 209.0
          },
          {
            "x": 154,
            "y": 214
          },
          {
            "x": 155,
            "y": 215
          },
          {
            "x": 155,
            "y": 247.0
          },
          {
            "x": 154,
            "y": 248
          },
          {
            "x": 154,
            "y": 251.0
          },
          {
            "x": 153,
            "y": 252
          },
          {
            "x": 153,
            "y": 253
          },
          {
            "x": 152.0,
            "y": 254.0
          },
          {
            "x": 152.0,
            "y": 255
          },
          {
            "x": 151,
            "y": 256
          },
          {
            "x": 151,
            "y": 257
          },
          {
            "x": 150,
            "y": 258
          },
          {
            "x": 150,
            "y": 261
          },
          {
            "x": 151,
            "y": 262
          },
          {
            "x": 152.0,
            "y": 262
          },
          {
            "x": 153,
            "y": 263
          },
          {
            "x": 161,
            "y": 263
          },
          {
            "x": 162,
            "y": 264
          },
          {
            "x": 169,
            "y": 264
          },
          {
            "x": 170.0,
            "y": 265
          },
          {
            "x": 171,
            "y": 265
          },
          {
            "x": 172,
            "y": 264
          },
          {
            "x": 186,
            "y": 264
          },
          {
            "x": 187,
            "y": 263
          },
          {
            "x": 188,
            "y": 263
          },
          {
            "x": 189,
            "y": 262
          },
          {
            "x": 191.0,
            "y": 262
          },
          {
            "x": 192,
            "y": 261
          },
          {
            "x": 193,
            "y": 261
          },
          {
            "x": 194,
            "y": 260
          },
          {
            "x": 196,
            "y": 260
          },
          {
            "x": 197,
            "y": 259
          },
          {
            "x": 200,
            "y": 259
          },
          {
            "x": 201,
            "y": 258
          },
          {
            "x": 218,
            "y": 258
          },
          {
            "x": 219.0,
            "y": 259
          },
          {
            "x": 222,
            "y": 259
          },
          {
            "x": 223.0,
            "y": 260
          },
          {
            "x": 225,
            "y": 260
          },
          {
            "x": 226.0,
            "y": 261
          },
          {
            "x": 233.0,
            "y": 261
          },
          {
            "x": 234.0,
            "y": 262
          },
          {
            "x": 241.0,
            "y": 262
          },
          {
            "x": 242.0,
            "y": 263
          },
          {
            "x": 243.0,
            "y": 263
          },
          {
            "x": 246,
            "y": 266
          },
          {
            "x": 249.0,
            "y": 266
          },
          {
            "x": 250.0,
            "y": 267
          },
          {
            "x": 254.0,
            "y": 267
          },
          {
            "x": 255.0,
            "y": 266
          },
          {
            "x": 270.0,
            "y": 266
          },
          {
            "x": 271,
            "y": 265
          },
          {
            "x": 274,
            "y": 265
          },
          {
            "x": 275,
            "y": 264
          },
          {
            "x": 277.0,
            "y": 264
          },
          {
            "x": 278.0,
            "y": 263
          },
          {
            "x": 285,
            "y": 263
          },
          {
            "x": 286,
            "y": 264
          },
          {
            "x": 287,
            "y": 264
          },
          {
            "x": 289,
            "y": 262
          },
          {
            "x": 291.0,
            "y": 262
          },
          {
            "x": 292.0,
            "y": 261
          },
          {
            "x": 296,
            "y": 261
          },
          {
            "x": 297.0,
            "y": 262
          },
          {
            "x": 298.0,
            "y": 262
          },
          {
            "x": 299,
            "y": 263
          },
          {
            "x": 300,
            "y": 263
          },
          {
            "x": 301,
            "y": 262
          },
          {
            "x": 303,
            "y": 262
          },
          {
            "x": 305.0,
            "y": 260
          },
          {
            "x": 307,
            "y": 260
          },
          {
            "x": 311.0,
            "y": 264
          },
          {
            "x": 311.0,
            "y": 265
          },
          {
            "x": 312.0,
            "y": 266
          },
          {
            "x": 314,
            "y": 264
          },
          {
            "x": 314,
            "y": 263
          },
          {
            "x": 315,
            "y": 262
          },
          {
            "x": 315,
            "y": 261
          },
          {
            "x": 317,
            "y": 259
          },
          {
            "x": 319.0,
            "y": 259
          },
          {
            "x": 320.0,
            "y": 260
          },
          {
            "x": 321,
            "y": 260
          },
          {
            "x": 322,
            "y": 261
          },
          {
            "x": 322,
            "y": 262
          },
          {
            "x": 325.0,
            "y": 262
          },
          {
            "x": 325.0,
            "y": 261
          },
          {
            "x": 326.0,
            "y": 260
          },
          {
            "x": 326.0,
            "y": 257
          },
          {
            "x": 325.0,
            "y": 256
          },
          {
            "x": 326.0,
            "y": 255
          },
          {
            "x": 326.0,
            "y": 253
          },
          {
            "x": 327,
            "y": 252
          },
          {
            "x": 328,
            "y": 252
          },
          {
            "x": 329,
            "y": 251.0
          },
          {
            "x": 342,
            "y": 251.0
          },
          {
            "x": 343,
            "y": 250
          },
          {
            "x": 344,
            "y": 250
          },
          {
            "x": 345,
            "y": 251.0
          },
          {
            "x": 353,
            "y": 251.0
          },
          {
            "x": 354.0,
            "y": 252
          },
          {
            "x": 354.0,
            "y": 253
          },
          {
            "x": 352,
            "y": 255
          },
          {
            "x": 350,
            "y": 255
          },
          {
            "x": 349,
            "y": 256
          },
          {
            "x": 349,
            "y": 266
          },
          {
            "x": 348,
            "y": 267
          },
          {
            "x": 348,
            "y": 268
          },
          {
            "x": 349,
            "y": 269
          },
          {
            "x": 350,
            "y": 269
          },
          {
            "x": 353,
            "y": 272
          },
          {
            "x": 354.0,
            "y": 272
          },
          {
            "x": 355,
            "y": 273
          },
          {
            "x": 356,
            "y": 273
          },
          {
            "x": 359,
            "y": 276
          },
          {
            "x": 360,
            "y": 276
          },
          {
            "x": 361.0,
            "y": 277
          },
          {
            "x": 370,
            "y": 277
          },
          {
            "x": 371,
            "y": 278
          },
          {
            "x": 376,
            "y": 278
          },
          {
            "x": 377,
            "y": 279
          },
          {
            "x": 378,
            "y": 279
          },
          {
            "x": 379,
            "y": 278
          },
          {
            "x": 388,
            "y": 278
          },
          {
            "x": 389.0,
            "y": 277
          },
          {
            "x": 395,
            "y": 277
          },
          {
            "x": 396.0,
            "y": 276
          },
          {
            "x": 401,
            "y": 276
          },
          {
            "x": 402,
            "y": 275
          },
          {
            "x": 405,
            "y": 275
          },
          {
            "x": 406,
            "y": 274
          },
          {
            "x": 414,
            "y": 274
          },
          {
            "x": 415,
            "y": 273
          },
          {
            "x": 429,
            "y": 273
          },
          {
            "x": 430,
            "y": 272
          },
          {
            "x": 432.0,
            "y": 272
          },
          {
            "x": 433,
            "y": 271
          },
          {
            "x": 435,
            "y": 271
          },
          {
            "x": 437,
            "y": 269
          },
          {
            "x": 440,
            "y": 269
          },
          {
            "x": 441,
            "y": 268
          },
          {
            "x": 442,
            "y": 268
          },
          {
            "x": 443,
            "y": 267
          },
          {
            "x": 445.0,
            "y": 267
          },
          {
            "x": 446.0,
            "y": 266
          },
          {
            "x": 466.0,
            "y": 266
          },
          {
            "x": 467.0,
            "y": 265
          },
          {
            "x": 468,
            "y": 265
          },
          {
            "x": 469,
            "y": 266
          },
          {
            "x": 476,
            "y": 266
          },
          {
            "x": 477,
            "y": 265
          },
          {
            "x": 479,
            "y": 265
          },
          {
            "x": 480.0,
            "y": 264
          },
          {
            "x": 482,
            "y": 264
          },
          {
            "x": 483,
            "y": 263
          },
          {
            "x": 487.0,
            "y": 263
          },
          {
            "x": 488.0,
            "y": 262
          },
          {
            "x": 499,
            "y": 262
          },
          {
            "x": 500,
            "y": 261
          },
          {
            "x": 501.0,
            "y": 261
          },
          {
            "x": 502.0,
            "y": 260
          },
          {
            "x": 504,
            "y": 260
          },
          {
            "x": 506,
            "y": 258
          },
          {
            "x": 509.0,
            "y": 258
          },
          {
            "x": 509.0,
            "y": 257
          },
          {
            "x": 510,
            "y": 256
          },
          {
            "x": 511,
            "y": 256
          },
          {
            "x": 513,
            "y": 254.0
          },
          {
            "x": 513,
            "y": 253
          },
          {
            "x": 515,
            "y": 251.0
          },
          {
            "x": 515,
            "y": 250
          },
          {
            "x": 516,
            "y": 249
          },
          {
            "x": 516,
            "y": 232
          },
          {
            "x": 515,
            "y": 231
          },
          {
            "x": 515,
            "y": 230.0
          },
          {
            "x": 513,
            "y": 228
          },
          {
            "x": 513,
            "y": 227
          },
          {
            "x": 512,
            "y": 226.0
          },
          {
            "x": 512,
            "y": 224
          },
          {
            "x": 511,
            "y": 223.0
          },
          {
            "x": 510,
            "y": 223.0
          },
          {
            "x": 509.0,
            "y": 222
          },
          {
            "x": 509.0,
            "y": 221
          },
          {
            "x": 507,
            "y": 219.0
          },
          {
            "x": 506,
            "y": 219.0
          },
          {
            "x": 505,
            "y": 218
          },
          {
            "x": 505,
            "y": 217
          },
          {
            "x": 504,
            "y": 216.0
          },
          {
            "x": 504,
            "y": 215
          },
          {
            "x": 503,
            "y": 215
          },
          {
            "x": 502.0,
            "y": 214
          },
          {
            "x": 502.0,
            "y": 212.0
          },
          {
            "x": 501.0,
            "y": 211
          },
          {
            "x": 501.0,
            "y": 210
          },
          {
            "x": 500,
            "y": 209.0
          },
          {
            "x": 500,
            "y": 206
          },
          {
            "x": 502.0,
            "y": 204
          },
          {
            "x": 504,
            "y": 204
          },
          {
            "x": 505,
            "y": 203
          },
          {
            "x": 519,
            "y": 203
          },
          {
            "x": 520,
            "y": 202.0
          },
          {
            "x": 523,
            "y": 202.0
          },
          {
            "x": 525,
            "y": 200
          },
          {
            "x": 526,
            "y": 200
          },
          {
            "x": 527,
            "y": 199
          },
          {
            "x": 527,
            "y": 198.0
          },
          {
            "x": 526,
            "y": 197
          },
          {
            "x": 525,
            "y": 197
          },
          {
            "x": 522,
            "y": 194
          },
          {
            "x": 521,
            "y": 194
          },
          {
            "x": 520,
            "y": 193
          },
          {
            "x": 518,
            "y": 193
          },
          {
            "x": 516,
            "y": 191.0
          },
          {
            "x": 515,
            "y": 191.0
          },
          {
            "x": 514,
            "y": 190
          },
          {
            "x": 513,
            "y": 190
          },
          {
            "x": 512,
            "y": 189
          },
          {
            "x": 495.0,
            "y": 189
          },
          {
            "x": 494.0,
            "y": 190
          },
          {
            "x": 493,
            "y": 190
          },
          {
            "x": 492,
            "y": 191.0
          },
          {
            "x": 488.0,
            "y": 191.0
          },
          {
            "x": 487.0,
            "y": 190
          },
          {
            "x": 484,
            "y": 190
          },
          {
            "x": 483,
            "y": 189
          },
          {
            "x": 475,
            "y": 189
          },
          {
            "x": 474.0,
            "y": 188
          },
          {
            "x": 473.0,
            "y": 188
          },
          {
            "x": 471,
            "y": 186
          },
          {
            "x": 470,
            "y": 186
          },
          {
            "x": 468,
            "y": 184.0
          },
          {
            "x": 468,
            "y": 182
          },
          {
            "x": 466.0,
            "y": 180
          },
          {
            "x": 466.0,
            "y": 179
          },
          {
            "x": 465,
            "y": 178
          },
          {
            "x": 465,
            "y": 173
          },
          {
            "x": 464,
            "y": 172
          },
          {
            "x": 464,
            "y": 168
          },
          {
            "x": 461,
            "y": 165
          },
          {
            "x": 461,
            "y": 164
          },
          {
            "x": 459.0,
            "y": 162
          },
          {
            "x": 458,
            "y": 162
          },
          {
            "x": 457,
            "y": 161
          },
          {
            "x": 457,
            "y": 160
          },
          {
            "x": 455,
            "y": 160
          },
          {
            "x": 454,
            "y": 159
          },
          {
            "x": 452.0,
            "y": 159
          },
          {
            "x": 450,
            "y": 157
          },
          {
            "x": 449,
            "y": 157
          },
          {
            "x": 448,
            "y": 156
          },
          {
            "x": 444,
            "y": 156
          },
          {
            "x": 443,
            "y": 155
          },
          {
            "x": 441,
            "y": 155
          },
          {
            "x": 440,
            "y": 154
          },
          {
            "x": 439.0,
            "y": 154
          },
          {
            "x": 438.0,
            "y": 153
          },
          {
            "x": 434,
            "y": 153
          },
          {
            "x": 432.0,
            "y": 151
          },
          {
            "x": 431.0,
            "y": 151
          },
          {
            "x": 430,
            "y": 150
          },
          {
            "x": 429,
            "y": 150
          },
          {
            "x": 428,
            "y": 149
          },
          {
            "x": 422,
            "y": 149
          },
          {
            "x": 421,
            "y": 148
          },
          {
            "x": 419,
            "y": 148
          },
          {
            "x": 418.0,
            "y": 147
          },
          {
            "x": 414,
            "y": 147
          },
          {
            "x": 413,
            "y": 146
          },
          {
            "x": 404.0,
            "y": 146
          },
          {
            "x": 403.0,
            "y": 145
          },
          {
            "x": 393,
            "y": 145
          },
          {
            "x": 392,
            "y": 144
          },
          {
            "x": 390.0,
            "y": 144
          },
          {
            "x": 389.0,
            "y": 143
          },
          {
            "x": 387,
            "y": 143
          },
          {
            "x": 386,
            "y": 142
          },
          {
            "x": 380,
            "y": 142
          },
          {
            "x": 379,
            "y": 143
          },
          {
            "x": 378,
            "y": 143
          },
          {
            "x": 377,
            "y": 144
          },
          {
            "x": 375.0,
            "y": 144
          },
          {
            "x": 374,
            "y": 145
          },
          {
            "x": 373,
            "y": 145
          },
          {
            "x": 372,
            "y": 146
          },
          {
            "x": 371,
            "y": 146
          },
          {
            "x": 368.0,
            "y": 149
          },
          {
            "x": 367,
            "y": 149
          },
          {
            "x": 366,
            "y": 150
          },
          {
            "x": 364,
            "y": 150
          },
          {
            "x": 362,
            "y": 152
          },
          {
            "x": 352,
            "y": 152
          },
          {
            "x": 351,
            "y": 151
          },
          {
            "x": 349,
            "y": 151
          },
          {
            "x": 347.0,
            "y": 149
          },
          {
            "x": 346,
            "y": 149
          },
          {
            "x": 344,
            "y": 147
          },
          {
            "x": 344,
            "y": 146
          },
          {
            "x": 343,
            "y": 145
          },
          {
            "x": 341,
            "y": 145
          },
          {
            "x": 340.0,
            "y": 144
          },
          {
            "x": 339,
            "y": 144
          },
          {
            "x": 331,
            "y": 136
          },
          {
            "x": 330,
            "y": 136
          },
          {
            "x": 328,
            "y": 134
          },
          {
            "x": 326.0,
            "y": 134
          },
          {
            "x": 323,
            "y": 131
          },
          {
            "x": 322,
            "y": 131
          },
          {
            "x": 321,
            "y": 130
          },
          {
            "x": 321,
            "y": 129
          },
          {
            "x": 318,
            "y": 126
          },
          {
            "x": 317,
            "y": 126
          },
          {
            "x": 311.0,
            "y": 120.0
          },
          {
            "x": 311.0,
            "y": 119
          },
          {
            "x": 309,
            "y": 117
          },
          {
            "x": 308,
            "y": 117
          },
          {
            "x": 307,
            "y": 116
          },
          {
            "x": 278.0,
            "y": 116
          },
          {
            "x": 277.0,
            "y": 117
          },
          {
            "x": 276,
            "y": 117
          },
          {
            "x": 273,
            "y": 120.0
          },
          {
            "x": 272,
            "y": 120.0
          },
          {
            "x": 271,
            "y": 121
          },
          {
            "x": 270.0,
            "y": 121
          },
          {
            "x": 269.0,
            "y": 122.0
          },
          {
            "x": 267,
            "y": 122.0
          },
          {
            "x": 266,
            "y": 121
          },
          {
            "x": 264.0,
            "y": 121
          },
          {
            "x": 263.0,
            "y": 120.0
          },
          {
            "x": 260,
            "y": 120.0
          },
          {
            "x": 259,
            "y": 119
          },
          {
            "x": 256.0,
            "y": 119
          },
          {
            "x": 255.0,
            "y": 118
          },
          {
            "x": 250.0,
            "y": 118
          },
          {
            "x": 249.0,
            "y": 117
          },
          {
            "x": 248.0,
            "y": 118
          },
          {
            "x": 244.0,
            "y": 118
          },
          {
            "x": 243.0,
            "y": 119
          },
          {
            "x": 241.0,
            "y": 119
          },
          {
            "x": 240.0,
            "y": 120.0
          },
          {
            "x": 223.0,
            "y": 120.0
          },
          {
            "x": 222,
            "y": 121
          },
          {
            "x": 216.0,
            "y": 121
          },
          {
            "x": 215,
            "y": 122.0
          },
          {
            "x": 212.0,
            "y": 122.0
          },
          {
            "x": 211,
            "y": 123
          },
          {
            "x": 205.0,
            "y": 123
          },
          {
            "x": 204,
            "y": 124
          },
          {
            "x": 202.0,
            "y": 124
          },
          {
            "x": 201,
            "y": 125
          },
          {
            "x": 200,
            "y": 125
          },
          {
            "x": 199,
            "y": 126
          },
          {
            "x": 198.0,
            "y": 126
          },
          {
            "x": 197,
            "y": 127.0
          },
          {
            "x": 196,
            "y": 127.0
          },
          {
            "x": 195.0,
            "y": 128
          },
          {
            "x": 194,
            "y": 128
          },
          {
            "x": 194,
            "y": 129
          },
          {
            "x": 187,
            "y": 136
          },
          {
            "x": 187,
            "y": 137
          },
          {
            "x": 186,
            "y": 138
          },
          {
            "x": 183,
            "y": 138
          },
          {
            "x": 182,
            "y": 139
          },
          {
            "x": 181,
            "y": 139
          },
          {
            "x": 180,
            "y": 140
          },
          {
            "x": 179,
            "y": 140
          },
          {
            "x": 178,
            "y": 141
          },
          {
            "x": 177.0,
            "y": 141
          },
          {
            "x": 176,
            "y": 142
          },
          {
            "x": 175,
            "y": 142
          },
          {
            "x": 172,
            "y": 145
          },
          {
            "x": 171,
            "y": 145
          },
          {
            "x": 170.0,
            "y": 146
          },
          {
            "x": 169,
            "y": 146
          },
          {
            "x": 166,
            "y": 149
          },
          {
            "x": 165,
            "y": 149
          },
          {
            "x": 163.0,
            "y": 151
          },
          {
            "x": 162,
            "y": 151
          },
          {
            "x": 160,
            "y": 153
          },
          {
            "x": 159.0,
            "y": 153
          },
          {
            "x": 156.0,
            "y": 156
          },
          {
            "x": 155,
            "y": 156
          },
          {
            "x": 154,
            "y": 157
          },
          {
            "x": 154,
            "y": 158
          },
          {
            "x": 152.0,
            "y": 160
          },
          {
            "x": 151,
            "y": 160
          },
          {
            "x": 150,
            "y": 161
          },
          {
            "x": 150,
            "y": 163
          },
          {
            "x": 149.0,
            "y": 164
          },
          {
            "x": 148,
            "y": 164
          },
          {
            "x": 148,
            "y": 165
          }
        ]
      }
    }
  ]
}