{
  "image": {
    "width": 750,
    "height": 1000,
    "filename": "00000011.jpg",
    "original_filename": "1010-receipt.jpg",
    "url": "https://darwin.v7labs.com/api/images/1236855/original?token=b7e572f8-6043-4594-8689-54b26ad0cf02",
    "thumbnail_url": "https://darwin.v7labs.com/api/images/1236855/thumbnail?token=b7e572f8-6043-4594-8689-54b26ad0cf02",
    "workview_url": "https://darwin.v7labs.com/workview?dataset=1202&image=11"
  },
  "dataset": "OCR Set",
  "annotated": true,
  "annotations": [
    {
      "bounding_box": {
        "h": 40.7,
        "w": 148.26,
        "x": 530.52,
        "y": 844.48
      },
      "name": "Amount paid "
    },
    {
      "bounding_box": {
        "h": 75.58,
        "w": 236.92,
        "x": 239.83,
        "y": 133.72
      },
      "name": "Venue Address"
    },
    {
      "bounding_box": {
        "h": 75.58,
        "w": 204.94,
        "x": 264.53,
        "y": 63.95
      },
      "name": "Venue Name"
    },
    {
      "bounding_box": {
        "h": 34.88,
        "w": 148.26,
        "x": 513.08,
        "y": 268.9
      },
      "name": "Receipt Date"
    }
  ]
}