{
  "image": {
    "width": 750,
    "height": 1000,
    "filename": "00000056.jpg",
    "original_filename": "1055-receipt.jpg",
    "url": "https://darwin.v7labs.com/api/images/1236900/original?token=b7e572f8-6043-4594-8689-54b26ad0cf02",
    "thumbnail_url": "https://darwin.v7labs.com/api/images/1236900/thumbnail?token=b7e572f8-6043-4594-8689-54b26ad0cf02",
    "workview_url": "https://darwin.v7labs.com/workview?dataset=1202&image=56"
  },
  "dataset": "OCR Set",
  "annotated": true,
  "annotations": [
    {
      "bounding_box": {
        "h": 27.68,
        "w": 292.3,
        "x": 208.91,
        "y": 248.59
      },
      "name": "Venue Name"
    },
    {
      "bounding_box": {
        "h": 26.55,
        "w": 322.0,
        "x": 186.4,
        "y": 277.31
      },
      "name": "Venue Address"
    },
    {
      "bounding_box": {
        "h": 43.85,
        "w": 128.88,
        "x": 396.42,
        "y": 923.95
      },
      "name": "Amount paid "
    }
  ]
}