{
  "image": {
    "width": 348,
    "height": 348,
    "filename": "00000010.jpg",
    "original_filename": "1009-receipt.jpg",
    "url": "https://darwin.v7labs.com/api/images/1236854/original?token=b7e572f8-6043-4594-8689-54b26ad0cf02",
    "thumbnail_url": "https://darwin.v7labs.com/api/images/1236854/thumbnail?token=b7e572f8-6043-4594-8689-54b26ad0cf02",
    "workview_url": "https://darwin.v7labs.com/workview?dataset=1202&image=10"
  },
  "dataset": "OCR Set",
  "annotated": true,
  "annotations": [
    {
      "bounding_box": {
        "h": 15.05,
        "w": 51.61,
        "x": 172.92,
        "y": 146.92
      },
      "name": "Receipt Date"
    },
    {
      "bounding_box": {
        "h": 18.74,
        "w": 69.13,
        "x": 146.8,
        "y": 37.85
      },
      "name": "Venue Name"
    },
    {
      "bounding_box": {
        "h": 29.19,
        "w": 118.9,
        "x": 122.23,
        "y": 49.53
      },
      "name": "Venue Address"
    },
    {
      "bounding_box": {
        "h": 17.64,
        "w": 46.08,
        "x": 233.01,
        "y": 253.89
      },
      "name": "Amount paid "
    }
  ]
}