{
  "image": {
    "width": 750,
    "height": 1000,
    "filename": "00000051.jpg",
    "original_filename": "1050-receipt.jpg",
    "url": "https://darwin.v7labs.com/api/images/1236895/original?token=b7e572f8-6043-4594-8689-54b26ad0cf02",
    "thumbnail_url": "https://darwin.v7labs.com/api/images/1236895/thumbnail?token=b7e572f8-6043-4594-8689-54b26ad0cf02",
    "workview_url": "https://darwin.v7labs.com/workview?dataset=1202&image=51"
  },
  "dataset": "OCR Set",
  "annotated": true,
  "annotations": [
    {
      "bounding_box": {
        "h": 75.52,
        "w": 165.36,
        "x": 537.76,
        "y": 809.9
      },
      "name": "Amount paid "
    },
    {
      "bounding_box": {
        "h": 71.86,
        "w": 450.12,
        "x": 120.9,
        "y": 191.63
      },
      "name": "Venue Name"
    },
    {
      "bounding_box": {
        "h": 23.73,
        "w": 121.34,
        "x": 140.56,
        "y": 338.73
      },
      "name": "Receipt Date"
    }
  ]
}