{
  "image": {
    "width": 300,
    "height": 400,
    "filename": "00000063.jpg",
    "original_filename": "1062-receipt.jpg",
    "url": "https://darwin.v7labs.com/api/images/1236907/original?token=b7e572f8-6043-4594-8689-54b26ad0cf02",
    "thumbnail_url": "https://darwin.v7labs.com/api/images/1236907/thumbnail?token=b7e572f8-6043-4594-8689-54b26ad0cf02",
    "workview_url": "https://darwin.v7labs.com/workview?dataset=1202&image=63"
  },
  "dataset": "OCR Set",
  "annotated": true,
  "annotations": [
    {
      "bounding_box": {
        "h": 12.72,
        "w": 51.82,
        "x": 144.25,
        "y": 334.05
      },
      "name": "Amount paid "
    },
    {
      "bounding_box": {
        "h": 20.34,
        "w": 95.87,
        "x": 71.25,
        "y": 123.94
      },
      "name": "Venue Name"
    },
    {
      "bounding_box": {
        "h": 10.27,
        "w": 39.7,
        "x": 153.57,
        "y": 167.52
      },
      "name": "Receipt Date"
    }
  ]
}