{
  "image": {
    "width": 750,
    "height": 1000,
    "filename": "00000040.jpg",
    "original_filename": "1110-receipt.jpg",
    "url": "https://darwin.v7labs.com/api/images/1236955/original?token=8b277349-7b19-48cf-bbfe-7bb11792aca8",
    "thumbnail_url": "https://darwin.v7labs.com/api/images/1236955/thumbnail?token=8b277349-7b19-48cf-bbfe-7bb11792aca8",
    "workview_url": "https://darwin.v7labs.com/workview?dataset=1203&image=40"
  },
  "dataset": "OCR set 2",
  "annotated": true,
  "annotations": [
    {
      "annotator": {
        "email": "order@bex.kg",
        "full_name": "Zhaparova  Nurzhan"
      },
      "bounding_box": {
        "h": 18.8,
        "w": 77.37,
        "x": 462.87,
        "y": 719.13
      },
      "name": "Amount paid "
    },
    {
      "annotator": {
        "email": "order@bex.kg",
        "full_name": "Zhaparova  Nurzhan"
      },
      "bounding_box": {
        "h": 25.09,
        "w": 135.02,
        "x": 173.28,
        "y": 185.0
      },
      "name": "Venue Name "
    },
    {
      "annotator": {
        "email": "order@bex.kg",
        "full_name": "Zhaparova  Nurzhan"
      },
      "bounding_box": {
        "h": 50.17,
        "w": 171.92,
        "x": 176.97,
        "y": 230.01
      },
      "name": "Venue Address"
    },
    {
      "annotator": {
        "email": "order@bex.kg",
        "full_name": "Zhaparova  Nurzhan"
      },
      "bounding_box": {
        "h": 19.92,
        "w": 102.56,
        "x": 421.93,
        "y": 227.79
      },
      "name": "Receipt Date "
    }
  ]
}