{
  "image": {
    "width": 258,
    "height": 258,
    "filename": "00000017.jpg",
    "original_filename": "1087-receipt.jpg",
    "url": "https://darwin.v7labs.com/api/images/1236932/original?token=8b277349-7b19-48cf-bbfe-7bb11792aca8",
    "thumbnail_url": "https://darwin.v7labs.com/api/images/1236932/thumbnail?token=8b277349-7b19-48cf-bbfe-7bb11792aca8",
    "workview_url": "https://darwin.v7labs.com/workview?dataset=1203&image=17"
  },
  "dataset": "OCR set 2",
  "annotated": true,
  "annotations": [
    {
      "annotator": {
        "email": "order@bex.kg",
        "full_name": "Zhaparova  Nurzhan"
      },
      "bounding_box": {
        "h": 25.08,
        "w": 93.17,
        "x": 48.12,
        "y": 56.31
      },
      "name": "Venue Name "
    },
    {
      "annotator": {
        "email": "order@bex.kg",
        "full_name": "Zhaparova  Nurzhan"
      },
      "bounding_box": {
        "h": 37.37,
        "w": 82.42,
        "x": 57.85,
        "y": 66.04
      },
      "name": "Venue Address"
    },
    {
      "annotator": {
        "email": "order@bex.kg",
        "full_name": "Zhaparova  Nurzhan"
      },
      "bounding_box": {
        "h": 14.85,
        "w": 54.26,
        "x": 182.24,
        "y": 216.54
      },
      "name": "Amount paid "
    },
    {
      "annotator": {
        "email": "order@bex.kg",
        "full_name": "Zhaparova  Nurzhan"
      },
      "bounding_box": {
        "h": 15.87,
        "w": 36.86,
        "x": 31.23,
        "y": 139.24
      },
      "name": "Receipt Date "
    }
  ]
}