{
  "image": {
    "width": 348,
    "height": 348,
    "filename": "00000052.jpg",
    "original_filename": "1122-receipt.jpg",
    "url": "https://darwin.v7labs.com/api/images/1236967/original?token=8b277349-7b19-48cf-bbfe-7bb11792aca8",
    "thumbnail_url": "https://darwin.v7labs.com/api/images/1236967/thumbnail?token=8b277349-7b19-48cf-bbfe-7bb11792aca8",
    "workview_url": "https://darwin.v7labs.com/workview?dataset=1203&image=52"
  },
  "dataset": "OCR set 2",
  "annotated": true,
  "annotations": [
    {
      "annotator": {
        "email": "order@bex.kg",
        "full_name": "Zhaparova  Nurzhan"
      },
      "bounding_box": {
        "h": 24.86,
        "w": 39.36,
        "x": 245.81,
        "y": 306.57
      },
      "name": "Amount paid "
    },
    {
      "annotator": {
        "email": "order@bex.kg",
        "full_name": "Zhaparova  Nurzhan"
      },
      "bounding_box": {
        "h": 12.43,
        "w": 156.05,
        "x": 82.86,
        "y": 6.9
      },
      "name": "Venue Name "
    },
    {
      "annotator": {
        "email": "order@bex.kg",
        "full_name": "Zhaparova  Nurzhan"
      },
      "bounding_box": {
        "h": 21.4,
        "w": 152.6,
        "x": 87.69,
        "y": 18.64
      },
      "name": "Venue Address"
    }
  ]
}