{
  "image": {
    "width": 750,
    "height": 1000,
    "filename": "00000009.jpg",
    "original_filename": "1008-receipt.jpg",
    "url": "https://darwin.v7labs.com/api/images/1236853/original?token=b7e572f8-6043-4594-8689-54b26ad0cf02",
    "thumbnail_url": "https://darwin.v7labs.com/api/images/1236853/thumbnail?token=b7e572f8-6043-4594-8689-54b26ad0cf02",
    "workview_url": "https://darwin.v7labs.com/workview?dataset=1202&image=9"
  },
  "dataset": "OCR Set",
  "annotated": true,
  "annotations": [
    {
      "bounding_box": {
        "h": 28.92,
        "w": 97.89,
        "x": 465.86,
        "y": 600.38
      },
      "name": "Amount paid "
    },
    {
      "bounding_box": {
        "h": 52.21,
        "w": 310.25,
        "x": 195.56,
        "y": 86.74
      },
      "name": "Venue Address"
    },
    {
      "bounding_box": {
        "h": 23.46,
        "w": 323.12,
        "x": 187.99,
        "y": 67.82
      },
      "name": "Venue Name"
    }
  ]
}