{
  "image": {
    "width": 582,
    "height": 1000,
    "filename": "00000013.jpg",
    "original_filename": "1012-receipt.jpg",
    "url": "https://darwin.v7labs.com/api/images/1236857/original?token=b7e572f8-6043-4594-8689-54b26ad0cf02",
    "thumbnail_url": "https://darwin.v7labs.com/api/images/1236857/thumbnail?token=b7e572f8-6043-4594-8689-54b26ad0cf02",
    "workview_url": "https://darwin.v7labs.com/workview?dataset=1202&image=13"
  },
  "dataset": "OCR Set",
  "annotated": true,
  "annotations": [
    {
      "bounding_box": {
        "h": 24.92,
        "w": 128.74,
        "x": 374.06,
        "y": 579.73
      },
      "name": "Amount paid "
    },
    {
      "bounding_box": {
        "h": 46.65,
        "w": 226.82,
        "x": 162.08,
        "y": 128.79
      },
      "name": "Venue Address"
    },
    {
      "bounding_box": {
        "h": 23.45,
        "w": 96.08,
        "x": 229.18,
        "y": 103.77
      },
      "name": "Venue Name"
    },
    {
      "bounding_box": {
        "h": 22.8,
        "w": 127.67,
        "x": 127.24,
        "y": 230.46
      },
      "name": "Receipt Date"
    }
  ]
}