{
  "image": {
    "width": 750,
    "height": 1000,
    "filename": "00000030.jpg",
    "original_filename": "1100-receipt.jpg",
    "url": "https://darwin.v7labs.com/api/images/1236945/original?token=8b277349-7b19-48cf-bbfe-7bb11792aca8",
    "thumbnail_url": "https://darwin.v7labs.com/api/images/1236945/thumbnail?token=8b277349-7b19-48cf-bbfe-7bb11792aca8",
    "workview_url": "https://darwin.v7labs.com/workview?dataset=1203&image=30"
  },
  "dataset": "OCR set 2",
  "annotated": true,
  "annotations": [
    {
      "annotator": {
        "email": "order@bex.kg",
        "full_name": "Zhaparova  Nurzhan"
      },
      "bounding_box": {
        "h": 16.63,
        "w": 41.22,
        "x": 434.94,
        "y": 728.03
      },
      "name": "Amount paid "
    },
    {
      "annotator": {
        "email": "order@bex.kg",
        "full_name": "Zhaparova  Nurzhan"
      },
      "bounding_box": {
        "h": 17.55,
        "w": 72.46,
        "x": 318.01,
        "y": 207.27
      },
      "name": "Venue Name "
    },
    {
      "annotator": {
        "email": "order@bex.kg",
        "full_name": "Zhaparova  Nurzhan"
      },
      "bounding_box": {
        "h": 34.17,
        "w": 132.13,
        "x": 283.1,
        "y": 126.44
      },
      "name": "Venue Address"
    },
    {
      "annotator": {
        "email": "order@bex.kg",
        "full_name": "Zhaparova  Nurzhan"
      },
      "bounding_box": {
        "h": 16.43,
        "w": 71.7,
        "x": 320.94,
        "y": 372.51
      },
      "name": "Receipt Date "
    }
  ]
}