{
  "image": {
    "width": 750,
    "height": 1000,
    "filename": "00000061.jpg",
    "original_filename": "1060-receipt.jpg",
    "url": "https://darwin.v7labs.com/api/images/1236905/original?token=b7e572f8-6043-4594-8689-54b26ad0cf02",
    "thumbnail_url": "https://darwin.v7labs.com/api/images/1236905/thumbnail?token=b7e572f8-6043-4594-8689-54b26ad0cf02",
    "workview_url": "https://darwin.v7labs.com/workview?dataset=1202&image=61"
  },
  "dataset": "OCR Set",
  "annotated": true,
  "annotations": [
    {
      "bounding_box": {
        "h": 34.64,
        "w": 77.82,
        "x": 615.02,
        "y": 618.74
      },
      "name": "Amount paid "
    },
    {
      "bounding_box": {
        "h": 48.13,
        "w": 237.94,
        "x": 243.89,
        "y": 56.42
      },
      "name": "Venue Name"
    },
    {
      "bounding_box": {
        "h": 41.35,
        "w": 145.75,
        "x": 523.18,
        "y": 119.47
      },
      "name": "Receipt Date"
    }
  ]
}