{
  "image": {
    "width": 562,
    "height": 1000,
    "filename": "00000062.jpg",
    "original_filename": "1061-receipt.jpg",
    "url": "https://darwin.v7labs.com/api/images/1236906/original?token=b7e572f8-6043-4594-8689-54b26ad0cf02",
    "thumbnail_url": "https://darwin.v7labs.com/api/images/1236906/thumbnail?token=b7e572f8-6043-4594-8689-54b26ad0cf02",
    "workview_url": "https://darwin.v7labs.com/workview?dataset=1202&image=62"
  },
  "dataset": "OCR Set",
  "annotated": true,
  "annotations": [
    {
      "bounding_box": {
        "h": 32.27,
        "w": 91.58,
        "x": 368.63,
        "y": 198.47
      },
      "name": "Receipt Date"
    },
    {
      "bounding_box": {
        "h": 21.16,
        "w": 168.13,
        "x": 187.55,
        "y": 118.7
      },
      "name": "Venue Name"
    },
    {
      "bounding_box": {
        "h": 37.17,
        "w": 155.55,
        "x": 200.13,
        "y": 139.86
      },
      "name": "Venue Address"
    },
    {
      "bounding_box": {
        "h": 20.88,
        "w": 50.77,
        "x": 432.65,
        "y": 511.71
      },
      "name": "Amount paid "
    }
  ]
}