{
  "image": {
    "width": 662,
    "height": 1000,
    "filename": "00000016.jpg",
    "original_filename": "1086-receipt.jpg",
    "url": "https://darwin.v7labs.com/api/images/1236931/original?token=8b277349-7b19-48cf-bbfe-7bb11792aca8",
    "thumbnail_url": "https://darwin.v7labs.com/api/images/1236931/thumbnail?token=8b277349-7b19-48cf-bbfe-7bb11792aca8",
    "workview_url": "https://darwin.v7labs.com/workview?dataset=1203&image=16"
  },
  "dataset": "OCR set 2",
  "annotated": true,
  "annotations": [
    {
      "annotator": {
        "email": "order@bex.kg",
        "full_name": "Zhaparova  Nurzhan"
      },
      "bounding_box": {
        "h": 23.81,
        "w": 111.11,
        "x": 71.08,
        "y": 317.46
      },
      "name": "Receipt Date "
    },
    {
      "annotator": {
        "email": "order@bex.kg",
        "full_name": "Zhaparova  Nurzhan"
      },
      "bounding_box": {
        "h": 33.73,
        "w": 180.56,
        "x": 368.7,
        "y": 815.48
      },
      "name": "Amount paid "
    },
    {
      "annotator": {
        "email": "order@bex.kg",
        "full_name": "Zhaparova  Nurzhan"
      },
      "bounding_box": {
        "h": 63.49,
        "w": 250.0,
        "x": 164.33,
        "y": 144.84
      },
      "name": "Venue Address"
    },
    {
      "annotator": {
        "email": "order@bex.kg",
        "full_name": "Zhaparova  Nurzhan"
      },
      "bounding_box": {
        "h": 33.73,
        "w": 130.95,
        "x": 227.83,
        "y": 63.49
      },
      "name": "Venue Name "
    }
  ]
}