{
  "image": {
    "width": 562,
    "height": 1000,
    "filename": "00000055.jpg",
    "original_filename": "1125-receipt.jpg",
    "url": "https://darwin.v7labs.com/api/images/1236970/original?token=8b277349-7b19-48cf-bbfe-7bb11792aca8",
    "thumbnail_url": "https://darwin.v7labs.com/api/images/1236970/thumbnail?token=8b277349-7b19-48cf-bbfe-7bb11792aca8",
    "workview_url": "https://darwin.v7labs.com/workview?dataset=1203&image=55"
  },
  "dataset": "OCR set 2",
  "annotated": true,
  "annotations": [
    {
      "annotator": {
        "email": "order@bex.kg",
        "full_name": "Zhaparova  Nurzhan"
      },
      "bounding_box": {
        "h": 27.78,
        "w": 138.89,
        "x": 29.02,
        "y": 416.67
      },
      "name": "Receipt Date "
    },
    {
      "annotator": {
        "email": "order@bex.kg",
        "full_name": "Zhaparova  Nurzhan"
      },
      "bounding_box": {
        "h": 35.71,
        "w": 384.92,
        "x": 74.65,
        "y": 273.81
      },
      "name": "Venue Name "
    },
    {
      "annotator": {
        "email": "order@bex.kg",
        "full_name": "Zhaparova  Nurzhan"
      },
      "bounding_box": {
        "h": 51.59,
        "w": 265.87,
        "x": 138.14,
        "y": 307.54
      },
      "name": "Venue Address"
    },
    {
      "annotator": {
        "email": "order@bex.kg",
        "full_name": "Zhaparova  Nurzhan"
      },
      "bounding_box": {
        "h": 37.7,
        "w": 77.38,
        "x": 455.6,
        "y": 658.73
      },
      "name": "Amount paid "
    }
  ]
}