{
  "image": {
    "width": 750,
    "height": 1000,
    "filename": "00000065.jpg",
    "original_filename": "1135-receipt.jpg",
    "url": "https://darwin.v7labs.com/api/images/1236980/original?token=8b277349-7b19-48cf-bbfe-7bb11792aca8",
    "thumbnail_url": "https://darwin.v7labs.com/api/images/1236980/thumbnail?token=8b277349-7b19-48cf-bbfe-7bb11792aca8",
    "workview_url": "https://darwin.v7labs.com/workview?dataset=1203&image=65"
  },
  "dataset": "OCR set 2",
  "annotated": true,
  "annotations": [
    {
      "annotator": {
        "email": "order@bex.kg",
        "full_name": "Zhaparova  Nurzhan"
      },
      "bounding_box": {
        "h": 49.6,
        "w": 242.06,
        "x": 355.16,
        "y": 821.43
      },
      "name": "Amount paid "
    },
    {
      "annotator": {
        "email": "order@bex.kg",
        "full_name": "Zhaparova  Nurzhan"
      },
      "bounding_box": {
        "h": 49.6,
        "w": 250,
        "x": 210.32,
        "y": 55.56
      },
      "name": "Venue Name "
    },
    {
      "annotator": {
        "email": "order@bex.kg",
        "full_name": "Zhaparova  Nurzhan"
      },
      "bounding_box": {
        "h": 115.08,
        "w": 676.59,
        "x": 25.79,
        "y": 73.41
      },
      "name": "Venue Address"
    },
    {
      "annotator": {
        "email": "order@bex.kg",
        "full_name": "Zhaparova  Nurzhan"
      },
      "bounding_box": {
        "h": 63.49,
        "w": 295.63,
        "x": 194.44,
        "y": 240.08
      },
      "name": "Receipt Date "
    }
  ]
}