{
  "image": {
    "width": 750,
    "height": 1000,
    "filename": "00000045.jpg",
    "original_filename": "1115-receipt.jpg",
    "url": "https://darwin.v7labs.com/api/images/1236960/original?token=8b277349-7b19-48cf-bbfe-7bb11792aca8",
    "thumbnail_url": "https://darwin.v7labs.com/api/images/1236960/thumbnail?token=8b277349-7b19-48cf-bbfe-7bb11792aca8",
    "workview_url": "https://darwin.v7labs.com/workview?dataset=1203&image=45"
  },
  "dataset": "OCR set 2",
  "annotated": true,
  "annotations": [
    {
      "annotator": {
        "email": "order@bex.kg",
        "full_name": "Zhaparova  Nurzhan"
      },
      "bounding_box": {
        "h": 31.75,
        "w": 138.89,
        "x": 232.14,
        "y": 166.67
      },
      "name": "Receipt Date "
    },
    {
      "annotator": {
        "email": "order@bex.kg",
        "full_name": "Zhaparova  Nurzhan"
      },
      "bounding_box": {
        "h": 37.7,
        "w": 549.6,
        "x": 0,
        "y": 25.79
      },
      "name": "Venue Name "
    },
    {
      "annotator": {
        "email": "order@bex.kg",
        "full_name": "Zhaparova  Nurzhan"
      },
      "bounding_box": {
        "h": 69.44,
        "w": 384.92,
        "x": 97.22,
        "y": 63.49
      },
      "name": "Venue Address"
    },
    {
      "annotator": {
        "email": "order@bex.kg",
        "full_name": "Zhaparova  Nurzhan"
      },
      "bounding_box": {
        "h": 35.71,
        "w": 170.63,
        "x": 390.87,
        "y": 527.78
      },
      "name": "Amount paid "
    }
  ]
}