{
  "image": {
    "width": 512,
    "height": 512,
    "filename": "00000069.jpg",
    "original_filename": "1139-receipt.jpg",
    "url": "https://darwin.v7labs.com/api/images/1236984/original?token=8b277349-7b19-48cf-bbfe-7bb11792aca8",
    "thumbnail_url": "https://darwin.v7labs.com/api/images/1236984/thumbnail?token=8b277349-7b19-48cf-bbfe-7bb11792aca8",
    "workview_url": "https://darwin.v7labs.com/workview?dataset=1203&image=69"
  },
  "dataset": "OCR set 2",
  "annotated": true,
  "annotations": [
    {
      "annotator": {
        "email": "order@bex.kg",
        "full_name": "Zhaparova  Nurzhan"
      },
      "bounding_box": {
        "h": 13.48,
        "w": 47.17,
        "x": 403.32,
        "y": 382.84
      },
      "name": "Amount paid "
    },
    {
      "annotator": {
        "email": "order@bex.kg",
        "full_name": "Zhaparova  Nurzhan"
      },
      "bounding_box": {
        "h": 13.22,
        "w": 83.56,
        "x": 239.81,
        "y": 51.48
      },
      "name": "Venue Name "
    },
    {
      "annotator": {
        "email": "order@bex.kg",
        "full_name": "Zhaparova  Nurzhan"
      },
      "bounding_box": {
        "h": 31.2,
        "w": 244.34,
        "x": 154.66,
        "y": 63.64
      },
      "name": "Venue Address"
    },
    {
      "annotator": {
        "email": "order@bex.kg",
        "full_name": "Zhaparova  Nurzhan"
      },
      "bounding_box": {
        "h": 11.11,
        "w": 77.75,
        "x": 366.21,
        "y": 161.49
      },
      "name": "Receipt Date "
    }
  ]
}