{
  "image": {
    "width": 258,
    "height": 258,
    "filename": "00000007.jpg",
    "original_filename": "1006-receipt.jpg",
    "url": "https://darwin.v7labs.com/api/images/1236851/original?token=b7e572f8-6043-4594-8689-54b26ad0cf02",
    "thumbnail_url": "https://darwin.v7labs.com/api/images/1236851/thumbnail?token=b7e572f8-6043-4594-8689-54b26ad0cf02",
    "workview_url": "https://darwin.v7labs.com/workview?dataset=1202&image=7"
  },
  "dataset": "OCR Set",
  "annotated": true,
  "annotations": [
    {
      "bounding_box": {
        "h": 12.24,
        "w": 39.8,
        "x": 7.16,
        "y": 56.36
      },
      "name": "Receipt Date"
    },
    {
      "bounding_box": {
        "h": 14.1,
        "w": 31.73,
        "x": 64.07,
        "y": 1.37
      },
      "name": "Venue Name"
    },
    {
      "bounding_box": {
        "h": 22.78,
        "w": 81.35,
        "x": 37.5,
        "y": 16.28
      },
      "name": "Venue Address"
    },
    {
      "bounding_box": {
        "h": 14.16,
        "w": 34.44,
        "x": 96.19,
        "y": 233.14
      },
      "name": "Amount paid "
    }
  ]
}