{
  "image": {
    "width": 750,
    "height": 1000,
    "filename": "00000043.jpg",
    "original_filename": "1113-receipt.jpg",
    "url": "https://darwin.v7labs.com/api/images/1236958/original?token=8b277349-7b19-48cf-bbfe-7bb11792aca8",
    "thumbnail_url": "https://darwin.v7labs.com/api/images/1236958/thumbnail?token=8b277349-7b19-48cf-bbfe-7bb11792aca8",
    "workview_url": "https://darwin.v7labs.com/workview?dataset=1203&image=43"
  },
  "dataset": "OCR set 2",
  "annotated": true,
  "annotations": [
    {
      "annotator": {
        "email": "order@bex.kg",
        "full_name": "Zhaparova  Nurzhan"
      },
      "bounding_box": {
        "h": 23.81,
        "w": 121.03,
        "x": 232.14,
        "y": 220.24
      },
      "name": "Receipt Date "
    },
    {
      "annotator": {
        "email": "order@bex.kg",
        "full_name": "Zhaparova  Nurzhan"
      },
      "bounding_box": {
        "h": 31.75,
        "w": 101.19,
        "x": 517.86,
        "y": 521.83
      },
      "name": "Amount paid "
    },
    {
      "annotator": {
        "email": "order@bex.kg",
        "full_name": "Zhaparova  Nurzhan"
      },
      "bounding_box": {
        "h": 39.68,
        "w": 378.97,
        "x": 220.24,
        "y": 37.7
      },
      "name": "Venue Name "
    },
    {
      "annotator": {
        "email": "order@bex.kg",
        "full_name": "Zhaparova  Nurzhan"
      },
      "bounding_box": {
        "h": 55.56,
        "w": 279.76,
        "x": 105.16,
        "y": 130.95
      },
      "name": "Venue Address"
    }
  ]
}