{
  "image": {
    "width": 562,
    "height": 1000,
    "filename": "00000002.jpg",
    "original_filename": "1072-receipt.jpg",
    "url": "https://darwin.v7labs.com/api/images/1236917/original?token=8b277349-7b19-48cf-bbfe-7bb11792aca8",
    "thumbnail_url": "https://darwin.v7labs.com/api/images/1236917/thumbnail?token=8b277349-7b19-48cf-bbfe-7bb11792aca8",
    "workview_url": "https://darwin.v7labs.com/workview?dataset=1203&image=2"
  },
  "dataset": "OCR set 2",
  "annotated": true,
  "annotations": [
    {
      "annotator": {
        "email": "order@bex.kg",
        "full_name": "Zhaparova  Nurzhan"
      },
      "bounding_box": {
        "h": 31.75,
        "w": 71.43,
        "x": 469.49,
        "y": 613.1
      },
      "name": "Amount paid "
    },
    {
      "annotator": {
        "email": "order@bex.kg",
        "full_name": "Zhaparova  Nurzhan"
      },
      "bounding_box": {
        "h": 26.89,
        "w": 212.3,
        "x": 273.06,
        "y": 805.56
      },
      "name": "Receipt Date "
    },
    {
      "annotator": {
        "email": "order@bex.kg",
        "full_name": "Zhaparova  Nurzhan"
      },
      "bounding_box": {
        "h": 51.63,
        "w": 179.18,
        "x": 209.13,
        "y": 99.73
      },
      "name": "Venue Address"
    },
    {
      "annotator": {
        "email": "order@bex.kg",
        "full_name": "Zhaparova  Nurzhan"
      },
      "bounding_box": {
        "h": 27.33,
        "w": 189.3,
        "x": 205.08,
        "y": 75.44
      },
      "name": "Venue Name "
    }
  ]
}