{
  "image": {
    "width": 750,
    "height": 1000,
    "filename": "00000004.jpg",
    "original_filename": "1074-receipt.jpg",
    "url": "https://darwin.v7labs.com/api/images/1236919/original?token=8b277349-7b19-48cf-bbfe-7bb11792aca8",
    "thumbnail_url": "https://darwin.v7labs.com/api/images/1236919/thumbnail?token=8b277349-7b19-48cf-bbfe-7bb11792aca8",
    "workview_url": "https://darwin.v7labs.com/workview?dataset=1203&image=4"
  },
  "dataset": "OCR set 2",
  "annotated": true,
  "annotations": [
    {
      "annotator": {
        "email": "order@bex.kg",
        "full_name": "Zhaparova  Nurzhan"
      },
      "bounding_box": {
        "h": 27.78,
        "w": 132.94,
        "x": 273.81,
        "y": 158.73
      },
      "name": "Venue Name "
    },
    {
      "annotator": {
        "email": "order@bex.kg",
        "full_name": "Zhaparova  Nurzhan"
      },
      "bounding_box": {
        "h": 53.57,
        "w": 230.16,
        "x": 228.17,
        "y": 184.52
      },
      "name": "Venue Address"
    },
    {
      "annotator": {
        "email": "order@bex.kg",
        "full_name": "Zhaparova  Nurzhan"
      },
      "bounding_box": {
        "h": 35.71,
        "w": 164.68,
        "x": 140.87,
        "y": 299.6
      },
      "name": "Receipt Date "
    },
    {
      "annotator": {
        "email": "order@bex.kg",
        "full_name": "Zhaparova  Nurzhan"
      },
      "bounding_box": {
        "h": 35.71,
        "w": 150.79,
        "x": 490.08,
        "y": 613.1
      },
      "name": "Amount paid "
    }
  ]
}