{
  "image": {
    "width": 750,
    "height": 1000,
    "filename": "00000057.jpg",
    "original_filename": "1056-receipt.jpg",
    "url": "https://darwin.v7labs.com/api/images/1236901/original?token=b7e572f8-6043-4594-8689-54b26ad0cf02",
    "thumbnail_url": "https://darwin.v7labs.com/api/images/1236901/thumbnail?token=b7e572f8-6043-4594-8689-54b26ad0cf02",
    "workview_url": "https://darwin.v7labs.com/workview?dataset=1202&image=57"
  },
  "dataset": "OCR Set",
  "annotated": true,
  "annotations": [
    {
      "bounding_box": {
        "h": 36.06,
        "w": 99.65,
        "x": 627.0,
        "y": 892.98
      },
      "name": "Amount paid "
    },
    {
      "bounding_box": {
        "h": 53.22,
        "w": 259.44,
        "x": 240.49,
        "y": 59.32
      },
      "name": "Venue Address"
    },
    {
      "bounding_box": {
        "h": 28.01,
        "w": 168.06,
        "x": 286.01,
        "y": 43.92
      },
      "name": "Venue Name"
    },
    {
      "bounding_box": {
        "h": 29.76,
        "w": 91.03,
        "x": 566.45,
        "y": 159.11
      },
      "name": "Receipt Date"
    }
  ]
}