{
  "image": {
    "width": 300,
    "height": 400,
    "filename": "00000046.jpg",
    "original_filename": "1045-receipt.jpg",
    "url": "https://darwin.v7labs.com/api/images/1236890/original?token=b7e572f8-6043-4594-8689-54b26ad0cf02",
    "thumbnail_url": "https://darwin.v7labs.com/api/images/1236890/thumbnail?token=b7e572f8-6043-4594-8689-54b26ad0cf02",
    "workview_url": "https://darwin.v7labs.com/workview?dataset=1202&image=46"
  },
  "dataset": "OCR Set",
  "annotated": true,
  "annotations": [
    {
      "bounding_box": {
        "h": 22.59,
        "w": 52.35,
        "x": 24.02,
        "y": 83.93
      },
      "name": "Receipt Date"
    },
    {
      "bounding_box": {
        "h": 31.89,
        "w": 161.72,
        "x": 52.81,
        "y": 24.28
      },
      "name": "Venue Name"
    },
    {
      "bounding_box": {
        "h": 22.02,
        "w": 171.97,
        "x": 47.88,
        "y": 40.99
      },
      "name": "Venue Address"
    },
    {
      "bounding_box": {
        "h": 18.22,
        "w": 48.97,
        "x": 164.58,
        "y": 274.53
      },
      "name": "Amount paid "
    }
  ]
}