{
  "image": {
    "width": 1000,
    "height": 1000,
    "filename": "00000063.jpg",
    "original_filename": "1133-receipt.jpg",
    "url": "https://darwin.v7labs.com/api/images/1236978/original?token=8b277349-7b19-48cf-bbfe-7bb11792aca8",
    "thumbnail_url": "https://darwin.v7labs.com/api/images/1236978/thumbnail?token=8b277349-7b19-48cf-bbfe-7bb11792aca8",
    "workview_url": "https://darwin.v7labs.com/workview?dataset=1203&image=63"
  },
  "dataset": "OCR set 2",
  "annotated": true,
  "annotations": [
    {
      "annotator": {
        "email": "order@bex.kg",
        "full_name": "Zhaparova  Nurzhan"
      },
      "bounding_box": {
        "h": 71.43,
        "w": 202.38,
        "x": 646.83,
        "y": 531.75
      },
      "name": "Amount paid "
    },
    {
      "annotator": {
        "email": "order@bex.kg",
        "full_name": "Zhaparova  Nurzhan"
      },
      "bounding_box": {
        "h": 51.59,
        "w": 615.08,
        "x": 267.86,
        "y": 35.71
      },
      "name": "Venue Name "
    },
    {
      "annotator": {
        "email": "order@bex.kg",
        "full_name": "Zhaparova  Nurzhan"
      },
      "bounding_box": {
        "h": 53.57,
        "w": 623.02,
        "x": 269.84,
        "y": 67.46
      },
      "name": "Venue Address"
    }
  ]
}