{
  "image": {
    "width": 562,
    "height": 1000,
    "filename": "00000068.jpg",
    "original_filename": "1138-receipt.jpg",
    "url": "https://darwin.v7labs.com/api/images/1236983/original?token=8b277349-7b19-48cf-bbfe-7bb11792aca8",
    "thumbnail_url": "https://darwin.v7labs.com/api/images/1236983/thumbnail?token=8b277349-7b19-48cf-bbfe-7bb11792aca8",
    "workview_url": "https://darwin.v7labs.com/workview?dataset=1203&image=68"
  },
  "dataset": "OCR set 2",
  "annotated": true,
  "annotations": [
    {
      "annotator": {
        "email": "order@bex.kg",
        "full_name": "Zhaparova  Nurzhan"
      },
      "bounding_box": {
        "h": 15.18,
        "w": 87.06,
        "x": 192.97,
        "y": 367.79
      },
      "name": "Receipt Date "
    },
    {
      "annotator": {
        "email": "order@bex.kg",
        "full_name": "Zhaparova  Nurzhan"
      },
      "bounding_box": {
        "h": 17.56,
        "w": 197.3,
        "x": 238.47,
        "y": 216.26
      },
      "name": "Venue Name "
    },
    {
      "annotator": {
        "email": "order@bex.kg",
        "full_name": "Zhaparova  Nurzhan"
      },
      "bounding_box": {
        "h": 21.08,
        "w": 109.62,
        "x": 284.33,
        "y": 233.11
      },
      "name": "Venue Address"
    },
    {
      "annotator": {
        "email": "order@bex.kg",
        "full_name": "Zhaparova  Nurzhan"
      },
      "bounding_box": {
        "h": 21.96,
        "w": 63.79,
        "x": 469.4,
        "y": 680.04
      },
      "name": "Amount paid "
    }
  ]
}