{
  "image": {
    "width": 300,
    "height": 400,
    "filename": "00000038.jpg",
    "original_filename": "1108-receipt.jpg",
    "url": "https://darwin.v7labs.com/api/images/1236953/original?token=8b277349-7b19-48cf-bbfe-7bb11792aca8",
    "thumbnail_url": "https://darwin.v7labs.com/api/images/1236953/thumbnail?token=8b277349-7b19-48cf-bbfe-7bb11792aca8",
    "workview_url": "https://darwin.v7labs.com/workview?dataset=1203&image=38"
  },
  "dataset": "OCR set 2",
  "annotated": true,
  "annotations": [
    {
      "annotator": {
        "email": "order@bex.kg",
        "full_name": "Zhaparova  Nurzhan"
      },
      "bounding_box": {
        "h": 10.7,
        "w": 63.92,
        "x": 104.18,
        "y": 118.69
      },
      "name": "Receipt Date "
    },
    {
      "annotator": {
        "email": "order@bex.kg",
        "full_name": "Zhaparova  Nurzhan"
      },
      "bounding_box": {
        "h": 22.5,
        "w": 33.74,
        "x": 224.34,
        "y": 304.06
      },
      "name": "Amount paid "
    },
    {
      "annotator": {
        "email": "order@bex.kg",
        "full_name": "Zhaparova  Nurzhan"
      },
      "bounding_box": {
        "h": 10.25,
        "w": 62.72,
        "x": 102.16,
        "y": 34.58
      },
      "name": "Venue Name "
    },
    {
      "annotator": {
        "email": "order@bex.kg",
        "full_name": "Zhaparova  Nurzhan"
      },
      "bounding_box": {
        "h": 26.23,
        "w": 116.0,
        "x": 77.15,
        "y": 46.88
      },
      "name": "Venue Address"
    }
  ]
}