{
  "image": {
    "width": 750,
    "height": 1000,
    "filename": "00000032.jpg",
    "original_filename": "1102-receipt.jpg",
    "url": "https://darwin.v7labs.com/api/images/1236947/original?token=8b277349-7b19-48cf-bbfe-7bb11792aca8",
    "thumbnail_url": "https://darwin.v7labs.com/api/images/1236947/thumbnail?token=8b277349-7b19-48cf-bbfe-7bb11792aca8",
    "workview_url": "https://darwin.v7labs.com/workview?dataset=1203&image=32"
  },
  "dataset": "OCR set 2",
  "annotated": true,
  "annotations": [
    {
      "annotator": {
        "email": "order@bex.kg",
        "full_name": "Zhaparova  Nurzhan"
      },
      "bounding_box": {
        "h": 31.18,
        "w": 76.53,
        "x": 504.54,
        "y": 797.62
      },
      "name": "Amount paid "
    },
    {
      "annotator": {
        "email": "order@bex.kg",
        "full_name": "Zhaparova  Nurzhan"
      },
      "bounding_box": {
        "h": 22.38,
        "w": 159.25,
        "x": 263.72,
        "y": 250.34
      },
      "name": "Venue Name "
    },
    {
      "annotator": {
        "email": "order@bex.kg",
        "full_name": "Zhaparova  Nurzhan"
      },
      "bounding_box": {
        "h": 48.21,
        "w": 195.4,
        "x": 245.65,
        "y": 277.89
      },
      "name": "Venue Address"
    },
    {
      "annotator": {
        "email": "order@bex.kg",
        "full_name": "Zhaparova  Nurzhan"
      },
      "bounding_box": {
        "h": 23.76,
        "w": 49.58,
        "x": 424.45,
        "y": 513.88
      },
      "name": "Receipt Date "
    }
  ]
}