{
  "image": {
    "width": 750,
    "height": 1000,
    "filename": "00000001.jpg",
    "original_filename": "1000-receipt.jpg",
    "url": "https://darwin.v7labs.com/api/images/1236845/original?token=b7e572f8-6043-4594-8689-54b26ad0cf02",
    "thumbnail_url": "https://darwin.v7labs.com/api/images/1236845/thumbnail?token=b7e572f8-6043-4594-8689-54b26ad0cf02",
    "workview_url": "https://darwin.v7labs.com/workview?dataset=1202&image=1"
  },
  "dataset": "OCR Set",
  "annotated": true,
  "annotations": [
    {
      "bounding_box": {
        "h": 49.42,
        "w": 281.98,
        "x": 250.0,
        "y": 808.14
      },
      "name": "Receipt Date"
    },
    {
      "bounding_box": {
        "h": 37.84,
        "w": 125.99,
        "x": 338.4,
        "y": 271.9
      },
      "name": "Venue Name"
    },
    {
      "bounding_box": {
        "h": 72.64,
        "w": 272.04,
        "x": 270.3,
        "y": 309.74
      },
      "name": "Venue Address"
    },
    {
      "bounding_box": {
        "h": 53.51,
        "w": 84.86,
        "x": 571.2,
        "y": 746.05
      },
      "name": "Amount paid "
    }
  ]
}