{
  "image": {
    "width": 747,
    "height": 1000,
    "filename": "00000005.jpg",
    "original_filename": "1075-receipt.jpg",
    "url": "https://darwin.v7labs.com/api/images/1236920/original?token=8b277349-7b19-48cf-bbfe-7bb11792aca8",
    "thumbnail_url": "https://darwin.v7labs.com/api/images/1236920/thumbnail?token=8b277349-7b19-48cf-bbfe-7bb11792aca8",
    "workview_url": "https://darwin.v7labs.com/workview?dataset=1203&image=5"
  },
  "dataset": "OCR set 2",
  "annotated": true,
  "annotations": [
    {
      "annotator": {
        "email": "order@bex.kg",
        "full_name": "Zhaparova  Nurzhan"
      },
      "bounding_box": {
        "h": 26.93,
        "w": 137.47,
        "x": 469.3,
        "y": 509.64
      },
      "name": "Amount paid "
    },
    {
      "annotator": {
        "email": "order@bex.kg",
        "full_name": "Zhaparova  Nurzhan"
      },
      "bounding_box": {
        "h": 24.09,
        "w": 215.42,
        "x": 276.56,
        "y": 195.01
      },
      "name": "Venue Name "
    },
    {
      "annotator": {
        "email": "order@bex.kg",
        "full_name": "Zhaparova  Nurzhan"
      },
      "bounding_box": {
        "h": 41.1,
        "w": 160.15,
        "x": 313.41,
        "y": 214.85
      },
      "name": "Venue Address"
    },
    {
      "annotator": {
        "email": "order@bex.kg",
        "full_name": "Zhaparova  Nurzhan"
      },
      "bounding_box": {
        "h": 28.34,
        "w": 93.54,
        "x": 187.28,
        "y": 356.58
      },
      "name": "Receipt Date "
    }
  ]
}