{
  "image": {
    "width": 750,
    "height": 1000,
    "filename": "00000014.jpg",
    "original_filename": "1013-receipt.jpg",
    "url": "https://darwin.v7labs.com/api/images/1236858/original?token=b7e572f8-6043-4594-8689-54b26ad0cf02",
    "thumbnail_url": "https://darwin.v7labs.com/api/images/1236858/thumbnail?token=b7e572f8-6043-4594-8689-54b26ad0cf02",
    "workview_url": "https://darwin.v7labs.com/workview?dataset=1202&image=14"
  },
  "dataset": "OCR Set",
  "annotated": true,
  "annotations": [
    {
      "bounding_box": {
        "h": 117.17,
        "w": 413.8,
        "x": 139.45,
        "y": 96.88
      },
      "name": "Venue Name"
    },
    {
      "bounding_box": {
        "h": 102.34,
        "w": 357.44,
        "x": 191.36,
        "y": 187.35
      },
      "name": "Venue Address"
    },
    {
      "bounding_box": {
        "h": 52.33,
        "w": 206.4,
        "x": 459.3,
        "y": 835.76
      },
      "name": "Amount paid "
    }
  ]
}