{
  "image": {
    "width": 1000,
    "height": 903,
    "filename": "00000042.jpg",
    "original_filename": "1112-receipt.jpg",
    "url": "https://darwin.v7labs.com/api/images/1236957/original?token=8b277349-7b19-48cf-bbfe-7bb11792aca8",
    "thumbnail_url": "https://darwin.v7labs.com/api/images/1236957/thumbnail?token=8b277349-7b19-48cf-bbfe-7bb11792aca8",
    "workview_url": "https://darwin.v7labs.com/workview?dataset=1203&image=42"
  },
  "dataset": "OCR set 2",
  "annotated": true,
  "annotations": [
    {
      "annotator": {
        "email": "order@bex.kg",
        "full_name": "Zhaparova  Nurzhan"
      },
      "bounding_box": {
        "h": 55.54,
        "w": 159.46,
        "x": 492.83,
        "y": 578.71
      },
      "name": "Amount paid "
    },
    {
      "annotator": {
        "email": "order@bex.kg",
        "full_name": "Zhaparova  Nurzhan"
      },
      "bounding_box": {
        "h": 35.83,
        "w": 324.29,
        "x": 261.71,
        "y": 26.88
      },
      "name": "Venue Name "
    },
    {
      "annotator": {
        "email": "order@bex.kg",
        "full_name": "Zhaparova  Nurzhan"
      },
      "bounding_box": {
        "h": 53.93,
        "w": 238.58,
        "x": 304.71,
        "y": 66.77
      },
      "name": "Venue Address"
    },
    {
      "annotator": {
        "email": "order@bex.kg",
        "full_name": "Zhaparova  Nurzhan"
      },
      "bounding_box": {
        "h": 27.76,
        "w": 121.84,
        "x": 285.27,
        "y": 644.72
      },
      "name": "Receipt Date "
    }
  ]
}