{
  "image": {
    "width": 750,
    "height": 1000,
    "filename": "00000037.jpg",
    "original_filename": "1107-receipt.jpg",
    "url": "https://darwin.v7labs.com/api/images/1236952/original?token=8b277349-7b19-48cf-bbfe-7bb11792aca8",
    "thumbnail_url": "https://darwin.v7labs.com/api/images/1236952/thumbnail?token=8b277349-7b19-48cf-bbfe-7bb11792aca8",
    "workview_url": "https://darwin.v7labs.com/workview?dataset=1203&image=37"
  },
  "dataset": "OCR set 2",
  "annotated": true,
  "annotations": [
    {
      "annotator": {
        "email": "order@bex.kg",
        "full_name": "Zhaparova  Nurzhan"
      },
      "bounding_box": {
        "h": 39.68,
        "w": 184.52,
        "x": 426.59,
        "y": 823.41
      },
      "name": "Amount paid "
    },
    {
      "annotator": {
        "email": "order@bex.kg",
        "full_name": "Zhaparova  Nurzhan"
      },
      "bounding_box": {
        "h": 29.76,
        "w": 329.37,
        "x": 198.41,
        "y": 148.81
      },
      "name": "Venue Name "
    },
    {
      "annotator": {
        "email": "order@bex.kg",
        "full_name": "Zhaparova  Nurzhan"
      },
      "bounding_box": {
        "h": 44.54,
        "w": 227.77,
        "x": 258.14,
        "y": 177.56
      },
      "name": "Venue Address"
    },
    {
      "annotator": {
        "email": "order@bex.kg",
        "full_name": "Zhaparova  Nurzhan"
      },
      "bounding_box": {
        "h": 23.57,
        "w": 96.33,
        "x": 269.35,
        "y": 339.96
      },
      "name": "Receipt Date "
    }
  ]
}