{
  "image": {
    "width": 750,
    "height": 1000,
    "filename": "00000018.jpg",
    "original_filename": "1088-receipt.jpg",
    "url": "https://darwin.v7labs.com/api/images/1236933/original?token=8b277349-7b19-48cf-bbfe-7bb11792aca8",
    "thumbnail_url": "https://darwin.v7labs.com/api/images/1236933/thumbnail?token=8b277349-7b19-48cf-bbfe-7bb11792aca8",
    "workview_url": "https://darwin.v7labs.com/workview?dataset=1203&image=18"
  },
  "dataset": "OCR set 2",
  "annotated": true,
  "annotations": [
    {
      "annotator": {
        "email": "order@bex.kg",
        "full_name": "Zhaparova  Nurzhan"
      },
      "bounding_box": {
        "h": 19.84,
        "w": 92.12,
        "x": 163.55,
        "y": 226.19
      },
      "name": "Receipt Date "
    },
    {
      "annotator": {
        "email": "order@bex.kg",
        "full_name": "Zhaparova  Nurzhan"
      },
      "bounding_box": {
        "h": 28.34,
        "w": 137.47,
        "x": 415.82,
        "y": 554.99
      },
      "name": "Amount paid "
    },
    {
      "annotator": {
        "email": "order@bex.kg",
        "full_name": "Zhaparova  Nurzhan"
      },
      "bounding_box": {
        "h": 39.53,
        "w": 147.13,
        "x": 286.48,
        "y": 107.12
      },
      "name": "Venue Address"
    },
    {
      "annotator": {
        "email": "order@bex.kg",
        "full_name": "Zhaparova  Nurzhan"
      },
      "bounding_box": {
        "h": 40.46,
        "w": 348.56,
        "x": 189.08,
        "y": 63.37
      },
      "name": "Venue Name "
    }
  ]
}