{
  "image": {
    "width": 750,
    "height": 1000,
    "filename": "00000010.jpg",
    "original_filename": "1080-receipt.jpg",
    "url": "https://darwin.v7labs.com/api/images/1236925/original?token=8b277349-7b19-48cf-bbfe-7bb11792aca8",
    "thumbnail_url": "https://darwin.v7labs.com/api/images/1236925/thumbnail?token=8b277349-7b19-48cf-bbfe-7bb11792aca8",
    "workview_url": "https://darwin.v7labs.com/workview?dataset=1203&image=10"
  },
  "dataset": "OCR set 2",
  "annotated": true,
  "annotations": [
    {
      "annotator": {
        "email": "order@bex.kg",
        "full_name": "Zhaparova  Nurzhan"
      },
      "bounding_box": {
        "h": 29.76,
        "w": 220.24,
        "x": 242.06,
        "y": 174.6
      },
      "name": "Venue Name "
    },
    {
      "annotator": {
        "email": "order@bex.kg",
        "full_name": "Zhaparova  Nurzhan"
      },
      "bounding_box": {
        "h": 35.71,
        "w": 97.22,
        "x": 434.52,
        "y": 676.59
      },
      "name": "Amount paid "
    },
    {
      "annotator": {
        "email": "order@bex.kg",
        "full_name": "Zhaparova  Nurzhan"
      },
      "bounding_box": {
        "h": 17.86,
        "w": 329.37,
        "x": 186.51,
        "y": 206.35
      },
      "name": "Venue Address"
    },
    {
      "annotator": {
        "email": "order@bex.kg",
        "full_name": "Zhaparova  Nurzhan"
      },
      "bounding_box": {
        "h": 23.81,
        "w": 85.32,
        "x": 426.59,
        "y": 295.63
      },
      "name": "Receipt Date "
    }
  ]
}