{
  "image": {
    "width": 750,
    "height": 1000,
    "filename": "00000057.jpg",
    "original_filename": "1127-receipt.jpg",
    "url": "https://darwin.v7labs.com/api/images/1236972/original?token=8b277349-7b19-48cf-bbfe-7bb11792aca8",
    "thumbnail_url": "https://darwin.v7labs.com/api/images/1236972/thumbnail?token=8b277349-7b19-48cf-bbfe-7bb11792aca8",
    "workview_url": "https://darwin.v7labs.com/workview?dataset=1203&image=57"
  },
  "dataset": "OCR set 2",
  "annotated": true,
  "annotations": [
    {
      "annotator": {
        "email": "order@bex.kg",
        "full_name": "Zhaparova  Nurzhan"
      },
      "bounding_box": {
        "h": 23.81,
        "w": 103.17,
        "x": 305.56,
        "y": 480.16
      },
      "name": "Receipt Date "
    },
    {
      "annotator": {
        "email": "order@bex.kg",
        "full_name": "Zhaparova  Nurzhan"
      },
      "bounding_box": {
        "h": 53.57,
        "w": 194.44,
        "x": 228.17,
        "y": 261.9
      },
      "name": "Venue Name "
    },
    {
      "annotator": {
        "email": "order@bex.kg",
        "full_name": "Zhaparova  Nurzhan"
      },
      "bounding_box": {
        "h": 23.76,
        "w": 54.75,
        "x": 507.34,
        "y": 913.25
      },
      "name": "Amount paid "
    }
  ]
}