{
  "image": {
    "width": 750,
    "height": 1000,
    "filename": "00000058.jpg",
    "original_filename": "1128-receipt.jpg",
    "url": "https://darwin.v7labs.com/api/images/1236973/original?token=8b277349-7b19-48cf-bbfe-7bb11792aca8",
    "thumbnail_url": "https://darwin.v7labs.com/api/images/1236973/thumbnail?token=8b277349-7b19-48cf-bbfe-7bb11792aca8",
    "workview_url": "https://darwin.v7labs.com/workview?dataset=1203&image=58"
  },
  "dataset": "OCR set 2",
  "annotated": true,
  "annotations": [
    {
      "annotator": {
        "email": "order@bex.kg",
        "full_name": "Zhaparova  Nurzhan"
      },
      "bounding_box": {
        "h": 23.81,
        "w": 77.38,
        "x": 531.75,
        "y": 728.17
      },
      "name": "Amount paid "
    },
    {
      "annotator": {
        "email": "order@bex.kg",
        "full_name": "Zhaparova  Nurzhan"
      },
      "bounding_box": {
        "h": 29.76,
        "w": 349.21,
        "x": 180.56,
        "y": 220.24
      },
      "name": "Venue Name "
    },
    {
      "annotator": {
        "email": "order@bex.kg",
        "full_name": "Zhaparova  Nurzhan"
      },
      "bounding_box": {
        "h": 49.6,
        "w": 255.95,
        "x": 230.16,
        "y": 248.02
      },
      "name": "Venue Address"
    },
    {
      "annotator": {
        "email": "order@bex.kg",
        "full_name": "Zhaparova  Nurzhan"
      },
      "bounding_box": {
        "h": 25.31,
        "w": 137.67,
        "x": 123.7,
        "y": 439.63
      },
      "name": "Receipt Date "
    }
  ]
}