{
  "image": {
    "width": 750,
    "height": 1000,
    "filename": "00000020.jpg",
    "original_filename": "1090-receipt.jpg",
    "url": "https://darwin.v7labs.com/api/images/1236935/original?token=8b277349-7b19-48cf-bbfe-7bb11792aca8",
    "thumbnail_url": "https://darwin.v7labs.com/api/images/1236935/thumbnail?token=8b277349-7b19-48cf-bbfe-7bb11792aca8",
    "workview_url": "https://darwin.v7labs.com/workview?dataset=1203&image=20"
  },
  "dataset": "OCR set 2",
  "annotated": true,
  "annotations": [
    {
      "annotator": {
        "email": "order@bex.kg",
        "full_name": "Zhaparova  Nurzhan"
      },
      "bounding_box": {
        "h": 12.29,
        "w": 36.15,
        "x": 462.95,
        "y": 512.54
      },
      "name": "Amount paid "
    },
    {
      "annotator": {
        "email": "order@bex.kg",
        "full_name": "Zhaparova  Nurzhan"
      },
      "bounding_box": {
        "h": 29.04,
        "w": 213.49,
        "x": 271.37,
        "y": 16.02
      },
      "name": "Venue Name "
    },
    {
      "annotator": {
        "email": "order@bex.kg",
        "full_name": "Zhaparova  Nurzhan"
      },
      "bounding_box": {
        "h": 24.27,
        "w": 179.26,
        "x": 293.35,
        "y": 71.46
      },
      "name": "Venue Address"
    },
    {
      "annotator": {
        "email": "order@bex.kg",
        "full_name": "Zhaparova  Nurzhan"
      },
      "bounding_box": {
        "h": 11.97,
        "w": 52.93,
        "x": 267.05,
        "y": 121.04
      },
      "name": "Receipt Date "
    }
  ]
}