{
  "image": {
    "width": 750,
    "height": 1000,
    "filename": "00000064.jpg",
    "original_filename": "1134-receipt.jpg",
    "url": "https://darwin.v7labs.com/api/images/1236979/original?token=8b277349-7b19-48cf-bbfe-7bb11792aca8",
    "thumbnail_url": "https://darwin.v7labs.com/api/images/1236979/thumbnail?token=8b277349-7b19-48cf-bbfe-7bb11792aca8",
    "workview_url": "https://darwin.v7labs.com/workview?dataset=1203&image=64"
  },
  "dataset": "OCR set 2",
  "annotated": true,
  "annotations": [
    {
      "annotator": {
        "email": "order@bex.kg",
        "full_name": "Zhaparova  Nurzhan"
      },
      "bounding_box": {
        "h": 20.25,
        "w": 90.1,
        "x": 157.88,
        "y": 490.24
      },
      "name": "Receipt Date "
    },
    {
      "annotator": {
        "email": "order@bex.kg",
        "full_name": "Zhaparova  Nurzhan"
      },
      "bounding_box": {
        "h": 18.22,
        "w": 50.62,
        "x": 304.66,
        "y": 331.31
      },
      "name": "Venue Name "
    },
    {
      "annotator": {
        "email": "order@bex.kg",
        "full_name": "Zhaparova  Nurzhan"
      },
      "bounding_box": {
        "h": 34.42,
        "w": 196.39,
        "x": 233.8,
        "y": 393.06
      },
      "name": "Venue Address"
    },
    {
      "annotator": {
        "email": "order@bex.kg",
        "full_name": "Zhaparova  Nurzhan"
      },
      "bounding_box": {
        "h": 26.86,
        "w": 65.08,
        "x": 474.51,
        "y": 758.01
      },
      "name": "Amount paid "
    }
  ]
}