{
  "image": {
    "width": 750,
    "height": 1000,
    "filename": "00000032.jpg",
    "original_filename": "1031-receipt.jpg",
    "url": "https://darwin.v7labs.com/api/images/1236876/original?token=b7e572f8-6043-4594-8689-54b26ad0cf02",
    "thumbnail_url": "https://darwin.v7labs.com/api/images/1236876/thumbnail?token=b7e572f8-6043-4594-8689-54b26ad0cf02",
    "workview_url": "https://darwin.v7labs.com/workview?dataset=1202&image=32"
  },
  "dataset": "OCR Set",
  "annotated": true,
  "annotations": [
    {
      "bounding_box": {
        "h": 27.54,
        "w": 104.35,
        "x": 459.73,
        "y": 654.94
      },
      "name": "Amount paid "
    },
    {
      "bounding_box": {
        "h": 49.19,
        "w": 239.99,
        "x": 171.75,
        "y": 186.66
      },
      "name": "Venue Address"
    },
    {
      "bounding_box": {
        "h": 28.11,
        "w": 263.23,
        "x": 174.45,
        "y": 162.88
      },
      "name": "Venue Name"
    },
    {
      "bounding_box": {
        "h": 25.94,
        "w": 83.78,
        "x": 172.29,
        "y": 254.23
      },
      "name": "Receipt Date"
    }
  ]
}