{
  "image": {
    "width": 750,
    "height": 1000,
    "filename": "00000018.jpg",
    "original_filename": "1017-receipt.jpg",
    "url": "https://darwin.v7labs.com/api/images/1236862/original?token=b7e572f8-6043-4594-8689-54b26ad0cf02",
    "thumbnail_url": "https://darwin.v7labs.com/api/images/1236862/thumbnail?token=b7e572f8-6043-4594-8689-54b26ad0cf02",
    "workview_url": "https://darwin.v7labs.com/workview?dataset=1202&image=18"
  },
  "dataset": "OCR Set",
  "annotated": true,
  "annotations": [
    {
      "bounding_box": {
        "h": 25.96,
        "w": 110.18,
        "x": 138.99,
        "y": 276.26
      },
      "name": "Receipt Date"
    },
    {
      "bounding_box": {
        "h": 22.78,
        "w": 52.51,
        "x": 362.24,
        "y": 60.73
      },
      "name": "Venue Name"
    },
    {
      "bounding_box": {
        "h": 79.45,
        "w": 291.33,
        "x": 234.07,
        "y": 109.37
      },
      "name": "Venue Address"
    },
    {
      "bounding_box": {
        "h": 31.03,
        "w": 77.18,
        "x": 603.99,
        "y": 750.86
      },
      "name": "Amount paid "
    }
  ]
}