{
  "image": {
    "width": 750,
    "height": 1000,
    "filename": "00000028.jpg",
    "original_filename": "1027-receipt.jpg",
    "url": "https://darwin.v7labs.com/api/images/1236872/original?token=b7e572f8-6043-4594-8689-54b26ad0cf02",
    "thumbnail_url": "https://darwin.v7labs.com/api/images/1236872/thumbnail?token=b7e572f8-6043-4594-8689-54b26ad0cf02",
    "workview_url": "https://darwin.v7labs.com/workview?dataset=1202&image=28"
  },
  "dataset": "OCR Set",
  "annotated": true,
  "annotations": [
    {
      "bounding_box": {
        "h": 33.51,
        "w": 74.05,
        "x": 497.81,
        "y": 717.73
      },
      "name": "Amount paid "
    },
    {
      "bounding_box": {
        "h": 63.78,
        "w": 220.53,
        "x": 258.41,
        "y": 45.06
      },
      "name": "Venue Address"
    },
    {
      "bounding_box": {
        "h": 32.97,
        "w": 116.21,
        "x": 310.84,
        "y": 18.57
      },
      "name": "Venue Name"
    },
    {
      "bounding_box": {
        "h": 28.65,
        "w": 113.51,
        "x": 472.99,
        "y": 162.89
      },
      "name": "Receipt Date"
    }
  ]
}