{
  "image": {
    "width": 750,
    "height": 1000,
    "filename": "00000040.jpg",
    "original_filename": "1039-receipt.jpg",
    "url": "https://darwin.v7labs.com/api/images/1236884/original?token=b7e572f8-6043-4594-8689-54b26ad0cf02",
    "thumbnail_url": "https://darwin.v7labs.com/api/images/1236884/thumbnail?token=b7e572f8-6043-4594-8689-54b26ad0cf02",
    "workview_url": "https://darwin.v7labs.com/workview?dataset=1202&image=40"
  },
  "dataset": "OCR Set",
  "annotated": true,
  "annotations": [
    {
      "bounding_box": {
        "h": 100.88,
        "w": 22.87,
        "x": 232.5,
        "y": 695.4
      },
      "name": "Amount paid "
    },
    {
      "bounding_box": {
        "h": 210.82,
        "w": 34.57,
        "x": 479.54,
        "y": 372.39
      },
      "name": "Venue Address"
    },
    {
      "bounding_box": {
        "h": 224.38,
        "w": 24.4,
        "x": 523.6,
        "y": 364.93
      },
      "name": "Venue Name"
    },
    {
      "bounding_box": {
        "h": 132.58,
        "w": 21.14,
        "x": 445.49,
        "y": 346.04
      },
      "name": "Receipt Date"
    }
  ]
}