{
  "image": {
    "width": 750,
    "height": 1000,
    "filename": "00000058.jpg",
    "original_filename": "1057-receipt.jpg",
    "url": "https://darwin.v7labs.com/api/images/1236902/original?token=b7e572f8-6043-4594-8689-54b26ad0cf02",
    "thumbnail_url": "https://darwin.v7labs.com/api/images/1236902/thumbnail?token=b7e572f8-6043-4594-8689-54b26ad0cf02",
    "workview_url": "https://darwin.v7labs.com/workview?dataset=1202&image=58"
  },
  "dataset": "OCR Set",
  "annotated": true,
  "annotations": [
    {
      "bounding_box": {
        "h": 25.91,
        "w": 120.24,
        "x": 459.77,
        "y": 340.38
      },
      "name": "Receipt Date"
    },
    {
      "bounding_box": {
        "h": 58.46,
        "w": 242.48,
        "x": 215.96,
        "y": 234.08
      },
      "name": "Venue Address"
    },
    {
      "bounding_box": {
        "h": 38.53,
        "w": 330.17,
        "x": 170.12,
        "y": 202.19
      },
      "name": "Venue Name"
    },
    {
      "bounding_box": {
        "h": 23.86,
        "w": 65.37,
        "x": 548.86,
        "y": 700.31
      },
      "name": "Amount paid "
    }
  ]
}