{
  "image": {
    "width": 750,
    "height": 1000,
    "filename": "00000017.jpg",
    "original_filename": "1016-receipt.jpg",
    "url": "https://darwin.v7labs.com/api/images/1236861/original?token=b7e572f8-6043-4594-8689-54b26ad0cf02",
    "thumbnail_url": "https://darwin.v7labs.com/api/images/1236861/thumbnail?token=b7e572f8-6043-4594-8689-54b26ad0cf02",
    "workview_url": "https://darwin.v7labs.com/workview?dataset=1202&image=17"
  },
  "dataset": "OCR Set",
  "annotated": true,
  "annotations": [
    {
      "bounding_box": {
        "h": 40.79,
        "w": 120.14,
        "x": 455.59,
        "y": 711.17
      },
      "name": "Amount paid "
    },
    {
      "bounding_box": {
        "h": 67.95,
        "w": 271.8,
        "x": 228.25,
        "y": 214.38
      },
      "name": "Venue Address"
    },
    {
      "bounding_box": {
        "h": 45.94,
        "w": 166.01,
        "x": 285.39,
        "y": 181.56
      },
      "name": "Venue Name"
    },
    {
      "bounding_box": {
        "h": 26.99,
        "w": 89.33,
        "x": 478.66,
        "y": 397.1
      },
      "name": "Receipt Date"
    }
  ]
}