{
  "image": {
    "width": 750,
    "height": 1000,
    "filename": "00000012.jpg",
    "original_filename": "1011-receipt.jpg",
    "url": "https://darwin.v7labs.com/api/images/1236856/original?token=b7e572f8-6043-4594-8689-54b26ad0cf02",
    "thumbnail_url": "https://darwin.v7labs.com/api/images/1236856/thumbnail?token=b7e572f8-6043-4594-8689-54b26ad0cf02",
    "workview_url": "https://darwin.v7labs.com/workview?dataset=1202&image=12"
  },
  "dataset": "OCR Set",
  "annotated": true,
  "annotations": [
    {
      "bounding_box": {
        "h": 22.25,
        "w": 92.7,
        "x": 406.83,
        "y": 198.89
      },
      "name": "Receipt Date"
    },
    {
      "bounding_box": {
        "h": 26.27,
        "w": 186.6,
        "x": 277.27,
        "y": 77.77
      },
      "name": "Venue Name"
    },
    {
      "bounding_box": {
        "h": 53.09,
        "w": 268.11,
        "x": 231.69,
        "y": 91.18
      },
      "name": "Venue Address"
    },
    {
      "bounding_box": {
        "h": 37.08,
        "w": 126.37,
        "x": 473.07,
        "y": 508.22
      },
      "name": "Amount paid "
    }
  ]
}