{
  "image": {
    "width": 750,
    "height": 1000,
    "filename": "00000034.jpg",
    "original_filename": "1104-receipt.jpg",
    "url": "https://darwin.v7labs.com/api/images/1236949/original?token=8b277349-7b19-48cf-bbfe-7bb11792aca8",
    "thumbnail_url": "https://darwin.v7labs.com/api/images/1236949/thumbnail?token=8b277349-7b19-48cf-bbfe-7bb11792aca8",
    "workview_url": "https://darwin.v7labs.com/workview?dataset=1203&image=34"
  },
  "dataset": "OCR set 2",
  "annotated": true,
  "annotations": [
    {
      "annotator": {
        "email": "order@bex.kg",
        "full_name": "Zhaparova  Nurzhan"
      },
      "bounding_box": {
        "h": 53.57,
        "w": 75.4,
        "x": 529.76,
        "y": 791.67
      },
      "name": "Amount paid "
    },
    {
      "annotator": {
        "email": "order@bex.kg",
        "full_name": "Zhaparova  Nurzhan"
      },
      "bounding_box": {
        "h": 55.56,
        "w": 327.38,
        "x": 200.4,
        "y": 97.22
      },
      "name": "Venue Name "
    },
    {
      "annotator": {
        "email": "order@bex.kg",
        "full_name": "Zhaparova  Nurzhan"
      },
      "bounding_box": {
        "h": 55.56,
        "w": 240.08,
        "x": 248.02,
        "y": 150.79
      },
      "name": "Venue Address"
    },
    {
      "annotator": {
        "email": "order@bex.kg",
        "full_name": "Zhaparova  Nurzhan"
      },
      "bounding_box": {
        "h": 29.76,
        "w": 105.16,
        "x": 250,
        "y": 910.71
      },
      "name": "Receipt Date "
    }
  ]
}