{
  "image": {
    "width": 750,
    "height": 1000,
    "filename": "00000044.jpg",
    "original_filename": "1043-receipt.jpg",
    "url": "https://darwin.v7labs.com/api/images/1236888/original?token=b7e572f8-6043-4594-8689-54b26ad0cf02",
    "thumbnail_url": "https://darwin.v7labs.com/api/images/1236888/thumbnail?token=b7e572f8-6043-4594-8689-54b26ad0cf02",
    "workview_url": "https://darwin.v7labs.com/workview?dataset=1202&image=44"
  },
  "dataset": "OCR Set",
  "annotated": true,
  "annotations": [
    {
      "bounding_box": {
        "h": 24.68,
        "w": 128.12,
        "x": 247.59,
        "y": 187.85
      },
      "name": "Receipt Date"
    },
    {
      "bounding_box": {
        "h": 57.64,
        "w": 204.63,
        "x": 249.39,
        "y": 56.74
      },
      "name": "Venue Name"
    },
    {
      "bounding_box": {
        "h": 57.64,
        "w": 161.98,
        "x": 277.63,
        "y": 93.05
      },
      "name": "Venue Address"
    },
    {
      "bounding_box": {
        "h": 29.05,
        "w": 58.59,
        "x": 566.87,
        "y": 677.08
      },
      "name": "Amount paid "
    }
  ]
}