{
  "image": {
    "width": 750,
    "height": 1000,
    "filename": "00000021.jpg",
    "original_filename": "1091-receipt.jpg",
    "url": "https://darwin.v7labs.com/api/images/1236936/original?token=8b277349-7b19-48cf-bbfe-7bb11792aca8",
    "thumbnail_url": "https://darwin.v7labs.com/api/images/1236936/thumbnail?token=8b277349-7b19-48cf-bbfe-7bb11792aca8",
    "workview_url": "https://darwin.v7labs.com/workview?dataset=1203&image=21"
  },
  "dataset": "OCR set 2",
  "annotated": true,
  "annotations": [
    {
      "annotator": {
        "email": "order@bex.kg",
        "full_name": "Zhaparova  Nurzhan"
      },
      "bounding_box": {
        "h": 19.23,
        "w": 91.11,
        "x": 209.02,
        "y": 287.29
      },
      "name": "Receipt Date "
    },
    {
      "annotator": {
        "email": "order@bex.kg",
        "full_name": "Zhaparova  Nurzhan"
      },
      "bounding_box": {
        "h": 31.77,
        "w": 155.77,
        "x": 285.47,
        "y": 149.44
      },
      "name": "Venue Name "
    },
    {
      "annotator": {
        "email": "order@bex.kg",
        "full_name": "Zhaparova  Nurzhan"
      },
      "bounding_box": {
        "h": 50.21,
        "w": 226.47,
        "x": 246.53,
        "y": 176.09
      },
      "name": "Venue Address"
    },
    {
      "annotator": {
        "email": "order@bex.kg",
        "full_name": "Zhaparova  Nurzhan"
      },
      "bounding_box": {
        "h": 30.37,
        "w": 75.2,
        "x": 526.75,
        "y": 759.82
      },
      "name": "Amount paid "
    }
  ]
}