{
  "image": {
    "width": 348,
    "height": 348,
    "filename": "00000053.jpg",
    "original_filename": "1052-receipt.jpg",
    "url": "https://darwin.v7labs.com/api/images/1236897/original?token=b7e572f8-6043-4594-8689-54b26ad0cf02",
    "thumbnail_url": "https://darwin.v7labs.com/api/images/1236897/thumbnail?token=b7e572f8-6043-4594-8689-54b26ad0cf02",
    "workview_url": "https://darwin.v7labs.com/workview?dataset=1202&image=53"
  },
  "dataset": "OCR Set",
  "annotated": true,
  "annotations": [
    {
      "bounding_box": {
        "h": 17.72,
        "w": 90.93,
        "x": 241.96,
        "y": 330.22
      },
      "name": "Amount paid "
    },
    {
      "bounding_box": {
        "h": 25.48,
        "w": 135.64,
        "x": 102.14,
        "y": 6.92
      },
      "name": "Venue Address"
    },
    {
      "bounding_box": {
        "h": 10.62,
        "w": 80.21,
        "x": 127.14,
        "y": -0.63
      },
      "name": "Venue Name"
    },
    {
      "bounding_box": {
        "h": 13.21,
        "w": 66.53,
        "x": 117.71,
        "y": 124.87
      },
      "name": "Receipt Date"
    }
  ]
}