{
  "image": {
    "width": 750,
    "height": 1000,
    "filename": "00000008.jpg",
    "original_filename": "1078-receipt.jpg",
    "url": "https://darwin.v7labs.com/api/images/1236923/original?token=8b277349-7b19-48cf-bbfe-7bb11792aca8",
    "thumbnail_url": "https://darwin.v7labs.com/api/images/1236923/thumbnail?token=8b277349-7b19-48cf-bbfe-7bb11792aca8",
    "workview_url": "https://darwin.v7labs.com/workview?dataset=1203&image=8"
  },
  "dataset": "OCR set 2",
  "annotated": true,
  "annotations": [
    {
      "annotator": {
        "email": "order@bex.kg",
        "full_name": "Zhaparova  Nurzhan"
      },
      "bounding_box": {
        "h": 31.82,
        "w": 69.42,
        "x": 420.11,
        "y": 696.1
      },
      "name": "Amount paid "
    },
    {
      "annotator": {
        "email": "order@bex.kg",
        "full_name": "Zhaparova  Nurzhan"
      },
      "bounding_box": {
        "h": 53.51,
        "w": 185.11,
        "x": 213.21,
        "y": 268.89
      },
      "name": "Venue Name "
    },
    {
      "annotator": {
        "email": "order@bex.kg",
        "full_name": "Zhaparova  Nurzhan"
      },
      "bounding_box": {
        "h": 17.35,
        "w": 70.86,
        "x": 326.01,
        "y": 545.11
      },
      "name": "Receipt Date "
    }
  ]
}