{
  "image": {
    "width": 300,
    "height": 400,
    "filename": "00000054.jpg",
    "original_filename": "1053-receipt.jpg",
    "url": "https://darwin.v7labs.com/api/images/1236898/original?token=b7e572f8-6043-4594-8689-54b26ad0cf02",
    "thumbnail_url": "https://darwin.v7labs.com/api/images/1236898/thumbnail?token=b7e572f8-6043-4594-8689-54b26ad0cf02",
    "workview_url": "https://darwin.v7labs.com/workview?dataset=1202&image=54"
  },
  "dataset": "OCR Set",
  "annotated": true,
  "annotations": [
    {
      "bounding_box": {
        "h": 9.83,
        "w": 27.37,
        "x": 101.16,
        "y": 121.7
      },
      "name": "Receipt Date"
    },
    {
      "bounding_box": {
        "h": 85.42,
        "w": 178.13,
        "x": 40.47,
        "y": 32.74
      },
      "name": "Venue Name"
    },
    {
      "bounding_box": {
        "h": 15.49,
        "w": 27.12,
        "x": 188.82,
        "y": 210.02
      },
      "name": "Amount paid "
    }
  ]
}