{
  "image": {
    "width": 750,
    "height": 1000,
    "filename": "00000047.jpg",
    "original_filename": "1117-receipt.jpg",
    "url": "https://darwin.v7labs.com/api/images/1236962/original?token=8b277349-7b19-48cf-bbfe-7bb11792aca8",
    "thumbnail_url": "https://darwin.v7labs.com/api/images/1236962/thumbnail?token=8b277349-7b19-48cf-bbfe-7bb11792aca8",
    "workview_url": "https://darwin.v7labs.com/workview?dataset=1203&image=47"
  },
  "dataset": "OCR set 2",
  "annotated": true,
  "annotations": [
    {
      "annotator": {
        "email": "order@bex.kg",
        "full_name": "Zhaparova  Nurzhan"
      },
      "bounding_box": {
        "h": 37.7,
        "w": 89.29,
        "x": 202.38,
        "y": 615.08
      },
      "name": "Receipt Date "
    },
    {
      "annotator": {
        "email": "order@bex.kg",
        "full_name": "Zhaparova  Nurzhan"
      },
      "bounding_box": {
        "h": 32.6,
        "w": 195.58,
        "x": 308.11,
        "y": 131.24
      },
      "name": "Venue Name "
    },
    {
      "annotator": {
        "email": "order@bex.kg",
        "full_name": "Zhaparova  Nurzhan"
      },
      "bounding_box": {
        "h": 55.27,
        "w": 293.37,
        "x": 257.09,
        "y": 156.75
      },
      "name": "Venue Address"
    },
    {
      "annotator": {
        "email": "order@bex.kg",
        "full_name": "Zhaparova  Nurzhan"
      },
      "bounding_box": {
        "h": 60.26,
        "w": 163.55,
        "x": 456.5,
        "y": 527.15
      },
      "name": "Amount paid "
    }
  ]
}