{
  "image": {
    "width": 750,
    "height": 1000,
    "filename": "00000066.jpg",
    "original_filename": "1136-receipt.jpg",
    "url": "https://darwin.v7labs.com/api/images/1236981/original?token=8b277349-7b19-48cf-bbfe-7bb11792aca8",
    "thumbnail_url": "https://darwin.v7labs.com/api/images/1236981/thumbnail?token=8b277349-7b19-48cf-bbfe-7bb11792aca8",
    "workview_url": "https://darwin.v7labs.com/workview?dataset=1203&image=66"
  },
  "dataset": "OCR set 2",
  "annotated": true,
  "annotations": [
    {
      "annotator": {
        "email": "order@bex.kg",
        "full_name": "Zhaparova  Nurzhan"
      },
      "bounding_box": {
        "h": 27.78,
        "w": 132.94,
        "x": 480.16,
        "y": 285.71
      },
      "name": "Receipt Date "
    },
    {
      "annotator": {
        "email": "order@bex.kg",
        "full_name": "Zhaparova  Nurzhan"
      },
      "bounding_box": {
        "h": 31.75,
        "w": 323.41,
        "x": 148.81,
        "y": 240.08
      },
      "name": "Venue Name "
    },
    {
      "annotator": {
        "email": "order@bex.kg",
        "full_name": "Zhaparova  Nurzhan"
      },
      "bounding_box": {
        "h": 53.57,
        "w": 224.21,
        "x": 152.78,
        "y": 297.62
      },
      "name": "Venue Address"
    },
    {
      "annotator": {
        "email": "order@bex.kg",
        "full_name": "Zhaparova  Nurzhan"
      },
      "bounding_box": {
        "h": 34.09,
        "w": 87.8,
        "x": 562.11,
        "y": 945.95
      },
      "name": "Amount paid "
    }
  ]
}