{
  "image": {
    "width": 750,
    "height": 1000,
    "filename": "00000023.jpg",
    "original_filename": "1022-receipt.jpg",
    "url": "https://darwin.v7labs.com/api/images/1236867/original?token=b7e572f8-6043-4594-8689-54b26ad0cf02",
    "thumbnail_url": "https://darwin.v7labs.com/api/images/1236867/thumbnail?token=b7e572f8-6043-4594-8689-54b26ad0cf02",
    "workview_url": "https://darwin.v7labs.com/workview?dataset=1202&image=23"
  },
  "dataset": "OCR Set",
  "annotated": true,
  "annotations": [
    {
      "bounding_box": {
        "h": 20.54,
        "w": 88.1,
        "x": 176.09,
        "y": 790.49
      },
      "name": "Receipt Date"
    },
    {
      "bounding_box": {
        "h": 26.48,
        "w": 322.36,
        "x": 217.83,
        "y": 279.14
      },
      "name": "Venue Name"
    },
    {
      "bounding_box": {
        "h": 22.06,
        "w": 320.81,
        "x": 218.05,
        "y": 304.62
      },
      "name": "Venue Address"
    },
    {
      "bounding_box": {
        "h": 40.86,
        "w": 89.67,
        "x": 486.16,
        "y": 624.67
      },
      "name": "Amount paid "
    }
  ]
}