{
  "image": {
    "width": 750,
    "height": 1000,
    "filename": "00000047.jpg",
    "original_filename": "1046-receipt.jpg",
    "url": "https://darwin.v7labs.com/api/images/1236891/original?token=b7e572f8-6043-4594-8689-54b26ad0cf02",
    "thumbnail_url": "https://darwin.v7labs.com/api/images/1236891/thumbnail?token=b7e572f8-6043-4594-8689-54b26ad0cf02",
    "workview_url": "https://darwin.v7labs.com/workview?dataset=1202&image=47"
  },
  "dataset": "OCR Set",
  "annotated": true,
  "annotations": [
    {
      "bounding_box": {
        "h": 30.17,
        "w": 80.33,
        "x": 564.79,
        "y": 858.7
      },
      "name": "Amount paid "
    },
    {
      "bounding_box": {
        "h": 63.72,
        "w": 227.77,
        "x": 243.64,
        "y": 334.15
      },
      "name": "Venue Address"
    },
    {
      "bounding_box": {
        "h": 35.93,
        "w": 251.5,
        "x": 232.79,
        "y": 306.36
      },
      "name": "Venue Name"
    },
    {
      "bounding_box": {
        "h": 30.5,
        "w": 98.29,
        "x": 436.16,
        "y": 425.67
      },
      "name": "Receipt Date"
    }
  ]
}