{
  "image": {
    "width": 750,
    "height": 1000,
    "filename": "00000043.jpg",
    "original_filename": "1042-receipt.jpg",
    "url": "https://darwin.v7labs.com/api/images/1236887/original?token=b7e572f8-6043-4594-8689-54b26ad0cf02",
    "thumbnail_url": "https://darwin.v7labs.com/api/images/1236887/thumbnail?token=b7e572f8-6043-4594-8689-54b26ad0cf02",
    "workview_url": "https://darwin.v7labs.com/workview?dataset=1202&image=43"
  },
  "dataset": "OCR Set",
  "annotated": true,
  "annotations": [
    {
      "bounding_box": {
        "h": 31.89,
        "w": 144.16,
        "x": 440.0,
        "y": 792.68
      },
      "name": "Amount paid "
    },
    {
      "bounding_box": {
        "h": 27.86,
        "w": 91.75,
        "x": 342.15,
        "y": 99.85
      },
      "name": "Venue Address"
    },
    {
      "bounding_box": {
        "h": 25.46,
        "w": 86.95,
        "x": 240.32,
        "y": 111.86
      },
      "name": "Venue Name"
    },
    {
      "bounding_box": {
        "h": 25.46,
        "w": 88.39,
        "x": 163.94,
        "y": 203.13
      },
      "name": "Receipt Date"
    }
  ]
}