{
  "image": {
    "width": 750,
    "height": 1000,
    "filename": "00000049.jpg",
    "original_filename": "1048-receipt.jpg",
    "url": "https://darwin.v7labs.com/api/images/1236893/original?token=b7e572f8-6043-4594-8689-54b26ad0cf02",
    "thumbnail_url": "https://darwin.v7labs.com/api/images/1236893/thumbnail?token=b7e572f8-6043-4594-8689-54b26ad0cf02",
    "workview_url": "https://darwin.v7labs.com/workview?dataset=1202&image=49"
  },
  "dataset": "OCR Set",
  "annotated": true,
  "annotations": [
    {
      "bounding_box": {
        "h": 27.24,
        "w": 55.8,
        "x": 498.11,
        "y": 778.75
      },
      "name": "Amount paid "
    },
    {
      "bounding_box": {
        "h": 50.36,
        "w": 205.79,
        "x": 255.68,
        "y": 221.04
      },
      "name": "Venue Address"
    },
    {
      "bounding_box": {
        "h": 22.76,
        "w": 104.1,
        "x": 300.23,
        "y": 200.7
      },
      "name": "Venue Name"
    },
    {
      "bounding_box": {
        "h": 19.85,
        "w": 93.45,
        "x": 456.63,
        "y": 289.8
      },
      "name": "Receipt Date"
    }
  ]
}