{
  "image": {
    "width": 562,
    "height": 1000,
    "filename": "00000027.jpg",
    "original_filename": "1097-receipt.jpg",
    "url": "https://darwin.v7labs.com/api/images/1236942/original?token=8b277349-7b19-48cf-bbfe-7bb11792aca8",
    "thumbnail_url": "https://darwin.v7labs.com/api/images/1236942/thumbnail?token=8b277349-7b19-48cf-bbfe-7bb11792aca8",
    "workview_url": "https://darwin.v7labs.com/workview?dataset=1203&image=27"
  },
  "dataset": "OCR set 2",
  "annotated": true,
  "annotations": [
    {
      "annotator": {
        "email": "order@bex.kg",
        "full_name": "Zhaparova  Nurzhan"
      },
      "bounding_box": {
        "h": 31.75,
        "w": 121.03,
        "x": 223.46,
        "y": 303.57
      },
      "name": "Receipt Date "
    },
    {
      "annotator": {
        "email": "order@bex.kg",
        "full_name": "Zhaparova  Nurzhan"
      },
      "bounding_box": {
        "h": 59.52,
        "w": 281.75,
        "x": 120.29,
        "y": 144.84
      },
      "name": "Venue Address"
    },
    {
      "annotator": {
        "email": "order@bex.kg",
        "full_name": "Zhaparova  Nurzhan"
      },
      "bounding_box": {
        "h": 53.57,
        "w": 351.19,
        "x": 86.56,
        "y": 59.52
      },
      "name": "Venue Name "
    },
    {
      "annotator": {
        "email": "order@bex.kg",
        "full_name": "Zhaparova  Nurzhan"
      },
      "bounding_box": {
        "h": 32.54,
        "w": 77.13,
        "x": 450.37,
        "y": 747.04
      },
      "name": "Amount paid "
    }
  ]
}