{
  "image": {
    "width": 734,
    "height": 1000,
    "filename": "00000068.jpg",
    "original_filename": "1067-receipt.jpg",
    "url": "https://darwin.v7labs.com/api/images/1236912/original?token=b7e572f8-6043-4594-8689-54b26ad0cf02",
    "thumbnail_url": "https://darwin.v7labs.com/api/images/1236912/thumbnail?token=b7e572f8-6043-4594-8689-54b26ad0cf02",
    "workview_url": "https://darwin.v7labs.com/workview?dataset=1202&image=68"
  },
  "dataset": "OCR Set",
  "annotated": true,
  "annotations": [
    {
      "bounding_box": {
        "h": 64.44,
        "w": 63.78,
        "x": 634.67,
        "y": 898.3
      },
      "name": "Amount paid "
    },
    {
      "bounding_box": {
        "h": 56.94,
        "w": 232.51,
        "x": 244.34,
        "y": 68.35
      },
      "name": "Venue Address"
    },
    {
      "bounding_box": {
        "h": 49.96,
        "w": 335.29,
        "x": 191.42,
        "y": 0.43
      },
      "name": "Venue Name"
    }
  ]
}