{
  "image": {
    "width": 750,
    "height": 1000,
    "filename": "00000029.jpg",
    "original_filename": "1099-receipt.jpg",
    "url": "https://darwin.v7labs.com/api/images/1236944/original?token=8b277349-7b19-48cf-bbfe-7bb11792aca8",
    "thumbnail_url": "https://darwin.v7labs.com/api/images/1236944/thumbnail?token=8b277349-7b19-48cf-bbfe-7bb11792aca8",
    "workview_url": "https://darwin.v7labs.com/workview?dataset=1203&image=29"
  },
  "dataset": "OCR set 2",
  "annotated": true,
  "annotations": [
    {
      "annotator": {
        "email": "order@bex.kg",
        "full_name": "Zhaparova  Nurzhan"
      },
      "bounding_box": {
        "h": 24.1,
        "w": 115.69,
        "x": 423.1,
        "y": 152.96
      },
      "name": "Receipt Date "
    },
    {
      "annotator": {
        "email": "order@bex.kg",
        "full_name": "Zhaparova  Nurzhan"
      },
      "bounding_box": {
        "h": 28.06,
        "w": 290.35,
        "x": 138.37,
        "y": 10.52
      },
      "name": "Venue Name "
    },
    {
      "annotator": {
        "email": "order@bex.kg",
        "full_name": "Zhaparova  Nurzhan"
      },
      "bounding_box": {
        "h": 57.06,
        "w": 287.36,
        "x": 140.15,
        "y": 37.59
      },
      "name": "Venue Address"
    },
    {
      "annotator": {
        "email": "order@bex.kg",
        "full_name": "Zhaparova  Nurzhan"
      },
      "bounding_box": {
        "h": 29.96,
        "w": 119.82,
        "x": 452.12,
        "y": 738.74
      },
      "name": "Amount paid "
    }
  ]
}