{
  "image": {
    "width": 250,
    "height": 250,
    "filename": "00000044.jpg",
    "original_filename": "1114-receipt.jpg",
    "url": "https://darwin.v7labs.com/api/images/1236959/original?token=8b277349-7b19-48cf-bbfe-7bb11792aca8",
    "thumbnail_url": "https://darwin.v7labs.com/api/images/1236959/thumbnail?token=8b277349-7b19-48cf-bbfe-7bb11792aca8",
    "workview_url": "https://darwin.v7labs.com/workview?dataset=1203&image=44"
  },
  "dataset": "OCR set 2",
  "annotated": true,
  "annotations": [
    {
      "annotator": {
        "email": "order@bex.kg",
        "full_name": "Zhaparova  Nurzhan"
      },
      "bounding_box": {
        "h": 13.89,
        "w": 85.32,
        "x": 81.35,
        "y": 78.87
      },
      "name": "Venue Address"
    },
    {
      "annotator": {
        "email": "order@bex.kg",
        "full_name": "Zhaparova  Nurzhan"
      },
      "bounding_box": {
        "h": 32.74,
        "w": 120.04,
        "x": 62.0,
        "y": 23.81
      },
      "name": "Venue Name "
    },
    {
      "annotator": {
        "email": "order@bex.kg",
        "full_name": "Zhaparova  Nurzhan"
      },
      "bounding_box": {
        "h": 16.87,
        "w": 53.08,
        "x": 148.31,
        "y": 159.72
      },
      "name": "Amount paid "
    },
    {
      "annotator": {
        "email": "order@bex.kg",
        "full_name": "Zhaparova  Nurzhan"
      },
      "bounding_box": {
        "h": 9.42,
        "w": 42.66,
        "x": 151.29,
        "y": 96.73
      },
      "name": "Receipt Date "
    }
  ]
}