{
  "image": {
    "width": 348,
    "height": 348,
    "filename": "00000069.jpg",
    "original_filename": "1068-receipt.jpg",
    "url": "https://darwin.v7labs.com/api/images/1236913/original?token=b7e572f8-6043-4594-8689-54b26ad0cf02",
    "thumbnail_url": "https://darwin.v7labs.com/api/images/1236913/thumbnail?token=b7e572f8-6043-4594-8689-54b26ad0cf02",
    "workview_url": "https://darwin.v7labs.com/workview?dataset=1202&image=69"
  },
  "dataset": "OCR Set",
  "annotated": true,
  "annotations": [
    {
      "bounding_box": {
        "h": 16.65,
        "w": 45.77,
        "x": 186.7,
        "y": 131.67
      },
      "name": "Receipt Date"
    },
    {
      "bounding_box": {
        "h": 17.11,
        "w": 66.58,
        "x": 131.67,
        "y": 60.47
      },
      "name": "Venue Name"
    },
    {
      "bounding_box": {
        "h": 28.67,
        "w": 103.11,
        "x": 110.87,
        "y": 71.1
      },
      "name": "Venue Address"
    },
    {
      "bounding_box": {
        "h": 18.58,
        "w": 53.92,
        "x": 263.72,
        "y": 312.2
      },
      "name": "Amount paid "
    }
  ]
}