{
  "image": {
    "width": 867,
    "height": 1000,
    "filename": "00000007.jpg",
    "original_filename": "1077-receipt.jpg",
    "url": "https://darwin.v7labs.com/api/images/1236922/original?token=8b277349-7b19-48cf-bbfe-7bb11792aca8",
    "thumbnail_url": "https://darwin.v7labs.com/api/images/1236922/thumbnail?token=8b277349-7b19-48cf-bbfe-7bb11792aca8",
    "workview_url": "https://darwin.v7labs.com/workview?dataset=1203&image=7"
  },
  "dataset": "OCR set 2",
  "annotated": true,
  "annotations": [
    {
      "annotator": {
        "email": "order@bex.kg",
        "full_name": "Zhaparova  Nurzhan"
      },
      "bounding_box": {
        "h": 32.76,
        "w": 152.78,
        "x": 108.1,
        "y": 222.14
      },
      "name": "Receipt Date "
    },
    {
      "annotator": {
        "email": "order@bex.kg",
        "full_name": "Zhaparova  Nurzhan"
      },
      "bounding_box": {
        "h": 39.05,
        "w": 109.91,
        "x": 616.42,
        "y": 931.4
      },
      "name": "Amount paid "
    },
    {
      "annotator": {
        "email": "order@bex.kg",
        "full_name": "Zhaparova  Nurzhan"
      },
      "bounding_box": {
        "h": 24.3,
        "w": 194.36,
        "x": 288.54,
        "y": -0.22
      },
      "name": "Venue Name "
    },
    {
      "annotator": {
        "email": "order@bex.kg",
        "full_name": "Zhaparova  Nurzhan"
      },
      "bounding_box": {
        "h": 42.52,
        "w": 275.35,
        "x": 250.08,
        "y": 28.13
      },
      "name": "Venue Address"
    }
  ]
}