{
  "image": {
    "width": 750,
    "height": 1000,
    "filename": "00000031.jpg",
    "original_filename": "1101-receipt.jpg",
    "url": "https://darwin.v7labs.com/api/images/1236946/original?token=8b277349-7b19-48cf-bbfe-7bb11792aca8",
    "thumbnail_url": "https://darwin.v7labs.com/api/images/1236946/thumbnail?token=8b277349-7b19-48cf-bbfe-7bb11792aca8",
    "workview_url": "https://darwin.v7labs.com/workview?dataset=1203&image=31"
  },
  "dataset": "OCR set 2",
  "annotated": true,
  "annotations": [
    {
      "annotator": {
        "email": "order@bex.kg",
        "full_name": "Zhaparova  Nurzhan"
      },
      "bounding_box": {
        "h": 16.63,
        "w": 111.35,
        "x": 176.63,
        "y": 464.44
      },
      "name": "Receipt Date "
    },
    {
      "annotator": {
        "email": "order@bex.kg",
        "full_name": "Zhaparova  Nurzhan"
      },
      "bounding_box": {
        "h": 38.32,
        "w": 227.77,
        "x": 246.77,
        "y": 298.13
      },
      "name": "Venue Address"
    },
    {
      "annotator": {
        "email": "order@bex.kg",
        "full_name": "Zhaparova  Nurzhan"
      },
      "bounding_box": {
        "h": 20.97,
        "w": 119.31,
        "x": 300.27,
        "y": 277.16
      },
      "name": "Venue Name "
    },
    {
      "annotator": {
        "email": "order@bex.kg",
        "full_name": "Zhaparova  Nurzhan"
      },
      "bounding_box": {
        "h": 26.14,
        "w": 65.36,
        "x": 515.28,
        "y": 770.53
      },
      "name": "Amount paid "
    }
  ]
}