{
  "image": {
    "width": 750,
    "height": 1000,
    "filename": "00000030.jpg",
    "original_filename": "1029-receipt.jpg",
    "url": "https://darwin.v7labs.com/api/images/1236874/original?token=b7e572f8-6043-4594-8689-54b26ad0cf02",
    "thumbnail_url": "https://darwin.v7labs.com/api/images/1236874/thumbnail?token=b7e572f8-6043-4594-8689-54b26ad0cf02",
    "workview_url": "https://darwin.v7labs.com/workview?dataset=1202&image=30"
  },
  "dataset": "OCR Set",
  "annotated": true,
  "annotations": [
    {
      "bounding_box": {
        "h": 33.37,
        "w": 92.7,
        "x": 574.34,
        "y": 765.19
      },
      "name": "Amount paid "
    },
    {
      "bounding_box": {
        "h": 40.54,
        "w": 241.07,
        "x": 235.1,
        "y": 163.77
      },
      "name": "Venue Address"
    },
    {
      "bounding_box": {
        "h": 38.92,
        "w": 238.9,
        "x": 232.4,
        "y": 127.56
      },
      "name": "Venue Name"
    },
    {
      "bounding_box": {
        "h": 24.32,
        "w": 152.42,
        "x": 115.11,
        "y": 323.22
      },
      "name": "Receipt Date"
    }
  ]
}