{
  "image": {
    "width": 750,
    "height": 1000,
    "filename": "00000004.jpg",
    "original_filename": "1003-receipt.jpg",
    "url": "https://darwin.v7labs.com/api/images/1236848/original?token=b7e572f8-6043-4594-8689-54b26ad0cf02",
    "thumbnail_url": "https://darwin.v7labs.com/api/images/1236848/thumbnail?token=b7e572f8-6043-4594-8689-54b26ad0cf02",
    "workview_url": "https://darwin.v7labs.com/workview?dataset=1202&image=4"
  },
  "dataset": "OCR Set",
  "annotated": true,
  "annotations": [
    {
      "bounding_box": {
        "h": 21.19,
        "w": 181.61,
        "x": 301.88,
        "y": 648.2
      },
      "name": "Receipt Date"
    },
    {
      "bounding_box": {
        "h": 38.61,
        "w": 166.79,
        "x": 272.81,
        "y": 121.37
      },
      "name": "Venue Name"
    },
    {
      "bounding_box": {
        "h": 62.54,
        "w": 164.08,
        "x": 269.73,
        "y": 154.19
      },
      "name": "Venue Address"
    },
    {
      "bounding_box": {
        "h": 36.68,
        "w": 45.56,
        "x": 478.14,
        "y": 466.81
      },
      "name": "Amount paid "
    }
  ]
}