{
  "image": {
    "width": 750,
    "height": 1000,
    "filename": "00000052.jpg",
    "original_filename": "1051-receipt.jpg",
    "url": "https://darwin.v7labs.com/api/images/1236896/original?token=b7e572f8-6043-4594-8689-54b26ad0cf02",
    "thumbnail_url": "https://darwin.v7labs.com/api/images/1236896/thumbnail?token=b7e572f8-6043-4594-8689-54b26ad0cf02",
    "workview_url": "https://darwin.v7labs.com/workview?dataset=1202&image=52"
  },
  "dataset": "OCR Set",
  "annotated": true,
  "annotations": [
    {
      "bounding_box": {
        "h": 32.55,
        "w": 113.28,
        "x": 199.22,
        "y": 346.35
      },
      "name": "Receipt Date"
    },
    {
      "bounding_box": {
        "h": 56.15,
        "w": 368.54,
        "x": 205.62,
        "y": 95.59
      },
      "name": "Venue Name"
    },
    {
      "bounding_box": {
        "h": 64.06,
        "w": 268.89,
        "x": 237.25,
        "y": 151.75
      },
      "name": "Venue Address"
    },
    {
      "bounding_box": {
        "h": 37.01,
        "w": 179.37,
        "x": 471.51,
        "y": 605.88
      },
      "name": "Amount paid "
    }
  ]
}