{
  "image": {
    "width": 348,
    "height": 348,
    "filename": "00000062.jpg",
    "original_filename": "1132-receipt.jpg",
    "url": "https://darwin.v7labs.com/api/images/1236977/original?token=8b277349-7b19-48cf-bbfe-7bb11792aca8",
    "thumbnail_url": "https://darwin.v7labs.com/api/images/1236977/thumbnail?token=8b277349-7b19-48cf-bbfe-7bb11792aca8",
    "workview_url": "https://darwin.v7labs.com/workview?dataset=1203&image=62"
  },
  "dataset": "OCR set 2",
  "annotated": true,
  "annotations": [
    {
      "annotator": {
        "email": "order@bex.kg",
        "full_name": "Zhaparova  Nurzhan"
      },
      "bounding_box": {
        "h": 17.26,
        "w": 82.17,
        "x": 35.21,
        "y": 116.69
      },
      "name": "Receipt Date "
    },
    {
      "annotator": {
        "email": "order@bex.kg",
        "full_name": "Zhaparova  Nurzhan"
      },
      "bounding_box": {
        "h": 18.64,
        "w": 101.5,
        "x": 124.98,
        "y": 9.67
      },
      "name": "Venue Name "
    },
    {
      "annotator": {
        "email": "order@bex.kg",
        "full_name": "Zhaparova  Nurzhan"
      },
      "bounding_box": {
        "h": 27.62,
        "w": 148.45,
        "x": 101.5,
        "y": 29
      },
      "name": "Venue Address"
    },
    {
      "annotator": {
        "email": "order@bex.kg",
        "full_name": "Zhaparova  Nurzhan"
      },
      "bounding_box": {
        "h": 14.09,
        "w": 46.5,
        "x": 276.05,
        "y": 248.08
      },
      "name": "Amount paid "
    }
  ]
}