{
  "image": {
    "width": 750,
    "height": 1000,
    "filename": "00000006.jpg",
    "original_filename": "1005-receipt.jpg",
    "url": "https://darwin.v7labs.com/api/images/1236850/original?token=b7e572f8-6043-4594-8689-54b26ad0cf02",
    "thumbnail_url": "https://darwin.v7labs.com/api/images/1236850/thumbnail?token=b7e572f8-6043-4594-8689-54b26ad0cf02",
    "workview_url": "https://darwin.v7labs.com/workview?dataset=1202&image=6"
  },
  "dataset": "OCR Set",
  "annotated": true,
  "annotations": [
    {
      "bounding_box": {
        "h": 25.09,
        "w": 109.65,
        "x": 433.92,
        "y": 735.36
      },
      "name": "Amount paid "
    },
    {
      "bounding_box": {
        "h": 38.92,
        "w": 159.99,
        "x": 282.5,
        "y": 258.18
      },
      "name": "Venue Address"
    },
    {
      "bounding_box": {
        "h": 16.55,
        "w": 58.19,
        "x": 331.39,
        "y": 244.64
      },
      "name": "Venue Name"
    },
    {
      "bounding_box": {
        "h": 36.89,
        "w": 83.75,
        "x": 446.78,
        "y": 331.42
      },
      "name": "Receipt Date"
    }
  ]
}