{
  "image": {
    "width": 750,
    "height": 1000,
    "filename": "00000048.jpg",
    "original_filename": "1047-receipt.jpg",
    "url": "https://darwin.v7labs.com/api/images/1236892/original?token=b7e572f8-6043-4594-8689-54b26ad0cf02",
    "thumbnail_url": "https://darwin.v7labs.com/api/images/1236892/thumbnail?token=b7e572f8-6043-4594-8689-54b26ad0cf02",
    "workview_url": "https://darwin.v7labs.com/workview?dataset=1202&image=48"
  },
  "dataset": "OCR Set",
  "annotated": true,
  "annotations": [
    {
      "bounding_box": {
        "h": 27.52,
        "w": 127.17,
        "x": 486.24,
        "y": 193.95
      },
      "name": "Receipt Date"
    },
    {
      "bounding_box": {
        "h": 61.01,
        "w": 301.66,
        "x": 197.56,
        "y": 61.42
      },
      "name": "Venue Name"
    },
    {
      "bounding_box": {
        "h": 82.7,
        "w": 280.64,
        "x": 220.6,
        "y": 110.23
      },
      "name": "Venue Address"
    },
    {
      "bounding_box": {
        "h": 31.18,
        "w": 74.57,
        "x": 571.32,
        "y": 589.08
      },
      "name": "Amount paid "
    }
  ]
}