{
  "image": {
    "width": 750,
    "height": 1000,
    "filename": "00000051.jpg",
    "original_filename": "1121-receipt.jpg",
    "url": "https://darwin.v7labs.com/api/images/1236966/original?token=8b277349-7b19-48cf-bbfe-7bb11792aca8",
    "thumbnail_url": "https://darwin.v7labs.com/api/images/1236966/thumbnail?token=8b277349-7b19-48cf-bbfe-7bb11792aca8",
    "workview_url": "https://darwin.v7labs.com/workview?dataset=1203&image=51"
  },
  "dataset": "OCR set 2",
  "annotated": true,
  "annotations": [
    {
      "annotator": {
        "email": "order@bex.kg",
        "full_name": "Zhaparova  Nurzhan"
      },
      "bounding_box": {
        "h": 25.51,
        "w": 93.54,
        "x": 436.79,
        "y": 491.21
      },
      "name": "Receipt Date "
    },
    {
      "annotator": {
        "email": "order@bex.kg",
        "full_name": "Zhaparova  Nurzhan"
      },
      "bounding_box": {
        "h": 32.6,
        "w": 303.29,
        "x": 197.28,
        "y": 370.75
      },
      "name": "Venue Name "
    },
    {
      "annotator": {
        "email": "order@bex.kg",
        "full_name": "Zhaparova  Nurzhan"
      },
      "bounding_box": {
        "h": 46.77,
        "w": 188.49,
        "x": 251.13,
        "y": 401.93
      },
      "name": "Venue Address"
    },
    {
      "annotator": {
        "email": "order@bex.kg",
        "full_name": "Zhaparova  Nurzhan"
      },
      "bounding_box": {
        "h": 31.18,
        "w": 83.62,
        "x": 578.51,
        "y": 753.4
      },
      "name": "Amount paid "
    }
  ]
}