{
  "image": {
    "width": 713,
    "height": 1000,
    "filename": "00000065.jpg",
    "original_filename": "1064-receipt.jpg",
    "url": "https://darwin.v7labs.com/api/images/1236909/original?token=b7e572f8-6043-4594-8689-54b26ad0cf02",
    "thumbnail_url": "https://darwin.v7labs.com/api/images/1236909/thumbnail?token=b7e572f8-6043-4594-8689-54b26ad0cf02",
    "workview_url": "https://darwin.v7labs.com/workview?dataset=1202&image=65"
  },
  "dataset": "OCR Set",
  "annotated": true,
  "annotations": [
    {
      "bounding_box": {
        "h": 28.65,
        "w": 147.14,
        "x": 89.57,
        "y": 252.6
      },
      "name": "Receipt Date"
    },
    {
      "bounding_box": {
        "h": 47.93,
        "w": 344.03,
        "x": 183.2,
        "y": 201.12
      },
      "name": "Venue Name"
    },
    {
      "bounding_box": {
        "h": 41.53,
        "w": 209.68,
        "x": 477.86,
        "y": 932.56
      },
      "name": "Amount paid "
    }
  ]
}