{
  "image": {
    "width": 750,
    "height": 1000,
    "filename": "00000059.jpg",
    "original_filename": "1058-receipt.jpg",
    "url": "https://darwin.v7labs.com/api/images/1236903/original?token=b7e572f8-6043-4594-8689-54b26ad0cf02",
    "thumbnail_url": "https://darwin.v7labs.com/api/images/1236903/thumbnail?token=b7e572f8-6043-4594-8689-54b26ad0cf02",
    "workview_url": "https://darwin.v7labs.com/workview?dataset=1202&image=59"
  },
  "dataset": "OCR Set",
  "annotated": true,
  "annotations": [
    {
      "bounding_box": {
        "h": 33.49,
        "w": 49.42,
        "x": 466.21,
        "y": 627.0
      },
      "name": "Amount paid "
    },
    {
      "bounding_box": {
        "h": 65.85,
        "w": 122.5,
        "x": 359.13,
        "y": 223.46
      },
      "name": "Venue Address"
    },
    {
      "bounding_box": {
        "h": 84.25,
        "w": 133.16,
        "x": 445.32,
        "y": 176.01
      },
      "name": "Venue Name"
    },
    {
      "bounding_box": {
        "h": 41.16,
        "w": 82.8,
        "x": 490.83,
        "y": 338.7
      },
      "name": "Receipt Date"
    }
  ]
}