{
  "image": {
    "width": 750,
    "height": 1000,
    "filename": "00000053.jpg",
    "original_filename": "1123-receipt.jpg",
    "url": "https://darwin.v7labs.com/api/images/1236968/original?token=8b277349-7b19-48cf-bbfe-7bb11792aca8",
    "thumbnail_url": "https://darwin.v7labs.com/api/images/1236968/thumbnail?token=8b277349-7b19-48cf-bbfe-7bb11792aca8",
    "workview_url": "https://darwin.v7labs.com/workview?dataset=1203&image=53"
  },
  "dataset": "OCR set 2",
  "annotated": true,
  "annotations": [
    {
      "annotator": {
        "email": "order@bex.kg",
        "full_name": "Zhaparova  Nurzhan"
      },
      "bounding_box": {
        "h": 29.76,
        "w": 142.86,
        "x": 220.24,
        "y": 343.25
      },
      "name": "Receipt Date "
    },
    {
      "annotator": {
        "email": "order@bex.kg",
        "full_name": "Zhaparova  Nurzhan"
      },
      "bounding_box": {
        "h": 31.75,
        "w": 198.41,
        "x": 250,
        "y": 73.41
      },
      "name": "Venue Name "
    },
    {
      "annotator": {
        "email": "order@bex.kg",
        "full_name": "Zhaparova  Nurzhan"
      },
      "bounding_box": {
        "h": 53.57,
        "w": 331.35,
        "x": 182.54,
        "y": 107.14
      },
      "name": "Venue Address"
    },
    {
      "annotator": {
        "email": "order@bex.kg",
        "full_name": "Zhaparova  Nurzhan"
      },
      "bounding_box": {
        "h": 39.68,
        "w": 180.56,
        "x": 490.08,
        "y": 809.52
      },
      "name": "Amount paid "
    }
  ]
}