{
  "image": {
    "width": 750,
    "height": 1000,
    "filename": "00000015.jpg",
    "original_filename": "1014-receipt.jpg",
    "url": "https://darwin.v7labs.com/api/images/1236859/original?token=b7e572f8-6043-4594-8689-54b26ad0cf02",
    "thumbnail_url": "https://darwin.v7labs.com/api/images/1236859/thumbnail?token=b7e572f8-6043-4594-8689-54b26ad0cf02",
    "workview_url": "https://darwin.v7labs.com/workview?dataset=1202&image=15"
  },
  "dataset": "OCR Set",
  "annotated": true,
  "annotations": [
    {
      "bounding_box": {
        "h": 45.06,
        "w": 158.43,
        "x": 422.97,
        "y": 748.55
      },
      "name": "Amount paid "
    },
    {
      "bounding_box": {
        "h": 48.73,
        "w": 256.9,
        "x": 205.46,
        "y": 214.17
      },
      "name": "Venue Address"
    },
    {
      "bounding_box": {
        "h": 23.31,
        "w": 140.9,
        "x": 264.26,
        "y": 198.81
      },
      "name": "Venue Name"
    },
    {
      "bounding_box": {
        "h": 26.25,
        "w": 108.49,
        "x": 226.55,
        "y": 340.31
      },
      "name": "Receipt Date"
    }
  ]
}