{
  "image": {
    "width": 750,
    "height": 1000,
    "filename": "00000060.jpg",
    "original_filename": "1130-receipt.jpg",
    "url": "https://darwin.v7labs.com/api/images/1236975/original?token=8b277349-7b19-48cf-bbfe-7bb11792aca8",
    "thumbnail_url": "https://darwin.v7labs.com/api/images/1236975/thumbnail?token=8b277349-7b19-48cf-bbfe-7bb11792aca8",
    "workview_url": "https://darwin.v7labs.com/workview?dataset=1203&image=60"
  },
  "dataset": "OCR set 2",
  "annotated": true,
  "annotations": [
    {
      "annotator": {
        "email": "order@bex.kg",
        "full_name": "Zhaparova  Nurzhan"
      },
      "bounding_box": {
        "h": 35.71,
        "w": 79.37,
        "x": 289.68,
        "y": 154.76
      },
      "name": "Venue Name "
    },
    {
      "annotator": {
        "email": "order@bex.kg",
        "full_name": "Zhaparova  Nurzhan"
      },
      "bounding_box": {
        "h": 27.78,
        "w": 107.14,
        "x": 450.4,
        "y": 250
      },
      "name": "Receipt Date "
    },
    {
      "annotator": {
        "email": "order@bex.kg",
        "full_name": "Zhaparova  Nurzhan"
      },
      "bounding_box": {
        "h": 25.79,
        "w": 140.87,
        "x": 484.13,
        "y": 549.6
      },
      "name": "Amount paid "
    }
  ]
}