{
  "image": {
    "width": 750,
    "height": 1000,
    "filename": "00000021.jpg",
    "original_filename": "1020-receipt.jpg",
    "url": "https://darwin.v7labs.com/api/images/1236865/original?token=b7e572f8-6043-4594-8689-54b26ad0cf02",
    "thumbnail_url": "https://darwin.v7labs.com/api/images/1236865/thumbnail?token=b7e572f8-6043-4594-8689-54b26ad0cf02",
    "workview_url": "https://darwin.v7labs.com/workview?dataset=1202&image=21"
  },
  "dataset": "OCR Set",
  "annotated": true,
  "annotations": [
    {
      "bounding_box": {
        "h": 23.08,
        "w": 85.51,
        "x": 192.11,
        "y": 687.69
      },
      "name": "Receipt Date"
    },
    {
      "bounding_box": {
        "h": 38.61,
        "w": 116.21,
        "x": 229.24,
        "y": 83.92
      },
      "name": "Venue Name"
    },
    {
      "bounding_box": {
        "h": 51.73,
        "w": 254.42,
        "x": 156.27,
        "y": 118.67
      },
      "name": "Venue Address"
    },
    {
      "bounding_box": {
        "h": 39.73,
        "w": 61.44,
        "x": 412.0,
        "y": 626.76
      },
      "name": "Amount paid "
    }
  ]
}