{
  "image": {
    "width": 562,
    "height": 1000,
    "filename": "00000036.jpg",
    "original_filename": "1035-receipt.jpg",
    "url": "https://darwin.v7labs.com/api/images/1236880/original?token=b7e572f8-6043-4594-8689-54b26ad0cf02",
    "thumbnail_url": "https://darwin.v7labs.com/api/images/1236880/thumbnail?token=b7e572f8-6043-4594-8689-54b26ad0cf02",
    "workview_url": "https://darwin.v7labs.com/workview?dataset=1202&image=36"
  },
  "dataset": "OCR Set",
  "annotated": true,
  "annotations": [
    {
      "bounding_box": {
        "h": 50.32,
        "w": 83.16,
        "x": 464.85,
        "y": 642.31
      },
      "name": "Amount paid "
    },
    {
      "bounding_box": {
        "h": 24.32,
        "w": 451.32,
        "x": 58.47,
        "y": 227.75
      },
      "name": "Venue Address"
    },
    {
      "bounding_box": {
        "h": 34.05,
        "w": 197.29,
        "x": 105.88,
        "y": 155.59
      },
      "name": "Venue Name"
    }
  ]
}