{
  "image": {
    "width": 300,
    "height": 400,
    "filename": "00000048.jpg",
    "original_filename": "1118-receipt.jpg",
    "url": "https://darwin.v7labs.com/api/images/1236963/original?token=8b277349-7b19-48cf-bbfe-7bb11792aca8",
    "thumbnail_url": "https://darwin.v7labs.com/api/images/1236963/thumbnail?token=8b277349-7b19-48cf-bbfe-7bb11792aca8",
    "workview_url": "https://darwin.v7labs.com/workview?dataset=1203&image=48"
  },
  "dataset": "OCR set 2",
  "annotated": true,
  "annotations": [
    {
      "annotator": {
        "email": "order@bex.kg",
        "full_name": "Zhaparova  Nurzhan"
      },
      "bounding_box": {
        "h": 12.7,
        "w": 38.1,
        "x": 213.49,
        "y": 300
      },
      "name": "Amount paid "
    },
    {
      "annotator": {
        "email": "order@bex.kg",
        "full_name": "Zhaparova  Nurzhan"
      },
      "bounding_box": {
        "h": 9.64,
        "w": 80.5,
        "x": 84.47,
        "y": 58.73
      },
      "name": "Venue Name "
    },
    {
      "annotator": {
        "email": "order@bex.kg",
        "full_name": "Zhaparova  Nurzhan"
      },
      "bounding_box": {
        "h": 19.84,
        "w": 81.63,
        "x": 107.71,
        "y": 68.37
      },
      "name": "Venue Address"
    },
    {
      "annotator": {
        "email": "order@bex.kg",
        "full_name": "Zhaparova  Nurzhan"
      },
      "bounding_box": {
        "h": 11.34,
        "w": 47.62,
        "x": 196.71,
        "y": 128.46
      },
      "name": "Receipt Date "
    }
  ]
}