{
  "image": {
    "width": 250,
    "height": 250,
    "filename": "00000035.jpg",
    "original_filename": "1034-receipt.jpg",
    "url": "https://darwin.v7labs.com/api/images/1236879/original?token=b7e572f8-6043-4594-8689-54b26ad0cf02",
    "thumbnail_url": "https://darwin.v7labs.com/api/images/1236879/thumbnail?token=b7e572f8-6043-4594-8689-54b26ad0cf02",
    "workview_url": "https://darwin.v7labs.com/workview?dataset=1202&image=35"
  },
  "dataset": "OCR Set",
  "annotated": true,
  "annotations": [
    {
      "bounding_box": {
        "h": 9.6,
        "w": 45.16,
        "x": 151.16,
        "y": 95.93
      },
      "name": "Receipt Date"
    },
    {
      "bounding_box": {
        "h": 33.84,
        "w": 120.29,
        "x": 62.56,
        "y": 22.71
      },
      "name": "Venue Name"
    },
    {
      "bounding_box": {
        "h": 16.55,
        "w": 88.65,
        "x": 80.58,
        "y": 77.89
      },
      "name": "Venue Address"
    },
    {
      "bounding_box": {
        "h": 18.02,
        "w": 45.79,
        "x": 156.87,
        "y": 158.61
      },
      "name": "Amount paid "
    }
  ]
}