{
  "image": {
    "width": 750,
    "height": 1000,
    "filename": "00000070.jpg",
    "original_filename": "1069-receipt.jpg",
    "url": "https://darwin.v7labs.com/api/images/1236914/original?token=b7e572f8-6043-4594-8689-54b26ad0cf02",
    "thumbnail_url": "https://darwin.v7labs.com/api/images/1236914/thumbnail?token=b7e572f8-6043-4594-8689-54b26ad0cf02",
    "workview_url": "https://darwin.v7labs.com/workview?dataset=1202&image=70"
  },
  "dataset": "OCR Set",
  "annotated": true,
  "annotations": [
    {
      "bounding_box": {
        "h": 17.63,
        "w": 48.81,
        "x": 498.94,
        "y": 677.02
      },
      "name": "Amount paid "
    },
    {
      "bounding_box": {
        "h": 34.38,
        "w": 137.03,
        "x": 297.52,
        "y": 469.7
      },
      "name": "Venue Address"
    },
    {
      "bounding_box": {
        "h": 26.63,
        "w": 211.6,
        "x": 255.4,
        "y": 446.94
      },
      "name": "Venue Name"
    },
    {
      "bounding_box": {
        "h": 22.76,
        "w": 57.14,
        "x": 417.12,
        "y": 531.68
      },
      "name": "Receipt Date"
    }
  ]
}