{
  "image": {
    "width": 562,
    "height": 1000,
    "filename": "00000071.jpg",
    "original_filename": "1141-receipt.jpg",
    "url": "https://darwin.v7labs.com/api/images/1236986/original?token=8b277349-7b19-48cf-bbfe-7bb11792aca8",
    "thumbnail_url": "https://darwin.v7labs.com/api/images/1236986/thumbnail?token=8b277349-7b19-48cf-bbfe-7bb11792aca8",
    "workview_url": "https://darwin.v7labs.com/workview?dataset=1203&image=71"
  },
  "dataset": "OCR set 2",
  "annotated": true,
  "annotations": [
    {
      "annotator": {
        "email": "order@bex.kg",
        "full_name": "Zhaparova  Nurzhan"
      },
      "bounding_box": {
        "h": 23.81,
        "w": 132.94,
        "x": 350.44,
        "y": 682.54
      },
      "name": "Amount paid "
    },
    {
      "annotator": {
        "email": "order@bex.kg",
        "full_name": "Zhaparova  Nurzhan"
      },
      "bounding_box": {
        "h": 25.79,
        "w": 83.33,
        "x": 229.41,
        "y": 218.25
      },
      "name": "Venue Name "
    },
    {
      "annotator": {
        "email": "order@bex.kg",
        "full_name": "Zhaparova  Nurzhan"
      },
      "bounding_box": {
        "h": 55.34,
        "w": 277.71,
        "x": 125.95,
        "y": 763.44
      },
      "name": "Venue Address"
    }
  ]
}