{
  "image": {
    "width": 750,
    "height": 1000,
    "filename": "00000024.jpg",
    "original_filename": "1094-receipt.jpg",
    "url": "https://darwin.v7labs.com/api/images/1236939/original?token=8b277349-7b19-48cf-bbfe-7bb11792aca8",
    "thumbnail_url": "https://darwin.v7labs.com/api/images/1236939/thumbnail?token=8b277349-7b19-48cf-bbfe-7bb11792aca8",
    "workview_url": "https://darwin.v7labs.com/workview?dataset=1203&image=24"
  },
  "dataset": "OCR set 2",
  "annotated": true,
  "annotations": [
    {
      "annotator": {
        "email": "order@bex.kg",
        "full_name": "Zhaparova  Nurzhan"
      },
      "bounding_box": {
        "h": 25.31,
        "w": 83.01,
        "x": 508.79,
        "y": 823.37
      },
      "name": "Amount paid "
    },
    {
      "annotator": {
        "email": "order@bex.kg",
        "full_name": "Zhaparova  Nurzhan"
      },
      "bounding_box": {
        "h": 36.15,
        "w": 150.4,
        "x": 278.52,
        "y": 290.86
      },
      "name": "Venue Name "
    },
    {
      "annotator": {
        "email": "order@bex.kg",
        "full_name": "Zhaparova  Nurzhan"
      },
      "bounding_box": {
        "h": 31.73,
        "w": 181.51,
        "x": 457.13,
        "y": 345.4
      },
      "name": "Receipt Date "
    },
    {
      "annotator": {
        "email": "order@bex.kg",
        "full_name": "Zhaparova  Nurzhan"
      },
      "bounding_box": {
        "h": 49.15,
        "w": 144.3,
        "x": 265.73,
        "y": 376.65
      },
      "name": "Venue Address"
    }
  ]
}