{
  "image": {
    "width": 611,
    "height": 1000,
    "filename": "00000055.jpg",
    "original_filename": "1054-receipt.jpg",
    "url": "https://darwin.v7labs.com/api/images/1236899/original?token=b7e572f8-6043-4594-8689-54b26ad0cf02",
    "thumbnail_url": "https://darwin.v7labs.com/api/images/1236899/thumbnail?token=b7e572f8-6043-4594-8689-54b26ad0cf02",
    "workview_url": "https://darwin.v7labs.com/workview?dataset=1202&image=55"
  },
  "dataset": "OCR Set",
  "annotated": true,
  "annotations": [
    {
      "bounding_box": {
        "h": 33.22,
        "w": 87.03,
        "x": 459.97,
        "y": 872.77
      },
      "name": "Amount paid "
    },
    {
      "bounding_box": {
        "h": 35.35,
        "w": 218.38,
        "x": 143.15,
        "y": 48.75
      },
      "name": "Venue Address"
    },
    {
      "bounding_box": {
        "h": 16.46,
        "w": 90.55,
        "x": 148.96,
        "y": 21.64
      },
      "name": "Venue Name"
    },
    {
      "bounding_box": {
        "h": 15.01,
        "w": 98.29,
        "x": 389.61,
        "y": 45.85
      },
      "name": "Receipt Date"
    }
  ]
}