{
  "image": {
    "width": 750,
    "height": 1000,
    "filename": "00000049.jpg",
    "original_filename": "1119-receipt.jpg",
    "url": "https://darwin.v7labs.com/api/images/1236964/original?token=8b277349-7b19-48cf-bbfe-7bb11792aca8",
    "thumbnail_url": "https://darwin.v7labs.com/api/images/1236964/thumbnail?token=8b277349-7b19-48cf-bbfe-7bb11792aca8",
    "workview_url": "https://darwin.v7labs.com/workview?dataset=1203&image=49"
  },
  "dataset": "OCR set 2",
  "annotated": true,
  "annotations": [
    {
      "annotator": {
        "email": "order@bex.kg",
        "full_name": "Zhaparova  Nurzhan"
      },
      "bounding_box": {
        "h": 33.73,
        "w": 128.97,
        "x": 99.21,
        "y": 228.17
      },
      "name": "Receipt Date "
    },
    {
      "annotator": {
        "email": "order@bex.kg",
        "full_name": "Zhaparova  Nurzhan"
      },
      "bounding_box": {
        "h": 69.44,
        "w": 166.67,
        "x": 257.94,
        "y": 123.02
      },
      "name": "Venue Name "
    },
    {
      "annotator": {
        "email": "order@bex.kg",
        "full_name": "Zhaparova  Nurzhan"
      },
      "bounding_box": {
        "h": 51.63,
        "w": 154.88,
        "x": 295.03,
        "y": 184.69
      },
      "name": "Venue Address"
    },
    {
      "annotator": {
        "email": "order@bex.kg",
        "full_name": "Zhaparova  Nurzhan"
      },
      "bounding_box": {
        "h": 35.29,
        "w": 55.09,
        "x": 477.79,
        "y": 727.11
      },
      "name": "Amount paid "
    }
  ]
}