{
  "image": {
    "width": 717,
    "height": 1000,
    "filename": "00000054.jpg",
    "original_filename": "1124-receipt.jpg",
    "url": "https://darwin.v7labs.com/api/images/1236969/original?token=8b277349-7b19-48cf-bbfe-7bb11792aca8",
    "thumbnail_url": "https://darwin.v7labs.com/api/images/1236969/thumbnail?token=8b277349-7b19-48cf-bbfe-7bb11792aca8",
    "workview_url": "https://darwin.v7labs.com/workview?dataset=1203&image=54"
  },
  "dataset": "OCR set 2",
  "annotated": true,
  "annotations": [
    {
      "annotator": {
        "email": "order@bex.kg",
        "full_name": "Zhaparova  Nurzhan"
      },
      "bounding_box": {
        "h": 31.75,
        "w": 83.33,
        "x": 546.99,
        "y": 809.52
      },
      "name": "Amount paid "
    },
    {
      "annotator": {
        "email": "order@bex.kg",
        "full_name": "Zhaparova  Nurzhan"
      },
      "bounding_box": {
        "h": 29.76,
        "w": 281.75,
        "x": 191.83,
        "y": 180.56
      },
      "name": "Venue Name "
    },
    {
      "annotator": {
        "email": "order@bex.kg",
        "full_name": "Zhaparova  Nurzhan"
      },
      "bounding_box": {
        "h": 55.56,
        "w": 307.54,
        "x": 173.98,
        "y": 208.33
      },
      "name": "Venue Address"
    },
    {
      "annotator": {
        "email": "order@bex.kg",
        "full_name": "Zhaparova  Nurzhan"
      },
      "bounding_box": {
        "h": 25.79,
        "w": 95.24,
        "x": 420.01,
        "y": 293.65
      },
      "name": "Receipt Date "
    }
  ]
}