{
  "image": {
    "width": 750,
    "height": 1000,
    "filename": "00000036.jpg",
    "original_filename": "1106-receipt.jpg",
    "url": "https://darwin.v7labs.com/api/images/1236951/original?token=8b277349-7b19-48cf-bbfe-7bb11792aca8",
    "thumbnail_url": "https://darwin.v7labs.com/api/images/1236951/thumbnail?token=8b277349-7b19-48cf-bbfe-7bb11792aca8",
    "workview_url": "https://darwin.v7labs.com/workview?dataset=1203&image=36"
  },
  "dataset": "OCR set 2",
  "annotated": true,
  "annotations": [
    {
      "annotator": {
        "email": "order@bex.kg",
        "full_name": "Zhaparova  Nurzhan"
      },
      "bounding_box": {
        "h": 24.3,
        "w": 132.61,
        "x": 231.49,
        "y": 145.29
      },
      "name": "Venue Name "
    },
    {
      "annotator": {
        "email": "order@bex.kg",
        "full_name": "Zhaparova  Nurzhan"
      },
      "bounding_box": {
        "h": 37.46,
        "w": 197.4,
        "x": 198.09,
        "y": 174.64
      },
      "name": "Venue Address"
    },
    {
      "annotator": {
        "email": "order@bex.kg",
        "full_name": "Zhaparova  Nurzhan"
      },
      "bounding_box": {
        "h": 22.27,
        "w": 76.94,
        "x": 300.33,
        "y": 314.34
      },
      "name": "Receipt Date "
    },
    {
      "annotator": {
        "email": "order@bex.kg",
        "full_name": "Zhaparova  Nurzhan"
      },
      "bounding_box": {
        "h": 40.05,
        "w": 104.88,
        "x": 418.88,
        "y": 689.49
      },
      "name": "Amount paid "
    }
  ]
}