{
  "image": {
    "width": 562,
    "height": 1000,
    "filename": "00000011.jpg",
    "original_filename": "1081-receipt.jpg",
    "url": "https://darwin.v7labs.com/api/images/1236926/original?token=8b277349-7b19-48cf-bbfe-7bb11792aca8",
    "thumbnail_url": "https://darwin.v7labs.com/api/images/1236926/thumbnail?token=8b277349-7b19-48cf-bbfe-7bb11792aca8",
    "workview_url": "https://darwin.v7labs.com/workview?dataset=1203&image=11"
  },
  "dataset": "OCR set 2",
  "annotated": true,
  "annotations": [
    {
      "annotator": {
        "email": "order@bex.kg",
        "full_name": "Zhaparova  Nurzhan"
      },
      "bounding_box": {
        "h": 33.73,
        "w": 128.97,
        "x": 29.02,
        "y": 333.33
      },
      "name": "Receipt Date "
    },
    {
      "annotator": {
        "email": "order@bex.kg",
        "full_name": "Zhaparova  Nurzhan"
      },
      "bounding_box": {
        "h": 31.75,
        "w": 61.51,
        "x": 421.87,
        "y": 603.17
      },
      "name": "Amount paid "
    },
    {
      "annotator": {
        "email": "order@bex.kg",
        "full_name": "Zhaparova  Nurzhan"
      },
      "bounding_box": {
        "h": 33.73,
        "w": 216.27,
        "x": 140.13,
        "y": 251.98
      },
      "name": "Venue Address"
    },
    {
      "annotator": {
        "email": "order@bex.kg",
        "full_name": "Zhaparova  Nurzhan"
      },
      "bounding_box": {
        "h": 23.81,
        "w": 261.9,
        "x": 120.29,
        "y": 226.19
      },
      "name": "Venue Name "
    }
  ]
}