{
  "image": {
    "width": 750,
    "height": 1000,
    "filename": "00000038.jpg",
    "original_filename": "1037-receipt.jpg",
    "url": "https://darwin.v7labs.com/api/images/1236882/original?token=b7e572f8-6043-4594-8689-54b26ad0cf02",
    "thumbnail_url": "https://darwin.v7labs.com/api/images/1236882/thumbnail?token=b7e572f8-6043-4594-8689-54b26ad0cf02",
    "workview_url": "https://darwin.v7labs.com/workview?dataset=1202&image=38"
  },
  "dataset": "OCR Set",
  "annotated": true,
  "annotations": [
    {
      "bounding_box": {
        "h": 41.19,
        "w": 67.1,
        "x": 501.62,
        "y": 572.78
      },
      "name": "Amount paid "
    },
    {
      "bounding_box": {
        "h": 30.67,
        "w": 129.93,
        "x": 320.18,
        "y": 189.57
      },
      "name": "Venue Address"
    },
    {
      "bounding_box": {
        "h": 49.23,
        "w": 143.65,
        "x": 318.56,
        "y": 150.83
      },
      "name": "Venue Name"
    },
    {
      "bounding_box": {
        "h": 33.09,
        "w": 104.91,
        "x": 150.71,
        "y": 228.31
      },
      "name": "Receipt Date"
    }
  ]
}