{
  "image": {
    "width": 750,
    "height": 1000,
    "filename": "00000034.jpg",
    "original_filename": "1033-receipt.jpg",
    "url": "https://darwin.v7labs.com/api/images/1236878/original?token=b7e572f8-6043-4594-8689-54b26ad0cf02",
    "thumbnail_url": "https://darwin.v7labs.com/api/images/1236878/thumbnail?token=b7e572f8-6043-4594-8689-54b26ad0cf02",
    "workview_url": "https://darwin.v7labs.com/workview?dataset=1202&image=34"
  },
  "dataset": "OCR Set",
  "annotated": true,
  "annotations": [
    {
      "bounding_box": {
        "h": 46.51,
        "w": 172.97,
        "x": 488.37,
        "y": 712.21
      },
      "name": "Amount paid "
    },
    {
      "bounding_box": {
        "h": 61.97,
        "w": 287.1,
        "x": 221.56,
        "y": 148.99
      },
      "name": "Venue Address"
    },
    {
      "bounding_box": {
        "h": 47.67,
        "w": 165.72,
        "x": 102.08,
        "y": 816.4
      },
      "name": "Venue Name"
    },
    {
      "bounding_box": {
        "h": 39.35,
        "w": 137.72,
        "x": 492.91,
        "y": 237.96
      },
      "name": "Receipt Date"
    }
  ]
}