{
  "image": {
    "width": 750,
    "height": 1000,
    "filename": "00000041.jpg",
    "original_filename": "1040-receipt.jpg",
    "url": "https://darwin.v7labs.com/api/images/1236885/original?token=b7e572f8-6043-4594-8689-54b26ad0cf02",
    "thumbnail_url": "https://darwin.v7labs.com/api/images/1236885/thumbnail?token=b7e572f8-6043-4594-8689-54b26ad0cf02",
    "workview_url": "https://darwin.v7labs.com/workview?dataset=1202&image=41"
  },
  "dataset": "OCR Set",
  "annotated": true,
  "annotations": [
    {
      "bounding_box": {
        "h": 23.73,
        "w": 130.02,
        "x": 130.18,
        "y": 462.64
      },
      "name": "Receipt Date"
    },
    {
      "bounding_box": {
        "h": 42.03,
        "w": 321.32,
        "x": 204.24,
        "y": 182.59
      },
      "name": "Venue Name"
    },
    {
      "bounding_box": {
        "h": 36.61,
        "w": 260.31,
        "x": 233.39,
        "y": 219.88
      },
      "name": "Venue Address"
    },
    {
      "bounding_box": {
        "h": 34.57,
        "w": 90.16,
        "x": 538.98,
        "y": 904.08
      },
      "name": "Amount paid "
    }
  ]
}