{
  "image": {
    "width": 562,
    "height": 1000,
    "filename": "00000001.jpg",
    "original_filename": "1071-receipt.jpg",
    "url": "https://darwin.v7labs.com/api/images/1236916/original?token=8b277349-7b19-48cf-bbfe-7bb11792aca8",
    "thumbnail_url": "https://darwin.v7labs.com/api/images/1236916/thumbnail?token=8b277349-7b19-48cf-bbfe-7bb11792aca8",
    "workview_url": "https://darwin.v7labs.com/workview?dataset=1203&image=1"
  },
  "dataset": "OCR set 2",
  "annotated": true,
  "annotations": [
    {
      "annotator": {
        "email": "order@bex.kg",
        "full_name": "Zhaparova  Nurzhan"
      },
      "bounding_box": {
        "h": 29.76,
        "w": 182.82,
        "x": 43.47,
        "y": 140.31
      },
      "name": "Venue Name "
    },
    {
      "annotator": {
        "email": "order@bex.kg",
        "full_name": "Zhaparova  Nurzhan"
      },
      "bounding_box": {
        "h": 45.35,
        "w": 216.84,
        "x": 42.05,
        "y": 167.23
      },
      "name": "Venue Address"
    },
    {
      "annotator": {
        "email": "order@bex.kg",
        "full_name": "Zhaparova  Nurzhan"
      },
      "bounding_box": {
        "h": 22.68,
        "w": 86.45,
        "x": 46.31,
        "y": 265.02
      },
      "name": "Receipt Date "
    },
    {
      "annotator": {
        "email": "order@bex.kg",
        "full_name": "Zhaparova  Nurzhan"
      },
      "bounding_box": {
        "h": 29.76,
        "w": 103.46,
        "x": 363.77,
        "y": 664.68
      },
      "name": "Amount paid "
    }
  ]
}