{
  "image": {
    "width": 1000,
    "height": 1000,
    "filename": "00000019.jpg",
    "original_filename": "1089-receipt.jpg",
    "url": "https://darwin.v7labs.com/api/images/1236934/original?token=8b277349-7b19-48cf-bbfe-7bb11792aca8",
    "thumbnail_url": "https://darwin.v7labs.com/api/images/1236934/thumbnail?token=8b277349-7b19-48cf-bbfe-7bb11792aca8",
    "workview_url": "https://darwin.v7labs.com/workview?dataset=1203&image=19"
  },
  "dataset": "OCR set 2",
  "annotated": true,
  "annotations": [
    {
      "annotator": {
        "email": "order@bex.kg",
        "full_name": "Zhaparova  Nurzhan"
      },
      "bounding_box": {
        "h": 16.01,
        "w": 132.22,
        "x": 408.8,
        "y": 123.21
      },
      "name": "Venue Name "
    },
    {
      "annotator": {
        "email": "order@bex.kg",
        "full_name": "Zhaparova  Nurzhan"
      },
      "bounding_box": {
        "h": 32.54,
        "w": 214.86,
        "x": 372.65,
        "y": 140.25
      },
      "name": "Venue Address"
    },
    {
      "annotator": {
        "email": "order@bex.kg",
        "full_name": "Zhaparova  Nurzhan"
      },
      "bounding_box": {
        "h": 20.79,
        "w": 92.62,
        "x": 580.57,
        "y": 201.93
      },
      "name": "Receipt Date "
    },
    {
      "annotator": {
        "email": "order@bex.kg",
        "full_name": "Zhaparova  Nurzhan"
      },
      "bounding_box": {
        "h": 29.76,
        "w": 146.83,
        "x": 585.32,
        "y": 835.32
      },
      "name": "Amount paid "
    }
  ]
}