{
  "image": {
    "width": 750,
    "height": 1000,
    "filename": "00000026.jpg",
    "original_filename": "1096-receipt.jpg",
    "url": "https://darwin.v7labs.com/api/images/1236941/original?token=8b277349-7b19-48cf-bbfe-7bb11792aca8",
    "thumbnail_url": "https://darwin.v7labs.com/api/images/1236941/thumbnail?token=8b277349-7b19-48cf-bbfe-7bb11792aca8",
    "workview_url": "https://darwin.v7labs.com/workview?dataset=1203&image=26"
  },
  "dataset": "OCR set 2",
  "annotated": true,
  "annotations": [
    {
      "annotator": {
        "email": "order@bex.kg",
        "full_name": "Zhaparova  Nurzhan"
      },
      "bounding_box": {
        "h": 41.67,
        "w": 212.3,
        "x": 478.17,
        "y": 803.57
      },
      "name": "Amount paid "
    },
    {
      "annotator": {
        "email": "order@bex.kg",
        "full_name": "Zhaparova  Nurzhan"
      },
      "bounding_box": {
        "h": 55.56,
        "w": 307.54,
        "x": 218.25,
        "y": 146.83
      },
      "name": "Venue Address"
    },
    {
      "annotator": {
        "email": "order@bex.kg",
        "full_name": "Zhaparova  Nurzhan"
      },
      "bounding_box": {
        "h": 33.73,
        "w": 126.98,
        "x": 15.87,
        "y": 376.98
      },
      "name": "Receipt Date "
    }
  ]
}