{
  "image": {
    "width": 750,
    "height": 1000,
    "filename": "00000046.jpg",
    "original_filename": "1116-receipt.jpg",
    "url": "https://darwin.v7labs.com/api/images/1236961/original?token=8b277349-7b19-48cf-bbfe-7bb11792aca8",
    "thumbnail_url": "https://darwin.v7labs.com/api/images/1236961/thumbnail?token=8b277349-7b19-48cf-bbfe-7bb11792aca8",
    "workview_url": "https://darwin.v7labs.com/workview?dataset=1203&image=46"
  },
  "dataset": "OCR set 2",
  "annotated": true,
  "annotations": [
    {
      "annotator": {
        "email": "order@bex.kg",
        "full_name": "Zhaparova  Nurzhan"
      },
      "bounding_box": {
        "h": 41.67,
        "w": 166.67,
        "x": 519.84,
        "y": 900.79
      },
      "name": "Amount paid "
    },
    {
      "annotator": {
        "email": "order@bex.kg",
        "full_name": "Zhaparova  Nurzhan"
      },
      "bounding_box": {
        "h": 31.75,
        "w": 212.3,
        "x": 265.87,
        "y": 198.41
      },
      "name": "Venue Name "
    },
    {
      "annotator": {
        "email": "order@bex.kg",
        "full_name": "Zhaparova  Nurzhan"
      },
      "bounding_box": {
        "h": 57.54,
        "w": 295.63,
        "x": 224.21,
        "y": 232.14
      },
      "name": "Venue Address"
    },
    {
      "annotator": {
        "email": "order@bex.kg",
        "full_name": "Zhaparova  Nurzhan"
      },
      "bounding_box": {
        "h": 23.81,
        "w": 107.14,
        "x": 257.94,
        "y": 357.14
      },
      "name": "Receipt Date "
    }
  ]
}