{
  "image": {
    "width": 1048,
    "height": 1506,
    "filename": "00000070.jpg",
    "original_filename": "1140-receipt.jpg",
    "url": "https://darwin.v7labs.com/api/images/1236985/original?token=8b277349-7b19-48cf-bbfe-7bb11792aca8",
    "thumbnail_url": "https://darwin.v7labs.com/api/images/1236985/thumbnail?token=8b277349-7b19-48cf-bbfe-7bb11792aca8",
    "workview_url": "https://darwin.v7labs.com/workview?dataset=1203&image=70"
  },
  "dataset": "OCR set 2",
  "annotated": true,
  "annotations": [
    {
      "annotator": {
        "email": "order@bex.kg",
        "full_name": "Zhaparova  Nurzhan"
      },
      "bounding_box": {
        "h": 38.11,
        "w": 179.9,
        "x": 676.58,
        "y": 188.55
      },
      "name": "Receipt Date "
    },
    {
      "annotator": {
        "email": "order@bex.kg",
        "full_name": "Zhaparova  Nurzhan"
      },
      "bounding_box": {
        "h": 36.59,
        "w": 205.81,
        "x": 371.67,
        "y": 118.43
      },
      "name": "Venue Name "
    },
    {
      "annotator": {
        "email": "order@bex.kg",
        "full_name": "Zhaparova  Nurzhan"
      },
      "bounding_box": {
        "h": 41.16,
        "w": 367.41,
        "x": 293.92,
        "y": 145.87
      },
      "name": "Venue Address"
    },
    {
      "annotator": {
        "email": "order@bex.kg",
        "full_name": "Zhaparova  Nurzhan"
      },
      "bounding_box": {
        "h": 39.64,
        "w": 196.67,
        "x": 729.93,
        "y": 748.06
      },
      "name": "Amount paid "
    }
  ]
}