{
  "image": {
    "width": 750,
    "height": 1000,
    "filename": "00000016.jpg",
    "original_filename": "1015-receipt.jpg",
    "url": "https://darwin.v7labs.com/api/images/1236860/original?token=b7e572f8-6043-4594-8689-54b26ad0cf02",
    "thumbnail_url": "https://darwin.v7labs.com/api/images/1236860/thumbnail?token=b7e572f8-6043-4594-8689-54b26ad0cf02",
    "workview_url": "https://darwin.v7labs.com/workview?dataset=1202&image=16"
  },
  "dataset": "OCR Set",
  "annotated": true,
  "annotations": [
    {
      "bounding_box": {
        "h": 29.66,
        "w": 120.14,
        "x": 384.4,
        "y": 308.35
      },
      "name": "Receipt Date"
    },
    {
      "bounding_box": {
        "h": 24.97,
        "w": 298.9,
        "x": 206.51,
        "y": 34.14
      },
      "name": "Venue Name"
    },
    {
      "bounding_box": {
        "h": 50.7,
        "w": 281.5,
        "x": 217.86,
        "y": 78.78
      },
      "name": "Venue Address"
    },
    {
      "bounding_box": {
        "h": 32.43,
        "w": 75.67,
        "x": 553.74,
        "y": 728.0
      },
      "name": "Amount paid "
    }
  ]
}