{
  "image": {
    "width": 750,
    "height": 1000,
    "filename": "00000039.jpg",
    "original_filename": "1109-receipt.jpg",
    "url": "https://darwin.v7labs.com/api/images/1236954/original?token=8b277349-7b19-48cf-bbfe-7bb11792aca8",
    "thumbnail_url": "https://darwin.v7labs.com/api/images/1236954/thumbnail?token=8b277349-7b19-48cf-bbfe-7bb11792aca8",
    "workview_url": "https://darwin.v7labs.com/workview?dataset=1203&image=39"
  },
  "dataset": "OCR set 2",
  "annotated": true,
  "annotations": [
    {
      "annotator": {
        "email": "order@bex.kg",
        "full_name": "Zhaparova  Nurzhan"
      },
      "bounding_box": {
        "h": 38.47,
        "w": 249.03,
        "x": 233.24,
        "y": 148.49
      },
      "name": "Venue Address"
    },
    {
      "annotator": {
        "email": "order@bex.kg",
        "full_name": "Zhaparova  Nurzhan"
      },
      "bounding_box": {
        "h": 35.43,
        "w": 208.54,
        "x": 249.43,
        "y": 104.96
      },
      "name": "Venue Name "
    },
    {
      "annotator": {
        "email": "order@bex.kg",
        "full_name": "Zhaparova  Nurzhan"
      },
      "bounding_box": {
        "h": 28.34,
        "w": 102.24,
        "x": 216.03,
        "y": 296.28
      },
      "name": "Receipt Date "
    },
    {
      "annotator": {
        "email": "order@bex.kg",
        "full_name": "Zhaparova  Nurzhan"
      },
      "bounding_box": {
        "h": 31.82,
        "w": 107.02,
        "x": 478.37,
        "y": 707.38
      },
      "name": "Amount paid "
    }
  ]
}