{
  "image": {
    "width": 300,
    "height": 400,
    "filename": "00000031.jpg",
    "original_filename": "1030-receipt.jpg",
    "url": "https://darwin.v7labs.com/api/images/1236875/original?token=b7e572f8-6043-4594-8689-54b26ad0cf02",
    "thumbnail_url": "https://darwin.v7labs.com/api/images/1236875/thumbnail?token=b7e572f8-6043-4594-8689-54b26ad0cf02",
    "workview_url": "https://darwin.v7labs.com/workview?dataset=1202&image=31"
  },
  "dataset": "OCR Set",
  "annotated": true,
  "annotations": [
    {
      "bounding_box": {
        "h": 16.74,
        "w": 51.49,
        "x": 69.91,
        "y": 305.04
      },
      "name": "Receipt Date"
    },
    {
      "bounding_box": {
        "h": 21.84,
        "w": 114.8,
        "x": 65.97,
        "y": 9.63
      },
      "name": "Venue Name"
    },
    {
      "bounding_box": {
        "h": 31.35,
        "w": 111.99,
        "x": 66.4,
        "y": 20.44
      },
      "name": "Venue Address"
    },
    {
      "bounding_box": {
        "h": 14.7,
        "w": 41.08,
        "x": 206.25,
        "y": 257.85
      },
      "name": "Amount paid "
    }
  ]
}