{
  "image": {
    "width": 750,
    "height": 1000,
    "filename": "00000067.jpg",
    "original_filename": "1066-receipt.jpg",
    "url": "https://darwin.v7labs.com/api/images/1236911/original?token=b7e572f8-6043-4594-8689-54b26ad0cf02",
    "thumbnail_url": "https://darwin.v7labs.com/api/images/1236911/thumbnail?token=b7e572f8-6043-4594-8689-54b26ad0cf02",
    "workview_url": "https://darwin.v7labs.com/workview?dataset=1202&image=67"
  },
  "dataset": "OCR Set",
  "annotated": true,
  "annotations": [
    {
      "bounding_box": {
        "h": 34.55,
        "w": 145.49,
        "x": 197.94,
        "y": 220.03
      },
      "name": "Receipt Date"
    },
    {
      "bounding_box": {
        "h": 61.69,
        "w": 183.16,
        "x": 252.76,
        "y": 37.07
      },
      "name": "Venue Name"
    },
    {
      "bounding_box": {
        "h": 56.82,
        "w": 76.17,
        "x": 598.03,
        "y": 559.75
      },
      "name": "Amount paid "
    }
  ]
}