{
  "image": {
    "width": 750,
    "height": 1000,
    "filename": "00000008.jpg",
    "original_filename": "1007-receipt.jpg",
    "url": "https://darwin.v7labs.com/api/images/1236852/original?token=b7e572f8-6043-4594-8689-54b26ad0cf02",
    "thumbnail_url": "https://darwin.v7labs.com/api/images/1236852/thumbnail?token=b7e572f8-6043-4594-8689-54b26ad0cf02",
    "workview_url": "https://darwin.v7labs.com/workview?dataset=1202&image=8"
  },
  "dataset": "OCR Set",
  "annotated": true,
  "annotations": [
    {
      "bounding_box": {
        "h": 32.02,
        "w": 248.91,
        "x": 219.25,
        "y": 45.12
      },
      "name": "Venue Name"
    },
    {
      "bounding_box": {
        "h": 64.05,
        "w": 368.27,
        "x": 159.57,
        "y": 80.06
      },
      "name": "Venue Address"
    },
    {
      "bounding_box": {
        "h": 93.16,
        "w": 189.23,
        "x": 504.55,
        "y": 867.54
      },
      "name": "Amount paid "
    },
    {
      "bounding_box": {
        "h": 37.85,
        "w": 355.17,
        "x": 326.97,
        "y": 262.01
      },
      "name": "Receipt Date"
    }
  ]
}