{
  "image": {
    "width": 348,
    "height": 348,
    "filename": "00000020.jpg",
    "original_filename": "1019-receipt.jpg",
    "url": "https://darwin.v7labs.com/api/images/1236864/original?token=b7e572f8-6043-4594-8689-54b26ad0cf02",
    "thumbnail_url": "https://darwin.v7labs.com/api/images/1236864/thumbnail?token=b7e572f8-6043-4594-8689-54b26ad0cf02",
    "workview_url": "https://darwin.v7labs.com/workview?dataset=1202&image=20"
  },
  "dataset": "OCR Set",
  "annotated": true,
  "annotations": [
    {
      "bounding_box": {
        "h": 17.73,
        "w": 110.43,
        "x": 124.86,
        "y": 0.51
      },
      "name": "Venue Name"
    },
    {
      "bounding_box": {
        "h": 19.76,
        "w": 107.9,
        "x": 125.88,
        "y": 19.25
      },
      "name": "Venue Address"
    },
    {
      "bounding_box": {
        "h": 27.86,
        "w": 48.63,
        "x": 233.27,
        "y": 252.26
      },
      "name": "Amount paid "
    },
    {
      "bounding_box": {
        "h": 20.77,
        "w": 117.01,
        "x": 114.23,
        "y": 303.93
      },
      "name": "Receipt Date"
    }
  ]
}