{
  "image": {
    "width": 750,
    "height": 1000,
    "filename": "00000056.jpg",
    "original_filename": "1126-receipt.jpg",
    "url": "https://darwin.v7labs.com/api/images/1236971/original?token=8b277349-7b19-48cf-bbfe-7bb11792aca8",
    "thumbnail_url": "https://darwin.v7labs.com/api/images/1236971/thumbnail?token=8b277349-7b19-48cf-bbfe-7bb11792aca8",
    "workview_url": "https://darwin.v7labs.com/workview?dataset=1203&image=56"
  },
  "dataset": "OCR set 2",
  "annotated": true,
  "annotations": [
    {
      "annotator": {
        "email": "order@bex.kg",
        "full_name": "Zhaparova  Nurzhan"
      },
      "bounding_box": {
        "h": 37.7,
        "w": 111.11,
        "x": 525.79,
        "y": 680.56
      },
      "name": "Amount paid "
    },
    {
      "annotator": {
        "email": "order@bex.kg",
        "full_name": "Zhaparova  Nurzhan"
      },
      "bounding_box": {
        "h": 196.43,
        "w": 414.68,
        "x": 170.63,
        "y": 158.73
      },
      "name": "Venue Name "
    },
    {
      "annotator": {
        "email": "order@bex.kg",
        "full_name": "Zhaparova  Nurzhan"
      },
      "bounding_box": {
        "h": 29.76,
        "w": 91.27,
        "x": 482.14,
        "y": 390.87
      },
      "name": "Receipt Date "
    }
  ]
}