{
  "image": {
    "width": 631,
    "height": 1000,
    "filename": "00000015.jpg",
    "original_filename": "1085-receipt.jpg",
    "url": "https://darwin.v7labs.com/api/images/1236930/original?token=8b277349-7b19-48cf-bbfe-7bb11792aca8",
    "thumbnail_url": "https://darwin.v7labs.com/api/images/1236930/thumbnail?token=8b277349-7b19-48cf-bbfe-7bb11792aca8",
    "workview_url": "https://darwin.v7labs.com/workview?dataset=1203&image=15"
  },
  "dataset": "OCR set 2",
  "annotated": true,
  "annotations": [
    {
      "annotator": {
        "email": "order@bex.kg",
        "full_name": "Zhaparova  Nurzhan"
      },
      "bounding_box": {
        "h": 51.59,
        "w": 255.95,
        "x": 194.47,
        "y": 33.73
      },
      "name": "Venue Name "
    },
    {
      "annotator": {
        "email": "order@bex.kg",
        "full_name": "Zhaparova  Nurzhan"
      },
      "bounding_box": {
        "h": 29.76,
        "w": 89.29,
        "x": 500.02,
        "y": 712.3
      },
      "name": "Amount paid "
    },
    {
      "annotator": {
        "email": "order@bex.kg",
        "full_name": "Zhaparova  Nurzhan"
      },
      "bounding_box": {
        "h": 69.44,
        "w": 244.05,
        "x": 194.47,
        "y": 81.35
      },
      "name": "Venue Address"
    },
    {
      "annotator": {
        "email": "order@bex.kg",
        "full_name": "Zhaparova  Nurzhan"
      },
      "bounding_box": {
        "h": 35.71,
        "w": 115.08,
        "x": 375.02,
        "y": 378.97
      },
      "name": "Receipt Date "
    }
  ]
}