{
  "image": {
    "width": 750,
    "height": 1000,
    "filename": "00000022.jpg",
    "original_filename": "1092-receipt.jpg",
    "url": "https://darwin.v7labs.com/api/images/1236937/original?token=8b277349-7b19-48cf-bbfe-7bb11792aca8",
    "thumbnail_url": "https://darwin.v7labs.com/api/images/1236937/thumbnail?token=8b277349-7b19-48cf-bbfe-7bb11792aca8",
    "workview_url": "https://darwin.v7labs.com/workview?dataset=1203&image=22"
  },
  "dataset": "OCR set 2",
  "annotated": true,
  "annotations": [
    {
      "annotator": {
        "email": "order@bex.kg",
        "full_name": "Zhaparova  Nurzhan"
      },
      "bounding_box": {
        "h": 22.54,
        "w": 79.93,
        "x": 399.47,
        "y": 598.51
      },
      "name": "Amount paid "
    },
    {
      "annotator": {
        "email": "order@bex.kg",
        "full_name": "Zhaparova  Nurzhan"
      },
      "bounding_box": {
        "h": 14.08,
        "w": 278.61,
        "x": 210.49,
        "y": 288.93
      },
      "name": "Venue Address"
    },
    {
      "annotator": {
        "email": "order@bex.kg",
        "full_name": "Zhaparova  Nurzhan"
      },
      "bounding_box": {
        "h": 28.9,
        "w": 148.2,
        "x": 274.96,
        "y": 258.55
      },
      "name": "Venue Name "
    },
    {
      "annotator": {
        "email": "order@bex.kg",
        "full_name": "Zhaparova  Nurzhan"
      },
      "bounding_box": {
        "h": 12.86,
        "w": 62.69,
        "x": 200.83,
        "y": 361.13
      },
      "name": "Receipt Date "
    }
  ]
}