{
  "image": {
    "width": 250,
    "height": 250,
    "filename": "00000045.jpg",
    "original_filename": "1044-receipt.jpg",
    "url": "https://darwin.v7labs.com/api/images/1236889/original?token=b7e572f8-6043-4594-8689-54b26ad0cf02",
    "thumbnail_url": "https://darwin.v7labs.com/api/images/1236889/thumbnail?token=b7e572f8-6043-4594-8689-54b26ad0cf02",
    "workview_url": "https://darwin.v7labs.com/workview?dataset=1202&image=45"
  },
  "dataset": "OCR Set",
  "annotated": true,
  "annotations": [
    {
      "bounding_box": {
        "h": 12.04,
        "w": 47.53,
        "x": 140.95,
        "y": 138.02
      },
      "name": "Amount paid "
    },
    {
      "bounding_box": {
        "h": 25.07,
        "w": 69.66,
        "x": 35.48,
        "y": 43.95
      },
      "name": "Venue Address"
    },
    {
      "bounding_box": {
        "h": 12.37,
        "w": 42.32,
        "x": 39.39,
        "y": 32.88
      },
      "name": "Venue Name"
    },
    {
      "bounding_box": {
        "h": 13.9,
        "w": 48.3,
        "x": 107.89,
        "y": 221.39
      },
      "name": "Receipt Date"
    }
  ]
}