{
  "image": {
    "width": 750,
    "height": 1000,
    "filename": "00000003.jpg",
    "original_filename": "1002-receipt.jpg",
    "url": "https://darwin.v7labs.com/api/images/1236847/original?token=b7e572f8-6043-4594-8689-54b26ad0cf02",
    "thumbnail_url": "https://darwin.v7labs.com/api/images/1236847/thumbnail?token=b7e572f8-6043-4594-8689-54b26ad0cf02",
    "workview_url": "https://darwin.v7labs.com/workview?dataset=1202&image=3"
  },
  "dataset": "OCR Set",
  "annotated": true,
  "annotations": [
    {
      "bounding_box": {
        "h": 56.0,
        "w": 139.61,
        "x": 170.94,
        "y": 337.27
      },
      "name": "Venue Address"
    },
    {
      "bounding_box": {
        "h": 41.62,
        "w": 118.43,
        "x": 185.7,
        "y": 310.79
      },
      "name": "Venue Name"
    },
    {
      "bounding_box": {
        "h": 26.45,
        "w": 31.92,
        "x": 329.56,
        "y": 546.15
      },
      "name": "Amount paid "
    },
    {
      "bounding_box": {
        "h": 20.81,
        "w": 70.37,
        "x": 74.11,
        "y": 382.65
      },
      "name": "Receipt Date"
    }
  ]
}