{
  "image": {
    "width": 750,
    "height": 1000,
    "filename": "00000050.jpg",
    "original_filename": "1049-receipt.jpg",
    "url": "https://darwin.v7labs.com/api/images/1236894/original?token=b7e572f8-6043-4594-8689-54b26ad0cf02",
    "thumbnail_url": "https://darwin.v7labs.com/api/images/1236894/thumbnail?token=b7e572f8-6043-4594-8689-54b26ad0cf02",
    "workview_url": "https://darwin.v7labs.com/workview?dataset=1202&image=50"
  },
  "dataset": "OCR Set",
  "annotated": true,
  "annotations": [
    {
      "bounding_box": {
        "h": 21.35,
        "w": 69.48,
        "x": 447.78,
        "y": 443.72
      },
      "name": "Receipt Date"
    },
    {
      "bounding_box": {
        "h": 49.87,
        "w": 198.52,
        "x": 295.02,
        "y": 248.17
      },
      "name": "Venue Name"
    },
    {
      "bounding_box": {
        "h": 50.84,
        "w": 334.59,
        "x": 228.2,
        "y": 296.59
      },
      "name": "Venue Address"
    },
    {
      "bounding_box": {
        "h": 26.1,
        "w": 63.59,
        "x": 560.2,
        "y": 754.85
      },
      "name": "Amount paid "
    }
  ]
}