{
  "image": {
    "width": 299,
    "height": 400,
    "filename": "00000029.jpg",
    "original_filename": "1028-receipt.jpg",
    "url": "https://darwin.v7labs.com/api/images/1236873/original?token=b7e572f8-6043-4594-8689-54b26ad0cf02",
    "thumbnail_url": "https://darwin.v7labs.com/api/images/1236873/thumbnail?token=b7e572f8-6043-4594-8689-54b26ad0cf02",
    "workview_url": "https://darwin.v7labs.com/workview?dataset=1202&image=29"
  },
  "dataset": "OCR Set",
  "annotated": true,
  "annotations": [
    {
      "bounding_box": {
        "h": 10.38,
        "w": 33.48,
        "x": 124.35,
        "y": 112.61
      },
      "name": "Receipt Date"
    },
    {
      "bounding_box": {
        "h": 11.67,
        "w": 87.35,
        "x": 94.46,
        "y": 49.91
      },
      "name": "Venue Name"
    },
    {
      "bounding_box": {
        "h": 22.7,
        "w": 95.56,
        "x": 90.57,
        "y": 59.64
      },
      "name": "Venue Address"
    },
    {
      "bounding_box": {
        "h": 11.96,
        "w": 50.4,
        "x": 170.26,
        "y": 358.04
      },
      "name": "Amount paid "
    }
  ]
}