{
  "image": {
    "width": 750,
    "height": 1000,
    "filename": "00000033.jpg",
    "original_filename": "1032-receipt.jpg",
    "url": "https://darwin.v7labs.com/api/images/1236877/original?token=b7e572f8-6043-4594-8689-54b26ad0cf02",
    "thumbnail_url": "https://darwin.v7labs.com/api/images/1236877/thumbnail?token=b7e572f8-6043-4594-8689-54b26ad0cf02",
    "workview_url": "https://darwin.v7labs.com/workview?dataset=1202&image=33"
  },
  "dataset": "OCR Set",
  "annotated": true,
  "annotations": [
    {
      "bounding_box": {
        "h": 47.76,
        "w": 169.23,
        "x": 324.96,
        "y": 863.58
      },
      "name": "Receipt Date"
    },
    {
      "bounding_box": {
        "h": 38.59,
        "w": 478.24,
        "x": 106.84,
        "y": 113.2
      },
      "name": "Venue Name"
    },
    {
      "bounding_box": {
        "h": 36.32,
        "w": 592.5,
        "x": 56.14,
        "y": 160.87
      },
      "name": "Venue Address"
    },
    {
      "bounding_box": {
        "h": 43.89,
        "w": 152.86,
        "x": 473.57,
        "y": 653.97
      },
      "name": "Amount paid "
    }
  ]
}