{
  "image": {
    "width": 750,
    "height": 1000,
    "filename": "00000012.jpg",
    "original_filename": "1082-receipt.jpg",
    "url": "https://darwin.v7labs.com/api/images/1236927/original?token=8b277349-7b19-48cf-bbfe-7bb11792aca8",
    "thumbnail_url": "https://darwin.v7labs.com/api/images/1236927/thumbnail?token=8b277349-7b19-48cf-bbfe-7bb11792aca8",
    "workview_url": "https://darwin.v7labs.com/workview?dataset=1203&image=12"
  },
  "dataset": "OCR set 2",
  "annotated": true,
  "annotations": [
    {
      "annotator": {
        "email": "order@bex.kg",
        "full_name": "Zhaparova  Nurzhan"
      },
      "bounding_box": {
        "h": 43.65,
        "w": 267.86,
        "x": 208.33,
        "y": 59.52
      },
      "name": "Venue Name "
    },
    {
      "annotator": {
        "email": "order@bex.kg",
        "full_name": "Zhaparova  Nurzhan"
      },
      "bounding_box": {
        "h": 73.41,
        "w": 253.97,
        "x": 214.29,
        "y": 101.19
      },
      "name": "Venue Address"
    },
    {
      "annotator": {
        "email": "order@bex.kg",
        "full_name": "Zhaparova  Nurzhan"
      },
      "bounding_box": {
        "h": 37.7,
        "w": 67.46,
        "x": 515.87,
        "y": 672.62
      },
      "name": "Amount paid "
    },
    {
      "annotator": {
        "email": "order@bex.kg",
        "full_name": "Zhaparova  Nurzhan"
      },
      "bounding_box": {
        "h": 39.68,
        "w": 123.02,
        "x": 222.22,
        "y": 386.9
      },
      "name": "Receipt Date "
    }
  ]
}