{
  "image": {
    "width": 750,
    "height": 1000,
    "filename": "00000019.jpg",
    "original_filename": "1018-receipt.jpg",
    "url": "https://darwin.v7labs.com/api/images/1236863/original?token=b7e572f8-6043-4594-8689-54b26ad0cf02",
    "thumbnail_url": "https://darwin.v7labs.com/api/images/1236863/thumbnail?token=b7e572f8-6043-4594-8689-54b26ad0cf02",
    "workview_url": "https://darwin.v7labs.com/workview?dataset=1202&image=19"
  },
  "dataset": "OCR Set",
  "annotated": true,
  "annotations": [
    {
      "bounding_box": {
        "h": 43.6,
        "w": 171.51,
        "x": 574.13,
        "y": 750.0
      },
      "name": "Amount paid "
    },
    {
      "bounding_box": {
        "h": 55.09,
        "w": 421.64,
        "x": 207.18,
        "y": 237.21
      },
      "name": "Venue Name"
    },
    {
      "bounding_box": {
        "h": 39.2,
        "w": 158.91,
        "x": 116.07,
        "y": 294.42
      },
      "name": "Receipt Date"
    }
  ]
}