{
  "image": {
    "width": 750,
    "height": 1000,
    "filename": "00000005.jpg",
    "original_filename": "1004-receipt.jpg",
    "url": "https://darwin.v7labs.com/api/images/1236849/original?token=b7e572f8-6043-4594-8689-54b26ad0cf02",
    "thumbnail_url": "https://darwin.v7labs.com/api/images/1236849/thumbnail?token=b7e572f8-6043-4594-8689-54b26ad0cf02",
    "workview_url": "https://darwin.v7labs.com/workview?dataset=1202&image=5"
  },
  "dataset": "OCR Set",
  "annotated": true,
  "annotations": [
    {
      "bounding_box": {
        "h": 33.37,
        "w": 340.07,
        "x": 271.29,
        "y": 320.3
      },
      "name": "Receipt Date"
    },
    {
      "bounding_box": {
        "h": 43.41,
        "w": 340.24,
        "x": 184.49,
        "y": 163.03
      },
      "name": "Venue Name"
    },
    {
      "bounding_box": {
        "h": 65.11,
        "w": 367.05,
        "x": 165.34,
        "y": 195.59
      },
      "name": "Venue Address"
    },
    {
      "bounding_box": {
        "h": 37.79,
        "w": 191.86,
        "x": 444.77,
        "y": 670.06
      },
      "name": "Amount paid "
    }
  ]
}