{
  "image": {
    "width": 750,
    "height": 1000,
    "filename": "00000024.jpg",
    "original_filename": "1023-receipt.jpg",
    "url": "https://darwin.v7labs.com/api/images/1236868/original?token=b7e572f8-6043-4594-8689-54b26ad0cf02",
    "thumbnail_url": "https://darwin.v7labs.com/api/images/1236868/thumbnail?token=b7e572f8-6043-4594-8689-54b26ad0cf02",
    "workview_url": "https://darwin.v7labs.com/workview?dataset=1202&image=24"
  },
  "dataset": "OCR Set",
  "annotated": true,
  "annotations": [
    {
      "bounding_box": {
        "h": 45.02,
        "w": 125.01,
        "x": 469.06,
        "y": 569.39
      },
      "name": "Amount paid "
    },
    {
      "bounding_box": {
        "h": 41.08,
        "w": 151.34,
        "x": 294.18,
        "y": 134.22
      },
      "name": "Venue Address"
    },
    {
      "bounding_box": {
        "h": 21.62,
        "w": 192.42,
        "x": 269.86,
        "y": 111.52
      },
      "name": "Venue Name"
    },
    {
      "bounding_box": {
        "h": 23.78,
        "w": 86.48,
        "x": 234.72,
        "y": 305.02
      },
      "name": "Receipt Date"
    }
  ]
}