{
  "image": {
    "width": 750,
    "height": 1000,
    "filename": "00000037.jpg",
    "original_filename": "1036-receipt.jpg",
    "url": "https://darwin.v7labs.com/api/images/1236881/original?token=b7e572f8-6043-4594-8689-54b26ad0cf02",
    "thumbnail_url": "https://darwin.v7labs.com/api/images/1236881/thumbnail?token=b7e572f8-6043-4594-8689-54b26ad0cf02",
    "workview_url": "https://darwin.v7labs.com/workview?dataset=1202&image=37"
  },
  "dataset": "OCR Set",
  "annotated": true,
  "annotations": [
    {
      "bounding_box": {
        "h": 21.26,
        "w": 75.07,
        "x": 460.59,
        "y": 365.89
      },
      "name": "Receipt Date"
    },
    {
      "bounding_box": {
        "h": 35.87,
        "w": 288.98,
        "x": 236.05,
        "y": 241.66
      },
      "name": "Venue Name"
    },
    {
      "bounding_box": {
        "h": 35.21,
        "w": 328.84,
        "x": 214.13,
        "y": 262.25
      },
      "name": "Venue Address"
    },
    {
      "bounding_box": {
        "h": 31.22,
        "w": 105.63,
        "x": 492.48,
        "y": 587.11
      },
      "name": "Amount paid "
    }
  ]
}