{
  "image": {
    "width": 1000,
    "height": 750,
    "filename": "00000022.jpg",
    "original_filename": "1021-receipt.jpg",
    "url": "https://darwin.v7labs.com/api/images/1236866/original?token=b7e572f8-6043-4594-8689-54b26ad0cf02",
    "thumbnail_url": "https://darwin.v7labs.com/api/images/1236866/thumbnail?token=b7e572f8-6043-4594-8689-54b26ad0cf02",
    "workview_url": "https://darwin.v7labs.com/workview?dataset=1202&image=22"
  },
  "dataset": "OCR Set",
  "annotated": true,
  "annotations": [
    {
      "bounding_box": {
        "h": 38.15,
        "w": 125.36,
        "x": 748.55,
        "y": 687.86
      },
      "name": "Amount paid "
    },
    {
      "bounding_box": {
        "h": 42.51,
        "w": 279.07,
        "x": 382.27,
        "y": 136.26
      },
      "name": "Venue Address"
    },
    {
      "bounding_box": {
        "h": 28.34,
        "w": 392.44,
        "x": 324.49,
        "y": 110.1
      },
      "name": "Venue Name"
    },
    {
      "bounding_box": {
        "h": 27.41,
        "w": 153.35,
        "x": 228.72,
        "y": 315.77
      },
      "name": "Receipt Date"
    }
  ]
}