{
  "image": {
    "width": 750,
    "height": 1000,
    "filename": "00000006.jpg",
    "original_filename": "1076-receipt.jpg",
    "url": "https://darwin.v7labs.com/api/images/1236921/original?token=8b277349-7b19-48cf-bbfe-7bb11792aca8",
    "thumbnail_url": "https://darwin.v7labs.com/api/images/1236921/thumbnail?token=8b277349-7b19-48cf-bbfe-7bb11792aca8",
    "workview_url": "https://darwin.v7labs.com/workview?dataset=1203&image=6"
  },
  "dataset": "OCR set 2",
  "annotated": true,
  "annotations": [
    {
      "annotator": {
        "email": "order@bex.kg",
        "full_name": "Zhaparova  Nurzhan"
      },
      "bounding_box": {
        "h": 49.6,
        "w": 126.98,
        "x": 613.1,
        "y": 916.67
      },
      "name": "Amount paid "
    },
    {
      "annotator": {
        "email": "order@bex.kg",
        "full_name": "Zhaparova  Nurzhan"
      },
      "bounding_box": {
        "h": 83.33,
        "w": 388.89,
        "x": 158.73,
        "y": 228.17
      },
      "name": "Venue Address"
    },
    {
      "annotator": {
        "email": "order@bex.kg",
        "full_name": "Zhaparova  Nurzhan"
      },
      "bounding_box": {
        "h": 31.75,
        "w": 339.29,
        "x": 172.62,
        "y": 190.48
      },
      "name": "Venue Name "
    },
    {
      "annotator": {
        "email": "order@bex.kg",
        "full_name": "Zhaparova  Nurzhan"
      },
      "bounding_box": {
        "h": 45.63,
        "w": 166.67,
        "x": 13.89,
        "y": 702.38
      },
      "name": "Receipt Date "
    }
  ]
}