{
  "image": {
    "width": 750,
    "height": 1000,
    "filename": "00000028.jpg",
    "original_filename": "1098-receipt.jpg",
    "url": "https://darwin.v7labs.com/api/images/1236943/original?token=8b277349-7b19-48cf-bbfe-7bb11792aca8",
    "thumbnail_url": "https://darwin.v7labs.com/api/images/1236943/thumbnail?token=8b277349-7b19-48cf-bbfe-7bb11792aca8",
    "workview_url": "https://darwin.v7labs.com/workview?dataset=1203&image=28"
  },
  "dataset": "OCR set 2",
  "annotated": true,
  "annotations": [
    {
      "annotator": {
        "email": "order@bex.kg",
        "full_name": "Zhaparova  Nurzhan"
      },
      "bounding_box": {
        "h": 29.76,
        "w": 150.79,
        "x": 430.56,
        "y": 718.25
      },
      "name": "Amount paid "
    },
    {
      "annotator": {
        "email": "order@bex.kg",
        "full_name": "Zhaparova  Nurzhan"
      },
      "bounding_box": {
        "h": 48.45,
        "w": 164.14,
        "x": 277.47,
        "y": 217.44
      },
      "name": "Venue Address"
    },
    {
      "annotator": {
        "email": "order@bex.kg",
        "full_name": "Zhaparova  Nurzhan"
      },
      "bounding_box": {
        "h": 33.26,
        "w": 189.45,
        "x": 262.29,
        "y": 200.81
      },
      "name": "Venue Name "
    },
    {
      "annotator": {
        "email": "order@bex.kg",
        "full_name": "Zhaparova  Nurzhan"
      },
      "bounding_box": {
        "h": 26.03,
        "w": 96.89,
        "x": 255.78,
        "y": 414.12
      },
      "name": "Receipt Date "
    }
  ]
}