{
  "image": {
    "width": 750,
    "height": 1000,
    "filename": "00000066.jpg",
    "original_filename": "1065-receipt.jpg",
    "url": "https://darwin.v7labs.com/api/images/1236910/original?token=b7e572f8-6043-4594-8689-54b26ad0cf02",
    "thumbnail_url": "https://darwin.v7labs.com/api/images/1236910/thumbnail?token=b7e572f8-6043-4594-8689-54b26ad0cf02",
    "workview_url": "https://darwin.v7labs.com/workview?dataset=1202&image=66"
  },
  "dataset": "OCR Set",
  "annotated": true,
  "annotations": [
    {
      "bounding_box": {
        "h": 26.57,
        "w": 73.74,
        "x": 536.91,
        "y": 560.4
      },
      "name": "Amount paid "
    },
    {
      "bounding_box": {
        "h": 49.96,
        "w": 263.24,
        "x": 234.74,
        "y": 111.84
      },
      "name": "Venue Address"
    },
    {
      "bounding_box": {
        "h": 24.02,
        "w": 110.48,
        "x": 312.56,
        "y": 88.78
      },
      "name": "Venue Name"
    },
    {
      "bounding_box": {
        "h": 24.02,
        "w": 80.39,
        "x": 411.77,
        "y": 315.04
      },
      "name": "Receipt Date"
    }
  ]
}