{
  "image": {
    "width": 749,
    "height": 1000,
    "filename": "00000050.jpg",
    "original_filename": "1120-receipt.jpg",
    "url": "https://darwin.v7labs.com/api/images/1236965/original?token=8b277349-7b19-48cf-bbfe-7bb11792aca8",
    "thumbnail_url": "https://darwin.v7labs.com/api/images/1236965/thumbnail?token=8b277349-7b19-48cf-bbfe-7bb11792aca8",
    "workview_url": "https://darwin.v7labs.com/workview?dataset=1203&image=50"
  },
  "dataset": "OCR set 2",
  "annotated": true,
  "annotations": [
    {
      "annotator": {
        "email": "order@bex.kg",
        "full_name": "Zhaparova  Nurzhan"
      },
      "bounding_box": {
        "h": 33.73,
        "w": 91.27,
        "x": 493.55,
        "y": 797.62
      },
      "name": "Amount paid "
    },
    {
      "annotator": {
        "email": "order@bex.kg",
        "full_name": "Zhaparova  Nurzhan"
      },
      "bounding_box": {
        "h": 43.65,
        "w": 301.59,
        "x": 164.18,
        "y": 123.02
      },
      "name": "Venue Address"
    },
    {
      "annotator": {
        "email": "order@bex.kg",
        "full_name": "Zhaparova  Nurzhan"
      },
      "bounding_box": {
        "h": 29.76,
        "w": 200.4,
        "x": 215.77,
        "y": 91.27
      },
      "name": "Venue Name "
    },
    {
      "annotator": {
        "email": "order@bex.kg",
        "full_name": "Zhaparova  Nurzhan"
      },
      "bounding_box": {
        "h": 24.4,
        "w": 108.58,
        "x": 135.13,
        "y": 281.35
      },
      "name": "Receipt Date "
    }
  ]
}