{
  "image": {
    "width": 645,
    "height": 1000,
    "filename": "00000002.jpg",
    "original_filename": "1001-receipt.jpg",
    "url": "https://darwin.v7labs.com/api/images/1236846/original?token=b7e572f8-6043-4594-8689-54b26ad0cf02",
    "thumbnail_url": "https://darwin.v7labs.com/api/images/1236846/thumbnail?token=b7e572f8-6043-4594-8689-54b26ad0cf02",
    "workview_url": "https://darwin.v7labs.com/workview?dataset=1202&image=2"
  },
  "dataset": "OCR Set",
  "annotated": true,
  "annotations": [
    {
      "bounding_box": {
        "h": 22.16,
        "w": 106.48,
        "x": 397.85,
        "y": 503.97
      },
      "name": "Amount paid "
    },
    {
      "bounding_box": {
        "h": 28.66,
        "w": 157.63,
        "x": 316.16,
        "y": 228.45
      },
      "name": "Receipt Date"
    },
    {
      "bounding_box": {
        "h": 64.49,
        "w": 442.94,
        "x": 94.69,
        "y": 95.57
      },
      "name": "Venue Name"
    },
    {
      "bounding_box": {
        "h": 28.0,
        "w": 181.61,
        "x": 196.51,
        "y": 172.89
      },
      "name": "Venue Address"
    }
  ]
}