{
  "image": {
    "width": 750,
    "height": 1000,
    "filename": "00000067.jpg",
    "original_filename": "1137-receipt.jpg",
    "url": "https://darwin.v7labs.com/api/images/1236982/original?token=8b277349-7b19-48cf-bbfe-7bb11792aca8",
    "thumbnail_url": "https://darwin.v7labs.com/api/images/1236982/thumbnail?token=8b277349-7b19-48cf-bbfe-7bb11792aca8",
    "workview_url": "https://darwin.v7labs.com/workview?dataset=1203&image=67"
  },
  "dataset": "OCR set 2",
  "annotated": true,
  "annotations": [
    {
      "annotator": {
        "email": "order@bex.kg",
        "full_name": "Zhaparova  Nurzhan"
      },
      "bounding_box": {
        "h": 51.59,
        "w": 83.33,
        "x": 549.6,
        "y": 625
      },
      "name": "Amount paid "
    },
    {
      "annotator": {
        "email": "order@bex.kg",
        "full_name": "Zhaparova  Nurzhan"
      },
      "bounding_box": {
        "h": 47.62,
        "w": 166.67,
        "x": 293.65,
        "y": 123.02
      },
      "name": "Venue Name "
    },
    {
      "annotator": {
        "email": "order@bex.kg",
        "full_name": "Zhaparova  Nurzhan"
      },
      "bounding_box": {
        "h": 56.69,
        "w": 289.12,
        "x": 232.99,
        "y": 159.01
      },
      "name": "Venue Address"
    },
    {
      "annotator": {
        "email": "order@bex.kg",
        "full_name": "Zhaparova  Nurzhan"
      },
      "bounding_box": {
        "h": 35.87,
        "w": 139.16,
        "x": 254.29,
        "y": 849.96
      },
      "name": "Receipt Date "
    }
  ]
}