{
  "image": {
    "width": 300,
    "height": 400,
    "filename": "00000003.jpg",
    "original_filename": "1073-receipt.jpg",
    "url": "https://darwin.v7labs.com/api/images/1236918/original?token=8b277349-7b19-48cf-bbfe-7bb11792aca8",
    "thumbnail_url": "https://darwin.v7labs.com/api/images/1236918/thumbnail?token=8b277349-7b19-48cf-bbfe-7bb11792aca8",
    "workview_url": "https://darwin.v7labs.com/workview?dataset=1203&image=3"
  },
  "dataset": "OCR set 2",
  "annotated": true,
  "annotations": [
    {
      "annotator": {
        "email": "gm@bex.kg",
        "full_name": "Ahmet Shamiev"
      },
      "bounding_box": {
        "h": 16.3,
        "w": 72.2,
        "x": 90.61,
        "y": 54.15
      },
      "name": "Venue Name "
    },
    {
      "annotator": {
        "email": "gm@bex.kg",
        "full_name": "Ahmet Shamiev"
      },
      "bounding_box": {
        "h": 13.39,
        "w": 95.49,
        "x": 119.14,
        "y": 69.87
      },
      "name": "Venue Address"
    },
    {
      "annotator": {
        "email": "gm@bex.kg",
        "full_name": "Ahmet Shamiev"
      },
      "bounding_box": {
        "h": 11.64,
        "w": 38.43,
        "x": 213.46,
        "y": 210.19
      },
      "name": "Amount paid "
    },
    {
      "annotator": {
        "email": "gm@bex.kg",
        "full_name": "Ahmet Shamiev"
      },
      "bounding_box": {
        "h": 22.71,
        "w": 89.67,
        "x": 143.6,
        "y": 342.36
      },
      "name": "Receipt Date "
    }
  ]
}