{
  "image": {
    "width": 750,
    "height": 1000,
    "filename": "00000039.jpg",
    "original_filename": "1038-receipt.jpg",
    "url": "https://darwin.v7labs.com/api/images/1236883/original?token=b7e572f8-6043-4594-8689-54b26ad0cf02",
    "thumbnail_url": "https://darwin.v7labs.com/api/images/1236883/thumbnail?token=b7e572f8-6043-4594-8689-54b26ad0cf02",
    "workview_url": "https://darwin.v7labs.com/workview?dataset=1202&image=39"
  },
  "dataset": "OCR Set",
  "annotated": true,
  "annotations": [
    {
      "bounding_box": {
        "h": 29.23,
        "w": 106.96,
        "x": 257.57,
        "y": 346.94
      },
      "name": "Receipt Date"
    },
    {
      "bounding_box": {
        "h": 27.9,
        "w": 221.22,
        "x": 205.09,
        "y": 210.09
      },
      "name": "Venue Name"
    },
    {
      "bounding_box": {
        "h": 56.47,
        "w": 304.93,
        "x": 157.92,
        "y": 263.23
      },
      "name": "Venue Address"
    },
    {
      "bounding_box": {
        "h": 31.89,
        "w": 126.22,
        "x": 367.85,
        "y": 640.57
      },
      "name": "Amount paid "
    }
  ]
}