{
  "image": {
    "width": 750,
    "height": 1000,
    "filename": "00000027.jpg",
    "original_filename": "1026-receipt.jpg",
    "url": "https://darwin.v7labs.com/api/images/1236871/original?token=b7e572f8-6043-4594-8689-54b26ad0cf02",
    "thumbnail_url": "https://darwin.v7labs.com/api/images/1236871/thumbnail?token=b7e572f8-6043-4594-8689-54b26ad0cf02",
    "workview_url": "https://darwin.v7labs.com/workview?dataset=1202&image=27"
  },
  "dataset": "OCR Set",
  "annotated": true,
  "annotations": [
    {
      "bounding_box": {
        "h": 33.9,
        "w": 143.02,
        "x": 250.88,
        "y": 351.27
      },
      "name": "Receipt Date"
    },
    {
      "bounding_box": {
        "h": 73.4,
        "w": 255.77,
        "x": 176.57,
        "y": 107.26
      },
      "name": "Venue Address"
    },
    {
      "bounding_box": {
        "h": 36.32,
        "w": 269.39,
        "x": 175.06,
        "y": 75.48
      },
      "name": "Venue Name"
    },
    {
      "bounding_box": {
        "h": 31.4,
        "w": 84.75,
        "x": 385.37,
        "y": 817.24
      },
      "name": "Amount paid "
    }
  ]
}