{
  "image": {
    "width": 750,
    "height": 1000,
    "filename": "00000014.jpg",
    "original_filename": "1084-receipt.jpg",
    "url": "https://darwin.v7labs.com/api/images/1236929/original?token=8b277349-7b19-48cf-bbfe-7bb11792aca8",
    "thumbnail_url": "https://darwin.v7labs.com/api/images/1236929/thumbnail?token=8b277349-7b19-48cf-bbfe-7bb11792aca8",
    "workview_url": "https://darwin.v7labs.com/workview?dataset=1203&image=14"
  },
  "dataset": "OCR set 2",
  "annotated": true,
  "annotations": [
    {
      "annotator": {
        "email": "gm@bex.kg",
        "full_name": "Ahmet Shamiev"
      },
      "bounding_box": {
        "h": 53.86,
        "w": 269.29,
        "x": 126.09,
        "y": 33.48
      },
      "name": "Venue Name "
    },
    {
      "annotator": {
        "email": "gm@bex.kg",
        "full_name": "Ahmet Shamiev"
      },
      "bounding_box": {
        "h": 50.95,
        "w": 292.58,
        "x": 101.35,
        "y": 87.34
      },
      "name": "Venue Address"
    },
    {
      "annotator": {
        "email": "gm@bex.kg",
        "full_name": "Ahmet Shamiev"
      },
      "bounding_box": {
        "h": 58.22,
        "w": 132.46,
        "x": 409.93,
        "y": 714.7
      },
      "name": "Amount paid "
    },
    {
      "annotator": {
        "email": "gm@bex.kg",
        "full_name": "Ahmet Shamiev"
      },
      "bounding_box": {
        "h": 55.31,
        "w": 286.75,
        "x": 137.74,
        "y": 825.33
      },
      "name": "Receipt Date "
    }
  ]
}