{
  "image": {
    "width": 750,
    "height": 1000,
    "filename": "00000009.jpg",
    "original_filename": "1079-receipt.jpg",
    "url": "https://darwin.v7labs.com/api/images/1236924/original?token=8b277349-7b19-48cf-bbfe-7bb11792aca8",
    "thumbnail_url": "https://darwin.v7labs.com/api/images/1236924/thumbnail?token=8b277349-7b19-48cf-bbfe-7bb11792aca8",
    "workview_url": "https://darwin.v7labs.com/workview?dataset=1203&image=9"
  },
  "dataset": "OCR set 2",
  "annotated": true,
  "annotations": [
    {
      "annotator": {
        "email": "order@bex.kg",
        "full_name": "Zhaparova  Nurzhan"
      },
      "bounding_box": {
        "h": 31.75,
        "w": 123.02,
        "x": 234.13,
        "y": 337.3
      },
      "name": "Receipt Date "
    },
    {
      "annotator": {
        "email": "order@bex.kg",
        "full_name": "Zhaparova  Nurzhan"
      },
      "bounding_box": {
        "h": 53.57,
        "w": 154.76,
        "x": 386.9,
        "y": 779.76
      },
      "name": "Amount paid "
    },
    {
      "annotator": {
        "email": "order@bex.kg",
        "full_name": "Zhaparova  Nurzhan"
      },
      "bounding_box": {
        "h": 49.6,
        "w": 204.37,
        "x": 194.44,
        "y": 218.25
      },
      "name": "Venue Address"
    },
    {
      "annotator": {
        "email": "order@bex.kg",
        "full_name": "Zhaparova  Nurzhan"
      },
      "bounding_box": {
        "h": 206.35,
        "w": 402.78,
        "x": 117.06,
        "y": 7.94
      },
      "name": "Venue Name "
    }
  ]
}