{
  "image": {
    "width": 627,
    "height": 1000,
    "filename": "00000071.jpg",
    "original_filename": "1070-receipt.jpg",
    "url": "https://darwin.v7labs.com/api/images/1236915/original?token=b7e572f8-6043-4594-8689-54b26ad0cf02",
    "thumbnail_url": "https://darwin.v7labs.com/api/images/1236915/thumbnail?token=b7e572f8-6043-4594-8689-54b26ad0cf02",
    "workview_url": "https://darwin.v7labs.com/workview?dataset=1202&image=71"
  },
  "dataset": "OCR Set",
  "annotated": true,
  "annotations": [
    {
      "bounding_box": {
        "h": 23.73,
        "w": 97.28,
        "x": 156.57,
        "y": 521.24
      },
      "name": "Receipt Date"
    },
    {
      "bounding_box": {
        "h": 28.57,
        "w": 287.13,
        "x": 130.2,
        "y": 67.41
      },
      "name": "Venue Name"
    },
    {
      "bounding_box": {
        "h": 39.22,
        "w": 195.62,
        "x": 165.55,
        "y": 95.5
      },
      "name": "Venue Address"
    },
    {
      "bounding_box": {
        "h": 50.36,
        "w": 67.3,
        "x": 404.05,
        "y": 407.47
      },
      "name": "Amount paid "
    }
  ]
}