{
  "image": {
    "width": 750,
    "height": 1000,
    "filename": "00000013.jpg",
    "original_filename": "1083-receipt.jpg",
    "url": "https://darwin.v7labs.com/api/images/1236928/original?token=8b277349-7b19-48cf-bbfe-7bb11792aca8",
    "thumbnail_url": "https://darwin.v7labs.com/api/images/1236928/thumbnail?token=8b277349-7b19-48cf-bbfe-7bb11792aca8",
    "workview_url": "https://darwin.v7labs.com/workview?dataset=1203&image=13"
  },
  "dataset": "OCR set 2",
  "annotated": true,
  "annotations": [
    {
      "annotator": {
        "email": "order@bex.kg",
        "full_name": "Zhaparova  Nurzhan"
      },
      "bounding_box": {
        "h": 31.75,
        "w": 81.35,
        "x": 132.94,
        "y": 670.63
      },
      "name": "Receipt Date "
    },
    {
      "annotator": {
        "email": "order@bex.kg",
        "full_name": "Zhaparova  Nurzhan"
      },
      "bounding_box": {
        "h": 43.65,
        "w": 93.25,
        "x": 418.65,
        "y": 500
      },
      "name": "Amount paid "
    },
    {
      "annotator": {
        "email": "order@bex.kg",
        "full_name": "Zhaparova  Nurzhan"
      },
      "bounding_box": {
        "h": 54.75,
        "w": 245.85,
        "x": 295.39,
        "y": 1.51
      },
      "name": "Venue Name "
    }
  ]
}