{
  "image": {
    "width": 750,
    "height": 1000,
    "filename": "00000060.jpg",
    "original_filename": "1059-receipt.jpg",
    "url": "https://darwin.v7labs.com/api/images/1236904/original?token=b7e572f8-6043-4594-8689-54b26ad0cf02",
    "thumbnail_url": "https://darwin.v7labs.com/api/images/1236904/thumbnail?token=b7e572f8-6043-4594-8689-54b26ad0cf02",
    "workview_url": "https://darwin.v7labs.com/workview?dataset=1202&image=60"
  },
  "dataset": "OCR Set",
  "annotated": true,
  "annotations": [
    {
      "bounding_box": {
        "h": 35.11,
        "w": 114.83,
        "x": 459.58,
        "y": 250.26
      },
      "name": "Receipt Date"
    },
    {
      "bounding_box": {
        "h": 89.48,
        "w": 531.46,
        "x": 90.87,
        "y": 99.88
      },
      "name": "Venue Name"
    },
    {
      "bounding_box": {
        "h": 35.35,
        "w": 108.95,
        "x": 487.84,
        "y": 503.49
      },
      "name": "Amount paid "
    }
  ]
}