{
  "image": {
    "width": 562,
    "height": 1000,
    "filename": "00000025.jpg",
    "original_filename": "1024-receipt.jpg",
    "url": "https://darwin.v7labs.com/api/images/1236869/original?token=b7e572f8-6043-4594-8689-54b26ad0cf02",
    "thumbnail_url": "https://darwin.v7labs.com/api/images/1236869/thumbnail?token=b7e572f8-6043-4594-8689-54b26ad0cf02",
    "workview_url": "https://darwin.v7labs.com/workview?dataset=1202&image=25"
  },
  "dataset": "OCR Set",
  "annotated": true,
  "annotations": [
    {
      "bounding_box": {
        "h": 21.94,
        "w": 87.4,
        "x": 155.11,
        "y": 254.46
      },
      "name": "Receipt Date"
    },
    {
      "bounding_box": {
        "h": 28.42,
        "w": 247.73,
        "x": 144.44,
        "y": 141.33
      },
      "name": "Venue Name"
    },
    {
      "bounding_box": {
        "h": 37.54,
        "w": 181.78,
        "x": 183.05,
        "y": 165.46
      },
      "name": "Venue Address"
    },
    {
      "bounding_box": {
        "h": 34.59,
        "w": 91.35,
        "x": 354.94,
        "y": 478.69
      },
      "name": "Amount paid "
    }
  ]
}