{
  "image": {
    "width": 750,
    "height": 1000,
    "filename": "00000033.jpg",
    "original_filename": "1103-receipt.jpg",
    "url": "https://darwin.v7labs.com/api/images/1236948/original?token=8b277349-7b19-48cf-bbfe-7bb11792aca8",
    "thumbnail_url": "https://darwin.v7labs.com/api/images/1236948/thumbnail?token=8b277349-7b19-48cf-bbfe-7bb11792aca8",
    "workview_url": "https://darwin.v7labs.com/workview?dataset=1203&image=33"
  },
  "dataset": "OCR set 2",
  "annotated": true,
  "annotations": [
    {
      "annotator": {
        "email": "order@bex.kg",
        "full_name": "Zhaparova  Nurzhan"
      },
      "bounding_box": {
        "h": 31.38,
        "w": 111.35,
        "x": 149.05,
        "y": 312.64
      },
      "name": "Receipt Date "
    },
    {
      "annotator": {
        "email": "order@bex.kg",
        "full_name": "Zhaparova  Nurzhan"
      },
      "bounding_box": {
        "h": 43.04,
        "w": 355.8,
        "x": 182.02,
        "y": 54.73
      },
      "name": "Venue Name "
    },
    {
      "annotator": {
        "email": "order@bex.kg",
        "full_name": "Zhaparova  Nurzhan"
      },
      "bounding_box": {
        "h": 50.21,
        "w": 238.16,
        "x": 252.31,
        "y": 100.64
      },
      "name": "Venue Address"
    },
    {
      "annotator": {
        "email": "order@bex.kg",
        "full_name": "Zhaparova  Nurzhan"
      },
      "bounding_box": {
        "h": 26.03,
        "w": 140.28,
        "x": 470.49,
        "y": 681.44
      },
      "name": "Amount paid "
    }
  ]
}