{
  "image": {
    "width": 742,
    "height": 1000,
    "filename": "00000026.jpg",
    "original_filename": "1025-receipt.jpg",
    "url": "https://darwin.v7labs.com/api/images/1236870/original?token=b7e572f8-6043-4594-8689-54b26ad0cf02",
    "thumbnail_url": "https://darwin.v7labs.com/api/images/1236870/thumbnail?token=b7e572f8-6043-4594-8689-54b26ad0cf02",
    "workview_url": "https://darwin.v7labs.com/workview?dataset=1202&image=26"
  },
  "dataset": "OCR Set",
  "annotated": true,
  "annotations": [
    {
      "bounding_box": {
        "h": 30.72,
        "w": 56.15,
        "x": 525.42,
        "y": 467.28
      },
      "name": "Amount paid "
    },
    {
      "bounding_box": {
        "h": 59.88,
        "w": 309.22,
        "x": 181.91,
        "y": 46.57
      },
      "name": "Venue Address"
    },
    {
      "bounding_box": {
        "h": 27.7,
        "w": 312.79,
        "x": 183.7,
        "y": 15.29
      },
      "name": "Venue Name"
    },
    {
      "bounding_box": {
        "h": 26.81,
        "w": 123.33,
        "x": 344.56,
        "y": 162.75
      },
      "name": "Receipt Date"
    }
  ]
}