{
  "image": {
    "width": 750,
    "height": 1000,
    "filename": "00000059.jpg",
    "original_filename": "1129-receipt.jpg",
    "url": "https://darwin.v7labs.com/api/images/1236974/original?token=8b277349-7b19-48cf-bbfe-7bb11792aca8",
    "thumbnail_url": "https://darwin.v7labs.com/api/images/1236974/thumbnail?token=8b277349-7b19-48cf-bbfe-7bb11792aca8",
    "workview_url": "https://darwin.v7labs.com/workview?dataset=1203&image=59"
  },
  "dataset": "OCR set 2",
  "annotated": true,
  "annotations": [
    {
      "annotator": {
        "email": "order@bex.kg",
        "full_name": "Zhaparova  Nurzhan"
      },
      "bounding_box": {
        "h": 27.78,
        "w": 119.05,
        "x": 206.35,
        "y": 648.81
      },
      "name": "Receipt Date "
    },
    {
      "annotator": {
        "email": "order@bex.kg",
        "full_name": "Zhaparova  Nurzhan"
      },
      "bounding_box": {
        "h": 31.75,
        "w": 154.76,
        "x": 438.49,
        "y": 541.67
      },
      "name": "Amount paid "
    },
    {
      "annotator": {
        "email": "order@bex.kg",
        "full_name": "Zhaparova  Nurzhan"
      },
      "bounding_box": {
        "h": 25.79,
        "w": 563.49,
        "x": 103.17,
        "y": 43.65
      },
      "name": "Venue Name "
    },
    {
      "annotator": {
        "email": "order@bex.kg",
        "full_name": "Zhaparova  Nurzhan"
      },
      "bounding_box": {
        "h": 57.54,
        "w": 327.38,
        "x": 168.65,
        "y": 69.44
      },
      "name": "Venue Address"
    }
  ]
}