{
  "image": {
    "width": 267,
    "height": 400,
    "filename": "00000677.jpg",
    "original_filename": "000077.jpg",
    "url": "https://darwin.v7labs.com/api/images/1211988/original?token=5cea58b9-0f48-4f62-9905-01f97ea9945c",
    "thumbnail_url": "https://darwin.v7labs.com/api/images/1211988/thumbnail?token=5cea58b9-0f48-4f62-9905-01f97ea9945c",
    "workview_url": "https://darwin.v7labs.com/workview?dataset=1161&image=677"
  },
  "dataset": "Fashion retail",
  "annotated": true,
  "annotations": [
    {
      "name": "Shirt Polygon ",
      "polygon": {
        "path": [
          {
            "x": 60.0,
            "y": 84
          },
          {
            "x": 57.0,
            "y": 87
          },
          {
            "x": 57.0,
            "y": 89.0
          },
          {
            "x": 56.0,
            "y": 90.0
          },
          {
            "x": 55.0,
            "y": 90.0
          },
          {
            "x": 55.0,
            "y": 91.0
          },
          {
            "x": 53.0,
            "y": 93
          },
          {
            "x": 52.0,
            "y": 93
          },
          {
            "x": 52.0,
            "y": 94
          },
          {
            "x": 51.0,
            "y": 95
          },
          {
            "x": 50,
            "y": 95
          },
          {
            "x": 49.0,
            "y": 96
          },
          {
            "x": 48.0,
            "y": 96
          },
          {
            "x": 46,
            "y": 98
          },
          {
            "x": 45.0,
            "y": 98
          },
          {
            "x": 44.0,
            "y": 99
          },
          {
            "x": 43.0,
            "y": 99
          },
          {
            "x": 42.0,
            "y": 100
          },
          {
            "x": 41.0,
            "y": 100
          },
          {
            "x": 39.0,
            "y": 102
          },
          {
            "x": 38.0,
            "y": 102
          },
          {
            "x": 37.0,
            "y": 103
          },
          {
            "x": 36.0,
            "y": 103
          },
          {
            "x": 31.0,
            "y": 108
          },
          {
            "x": 30.0,
            "y": 108
          },
          {
            "x": 24.0,
            "y": 114.0
          },
          {
            "x": 24.0,
            "y": 115.0
          },
          {
            "x": 23,
            "y": 116.0
          },
          {
            "x": 23,
            "y": 117
          },
          {
            "x": 22.0,
            "y": 118
          },
          {
            "x": 22.0,
            "y": 119
          },
          {
            "x": 21.0,
            "y": 120
          },
          {
            "x": 21.0,
            "y": 121
          },
          {
            "x": 20.0,
            "y": 122
          },
          {
            "x": 20.0,
            "y": 125
          },
          {
            "x": 19.0,
            "y": 126
          },
          {
            "x": 19.0,
            "y": 130
          },
          {
            "x": 18.0,
            "y": 131
          },
          {
            "x": 18.0,
            "y": 132
          },
          {
            "x": 17.0,
            "y": 133
          },
          {
            "x": 17.0,
            "y": 144
          },
          {
            "x": 18.0,
            "y": 145
          },
          {
            "x": 18.0,
            "y": 153.0
          },
          {
            "x": 19.0,
            "y": 154
          },
          {
            "x": 19.0,
            "y": 172
          },
          {
            "x": 20.0,
            "y": 173
          },
          {
            "x": 20.0,
            "y": 174
          },
          {
            "x": 19.0,
            "y": 175
          },
          {
            "x": 19.0,
            "y": 189
          },
          {
            "x": 20.0,
            "y": 190
          },
          {
            "x": 20.0,
            "y": 194
          },
          {
            "x": 21.0,
            "y": 195
          },
          {
            "x": 20.0,
            "y": 196
          },
          {
            "x": 20.0,
            "y": 198
          },
          {
            "x": 21.0,
            "y": 199
          },
          {
            "x": 21.0,
            "y": 203.0
          },
          {
            "x": 22.0,
            "y": 204
          },
          {
            "x": 22.0,
            "y": 209
          },
          {
            "x": 23,
            "y": 210
          },
          {
            "x": 23,
            "y": 211
          },
          {
            "x": 24.0,
            "y": 212
          },
          {
            "x": 24.0,
            "y": 214
          },
          {
            "x": 25,
            "y": 215
          },
          {
            "x": 25,
            "y": 217
          },
          {
            "x": 26.0,
            "y": 218
          },
          {
            "x": 26.0,
            "y": 219
          },
          {
            "x": 27.0,
            "y": 220
          },
          {
            "x": 27.0,
            "y": 221
          },
          {
            "x": 28.0,
            "y": 222
          },
          {
            "x": 28.0,
            "y": 225
          },
          {
            "x": 29.0,
            "y": 226
          },
          {
            "x": 29.0,
            "y": 227
          },
          {
            "x": 30.0,
            "y": 228.0
          },
          {
            "x": 30.0,
            "y": 230.0
          },
          {
            "x": 31.0,
            "y": 231
          },
          {
            "x": 31.0,
            "y": 233
          },
          {
            "x": 32.0,
            "y": 234
          },
          {
            "x": 32.0,
            "y": 236
          },
          {
            "x": 33.0,
            "y": 237
          },
          {
            "x": 33.0,
            "y": 240
          },
          {
            "x": 32.0,
            "y": 241
          },
          {
            "x": 33.0,
            "y": 242
          },
          {
            "x": 33.0,
            "y": 244
          },
          {
            "x": 34.0,
            "y": 245
          },
          {
            "x": 34.0,
            "y": 246
          },
          {
            "x": 35.0,
            "y": 246
          },
          {
            "x": 38.0,
            "y": 249
          },
          {
            "x": 41.0,
            "y": 249
          },
          {
            "x": 42.0,
            "y": 250
          },
          {
            "x": 44.0,
            "y": 250
          },
          {
            "x": 45.0,
            "y": 251
          },
          {
            "x": 53.0,
            "y": 251
          },
          {
            "x": 54,
            "y": 252
          },
          {
            "x": 67,
            "y": 252
          },
          {
            "x": 68.0,
            "y": 251
          },
          {
            "x": 70.0,
            "y": 251
          },
          {
            "x": 71,
            "y": 250
          },
          {
            "x": 73.0,
            "y": 250
          },
          {
            "x": 74.0,
            "y": 249
          },
          {
            "x": 77.0,
            "y": 249
          },
          {
            "x": 78.0,
            "y": 248
          },
          {
            "x": 80.0,
            "y": 248
          },
          {
            "x": 81.0,
            "y": 247
          },
          {
            "x": 82.0,
            "y": 247
          },
          {
            "x": 83,
            "y": 246
          },
          {
            "x": 84.0,
            "y": 246
          },
          {
            "x": 85.0,
            "y": 245
          },
          {
            "x": 86.0,
            "y": 245
          },
          {
            "x": 87,
            "y": 244
          },
          {
            "x": 88.0,
            "y": 244
          },
          {
            "x": 90.0,
            "y": 242
          },
          {
            "x": 91.0,
            "y": 242
          },
          {
            "x": 92,
            "y": 241
          },
          {
            "x": 93.0,
            "y": 241
          },
          {
            "x": 94.0,
            "y": 240
          },
          {
            "x": 95.0,
            "y": 240
          },
          {
            "x": 96,
            "y": 239
          },
          {
            "x": 100,
            "y": 239
          },
          {
            "x": 103.0,
            "y": 242
          },
          {
            "x": 104,
            "y": 242
          },
          {
            "x": 104,
            "y": 225
          },
          {
            "x": 103.0,
            "y": 224
          },
          {
            "x": 103.0,
            "y": 219
          },
          {
            "x": 102.0,
            "y": 218
          },
          {
            "x": 102.0,
            "y": 216
          },
          {
            "x": 101.0,
            "y": 215
          },
          {
            "x": 101.0,
            "y": 210
          },
          {
            "x": 102.0,
            "y": 209
          },
          {
            "x": 105.0,
            "y": 209
          },
          {
            "x": 108,
            "y": 212
          },
          {
            "x": 109.0,
            "y": 212
          },
          {
            "x": 111.0,
            "y": 214
          },
          {
            "x": 115.0,
            "y": 214
          },
          {
            "x": 118.0,
            "y": 211
          },
          {
            "x": 118.0,
            "y": 210
          },
          {
            "x": 119.0,
            "y": 209
          },
          {
            "x": 119.0,
            "y": 208
          },
          {
            "x": 120.0,
            "y": 207.0
          },
          {
            "x": 120.0,
            "y": 200
          },
          {
            "x": 121,
            "y": 199
          },
          {
            "x": 121,
            "y": 190
          },
          {
            "x": 120.0,
            "y": 189
          },
          {
            "x": 120.0,
            "y": 187
          },
          {
            "x": 118.0,
            "y": 185
          },
          {
            "x": 118.0,
            "y": 184
          },
          {
            "x": 117,
            "y": 183
          },
          {
            "x": 117,
            "y": 180.0
          },
          {
            "x": 116.0,
            "y": 179
          },
          {
            "x": 116.0,
            "y": 174
          },
          {
            "x": 117,
            "y": 173
          },
          {
            "x": 117,
            "y": 172
          },
          {
            "x": 116.0,
            "y": 171
          },
          {
            "x": 116.0,
            "y": 167
          },
          {
            "x": 115.0,
            "y": 166
          },
          {
            "x": 115.0,
            "y": 163
          },
          {
            "x": 114.0,
            "y": 162
          },
          {
            "x": 114.0,
            "y": 161
          },
          {
            "x": 113.0,
            "y": 160
          },
          {
            "x": 113.0,
            "y": 158
          },
          {
            "x": 112,
            "y": 157.0
          },
          {
            "x": 112,
            "y": 155.0
          },
          {
            "x": 111.0,
            "y": 154
          },
          {
            "x": 111.0,
            "y": 152
          },
          {
            "x": 109.0,
            "y": 150
          },
          {
            "x": 109.0,
            "y": 147
          },
          {
            "x": 108,
            "y": 146
          },
          {
            "x": 108,
            "y": 144
          },
          {
            "x": 107.0,
            "y": 143
          },
          {
            "x": 107.0,
            "y": 132
          },
          {
            "x": 106.0,
            "y": 131
          },
          {
            "x": 106.0,
            "y": 127
          },
          {
            "x": 105.0,
            "y": 126
          },
          {
            "x": 105.0,
            "y": 124
          },
          {
            "x": 104,
            "y": 123
          },
          {
            "x": 104,
            "y": 118
          },
          {
            "x": 103.0,
            "y": 117
          },
          {
            "x": 103.0,
            "y": 116.0
          },
          {
            "x": 102.0,
            "y": 115.0
          },
          {
            "x": 102.0,
            "y": 114.0
          },
          {
            "x": 101.0,
            "y": 113
          },
          {
            "x": 101.0,
            "y": 111
          },
          {
            "x": 96,
            "y": 106
          },
          {
            "x": 95.0,
            "y": 106
          },
          {
            "x": 94.0,
            "y": 105
          },
          {
            "x": 93.0,
            "y": 105
          },
          {
            "x": 91.0,
            "y": 103
          },
          {
            "x": 89.0,
            "y": 103
          },
          {
            "x": 88.0,
            "y": 102
          },
          {
            "x": 87,
            "y": 102
          },
          {
            "x": 84.0,
            "y": 99
          },
          {
            "x": 84.0,
            "y": 94
          },
          {
            "x": 83,
            "y": 93
          },
          {
            "x": 83,
            "y": 91.0
          },
          {
            "x": 82.0,
            "y": 91.0
          },
          {
            "x": 80.0,
            "y": 89.0
          },
          {
            "x": 79,
            "y": 89.0
          },
          {
            "x": 78.0,
            "y": 88.0
          },
          {
            "x": 77.0,
            "y": 88.0
          },
          {
            "x": 76.0,
            "y": 87
          },
          {
            "x": 75,
            "y": 87
          },
          {
            "x": 74.0,
            "y": 86
          },
          {
            "x": 73.0,
            "y": 86
          },
          {
            "x": 72.0,
            "y": 85
          },
          {
            "x": 70.0,
            "y": 85
          },
          {
            "x": 69.0,
            "y": 84
          }
        ]
      }
    },
    {
      "name": "Blouse Polygon ",
      "polygon": {
        "path": [
          {
            "x": 198,
            "y": 110.0
          },
          {
            "x": 196,
            "y": 108.0
          },
          {
            "x": 195,
            "y": 108.0
          },
          {
            "x": 194,
            "y": 107
          },
          {
            "x": 187.0,
            "y": 107
          },
          {
            "x": 186.0,
            "y": 106
          },
          {
            "x": 185.0,
            "y": 106
          },
          {
            "x": 184,
            "y": 105
          },
          {
            "x": 183,
            "y": 105
          },
          {
            "x": 182,
            "y": 104
          },
          {
            "x": 181,
            "y": 104
          },
          {
            "x": 179,
            "y": 102.0
          },
          {
            "x": 178,
            "y": 102.0
          },
          {
            "x": 175.0,
            "y": 99
          },
          {
            "x": 173.0,
            "y": 99
          },
          {
            "x": 173.0,
            "y": 103
          },
          {
            "x": 172.0,
            "y": 104
          },
          {
            "x": 172.0,
            "y": 105
          },
          {
            "x": 171,
            "y": 106
          },
          {
            "x": 171,
            "y": 107
          },
          {
            "x": 169,
            "y": 109.0
          },
          {
            "x": 169,
            "y": 110.0
          },
          {
            "x": 163,
            "y": 116.0
          },
          {
            "x": 160,
            "y": 116.0
          },
          {
            "x": 156,
            "y": 112
          },
          {
            "x": 156,
            "y": 111
          },
          {
            "x": 155,
            "y": 110.0
          },
          {
            "x": 151,
            "y": 110.0
          },
          {
            "x": 148,
            "y": 107
          },
          {
            "x": 148,
            "y": 106
          },
          {
            "x": 147,
            "y": 105
          },
          {
            "x": 144,
            "y": 105
          },
          {
            "x": 143,
            "y": 106
          },
          {
            "x": 140,
            "y": 106
          },
          {
            "x": 139,
            "y": 107
          },
          {
            "x": 137,
            "y": 107
          },
          {
            "x": 137,
            "y": 110.0
          },
          {
            "x": 136,
            "y": 111
          },
          {
            "x": 136,
            "y": 112
          },
          {
            "x": 134,
            "y": 114
          },
          {
            "x": 134,
            "y": 115
          },
          {
            "x": 133,
            "y": 116.0
          },
          {
            "x": 133,
            "y": 117.0
          },
          {
            "x": 131,
            "y": 119
          },
          {
            "x": 131,
            "y": 120
          },
          {
            "x": 130,
            "y": 121
          },
          {
            "x": 130,
            "y": 122
          },
          {
            "x": 128,
            "y": 124.0
          },
          {
            "x": 128,
            "y": 125.0
          },
          {
            "x": 125.0,
            "y": 128
          },
          {
            "x": 125.0,
            "y": 129
          },
          {
            "x": 122,
            "y": 132
          },
          {
            "x": 122,
            "y": 133
          },
          {
            "x": 121,
            "y": 134
          },
          {
            "x": 121,
            "y": 136
          },
          {
            "x": 118,
            "y": 139
          },
          {
            "x": 118,
            "y": 140
          },
          {
            "x": 117.0,
            "y": 141
          },
          {
            "x": 117.0,
            "y": 143
          },
          {
            "x": 115,
            "y": 145
          },
          {
            "x": 115,
            "y": 146
          },
          {
            "x": 114,
            "y": 147
          },
          {
            "x": 114,
            "y": 148
          },
          {
            "x": 113,
            "y": 149
          },
          {
            "x": 113,
            "y": 150
          },
          {
            "x": 112,
            "y": 151
          },
          {
            "x": 112,
            "y": 152
          },
          {
            "x": 111,
            "y": 153
          },
          {
            "x": 112,
            "y": 154
          },
          {
            "x": 112,
            "y": 156
          },
          {
            "x": 113,
            "y": 157
          },
          {
            "x": 113,
            "y": 159
          },
          {
            "x": 114,
            "y": 160
          },
          {
            "x": 114,
            "y": 161
          },
          {
            "x": 115,
            "y": 162
          },
          {
            "x": 115,
            "y": 163
          },
          {
            "x": 116.0,
            "y": 164
          },
          {
            "x": 117.0,
            "y": 164
          },
          {
            "x": 118,
            "y": 163
          },
          {
            "x": 119,
            "y": 163
          },
          {
            "x": 121,
            "y": 161
          },
          {
            "x": 122,
            "y": 161
          },
          {
            "x": 127,
            "y": 156
          },
          {
            "x": 127,
            "y": 155
          },
          {
            "x": 129,
            "y": 153
          },
          {
            "x": 129,
            "y": 151
          },
          {
            "x": 130,
            "y": 150
          },
          {
            "x": 130,
            "y": 149
          },
          {
            "x": 133,
            "y": 146
          },
          {
            "x": 133,
            "y": 145
          },
          {
            "x": 137,
            "y": 141
          },
          {
            "x": 137,
            "y": 140
          },
          {
            "x": 138,
            "y": 139
          },
          {
            "x": 139,
            "y": 139
          },
          {
            "x": 140,
            "y": 140
          },
          {
            "x": 140,
            "y": 144
          },
          {
            "x": 141,
            "y": 145
          },
          {
            "x": 141,
            "y": 147
          },
          {
            "x": 147,
            "y": 147
          },
          {
            "x": 148,
            "y": 146
          },
          {
            "x": 151,
            "y": 146
          },
          {
            "x": 152,
            "y": 147
          },
          {
            "x": 156,
            "y": 147
          },
          {
            "x": 158,
            "y": 149
          },
          {
            "x": 158,
            "y": 151
          },
          {
            "x": 157,
            "y": 152
          },
          {
            "x": 157,
            "y": 156
          },
          {
            "x": 156,
            "y": 157
          },
          {
            "x": 156,
            "y": 159
          },
          {
            "x": 155,
            "y": 160
          },
          {
            "x": 155,
            "y": 161
          },
          {
            "x": 154,
            "y": 162
          },
          {
            "x": 154,
            "y": 163
          },
          {
            "x": 153,
            "y": 164
          },
          {
            "x": 153,
            "y": 165
          },
          {
            "x": 152,
            "y": 166
          },
          {
            "x": 152,
            "y": 170
          },
          {
            "x": 153,
            "y": 171
          },
          {
            "x": 153,
            "y": 174
          },
          {
            "x": 156,
            "y": 177
          },
          {
            "x": 161,
            "y": 177
          },
          {
            "x": 162,
            "y": 178
          },
          {
            "x": 167,
            "y": 178
          },
          {
            "x": 168,
            "y": 179
          },
          {
            "x": 175.0,
            "y": 179
          },
          {
            "x": 177,
            "y": 177
          },
          {
            "x": 178,
            "y": 177
          },
          {
            "x": 179,
            "y": 176
          },
          {
            "x": 185.0,
            "y": 176
          },
          {
            "x": 186.0,
            "y": 175
          },
          {
            "x": 188.0,
            "y": 175
          },
          {
            "x": 188.0,
            "y": 174
          },
          {
            "x": 189.0,
            "y": 173
          },
          {
            "x": 190.0,
            "y": 173
          },
          {
            "x": 192,
            "y": 171
          },
          {
            "x": 192,
            "y": 170
          },
          {
            "x": 193,
            "y": 169
          },
          {
            "x": 193,
            "y": 165
          },
          {
            "x": 192,
            "y": 164
          },
          {
            "x": 192,
            "y": 163
          },
          {
            "x": 193,
            "y": 162
          },
          {
            "x": 193,
            "y": 155
          },
          {
            "x": 194,
            "y": 154
          },
          {
            "x": 194,
            "y": 150
          },
          {
            "x": 195,
            "y": 149
          },
          {
            "x": 195,
            "y": 141
          },
          {
            "x": 196,
            "y": 140
          },
          {
            "x": 196,
            "y": 136
          },
          {
            "x": 197,
            "y": 135
          },
          {
            "x": 197,
            "y": 132
          },
          {
            "x": 198,
            "y": 131
          },
          {
            "x": 198,
            "y": 124.0
          },
          {
            "x": 199,
            "y": 123
          },
          {
            "x": 199,
            "y": 121
          },
          {
            "x": 200,
            "y": 120
          },
          {
            "x": 200,
            "y": 119
          },
          {
            "x": 201.0,
            "y": 118
          },
          {
            "x": 200,
            "y": 117.0
          },
          {
            "x": 200,
            "y": 114
          },
          {
            "x": 199,
            "y": 113
          },
          {
            "x": 199,
            "y": 112
          },
          {
            "x": 198,
            "y": 111
          }
        ]
      }
    },
    {
      "name": "Skirt Polygon ",
      "polygon": {
        "path": [
          {
            "x": 190,
            "y": 177
          },
          {
            "x": 189,
            "y": 177
          },
          {
            "x": 188,
            "y": 176
          },
          {
            "x": 179.0,
            "y": 176
          },
          {
            "x": 178,
            "y": 177
          },
          {
            "x": 177,
            "y": 177
          },
          {
            "x": 175.0,
            "y": 179.0
          },
          {
            "x": 173,
            "y": 179.0
          },
          {
            "x": 172,
            "y": 180
          },
          {
            "x": 171.0,
            "y": 179.0
          },
          {
            "x": 170,
            "y": 180
          },
          {
            "x": 169,
            "y": 180
          },
          {
            "x": 168,
            "y": 179.0
          },
          {
            "x": 165,
            "y": 179.0
          },
          {
            "x": 164,
            "y": 178
          },
          {
            "x": 161,
            "y": 178
          },
          {
            "x": 160,
            "y": 177
          },
          {
            "x": 154,
            "y": 177
          },
          {
            "x": 152.0,
            "y": 179.0
          },
          {
            "x": 152.0,
            "y": 184
          },
          {
            "x": 153,
            "y": 185
          },
          {
            "x": 153,
            "y": 219
          },
          {
            "x": 152.0,
            "y": 220
          },
          {
            "x": 152.0,
            "y": 221
          },
          {
            "x": 151,
            "y": 222
          },
          {
            "x": 151,
            "y": 224
          },
          {
            "x": 147.0,
            "y": 228
          },
          {
            "x": 147.0,
            "y": 229
          },
          {
            "x": 145,
            "y": 231
          },
          {
            "x": 144.0,
            "y": 231
          },
          {
            "x": 142,
            "y": 233
          },
          {
            "x": 141,
            "y": 233
          },
          {
            "x": 140.0,
            "y": 234.0
          },
          {
            "x": 138,
            "y": 234.0
          },
          {
            "x": 137,
            "y": 235
          },
          {
            "x": 126,
            "y": 235
          },
          {
            "x": 125.0,
            "y": 236
          },
          {
            "x": 124.0,
            "y": 236
          },
          {
            "x": 123.0,
            "y": 237
          },
          {
            "x": 123.0,
            "y": 242.0
          },
          {
            "x": 124.0,
            "y": 243
          },
          {
            "x": 123.0,
            "y": 244
          },
          {
            "x": 123.0,
            "y": 245
          },
          {
            "x": 124.0,
            "y": 246.0
          },
          {
            "x": 124.0,
            "y": 250.0
          },
          {
            "x": 126,
            "y": 252
          },
          {
            "x": 127.0,
            "y": 252
          },
          {
            "x": 128.0,
            "y": 253
          },
          {
            "x": 130,
            "y": 253
          },
          {
            "x": 131.0,
            "y": 254.0
          },
          {
            "x": 133,
            "y": 254.0
          },
          {
            "x": 134,
            "y": 255
          },
          {
            "x": 137,
            "y": 255
          },
          {
            "x": 138,
            "y": 256
          },
          {
            "x": 143,
            "y": 256
          },
          {
            "x": 144.0,
            "y": 257
          },
          {
            "x": 146,
            "y": 257
          },
          {
            "x": 147.0,
            "y": 258
          },
          {
            "x": 153,
            "y": 258
          },
          {
            "x": 154,
            "y": 259
          },
          {
            "x": 156,
            "y": 259
          },
          {
            "x": 157,
            "y": 260
          },
          {
            "x": 160,
            "y": 260
          },
          {
            "x": 161,
            "y": 261
          },
          {
            "x": 162,
            "y": 261
          },
          {
            "x": 163,
            "y": 262
          },
          {
            "x": 165,
            "y": 262
          },
          {
            "x": 166,
            "y": 263
          },
          {
            "x": 170,
            "y": 263
          },
          {
            "x": 171.0,
            "y": 264
          },
          {
            "x": 184,
            "y": 264
          },
          {
            "x": 184,
            "y": 263
          },
          {
            "x": 185,
            "y": 262
          },
          {
            "x": 185,
            "y": 260
          },
          {
            "x": 186,
            "y": 259
          },
          {
            "x": 186,
            "y": 253
          },
          {
            "x": 187.0,
            "y": 252
          },
          {
            "x": 187.0,
            "y": 248
          },
          {
            "x": 188,
            "y": 247
          },
          {
            "x": 188,
            "y": 242.0
          },
          {
            "x": 189,
            "y": 241
          },
          {
            "x": 189,
            "y": 236
          },
          {
            "x": 190,
            "y": 235
          },
          {
            "x": 190,
            "y": 229
          },
          {
            "x": 191.0,
            "y": 228
          },
          {
            "x": 191.0,
            "y": 224
          },
          {
            "x": 192,
            "y": 223
          },
          {
            "x": 192,
            "y": 182
          },
          {
            "x": 191.0,
            "y": 181
          },
          {
            "x": 191.0,
            "y": 179.0
          },
          {
            "x": 190,
            "y": 178
          }
        ]
      }
    },
    {
      "name": "Boots Polygon ",
      "polygon": {
        "path": [
          {
            "x": 166,
            "y": 332
          },
          {
            "x": 161,
            "y": 332
          },
          {
            "x": 160,
            "y": 331
          },
          {
            "x": 158,
            "y": 331
          },
          {
            "x": 157,
            "y": 332
          },
          {
            "x": 157,
            "y": 335
          },
          {
            "x": 156,
            "y": 336
          },
          {
            "x": 156,
            "y": 338
          },
          {
            "x": 155,
            "y": 339
          },
          {
            "x": 155,
            "y": 341
          },
          {
            "x": 154,
            "y": 342
          },
          {
            "x": 154,
            "y": 344
          },
          {
            "x": 153,
            "y": 345
          },
          {
            "x": 153,
            "y": 348
          },
          {
            "x": 152,
            "y": 349
          },
          {
            "x": 152,
            "y": 352
          },
          {
            "x": 151,
            "y": 353
          },
          {
            "x": 151,
            "y": 354
          },
          {
            "x": 150,
            "y": 355
          },
          {
            "x": 150,
            "y": 356
          },
          {
            "x": 149,
            "y": 357
          },
          {
            "x": 149,
            "y": 358
          },
          {
            "x": 148,
            "y": 359
          },
          {
            "x": 148,
            "y": 370
          },
          {
            "x": 149,
            "y": 370
          },
          {
            "x": 150,
            "y": 371
          },
          {
            "x": 160,
            "y": 371
          },
          {
            "x": 163,
            "y": 368
          },
          {
            "x": 163,
            "y": 366
          },
          {
            "x": 164,
            "y": 365
          },
          {
            "x": 164,
            "y": 362
          },
          {
            "x": 165,
            "y": 361
          },
          {
            "x": 165,
            "y": 360
          },
          {
            "x": 164,
            "y": 359
          },
          {
            "x": 164,
            "y": 358
          },
          {
            "x": 166,
            "y": 356
          },
          {
            "x": 166,
            "y": 355
          },
          {
            "x": 165,
            "y": 354
          },
          {
            "x": 167,
            "y": 352
          },
          {
            "x": 167,
            "y": 351
          },
          {
            "x": 168,
            "y": 350
          },
          {
            "x": 168,
            "y": 341
          },
          {
            "x": 167,
            "y": 340
          },
          {
            "x": 167,
            "y": 337
          },
          {
            "x": 166,
            "y": 336
          },
          {
            "x": 166,
            "y": 335
          },
          {
            "x": 165,
            "y": 334
          },
          {
            "x": 166,
            "y": 333
          }
        ]
      }
    },
    {
      "name": "Trousers Polygon ",
      "polygon": {
        "path": [
          {
            "x": 108.0,
            "y": 229
          },
          {
            "x": 107,
            "y": 230
          },
          {
            "x": 105.0,
            "y": 230
          },
          {
            "x": 105.0,
            "y": 241
          },
          {
            "x": 104.0,
            "y": 242.0
          },
          {
            "x": 103,
            "y": 241
          },
          {
            "x": 102,
            "y": 241
          },
          {
            "x": 100.0,
            "y": 239
          },
          {
            "x": 97.0,
            "y": 239
          },
          {
            "x": 96.0,
            "y": 240
          },
          {
            "x": 94,
            "y": 240
          },
          {
            "x": 93.0,
            "y": 241
          },
          {
            "x": 92.0,
            "y": 241
          },
          {
            "x": 89.0,
            "y": 244
          },
          {
            "x": 88.0,
            "y": 244
          },
          {
            "x": 87,
            "y": 245
          },
          {
            "x": 86,
            "y": 245
          },
          {
            "x": 85.0,
            "y": 246.0
          },
          {
            "x": 84.0,
            "y": 246.0
          },
          {
            "x": 83,
            "y": 247
          },
          {
            "x": 81.0,
            "y": 247
          },
          {
            "x": 80.0,
            "y": 248
          },
          {
            "x": 79,
            "y": 248
          },
          {
            "x": 78,
            "y": 249
          },
          {
            "x": 76.0,
            "y": 249
          },
          {
            "x": 75,
            "y": 250.0
          },
          {
            "x": 72.0,
            "y": 250.0
          },
          {
            "x": 71,
            "y": 251
          },
          {
            "x": 70.0,
            "y": 251
          },
          {
            "x": 69.0,
            "y": 252
          },
          {
            "x": 65.0,
            "y": 252
          },
          {
            "x": 64.0,
            "y": 253
          },
          {
            "x": 63,
            "y": 253
          },
          {
            "x": 62.0,
            "y": 252
          },
          {
            "x": 61,
            "y": 252
          },
          {
            "x": 60.0,
            "y": 253
          },
          {
            "x": 57,
            "y": 253
          },
          {
            "x": 56.0,
            "y": 252
          },
          {
            "x": 48.0,
            "y": 252
          },
          {
            "x": 47,
            "y": 251
          },
          {
            "x": 44.0,
            "y": 251
          },
          {
            "x": 43,
            "y": 250.0
          },
          {
            "x": 40.0,
            "y": 250.0
          },
          {
            "x": 39,
            "y": 249
          },
          {
            "x": 37.0,
            "y": 249
          },
          {
            "x": 36.0,
            "y": 248
          },
          {
            "x": 35.0,
            "y": 248
          },
          {
            "x": 35.0,
            "y": 265
          },
          {
            "x": 36.0,
            "y": 266
          },
          {
            "x": 36.0,
            "y": 273
          },
          {
            "x": 37.0,
            "y": 274
          },
          {
            "x": 37.0,
            "y": 279
          },
          {
            "x": 38.0,
            "y": 280
          },
          {
            "x": 38.0,
            "y": 292
          },
          {
            "x": 39,
            "y": 293
          },
          {
            "x": 39,
            "y": 297
          },
          {
            "x": 40.0,
            "y": 298
          },
          {
            "x": 40.0,
            "y": 312
          },
          {
            "x": 41,
            "y": 313
          },
          {
            "x": 40.0,
            "y": 314
          },
          {
            "x": 40.0,
            "y": 319.0
          },
          {
            "x": 39,
            "y": 320
          },
          {
            "x": 39,
            "y": 322
          },
          {
            "x": 38.0,
            "y": 323
          },
          {
            "x": 38.0,
            "y": 328
          },
          {
            "x": 37.0,
            "y": 329
          },
          {
            "x": 37.0,
            "y": 330
          },
          {
            "x": 36.0,
            "y": 331
          },
          {
            "x": 36.0,
            "y": 332
          },
          {
            "x": 35.0,
            "y": 333
          },
          {
            "x": 35.0,
            "y": 336
          },
          {
            "x": 34.0,
            "y": 337
          },
          {
            "x": 34.0,
            "y": 339
          },
          {
            "x": 33.0,
            "y": 340
          },
          {
            "x": 33.0,
            "y": 342.0
          },
          {
            "x": 32.0,
            "y": 343.0
          },
          {
            "x": 32.0,
            "y": 346
          },
          {
            "x": 31.0,
            "y": 347
          },
          {
            "x": 31.0,
            "y": 351.0
          },
          {
            "x": 30.0,
            "y": 352
          },
          {
            "x": 30.0,
            "y": 374.0
          },
          {
            "x": 31.0,
            "y": 375
          },
          {
            "x": 31.0,
            "y": 380
          },
          {
            "x": 32.0,
            "y": 381
          },
          {
            "x": 32.0,
            "y": 389
          },
          {
            "x": 33.0,
            "y": 390.0
          },
          {
            "x": 33.0,
            "y": 398.0
          },
          {
            "x": 53,
            "y": 398.0
          },
          {
            "x": 53,
            "y": 394
          },
          {
            "x": 54.0,
            "y": 393
          },
          {
            "x": 54.0,
            "y": 384
          },
          {
            "x": 53,
            "y": 383
          },
          {
            "x": 54.0,
            "y": 382.0
          },
          {
            "x": 54.0,
            "y": 368
          },
          {
            "x": 55,
            "y": 367
          },
          {
            "x": 55,
            "y": 349
          },
          {
            "x": 56.0,
            "y": 348
          },
          {
            "x": 56.0,
            "y": 346
          },
          {
            "x": 57,
            "y": 345
          },
          {
            "x": 57,
            "y": 344
          },
          {
            "x": 58.0,
            "y": 343.0
          },
          {
            "x": 58.0,
            "y": 342.0
          },
          {
            "x": 59,
            "y": 341
          },
          {
            "x": 59,
            "y": 340
          },
          {
            "x": 60.0,
            "y": 339
          },
          {
            "x": 60.0,
            "y": 337
          },
          {
            "x": 61,
            "y": 336
          },
          {
            "x": 61,
            "y": 335.0
          },
          {
            "x": 64.0,
            "y": 332
          },
          {
            "x": 64.0,
            "y": 328
          },
          {
            "x": 65.0,
            "y": 327.0
          },
          {
            "x": 65.0,
            "y": 323
          },
          {
            "x": 66.0,
            "y": 322
          },
          {
            "x": 66.0,
            "y": 318
          },
          {
            "x": 67,
            "y": 317
          },
          {
            "x": 67,
            "y": 311.0
          },
          {
            "x": 68.0,
            "y": 310
          },
          {
            "x": 68.0,
            "y": 307
          },
          {
            "x": 69.0,
            "y": 306
          },
          {
            "x": 69.0,
            "y": 305
          },
          {
            "x": 70.0,
            "y": 304
          },
          {
            "x": 70.0,
            "y": 303
          },
          {
            "x": 71,
            "y": 302
          },
          {
            "x": 75,
            "y": 302
          },
          {
            "x": 76.0,
            "y": 303
          },
          {
            "x": 76.0,
            "y": 305
          },
          {
            "x": 77.0,
            "y": 306
          },
          {
            "x": 77.0,
            "y": 310
          },
          {
            "x": 78,
            "y": 311.0
          },
          {
            "x": 78,
            "y": 313
          },
          {
            "x": 79,
            "y": 314
          },
          {
            "x": 79,
            "y": 318
          },
          {
            "x": 80.0,
            "y": 319.0
          },
          {
            "x": 80.0,
            "y": 323
          },
          {
            "x": 81.0,
            "y": 324
          },
          {
            "x": 81.0,
            "y": 328
          },
          {
            "x": 82,
            "y": 329
          },
          {
            "x": 82,
            "y": 335.0
          },
          {
            "x": 83,
            "y": 336
          },
          {
            "x": 83,
            "y": 345
          },
          {
            "x": 84.0,
            "y": 346
          },
          {
            "x": 84.0,
            "y": 351.0
          },
          {
            "x": 85.0,
            "y": 352
          },
          {
            "x": 85.0,
            "y": 359.0
          },
          {
            "x": 84.0,
            "y": 360
          },
          {
            "x": 84.0,
            "y": 374.0
          },
          {
            "x": 85.0,
            "y": 375
          },
          {
            "x": 85.0,
            "y": 379
          },
          {
            "x": 86,
            "y": 380
          },
          {
            "x": 86,
            "y": 381
          },
          {
            "x": 87,
            "y": 382.0
          },
          {
            "x": 87,
            "y": 384
          },
          {
            "x": 88.0,
            "y": 385
          },
          {
            "x": 88.0,
            "y": 389
          },
          {
            "x": 89.0,
            "y": 390.0
          },
          {
            "x": 89.0,
            "y": 393
          },
          {
            "x": 90,
            "y": 394
          },
          {
            "x": 90,
            "y": 398.0
          },
          {
            "x": 112.0,
            "y": 398.0
          },
          {
            "x": 112.0,
            "y": 394
          },
          {
            "x": 111,
            "y": 393
          },
          {
            "x": 111,
            "y": 352
          },
          {
            "x": 110,
            "y": 351.0
          },
          {
            "x": 110,
            "y": 341
          },
          {
            "x": 111,
            "y": 340
          },
          {
            "x": 111,
            "y": 337
          },
          {
            "x": 110,
            "y": 336
          },
          {
            "x": 111,
            "y": 335.0
          },
          {
            "x": 111,
            "y": 295
          },
          {
            "x": 110,
            "y": 294
          },
          {
            "x": 110,
            "y": 278
          },
          {
            "x": 111,
            "y": 277
          },
          {
            "x": 110,
            "y": 276
          },
          {
            "x": 110,
            "y": 270
          },
          {
            "x": 109.0,
            "y": 269
          },
          {
            "x": 109.0,
            "y": 257
          },
          {
            "x": 108.0,
            "y": 256
          },
          {
            "x": 108.0,
            "y": 250.0
          },
          {
            "x": 107,
            "y": 249
          },
          {
            "x": 107,
            "y": 241
          },
          {
            "x": 106,
            "y": 240
          },
          {
            "x": 107,
            "y": 239
          },
          {
            "x": 107,
            "y": 238.0
          },
          {
            "x": 108.0,
            "y": 237
          },
          {
            "x": 108.0,
            "y": 236
          },
          {
            "x": 107,
            "y": 236
          },
          {
            "x": 106,
            "y": 235
          },
          {
            "x": 106,
            "y": 234.0
          },
          {
            "x": 108.0,
            "y": 232
          },
          {
            "x": 111,
            "y": 232
          }
        ]
      }
    }
  ]
}