{
  "image": {
    "width": 266,
    "height": 400,
    "filename": "00000646.jpg",
    "original_filename": "000046.jpg",
    "url": "https://darwin.v7labs.com/api/images/1211957/original?token=5cea58b9-0f48-4f62-9905-01f97ea9945c",
    "thumbnail_url": "https://darwin.v7labs.com/api/images/1211957/thumbnail?token=5cea58b9-0f48-4f62-9905-01f97ea9945c",
    "workview_url": "https://darwin.v7labs.com/workview?dataset=1161&image=646"
  },
  "dataset": "Fashion retail",
  "annotated": true,
  "annotations": [
    {
      "name": "Coat Polygon ",
      "polygon": {
        "path": [
          {
            "x": 130,
            "y": 67
          },
          {
            "x": 128,
            "y": 67
          },
          {
            "x": 127.0,
            "y": 68.0
          },
          {
            "x": 127.0,
            "y": 69
          },
          {
            "x": 126,
            "y": 70.0
          },
          {
            "x": 126,
            "y": 71
          },
          {
            "x": 123.0,
            "y": 74.0
          },
          {
            "x": 123.0,
            "y": 75
          },
          {
            "x": 119.0,
            "y": 79
          },
          {
            "x": 118,
            "y": 79
          },
          {
            "x": 116,
            "y": 81
          },
          {
            "x": 115,
            "y": 81
          },
          {
            "x": 113,
            "y": 83
          },
          {
            "x": 111,
            "y": 83
          },
          {
            "x": 110,
            "y": 84
          },
          {
            "x": 109,
            "y": 84
          },
          {
            "x": 108,
            "y": 83
          },
          {
            "x": 106,
            "y": 83
          },
          {
            "x": 105,
            "y": 82
          },
          {
            "x": 104,
            "y": 82
          },
          {
            "x": 103,
            "y": 81
          },
          {
            "x": 101,
            "y": 81
          },
          {
            "x": 100,
            "y": 80
          },
          {
            "x": 99,
            "y": 80
          },
          {
            "x": 97,
            "y": 78
          },
          {
            "x": 97,
            "y": 75
          },
          {
            "x": 98,
            "y": 74.0
          },
          {
            "x": 98,
            "y": 72.0
          },
          {
            "x": 100,
            "y": 70.0
          },
          {
            "x": 100,
            "y": 69
          },
          {
            "x": 98,
            "y": 69
          },
          {
            "x": 97,
            "y": 68.0
          },
          {
            "x": 90,
            "y": 75
          },
          {
            "x": 89,
            "y": 75
          },
          {
            "x": 87,
            "y": 77
          },
          {
            "x": 86,
            "y": 77
          },
          {
            "x": 85,
            "y": 78
          },
          {
            "x": 84,
            "y": 78
          },
          {
            "x": 84,
            "y": 79
          },
          {
            "x": 83,
            "y": 80
          },
          {
            "x": 82,
            "y": 80
          },
          {
            "x": 81,
            "y": 81
          },
          {
            "x": 79,
            "y": 81
          },
          {
            "x": 77,
            "y": 83
          },
          {
            "x": 75,
            "y": 83
          },
          {
            "x": 74.0,
            "y": 84
          },
          {
            "x": 72.0,
            "y": 84
          },
          {
            "x": 71,
            "y": 85
          },
          {
            "x": 70.0,
            "y": 85
          },
          {
            "x": 69,
            "y": 86
          },
          {
            "x": 68.0,
            "y": 86
          },
          {
            "x": 67,
            "y": 87
          },
          {
            "x": 65,
            "y": 87
          },
          {
            "x": 63,
            "y": 89
          },
          {
            "x": 63,
            "y": 92
          },
          {
            "x": 62.0,
            "y": 93
          },
          {
            "x": 62.0,
            "y": 96
          },
          {
            "x": 61,
            "y": 97
          },
          {
            "x": 61,
            "y": 99
          },
          {
            "x": 60,
            "y": 100
          },
          {
            "x": 60,
            "y": 104
          },
          {
            "x": 59,
            "y": 105
          },
          {
            "x": 59,
            "y": 109
          },
          {
            "x": 58,
            "y": 110
          },
          {
            "x": 58,
            "y": 114
          },
          {
            "x": 57,
            "y": 115
          },
          {
            "x": 57,
            "y": 119.0
          },
          {
            "x": 56,
            "y": 120
          },
          {
            "x": 56,
            "y": 126
          },
          {
            "x": 55,
            "y": 127.0
          },
          {
            "x": 55,
            "y": 130
          },
          {
            "x": 54,
            "y": 131
          },
          {
            "x": 54,
            "y": 139
          },
          {
            "x": 53,
            "y": 140
          },
          {
            "x": 53,
            "y": 147
          },
          {
            "x": 52,
            "y": 148
          },
          {
            "x": 52,
            "y": 153
          },
          {
            "x": 51,
            "y": 154
          },
          {
            "x": 51,
            "y": 158
          },
          {
            "x": 50,
            "y": 159
          },
          {
            "x": 50,
            "y": 166
          },
          {
            "x": 49,
            "y": 167
          },
          {
            "x": 49,
            "y": 173
          },
          {
            "x": 48,
            "y": 174
          },
          {
            "x": 48,
            "y": 178
          },
          {
            "x": 47,
            "y": 179.0
          },
          {
            "x": 47,
            "y": 188
          },
          {
            "x": 46,
            "y": 189
          },
          {
            "x": 46,
            "y": 201
          },
          {
            "x": 45,
            "y": 202
          },
          {
            "x": 45,
            "y": 204
          },
          {
            "x": 46,
            "y": 205
          },
          {
            "x": 46,
            "y": 211.0
          },
          {
            "x": 47,
            "y": 212
          },
          {
            "x": 47,
            "y": 214
          },
          {
            "x": 51,
            "y": 214
          },
          {
            "x": 52,
            "y": 215
          },
          {
            "x": 59,
            "y": 215
          },
          {
            "x": 61,
            "y": 217
          },
          {
            "x": 62.0,
            "y": 217
          },
          {
            "x": 63,
            "y": 218
          },
          {
            "x": 63,
            "y": 220
          },
          {
            "x": 64.0,
            "y": 221
          },
          {
            "x": 63,
            "y": 222
          },
          {
            "x": 63,
            "y": 231
          },
          {
            "x": 66.0,
            "y": 234.0
          },
          {
            "x": 67,
            "y": 234.0
          },
          {
            "x": 69,
            "y": 236
          },
          {
            "x": 74.0,
            "y": 236
          },
          {
            "x": 75,
            "y": 237
          },
          {
            "x": 84,
            "y": 237
          },
          {
            "x": 85,
            "y": 238.0
          },
          {
            "x": 89,
            "y": 238.0
          },
          {
            "x": 90,
            "y": 239
          },
          {
            "x": 104,
            "y": 239
          },
          {
            "x": 105,
            "y": 238.0
          },
          {
            "x": 110,
            "y": 238.0
          },
          {
            "x": 111,
            "y": 237
          },
          {
            "x": 130,
            "y": 237
          },
          {
            "x": 132,
            "y": 235
          },
          {
            "x": 132,
            "y": 232
          },
          {
            "x": 133,
            "y": 231
          },
          {
            "x": 133,
            "y": 229
          },
          {
            "x": 135,
            "y": 227
          },
          {
            "x": 136,
            "y": 227
          },
          {
            "x": 137,
            "y": 228
          },
          {
            "x": 138,
            "y": 227
          },
          {
            "x": 139,
            "y": 227
          },
          {
            "x": 140.0,
            "y": 226
          },
          {
            "x": 148.0,
            "y": 226
          },
          {
            "x": 149,
            "y": 227
          },
          {
            "x": 154,
            "y": 227
          },
          {
            "x": 155,
            "y": 228
          },
          {
            "x": 158,
            "y": 228
          },
          {
            "x": 159,
            "y": 229
          },
          {
            "x": 164,
            "y": 229
          },
          {
            "x": 164,
            "y": 228
          },
          {
            "x": 165,
            "y": 227
          },
          {
            "x": 165,
            "y": 225
          },
          {
            "x": 167,
            "y": 223
          },
          {
            "x": 167,
            "y": 216
          },
          {
            "x": 168,
            "y": 215
          },
          {
            "x": 168,
            "y": 212
          },
          {
            "x": 169,
            "y": 211.0
          },
          {
            "x": 169,
            "y": 210
          },
          {
            "x": 170,
            "y": 209
          },
          {
            "x": 170,
            "y": 207.0
          },
          {
            "x": 171.0,
            "y": 206
          },
          {
            "x": 171.0,
            "y": 196
          },
          {
            "x": 172,
            "y": 195.0
          },
          {
            "x": 172,
            "y": 173
          },
          {
            "x": 173,
            "y": 172
          },
          {
            "x": 173,
            "y": 142
          },
          {
            "x": 172,
            "y": 141
          },
          {
            "x": 172,
            "y": 134
          },
          {
            "x": 171.0,
            "y": 133
          },
          {
            "x": 171.0,
            "y": 122
          },
          {
            "x": 170,
            "y": 121.0
          },
          {
            "x": 170,
            "y": 110
          },
          {
            "x": 169,
            "y": 109
          },
          {
            "x": 169,
            "y": 108
          },
          {
            "x": 168,
            "y": 107
          },
          {
            "x": 168,
            "y": 105
          },
          {
            "x": 167,
            "y": 104
          },
          {
            "x": 167,
            "y": 100
          },
          {
            "x": 166,
            "y": 99
          },
          {
            "x": 166,
            "y": 97
          },
          {
            "x": 165,
            "y": 96
          },
          {
            "x": 165,
            "y": 94
          },
          {
            "x": 162,
            "y": 91
          },
          {
            "x": 162,
            "y": 90
          },
          {
            "x": 161,
            "y": 90
          },
          {
            "x": 160,
            "y": 89
          },
          {
            "x": 159,
            "y": 89
          },
          {
            "x": 157,
            "y": 87
          },
          {
            "x": 156,
            "y": 87
          },
          {
            "x": 155,
            "y": 86
          },
          {
            "x": 153,
            "y": 86
          },
          {
            "x": 151.0,
            "y": 84
          },
          {
            "x": 150,
            "y": 84
          },
          {
            "x": 149,
            "y": 83
          },
          {
            "x": 146,
            "y": 83
          },
          {
            "x": 143.0,
            "y": 80
          },
          {
            "x": 143.0,
            "y": 79
          },
          {
            "x": 138,
            "y": 74.0
          },
          {
            "x": 137,
            "y": 74.0
          }
        ]
      }
    },
    {
      "name": "Trousers Polygon ",
      "polygon": {
        "path": [
          {
            "x": 76.0,
            "y": 237
          },
          {
            "x": 75,
            "y": 238
          },
          {
            "x": 74.0,
            "y": 238
          },
          {
            "x": 72.0,
            "y": 240.0
          },
          {
            "x": 72.0,
            "y": 249
          },
          {
            "x": 73.0,
            "y": 250
          },
          {
            "x": 73.0,
            "y": 261
          },
          {
            "x": 74.0,
            "y": 262
          },
          {
            "x": 74.0,
            "y": 272
          },
          {
            "x": 75,
            "y": 273.0
          },
          {
            "x": 75,
            "y": 286
          },
          {
            "x": 76.0,
            "y": 287
          },
          {
            "x": 76.0,
            "y": 289
          },
          {
            "x": 77.0,
            "y": 290.0
          },
          {
            "x": 76.0,
            "y": 291
          },
          {
            "x": 76.0,
            "y": 292
          },
          {
            "x": 74.0,
            "y": 294
          },
          {
            "x": 74.0,
            "y": 295
          },
          {
            "x": 73.0,
            "y": 296
          },
          {
            "x": 73.0,
            "y": 297
          },
          {
            "x": 74.0,
            "y": 298
          },
          {
            "x": 74.0,
            "y": 311
          },
          {
            "x": 75,
            "y": 312
          },
          {
            "x": 75,
            "y": 316
          },
          {
            "x": 76.0,
            "y": 317
          },
          {
            "x": 76.0,
            "y": 320
          },
          {
            "x": 77.0,
            "y": 321
          },
          {
            "x": 77.0,
            "y": 324
          },
          {
            "x": 78.0,
            "y": 325
          },
          {
            "x": 78.0,
            "y": 327.0
          },
          {
            "x": 77.0,
            "y": 328
          },
          {
            "x": 77.0,
            "y": 332
          },
          {
            "x": 78.0,
            "y": 333
          },
          {
            "x": 78.0,
            "y": 338
          },
          {
            "x": 77.0,
            "y": 339.0
          },
          {
            "x": 77.0,
            "y": 357
          },
          {
            "x": 78.0,
            "y": 358
          },
          {
            "x": 78.0,
            "y": 359
          },
          {
            "x": 82.0,
            "y": 363
          },
          {
            "x": 97.0,
            "y": 363
          },
          {
            "x": 98.0,
            "y": 362
          },
          {
            "x": 99.0,
            "y": 362
          },
          {
            "x": 100,
            "y": 361
          },
          {
            "x": 101.0,
            "y": 361
          },
          {
            "x": 101.0,
            "y": 360.0
          },
          {
            "x": 102.0,
            "y": 359
          },
          {
            "x": 102.0,
            "y": 347
          },
          {
            "x": 103.0,
            "y": 346
          },
          {
            "x": 103.0,
            "y": 334
          },
          {
            "x": 104.0,
            "y": 333
          },
          {
            "x": 104.0,
            "y": 326
          },
          {
            "x": 105.0,
            "y": 325
          },
          {
            "x": 105.0,
            "y": 279
          },
          {
            "x": 106.0,
            "y": 278
          },
          {
            "x": 106.0,
            "y": 260.0
          },
          {
            "x": 107.0,
            "y": 259
          },
          {
            "x": 107.0,
            "y": 252.0
          },
          {
            "x": 108,
            "y": 251.0
          },
          {
            "x": 108,
            "y": 250
          },
          {
            "x": 109.0,
            "y": 249
          },
          {
            "x": 110.0,
            "y": 250
          },
          {
            "x": 110.0,
            "y": 256.0
          },
          {
            "x": 111.0,
            "y": 257.0
          },
          {
            "x": 111.0,
            "y": 274
          },
          {
            "x": 112.0,
            "y": 275
          },
          {
            "x": 112.0,
            "y": 287
          },
          {
            "x": 113.0,
            "y": 288
          },
          {
            "x": 113.0,
            "y": 295
          },
          {
            "x": 112.0,
            "y": 296
          },
          {
            "x": 112.0,
            "y": 298
          },
          {
            "x": 111.0,
            "y": 299
          },
          {
            "x": 111.0,
            "y": 300
          },
          {
            "x": 110.0,
            "y": 301
          },
          {
            "x": 110.0,
            "y": 360.0
          },
          {
            "x": 111.0,
            "y": 361
          },
          {
            "x": 111.0,
            "y": 362
          },
          {
            "x": 113.0,
            "y": 364.0
          },
          {
            "x": 114.0,
            "y": 364.0
          },
          {
            "x": 115.0,
            "y": 365.0
          },
          {
            "x": 116.0,
            "y": 365.0
          },
          {
            "x": 117,
            "y": 366.0
          },
          {
            "x": 118.0,
            "y": 366.0
          },
          {
            "x": 119.0,
            "y": 367.0
          },
          {
            "x": 126.0,
            "y": 367.0
          },
          {
            "x": 129.0,
            "y": 364.0
          },
          {
            "x": 129.0,
            "y": 363
          },
          {
            "x": 130.0,
            "y": 362
          },
          {
            "x": 130.0,
            "y": 361
          },
          {
            "x": 131.0,
            "y": 360.0
          },
          {
            "x": 131.0,
            "y": 357
          },
          {
            "x": 132.0,
            "y": 356.0
          },
          {
            "x": 132.0,
            "y": 352.0
          },
          {
            "x": 133,
            "y": 351
          },
          {
            "x": 133,
            "y": 346
          },
          {
            "x": 134,
            "y": 345
          },
          {
            "x": 134,
            "y": 338
          },
          {
            "x": 135.0,
            "y": 337
          },
          {
            "x": 135.0,
            "y": 333
          },
          {
            "x": 136.0,
            "y": 332
          },
          {
            "x": 136.0,
            "y": 323
          },
          {
            "x": 137.0,
            "y": 322
          },
          {
            "x": 137.0,
            "y": 317
          },
          {
            "x": 138.0,
            "y": 316
          },
          {
            "x": 138.0,
            "y": 306.0
          },
          {
            "x": 139.0,
            "y": 305
          },
          {
            "x": 139.0,
            "y": 296
          },
          {
            "x": 140.0,
            "y": 295
          },
          {
            "x": 140.0,
            "y": 288
          },
          {
            "x": 141,
            "y": 287
          },
          {
            "x": 141,
            "y": 278
          },
          {
            "x": 142,
            "y": 277.0
          },
          {
            "x": 142,
            "y": 264
          },
          {
            "x": 143.0,
            "y": 263
          },
          {
            "x": 142,
            "y": 262
          },
          {
            "x": 142,
            "y": 259
          },
          {
            "x": 143.0,
            "y": 258
          },
          {
            "x": 143.0,
            "y": 251.0
          },
          {
            "x": 144.0,
            "y": 250
          },
          {
            "x": 144.0,
            "y": 248.0
          },
          {
            "x": 145.0,
            "y": 247.0
          },
          {
            "x": 147.0,
            "y": 247.0
          },
          {
            "x": 143.0,
            "y": 247.0
          },
          {
            "x": 142,
            "y": 246
          },
          {
            "x": 141,
            "y": 246
          },
          {
            "x": 140.0,
            "y": 245
          },
          {
            "x": 139.0,
            "y": 245
          },
          {
            "x": 138.0,
            "y": 244.0
          },
          {
            "x": 137.0,
            "y": 244.0
          },
          {
            "x": 136.0,
            "y": 243.0
          },
          {
            "x": 135.0,
            "y": 244.0
          },
          {
            "x": 134,
            "y": 244.0
          },
          {
            "x": 130.0,
            "y": 240.0
          },
          {
            "x": 130.0,
            "y": 239.0
          },
          {
            "x": 129.0,
            "y": 239.0
          },
          {
            "x": 128.0,
            "y": 238
          },
          {
            "x": 108,
            "y": 238
          },
          {
            "x": 107.0,
            "y": 239.0
          },
          {
            "x": 92,
            "y": 239.0
          },
          {
            "x": 91.0,
            "y": 238
          },
          {
            "x": 87.0,
            "y": 238
          },
          {
            "x": 86.0,
            "y": 237
          }
        ]
      }
    },
    {
      "name": "Shoes Polygon ",
      "polygon": {
        "path": [
          {
            "x": 101,
            "y": 365
          },
          {
            "x": 100,
            "y": 364
          },
          {
            "x": 98,
            "y": 364
          },
          {
            "x": 97,
            "y": 365
          },
          {
            "x": 86,
            "y": 365
          },
          {
            "x": 85,
            "y": 364
          },
          {
            "x": 84,
            "y": 365
          },
          {
            "x": 82,
            "y": 365
          },
          {
            "x": 81,
            "y": 364
          },
          {
            "x": 80,
            "y": 364
          },
          {
            "x": 79,
            "y": 363
          },
          {
            "x": 77,
            "y": 363
          },
          {
            "x": 76,
            "y": 364
          },
          {
            "x": 76,
            "y": 365
          },
          {
            "x": 73,
            "y": 368
          },
          {
            "x": 73,
            "y": 369
          },
          {
            "x": 71,
            "y": 371
          },
          {
            "x": 70,
            "y": 371
          },
          {
            "x": 67,
            "y": 374
          },
          {
            "x": 66,
            "y": 374
          },
          {
            "x": 64,
            "y": 376
          },
          {
            "x": 62,
            "y": 376
          },
          {
            "x": 61,
            "y": 377
          },
          {
            "x": 60,
            "y": 377
          },
          {
            "x": 58,
            "y": 379
          },
          {
            "x": 58,
            "y": 383
          },
          {
            "x": 57,
            "y": 384
          },
          {
            "x": 57,
            "y": 386
          },
          {
            "x": 61,
            "y": 386
          },
          {
            "x": 62,
            "y": 387
          },
          {
            "x": 65,
            "y": 387
          },
          {
            "x": 66,
            "y": 386
          },
          {
            "x": 76,
            "y": 386
          },
          {
            "x": 77,
            "y": 385
          },
          {
            "x": 79,
            "y": 385
          },
          {
            "x": 80,
            "y": 384
          },
          {
            "x": 81,
            "y": 384
          },
          {
            "x": 81,
            "y": 383
          },
          {
            "x": 87,
            "y": 377
          },
          {
            "x": 91,
            "y": 377
          },
          {
            "x": 92,
            "y": 376
          },
          {
            "x": 93,
            "y": 376
          },
          {
            "x": 95,
            "y": 374
          },
          {
            "x": 95,
            "y": 372
          },
          {
            "x": 96,
            "y": 371
          },
          {
            "x": 96,
            "y": 370
          },
          {
            "x": 98,
            "y": 368
          },
          {
            "x": 100,
            "y": 368
          },
          {
            "x": 101,
            "y": 367
          }
        ]
      }
    },
    {
      "name": "Shoes Polygon ",
      "polygon": {
        "path": [
          {
            "x": 111,
            "y": 365
          },
          {
            "x": 111,
            "y": 366
          },
          {
            "x": 110,
            "y": 367
          },
          {
            "x": 110,
            "y": 376
          },
          {
            "x": 112,
            "y": 378
          },
          {
            "x": 112,
            "y": 386
          },
          {
            "x": 114,
            "y": 388
          },
          {
            "x": 114,
            "y": 389
          },
          {
            "x": 115,
            "y": 389
          },
          {
            "x": 116,
            "y": 390
          },
          {
            "x": 117,
            "y": 390
          },
          {
            "x": 119.0,
            "y": 392
          },
          {
            "x": 122.0,
            "y": 392
          },
          {
            "x": 123,
            "y": 393
          },
          {
            "x": 128,
            "y": 393
          },
          {
            "x": 129,
            "y": 392
          },
          {
            "x": 132,
            "y": 392
          },
          {
            "x": 134,
            "y": 390
          },
          {
            "x": 134,
            "y": 389
          },
          {
            "x": 135,
            "y": 388
          },
          {
            "x": 135,
            "y": 382
          },
          {
            "x": 134,
            "y": 381
          },
          {
            "x": 134,
            "y": 379
          },
          {
            "x": 133,
            "y": 378
          },
          {
            "x": 133,
            "y": 377
          },
          {
            "x": 131,
            "y": 375
          },
          {
            "x": 131,
            "y": 374
          },
          {
            "x": 130,
            "y": 373
          },
          {
            "x": 130,
            "y": 371
          },
          {
            "x": 129,
            "y": 370
          },
          {
            "x": 129,
            "y": 368
          },
          {
            "x": 128,
            "y": 368
          },
          {
            "x": 127.0,
            "y": 367
          },
          {
            "x": 126,
            "y": 368
          },
          {
            "x": 118,
            "y": 368
          },
          {
            "x": 117,
            "y": 367
          },
          {
            "x": 116,
            "y": 367
          },
          {
            "x": 115,
            "y": 366
          },
          {
            "x": 114,
            "y": 366
          },
          {
            "x": 113,
            "y": 365
          }
        ]
      }
    }
  ]
}