{
  "image": {
    "width": 267,
    "height": 400,
    "filename": "00000642.jpg",
    "original_filename": "000042.jpg",
    "url": "https://darwin.v7labs.com/api/images/1211953/original?token=5cea58b9-0f48-4f62-9905-01f97ea9945c",
    "thumbnail_url": "https://darwin.v7labs.com/api/images/1211953/thumbnail?token=5cea58b9-0f48-4f62-9905-01f97ea9945c",
    "workview_url": "https://darwin.v7labs.com/workview?dataset=1161&image=642"
  },
  "dataset": "Fashion retail",
  "annotated": true,
  "annotations": [
    {
      "name": "Dress Polygon ",
      "polygon": {
        "path": [
          {
            "x": 114,
            "y": 149
          },
          {
            "x": 113.0,
            "y": 150
          },
          {
            "x": 112,
            "y": 150
          },
          {
            "x": 111,
            "y": 151
          },
          {
            "x": 110.0,
            "y": 151
          },
          {
            "x": 109,
            "y": 152
          },
          {
            "x": 108.0,
            "y": 152
          },
          {
            "x": 108.0,
            "y": 169
          },
          {
            "x": 109,
            "y": 170
          },
          {
            "x": 109,
            "y": 177
          },
          {
            "x": 110.0,
            "y": 178
          },
          {
            "x": 110.0,
            "y": 182
          },
          {
            "x": 111,
            "y": 183
          },
          {
            "x": 111,
            "y": 189.0
          },
          {
            "x": 110.0,
            "y": 190
          },
          {
            "x": 110.0,
            "y": 197
          },
          {
            "x": 111,
            "y": 198
          },
          {
            "x": 111,
            "y": 200
          },
          {
            "x": 112,
            "y": 201
          },
          {
            "x": 112,
            "y": 203
          },
          {
            "x": 113.0,
            "y": 204.0
          },
          {
            "x": 113.0,
            "y": 205
          },
          {
            "x": 114,
            "y": 206
          },
          {
            "x": 114,
            "y": 207
          },
          {
            "x": 115.0,
            "y": 208
          },
          {
            "x": 115.0,
            "y": 209.0
          },
          {
            "x": 116.0,
            "y": 210
          },
          {
            "x": 116.0,
            "y": 211
          },
          {
            "x": 117,
            "y": 212
          },
          {
            "x": 117,
            "y": 213
          },
          {
            "x": 118.0,
            "y": 214.0
          },
          {
            "x": 118.0,
            "y": 215
          },
          {
            "x": 119,
            "y": 216
          },
          {
            "x": 119,
            "y": 217
          },
          {
            "x": 121.0,
            "y": 219
          },
          {
            "x": 121.0,
            "y": 220
          },
          {
            "x": 122,
            "y": 221
          },
          {
            "x": 122,
            "y": 222
          },
          {
            "x": 127,
            "y": 227.0
          },
          {
            "x": 128.0,
            "y": 227.0
          },
          {
            "x": 130,
            "y": 229
          },
          {
            "x": 131.0,
            "y": 229
          },
          {
            "x": 135,
            "y": 233
          },
          {
            "x": 135,
            "y": 234
          },
          {
            "x": 136.0,
            "y": 235
          },
          {
            "x": 136.0,
            "y": 238
          },
          {
            "x": 135,
            "y": 239
          },
          {
            "x": 133.0,
            "y": 239
          },
          {
            "x": 128.0,
            "y": 244
          },
          {
            "x": 125.0,
            "y": 244
          },
          {
            "x": 124,
            "y": 245
          },
          {
            "x": 123.0,
            "y": 245
          },
          {
            "x": 122,
            "y": 246
          },
          {
            "x": 119,
            "y": 246
          },
          {
            "x": 117,
            "y": 244
          },
          {
            "x": 116.0,
            "y": 244
          },
          {
            "x": 115.0,
            "y": 245
          },
          {
            "x": 107.0,
            "y": 245
          },
          {
            "x": 106,
            "y": 246
          },
          {
            "x": 105.0,
            "y": 246
          },
          {
            "x": 104,
            "y": 247.0
          },
          {
            "x": 103.0,
            "y": 247.0
          },
          {
            "x": 102.0,
            "y": 248
          },
          {
            "x": 102.0,
            "y": 256
          },
          {
            "x": 103.0,
            "y": 257
          },
          {
            "x": 103.0,
            "y": 258
          },
          {
            "x": 104,
            "y": 259
          },
          {
            "x": 104,
            "y": 263
          },
          {
            "x": 105.0,
            "y": 264
          },
          {
            "x": 105.0,
            "y": 267
          },
          {
            "x": 108.0,
            "y": 270
          },
          {
            "x": 110.0,
            "y": 270
          },
          {
            "x": 111,
            "y": 271
          },
          {
            "x": 112,
            "y": 271
          },
          {
            "x": 113.0,
            "y": 270
          },
          {
            "x": 122,
            "y": 270
          },
          {
            "x": 123.0,
            "y": 269
          },
          {
            "x": 129,
            "y": 269
          },
          {
            "x": 130,
            "y": 268
          },
          {
            "x": 134,
            "y": 268
          },
          {
            "x": 135,
            "y": 267
          },
          {
            "x": 143.0,
            "y": 267
          },
          {
            "x": 144,
            "y": 266
          },
          {
            "x": 147,
            "y": 266
          },
          {
            "x": 148.0,
            "y": 265
          },
          {
            "x": 152,
            "y": 265
          },
          {
            "x": 154,
            "y": 263
          },
          {
            "x": 159,
            "y": 263
          },
          {
            "x": 160,
            "y": 264
          },
          {
            "x": 161.0,
            "y": 264
          },
          {
            "x": 162,
            "y": 265
          },
          {
            "x": 164,
            "y": 265
          },
          {
            "x": 165,
            "y": 266
          },
          {
            "x": 168,
            "y": 266
          },
          {
            "x": 168,
            "y": 262
          },
          {
            "x": 169,
            "y": 261
          },
          {
            "x": 169,
            "y": 254
          },
          {
            "x": 170,
            "y": 253
          },
          {
            "x": 170,
            "y": 238
          },
          {
            "x": 169,
            "y": 237.0
          },
          {
            "x": 169,
            "y": 233
          },
          {
            "x": 168,
            "y": 232.0
          },
          {
            "x": 168,
            "y": 228
          },
          {
            "x": 167,
            "y": 227.0
          },
          {
            "x": 165,
            "y": 229
          },
          {
            "x": 165,
            "y": 233
          },
          {
            "x": 164,
            "y": 234
          },
          {
            "x": 164,
            "y": 235
          },
          {
            "x": 160,
            "y": 239
          },
          {
            "x": 158,
            "y": 239
          },
          {
            "x": 156.0,
            "y": 241
          },
          {
            "x": 153,
            "y": 241
          },
          {
            "x": 150,
            "y": 238
          },
          {
            "x": 150,
            "y": 233
          },
          {
            "x": 151.0,
            "y": 232.0
          },
          {
            "x": 153,
            "y": 232.0
          },
          {
            "x": 156.0,
            "y": 229
          },
          {
            "x": 156.0,
            "y": 223
          },
          {
            "x": 155,
            "y": 222
          },
          {
            "x": 156.0,
            "y": 221
          },
          {
            "x": 156.0,
            "y": 220
          },
          {
            "x": 155,
            "y": 220
          },
          {
            "x": 154,
            "y": 219
          },
          {
            "x": 154,
            "y": 218
          },
          {
            "x": 155,
            "y": 217
          },
          {
            "x": 157,
            "y": 217
          },
          {
            "x": 158,
            "y": 216
          },
          {
            "x": 159,
            "y": 216
          },
          {
            "x": 159,
            "y": 214.0
          },
          {
            "x": 160,
            "y": 213
          },
          {
            "x": 160,
            "y": 205
          },
          {
            "x": 159,
            "y": 204.0
          },
          {
            "x": 159,
            "y": 199.0
          },
          {
            "x": 158,
            "y": 198
          },
          {
            "x": 158,
            "y": 195
          },
          {
            "x": 157,
            "y": 194.0
          },
          {
            "x": 157,
            "y": 192
          },
          {
            "x": 156.0,
            "y": 191
          },
          {
            "x": 156.0,
            "y": 189.0
          },
          {
            "x": 155,
            "y": 188
          },
          {
            "x": 155,
            "y": 184
          },
          {
            "x": 154,
            "y": 183
          },
          {
            "x": 154,
            "y": 177
          },
          {
            "x": 153,
            "y": 176.0
          },
          {
            "x": 153,
            "y": 173
          },
          {
            "x": 152,
            "y": 172
          },
          {
            "x": 152,
            "y": 168
          },
          {
            "x": 151.0,
            "y": 167
          },
          {
            "x": 151.0,
            "y": 164
          },
          {
            "x": 150,
            "y": 163
          },
          {
            "x": 150,
            "y": 153
          },
          {
            "x": 149,
            "y": 152
          },
          {
            "x": 149,
            "y": 150
          },
          {
            "x": 147,
            "y": 148
          },
          {
            "x": 146.0,
            "y": 148
          },
          {
            "x": 145,
            "y": 147
          },
          {
            "x": 141.0,
            "y": 147
          },
          {
            "x": 140,
            "y": 146
          },
          {
            "x": 131.0,
            "y": 146
          },
          {
            "x": 130,
            "y": 145
          },
          {
            "x": 128.0,
            "y": 145
          },
          {
            "x": 127,
            "y": 144
          },
          {
            "x": 126.0,
            "y": 145
          },
          {
            "x": 125.0,
            "y": 145
          },
          {
            "x": 123.0,
            "y": 147
          },
          {
            "x": 121.0,
            "y": 147
          },
          {
            "x": 120.0,
            "y": 148
          },
          {
            "x": 118.0,
            "y": 148
          },
          {
            "x": 117,
            "y": 149
          }
        ]
      }
    }
  ]
}