{
  "image": {
    "width": 266,
    "height": 400,
    "filename": "00000675.jpg",
    "original_filename": "000075.jpg",
    "url": "https://darwin.v7labs.com/api/images/1211986/original?token=5cea58b9-0f48-4f62-9905-01f97ea9945c",
    "thumbnail_url": "https://darwin.v7labs.com/api/images/1211986/thumbnail?token=5cea58b9-0f48-4f62-9905-01f97ea9945c",
    "workview_url": "https://darwin.v7labs.com/workview?dataset=1161&image=675"
  },
  "dataset": "Fashion retail",
  "annotated": true,
  "annotations": [
    {
      "name": "Coat Polygon ",
      "polygon": {
        "path": [
          {
            "x": 186.0,
            "y": 133
          },
          {
            "x": 183,
            "y": 133
          },
          {
            "x": 182.0,
            "y": 134
          },
          {
            "x": 181.0,
            "y": 134
          },
          {
            "x": 175,
            "y": 140
          },
          {
            "x": 174,
            "y": 140
          },
          {
            "x": 171,
            "y": 143
          },
          {
            "x": 170,
            "y": 143
          },
          {
            "x": 168.0,
            "y": 145
          },
          {
            "x": 167,
            "y": 145
          },
          {
            "x": 165.0,
            "y": 147
          },
          {
            "x": 164.0,
            "y": 147
          },
          {
            "x": 163,
            "y": 148
          },
          {
            "x": 162,
            "y": 148
          },
          {
            "x": 160.0,
            "y": 150
          },
          {
            "x": 159,
            "y": 150
          },
          {
            "x": 158,
            "y": 151.0
          },
          {
            "x": 157.0,
            "y": 151.0
          },
          {
            "x": 156.0,
            "y": 152
          },
          {
            "x": 155.0,
            "y": 152
          },
          {
            "x": 154,
            "y": 153.0
          },
          {
            "x": 151.0,
            "y": 153.0
          },
          {
            "x": 150,
            "y": 154
          },
          {
            "x": 147.0,
            "y": 154
          },
          {
            "x": 146,
            "y": 155.0
          },
          {
            "x": 143.0,
            "y": 155.0
          },
          {
            "x": 142,
            "y": 156
          },
          {
            "x": 141,
            "y": 156
          },
          {
            "x": 139.0,
            "y": 158
          },
          {
            "x": 139.0,
            "y": 159
          },
          {
            "x": 140.0,
            "y": 160
          },
          {
            "x": 140.0,
            "y": 161
          },
          {
            "x": 141,
            "y": 162
          },
          {
            "x": 141,
            "y": 163
          },
          {
            "x": 143.0,
            "y": 165
          },
          {
            "x": 143.0,
            "y": 166
          },
          {
            "x": 144.0,
            "y": 167
          },
          {
            "x": 144.0,
            "y": 168
          },
          {
            "x": 146,
            "y": 170
          },
          {
            "x": 146,
            "y": 176.0
          },
          {
            "x": 145,
            "y": 177
          },
          {
            "x": 145,
            "y": 181
          },
          {
            "x": 144.0,
            "y": 182.0
          },
          {
            "x": 144.0,
            "y": 189
          },
          {
            "x": 143.0,
            "y": 190
          },
          {
            "x": 143.0,
            "y": 196
          },
          {
            "x": 142,
            "y": 197
          },
          {
            "x": 142,
            "y": 199
          },
          {
            "x": 141,
            "y": 200
          },
          {
            "x": 141,
            "y": 231
          },
          {
            "x": 140.0,
            "y": 232.0
          },
          {
            "x": 140.0,
            "y": 238
          },
          {
            "x": 139.0,
            "y": 239
          },
          {
            "x": 139.0,
            "y": 241
          },
          {
            "x": 138,
            "y": 242
          },
          {
            "x": 138,
            "y": 244
          },
          {
            "x": 137,
            "y": 245
          },
          {
            "x": 137,
            "y": 249
          },
          {
            "x": 136.0,
            "y": 250
          },
          {
            "x": 136.0,
            "y": 254
          },
          {
            "x": 135.0,
            "y": 255.0
          },
          {
            "x": 135.0,
            "y": 257
          },
          {
            "x": 134,
            "y": 258
          },
          {
            "x": 134,
            "y": 261
          },
          {
            "x": 133,
            "y": 262
          },
          {
            "x": 133,
            "y": 266
          },
          {
            "x": 132.0,
            "y": 267
          },
          {
            "x": 132.0,
            "y": 270
          },
          {
            "x": 131.0,
            "y": 271
          },
          {
            "x": 131.0,
            "y": 277
          },
          {
            "x": 130.0,
            "y": 278
          },
          {
            "x": 130.0,
            "y": 295
          },
          {
            "x": 129,
            "y": 296
          },
          {
            "x": 129,
            "y": 303
          },
          {
            "x": 128.0,
            "y": 304
          },
          {
            "x": 128.0,
            "y": 321
          },
          {
            "x": 127.0,
            "y": 322
          },
          {
            "x": 127.0,
            "y": 346
          },
          {
            "x": 126.0,
            "y": 347
          },
          {
            "x": 126.0,
            "y": 367
          },
          {
            "x": 127.0,
            "y": 368
          },
          {
            "x": 127.0,
            "y": 378
          },
          {
            "x": 128.0,
            "y": 379
          },
          {
            "x": 128.0,
            "y": 381.0
          },
          {
            "x": 130.0,
            "y": 383
          },
          {
            "x": 131.0,
            "y": 383
          },
          {
            "x": 134,
            "y": 386
          },
          {
            "x": 135.0,
            "y": 386
          },
          {
            "x": 137,
            "y": 388
          },
          {
            "x": 138,
            "y": 388
          },
          {
            "x": 140.0,
            "y": 390
          },
          {
            "x": 141,
            "y": 390
          },
          {
            "x": 142,
            "y": 389.0
          },
          {
            "x": 143.0,
            "y": 389.0
          },
          {
            "x": 144.0,
            "y": 388
          },
          {
            "x": 150,
            "y": 388
          },
          {
            "x": 153.0,
            "y": 391
          },
          {
            "x": 153.0,
            "y": 398
          },
          {
            "x": 204,
            "y": 398
          },
          {
            "x": 204,
            "y": 397
          },
          {
            "x": 205.0,
            "y": 396
          },
          {
            "x": 205.0,
            "y": 395
          },
          {
            "x": 207.0,
            "y": 393
          },
          {
            "x": 208,
            "y": 393
          },
          {
            "x": 209,
            "y": 392
          },
          {
            "x": 211.0,
            "y": 392
          },
          {
            "x": 211.0,
            "y": 391
          },
          {
            "x": 212,
            "y": 390
          },
          {
            "x": 212,
            "y": 389.0
          },
          {
            "x": 213,
            "y": 388
          },
          {
            "x": 213,
            "y": 386
          },
          {
            "x": 212,
            "y": 385.0
          },
          {
            "x": 212,
            "y": 378
          },
          {
            "x": 211.0,
            "y": 377.0
          },
          {
            "x": 211.0,
            "y": 367
          },
          {
            "x": 210.0,
            "y": 366
          },
          {
            "x": 210.0,
            "y": 361
          },
          {
            "x": 211.0,
            "y": 360.0
          },
          {
            "x": 211.0,
            "y": 347
          },
          {
            "x": 210.0,
            "y": 346
          },
          {
            "x": 210.0,
            "y": 345
          },
          {
            "x": 211.0,
            "y": 344
          },
          {
            "x": 211.0,
            "y": 343
          },
          {
            "x": 210.0,
            "y": 342
          },
          {
            "x": 210.0,
            "y": 339.0
          },
          {
            "x": 209,
            "y": 339.0
          },
          {
            "x": 208,
            "y": 340
          },
          {
            "x": 208,
            "y": 341
          },
          {
            "x": 207.0,
            "y": 342
          },
          {
            "x": 206.0,
            "y": 342
          },
          {
            "x": 206.0,
            "y": 343
          },
          {
            "x": 204,
            "y": 345
          },
          {
            "x": 204,
            "y": 346
          },
          {
            "x": 202.0,
            "y": 348
          },
          {
            "x": 202.0,
            "y": 357
          },
          {
            "x": 204,
            "y": 359
          },
          {
            "x": 204,
            "y": 360.0
          },
          {
            "x": 205.0,
            "y": 360.0
          },
          {
            "x": 206.0,
            "y": 361
          },
          {
            "x": 206.0,
            "y": 365
          },
          {
            "x": 202.0,
            "y": 369
          },
          {
            "x": 198.0,
            "y": 369
          },
          {
            "x": 195,
            "y": 366
          },
          {
            "x": 195,
            "y": 365
          },
          {
            "x": 196,
            "y": 364.0
          },
          {
            "x": 197.0,
            "y": 364.0
          },
          {
            "x": 198.0,
            "y": 365
          },
          {
            "x": 200,
            "y": 365
          },
          {
            "x": 200,
            "y": 357
          },
          {
            "x": 199,
            "y": 356.0
          },
          {
            "x": 199,
            "y": 354
          },
          {
            "x": 197.0,
            "y": 352.0
          },
          {
            "x": 197.0,
            "y": 349
          },
          {
            "x": 196,
            "y": 348
          },
          {
            "x": 196,
            "y": 347
          },
          {
            "x": 195,
            "y": 346
          },
          {
            "x": 195,
            "y": 345
          },
          {
            "x": 188,
            "y": 338
          },
          {
            "x": 188,
            "y": 337
          },
          {
            "x": 187,
            "y": 336
          },
          {
            "x": 187,
            "y": 333
          },
          {
            "x": 186.0,
            "y": 332
          },
          {
            "x": 186.0,
            "y": 330
          },
          {
            "x": 184,
            "y": 328
          },
          {
            "x": 184,
            "y": 325
          },
          {
            "x": 183,
            "y": 324
          },
          {
            "x": 183,
            "y": 314.0
          },
          {
            "x": 185.0,
            "y": 312
          },
          {
            "x": 186.0,
            "y": 312
          },
          {
            "x": 187,
            "y": 311
          },
          {
            "x": 188,
            "y": 311
          },
          {
            "x": 189.0,
            "y": 310.0
          },
          {
            "x": 193.0,
            "y": 310.0
          },
          {
            "x": 196,
            "y": 313
          },
          {
            "x": 204,
            "y": 313
          },
          {
            "x": 205.0,
            "y": 314.0
          },
          {
            "x": 207.0,
            "y": 314.0
          },
          {
            "x": 211.0,
            "y": 318
          },
          {
            "x": 211.0,
            "y": 319
          },
          {
            "x": 213,
            "y": 321
          },
          {
            "x": 213,
            "y": 322
          },
          {
            "x": 215.0,
            "y": 322
          },
          {
            "x": 216,
            "y": 321
          },
          {
            "x": 216,
            "y": 318
          },
          {
            "x": 217,
            "y": 317
          },
          {
            "x": 217,
            "y": 315
          },
          {
            "x": 218.0,
            "y": 314.0
          },
          {
            "x": 218.0,
            "y": 312
          },
          {
            "x": 219.0,
            "y": 311
          },
          {
            "x": 219.0,
            "y": 309
          },
          {
            "x": 220,
            "y": 308
          },
          {
            "x": 220,
            "y": 304
          },
          {
            "x": 221,
            "y": 303
          },
          {
            "x": 221,
            "y": 302.0
          },
          {
            "x": 222.0,
            "y": 301
          },
          {
            "x": 222.0,
            "y": 299
          },
          {
            "x": 223.0,
            "y": 298
          },
          {
            "x": 223.0,
            "y": 293
          },
          {
            "x": 224,
            "y": 292
          },
          {
            "x": 224,
            "y": 281
          },
          {
            "x": 225,
            "y": 280
          },
          {
            "x": 225,
            "y": 277
          },
          {
            "x": 226.0,
            "y": 276
          },
          {
            "x": 226.0,
            "y": 266
          },
          {
            "x": 225,
            "y": 265
          },
          {
            "x": 225,
            "y": 260
          },
          {
            "x": 224,
            "y": 259
          },
          {
            "x": 224,
            "y": 241
          },
          {
            "x": 225,
            "y": 240
          },
          {
            "x": 225,
            "y": 236
          },
          {
            "x": 226.0,
            "y": 235
          },
          {
            "x": 226.0,
            "y": 233
          },
          {
            "x": 225,
            "y": 232.0
          },
          {
            "x": 225,
            "y": 214
          },
          {
            "x": 226.0,
            "y": 213
          },
          {
            "x": 226.0,
            "y": 206
          },
          {
            "x": 225,
            "y": 205.0
          },
          {
            "x": 225,
            "y": 191
          },
          {
            "x": 224,
            "y": 190
          },
          {
            "x": 224,
            "y": 187
          },
          {
            "x": 223.0,
            "y": 186
          },
          {
            "x": 223.0,
            "y": 185
          },
          {
            "x": 222.0,
            "y": 184
          },
          {
            "x": 222.0,
            "y": 182.0
          },
          {
            "x": 221,
            "y": 181
          },
          {
            "x": 221,
            "y": 180.0
          },
          {
            "x": 220,
            "y": 179
          },
          {
            "x": 220,
            "y": 177
          },
          {
            "x": 219.0,
            "y": 176.0
          },
          {
            "x": 219.0,
            "y": 175
          },
          {
            "x": 218.0,
            "y": 174
          },
          {
            "x": 218.0,
            "y": 172
          },
          {
            "x": 217,
            "y": 171
          },
          {
            "x": 217,
            "y": 170
          },
          {
            "x": 216,
            "y": 169
          },
          {
            "x": 216,
            "y": 168
          },
          {
            "x": 210.0,
            "y": 162
          },
          {
            "x": 209,
            "y": 162
          },
          {
            "x": 208,
            "y": 161
          },
          {
            "x": 205.0,
            "y": 161
          },
          {
            "x": 204,
            "y": 160
          },
          {
            "x": 203.0,
            "y": 160
          },
          {
            "x": 202.0,
            "y": 159
          },
          {
            "x": 201.0,
            "y": 159
          },
          {
            "x": 200,
            "y": 158
          },
          {
            "x": 195,
            "y": 158
          },
          {
            "x": 193.0,
            "y": 156
          },
          {
            "x": 193.0,
            "y": 150
          },
          {
            "x": 189.0,
            "y": 146
          },
          {
            "x": 189.0,
            "y": 145
          },
          {
            "x": 188,
            "y": 144
          },
          {
            "x": 188,
            "y": 138
          },
          {
            "x": 187,
            "y": 137
          },
          {
            "x": 187,
            "y": 134
          }
        ]
      }
    },
    {
      "name": "Coat Polygon ",
      "polygon": {
        "path": [
          {
            "x": 76.0,
            "y": 106
          },
          {
            "x": 75.0,
            "y": 107
          },
          {
            "x": 74.0,
            "y": 107
          },
          {
            "x": 71.0,
            "y": 110
          },
          {
            "x": 71.0,
            "y": 111.0
          },
          {
            "x": 69.0,
            "y": 113.0
          },
          {
            "x": 69.0,
            "y": 115
          },
          {
            "x": 70.0,
            "y": 116
          },
          {
            "x": 70.0,
            "y": 118
          },
          {
            "x": 71.0,
            "y": 119
          },
          {
            "x": 71.0,
            "y": 121
          },
          {
            "x": 72.0,
            "y": 122.0
          },
          {
            "x": 72.0,
            "y": 125
          },
          {
            "x": 70.0,
            "y": 127
          },
          {
            "x": 63,
            "y": 127
          },
          {
            "x": 62.0,
            "y": 128
          },
          {
            "x": 61.0,
            "y": 128
          },
          {
            "x": 60.0,
            "y": 129
          },
          {
            "x": 59.0,
            "y": 129
          },
          {
            "x": 58.0,
            "y": 130
          },
          {
            "x": 56.0,
            "y": 130
          },
          {
            "x": 54.0,
            "y": 132
          },
          {
            "x": 51.0,
            "y": 132
          },
          {
            "x": 50.0,
            "y": 133
          },
          {
            "x": 46.0,
            "y": 133
          },
          {
            "x": 45.0,
            "y": 134
          },
          {
            "x": 44,
            "y": 134
          },
          {
            "x": 43.0,
            "y": 135.0
          },
          {
            "x": 43.0,
            "y": 136.0
          },
          {
            "x": 42,
            "y": 137.0
          },
          {
            "x": 42,
            "y": 146
          },
          {
            "x": 41.0,
            "y": 147
          },
          {
            "x": 41.0,
            "y": 148
          },
          {
            "x": 40.0,
            "y": 149
          },
          {
            "x": 40.0,
            "y": 151
          },
          {
            "x": 39.0,
            "y": 152
          },
          {
            "x": 39.0,
            "y": 155
          },
          {
            "x": 38.0,
            "y": 156.0
          },
          {
            "x": 38.0,
            "y": 162.0
          },
          {
            "x": 37.0,
            "y": 163.0
          },
          {
            "x": 37.0,
            "y": 170
          },
          {
            "x": 36.0,
            "y": 171
          },
          {
            "x": 36.0,
            "y": 173
          },
          {
            "x": 35.0,
            "y": 174
          },
          {
            "x": 35.0,
            "y": 177.0
          },
          {
            "x": 34.0,
            "y": 178
          },
          {
            "x": 34.0,
            "y": 184.0
          },
          {
            "x": 33.0,
            "y": 185
          },
          {
            "x": 33.0,
            "y": 187
          },
          {
            "x": 32.0,
            "y": 188
          },
          {
            "x": 32.0,
            "y": 193
          },
          {
            "x": 31.0,
            "y": 194
          },
          {
            "x": 31.0,
            "y": 200.0
          },
          {
            "x": 30.0,
            "y": 201.0
          },
          {
            "x": 30.0,
            "y": 205.0
          },
          {
            "x": 29.0,
            "y": 206
          },
          {
            "x": 29.0,
            "y": 207
          },
          {
            "x": 28.0,
            "y": 208
          },
          {
            "x": 28.0,
            "y": 216
          },
          {
            "x": 29.0,
            "y": 217
          },
          {
            "x": 29.0,
            "y": 220
          },
          {
            "x": 30.0,
            "y": 221.0
          },
          {
            "x": 30.0,
            "y": 222.0
          },
          {
            "x": 31.0,
            "y": 223.0
          },
          {
            "x": 31.0,
            "y": 224.0
          },
          {
            "x": 32.0,
            "y": 225.0
          },
          {
            "x": 32.0,
            "y": 226.0
          },
          {
            "x": 33.0,
            "y": 226.0
          },
          {
            "x": 35.0,
            "y": 228
          },
          {
            "x": 36.0,
            "y": 228
          },
          {
            "x": 39.0,
            "y": 231
          },
          {
            "x": 41.0,
            "y": 231
          },
          {
            "x": 42,
            "y": 232
          },
          {
            "x": 42,
            "y": 233
          },
          {
            "x": 43.0,
            "y": 233
          },
          {
            "x": 44,
            "y": 234
          },
          {
            "x": 45.0,
            "y": 234
          },
          {
            "x": 47.0,
            "y": 236
          },
          {
            "x": 47.0,
            "y": 237
          },
          {
            "x": 48.0,
            "y": 238
          },
          {
            "x": 48.0,
            "y": 239
          },
          {
            "x": 47.0,
            "y": 240
          },
          {
            "x": 47.0,
            "y": 245.0
          },
          {
            "x": 46.0,
            "y": 246.0
          },
          {
            "x": 46.0,
            "y": 252
          },
          {
            "x": 45.0,
            "y": 253
          },
          {
            "x": 45.0,
            "y": 259
          },
          {
            "x": 44,
            "y": 260
          },
          {
            "x": 44,
            "y": 266
          },
          {
            "x": 43.0,
            "y": 267
          },
          {
            "x": 43.0,
            "y": 275
          },
          {
            "x": 42,
            "y": 276
          },
          {
            "x": 42,
            "y": 282
          },
          {
            "x": 41.0,
            "y": 283
          },
          {
            "x": 41.0,
            "y": 287
          },
          {
            "x": 40.0,
            "y": 288
          },
          {
            "x": 40.0,
            "y": 296
          },
          {
            "x": 39.0,
            "y": 297
          },
          {
            "x": 39.0,
            "y": 319
          },
          {
            "x": 38.0,
            "y": 320.0
          },
          {
            "x": 38.0,
            "y": 335
          },
          {
            "x": 39.0,
            "y": 336
          },
          {
            "x": 39.0,
            "y": 337.0
          },
          {
            "x": 40.0,
            "y": 338
          },
          {
            "x": 41.0,
            "y": 338
          },
          {
            "x": 43.0,
            "y": 340
          },
          {
            "x": 49.0,
            "y": 340
          },
          {
            "x": 50.0,
            "y": 341.0
          },
          {
            "x": 57.0,
            "y": 341.0
          },
          {
            "x": 58.0,
            "y": 342
          },
          {
            "x": 77.0,
            "y": 342
          },
          {
            "x": 78.0,
            "y": 341.0
          },
          {
            "x": 85.0,
            "y": 341.0
          },
          {
            "x": 86,
            "y": 340
          },
          {
            "x": 88,
            "y": 340
          },
          {
            "x": 89.0,
            "y": 341.0
          },
          {
            "x": 94.0,
            "y": 341.0
          },
          {
            "x": 95.0,
            "y": 342
          },
          {
            "x": 96.0,
            "y": 342
          },
          {
            "x": 97.0,
            "y": 343.0
          },
          {
            "x": 106.0,
            "y": 343.0
          },
          {
            "x": 107,
            "y": 342
          },
          {
            "x": 108.0,
            "y": 342
          },
          {
            "x": 109,
            "y": 341.0
          },
          {
            "x": 113.0,
            "y": 341.0
          },
          {
            "x": 114.0,
            "y": 340
          },
          {
            "x": 121.0,
            "y": 340
          },
          {
            "x": 126,
            "y": 335
          },
          {
            "x": 126,
            "y": 315
          },
          {
            "x": 127.0,
            "y": 314.0
          },
          {
            "x": 127.0,
            "y": 304
          },
          {
            "x": 128,
            "y": 303.0
          },
          {
            "x": 128,
            "y": 295
          },
          {
            "x": 129.0,
            "y": 294
          },
          {
            "x": 129.0,
            "y": 280
          },
          {
            "x": 130,
            "y": 279
          },
          {
            "x": 130,
            "y": 272
          },
          {
            "x": 131.0,
            "y": 271
          },
          {
            "x": 131.0,
            "y": 267
          },
          {
            "x": 132,
            "y": 266
          },
          {
            "x": 132,
            "y": 263
          },
          {
            "x": 133.0,
            "y": 262
          },
          {
            "x": 133.0,
            "y": 258
          },
          {
            "x": 134,
            "y": 257
          },
          {
            "x": 134,
            "y": 256
          },
          {
            "x": 135.0,
            "y": 255
          },
          {
            "x": 135.0,
            "y": 251
          },
          {
            "x": 136.0,
            "y": 250
          },
          {
            "x": 136.0,
            "y": 245.0
          },
          {
            "x": 137.0,
            "y": 244.0
          },
          {
            "x": 137.0,
            "y": 242
          },
          {
            "x": 138.0,
            "y": 241
          },
          {
            "x": 138.0,
            "y": 239
          },
          {
            "x": 139.0,
            "y": 238
          },
          {
            "x": 139.0,
            "y": 233
          },
          {
            "x": 140.0,
            "y": 232
          },
          {
            "x": 140.0,
            "y": 200.0
          },
          {
            "x": 141.0,
            "y": 199
          },
          {
            "x": 141.0,
            "y": 189
          },
          {
            "x": 142.0,
            "y": 188
          },
          {
            "x": 142.0,
            "y": 178
          },
          {
            "x": 143,
            "y": 177.0
          },
          {
            "x": 143,
            "y": 174
          },
          {
            "x": 144.0,
            "y": 173
          },
          {
            "x": 144.0,
            "y": 169
          },
          {
            "x": 143,
            "y": 168
          },
          {
            "x": 143,
            "y": 167
          },
          {
            "x": 141.0,
            "y": 165.0
          },
          {
            "x": 141.0,
            "y": 164
          },
          {
            "x": 140.0,
            "y": 163.0
          },
          {
            "x": 140.0,
            "y": 161.0
          },
          {
            "x": 139.0,
            "y": 160.0
          },
          {
            "x": 139.0,
            "y": 157.0
          },
          {
            "x": 144.0,
            "y": 152
          },
          {
            "x": 144.0,
            "y": 151
          },
          {
            "x": 145,
            "y": 150
          },
          {
            "x": 145,
            "y": 147
          },
          {
            "x": 144.0,
            "y": 146
          },
          {
            "x": 144.0,
            "y": 144
          },
          {
            "x": 143,
            "y": 143
          },
          {
            "x": 143,
            "y": 140.0
          },
          {
            "x": 142.0,
            "y": 139.0
          },
          {
            "x": 142.0,
            "y": 137.0
          },
          {
            "x": 139.0,
            "y": 134
          },
          {
            "x": 138.0,
            "y": 134
          },
          {
            "x": 135.0,
            "y": 131
          },
          {
            "x": 135.0,
            "y": 129
          },
          {
            "x": 137.0,
            "y": 127
          },
          {
            "x": 137.0,
            "y": 126
          },
          {
            "x": 138.0,
            "y": 125
          },
          {
            "x": 137.0,
            "y": 124.0
          },
          {
            "x": 137.0,
            "y": 122.0
          },
          {
            "x": 132,
            "y": 117
          },
          {
            "x": 132,
            "y": 116
          },
          {
            "x": 129.0,
            "y": 113.0
          },
          {
            "x": 129.0,
            "y": 112.0
          },
          {
            "x": 128,
            "y": 111.0
          },
          {
            "x": 127.0,
            "y": 111.0
          },
          {
            "x": 124.0,
            "y": 108
          },
          {
            "x": 123.0,
            "y": 108
          },
          {
            "x": 122.0,
            "y": 107
          },
          {
            "x": 119.0,
            "y": 107
          },
          {
            "x": 117.0,
            "y": 109
          },
          {
            "x": 117.0,
            "y": 113.0
          },
          {
            "x": 116.0,
            "y": 114
          },
          {
            "x": 116.0,
            "y": 116
          },
          {
            "x": 115.0,
            "y": 117
          },
          {
            "x": 115.0,
            "y": 119
          },
          {
            "x": 114.0,
            "y": 120
          },
          {
            "x": 114.0,
            "y": 125
          },
          {
            "x": 111.0,
            "y": 128
          },
          {
            "x": 111.0,
            "y": 129
          },
          {
            "x": 110.0,
            "y": 130
          },
          {
            "x": 110.0,
            "y": 131
          },
          {
            "x": 106.0,
            "y": 135.0
          },
          {
            "x": 102.0,
            "y": 135.0
          },
          {
            "x": 101.0,
            "y": 134
          },
          {
            "x": 101.0,
            "y": 133
          },
          {
            "x": 99.0,
            "y": 131
          },
          {
            "x": 99.0,
            "y": 129
          },
          {
            "x": 97.0,
            "y": 127
          },
          {
            "x": 95.0,
            "y": 127
          },
          {
            "x": 93.0,
            "y": 125
          },
          {
            "x": 92.0,
            "y": 125
          },
          {
            "x": 88,
            "y": 121
          },
          {
            "x": 88,
            "y": 120
          },
          {
            "x": 87.0,
            "y": 119
          },
          {
            "x": 87.0,
            "y": 113.0
          },
          {
            "x": 86,
            "y": 112.0
          },
          {
            "x": 86,
            "y": 110
          },
          {
            "x": 85.0,
            "y": 109
          },
          {
            "x": 85.0,
            "y": 108
          },
          {
            "x": 84,
            "y": 108
          },
          {
            "x": 83.0,
            "y": 107
          },
          {
            "x": 82,
            "y": 107
          },
          {
            "x": 81.0,
            "y": 106
          }
        ]
      }
    }
  ]
}