{
  "image": {
    "width": 500,
    "height": 750,
    "filename": "00000608.jpg",
    "original_filename": "000008.jpg",
    "url": "https://darwin.v7labs.com/api/images/1211919/original?token=5cea58b9-0f48-4f62-9905-01f97ea9945c",
    "thumbnail_url": "https://darwin.v7labs.com/api/images/1211919/thumbnail?token=5cea58b9-0f48-4f62-9905-01f97ea9945c",
    "workview_url": "https://darwin.v7labs.com/workview?dataset=1161&image=608"
  },
  "dataset": "Fashion retail",
  "annotated": true,
  "annotations": [
    {
      "name": "Boots Polygon ",
      "polygon": {
        "path": [
          {
            "x": 196.0,
            "y": 654
          },
          {
            "x": 195,
            "y": 654
          },
          {
            "x": 195,
            "y": 661
          },
          {
            "x": 194.0,
            "y": 662
          },
          {
            "x": 194.0,
            "y": 664
          },
          {
            "x": 193,
            "y": 665
          },
          {
            "x": 193,
            "y": 666
          },
          {
            "x": 192,
            "y": 667
          },
          {
            "x": 192,
            "y": 670
          },
          {
            "x": 191.0,
            "y": 671
          },
          {
            "x": 191.0,
            "y": 673
          },
          {
            "x": 190,
            "y": 674
          },
          {
            "x": 190,
            "y": 678
          },
          {
            "x": 189.0,
            "y": 679
          },
          {
            "x": 189.0,
            "y": 683
          },
          {
            "x": 187.0,
            "y": 685
          },
          {
            "x": 186,
            "y": 684
          },
          {
            "x": 186,
            "y": 683
          },
          {
            "x": 185.0,
            "y": 682
          },
          {
            "x": 185.0,
            "y": 680
          },
          {
            "x": 184,
            "y": 679
          },
          {
            "x": 184,
            "y": 675
          },
          {
            "x": 183,
            "y": 674
          },
          {
            "x": 183,
            "y": 671
          },
          {
            "x": 182.0,
            "y": 670
          },
          {
            "x": 182.0,
            "y": 669
          },
          {
            "x": 181,
            "y": 668
          },
          {
            "x": 181,
            "y": 667
          },
          {
            "x": 180.0,
            "y": 666
          },
          {
            "x": 180.0,
            "y": 665
          },
          {
            "x": 179,
            "y": 664
          },
          {
            "x": 179,
            "y": 663
          },
          {
            "x": 177,
            "y": 661
          },
          {
            "x": 177,
            "y": 660
          },
          {
            "x": 174,
            "y": 657
          },
          {
            "x": 174,
            "y": 656
          },
          {
            "x": 173.0,
            "y": 655
          },
          {
            "x": 173.0,
            "y": 662
          },
          {
            "x": 174,
            "y": 663
          },
          {
            "x": 174,
            "y": 673
          },
          {
            "x": 173.0,
            "y": 674
          },
          {
            "x": 173.0,
            "y": 690
          },
          {
            "x": 172,
            "y": 691
          },
          {
            "x": 172,
            "y": 704
          },
          {
            "x": 173.0,
            "y": 704
          },
          {
            "x": 176.0,
            "y": 707
          },
          {
            "x": 177,
            "y": 707
          },
          {
            "x": 179,
            "y": 709
          },
          {
            "x": 180.0,
            "y": 709
          },
          {
            "x": 181,
            "y": 710
          },
          {
            "x": 186,
            "y": 710
          },
          {
            "x": 187.0,
            "y": 711
          },
          {
            "x": 191.0,
            "y": 711
          },
          {
            "x": 192,
            "y": 710
          },
          {
            "x": 197,
            "y": 710
          },
          {
            "x": 198.0,
            "y": 709
          },
          {
            "x": 199,
            "y": 709
          },
          {
            "x": 200.0,
            "y": 708
          },
          {
            "x": 200.0,
            "y": 706
          },
          {
            "x": 201.0,
            "y": 705
          },
          {
            "x": 201.0,
            "y": 695
          },
          {
            "x": 200.0,
            "y": 694
          },
          {
            "x": 200.0,
            "y": 691
          },
          {
            "x": 199,
            "y": 690
          },
          {
            "x": 199,
            "y": 687
          },
          {
            "x": 198.0,
            "y": 686
          },
          {
            "x": 198.0,
            "y": 679
          },
          {
            "x": 197,
            "y": 678
          },
          {
            "x": 197,
            "y": 660
          },
          {
            "x": 196.0,
            "y": 659
          }
        ]
      }
    },
    {
      "name": "Boots Polygon ",
      "polygon": {
        "path": [
          {
            "x": 247,
            "y": 651
          },
          {
            "x": 245,
            "y": 653
          },
          {
            "x": 245,
            "y": 654
          },
          {
            "x": 244,
            "y": 655
          },
          {
            "x": 244,
            "y": 656
          },
          {
            "x": 243,
            "y": 657
          },
          {
            "x": 243,
            "y": 659
          },
          {
            "x": 242,
            "y": 660
          },
          {
            "x": 242,
            "y": 662
          },
          {
            "x": 241.0,
            "y": 663
          },
          {
            "x": 241.0,
            "y": 664
          },
          {
            "x": 240,
            "y": 665
          },
          {
            "x": 240,
            "y": 666
          },
          {
            "x": 239.0,
            "y": 667
          },
          {
            "x": 239.0,
            "y": 668
          },
          {
            "x": 238,
            "y": 669
          },
          {
            "x": 238,
            "y": 672
          },
          {
            "x": 237.0,
            "y": 673
          },
          {
            "x": 237.0,
            "y": 678
          },
          {
            "x": 236,
            "y": 679
          },
          {
            "x": 236,
            "y": 681
          },
          {
            "x": 235,
            "y": 682
          },
          {
            "x": 235,
            "y": 683
          },
          {
            "x": 234,
            "y": 684
          },
          {
            "x": 234,
            "y": 685
          },
          {
            "x": 232.0,
            "y": 687
          },
          {
            "x": 231,
            "y": 686
          },
          {
            "x": 231,
            "y": 674
          },
          {
            "x": 230.0,
            "y": 673
          },
          {
            "x": 230.0,
            "y": 669
          },
          {
            "x": 229,
            "y": 668
          },
          {
            "x": 229,
            "y": 667
          },
          {
            "x": 228.0,
            "y": 666
          },
          {
            "x": 228.0,
            "y": 664
          },
          {
            "x": 227,
            "y": 663
          },
          {
            "x": 227,
            "y": 662
          },
          {
            "x": 226,
            "y": 661
          },
          {
            "x": 226,
            "y": 658
          },
          {
            "x": 225.0,
            "y": 657
          },
          {
            "x": 225.0,
            "y": 655
          },
          {
            "x": 223.0,
            "y": 653
          },
          {
            "x": 223.0,
            "y": 652
          },
          {
            "x": 223.0,
            "y": 653
          },
          {
            "x": 222,
            "y": 654
          },
          {
            "x": 222,
            "y": 670
          },
          {
            "x": 221.0,
            "y": 671
          },
          {
            "x": 221.0,
            "y": 678
          },
          {
            "x": 220,
            "y": 679
          },
          {
            "x": 220,
            "y": 687
          },
          {
            "x": 219.0,
            "y": 688
          },
          {
            "x": 219.0,
            "y": 694
          },
          {
            "x": 218,
            "y": 695
          },
          {
            "x": 218,
            "y": 708
          },
          {
            "x": 220,
            "y": 710
          },
          {
            "x": 221.0,
            "y": 710
          },
          {
            "x": 222,
            "y": 711
          },
          {
            "x": 223.0,
            "y": 711
          },
          {
            "x": 224,
            "y": 712
          },
          {
            "x": 239.0,
            "y": 712
          },
          {
            "x": 240,
            "y": 711
          },
          {
            "x": 241.0,
            "y": 711
          },
          {
            "x": 242,
            "y": 710
          },
          {
            "x": 243,
            "y": 710
          },
          {
            "x": 246.0,
            "y": 707
          },
          {
            "x": 246.0,
            "y": 703
          },
          {
            "x": 247,
            "y": 702
          },
          {
            "x": 247,
            "y": 695
          },
          {
            "x": 246.0,
            "y": 694
          },
          {
            "x": 246.0,
            "y": 688
          },
          {
            "x": 245,
            "y": 687
          },
          {
            "x": 245,
            "y": 680
          },
          {
            "x": 244,
            "y": 679
          },
          {
            "x": 244,
            "y": 663
          },
          {
            "x": 245,
            "y": 662
          },
          {
            "x": 245,
            "y": 659
          },
          {
            "x": 246.0,
            "y": 658
          },
          {
            "x": 246.0,
            "y": 655
          },
          {
            "x": 247,
            "y": 654
          }
        ]
      }
    },
    {
      "name": "Trousers Polygon ",
      "polygon": {
        "path": [
          {
            "x": 250.0,
            "y": 325
          },
          {
            "x": 234.0,
            "y": 325
          },
          {
            "x": 233.0,
            "y": 326
          },
          {
            "x": 229.0,
            "y": 326
          },
          {
            "x": 228.0,
            "y": 325
          },
          {
            "x": 226.0,
            "y": 325
          },
          {
            "x": 225.0,
            "y": 324
          },
          {
            "x": 211,
            "y": 324
          },
          {
            "x": 210,
            "y": 325
          },
          {
            "x": 209,
            "y": 325
          },
          {
            "x": 208,
            "y": 326
          },
          {
            "x": 207,
            "y": 326
          },
          {
            "x": 206,
            "y": 327
          },
          {
            "x": 200.0,
            "y": 327
          },
          {
            "x": 199.0,
            "y": 328
          },
          {
            "x": 196.0,
            "y": 328
          },
          {
            "x": 195.0,
            "y": 329
          },
          {
            "x": 192.0,
            "y": 329
          },
          {
            "x": 191.0,
            "y": 330
          },
          {
            "x": 182,
            "y": 330
          },
          {
            "x": 180,
            "y": 332
          },
          {
            "x": 179,
            "y": 332
          },
          {
            "x": 179,
            "y": 334
          },
          {
            "x": 177,
            "y": 336
          },
          {
            "x": 177,
            "y": 337
          },
          {
            "x": 176,
            "y": 338
          },
          {
            "x": 176,
            "y": 342
          },
          {
            "x": 175.0,
            "y": 343
          },
          {
            "x": 175.0,
            "y": 346
          },
          {
            "x": 174.0,
            "y": 347
          },
          {
            "x": 174.0,
            "y": 349
          },
          {
            "x": 173.0,
            "y": 350
          },
          {
            "x": 173.0,
            "y": 353
          },
          {
            "x": 172.0,
            "y": 354
          },
          {
            "x": 172.0,
            "y": 355
          },
          {
            "x": 171.0,
            "y": 356
          },
          {
            "x": 171.0,
            "y": 359
          },
          {
            "x": 170.0,
            "y": 360
          },
          {
            "x": 170.0,
            "y": 362
          },
          {
            "x": 169.0,
            "y": 363
          },
          {
            "x": 169.0,
            "y": 364
          },
          {
            "x": 168.0,
            "y": 365
          },
          {
            "x": 168.0,
            "y": 369
          },
          {
            "x": 167.0,
            "y": 370
          },
          {
            "x": 167.0,
            "y": 371
          },
          {
            "x": 166.0,
            "y": 372
          },
          {
            "x": 166.0,
            "y": 373.0
          },
          {
            "x": 165.0,
            "y": 374.0
          },
          {
            "x": 165.0,
            "y": 377.0
          },
          {
            "x": 164.0,
            "y": 378.0
          },
          {
            "x": 164.0,
            "y": 379.0
          },
          {
            "x": 163.0,
            "y": 380.0
          },
          {
            "x": 163.0,
            "y": 382
          },
          {
            "x": 162.0,
            "y": 383
          },
          {
            "x": 162.0,
            "y": 384
          },
          {
            "x": 161.0,
            "y": 385
          },
          {
            "x": 161.0,
            "y": 386
          },
          {
            "x": 160.0,
            "y": 387
          },
          {
            "x": 160.0,
            "y": 390
          },
          {
            "x": 159.0,
            "y": 391
          },
          {
            "x": 159.0,
            "y": 392
          },
          {
            "x": 157.0,
            "y": 394
          },
          {
            "x": 157.0,
            "y": 397
          },
          {
            "x": 155,
            "y": 399
          },
          {
            "x": 155,
            "y": 401
          },
          {
            "x": 154,
            "y": 402
          },
          {
            "x": 154,
            "y": 403.0
          },
          {
            "x": 153,
            "y": 404.0
          },
          {
            "x": 153,
            "y": 406.0
          },
          {
            "x": 152,
            "y": 407.0
          },
          {
            "x": 152,
            "y": 408.0
          },
          {
            "x": 151,
            "y": 409.0
          },
          {
            "x": 151,
            "y": 411
          },
          {
            "x": 150,
            "y": 412
          },
          {
            "x": 150,
            "y": 414
          },
          {
            "x": 149,
            "y": 415
          },
          {
            "x": 149,
            "y": 421
          },
          {
            "x": 148,
            "y": 422
          },
          {
            "x": 148,
            "y": 424
          },
          {
            "x": 147,
            "y": 425
          },
          {
            "x": 147,
            "y": 428
          },
          {
            "x": 146,
            "y": 429
          },
          {
            "x": 146,
            "y": 431
          },
          {
            "x": 145.0,
            "y": 432
          },
          {
            "x": 145.0,
            "y": 435.0
          },
          {
            "x": 144.0,
            "y": 436.0
          },
          {
            "x": 144.0,
            "y": 451
          },
          {
            "x": 145.0,
            "y": 452
          },
          {
            "x": 145.0,
            "y": 459
          },
          {
            "x": 144.0,
            "y": 460
          },
          {
            "x": 144.0,
            "y": 467.0
          },
          {
            "x": 145.0,
            "y": 468.0
          },
          {
            "x": 145.0,
            "y": 472
          },
          {
            "x": 146,
            "y": 473
          },
          {
            "x": 146,
            "y": 476
          },
          {
            "x": 147,
            "y": 477
          },
          {
            "x": 147,
            "y": 483
          },
          {
            "x": 148,
            "y": 484
          },
          {
            "x": 148,
            "y": 486
          },
          {
            "x": 149,
            "y": 487
          },
          {
            "x": 149,
            "y": 495.0
          },
          {
            "x": 150,
            "y": 496.0
          },
          {
            "x": 150,
            "y": 501
          },
          {
            "x": 151,
            "y": 502
          },
          {
            "x": 151,
            "y": 505
          },
          {
            "x": 152,
            "y": 506
          },
          {
            "x": 152,
            "y": 512
          },
          {
            "x": 153,
            "y": 513
          },
          {
            "x": 153,
            "y": 515
          },
          {
            "x": 154,
            "y": 516
          },
          {
            "x": 154,
            "y": 517
          },
          {
            "x": 155,
            "y": 518
          },
          {
            "x": 155,
            "y": 525
          },
          {
            "x": 156,
            "y": 526
          },
          {
            "x": 156,
            "y": 528
          },
          {
            "x": 157.0,
            "y": 529
          },
          {
            "x": 157.0,
            "y": 537
          },
          {
            "x": 158.0,
            "y": 538
          },
          {
            "x": 158.0,
            "y": 540
          },
          {
            "x": 159.0,
            "y": 541
          },
          {
            "x": 159.0,
            "y": 542
          },
          {
            "x": 160.0,
            "y": 543
          },
          {
            "x": 160.0,
            "y": 547
          },
          {
            "x": 161.0,
            "y": 548
          },
          {
            "x": 161.0,
            "y": 549
          },
          {
            "x": 162.0,
            "y": 550
          },
          {
            "x": 162.0,
            "y": 551
          },
          {
            "x": 163.0,
            "y": 552
          },
          {
            "x": 163.0,
            "y": 555
          },
          {
            "x": 164.0,
            "y": 556
          },
          {
            "x": 164.0,
            "y": 557
          },
          {
            "x": 165.0,
            "y": 558
          },
          {
            "x": 165.0,
            "y": 560
          },
          {
            "x": 166.0,
            "y": 561
          },
          {
            "x": 166.0,
            "y": 562
          },
          {
            "x": 167.0,
            "y": 563
          },
          {
            "x": 167.0,
            "y": 573
          },
          {
            "x": 166.0,
            "y": 574
          },
          {
            "x": 166.0,
            "y": 575
          },
          {
            "x": 165.0,
            "y": 576
          },
          {
            "x": 165.0,
            "y": 577
          },
          {
            "x": 163.0,
            "y": 579
          },
          {
            "x": 163.0,
            "y": 580
          },
          {
            "x": 160.0,
            "y": 583
          },
          {
            "x": 160.0,
            "y": 584
          },
          {
            "x": 159.0,
            "y": 585
          },
          {
            "x": 158.0,
            "y": 585
          },
          {
            "x": 155,
            "y": 588
          },
          {
            "x": 155,
            "y": 594
          },
          {
            "x": 156,
            "y": 595
          },
          {
            "x": 156,
            "y": 597
          },
          {
            "x": 157.0,
            "y": 598
          },
          {
            "x": 157.0,
            "y": 599
          },
          {
            "x": 159.0,
            "y": 601
          },
          {
            "x": 159.0,
            "y": 602
          },
          {
            "x": 160.0,
            "y": 603
          },
          {
            "x": 160.0,
            "y": 608
          },
          {
            "x": 161.0,
            "y": 609
          },
          {
            "x": 161.0,
            "y": 613
          },
          {
            "x": 162.0,
            "y": 614
          },
          {
            "x": 162.0,
            "y": 621
          },
          {
            "x": 161.0,
            "y": 622
          },
          {
            "x": 161.0,
            "y": 624
          },
          {
            "x": 160.0,
            "y": 625
          },
          {
            "x": 160.0,
            "y": 630
          },
          {
            "x": 164.0,
            "y": 634
          },
          {
            "x": 165.0,
            "y": 634
          },
          {
            "x": 168.0,
            "y": 637
          },
          {
            "x": 168.0,
            "y": 638
          },
          {
            "x": 169.0,
            "y": 639
          },
          {
            "x": 169.0,
            "y": 640
          },
          {
            "x": 170.0,
            "y": 641
          },
          {
            "x": 170.0,
            "y": 643
          },
          {
            "x": 171.0,
            "y": 644
          },
          {
            "x": 171.0,
            "y": 650
          },
          {
            "x": 172.0,
            "y": 651
          },
          {
            "x": 172.0,
            "y": 652
          },
          {
            "x": 173.0,
            "y": 653
          },
          {
            "x": 173.0,
            "y": 654
          },
          {
            "x": 176,
            "y": 657
          },
          {
            "x": 176,
            "y": 658
          },
          {
            "x": 178,
            "y": 658
          },
          {
            "x": 179,
            "y": 659
          },
          {
            "x": 180,
            "y": 659
          },
          {
            "x": 181,
            "y": 660
          },
          {
            "x": 190.0,
            "y": 660
          },
          {
            "x": 191.0,
            "y": 659
          },
          {
            "x": 194.0,
            "y": 659
          },
          {
            "x": 195.0,
            "y": 658
          },
          {
            "x": 195.0,
            "y": 657
          },
          {
            "x": 196.0,
            "y": 656
          },
          {
            "x": 196.0,
            "y": 649
          },
          {
            "x": 197.0,
            "y": 648
          },
          {
            "x": 197.0,
            "y": 642
          },
          {
            "x": 196.0,
            "y": 641
          },
          {
            "x": 196.0,
            "y": 638
          },
          {
            "x": 197.0,
            "y": 637
          },
          {
            "x": 197.0,
            "y": 635
          },
          {
            "x": 198.0,
            "y": 634
          },
          {
            "x": 198.0,
            "y": 632
          },
          {
            "x": 199.0,
            "y": 631
          },
          {
            "x": 199.0,
            "y": 620
          },
          {
            "x": 200.0,
            "y": 619
          },
          {
            "x": 200.0,
            "y": 618
          },
          {
            "x": 201.0,
            "y": 617
          },
          {
            "x": 201.0,
            "y": 616
          },
          {
            "x": 202.0,
            "y": 615
          },
          {
            "x": 202.0,
            "y": 614
          },
          {
            "x": 203.0,
            "y": 613
          },
          {
            "x": 203.0,
            "y": 612
          },
          {
            "x": 204.0,
            "y": 611
          },
          {
            "x": 204.0,
            "y": 609
          },
          {
            "x": 205.0,
            "y": 608
          },
          {
            "x": 205.0,
            "y": 606
          },
          {
            "x": 206,
            "y": 605
          },
          {
            "x": 206,
            "y": 604
          },
          {
            "x": 207,
            "y": 603
          },
          {
            "x": 207,
            "y": 594
          },
          {
            "x": 208,
            "y": 593
          },
          {
            "x": 208,
            "y": 590
          },
          {
            "x": 209,
            "y": 589
          },
          {
            "x": 211,
            "y": 589
          },
          {
            "x": 213,
            "y": 591
          },
          {
            "x": 213,
            "y": 594
          },
          {
            "x": 214,
            "y": 595
          },
          {
            "x": 214,
            "y": 597
          },
          {
            "x": 215,
            "y": 598
          },
          {
            "x": 215,
            "y": 599
          },
          {
            "x": 216,
            "y": 600
          },
          {
            "x": 216,
            "y": 603
          },
          {
            "x": 217.0,
            "y": 604
          },
          {
            "x": 217.0,
            "y": 605
          },
          {
            "x": 218.0,
            "y": 606
          },
          {
            "x": 218.0,
            "y": 607
          },
          {
            "x": 220.0,
            "y": 609
          },
          {
            "x": 220.0,
            "y": 610
          },
          {
            "x": 221.0,
            "y": 611
          },
          {
            "x": 221.0,
            "y": 613
          },
          {
            "x": 223.0,
            "y": 615
          },
          {
            "x": 223.0,
            "y": 623
          },
          {
            "x": 222.0,
            "y": 624
          },
          {
            "x": 222.0,
            "y": 629
          },
          {
            "x": 223.0,
            "y": 630
          },
          {
            "x": 223.0,
            "y": 638
          },
          {
            "x": 222.0,
            "y": 639
          },
          {
            "x": 222.0,
            "y": 642
          },
          {
            "x": 221.0,
            "y": 643
          },
          {
            "x": 221.0,
            "y": 647
          },
          {
            "x": 222.0,
            "y": 648
          },
          {
            "x": 222.0,
            "y": 650
          },
          {
            "x": 224.0,
            "y": 652
          },
          {
            "x": 224.0,
            "y": 653
          },
          {
            "x": 225.0,
            "y": 653
          },
          {
            "x": 226.0,
            "y": 654
          },
          {
            "x": 228.0,
            "y": 654
          },
          {
            "x": 229.0,
            "y": 653
          },
          {
            "x": 233.0,
            "y": 653
          },
          {
            "x": 234.0,
            "y": 654
          },
          {
            "x": 236,
            "y": 654
          },
          {
            "x": 237,
            "y": 653
          },
          {
            "x": 244,
            "y": 653
          },
          {
            "x": 245,
            "y": 652
          },
          {
            "x": 246,
            "y": 652
          },
          {
            "x": 248.0,
            "y": 650
          },
          {
            "x": 248.0,
            "y": 649
          },
          {
            "x": 249.0,
            "y": 648
          },
          {
            "x": 249.0,
            "y": 640
          },
          {
            "x": 252.0,
            "y": 637
          },
          {
            "x": 254.0,
            "y": 637
          },
          {
            "x": 255.0,
            "y": 636
          },
          {
            "x": 257.0,
            "y": 636
          },
          {
            "x": 259.0,
            "y": 634
          },
          {
            "x": 260.0,
            "y": 634
          },
          {
            "x": 260.0,
            "y": 633
          },
          {
            "x": 261,
            "y": 632
          },
          {
            "x": 261,
            "y": 622
          },
          {
            "x": 262,
            "y": 621
          },
          {
            "x": 262,
            "y": 620
          },
          {
            "x": 263,
            "y": 619
          },
          {
            "x": 263,
            "y": 617
          },
          {
            "x": 265,
            "y": 615
          },
          {
            "x": 265,
            "y": 613
          },
          {
            "x": 266,
            "y": 612
          },
          {
            "x": 266,
            "y": 611
          },
          {
            "x": 267,
            "y": 610
          },
          {
            "x": 267,
            "y": 609
          },
          {
            "x": 268,
            "y": 608
          },
          {
            "x": 268,
            "y": 606
          },
          {
            "x": 270,
            "y": 604
          },
          {
            "x": 270,
            "y": 601
          },
          {
            "x": 271,
            "y": 600
          },
          {
            "x": 271,
            "y": 599
          },
          {
            "x": 272,
            "y": 598
          },
          {
            "x": 272,
            "y": 597
          },
          {
            "x": 273,
            "y": 596
          },
          {
            "x": 273,
            "y": 593
          },
          {
            "x": 274,
            "y": 592
          },
          {
            "x": 274,
            "y": 590
          },
          {
            "x": 275,
            "y": 589
          },
          {
            "x": 275,
            "y": 587
          },
          {
            "x": 276,
            "y": 586
          },
          {
            "x": 276,
            "y": 584
          },
          {
            "x": 277,
            "y": 583
          },
          {
            "x": 277,
            "y": 582
          },
          {
            "x": 278,
            "y": 581
          },
          {
            "x": 278,
            "y": 573
          },
          {
            "x": 279,
            "y": 572
          },
          {
            "x": 279,
            "y": 562
          },
          {
            "x": 280,
            "y": 561
          },
          {
            "x": 280,
            "y": 550
          },
          {
            "x": 281,
            "y": 549
          },
          {
            "x": 281,
            "y": 492
          },
          {
            "x": 282,
            "y": 491
          },
          {
            "x": 282,
            "y": 489
          },
          {
            "x": 281,
            "y": 488
          },
          {
            "x": 281,
            "y": 463.0
          },
          {
            "x": 282,
            "y": 462
          },
          {
            "x": 282,
            "y": 448
          },
          {
            "x": 283.0,
            "y": 447
          },
          {
            "x": 283.0,
            "y": 437.0
          },
          {
            "x": 282,
            "y": 436.0
          },
          {
            "x": 282,
            "y": 433.0
          },
          {
            "x": 281,
            "y": 432
          },
          {
            "x": 281,
            "y": 423
          },
          {
            "x": 280,
            "y": 422
          },
          {
            "x": 280,
            "y": 415
          },
          {
            "x": 279,
            "y": 414
          },
          {
            "x": 279,
            "y": 410.0
          },
          {
            "x": 278,
            "y": 409.0
          },
          {
            "x": 278,
            "y": 398
          },
          {
            "x": 277,
            "y": 397
          },
          {
            "x": 277,
            "y": 391
          },
          {
            "x": 276,
            "y": 390
          },
          {
            "x": 276,
            "y": 383
          },
          {
            "x": 275,
            "y": 382
          },
          {
            "x": 275,
            "y": 380.0
          },
          {
            "x": 274,
            "y": 379.0
          },
          {
            "x": 274,
            "y": 377.0
          },
          {
            "x": 273,
            "y": 376.0
          },
          {
            "x": 273,
            "y": 372
          },
          {
            "x": 272,
            "y": 371
          },
          {
            "x": 272,
            "y": 370
          },
          {
            "x": 271,
            "y": 369
          },
          {
            "x": 271,
            "y": 368
          },
          {
            "x": 270,
            "y": 367
          },
          {
            "x": 270,
            "y": 363
          },
          {
            "x": 269,
            "y": 362
          },
          {
            "x": 269,
            "y": 360
          },
          {
            "x": 268,
            "y": 359
          },
          {
            "x": 268,
            "y": 356
          },
          {
            "x": 267,
            "y": 355
          },
          {
            "x": 267,
            "y": 354
          },
          {
            "x": 266,
            "y": 353
          },
          {
            "x": 266,
            "y": 352
          },
          {
            "x": 265,
            "y": 351
          },
          {
            "x": 265,
            "y": 350
          },
          {
            "x": 264,
            "y": 349
          },
          {
            "x": 264,
            "y": 348
          },
          {
            "x": 263,
            "y": 347
          },
          {
            "x": 263,
            "y": 346
          },
          {
            "x": 262,
            "y": 345
          },
          {
            "x": 262,
            "y": 343
          },
          {
            "x": 261,
            "y": 343
          },
          {
            "x": 260.0,
            "y": 342
          },
          {
            "x": 260.0,
            "y": 340
          },
          {
            "x": 259.0,
            "y": 339
          },
          {
            "x": 259.0,
            "y": 337
          },
          {
            "x": 258.0,
            "y": 336
          },
          {
            "x": 258.0,
            "y": 334
          },
          {
            "x": 259.0,
            "y": 333
          },
          {
            "x": 259.0,
            "y": 331
          },
          {
            "x": 260.0,
            "y": 330
          },
          {
            "x": 260.0,
            "y": 328
          },
          {
            "x": 259.0,
            "y": 327
          },
          {
            "x": 253.0,
            "y": 327
          },
          {
            "x": 252.0,
            "y": 326
          },
          {
            "x": 251.0,
            "y": 326
          }
        ]
      }
    },
    {
      "name": "Sweater Polygon ",
      "polygon": {
        "path": [
          {
            "x": 170.0,
            "y": 212
          },
          {
            "x": 168.0,
            "y": 214
          },
          {
            "x": 167,
            "y": 214
          },
          {
            "x": 167,
            "y": 215
          },
          {
            "x": 166,
            "y": 216
          },
          {
            "x": 165,
            "y": 216
          },
          {
            "x": 165,
            "y": 218
          },
          {
            "x": 163,
            "y": 220
          },
          {
            "x": 163,
            "y": 221
          },
          {
            "x": 158.0,
            "y": 226
          },
          {
            "x": 157.0,
            "y": 226
          },
          {
            "x": 157.0,
            "y": 227
          },
          {
            "x": 156.0,
            "y": 228
          },
          {
            "x": 155,
            "y": 228
          },
          {
            "x": 154,
            "y": 229
          },
          {
            "x": 153,
            "y": 229
          },
          {
            "x": 152,
            "y": 230
          },
          {
            "x": 151,
            "y": 230
          },
          {
            "x": 151,
            "y": 231
          },
          {
            "x": 150,
            "y": 232
          },
          {
            "x": 149.0,
            "y": 232
          },
          {
            "x": 149.0,
            "y": 233
          },
          {
            "x": 148.0,
            "y": 234
          },
          {
            "x": 148.0,
            "y": 235
          },
          {
            "x": 147.0,
            "y": 236
          },
          {
            "x": 147.0,
            "y": 237
          },
          {
            "x": 145.0,
            "y": 239
          },
          {
            "x": 145.0,
            "y": 242
          },
          {
            "x": 144.0,
            "y": 243
          },
          {
            "x": 144.0,
            "y": 245
          },
          {
            "x": 143,
            "y": 246
          },
          {
            "x": 143,
            "y": 249
          },
          {
            "x": 142,
            "y": 250
          },
          {
            "x": 142,
            "y": 251
          },
          {
            "x": 140,
            "y": 253
          },
          {
            "x": 140,
            "y": 254
          },
          {
            "x": 139,
            "y": 255
          },
          {
            "x": 139,
            "y": 258
          },
          {
            "x": 138,
            "y": 259
          },
          {
            "x": 138,
            "y": 260
          },
          {
            "x": 137.0,
            "y": 261
          },
          {
            "x": 137.0,
            "y": 262
          },
          {
            "x": 136.0,
            "y": 263
          },
          {
            "x": 136.0,
            "y": 264
          },
          {
            "x": 135.0,
            "y": 265
          },
          {
            "x": 135.0,
            "y": 268
          },
          {
            "x": 133.0,
            "y": 270
          },
          {
            "x": 133.0,
            "y": 272
          },
          {
            "x": 132.0,
            "y": 273
          },
          {
            "x": 132.0,
            "y": 274
          },
          {
            "x": 131,
            "y": 275
          },
          {
            "x": 131,
            "y": 279
          },
          {
            "x": 130,
            "y": 280
          },
          {
            "x": 130,
            "y": 281
          },
          {
            "x": 129,
            "y": 282
          },
          {
            "x": 129,
            "y": 284
          },
          {
            "x": 128,
            "y": 285
          },
          {
            "x": 128,
            "y": 286
          },
          {
            "x": 127,
            "y": 287
          },
          {
            "x": 127,
            "y": 290
          },
          {
            "x": 126.0,
            "y": 291
          },
          {
            "x": 126.0,
            "y": 292
          },
          {
            "x": 125.0,
            "y": 293
          },
          {
            "x": 125.0,
            "y": 296
          },
          {
            "x": 124.0,
            "y": 297
          },
          {
            "x": 124.0,
            "y": 298
          },
          {
            "x": 123.0,
            "y": 299
          },
          {
            "x": 123.0,
            "y": 302
          },
          {
            "x": 122.0,
            "y": 303
          },
          {
            "x": 122.0,
            "y": 305
          },
          {
            "x": 121.0,
            "y": 306
          },
          {
            "x": 121.0,
            "y": 312
          },
          {
            "x": 119.0,
            "y": 314
          },
          {
            "x": 119.0,
            "y": 316
          },
          {
            "x": 118.0,
            "y": 317
          },
          {
            "x": 118.0,
            "y": 321
          },
          {
            "x": 117,
            "y": 322
          },
          {
            "x": 117,
            "y": 323
          },
          {
            "x": 116,
            "y": 324
          },
          {
            "x": 116,
            "y": 327
          },
          {
            "x": 115,
            "y": 328
          },
          {
            "x": 115,
            "y": 330
          },
          {
            "x": 114.0,
            "y": 331
          },
          {
            "x": 114.0,
            "y": 334
          },
          {
            "x": 113.0,
            "y": 335
          },
          {
            "x": 113.0,
            "y": 336
          },
          {
            "x": 112.0,
            "y": 337
          },
          {
            "x": 112.0,
            "y": 343
          },
          {
            "x": 113.0,
            "y": 344
          },
          {
            "x": 113.0,
            "y": 345
          },
          {
            "x": 114.0,
            "y": 346
          },
          {
            "x": 114.0,
            "y": 349
          },
          {
            "x": 115,
            "y": 350
          },
          {
            "x": 115,
            "y": 351
          },
          {
            "x": 116,
            "y": 352
          },
          {
            "x": 116,
            "y": 355
          },
          {
            "x": 118.0,
            "y": 357
          },
          {
            "x": 118.0,
            "y": 359
          },
          {
            "x": 119.0,
            "y": 360
          },
          {
            "x": 119.0,
            "y": 361
          },
          {
            "x": 120.0,
            "y": 362
          },
          {
            "x": 120.0,
            "y": 363
          },
          {
            "x": 121.0,
            "y": 364
          },
          {
            "x": 121.0,
            "y": 366
          },
          {
            "x": 122.0,
            "y": 367
          },
          {
            "x": 122.0,
            "y": 371
          },
          {
            "x": 121.0,
            "y": 372
          },
          {
            "x": 121.0,
            "y": 373
          },
          {
            "x": 120.0,
            "y": 374
          },
          {
            "x": 120.0,
            "y": 380
          },
          {
            "x": 119.0,
            "y": 381
          },
          {
            "x": 119.0,
            "y": 384
          },
          {
            "x": 118.0,
            "y": 385
          },
          {
            "x": 118.0,
            "y": 386
          },
          {
            "x": 116,
            "y": 388
          },
          {
            "x": 116,
            "y": 389
          },
          {
            "x": 114.0,
            "y": 391
          },
          {
            "x": 114.0,
            "y": 392
          },
          {
            "x": 113.0,
            "y": 393
          },
          {
            "x": 113.0,
            "y": 394
          },
          {
            "x": 110.0,
            "y": 397
          },
          {
            "x": 110.0,
            "y": 425
          },
          {
            "x": 111.0,
            "y": 426
          },
          {
            "x": 111.0,
            "y": 429
          },
          {
            "x": 113.0,
            "y": 431
          },
          {
            "x": 117,
            "y": 431
          },
          {
            "x": 118.0,
            "y": 430
          },
          {
            "x": 120.0,
            "y": 430
          },
          {
            "x": 120.0,
            "y": 429
          },
          {
            "x": 121.0,
            "y": 428
          },
          {
            "x": 122.0,
            "y": 428
          },
          {
            "x": 122.0,
            "y": 427
          },
          {
            "x": 123.0,
            "y": 426
          },
          {
            "x": 125.0,
            "y": 426
          },
          {
            "x": 126.0,
            "y": 425
          },
          {
            "x": 128,
            "y": 425
          },
          {
            "x": 129,
            "y": 424
          },
          {
            "x": 134.0,
            "y": 424
          },
          {
            "x": 135.0,
            "y": 425
          },
          {
            "x": 136.0,
            "y": 425
          },
          {
            "x": 137.0,
            "y": 426
          },
          {
            "x": 140,
            "y": 426
          },
          {
            "x": 141,
            "y": 427
          },
          {
            "x": 143,
            "y": 427
          },
          {
            "x": 145.0,
            "y": 425
          },
          {
            "x": 145.0,
            "y": 423
          },
          {
            "x": 146.0,
            "y": 422
          },
          {
            "x": 146.0,
            "y": 418
          },
          {
            "x": 148.0,
            "y": 416
          },
          {
            "x": 148.0,
            "y": 412
          },
          {
            "x": 149.0,
            "y": 411
          },
          {
            "x": 149.0,
            "y": 410
          },
          {
            "x": 150,
            "y": 409
          },
          {
            "x": 150,
            "y": 406
          },
          {
            "x": 151,
            "y": 405
          },
          {
            "x": 151,
            "y": 404
          },
          {
            "x": 152,
            "y": 403
          },
          {
            "x": 152,
            "y": 401
          },
          {
            "x": 153,
            "y": 400
          },
          {
            "x": 153,
            "y": 399
          },
          {
            "x": 154,
            "y": 398
          },
          {
            "x": 154,
            "y": 397
          },
          {
            "x": 156.0,
            "y": 395
          },
          {
            "x": 156.0,
            "y": 393
          },
          {
            "x": 157.0,
            "y": 392
          },
          {
            "x": 157.0,
            "y": 391
          },
          {
            "x": 158.0,
            "y": 390
          },
          {
            "x": 158.0,
            "y": 388
          },
          {
            "x": 160.0,
            "y": 386
          },
          {
            "x": 160.0,
            "y": 383
          },
          {
            "x": 162,
            "y": 381
          },
          {
            "x": 162,
            "y": 378
          },
          {
            "x": 163,
            "y": 377
          },
          {
            "x": 163,
            "y": 376
          },
          {
            "x": 164,
            "y": 375
          },
          {
            "x": 164,
            "y": 372
          },
          {
            "x": 165,
            "y": 371
          },
          {
            "x": 165,
            "y": 370
          },
          {
            "x": 166,
            "y": 369
          },
          {
            "x": 166,
            "y": 367
          },
          {
            "x": 167,
            "y": 366
          },
          {
            "x": 167,
            "y": 365
          },
          {
            "x": 168.0,
            "y": 364
          },
          {
            "x": 168.0,
            "y": 360
          },
          {
            "x": 169.0,
            "y": 359
          },
          {
            "x": 169.0,
            "y": 358
          },
          {
            "x": 170.0,
            "y": 357
          },
          {
            "x": 170.0,
            "y": 354
          },
          {
            "x": 172.0,
            "y": 352
          },
          {
            "x": 172.0,
            "y": 349
          },
          {
            "x": 173.0,
            "y": 348
          },
          {
            "x": 173.0,
            "y": 347
          },
          {
            "x": 174,
            "y": 346
          },
          {
            "x": 174,
            "y": 341
          },
          {
            "x": 175,
            "y": 340
          },
          {
            "x": 175,
            "y": 338
          },
          {
            "x": 176,
            "y": 337
          },
          {
            "x": 176,
            "y": 332
          },
          {
            "x": 177,
            "y": 331
          },
          {
            "x": 177,
            "y": 329
          },
          {
            "x": 178,
            "y": 328
          },
          {
            "x": 178,
            "y": 323
          },
          {
            "x": 179,
            "y": 322
          },
          {
            "x": 179,
            "y": 320
          },
          {
            "x": 180.0,
            "y": 319
          },
          {
            "x": 180.0,
            "y": 316
          },
          {
            "x": 181.0,
            "y": 315
          },
          {
            "x": 181.0,
            "y": 313
          },
          {
            "x": 182.0,
            "y": 312
          },
          {
            "x": 182.0,
            "y": 310
          },
          {
            "x": 183.0,
            "y": 309
          },
          {
            "x": 183.0,
            "y": 304
          },
          {
            "x": 184.0,
            "y": 303
          },
          {
            "x": 184.0,
            "y": 301
          },
          {
            "x": 185.0,
            "y": 300
          },
          {
            "x": 185.0,
            "y": 298
          },
          {
            "x": 186,
            "y": 297
          },
          {
            "x": 186,
            "y": 296
          },
          {
            "x": 187,
            "y": 295
          },
          {
            "x": 187,
            "y": 290
          },
          {
            "x": 188,
            "y": 289
          },
          {
            "x": 188,
            "y": 287
          },
          {
            "x": 189,
            "y": 286
          },
          {
            "x": 189,
            "y": 283
          },
          {
            "x": 190,
            "y": 282
          },
          {
            "x": 190,
            "y": 281
          },
          {
            "x": 191,
            "y": 280
          },
          {
            "x": 191,
            "y": 279
          },
          {
            "x": 192.0,
            "y": 278
          },
          {
            "x": 192.0,
            "y": 277
          },
          {
            "x": 193.0,
            "y": 276
          },
          {
            "x": 193.0,
            "y": 274
          },
          {
            "x": 194.0,
            "y": 273
          },
          {
            "x": 194.0,
            "y": 272
          },
          {
            "x": 195.0,
            "y": 271
          },
          {
            "x": 195.0,
            "y": 269
          },
          {
            "x": 196.0,
            "y": 268
          },
          {
            "x": 196.0,
            "y": 267
          },
          {
            "x": 197.0,
            "y": 266
          },
          {
            "x": 197.0,
            "y": 263
          },
          {
            "x": 198.0,
            "y": 262
          },
          {
            "x": 198.0,
            "y": 261
          },
          {
            "x": 199,
            "y": 260
          },
          {
            "x": 199,
            "y": 257
          },
          {
            "x": 200,
            "y": 256
          },
          {
            "x": 200,
            "y": 255
          },
          {
            "x": 201,
            "y": 254
          },
          {
            "x": 201,
            "y": 253
          },
          {
            "x": 202,
            "y": 252
          },
          {
            "x": 202,
            "y": 250
          },
          {
            "x": 203,
            "y": 249
          },
          {
            "x": 203,
            "y": 247
          },
          {
            "x": 206.0,
            "y": 244
          },
          {
            "x": 207.0,
            "y": 244
          },
          {
            "x": 208.0,
            "y": 243
          },
          {
            "x": 214,
            "y": 243
          },
          {
            "x": 215,
            "y": 242
          },
          {
            "x": 216,
            "y": 242
          },
          {
            "x": 217.0,
            "y": 241
          },
          {
            "x": 220.0,
            "y": 241
          },
          {
            "x": 222.0,
            "y": 243
          },
          {
            "x": 223,
            "y": 243
          },
          {
            "x": 224,
            "y": 242
          },
          {
            "x": 226,
            "y": 242
          },
          {
            "x": 227,
            "y": 243
          },
          {
            "x": 229.0,
            "y": 243
          },
          {
            "x": 231.0,
            "y": 245
          },
          {
            "x": 232.0,
            "y": 245
          },
          {
            "x": 234.0,
            "y": 247
          },
          {
            "x": 235,
            "y": 247
          },
          {
            "x": 237,
            "y": 249
          },
          {
            "x": 239,
            "y": 249
          },
          {
            "x": 240,
            "y": 250
          },
          {
            "x": 240,
            "y": 251
          },
          {
            "x": 241.0,
            "y": 252
          },
          {
            "x": 242.0,
            "y": 252
          },
          {
            "x": 244.0,
            "y": 254
          },
          {
            "x": 250,
            "y": 254
          },
          {
            "x": 251,
            "y": 255
          },
          {
            "x": 251,
            "y": 256
          },
          {
            "x": 252,
            "y": 256
          },
          {
            "x": 253.0,
            "y": 257
          },
          {
            "x": 253.0,
            "y": 259
          },
          {
            "x": 254.0,
            "y": 260
          },
          {
            "x": 254.0,
            "y": 261
          },
          {
            "x": 255,
            "y": 262
          },
          {
            "x": 255,
            "y": 264
          },
          {
            "x": 256.0,
            "y": 265
          },
          {
            "x": 256.0,
            "y": 266
          },
          {
            "x": 257,
            "y": 267
          },
          {
            "x": 257,
            "y": 269
          },
          {
            "x": 259,
            "y": 271
          },
          {
            "x": 259,
            "y": 274
          },
          {
            "x": 260.0,
            "y": 275
          },
          {
            "x": 260.0,
            "y": 276
          },
          {
            "x": 261,
            "y": 277
          },
          {
            "x": 261,
            "y": 287
          },
          {
            "x": 262.0,
            "y": 288
          },
          {
            "x": 262.0,
            "y": 292
          },
          {
            "x": 263.0,
            "y": 293
          },
          {
            "x": 263.0,
            "y": 302
          },
          {
            "x": 264,
            "y": 303
          },
          {
            "x": 264,
            "y": 311
          },
          {
            "x": 265.0,
            "y": 312
          },
          {
            "x": 264,
            "y": 313
          },
          {
            "x": 264,
            "y": 315
          },
          {
            "x": 265.0,
            "y": 316
          },
          {
            "x": 265.0,
            "y": 337
          },
          {
            "x": 266,
            "y": 338
          },
          {
            "x": 266,
            "y": 341
          },
          {
            "x": 267.0,
            "y": 342
          },
          {
            "x": 267.0,
            "y": 356
          },
          {
            "x": 268,
            "y": 357
          },
          {
            "x": 268,
            "y": 358
          },
          {
            "x": 269.0,
            "y": 359
          },
          {
            "x": 269.0,
            "y": 361
          },
          {
            "x": 270,
            "y": 362
          },
          {
            "x": 270,
            "y": 363
          },
          {
            "x": 271.0,
            "y": 364
          },
          {
            "x": 271.0,
            "y": 366
          },
          {
            "x": 272,
            "y": 367
          },
          {
            "x": 272,
            "y": 368
          },
          {
            "x": 273.0,
            "y": 369
          },
          {
            "x": 273.0,
            "y": 373
          },
          {
            "x": 274,
            "y": 374
          },
          {
            "x": 274,
            "y": 376
          },
          {
            "x": 275,
            "y": 377
          },
          {
            "x": 275,
            "y": 382
          },
          {
            "x": 276.0,
            "y": 383
          },
          {
            "x": 276.0,
            "y": 388
          },
          {
            "x": 277,
            "y": 389
          },
          {
            "x": 277,
            "y": 403
          },
          {
            "x": 278.0,
            "y": 404
          },
          {
            "x": 278.0,
            "y": 408
          },
          {
            "x": 279,
            "y": 409
          },
          {
            "x": 279,
            "y": 420
          },
          {
            "x": 280.0,
            "y": 421
          },
          {
            "x": 280.0,
            "y": 426
          },
          {
            "x": 281,
            "y": 427
          },
          {
            "x": 281,
            "y": 489.0
          },
          {
            "x": 282.0,
            "y": 489.0
          },
          {
            "x": 282.0,
            "y": 488
          },
          {
            "x": 283,
            "y": 487.0
          },
          {
            "x": 284.0,
            "y": 487.0
          },
          {
            "x": 284.0,
            "y": 486
          },
          {
            "x": 285,
            "y": 485.0
          },
          {
            "x": 285,
            "y": 484
          },
          {
            "x": 286.0,
            "y": 483.0
          },
          {
            "x": 286.0,
            "y": 482
          },
          {
            "x": 287.0,
            "y": 481
          },
          {
            "x": 287.0,
            "y": 480.0
          },
          {
            "x": 288,
            "y": 479
          },
          {
            "x": 288,
            "y": 477
          },
          {
            "x": 290,
            "y": 475
          },
          {
            "x": 290,
            "y": 473
          },
          {
            "x": 292,
            "y": 471
          },
          {
            "x": 294,
            "y": 471
          },
          {
            "x": 295.0,
            "y": 470.0
          },
          {
            "x": 296,
            "y": 470.0
          },
          {
            "x": 297.0,
            "y": 469.0
          },
          {
            "x": 299,
            "y": 469.0
          },
          {
            "x": 303,
            "y": 465.0
          },
          {
            "x": 303,
            "y": 464
          },
          {
            "x": 304.0,
            "y": 463.0
          },
          {
            "x": 304.0,
            "y": 462
          },
          {
            "x": 306.0,
            "y": 460
          },
          {
            "x": 306.0,
            "y": 458
          },
          {
            "x": 308.0,
            "y": 456.0
          },
          {
            "x": 308.0,
            "y": 455
          },
          {
            "x": 310.0,
            "y": 453
          },
          {
            "x": 311.0,
            "y": 453
          },
          {
            "x": 311.0,
            "y": 452.0
          },
          {
            "x": 313.0,
            "y": 450.0
          },
          {
            "x": 313.0,
            "y": 449
          },
          {
            "x": 315.0,
            "y": 447
          },
          {
            "x": 315.0,
            "y": 446.0
          },
          {
            "x": 316,
            "y": 445
          },
          {
            "x": 317.0,
            "y": 445
          },
          {
            "x": 317.0,
            "y": 444
          },
          {
            "x": 319.0,
            "y": 442
          },
          {
            "x": 319.0,
            "y": 441
          },
          {
            "x": 321.0,
            "y": 439
          },
          {
            "x": 321.0,
            "y": 438
          },
          {
            "x": 323.0,
            "y": 436
          },
          {
            "x": 323.0,
            "y": 434
          },
          {
            "x": 325,
            "y": 432
          },
          {
            "x": 325,
            "y": 429
          },
          {
            "x": 326.0,
            "y": 428
          },
          {
            "x": 326.0,
            "y": 427
          },
          {
            "x": 327,
            "y": 426
          },
          {
            "x": 327,
            "y": 424
          },
          {
            "x": 329,
            "y": 422
          },
          {
            "x": 329,
            "y": 417
          },
          {
            "x": 330.0,
            "y": 416
          },
          {
            "x": 330.0,
            "y": 411
          },
          {
            "x": 331,
            "y": 410
          },
          {
            "x": 331,
            "y": 407
          },
          {
            "x": 335,
            "y": 403
          },
          {
            "x": 335,
            "y": 401
          },
          {
            "x": 336,
            "y": 400
          },
          {
            "x": 336,
            "y": 398
          },
          {
            "x": 337.0,
            "y": 397
          },
          {
            "x": 337.0,
            "y": 392
          },
          {
            "x": 339.0,
            "y": 390
          },
          {
            "x": 339.0,
            "y": 389
          },
          {
            "x": 340,
            "y": 388
          },
          {
            "x": 341.0,
            "y": 388
          },
          {
            "x": 341.0,
            "y": 385
          },
          {
            "x": 342,
            "y": 384
          },
          {
            "x": 342,
            "y": 375
          },
          {
            "x": 343.0,
            "y": 374
          },
          {
            "x": 343.0,
            "y": 359
          },
          {
            "x": 344,
            "y": 358
          },
          {
            "x": 344,
            "y": 356
          },
          {
            "x": 345.0,
            "y": 355
          },
          {
            "x": 345.0,
            "y": 348
          },
          {
            "x": 346,
            "y": 347
          },
          {
            "x": 346,
            "y": 342
          },
          {
            "x": 347.0,
            "y": 341
          },
          {
            "x": 347.0,
            "y": 330
          },
          {
            "x": 348.0,
            "y": 329
          },
          {
            "x": 348.0,
            "y": 328
          },
          {
            "x": 349,
            "y": 327
          },
          {
            "x": 349,
            "y": 326
          },
          {
            "x": 350.0,
            "y": 325
          },
          {
            "x": 350.0,
            "y": 324
          },
          {
            "x": 351,
            "y": 323
          },
          {
            "x": 351,
            "y": 306
          },
          {
            "x": 352.0,
            "y": 305
          },
          {
            "x": 352.0,
            "y": 301
          },
          {
            "x": 353,
            "y": 300
          },
          {
            "x": 353,
            "y": 295
          },
          {
            "x": 354.0,
            "y": 294
          },
          {
            "x": 354.0,
            "y": 293
          },
          {
            "x": 355,
            "y": 292
          },
          {
            "x": 355,
            "y": 282
          },
          {
            "x": 356.0,
            "y": 281
          },
          {
            "x": 356.0,
            "y": 279
          },
          {
            "x": 357,
            "y": 278
          },
          {
            "x": 357,
            "y": 277
          },
          {
            "x": 359,
            "y": 275
          },
          {
            "x": 359,
            "y": 274
          },
          {
            "x": 357,
            "y": 272
          },
          {
            "x": 357,
            "y": 269
          },
          {
            "x": 356.0,
            "y": 268
          },
          {
            "x": 356.0,
            "y": 267
          },
          {
            "x": 355,
            "y": 266
          },
          {
            "x": 355,
            "y": 263
          },
          {
            "x": 354.0,
            "y": 263
          },
          {
            "x": 353,
            "y": 262
          },
          {
            "x": 353,
            "y": 260
          },
          {
            "x": 351,
            "y": 258
          },
          {
            "x": 351,
            "y": 257
          },
          {
            "x": 350.0,
            "y": 257
          },
          {
            "x": 349,
            "y": 256
          },
          {
            "x": 349,
            "y": 255
          },
          {
            "x": 347.0,
            "y": 253
          },
          {
            "x": 346,
            "y": 253
          },
          {
            "x": 345.0,
            "y": 252
          },
          {
            "x": 345.0,
            "y": 251
          },
          {
            "x": 344,
            "y": 251
          },
          {
            "x": 343.0,
            "y": 250
          },
          {
            "x": 342,
            "y": 250
          },
          {
            "x": 341.0,
            "y": 249
          },
          {
            "x": 341.0,
            "y": 248
          },
          {
            "x": 340,
            "y": 248
          },
          {
            "x": 339.0,
            "y": 247
          },
          {
            "x": 338,
            "y": 247
          },
          {
            "x": 337.0,
            "y": 246
          },
          {
            "x": 336,
            "y": 246
          },
          {
            "x": 335,
            "y": 245
          },
          {
            "x": 334.0,
            "y": 245
          },
          {
            "x": 333,
            "y": 244
          },
          {
            "x": 329,
            "y": 244
          },
          {
            "x": 328.0,
            "y": 243
          },
          {
            "x": 322,
            "y": 243
          },
          {
            "x": 321.0,
            "y": 242
          },
          {
            "x": 320,
            "y": 242
          },
          {
            "x": 316,
            "y": 238
          },
          {
            "x": 315.0,
            "y": 238
          },
          {
            "x": 313.0,
            "y": 236
          },
          {
            "x": 312,
            "y": 236
          },
          {
            "x": 311.0,
            "y": 235
          },
          {
            "x": 309,
            "y": 235
          },
          {
            "x": 308.0,
            "y": 234
          },
          {
            "x": 307,
            "y": 234
          },
          {
            "x": 306.0,
            "y": 233
          },
          {
            "x": 305,
            "y": 233
          },
          {
            "x": 304.0,
            "y": 232
          },
          {
            "x": 303,
            "y": 232
          },
          {
            "x": 301,
            "y": 230
          },
          {
            "x": 300.0,
            "y": 230
          },
          {
            "x": 298,
            "y": 228
          },
          {
            "x": 297.0,
            "y": 228
          },
          {
            "x": 295.0,
            "y": 226
          },
          {
            "x": 293.0,
            "y": 226
          },
          {
            "x": 291.0,
            "y": 224
          },
          {
            "x": 290,
            "y": 224
          },
          {
            "x": 288,
            "y": 222
          },
          {
            "x": 287.0,
            "y": 222
          },
          {
            "x": 286.0,
            "y": 221
          },
          {
            "x": 285,
            "y": 221
          },
          {
            "x": 284.0,
            "y": 220
          },
          {
            "x": 283,
            "y": 220
          },
          {
            "x": 281,
            "y": 218
          },
          {
            "x": 280.0,
            "y": 218
          },
          {
            "x": 279,
            "y": 217
          },
          {
            "x": 278.0,
            "y": 217
          },
          {
            "x": 277,
            "y": 216
          },
          {
            "x": 273.0,
            "y": 216
          },
          {
            "x": 272,
            "y": 215
          },
          {
            "x": 271.0,
            "y": 215
          },
          {
            "x": 270,
            "y": 214
          },
          {
            "x": 268,
            "y": 214
          },
          {
            "x": 267.0,
            "y": 213
          },
          {
            "x": 266,
            "y": 213
          },
          {
            "x": 265.0,
            "y": 212
          },
          {
            "x": 262.0,
            "y": 212
          },
          {
            "x": 261,
            "y": 213
          },
          {
            "x": 261,
            "y": 221
          },
          {
            "x": 260.0,
            "y": 222
          },
          {
            "x": 260.0,
            "y": 223
          },
          {
            "x": 259,
            "y": 224
          },
          {
            "x": 259,
            "y": 227
          },
          {
            "x": 257,
            "y": 229
          },
          {
            "x": 257,
            "y": 231
          },
          {
            "x": 256.0,
            "y": 232
          },
          {
            "x": 256.0,
            "y": 233
          },
          {
            "x": 254.0,
            "y": 235
          },
          {
            "x": 252,
            "y": 235
          },
          {
            "x": 251,
            "y": 234
          },
          {
            "x": 249,
            "y": 234
          },
          {
            "x": 247,
            "y": 232
          },
          {
            "x": 246.0,
            "y": 232
          },
          {
            "x": 245.0,
            "y": 231
          },
          {
            "x": 245.0,
            "y": 230
          },
          {
            "x": 243.0,
            "y": 228
          },
          {
            "x": 243.0,
            "y": 227
          },
          {
            "x": 241.0,
            "y": 225
          },
          {
            "x": 240,
            "y": 225
          },
          {
            "x": 239,
            "y": 226
          },
          {
            "x": 238,
            "y": 226
          },
          {
            "x": 237,
            "y": 225
          },
          {
            "x": 237,
            "y": 224
          },
          {
            "x": 234.0,
            "y": 224
          },
          {
            "x": 233.0,
            "y": 223
          },
          {
            "x": 231.0,
            "y": 223
          },
          {
            "x": 230.0,
            "y": 222
          },
          {
            "x": 229.0,
            "y": 222
          },
          {
            "x": 228,
            "y": 223
          },
          {
            "x": 226,
            "y": 223
          },
          {
            "x": 225,
            "y": 224
          },
          {
            "x": 221.0,
            "y": 224
          },
          {
            "x": 220.0,
            "y": 225
          },
          {
            "x": 218.0,
            "y": 225
          },
          {
            "x": 217.0,
            "y": 226
          },
          {
            "x": 216,
            "y": 226
          },
          {
            "x": 215,
            "y": 225
          },
          {
            "x": 213,
            "y": 225
          },
          {
            "x": 212,
            "y": 224
          },
          {
            "x": 211,
            "y": 224
          },
          {
            "x": 209.0,
            "y": 222
          },
          {
            "x": 207.0,
            "y": 224
          },
          {
            "x": 205.0,
            "y": 222
          },
          {
            "x": 205.0,
            "y": 220
          },
          {
            "x": 204,
            "y": 220
          },
          {
            "x": 203,
            "y": 219
          },
          {
            "x": 203,
            "y": 218
          },
          {
            "x": 202,
            "y": 218
          },
          {
            "x": 201,
            "y": 217
          },
          {
            "x": 200,
            "y": 217
          },
          {
            "x": 199,
            "y": 216
          },
          {
            "x": 198.0,
            "y": 216
          },
          {
            "x": 197.0,
            "y": 215
          },
          {
            "x": 196.0,
            "y": 215
          },
          {
            "x": 195.0,
            "y": 214
          },
          {
            "x": 193.0,
            "y": 214
          },
          {
            "x": 191,
            "y": 212
          },
          {
            "x": 190,
            "y": 212
          },
          {
            "x": 189,
            "y": 211
          },
          {
            "x": 189,
            "y": 210
          },
          {
            "x": 187,
            "y": 210
          },
          {
            "x": 185.0,
            "y": 212
          },
          {
            "x": 178,
            "y": 212
          },
          {
            "x": 177,
            "y": 211
          },
          {
            "x": 176,
            "y": 212
          }
        ]
      }
    }
  ]
}