{
  "image": {
    "width": 266,
    "height": 400,
    "filename": "00000683.jpg",
    "original_filename": "000083.jpg",
    "url": "https://darwin.v7labs.com/api/images/1211994/original?token=5cea58b9-0f48-4f62-9905-01f97ea9945c",
    "thumbnail_url": "https://darwin.v7labs.com/api/images/1211994/thumbnail?token=5cea58b9-0f48-4f62-9905-01f97ea9945c",
    "workview_url": "https://darwin.v7labs.com/workview?dataset=1161&image=683"
  },
  "dataset": "Fashion retail",
  "annotated": true,
  "annotations": [
    {
      "name": "Blouse Polygon ",
      "polygon": {
        "path": [
          {
            "x": 160.0,
            "y": 86
          },
          {
            "x": 159,
            "y": 85
          },
          {
            "x": 158,
            "y": 85
          },
          {
            "x": 154,
            "y": 81
          },
          {
            "x": 152.0,
            "y": 81
          },
          {
            "x": 151.0,
            "y": 80
          },
          {
            "x": 149,
            "y": 80
          },
          {
            "x": 148.0,
            "y": 79
          },
          {
            "x": 147.0,
            "y": 80
          },
          {
            "x": 146,
            "y": 80
          },
          {
            "x": 147.0,
            "y": 81
          },
          {
            "x": 147.0,
            "y": 83
          },
          {
            "x": 148.0,
            "y": 84
          },
          {
            "x": 148.0,
            "y": 85
          },
          {
            "x": 149,
            "y": 86
          },
          {
            "x": 149,
            "y": 88.0
          },
          {
            "x": 150,
            "y": 89.0
          },
          {
            "x": 150,
            "y": 93
          },
          {
            "x": 151.0,
            "y": 94
          },
          {
            "x": 151.0,
            "y": 97
          },
          {
            "x": 152.0,
            "y": 98
          },
          {
            "x": 152.0,
            "y": 100
          },
          {
            "x": 153.0,
            "y": 101
          },
          {
            "x": 153.0,
            "y": 103
          },
          {
            "x": 154,
            "y": 104
          },
          {
            "x": 154,
            "y": 111
          },
          {
            "x": 153.0,
            "y": 112
          },
          {
            "x": 150,
            "y": 112
          },
          {
            "x": 147.0,
            "y": 109
          },
          {
            "x": 147.0,
            "y": 108
          },
          {
            "x": 146,
            "y": 107
          },
          {
            "x": 146,
            "y": 106
          },
          {
            "x": 143.0,
            "y": 103
          },
          {
            "x": 143.0,
            "y": 102
          },
          {
            "x": 141,
            "y": 100
          },
          {
            "x": 141,
            "y": 96
          },
          {
            "x": 140.0,
            "y": 95
          },
          {
            "x": 140.0,
            "y": 92
          },
          {
            "x": 139.0,
            "y": 91.0
          },
          {
            "x": 139.0,
            "y": 89.0
          },
          {
            "x": 138,
            "y": 88.0
          },
          {
            "x": 138,
            "y": 87
          },
          {
            "x": 137,
            "y": 86
          },
          {
            "x": 137,
            "y": 83
          },
          {
            "x": 136.0,
            "y": 82
          },
          {
            "x": 136.0,
            "y": 81
          },
          {
            "x": 135.0,
            "y": 80
          },
          {
            "x": 129,
            "y": 80
          },
          {
            "x": 128.0,
            "y": 81
          },
          {
            "x": 122.0,
            "y": 81
          },
          {
            "x": 121,
            "y": 82
          },
          {
            "x": 110.0,
            "y": 82
          },
          {
            "x": 109.0,
            "y": 81
          },
          {
            "x": 107.0,
            "y": 81
          },
          {
            "x": 106.0,
            "y": 80
          },
          {
            "x": 105.0,
            "y": 81
          },
          {
            "x": 105.0,
            "y": 85
          },
          {
            "x": 104,
            "y": 86
          },
          {
            "x": 105.0,
            "y": 87
          },
          {
            "x": 105.0,
            "y": 88.0
          },
          {
            "x": 104,
            "y": 89.0
          },
          {
            "x": 104,
            "y": 97
          },
          {
            "x": 105.0,
            "y": 98
          },
          {
            "x": 105.0,
            "y": 106
          },
          {
            "x": 106.0,
            "y": 107
          },
          {
            "x": 105.0,
            "y": 108
          },
          {
            "x": 105.0,
            "y": 112
          },
          {
            "x": 103.0,
            "y": 114.0
          },
          {
            "x": 103.0,
            "y": 115.0
          },
          {
            "x": 102.0,
            "y": 116.0
          },
          {
            "x": 101.0,
            "y": 116.0
          },
          {
            "x": 100,
            "y": 115.0
          },
          {
            "x": 100,
            "y": 114.0
          },
          {
            "x": 99.0,
            "y": 113
          },
          {
            "x": 99.0,
            "y": 107
          },
          {
            "x": 98.0,
            "y": 106
          },
          {
            "x": 98.0,
            "y": 105
          },
          {
            "x": 97.0,
            "y": 104
          },
          {
            "x": 97.0,
            "y": 102
          },
          {
            "x": 96,
            "y": 101
          },
          {
            "x": 96,
            "y": 95
          },
          {
            "x": 95.0,
            "y": 94
          },
          {
            "x": 95.0,
            "y": 91.0
          },
          {
            "x": 94.0,
            "y": 90.0
          },
          {
            "x": 94.0,
            "y": 81
          },
          {
            "x": 92,
            "y": 81
          },
          {
            "x": 91.0,
            "y": 82
          },
          {
            "x": 88.0,
            "y": 82
          },
          {
            "x": 87,
            "y": 83
          },
          {
            "x": 86.0,
            "y": 83
          },
          {
            "x": 85.0,
            "y": 84
          },
          {
            "x": 84.0,
            "y": 84
          },
          {
            "x": 83,
            "y": 85
          },
          {
            "x": 82.0,
            "y": 85
          },
          {
            "x": 77.0,
            "y": 90.0
          },
          {
            "x": 77.0,
            "y": 91.0
          },
          {
            "x": 76.0,
            "y": 92
          },
          {
            "x": 76.0,
            "y": 93
          },
          {
            "x": 75,
            "y": 94
          },
          {
            "x": 75,
            "y": 95
          },
          {
            "x": 74.0,
            "y": 96
          },
          {
            "x": 74.0,
            "y": 97
          },
          {
            "x": 73.0,
            "y": 98
          },
          {
            "x": 73.0,
            "y": 99
          },
          {
            "x": 72.0,
            "y": 100
          },
          {
            "x": 72.0,
            "y": 102
          },
          {
            "x": 71,
            "y": 103
          },
          {
            "x": 71,
            "y": 105
          },
          {
            "x": 70.0,
            "y": 106
          },
          {
            "x": 70.0,
            "y": 109
          },
          {
            "x": 69.0,
            "y": 110
          },
          {
            "x": 69.0,
            "y": 112
          },
          {
            "x": 68.0,
            "y": 113
          },
          {
            "x": 68.0,
            "y": 114.0
          },
          {
            "x": 67,
            "y": 115.0
          },
          {
            "x": 67,
            "y": 121
          },
          {
            "x": 68.0,
            "y": 122
          },
          {
            "x": 68.0,
            "y": 123
          },
          {
            "x": 70.0,
            "y": 125
          },
          {
            "x": 70.0,
            "y": 126
          },
          {
            "x": 71,
            "y": 126
          },
          {
            "x": 71,
            "y": 122
          },
          {
            "x": 72.0,
            "y": 121
          },
          {
            "x": 73.0,
            "y": 121
          },
          {
            "x": 74.0,
            "y": 122
          },
          {
            "x": 75,
            "y": 122
          },
          {
            "x": 77.0,
            "y": 124
          },
          {
            "x": 78.0,
            "y": 124
          },
          {
            "x": 79,
            "y": 125
          },
          {
            "x": 80.0,
            "y": 125
          },
          {
            "x": 83,
            "y": 128
          },
          {
            "x": 84.0,
            "y": 128
          },
          {
            "x": 85.0,
            "y": 129
          },
          {
            "x": 86.0,
            "y": 129
          },
          {
            "x": 90.0,
            "y": 133
          },
          {
            "x": 90.0,
            "y": 150
          },
          {
            "x": 94.0,
            "y": 150
          },
          {
            "x": 95.0,
            "y": 151.0
          },
          {
            "x": 101.0,
            "y": 151.0
          },
          {
            "x": 102.0,
            "y": 150
          },
          {
            "x": 116.0,
            "y": 150
          },
          {
            "x": 117,
            "y": 151.0
          },
          {
            "x": 118.0,
            "y": 151.0
          },
          {
            "x": 119.0,
            "y": 150
          },
          {
            "x": 120.0,
            "y": 150
          },
          {
            "x": 121,
            "y": 151.0
          },
          {
            "x": 126.0,
            "y": 151.0
          },
          {
            "x": 127.0,
            "y": 150
          },
          {
            "x": 134,
            "y": 150
          },
          {
            "x": 135.0,
            "y": 149
          },
          {
            "x": 146,
            "y": 149
          },
          {
            "x": 147.0,
            "y": 150
          },
          {
            "x": 151.0,
            "y": 150
          },
          {
            "x": 151.0,
            "y": 147
          },
          {
            "x": 155.0,
            "y": 143
          },
          {
            "x": 155.0,
            "y": 122
          },
          {
            "x": 156.0,
            "y": 121
          },
          {
            "x": 157.0,
            "y": 121
          },
          {
            "x": 158,
            "y": 120
          },
          {
            "x": 159,
            "y": 120
          },
          {
            "x": 160.0,
            "y": 119
          },
          {
            "x": 164.0,
            "y": 119
          },
          {
            "x": 165.0,
            "y": 120
          },
          {
            "x": 165.0,
            "y": 121
          },
          {
            "x": 166,
            "y": 122
          },
          {
            "x": 166,
            "y": 123
          },
          {
            "x": 171,
            "y": 118
          },
          {
            "x": 171,
            "y": 117
          },
          {
            "x": 172.0,
            "y": 116.0
          },
          {
            "x": 172.0,
            "y": 115.0
          },
          {
            "x": 173.0,
            "y": 114.0
          },
          {
            "x": 173.0,
            "y": 112
          },
          {
            "x": 172.0,
            "y": 111
          },
          {
            "x": 172.0,
            "y": 108
          },
          {
            "x": 171,
            "y": 107
          },
          {
            "x": 171,
            "y": 105
          },
          {
            "x": 170,
            "y": 104
          },
          {
            "x": 170,
            "y": 103
          },
          {
            "x": 169.0,
            "y": 102
          },
          {
            "x": 169.0,
            "y": 101
          },
          {
            "x": 168.0,
            "y": 100
          },
          {
            "x": 168.0,
            "y": 99
          },
          {
            "x": 167,
            "y": 98
          },
          {
            "x": 167,
            "y": 97
          },
          {
            "x": 165.0,
            "y": 95
          },
          {
            "x": 165.0,
            "y": 94
          },
          {
            "x": 164.0,
            "y": 93
          },
          {
            "x": 164.0,
            "y": 92
          },
          {
            "x": 163,
            "y": 91.0
          },
          {
            "x": 163,
            "y": 90.0
          },
          {
            "x": 160.0,
            "y": 87
          }
        ]
      }
    },
    {
      "name": "Skirt Polygon ",
      "polygon": {
        "path": [
          {
            "x": 152.0,
            "y": 146
          },
          {
            "x": 151.0,
            "y": 147
          },
          {
            "x": 149,
            "y": 147
          },
          {
            "x": 148.0,
            "y": 148
          },
          {
            "x": 143.0,
            "y": 148
          },
          {
            "x": 142,
            "y": 149
          },
          {
            "x": 126.0,
            "y": 149
          },
          {
            "x": 125,
            "y": 150
          },
          {
            "x": 118.0,
            "y": 150
          },
          {
            "x": 117,
            "y": 151.0
          },
          {
            "x": 111.0,
            "y": 151.0
          },
          {
            "x": 110.0,
            "y": 150
          },
          {
            "x": 101.0,
            "y": 150
          },
          {
            "x": 100,
            "y": 151.0
          },
          {
            "x": 93.0,
            "y": 151.0
          },
          {
            "x": 92,
            "y": 150
          },
          {
            "x": 89.0,
            "y": 150
          },
          {
            "x": 88.0,
            "y": 151.0
          },
          {
            "x": 88.0,
            "y": 152
          },
          {
            "x": 93.0,
            "y": 152
          },
          {
            "x": 94.0,
            "y": 153.0
          },
          {
            "x": 94.0,
            "y": 156
          },
          {
            "x": 93.0,
            "y": 157.0
          },
          {
            "x": 93.0,
            "y": 159
          },
          {
            "x": 91.0,
            "y": 161
          },
          {
            "x": 88.0,
            "y": 161
          },
          {
            "x": 88.0,
            "y": 163
          },
          {
            "x": 87,
            "y": 164
          },
          {
            "x": 87,
            "y": 170
          },
          {
            "x": 86.0,
            "y": 171
          },
          {
            "x": 86.0,
            "y": 174
          },
          {
            "x": 85.0,
            "y": 175
          },
          {
            "x": 85.0,
            "y": 196
          },
          {
            "x": 86.0,
            "y": 197
          },
          {
            "x": 86.0,
            "y": 199
          },
          {
            "x": 87,
            "y": 200
          },
          {
            "x": 87,
            "y": 202
          },
          {
            "x": 88.0,
            "y": 203.0
          },
          {
            "x": 88.0,
            "y": 216
          },
          {
            "x": 87,
            "y": 217
          },
          {
            "x": 85.0,
            "y": 217
          },
          {
            "x": 84.0,
            "y": 218
          },
          {
            "x": 83,
            "y": 218
          },
          {
            "x": 82.0,
            "y": 219
          },
          {
            "x": 82.0,
            "y": 221
          },
          {
            "x": 79,
            "y": 224
          },
          {
            "x": 76.0,
            "y": 224
          },
          {
            "x": 76.0,
            "y": 225
          },
          {
            "x": 75,
            "y": 226
          },
          {
            "x": 75,
            "y": 239
          },
          {
            "x": 74.0,
            "y": 240
          },
          {
            "x": 74.0,
            "y": 254
          },
          {
            "x": 73.0,
            "y": 255.0
          },
          {
            "x": 73.0,
            "y": 258
          },
          {
            "x": 72.0,
            "y": 259
          },
          {
            "x": 72.0,
            "y": 274
          },
          {
            "x": 71,
            "y": 275
          },
          {
            "x": 71,
            "y": 277
          },
          {
            "x": 70.0,
            "y": 278
          },
          {
            "x": 70.0,
            "y": 285
          },
          {
            "x": 69.0,
            "y": 286
          },
          {
            "x": 69.0,
            "y": 289
          },
          {
            "x": 70.0,
            "y": 290
          },
          {
            "x": 70.0,
            "y": 291
          },
          {
            "x": 71,
            "y": 291
          },
          {
            "x": 72.0,
            "y": 292
          },
          {
            "x": 74.0,
            "y": 292
          },
          {
            "x": 75,
            "y": 293
          },
          {
            "x": 76.0,
            "y": 293
          },
          {
            "x": 77.0,
            "y": 294
          },
          {
            "x": 88.0,
            "y": 294
          },
          {
            "x": 89.0,
            "y": 295
          },
          {
            "x": 101.0,
            "y": 295
          },
          {
            "x": 102.0,
            "y": 296
          },
          {
            "x": 105.0,
            "y": 296
          },
          {
            "x": 106.0,
            "y": 297
          },
          {
            "x": 107.0,
            "y": 297
          },
          {
            "x": 111.0,
            "y": 301
          },
          {
            "x": 114.0,
            "y": 301
          },
          {
            "x": 115.0,
            "y": 300
          },
          {
            "x": 117,
            "y": 300
          },
          {
            "x": 119.0,
            "y": 298
          },
          {
            "x": 136.0,
            "y": 298
          },
          {
            "x": 137,
            "y": 299
          },
          {
            "x": 138,
            "y": 299
          },
          {
            "x": 139.0,
            "y": 300
          },
          {
            "x": 144.0,
            "y": 300
          },
          {
            "x": 145,
            "y": 301
          },
          {
            "x": 148.0,
            "y": 301
          },
          {
            "x": 149,
            "y": 300
          },
          {
            "x": 153.0,
            "y": 300
          },
          {
            "x": 154,
            "y": 299
          },
          {
            "x": 155.0,
            "y": 299
          },
          {
            "x": 156.0,
            "y": 298
          },
          {
            "x": 157.0,
            "y": 298
          },
          {
            "x": 158,
            "y": 297
          },
          {
            "x": 160.0,
            "y": 297
          },
          {
            "x": 161.0,
            "y": 296
          },
          {
            "x": 163,
            "y": 296
          },
          {
            "x": 164.0,
            "y": 295
          },
          {
            "x": 167,
            "y": 295
          },
          {
            "x": 168.0,
            "y": 294
          },
          {
            "x": 171,
            "y": 294
          },
          {
            "x": 172.0,
            "y": 293
          },
          {
            "x": 174,
            "y": 293
          },
          {
            "x": 175,
            "y": 292
          },
          {
            "x": 176.0,
            "y": 292
          },
          {
            "x": 177.0,
            "y": 291
          },
          {
            "x": 178.0,
            "y": 291
          },
          {
            "x": 179,
            "y": 290
          },
          {
            "x": 180.0,
            "y": 290
          },
          {
            "x": 182.0,
            "y": 288
          },
          {
            "x": 184,
            "y": 288
          },
          {
            "x": 187,
            "y": 285
          },
          {
            "x": 187,
            "y": 282
          },
          {
            "x": 186.0,
            "y": 281
          },
          {
            "x": 186.0,
            "y": 277
          },
          {
            "x": 185.0,
            "y": 276
          },
          {
            "x": 185.0,
            "y": 270
          },
          {
            "x": 184,
            "y": 269
          },
          {
            "x": 184,
            "y": 267
          },
          {
            "x": 183,
            "y": 266
          },
          {
            "x": 183,
            "y": 262
          },
          {
            "x": 182.0,
            "y": 261
          },
          {
            "x": 182.0,
            "y": 258
          },
          {
            "x": 181.0,
            "y": 257
          },
          {
            "x": 181.0,
            "y": 254
          },
          {
            "x": 180.0,
            "y": 253.0
          },
          {
            "x": 180.0,
            "y": 251
          },
          {
            "x": 179,
            "y": 250
          },
          {
            "x": 179,
            "y": 248
          },
          {
            "x": 178.0,
            "y": 247
          },
          {
            "x": 178.0,
            "y": 244
          },
          {
            "x": 177.0,
            "y": 243
          },
          {
            "x": 177.0,
            "y": 241
          },
          {
            "x": 176.0,
            "y": 240
          },
          {
            "x": 176.0,
            "y": 236
          },
          {
            "x": 175,
            "y": 235
          },
          {
            "x": 175,
            "y": 232.0
          },
          {
            "x": 174,
            "y": 231
          },
          {
            "x": 174,
            "y": 229
          },
          {
            "x": 173.0,
            "y": 228.0
          },
          {
            "x": 173.0,
            "y": 225
          },
          {
            "x": 172.0,
            "y": 224
          },
          {
            "x": 172.0,
            "y": 215
          },
          {
            "x": 170,
            "y": 213
          },
          {
            "x": 170,
            "y": 207.0
          },
          {
            "x": 169.0,
            "y": 206
          },
          {
            "x": 169.0,
            "y": 204
          },
          {
            "x": 168.0,
            "y": 203.0
          },
          {
            "x": 168.0,
            "y": 201
          },
          {
            "x": 167,
            "y": 200
          },
          {
            "x": 167,
            "y": 195
          },
          {
            "x": 166,
            "y": 194
          },
          {
            "x": 166,
            "y": 190
          },
          {
            "x": 165.0,
            "y": 189
          },
          {
            "x": 165.0,
            "y": 184
          },
          {
            "x": 164.0,
            "y": 183
          },
          {
            "x": 164.0,
            "y": 179
          },
          {
            "x": 163,
            "y": 178.0
          },
          {
            "x": 163,
            "y": 176.0
          },
          {
            "x": 162,
            "y": 175
          },
          {
            "x": 162,
            "y": 174
          },
          {
            "x": 161.0,
            "y": 173
          },
          {
            "x": 161.0,
            "y": 172
          },
          {
            "x": 160.0,
            "y": 171
          },
          {
            "x": 160.0,
            "y": 168
          },
          {
            "x": 159,
            "y": 167
          },
          {
            "x": 159,
            "y": 165
          },
          {
            "x": 158,
            "y": 164
          },
          {
            "x": 158,
            "y": 163
          },
          {
            "x": 157.0,
            "y": 162
          },
          {
            "x": 157.0,
            "y": 160
          },
          {
            "x": 156.0,
            "y": 159
          },
          {
            "x": 156.0,
            "y": 158
          },
          {
            "x": 155.0,
            "y": 157.0
          },
          {
            "x": 155.0,
            "y": 155.0
          },
          {
            "x": 154,
            "y": 154
          },
          {
            "x": 154,
            "y": 152
          },
          {
            "x": 153.0,
            "y": 151.0
          },
          {
            "x": 153.0,
            "y": 147
          }
        ]
      }
    }
  ]
}