{
  "image": {
    "width": 500,
    "height": 750,
    "filename": "00000659.jpg",
    "original_filename": "000059.jpg",
    "url": "https://darwin.v7labs.com/api/images/1211970/original?token=5cea58b9-0f48-4f62-9905-01f97ea9945c",
    "thumbnail_url": "https://darwin.v7labs.com/api/images/1211970/thumbnail?token=5cea58b9-0f48-4f62-9905-01f97ea9945c",
    "workview_url": "https://darwin.v7labs.com/workview?dataset=1161&image=659"
  },
  "dataset": "Fashion retail",
  "annotated": true,
  "annotations": [
    {
      "name": "Jacket",
      "polygon": {
        "path": [
          {
            "x": 128,
            "y": 240.0
          },
          {
            "x": 128,
            "y": 241
          },
          {
            "x": 124.0,
            "y": 245
          },
          {
            "x": 123.0,
            "y": 245
          },
          {
            "x": 122.0,
            "y": 246
          },
          {
            "x": 122.0,
            "y": 247
          },
          {
            "x": 121.0,
            "y": 248
          },
          {
            "x": 121.0,
            "y": 250
          },
          {
            "x": 120.0,
            "y": 251
          },
          {
            "x": 120.0,
            "y": 252
          },
          {
            "x": 119.0,
            "y": 253
          },
          {
            "x": 119.0,
            "y": 255
          },
          {
            "x": 118,
            "y": 256
          },
          {
            "x": 118,
            "y": 258
          },
          {
            "x": 117.0,
            "y": 259
          },
          {
            "x": 117.0,
            "y": 261
          },
          {
            "x": 116.0,
            "y": 262
          },
          {
            "x": 116.0,
            "y": 264
          },
          {
            "x": 115,
            "y": 265
          },
          {
            "x": 115,
            "y": 266
          },
          {
            "x": 114.0,
            "y": 267
          },
          {
            "x": 114.0,
            "y": 268
          },
          {
            "x": 113.0,
            "y": 269
          },
          {
            "x": 113.0,
            "y": 271
          },
          {
            "x": 112.0,
            "y": 272
          },
          {
            "x": 112.0,
            "y": 275
          },
          {
            "x": 111.0,
            "y": 276
          },
          {
            "x": 111.0,
            "y": 278
          },
          {
            "x": 110.0,
            "y": 279
          },
          {
            "x": 110.0,
            "y": 282
          },
          {
            "x": 109.0,
            "y": 283
          },
          {
            "x": 109.0,
            "y": 286
          },
          {
            "x": 108.0,
            "y": 287
          },
          {
            "x": 108.0,
            "y": 291
          },
          {
            "x": 107.0,
            "y": 292
          },
          {
            "x": 106.0,
            "y": 292
          },
          {
            "x": 106.0,
            "y": 294
          },
          {
            "x": 105,
            "y": 295
          },
          {
            "x": 105,
            "y": 297
          },
          {
            "x": 104.0,
            "y": 298
          },
          {
            "x": 104.0,
            "y": 301
          },
          {
            "x": 103.0,
            "y": 302
          },
          {
            "x": 103.0,
            "y": 305
          },
          {
            "x": 102.0,
            "y": 306.0
          },
          {
            "x": 102.0,
            "y": 311.0
          },
          {
            "x": 101.0,
            "y": 312
          },
          {
            "x": 101.0,
            "y": 315
          },
          {
            "x": 100.0,
            "y": 316
          },
          {
            "x": 100.0,
            "y": 319
          },
          {
            "x": 99.0,
            "y": 320
          },
          {
            "x": 99.0,
            "y": 325
          },
          {
            "x": 98.0,
            "y": 326
          },
          {
            "x": 98.0,
            "y": 330
          },
          {
            "x": 97.0,
            "y": 331
          },
          {
            "x": 97.0,
            "y": 333
          },
          {
            "x": 96.0,
            "y": 334.0
          },
          {
            "x": 96.0,
            "y": 338
          },
          {
            "x": 95,
            "y": 339
          },
          {
            "x": 95,
            "y": 344
          },
          {
            "x": 94.0,
            "y": 345
          },
          {
            "x": 94.0,
            "y": 348
          },
          {
            "x": 93.0,
            "y": 349
          },
          {
            "x": 93.0,
            "y": 352.0
          },
          {
            "x": 92,
            "y": 353
          },
          {
            "x": 92,
            "y": 356
          },
          {
            "x": 91.0,
            "y": 357.0
          },
          {
            "x": 91.0,
            "y": 361
          },
          {
            "x": 90.0,
            "y": 362
          },
          {
            "x": 89.0,
            "y": 362
          },
          {
            "x": 89.0,
            "y": 364
          },
          {
            "x": 88.0,
            "y": 365
          },
          {
            "x": 88.0,
            "y": 368
          },
          {
            "x": 87.0,
            "y": 369
          },
          {
            "x": 87.0,
            "y": 373
          },
          {
            "x": 86.0,
            "y": 374
          },
          {
            "x": 86.0,
            "y": 379
          },
          {
            "x": 85.0,
            "y": 380
          },
          {
            "x": 85.0,
            "y": 384
          },
          {
            "x": 84.0,
            "y": 385
          },
          {
            "x": 84.0,
            "y": 389
          },
          {
            "x": 83.0,
            "y": 390
          },
          {
            "x": 83.0,
            "y": 395
          },
          {
            "x": 82,
            "y": 396
          },
          {
            "x": 82,
            "y": 399
          },
          {
            "x": 81.0,
            "y": 400
          },
          {
            "x": 81.0,
            "y": 401
          },
          {
            "x": 80.0,
            "y": 402
          },
          {
            "x": 80.0,
            "y": 404
          },
          {
            "x": 79.0,
            "y": 405
          },
          {
            "x": 79.0,
            "y": 407
          },
          {
            "x": 78.0,
            "y": 408
          },
          {
            "x": 78.0,
            "y": 411.0
          },
          {
            "x": 77.0,
            "y": 412
          },
          {
            "x": 77.0,
            "y": 414
          },
          {
            "x": 76.0,
            "y": 415
          },
          {
            "x": 76.0,
            "y": 418
          },
          {
            "x": 75.0,
            "y": 419
          },
          {
            "x": 75.0,
            "y": 424
          },
          {
            "x": 74.0,
            "y": 425
          },
          {
            "x": 74.0,
            "y": 436
          },
          {
            "x": 73.0,
            "y": 437
          },
          {
            "x": 72.0,
            "y": 437
          },
          {
            "x": 72.0,
            "y": 443
          },
          {
            "x": 71.0,
            "y": 444
          },
          {
            "x": 71.0,
            "y": 453
          },
          {
            "x": 72.0,
            "y": 454
          },
          {
            "x": 72.0,
            "y": 456
          },
          {
            "x": 73.0,
            "y": 456
          },
          {
            "x": 74.0,
            "y": 457.0
          },
          {
            "x": 74.0,
            "y": 459
          },
          {
            "x": 75.0,
            "y": 460
          },
          {
            "x": 75.0,
            "y": 461
          },
          {
            "x": 76.0,
            "y": 462.0
          },
          {
            "x": 76.0,
            "y": 463
          },
          {
            "x": 77.0,
            "y": 464
          },
          {
            "x": 77.0,
            "y": 465
          },
          {
            "x": 78.0,
            "y": 466
          },
          {
            "x": 78.0,
            "y": 467
          },
          {
            "x": 79.0,
            "y": 468
          },
          {
            "x": 79.0,
            "y": 469
          },
          {
            "x": 80.0,
            "y": 470
          },
          {
            "x": 80.0,
            "y": 471
          },
          {
            "x": 84.0,
            "y": 475.0
          },
          {
            "x": 84.0,
            "y": 476
          },
          {
            "x": 89.0,
            "y": 481
          },
          {
            "x": 91.0,
            "y": 481
          },
          {
            "x": 95,
            "y": 485.0
          },
          {
            "x": 96.0,
            "y": 485.0
          },
          {
            "x": 100.0,
            "y": 489
          },
          {
            "x": 101.0,
            "y": 489
          },
          {
            "x": 103.0,
            "y": 491
          },
          {
            "x": 104.0,
            "y": 491
          },
          {
            "x": 105,
            "y": 492
          },
          {
            "x": 105,
            "y": 493
          },
          {
            "x": 107.0,
            "y": 493
          },
          {
            "x": 108.0,
            "y": 494
          },
          {
            "x": 110.0,
            "y": 494
          },
          {
            "x": 111.0,
            "y": 495
          },
          {
            "x": 113.0,
            "y": 495
          },
          {
            "x": 114.0,
            "y": 496
          },
          {
            "x": 115,
            "y": 496
          },
          {
            "x": 116.0,
            "y": 497
          },
          {
            "x": 117.0,
            "y": 497
          },
          {
            "x": 118,
            "y": 498.0
          },
          {
            "x": 119.0,
            "y": 498.0
          },
          {
            "x": 121.0,
            "y": 500
          },
          {
            "x": 122.0,
            "y": 500
          },
          {
            "x": 123.0,
            "y": 501
          },
          {
            "x": 125.0,
            "y": 501
          },
          {
            "x": 126.0,
            "y": 502
          },
          {
            "x": 127.0,
            "y": 502
          },
          {
            "x": 128,
            "y": 503.0
          },
          {
            "x": 129.0,
            "y": 503.0
          },
          {
            "x": 130.0,
            "y": 504
          },
          {
            "x": 131,
            "y": 504
          },
          {
            "x": 132.0,
            "y": 505
          },
          {
            "x": 133.0,
            "y": 505
          },
          {
            "x": 134.0,
            "y": 506
          },
          {
            "x": 136.0,
            "y": 506
          },
          {
            "x": 137.0,
            "y": 507
          },
          {
            "x": 138,
            "y": 507
          },
          {
            "x": 139.0,
            "y": 508
          },
          {
            "x": 142.0,
            "y": 508
          },
          {
            "x": 143.0,
            "y": 509
          },
          {
            "x": 143.0,
            "y": 510
          },
          {
            "x": 144.0,
            "y": 511
          },
          {
            "x": 144.0,
            "y": 512
          },
          {
            "x": 145.0,
            "y": 513
          },
          {
            "x": 145.0,
            "y": 515
          },
          {
            "x": 144.0,
            "y": 516
          },
          {
            "x": 144.0,
            "y": 519
          },
          {
            "x": 143.0,
            "y": 520
          },
          {
            "x": 143.0,
            "y": 525
          },
          {
            "x": 144.0,
            "y": 526
          },
          {
            "x": 144.0,
            "y": 529
          },
          {
            "x": 145.0,
            "y": 530
          },
          {
            "x": 145.0,
            "y": 537
          },
          {
            "x": 144.0,
            "y": 538
          },
          {
            "x": 144.0,
            "y": 542
          },
          {
            "x": 143.0,
            "y": 543
          },
          {
            "x": 143.0,
            "y": 545
          },
          {
            "x": 142.0,
            "y": 546
          },
          {
            "x": 142.0,
            "y": 547
          },
          {
            "x": 141,
            "y": 548
          },
          {
            "x": 140.0,
            "y": 548
          },
          {
            "x": 139.0,
            "y": 549
          },
          {
            "x": 139.0,
            "y": 550
          },
          {
            "x": 138,
            "y": 551
          },
          {
            "x": 138,
            "y": 557
          },
          {
            "x": 139.0,
            "y": 558
          },
          {
            "x": 139.0,
            "y": 565
          },
          {
            "x": 140.0,
            "y": 566
          },
          {
            "x": 140.0,
            "y": 637
          },
          {
            "x": 141,
            "y": 637
          },
          {
            "x": 142.0,
            "y": 638
          },
          {
            "x": 142.0,
            "y": 667
          },
          {
            "x": 143.0,
            "y": 668.0
          },
          {
            "x": 143.0,
            "y": 683
          },
          {
            "x": 142.0,
            "y": 684
          },
          {
            "x": 142.0,
            "y": 697
          },
          {
            "x": 143.0,
            "y": 698
          },
          {
            "x": 143.0,
            "y": 700
          },
          {
            "x": 144.0,
            "y": 701
          },
          {
            "x": 144.0,
            "y": 702
          },
          {
            "x": 145.0,
            "y": 703
          },
          {
            "x": 145.0,
            "y": 704.0
          },
          {
            "x": 151,
            "y": 710
          },
          {
            "x": 158.0,
            "y": 710
          },
          {
            "x": 158.0,
            "y": 709
          },
          {
            "x": 162.0,
            "y": 705
          },
          {
            "x": 162.0,
            "y": 704.0
          },
          {
            "x": 164,
            "y": 702
          },
          {
            "x": 164,
            "y": 701
          },
          {
            "x": 166.0,
            "y": 699
          },
          {
            "x": 166.0,
            "y": 698
          },
          {
            "x": 167.0,
            "y": 697
          },
          {
            "x": 167.0,
            "y": 693
          },
          {
            "x": 168.0,
            "y": 692
          },
          {
            "x": 168.0,
            "y": 690
          },
          {
            "x": 169.0,
            "y": 689
          },
          {
            "x": 169.0,
            "y": 686
          },
          {
            "x": 170.0,
            "y": 685
          },
          {
            "x": 170.0,
            "y": 682
          },
          {
            "x": 171,
            "y": 681.0
          },
          {
            "x": 171,
            "y": 677
          },
          {
            "x": 172.0,
            "y": 676
          },
          {
            "x": 172.0,
            "y": 674
          },
          {
            "x": 173.0,
            "y": 673
          },
          {
            "x": 174,
            "y": 673
          },
          {
            "x": 174,
            "y": 672
          },
          {
            "x": 175.0,
            "y": 671
          },
          {
            "x": 175.0,
            "y": 668.0
          },
          {
            "x": 176.0,
            "y": 667
          },
          {
            "x": 176.0,
            "y": 664
          },
          {
            "x": 177,
            "y": 663
          },
          {
            "x": 177,
            "y": 660
          },
          {
            "x": 178.0,
            "y": 659
          },
          {
            "x": 178.0,
            "y": 658.0
          },
          {
            "x": 179.0,
            "y": 657
          },
          {
            "x": 179.0,
            "y": 655
          },
          {
            "x": 180.0,
            "y": 654
          },
          {
            "x": 180.0,
            "y": 652
          },
          {
            "x": 181.0,
            "y": 651
          },
          {
            "x": 181.0,
            "y": 650
          },
          {
            "x": 182.0,
            "y": 649
          },
          {
            "x": 182.0,
            "y": 648
          },
          {
            "x": 183.0,
            "y": 647
          },
          {
            "x": 183.0,
            "y": 644
          },
          {
            "x": 184,
            "y": 643
          },
          {
            "x": 184,
            "y": 641
          },
          {
            "x": 185.0,
            "y": 640
          },
          {
            "x": 185.0,
            "y": 639
          },
          {
            "x": 186.0,
            "y": 638
          },
          {
            "x": 186.0,
            "y": 636
          },
          {
            "x": 187,
            "y": 635.0
          },
          {
            "x": 187,
            "y": 634
          },
          {
            "x": 188.0,
            "y": 633
          },
          {
            "x": 188.0,
            "y": 631
          },
          {
            "x": 189.0,
            "y": 630
          },
          {
            "x": 189.0,
            "y": 629
          },
          {
            "x": 190,
            "y": 628
          },
          {
            "x": 191.0,
            "y": 628
          },
          {
            "x": 191.0,
            "y": 626
          },
          {
            "x": 192.0,
            "y": 625
          },
          {
            "x": 192.0,
            "y": 623
          },
          {
            "x": 193.0,
            "y": 622.0
          },
          {
            "x": 193.0,
            "y": 621
          },
          {
            "x": 194,
            "y": 620
          },
          {
            "x": 194,
            "y": 619
          },
          {
            "x": 195.0,
            "y": 618
          },
          {
            "x": 195.0,
            "y": 617
          },
          {
            "x": 196.0,
            "y": 616
          },
          {
            "x": 196.0,
            "y": 615
          },
          {
            "x": 198.0,
            "y": 613
          },
          {
            "x": 198.0,
            "y": 612.0
          },
          {
            "x": 199.0,
            "y": 611
          },
          {
            "x": 199.0,
            "y": 610
          },
          {
            "x": 200,
            "y": 609
          },
          {
            "x": 200,
            "y": 608
          },
          {
            "x": 201.0,
            "y": 607
          },
          {
            "x": 201.0,
            "y": 606
          },
          {
            "x": 202.0,
            "y": 605
          },
          {
            "x": 202.0,
            "y": 604
          },
          {
            "x": 203.0,
            "y": 603
          },
          {
            "x": 203.0,
            "y": 602
          },
          {
            "x": 204.0,
            "y": 601
          },
          {
            "x": 204.0,
            "y": 600
          },
          {
            "x": 205.0,
            "y": 599.0
          },
          {
            "x": 205.0,
            "y": 598
          },
          {
            "x": 206.0,
            "y": 597
          },
          {
            "x": 206.0,
            "y": 596
          },
          {
            "x": 207,
            "y": 595
          },
          {
            "x": 208.0,
            "y": 595
          },
          {
            "x": 209.0,
            "y": 594
          },
          {
            "x": 209.0,
            "y": 592
          },
          {
            "x": 210,
            "y": 591
          },
          {
            "x": 210,
            "y": 590
          },
          {
            "x": 211.0,
            "y": 589.0
          },
          {
            "x": 211.0,
            "y": 588
          },
          {
            "x": 213,
            "y": 586.0
          },
          {
            "x": 213,
            "y": 585
          },
          {
            "x": 215.0,
            "y": 583
          },
          {
            "x": 215.0,
            "y": 582
          },
          {
            "x": 216.0,
            "y": 581
          },
          {
            "x": 216.0,
            "y": 580
          },
          {
            "x": 217.0,
            "y": 579
          },
          {
            "x": 217.0,
            "y": 578
          },
          {
            "x": 218.0,
            "y": 577
          },
          {
            "x": 218.0,
            "y": 574
          },
          {
            "x": 219.0,
            "y": 573
          },
          {
            "x": 219.0,
            "y": 572
          },
          {
            "x": 220,
            "y": 571
          },
          {
            "x": 220,
            "y": 570
          },
          {
            "x": 221.0,
            "y": 569
          },
          {
            "x": 221.0,
            "y": 568
          },
          {
            "x": 222.0,
            "y": 567
          },
          {
            "x": 222.0,
            "y": 566
          },
          {
            "x": 223,
            "y": 565
          },
          {
            "x": 223,
            "y": 564
          },
          {
            "x": 224.0,
            "y": 563
          },
          {
            "x": 225.0,
            "y": 563
          },
          {
            "x": 225.0,
            "y": 562
          },
          {
            "x": 226.0,
            "y": 561
          },
          {
            "x": 226.0,
            "y": 559
          },
          {
            "x": 227.0,
            "y": 558
          },
          {
            "x": 227.0,
            "y": 556
          },
          {
            "x": 233,
            "y": 550
          },
          {
            "x": 234.0,
            "y": 550
          },
          {
            "x": 235.0,
            "y": 549
          },
          {
            "x": 237.0,
            "y": 549
          },
          {
            "x": 238.0,
            "y": 548
          },
          {
            "x": 249.0,
            "y": 548
          },
          {
            "x": 250.0,
            "y": 549
          },
          {
            "x": 252.0,
            "y": 549
          },
          {
            "x": 253,
            "y": 550
          },
          {
            "x": 256,
            "y": 550
          },
          {
            "x": 257.0,
            "y": 551
          },
          {
            "x": 260,
            "y": 551
          },
          {
            "x": 261.0,
            "y": 552
          },
          {
            "x": 263,
            "y": 552
          },
          {
            "x": 264.0,
            "y": 553
          },
          {
            "x": 266,
            "y": 553
          },
          {
            "x": 267.0,
            "y": 554
          },
          {
            "x": 269,
            "y": 554
          },
          {
            "x": 270.0,
            "y": 555
          },
          {
            "x": 273,
            "y": 555
          },
          {
            "x": 274.0,
            "y": 556
          },
          {
            "x": 276,
            "y": 556
          },
          {
            "x": 277.0,
            "y": 557
          },
          {
            "x": 279,
            "y": 557
          },
          {
            "x": 280.0,
            "y": 558
          },
          {
            "x": 288.0,
            "y": 558
          },
          {
            "x": 289,
            "y": 559
          },
          {
            "x": 289,
            "y": 560
          },
          {
            "x": 318,
            "y": 560
          },
          {
            "x": 318,
            "y": 559
          },
          {
            "x": 319,
            "y": 558
          },
          {
            "x": 321,
            "y": 558
          },
          {
            "x": 322,
            "y": 557
          },
          {
            "x": 324.0,
            "y": 557
          },
          {
            "x": 325,
            "y": 556
          },
          {
            "x": 326.0,
            "y": 556
          },
          {
            "x": 329.0,
            "y": 559
          },
          {
            "x": 329.0,
            "y": 560
          },
          {
            "x": 330.0,
            "y": 561
          },
          {
            "x": 330.0,
            "y": 562
          },
          {
            "x": 331,
            "y": 563
          },
          {
            "x": 331,
            "y": 565
          },
          {
            "x": 332,
            "y": 566
          },
          {
            "x": 332,
            "y": 569
          },
          {
            "x": 333.0,
            "y": 570
          },
          {
            "x": 333.0,
            "y": 572
          },
          {
            "x": 334.0,
            "y": 573
          },
          {
            "x": 334.0,
            "y": 574
          },
          {
            "x": 335,
            "y": 575
          },
          {
            "x": 335,
            "y": 578
          },
          {
            "x": 336.0,
            "y": 579
          },
          {
            "x": 336.0,
            "y": 582
          },
          {
            "x": 337.0,
            "y": 583
          },
          {
            "x": 337.0,
            "y": 586.0
          },
          {
            "x": 338,
            "y": 587
          },
          {
            "x": 338,
            "y": 590
          },
          {
            "x": 339.0,
            "y": 591
          },
          {
            "x": 339.0,
            "y": 595
          },
          {
            "x": 340.0,
            "y": 596
          },
          {
            "x": 340.0,
            "y": 599.0
          },
          {
            "x": 341,
            "y": 600
          },
          {
            "x": 341,
            "y": 602
          },
          {
            "x": 342,
            "y": 603
          },
          {
            "x": 342,
            "y": 606
          },
          {
            "x": 343.0,
            "y": 606
          },
          {
            "x": 344,
            "y": 607
          },
          {
            "x": 344,
            "y": 609
          },
          {
            "x": 345,
            "y": 610
          },
          {
            "x": 345,
            "y": 614
          },
          {
            "x": 346.0,
            "y": 615
          },
          {
            "x": 346.0,
            "y": 617
          },
          {
            "x": 347.0,
            "y": 618
          },
          {
            "x": 347.0,
            "y": 620
          },
          {
            "x": 348,
            "y": 621
          },
          {
            "x": 348,
            "y": 623
          },
          {
            "x": 349.0,
            "y": 624
          },
          {
            "x": 349.0,
            "y": 625
          },
          {
            "x": 350.0,
            "y": 626
          },
          {
            "x": 350.0,
            "y": 629
          },
          {
            "x": 351,
            "y": 630
          },
          {
            "x": 351,
            "y": 632
          },
          {
            "x": 352.0,
            "y": 633
          },
          {
            "x": 352.0,
            "y": 635.0
          },
          {
            "x": 353.0,
            "y": 636
          },
          {
            "x": 353.0,
            "y": 637
          },
          {
            "x": 354,
            "y": 638
          },
          {
            "x": 354,
            "y": 640
          },
          {
            "x": 355,
            "y": 641
          },
          {
            "x": 355,
            "y": 642
          },
          {
            "x": 356.0,
            "y": 643
          },
          {
            "x": 356.0,
            "y": 646
          },
          {
            "x": 357.0,
            "y": 647
          },
          {
            "x": 357.0,
            "y": 648
          },
          {
            "x": 358,
            "y": 649
          },
          {
            "x": 358,
            "y": 650
          },
          {
            "x": 359.0,
            "y": 650
          },
          {
            "x": 360.0,
            "y": 651
          },
          {
            "x": 360.0,
            "y": 652
          },
          {
            "x": 361,
            "y": 653
          },
          {
            "x": 361,
            "y": 654
          },
          {
            "x": 363.0,
            "y": 656
          },
          {
            "x": 363.0,
            "y": 657
          },
          {
            "x": 365,
            "y": 659
          },
          {
            "x": 365,
            "y": 661
          },
          {
            "x": 368,
            "y": 664
          },
          {
            "x": 368,
            "y": 665
          },
          {
            "x": 371,
            "y": 668.0
          },
          {
            "x": 371,
            "y": 669
          },
          {
            "x": 374,
            "y": 672
          },
          {
            "x": 374,
            "y": 673
          },
          {
            "x": 375.0,
            "y": 674
          },
          {
            "x": 376.0,
            "y": 674
          },
          {
            "x": 378,
            "y": 676
          },
          {
            "x": 379.0,
            "y": 676
          },
          {
            "x": 380,
            "y": 677
          },
          {
            "x": 380,
            "y": 678
          },
          {
            "x": 381,
            "y": 678
          },
          {
            "x": 385.0,
            "y": 682
          },
          {
            "x": 386.0,
            "y": 682
          },
          {
            "x": 387,
            "y": 683
          },
          {
            "x": 388,
            "y": 683
          },
          {
            "x": 390,
            "y": 685
          },
          {
            "x": 393.0,
            "y": 685
          },
          {
            "x": 394,
            "y": 686
          },
          {
            "x": 403,
            "y": 686
          },
          {
            "x": 404,
            "y": 685
          },
          {
            "x": 408.0,
            "y": 685
          },
          {
            "x": 409.0,
            "y": 684
          },
          {
            "x": 412.0,
            "y": 684
          },
          {
            "x": 413,
            "y": 683
          },
          {
            "x": 414,
            "y": 683
          },
          {
            "x": 415.0,
            "y": 682
          },
          {
            "x": 416.0,
            "y": 682
          },
          {
            "x": 418.0,
            "y": 680
          },
          {
            "x": 419.0,
            "y": 680
          },
          {
            "x": 419.0,
            "y": 679
          },
          {
            "x": 420,
            "y": 678
          },
          {
            "x": 420,
            "y": 676
          },
          {
            "x": 421.0,
            "y": 675
          },
          {
            "x": 421.0,
            "y": 670
          },
          {
            "x": 420,
            "y": 669
          },
          {
            "x": 420,
            "y": 665
          },
          {
            "x": 419.0,
            "y": 664
          },
          {
            "x": 419.0,
            "y": 660
          },
          {
            "x": 418.0,
            "y": 659
          },
          {
            "x": 418.0,
            "y": 656
          },
          {
            "x": 417,
            "y": 655
          },
          {
            "x": 417,
            "y": 653
          },
          {
            "x": 416.0,
            "y": 652
          },
          {
            "x": 416.0,
            "y": 649
          },
          {
            "x": 415.0,
            "y": 648
          },
          {
            "x": 415.0,
            "y": 643
          },
          {
            "x": 414,
            "y": 642
          },
          {
            "x": 414,
            "y": 636
          },
          {
            "x": 413,
            "y": 635.0
          },
          {
            "x": 413,
            "y": 630
          },
          {
            "x": 412.0,
            "y": 629
          },
          {
            "x": 412.0,
            "y": 626
          },
          {
            "x": 411.0,
            "y": 625
          },
          {
            "x": 411.0,
            "y": 622.0
          },
          {
            "x": 410,
            "y": 621
          },
          {
            "x": 410,
            "y": 618
          },
          {
            "x": 409.0,
            "y": 618
          },
          {
            "x": 408.0,
            "y": 617
          },
          {
            "x": 408.0,
            "y": 613
          },
          {
            "x": 407,
            "y": 612.0
          },
          {
            "x": 407,
            "y": 600
          },
          {
            "x": 406.0,
            "y": 599.0
          },
          {
            "x": 406.0,
            "y": 582
          },
          {
            "x": 405.0,
            "y": 581
          },
          {
            "x": 405.0,
            "y": 573
          },
          {
            "x": 404,
            "y": 572
          },
          {
            "x": 404,
            "y": 556
          },
          {
            "x": 403,
            "y": 555
          },
          {
            "x": 403,
            "y": 548
          },
          {
            "x": 402.0,
            "y": 547
          },
          {
            "x": 402.0,
            "y": 541
          },
          {
            "x": 401,
            "y": 540
          },
          {
            "x": 401,
            "y": 535
          },
          {
            "x": 400,
            "y": 534
          },
          {
            "x": 400,
            "y": 531
          },
          {
            "x": 399.0,
            "y": 530
          },
          {
            "x": 399.0,
            "y": 525
          },
          {
            "x": 398.0,
            "y": 524
          },
          {
            "x": 398.0,
            "y": 522
          },
          {
            "x": 400,
            "y": 520
          },
          {
            "x": 400,
            "y": 519
          },
          {
            "x": 403,
            "y": 516
          },
          {
            "x": 404,
            "y": 516
          },
          {
            "x": 407,
            "y": 513
          },
          {
            "x": 407,
            "y": 512
          },
          {
            "x": 409.0,
            "y": 510
          },
          {
            "x": 410,
            "y": 510
          },
          {
            "x": 410,
            "y": 509
          },
          {
            "x": 412.0,
            "y": 507
          },
          {
            "x": 412.0,
            "y": 506
          },
          {
            "x": 415.0,
            "y": 503.0
          },
          {
            "x": 416.0,
            "y": 503.0
          },
          {
            "x": 421.0,
            "y": 498.0
          },
          {
            "x": 422.0,
            "y": 498.0
          },
          {
            "x": 422.0,
            "y": 497
          },
          {
            "x": 425.0,
            "y": 494
          },
          {
            "x": 425.0,
            "y": 492
          },
          {
            "x": 426,
            "y": 491
          },
          {
            "x": 427,
            "y": 491
          },
          {
            "x": 429.0,
            "y": 489
          },
          {
            "x": 430,
            "y": 489
          },
          {
            "x": 431.0,
            "y": 488
          },
          {
            "x": 432.0,
            "y": 488
          },
          {
            "x": 433,
            "y": 487
          },
          {
            "x": 436,
            "y": 487
          },
          {
            "x": 437,
            "y": 486
          },
          {
            "x": 439.0,
            "y": 486
          },
          {
            "x": 441.0,
            "y": 484
          },
          {
            "x": 441.0,
            "y": 483
          },
          {
            "x": 442.0,
            "y": 482
          },
          {
            "x": 442.0,
            "y": 481
          },
          {
            "x": 443,
            "y": 480.0
          },
          {
            "x": 444.0,
            "y": 480.0
          },
          {
            "x": 444.0,
            "y": 479
          },
          {
            "x": 445.0,
            "y": 478
          },
          {
            "x": 445.0,
            "y": 477
          },
          {
            "x": 446,
            "y": 476
          },
          {
            "x": 446,
            "y": 475.0
          },
          {
            "x": 447,
            "y": 474
          },
          {
            "x": 447,
            "y": 473
          },
          {
            "x": 450,
            "y": 470
          },
          {
            "x": 450,
            "y": 469
          },
          {
            "x": 452.0,
            "y": 467
          },
          {
            "x": 452.0,
            "y": 466
          },
          {
            "x": 453,
            "y": 465
          },
          {
            "x": 453,
            "y": 464
          },
          {
            "x": 454.0,
            "y": 463
          },
          {
            "x": 454.0,
            "y": 462.0
          },
          {
            "x": 455.0,
            "y": 461
          },
          {
            "x": 455.0,
            "y": 460
          },
          {
            "x": 456,
            "y": 459
          },
          {
            "x": 456,
            "y": 457.0
          },
          {
            "x": 457.0,
            "y": 456
          },
          {
            "x": 457.0,
            "y": 452
          },
          {
            "x": 458.0,
            "y": 451
          },
          {
            "x": 458.0,
            "y": 441
          },
          {
            "x": 457.0,
            "y": 440
          },
          {
            "x": 457.0,
            "y": 429
          },
          {
            "x": 456,
            "y": 428
          },
          {
            "x": 456,
            "y": 423
          },
          {
            "x": 455.0,
            "y": 422
          },
          {
            "x": 455.0,
            "y": 420
          },
          {
            "x": 454.0,
            "y": 419
          },
          {
            "x": 454.0,
            "y": 416.0
          },
          {
            "x": 453,
            "y": 415
          },
          {
            "x": 453,
            "y": 407
          },
          {
            "x": 452.0,
            "y": 406
          },
          {
            "x": 452.0,
            "y": 400
          },
          {
            "x": 451.0,
            "y": 399
          },
          {
            "x": 451.0,
            "y": 397
          },
          {
            "x": 450,
            "y": 396
          },
          {
            "x": 450,
            "y": 394
          },
          {
            "x": 448.0,
            "y": 392
          },
          {
            "x": 448.0,
            "y": 389
          },
          {
            "x": 447,
            "y": 388
          },
          {
            "x": 447,
            "y": 386
          },
          {
            "x": 446,
            "y": 385
          },
          {
            "x": 446,
            "y": 383
          },
          {
            "x": 445.0,
            "y": 382
          },
          {
            "x": 445.0,
            "y": 379
          },
          {
            "x": 444.0,
            "y": 378
          },
          {
            "x": 444.0,
            "y": 353
          },
          {
            "x": 443,
            "y": 353
          },
          {
            "x": 442.0,
            "y": 352.0
          },
          {
            "x": 442.0,
            "y": 343
          },
          {
            "x": 441.0,
            "y": 342
          },
          {
            "x": 441.0,
            "y": 335
          },
          {
            "x": 440,
            "y": 334.0
          },
          {
            "x": 440,
            "y": 329.0
          },
          {
            "x": 439.0,
            "y": 328
          },
          {
            "x": 439.0,
            "y": 323
          },
          {
            "x": 438.0,
            "y": 322
          },
          {
            "x": 438.0,
            "y": 319
          },
          {
            "x": 437,
            "y": 318
          },
          {
            "x": 437,
            "y": 315
          },
          {
            "x": 436,
            "y": 314
          },
          {
            "x": 436,
            "y": 310
          },
          {
            "x": 435.0,
            "y": 309
          },
          {
            "x": 435.0,
            "y": 305
          },
          {
            "x": 434.0,
            "y": 304
          },
          {
            "x": 434.0,
            "y": 301
          },
          {
            "x": 433,
            "y": 300
          },
          {
            "x": 433,
            "y": 297
          },
          {
            "x": 432.0,
            "y": 296
          },
          {
            "x": 432.0,
            "y": 293.0
          },
          {
            "x": 431.0,
            "y": 292
          },
          {
            "x": 431.0,
            "y": 289
          },
          {
            "x": 430,
            "y": 288.0
          },
          {
            "x": 430,
            "y": 286
          },
          {
            "x": 429.0,
            "y": 285
          },
          {
            "x": 429.0,
            "y": 282
          },
          {
            "x": 428.0,
            "y": 281
          },
          {
            "x": 428.0,
            "y": 279
          },
          {
            "x": 427,
            "y": 278
          },
          {
            "x": 427,
            "y": 276
          },
          {
            "x": 426,
            "y": 276
          },
          {
            "x": 425.0,
            "y": 275
          },
          {
            "x": 425.0,
            "y": 272
          },
          {
            "x": 424,
            "y": 271
          },
          {
            "x": 424,
            "y": 269
          },
          {
            "x": 423,
            "y": 268
          },
          {
            "x": 423,
            "y": 267
          },
          {
            "x": 422.0,
            "y": 266
          },
          {
            "x": 422.0,
            "y": 264
          },
          {
            "x": 421.0,
            "y": 263
          },
          {
            "x": 421.0,
            "y": 261
          },
          {
            "x": 420,
            "y": 260
          },
          {
            "x": 420,
            "y": 258
          },
          {
            "x": 419.0,
            "y": 257
          },
          {
            "x": 419.0,
            "y": 255
          },
          {
            "x": 418.0,
            "y": 254
          },
          {
            "x": 418.0,
            "y": 252
          },
          {
            "x": 417,
            "y": 251
          },
          {
            "x": 417,
            "y": 250
          },
          {
            "x": 416.0,
            "y": 249.0
          },
          {
            "x": 416.0,
            "y": 248
          },
          {
            "x": 415.0,
            "y": 247
          },
          {
            "x": 415.0,
            "y": 246
          },
          {
            "x": 412.0,
            "y": 243
          },
          {
            "x": 412.0,
            "y": 242
          },
          {
            "x": 411.0,
            "y": 241
          },
          {
            "x": 411.0,
            "y": 240.0
          },
          {
            "x": 409.0,
            "y": 240.0
          },
          {
            "x": 406.0,
            "y": 237
          },
          {
            "x": 405.0,
            "y": 237
          },
          {
            "x": 404,
            "y": 236
          },
          {
            "x": 403,
            "y": 236
          },
          {
            "x": 402.0,
            "y": 235
          },
          {
            "x": 401,
            "y": 235
          },
          {
            "x": 396.0,
            "y": 230
          },
          {
            "x": 395.0,
            "y": 230
          },
          {
            "x": 394,
            "y": 229
          },
          {
            "x": 392.0,
            "y": 229
          },
          {
            "x": 391,
            "y": 228
          },
          {
            "x": 389.0,
            "y": 228
          },
          {
            "x": 388,
            "y": 227
          },
          {
            "x": 385.0,
            "y": 227
          },
          {
            "x": 384,
            "y": 226
          },
          {
            "x": 381,
            "y": 226
          },
          {
            "x": 380,
            "y": 225
          },
          {
            "x": 378,
            "y": 225
          },
          {
            "x": 377,
            "y": 224
          },
          {
            "x": 377,
            "y": 223
          },
          {
            "x": 375.0,
            "y": 223
          },
          {
            "x": 374,
            "y": 222
          },
          {
            "x": 373.0,
            "y": 222
          },
          {
            "x": 372.0,
            "y": 221
          },
          {
            "x": 371,
            "y": 221
          },
          {
            "x": 370.0,
            "y": 220
          },
          {
            "x": 369.0,
            "y": 220
          },
          {
            "x": 368,
            "y": 219
          },
          {
            "x": 366.0,
            "y": 219
          },
          {
            "x": 365,
            "y": 218
          },
          {
            "x": 364,
            "y": 218
          },
          {
            "x": 363.0,
            "y": 217.0
          },
          {
            "x": 361,
            "y": 217.0
          },
          {
            "x": 360.0,
            "y": 216
          },
          {
            "x": 357.0,
            "y": 216
          },
          {
            "x": 356.0,
            "y": 215
          },
          {
            "x": 355,
            "y": 215
          },
          {
            "x": 354,
            "y": 214
          },
          {
            "x": 353.0,
            "y": 214
          },
          {
            "x": 352.0,
            "y": 213
          },
          {
            "x": 350.0,
            "y": 213
          },
          {
            "x": 349.0,
            "y": 212
          },
          {
            "x": 348,
            "y": 212
          },
          {
            "x": 347.0,
            "y": 211
          },
          {
            "x": 345,
            "y": 211
          },
          {
            "x": 344,
            "y": 210
          },
          {
            "x": 342,
            "y": 210
          },
          {
            "x": 341,
            "y": 209
          },
          {
            "x": 340.0,
            "y": 209
          },
          {
            "x": 339.0,
            "y": 208.0
          },
          {
            "x": 338,
            "y": 208.0
          },
          {
            "x": 337.0,
            "y": 207
          },
          {
            "x": 337.0,
            "y": 206
          },
          {
            "x": 336.0,
            "y": 206
          },
          {
            "x": 335,
            "y": 205
          },
          {
            "x": 334.0,
            "y": 205
          },
          {
            "x": 333.0,
            "y": 204
          },
          {
            "x": 331,
            "y": 204
          },
          {
            "x": 330.0,
            "y": 203
          },
          {
            "x": 329.0,
            "y": 203
          },
          {
            "x": 328,
            "y": 202
          },
          {
            "x": 325,
            "y": 202
          },
          {
            "x": 324.0,
            "y": 203
          },
          {
            "x": 324.0,
            "y": 208.0
          },
          {
            "x": 323.0,
            "y": 209
          },
          {
            "x": 324.0,
            "y": 210
          },
          {
            "x": 324.0,
            "y": 213
          },
          {
            "x": 325,
            "y": 214
          },
          {
            "x": 325,
            "y": 216
          },
          {
            "x": 326.0,
            "y": 216
          },
          {
            "x": 327.0,
            "y": 217.0
          },
          {
            "x": 327.0,
            "y": 218
          },
          {
            "x": 326.0,
            "y": 219
          },
          {
            "x": 325,
            "y": 219
          },
          {
            "x": 325,
            "y": 232
          },
          {
            "x": 324.0,
            "y": 233
          },
          {
            "x": 324.0,
            "y": 277
          },
          {
            "x": 323.0,
            "y": 278
          },
          {
            "x": 323.0,
            "y": 317
          },
          {
            "x": 322,
            "y": 318
          },
          {
            "x": 322,
            "y": 358
          },
          {
            "x": 321,
            "y": 359
          },
          {
            "x": 321,
            "y": 390
          },
          {
            "x": 320.0,
            "y": 391
          },
          {
            "x": 320.0,
            "y": 400
          },
          {
            "x": 319,
            "y": 401
          },
          {
            "x": 319,
            "y": 410
          },
          {
            "x": 318,
            "y": 411.0
          },
          {
            "x": 318,
            "y": 435
          },
          {
            "x": 317.0,
            "y": 436
          },
          {
            "x": 317.0,
            "y": 448
          },
          {
            "x": 316.0,
            "y": 449
          },
          {
            "x": 316.0,
            "y": 456
          },
          {
            "x": 315,
            "y": 457.0
          },
          {
            "x": 315,
            "y": 459
          },
          {
            "x": 314.0,
            "y": 460
          },
          {
            "x": 314.0,
            "y": 461
          },
          {
            "x": 310.0,
            "y": 465
          },
          {
            "x": 308,
            "y": 465
          },
          {
            "x": 307.0,
            "y": 466
          },
          {
            "x": 306.0,
            "y": 466
          },
          {
            "x": 305,
            "y": 467
          },
          {
            "x": 303.0,
            "y": 467
          },
          {
            "x": 301.0,
            "y": 469
          },
          {
            "x": 301.0,
            "y": 471
          },
          {
            "x": 302,
            "y": 471
          },
          {
            "x": 303.0,
            "y": 472
          },
          {
            "x": 314.0,
            "y": 472
          },
          {
            "x": 315,
            "y": 471
          },
          {
            "x": 318,
            "y": 471
          },
          {
            "x": 319,
            "y": 470
          },
          {
            "x": 324.0,
            "y": 470
          },
          {
            "x": 325,
            "y": 469
          },
          {
            "x": 352.0,
            "y": 469
          },
          {
            "x": 353.0,
            "y": 470
          },
          {
            "x": 359.0,
            "y": 470
          },
          {
            "x": 360.0,
            "y": 469
          },
          {
            "x": 372.0,
            "y": 469
          },
          {
            "x": 374,
            "y": 471
          },
          {
            "x": 376.0,
            "y": 471
          },
          {
            "x": 380,
            "y": 475.0
          },
          {
            "x": 380,
            "y": 476
          },
          {
            "x": 382.0,
            "y": 478
          },
          {
            "x": 382.0,
            "y": 479
          },
          {
            "x": 384,
            "y": 481
          },
          {
            "x": 384,
            "y": 483
          },
          {
            "x": 385.0,
            "y": 484
          },
          {
            "x": 385.0,
            "y": 490
          },
          {
            "x": 386.0,
            "y": 491
          },
          {
            "x": 386.0,
            "y": 499
          },
          {
            "x": 385.0,
            "y": 500
          },
          {
            "x": 385.0,
            "y": 502
          },
          {
            "x": 382.0,
            "y": 505
          },
          {
            "x": 381,
            "y": 505
          },
          {
            "x": 380,
            "y": 506
          },
          {
            "x": 379.0,
            "y": 506
          },
          {
            "x": 378,
            "y": 507
          },
          {
            "x": 377,
            "y": 507
          },
          {
            "x": 376.0,
            "y": 508
          },
          {
            "x": 374,
            "y": 508
          },
          {
            "x": 373.0,
            "y": 509
          },
          {
            "x": 372.0,
            "y": 509
          },
          {
            "x": 372.0,
            "y": 510
          },
          {
            "x": 369.0,
            "y": 513
          },
          {
            "x": 368,
            "y": 513
          },
          {
            "x": 368,
            "y": 514
          },
          {
            "x": 359.0,
            "y": 523
          },
          {
            "x": 357.0,
            "y": 523
          },
          {
            "x": 356.0,
            "y": 524
          },
          {
            "x": 355,
            "y": 524
          },
          {
            "x": 354,
            "y": 525
          },
          {
            "x": 353.0,
            "y": 525
          },
          {
            "x": 352.0,
            "y": 526
          },
          {
            "x": 350.0,
            "y": 526
          },
          {
            "x": 350.0,
            "y": 527
          },
          {
            "x": 349.0,
            "y": 528
          },
          {
            "x": 337.0,
            "y": 528
          },
          {
            "x": 336.0,
            "y": 529
          },
          {
            "x": 322,
            "y": 529
          },
          {
            "x": 321,
            "y": 528
          },
          {
            "x": 313.0,
            "y": 528
          },
          {
            "x": 312,
            "y": 527
          },
          {
            "x": 312,
            "y": 526
          },
          {
            "x": 306.0,
            "y": 526
          },
          {
            "x": 305,
            "y": 525
          },
          {
            "x": 298,
            "y": 525
          },
          {
            "x": 297.0,
            "y": 526
          },
          {
            "x": 294.0,
            "y": 526
          },
          {
            "x": 294.0,
            "y": 527
          },
          {
            "x": 293.0,
            "y": 528
          },
          {
            "x": 290.0,
            "y": 528
          },
          {
            "x": 289,
            "y": 529
          },
          {
            "x": 284.0,
            "y": 529
          },
          {
            "x": 283.0,
            "y": 530
          },
          {
            "x": 280.0,
            "y": 530
          },
          {
            "x": 279,
            "y": 531
          },
          {
            "x": 278.0,
            "y": 531
          },
          {
            "x": 277.0,
            "y": 532
          },
          {
            "x": 273,
            "y": 532
          },
          {
            "x": 272,
            "y": 533
          },
          {
            "x": 248.0,
            "y": 533
          },
          {
            "x": 247.0,
            "y": 532
          },
          {
            "x": 244.0,
            "y": 532
          },
          {
            "x": 243,
            "y": 531
          },
          {
            "x": 241.0,
            "y": 531
          },
          {
            "x": 240.0,
            "y": 530
          },
          {
            "x": 239.0,
            "y": 530
          },
          {
            "x": 238.0,
            "y": 529
          },
          {
            "x": 236,
            "y": 529
          },
          {
            "x": 234.0,
            "y": 527
          },
          {
            "x": 234.0,
            "y": 526
          },
          {
            "x": 233,
            "y": 526
          },
          {
            "x": 232.0,
            "y": 525
          },
          {
            "x": 230,
            "y": 525
          },
          {
            "x": 228.0,
            "y": 523
          },
          {
            "x": 227.0,
            "y": 523
          },
          {
            "x": 225.0,
            "y": 521
          },
          {
            "x": 223,
            "y": 521
          },
          {
            "x": 221.0,
            "y": 519
          },
          {
            "x": 221.0,
            "y": 518
          },
          {
            "x": 220,
            "y": 517
          },
          {
            "x": 219.0,
            "y": 517
          },
          {
            "x": 216.0,
            "y": 514
          },
          {
            "x": 215.0,
            "y": 514
          },
          {
            "x": 214.0,
            "y": 513
          },
          {
            "x": 213,
            "y": 513
          },
          {
            "x": 212.0,
            "y": 512
          },
          {
            "x": 211.0,
            "y": 512
          },
          {
            "x": 210,
            "y": 511
          },
          {
            "x": 209.0,
            "y": 511
          },
          {
            "x": 208.0,
            "y": 510
          },
          {
            "x": 208.0,
            "y": 509
          },
          {
            "x": 203.0,
            "y": 509
          },
          {
            "x": 202.0,
            "y": 508
          },
          {
            "x": 201.0,
            "y": 508
          },
          {
            "x": 200,
            "y": 507
          },
          {
            "x": 199.0,
            "y": 507
          },
          {
            "x": 198.0,
            "y": 506
          },
          {
            "x": 197,
            "y": 506
          },
          {
            "x": 196.0,
            "y": 505
          },
          {
            "x": 196.0,
            "y": 504
          },
          {
            "x": 195.0,
            "y": 503.0
          },
          {
            "x": 195.0,
            "y": 502
          },
          {
            "x": 194,
            "y": 501
          },
          {
            "x": 194,
            "y": 495
          },
          {
            "x": 195.0,
            "y": 494
          },
          {
            "x": 195.0,
            "y": 485.0
          },
          {
            "x": 196.0,
            "y": 484
          },
          {
            "x": 196.0,
            "y": 482
          },
          {
            "x": 197,
            "y": 481
          },
          {
            "x": 197,
            "y": 480.0
          },
          {
            "x": 198.0,
            "y": 479
          },
          {
            "x": 198.0,
            "y": 478
          },
          {
            "x": 200,
            "y": 476
          },
          {
            "x": 200,
            "y": 475.0
          },
          {
            "x": 207,
            "y": 468
          },
          {
            "x": 210,
            "y": 468
          },
          {
            "x": 211.0,
            "y": 467
          },
          {
            "x": 219.0,
            "y": 467
          },
          {
            "x": 220,
            "y": 468
          },
          {
            "x": 253,
            "y": 468
          },
          {
            "x": 254.0,
            "y": 467
          },
          {
            "x": 256,
            "y": 467
          },
          {
            "x": 256,
            "y": 463
          },
          {
            "x": 254.0,
            "y": 461
          },
          {
            "x": 254.0,
            "y": 460
          },
          {
            "x": 253,
            "y": 459
          },
          {
            "x": 253,
            "y": 457.0
          },
          {
            "x": 252.0,
            "y": 456
          },
          {
            "x": 252.0,
            "y": 440
          },
          {
            "x": 251.0,
            "y": 439.0
          },
          {
            "x": 251.0,
            "y": 430
          },
          {
            "x": 250.0,
            "y": 429
          },
          {
            "x": 250.0,
            "y": 394
          },
          {
            "x": 249.0,
            "y": 393.0
          },
          {
            "x": 249.0,
            "y": 383
          },
          {
            "x": 248.0,
            "y": 382
          },
          {
            "x": 248.0,
            "y": 376
          },
          {
            "x": 247.0,
            "y": 375.0
          },
          {
            "x": 247.0,
            "y": 367
          },
          {
            "x": 246,
            "y": 366
          },
          {
            "x": 246,
            "y": 361
          },
          {
            "x": 245.0,
            "y": 360
          },
          {
            "x": 245.0,
            "y": 350
          },
          {
            "x": 244.0,
            "y": 349
          },
          {
            "x": 244.0,
            "y": 331
          },
          {
            "x": 243,
            "y": 330
          },
          {
            "x": 243,
            "y": 327
          },
          {
            "x": 242.0,
            "y": 326
          },
          {
            "x": 242.0,
            "y": 322
          },
          {
            "x": 241.0,
            "y": 322
          },
          {
            "x": 240.0,
            "y": 321
          },
          {
            "x": 240.0,
            "y": 319
          },
          {
            "x": 239.0,
            "y": 318
          },
          {
            "x": 239.0,
            "y": 317
          },
          {
            "x": 238.0,
            "y": 316
          },
          {
            "x": 238.0,
            "y": 313
          },
          {
            "x": 237.0,
            "y": 312
          },
          {
            "x": 237.0,
            "y": 310
          },
          {
            "x": 236,
            "y": 309
          },
          {
            "x": 236,
            "y": 301
          },
          {
            "x": 235.0,
            "y": 300
          },
          {
            "x": 235.0,
            "y": 279
          },
          {
            "x": 234.0,
            "y": 278
          },
          {
            "x": 234.0,
            "y": 269
          },
          {
            "x": 233,
            "y": 268
          },
          {
            "x": 233,
            "y": 262
          },
          {
            "x": 232.0,
            "y": 261
          },
          {
            "x": 232.0,
            "y": 256
          },
          {
            "x": 231.0,
            "y": 255
          },
          {
            "x": 231.0,
            "y": 252
          },
          {
            "x": 230,
            "y": 251
          },
          {
            "x": 230,
            "y": 248
          },
          {
            "x": 229.0,
            "y": 247
          },
          {
            "x": 229.0,
            "y": 242
          },
          {
            "x": 228.0,
            "y": 241
          },
          {
            "x": 228.0,
            "y": 229
          },
          {
            "x": 229.0,
            "y": 228
          },
          {
            "x": 229.0,
            "y": 218
          },
          {
            "x": 230,
            "y": 217.0
          },
          {
            "x": 229.0,
            "y": 216
          },
          {
            "x": 229.0,
            "y": 203
          },
          {
            "x": 230,
            "y": 202
          },
          {
            "x": 230,
            "y": 200
          },
          {
            "x": 229.0,
            "y": 199.0
          },
          {
            "x": 228.0,
            "y": 199.0
          },
          {
            "x": 227.0,
            "y": 200
          },
          {
            "x": 226.0,
            "y": 200
          },
          {
            "x": 225.0,
            "y": 201
          },
          {
            "x": 224.0,
            "y": 201
          },
          {
            "x": 221.0,
            "y": 204
          },
          {
            "x": 220,
            "y": 204
          },
          {
            "x": 219.0,
            "y": 205
          },
          {
            "x": 218.0,
            "y": 205
          },
          {
            "x": 217.0,
            "y": 206
          },
          {
            "x": 217.0,
            "y": 207
          },
          {
            "x": 216.0,
            "y": 208.0
          },
          {
            "x": 214.0,
            "y": 208.0
          },
          {
            "x": 213,
            "y": 209
          },
          {
            "x": 211.0,
            "y": 209
          },
          {
            "x": 210,
            "y": 210
          },
          {
            "x": 209.0,
            "y": 210
          },
          {
            "x": 208.0,
            "y": 211
          },
          {
            "x": 206.0,
            "y": 211
          },
          {
            "x": 205.0,
            "y": 212
          },
          {
            "x": 204.0,
            "y": 212
          },
          {
            "x": 203.0,
            "y": 213
          },
          {
            "x": 202.0,
            "y": 213
          },
          {
            "x": 201.0,
            "y": 214
          },
          {
            "x": 200,
            "y": 214
          },
          {
            "x": 198.0,
            "y": 216
          },
          {
            "x": 196.0,
            "y": 216
          },
          {
            "x": 195.0,
            "y": 217.0
          },
          {
            "x": 193.0,
            "y": 217.0
          },
          {
            "x": 192.0,
            "y": 218
          },
          {
            "x": 190,
            "y": 218
          },
          {
            "x": 189.0,
            "y": 219
          },
          {
            "x": 188.0,
            "y": 219
          },
          {
            "x": 187,
            "y": 220
          },
          {
            "x": 186.0,
            "y": 220
          },
          {
            "x": 184,
            "y": 222
          },
          {
            "x": 183.0,
            "y": 222
          },
          {
            "x": 182.0,
            "y": 223
          },
          {
            "x": 180.0,
            "y": 223
          },
          {
            "x": 180.0,
            "y": 224
          },
          {
            "x": 179.0,
            "y": 225
          },
          {
            "x": 173.0,
            "y": 225
          },
          {
            "x": 172.0,
            "y": 226
          },
          {
            "x": 165.0,
            "y": 226
          },
          {
            "x": 164,
            "y": 227
          },
          {
            "x": 161,
            "y": 227
          },
          {
            "x": 160.0,
            "y": 228
          },
          {
            "x": 156.0,
            "y": 228
          },
          {
            "x": 155.0,
            "y": 229
          },
          {
            "x": 153.0,
            "y": 229
          },
          {
            "x": 152.0,
            "y": 230
          },
          {
            "x": 151,
            "y": 230
          },
          {
            "x": 150.0,
            "y": 231.0
          },
          {
            "x": 149.0,
            "y": 231.0
          },
          {
            "x": 148,
            "y": 232
          },
          {
            "x": 147.0,
            "y": 232
          },
          {
            "x": 146.0,
            "y": 233
          },
          {
            "x": 144.0,
            "y": 233
          },
          {
            "x": 143.0,
            "y": 234
          },
          {
            "x": 142.0,
            "y": 234
          },
          {
            "x": 141,
            "y": 235
          },
          {
            "x": 139.0,
            "y": 235
          },
          {
            "x": 138,
            "y": 236
          },
          {
            "x": 137.0,
            "y": 236
          },
          {
            "x": 136.0,
            "y": 237
          },
          {
            "x": 135.0,
            "y": 237
          },
          {
            "x": 134.0,
            "y": 238
          },
          {
            "x": 132.0,
            "y": 238
          },
          {
            "x": 131,
            "y": 239
          },
          {
            "x": 130.0,
            "y": 239
          },
          {
            "x": 129.0,
            "y": 240.0
          }
        ]
      }
    }
  ]
}