{
  "image": {
    "width": 266,
    "height": 400,
    "filename": "00000655.jpg",
    "original_filename": "000055.jpg",
    "url": "https://darwin.v7labs.com/api/images/1211966/original?token=5cea58b9-0f48-4f62-9905-01f97ea9945c",
    "thumbnail_url": "https://darwin.v7labs.com/api/images/1211966/thumbnail?token=5cea58b9-0f48-4f62-9905-01f97ea9945c",
    "workview_url": "https://darwin.v7labs.com/workview?dataset=1161&image=655"
  },
  "dataset": "Fashion retail",
  "annotated": true,
  "annotations": [
    {
      "name": "Dress Polygon ",
      "polygon": {
        "path": [
          {
            "x": 127.0,
            "y": 92
          },
          {
            "x": 125,
            "y": 94
          },
          {
            "x": 125,
            "y": 95.0
          },
          {
            "x": 124,
            "y": 96
          },
          {
            "x": 124,
            "y": 101
          },
          {
            "x": 121,
            "y": 104
          },
          {
            "x": 121,
            "y": 113
          },
          {
            "x": 120,
            "y": 114
          },
          {
            "x": 120,
            "y": 115
          },
          {
            "x": 119,
            "y": 116
          },
          {
            "x": 119,
            "y": 117
          },
          {
            "x": 116,
            "y": 120
          },
          {
            "x": 116,
            "y": 121
          },
          {
            "x": 113,
            "y": 124
          },
          {
            "x": 113,
            "y": 125
          },
          {
            "x": 112.0,
            "y": 126
          },
          {
            "x": 112.0,
            "y": 127.0
          },
          {
            "x": 111,
            "y": 128
          },
          {
            "x": 111,
            "y": 131
          },
          {
            "x": 110,
            "y": 132
          },
          {
            "x": 110,
            "y": 134
          },
          {
            "x": 109,
            "y": 135
          },
          {
            "x": 109,
            "y": 144
          },
          {
            "x": 110,
            "y": 145.0
          },
          {
            "x": 110,
            "y": 146
          },
          {
            "x": 111,
            "y": 147
          },
          {
            "x": 111,
            "y": 149
          },
          {
            "x": 112.0,
            "y": 150
          },
          {
            "x": 112.0,
            "y": 153
          },
          {
            "x": 113,
            "y": 154
          },
          {
            "x": 113,
            "y": 163
          },
          {
            "x": 114,
            "y": 164
          },
          {
            "x": 114,
            "y": 165
          },
          {
            "x": 113,
            "y": 166
          },
          {
            "x": 113,
            "y": 179
          },
          {
            "x": 112.0,
            "y": 180
          },
          {
            "x": 112.0,
            "y": 184
          },
          {
            "x": 111,
            "y": 185
          },
          {
            "x": 111,
            "y": 186
          },
          {
            "x": 110,
            "y": 187
          },
          {
            "x": 110,
            "y": 192
          },
          {
            "x": 109,
            "y": 193
          },
          {
            "x": 109,
            "y": 200
          },
          {
            "x": 108,
            "y": 201
          },
          {
            "x": 108,
            "y": 209.0
          },
          {
            "x": 107,
            "y": 210
          },
          {
            "x": 107,
            "y": 216
          },
          {
            "x": 106,
            "y": 217
          },
          {
            "x": 106,
            "y": 223
          },
          {
            "x": 105,
            "y": 224.0
          },
          {
            "x": 105,
            "y": 235
          },
          {
            "x": 104,
            "y": 236
          },
          {
            "x": 104,
            "y": 239.0
          },
          {
            "x": 103,
            "y": 240
          },
          {
            "x": 103,
            "y": 273
          },
          {
            "x": 104,
            "y": 274
          },
          {
            "x": 104,
            "y": 288
          },
          {
            "x": 105,
            "y": 289
          },
          {
            "x": 105,
            "y": 296
          },
          {
            "x": 106,
            "y": 297
          },
          {
            "x": 106,
            "y": 306
          },
          {
            "x": 107,
            "y": 307
          },
          {
            "x": 107,
            "y": 309
          },
          {
            "x": 108,
            "y": 310
          },
          {
            "x": 108,
            "y": 311
          },
          {
            "x": 109,
            "y": 312
          },
          {
            "x": 110,
            "y": 312
          },
          {
            "x": 111,
            "y": 313
          },
          {
            "x": 116,
            "y": 313
          },
          {
            "x": 117,
            "y": 312
          },
          {
            "x": 119,
            "y": 312
          },
          {
            "x": 120,
            "y": 311
          },
          {
            "x": 125,
            "y": 311
          },
          {
            "x": 126,
            "y": 310
          },
          {
            "x": 129,
            "y": 310
          },
          {
            "x": 130,
            "y": 309
          },
          {
            "x": 132,
            "y": 309
          },
          {
            "x": 133,
            "y": 308
          },
          {
            "x": 141,
            "y": 308
          },
          {
            "x": 142,
            "y": 307
          },
          {
            "x": 149,
            "y": 307
          },
          {
            "x": 150,
            "y": 308
          },
          {
            "x": 153,
            "y": 308
          },
          {
            "x": 157,
            "y": 312
          },
          {
            "x": 158,
            "y": 312
          },
          {
            "x": 159,
            "y": 313
          },
          {
            "x": 160.0,
            "y": 313
          },
          {
            "x": 161,
            "y": 314
          },
          {
            "x": 163,
            "y": 314
          },
          {
            "x": 164,
            "y": 315
          },
          {
            "x": 166,
            "y": 315
          },
          {
            "x": 167,
            "y": 316
          },
          {
            "x": 169,
            "y": 316
          },
          {
            "x": 171,
            "y": 318
          },
          {
            "x": 172,
            "y": 318
          },
          {
            "x": 173,
            "y": 319
          },
          {
            "x": 174,
            "y": 319
          },
          {
            "x": 175.0,
            "y": 320.0
          },
          {
            "x": 176,
            "y": 320.0
          },
          {
            "x": 177,
            "y": 321
          },
          {
            "x": 178,
            "y": 321
          },
          {
            "x": 179,
            "y": 322
          },
          {
            "x": 181,
            "y": 322
          },
          {
            "x": 182,
            "y": 323
          },
          {
            "x": 187,
            "y": 323
          },
          {
            "x": 192,
            "y": 318
          },
          {
            "x": 194.0,
            "y": 318
          },
          {
            "x": 195,
            "y": 317
          },
          {
            "x": 196,
            "y": 317
          },
          {
            "x": 198,
            "y": 315
          },
          {
            "x": 198,
            "y": 312
          },
          {
            "x": 197,
            "y": 311
          },
          {
            "x": 197,
            "y": 308
          },
          {
            "x": 196,
            "y": 307
          },
          {
            "x": 196,
            "y": 303
          },
          {
            "x": 195,
            "y": 302
          },
          {
            "x": 195,
            "y": 298
          },
          {
            "x": 194.0,
            "y": 297
          },
          {
            "x": 194.0,
            "y": 293
          },
          {
            "x": 193,
            "y": 292
          },
          {
            "x": 193,
            "y": 290.0
          },
          {
            "x": 192,
            "y": 289
          },
          {
            "x": 192,
            "y": 284
          },
          {
            "x": 191,
            "y": 283
          },
          {
            "x": 191,
            "y": 278
          },
          {
            "x": 190.0,
            "y": 277
          },
          {
            "x": 190.0,
            "y": 271
          },
          {
            "x": 189,
            "y": 270
          },
          {
            "x": 189,
            "y": 264
          },
          {
            "x": 188,
            "y": 263
          },
          {
            "x": 188,
            "y": 259
          },
          {
            "x": 187,
            "y": 258
          },
          {
            "x": 187,
            "y": 254.0
          },
          {
            "x": 186,
            "y": 253
          },
          {
            "x": 186,
            "y": 251
          },
          {
            "x": 185,
            "y": 250
          },
          {
            "x": 181,
            "y": 250
          },
          {
            "x": 180,
            "y": 251
          },
          {
            "x": 179,
            "y": 251
          },
          {
            "x": 177,
            "y": 249
          },
          {
            "x": 177,
            "y": 244
          },
          {
            "x": 176,
            "y": 243
          },
          {
            "x": 176,
            "y": 233
          },
          {
            "x": 177,
            "y": 232
          },
          {
            "x": 177,
            "y": 227
          },
          {
            "x": 178,
            "y": 226
          },
          {
            "x": 178,
            "y": 224.0
          },
          {
            "x": 179,
            "y": 223
          },
          {
            "x": 179,
            "y": 220
          },
          {
            "x": 180,
            "y": 219
          },
          {
            "x": 180,
            "y": 209.0
          },
          {
            "x": 179,
            "y": 208
          },
          {
            "x": 179,
            "y": 205
          },
          {
            "x": 178,
            "y": 204
          },
          {
            "x": 178,
            "y": 203
          },
          {
            "x": 177,
            "y": 202
          },
          {
            "x": 177,
            "y": 198
          },
          {
            "x": 176,
            "y": 197
          },
          {
            "x": 176,
            "y": 195
          },
          {
            "x": 175.0,
            "y": 194.0
          },
          {
            "x": 175.0,
            "y": 190.0
          },
          {
            "x": 174,
            "y": 189
          },
          {
            "x": 174,
            "y": 187
          },
          {
            "x": 173,
            "y": 186
          },
          {
            "x": 173,
            "y": 182
          },
          {
            "x": 172,
            "y": 181
          },
          {
            "x": 172,
            "y": 179
          },
          {
            "x": 171,
            "y": 178
          },
          {
            "x": 171,
            "y": 175.0
          },
          {
            "x": 170,
            "y": 174
          },
          {
            "x": 170,
            "y": 173
          },
          {
            "x": 169,
            "y": 172
          },
          {
            "x": 169,
            "y": 170
          },
          {
            "x": 168,
            "y": 169
          },
          {
            "x": 168,
            "y": 159
          },
          {
            "x": 169,
            "y": 158
          },
          {
            "x": 169,
            "y": 155
          },
          {
            "x": 170,
            "y": 154
          },
          {
            "x": 170,
            "y": 152
          },
          {
            "x": 171,
            "y": 151
          },
          {
            "x": 171,
            "y": 144
          },
          {
            "x": 170,
            "y": 143
          },
          {
            "x": 170,
            "y": 137
          },
          {
            "x": 169,
            "y": 136
          },
          {
            "x": 169,
            "y": 133
          },
          {
            "x": 168,
            "y": 132
          },
          {
            "x": 168,
            "y": 131
          },
          {
            "x": 167,
            "y": 130
          },
          {
            "x": 167,
            "y": 129
          },
          {
            "x": 163,
            "y": 125
          },
          {
            "x": 163,
            "y": 124
          },
          {
            "x": 158,
            "y": 119
          },
          {
            "x": 158,
            "y": 118
          },
          {
            "x": 155,
            "y": 115
          },
          {
            "x": 155,
            "y": 113
          },
          {
            "x": 154,
            "y": 112.0
          },
          {
            "x": 154,
            "y": 110
          },
          {
            "x": 153,
            "y": 109
          },
          {
            "x": 153,
            "y": 102
          },
          {
            "x": 154,
            "y": 101
          },
          {
            "x": 154,
            "y": 96
          },
          {
            "x": 155,
            "y": 95.0
          },
          {
            "x": 155,
            "y": 89
          },
          {
            "x": 154,
            "y": 88
          },
          {
            "x": 153,
            "y": 88
          },
          {
            "x": 151,
            "y": 90
          },
          {
            "x": 151,
            "y": 103
          },
          {
            "x": 150,
            "y": 104
          },
          {
            "x": 150,
            "y": 107
          },
          {
            "x": 149,
            "y": 108
          },
          {
            "x": 149,
            "y": 111
          },
          {
            "x": 148,
            "y": 112.0
          },
          {
            "x": 148,
            "y": 118
          },
          {
            "x": 147,
            "y": 119
          },
          {
            "x": 147,
            "y": 120
          },
          {
            "x": 146,
            "y": 121
          },
          {
            "x": 146,
            "y": 122
          },
          {
            "x": 144,
            "y": 124
          },
          {
            "x": 144,
            "y": 125
          },
          {
            "x": 142,
            "y": 127.0
          },
          {
            "x": 142,
            "y": 128
          },
          {
            "x": 134,
            "y": 136
          },
          {
            "x": 132,
            "y": 136
          },
          {
            "x": 127.0,
            "y": 131
          },
          {
            "x": 127.0,
            "y": 130
          },
          {
            "x": 125,
            "y": 128
          },
          {
            "x": 125,
            "y": 127.0
          },
          {
            "x": 124,
            "y": 126
          },
          {
            "x": 124,
            "y": 125
          },
          {
            "x": 123,
            "y": 124
          },
          {
            "x": 123,
            "y": 121
          },
          {
            "x": 122,
            "y": 120
          },
          {
            "x": 122,
            "y": 115
          },
          {
            "x": 123,
            "y": 114
          },
          {
            "x": 123,
            "y": 112.0
          },
          {
            "x": 124,
            "y": 111
          },
          {
            "x": 124,
            "y": 110
          },
          {
            "x": 125,
            "y": 109
          },
          {
            "x": 125,
            "y": 100
          },
          {
            "x": 127.0,
            "y": 98
          },
          {
            "x": 127.0,
            "y": 96
          },
          {
            "x": 128,
            "y": 95.0
          },
          {
            "x": 128,
            "y": 92
          }
        ]
      }
    }
  ]
}