{
  "image": {
    "width": 266,
    "height": 400,
    "filename": "00000632.jpg",
    "original_filename": "000032.jpg",
    "url": "https://darwin.v7labs.com/api/images/1211943/original?token=5cea58b9-0f48-4f62-9905-01f97ea9945c",
    "thumbnail_url": "https://darwin.v7labs.com/api/images/1211943/thumbnail?token=5cea58b9-0f48-4f62-9905-01f97ea9945c",
    "workview_url": "https://darwin.v7labs.com/workview?dataset=1161&image=632"
  },
  "dataset": "Fashion retail",
  "annotated": true,
  "annotations": [
    {
      "name": "Coat Polygon ",
      "polygon": {
        "path": [
          {
            "x": 112,
            "y": 108
          },
          {
            "x": 110,
            "y": 110
          },
          {
            "x": 110,
            "y": 111
          },
          {
            "x": 108,
            "y": 113
          },
          {
            "x": 108,
            "y": 116
          },
          {
            "x": 107,
            "y": 117.0
          },
          {
            "x": 107,
            "y": 119.0
          },
          {
            "x": 106,
            "y": 120
          },
          {
            "x": 106,
            "y": 121.0
          },
          {
            "x": 103,
            "y": 124
          },
          {
            "x": 101,
            "y": 124
          },
          {
            "x": 100,
            "y": 125.0
          },
          {
            "x": 99,
            "y": 125.0
          },
          {
            "x": 98,
            "y": 126
          },
          {
            "x": 97,
            "y": 126
          },
          {
            "x": 96,
            "y": 127.0
          },
          {
            "x": 95,
            "y": 127.0
          },
          {
            "x": 91,
            "y": 131
          },
          {
            "x": 91,
            "y": 132
          },
          {
            "x": 90,
            "y": 133
          },
          {
            "x": 90,
            "y": 134
          },
          {
            "x": 89,
            "y": 135
          },
          {
            "x": 89,
            "y": 136
          },
          {
            "x": 88,
            "y": 137
          },
          {
            "x": 88,
            "y": 139
          },
          {
            "x": 87,
            "y": 140
          },
          {
            "x": 87,
            "y": 144
          },
          {
            "x": 86,
            "y": 145
          },
          {
            "x": 86,
            "y": 151
          },
          {
            "x": 85,
            "y": 152
          },
          {
            "x": 85,
            "y": 159
          },
          {
            "x": 84,
            "y": 160
          },
          {
            "x": 84,
            "y": 166
          },
          {
            "x": 83,
            "y": 167
          },
          {
            "x": 83,
            "y": 171.0
          },
          {
            "x": 82,
            "y": 172
          },
          {
            "x": 82,
            "y": 176
          },
          {
            "x": 81,
            "y": 177
          },
          {
            "x": 81,
            "y": 183.0
          },
          {
            "x": 80,
            "y": 184
          },
          {
            "x": 80,
            "y": 190
          },
          {
            "x": 79,
            "y": 191.0
          },
          {
            "x": 79,
            "y": 195.0
          },
          {
            "x": 78,
            "y": 196
          },
          {
            "x": 78,
            "y": 201
          },
          {
            "x": 77,
            "y": 202
          },
          {
            "x": 77,
            "y": 206
          },
          {
            "x": 76,
            "y": 207.0
          },
          {
            "x": 76,
            "y": 209
          },
          {
            "x": 74,
            "y": 211.0
          },
          {
            "x": 74,
            "y": 219
          },
          {
            "x": 78,
            "y": 219
          },
          {
            "x": 82,
            "y": 223
          },
          {
            "x": 84,
            "y": 223
          },
          {
            "x": 85,
            "y": 222
          },
          {
            "x": 87,
            "y": 222
          },
          {
            "x": 88,
            "y": 223
          },
          {
            "x": 89,
            "y": 223
          },
          {
            "x": 90,
            "y": 224
          },
          {
            "x": 90,
            "y": 225
          },
          {
            "x": 91,
            "y": 226
          },
          {
            "x": 91,
            "y": 229
          },
          {
            "x": 92,
            "y": 230
          },
          {
            "x": 92,
            "y": 232
          },
          {
            "x": 93,
            "y": 233
          },
          {
            "x": 93,
            "y": 236
          },
          {
            "x": 94,
            "y": 237
          },
          {
            "x": 94,
            "y": 244
          },
          {
            "x": 95,
            "y": 245
          },
          {
            "x": 95,
            "y": 249
          },
          {
            "x": 96,
            "y": 250.0
          },
          {
            "x": 96,
            "y": 251
          },
          {
            "x": 97,
            "y": 252
          },
          {
            "x": 97,
            "y": 253
          },
          {
            "x": 98,
            "y": 254.0
          },
          {
            "x": 98,
            "y": 256
          },
          {
            "x": 99,
            "y": 257
          },
          {
            "x": 99,
            "y": 258
          },
          {
            "x": 100,
            "y": 259
          },
          {
            "x": 100,
            "y": 261
          },
          {
            "x": 101,
            "y": 262
          },
          {
            "x": 101,
            "y": 263
          },
          {
            "x": 103,
            "y": 265
          },
          {
            "x": 113,
            "y": 265
          },
          {
            "x": 114,
            "y": 266
          },
          {
            "x": 120,
            "y": 266
          },
          {
            "x": 121.0,
            "y": 265
          },
          {
            "x": 130,
            "y": 265
          },
          {
            "x": 131,
            "y": 264
          },
          {
            "x": 139,
            "y": 264
          },
          {
            "x": 140,
            "y": 263
          },
          {
            "x": 144,
            "y": 263
          },
          {
            "x": 145,
            "y": 262
          },
          {
            "x": 154,
            "y": 262
          },
          {
            "x": 155,
            "y": 261
          },
          {
            "x": 161,
            "y": 261
          },
          {
            "x": 162,
            "y": 260
          },
          {
            "x": 163,
            "y": 260
          },
          {
            "x": 165,
            "y": 258
          },
          {
            "x": 165,
            "y": 256
          },
          {
            "x": 164,
            "y": 255
          },
          {
            "x": 164,
            "y": 250.0
          },
          {
            "x": 163,
            "y": 249
          },
          {
            "x": 163,
            "y": 243
          },
          {
            "x": 162,
            "y": 242.0
          },
          {
            "x": 162,
            "y": 239
          },
          {
            "x": 161,
            "y": 238.0
          },
          {
            "x": 161,
            "y": 232
          },
          {
            "x": 160,
            "y": 231
          },
          {
            "x": 160,
            "y": 226
          },
          {
            "x": 159,
            "y": 225
          },
          {
            "x": 159,
            "y": 221
          },
          {
            "x": 158,
            "y": 220
          },
          {
            "x": 158,
            "y": 212
          },
          {
            "x": 160,
            "y": 210
          },
          {
            "x": 161,
            "y": 210
          },
          {
            "x": 162,
            "y": 209
          },
          {
            "x": 163,
            "y": 209
          },
          {
            "x": 164,
            "y": 208
          },
          {
            "x": 164,
            "y": 207.0
          },
          {
            "x": 166,
            "y": 205
          },
          {
            "x": 166,
            "y": 204
          },
          {
            "x": 167,
            "y": 203.0
          },
          {
            "x": 167,
            "y": 197
          },
          {
            "x": 166,
            "y": 196
          },
          {
            "x": 166,
            "y": 169
          },
          {
            "x": 165,
            "y": 168
          },
          {
            "x": 165,
            "y": 166
          },
          {
            "x": 164,
            "y": 165
          },
          {
            "x": 164,
            "y": 161
          },
          {
            "x": 163,
            "y": 160
          },
          {
            "x": 163,
            "y": 157
          },
          {
            "x": 162,
            "y": 156
          },
          {
            "x": 162,
            "y": 154
          },
          {
            "x": 161,
            "y": 153
          },
          {
            "x": 161,
            "y": 149
          },
          {
            "x": 160,
            "y": 148
          },
          {
            "x": 160,
            "y": 144
          },
          {
            "x": 159,
            "y": 143
          },
          {
            "x": 159,
            "y": 140
          },
          {
            "x": 158,
            "y": 139
          },
          {
            "x": 158,
            "y": 136
          },
          {
            "x": 157,
            "y": 135
          },
          {
            "x": 157,
            "y": 133
          },
          {
            "x": 156,
            "y": 132
          },
          {
            "x": 156,
            "y": 131
          },
          {
            "x": 153,
            "y": 128
          },
          {
            "x": 153,
            "y": 127.0
          },
          {
            "x": 152,
            "y": 127.0
          },
          {
            "x": 150,
            "y": 125.0
          },
          {
            "x": 148,
            "y": 125.0
          },
          {
            "x": 147,
            "y": 124
          },
          {
            "x": 145,
            "y": 124
          },
          {
            "x": 144,
            "y": 123.0
          },
          {
            "x": 144,
            "y": 118
          },
          {
            "x": 143,
            "y": 117.0
          },
          {
            "x": 143,
            "y": 116
          },
          {
            "x": 141,
            "y": 114
          },
          {
            "x": 141,
            "y": 113
          },
          {
            "x": 139,
            "y": 111
          },
          {
            "x": 136,
            "y": 111
          },
          {
            "x": 134,
            "y": 113
          },
          {
            "x": 134,
            "y": 114
          },
          {
            "x": 133,
            "y": 115
          },
          {
            "x": 133,
            "y": 117.0
          },
          {
            "x": 129,
            "y": 121.0
          },
          {
            "x": 128,
            "y": 121.0
          },
          {
            "x": 127.0,
            "y": 122
          },
          {
            "x": 126,
            "y": 122
          },
          {
            "x": 125.0,
            "y": 121.0
          },
          {
            "x": 124,
            "y": 121.0
          },
          {
            "x": 123.0,
            "y": 120
          },
          {
            "x": 122,
            "y": 120
          },
          {
            "x": 121.0,
            "y": 119.0
          },
          {
            "x": 120,
            "y": 119.0
          },
          {
            "x": 116,
            "y": 115
          },
          {
            "x": 116,
            "y": 113
          },
          {
            "x": 115,
            "y": 112
          },
          {
            "x": 115,
            "y": 110
          },
          {
            "x": 114,
            "y": 109
          },
          {
            "x": 114,
            "y": 108
          }
        ]
      }
    },
    {
      "name": "Shoes Polygon ",
      "polygon": {
        "path": [
          {
            "x": 104,
            "y": 355
          },
          {
            "x": 104,
            "y": 359
          },
          {
            "x": 103.0,
            "y": 360
          },
          {
            "x": 103.0,
            "y": 370
          },
          {
            "x": 105,
            "y": 372
          },
          {
            "x": 105,
            "y": 373
          },
          {
            "x": 106.0,
            "y": 373
          },
          {
            "x": 107,
            "y": 374
          },
          {
            "x": 108.0,
            "y": 374
          },
          {
            "x": 109,
            "y": 375
          },
          {
            "x": 115.0,
            "y": 375
          },
          {
            "x": 117,
            "y": 373
          },
          {
            "x": 117,
            "y": 366
          },
          {
            "x": 116.0,
            "y": 365
          },
          {
            "x": 116.0,
            "y": 355
          },
          {
            "x": 111.0,
            "y": 355
          },
          {
            "x": 110.0,
            "y": 354
          },
          {
            "x": 109,
            "y": 355
          }
        ]
      }
    },
    {
      "name": "Shoes Polygon ",
      "polygon": {
        "path": [
          {
            "x": 128.0,
            "y": 348
          },
          {
            "x": 128.0,
            "y": 355
          },
          {
            "x": 129.0,
            "y": 356
          },
          {
            "x": 129.0,
            "y": 358
          },
          {
            "x": 130,
            "y": 359
          },
          {
            "x": 130,
            "y": 363
          },
          {
            "x": 129.0,
            "y": 364
          },
          {
            "x": 129.0,
            "y": 365
          },
          {
            "x": 130,
            "y": 366
          },
          {
            "x": 130,
            "y": 374
          },
          {
            "x": 131,
            "y": 375
          },
          {
            "x": 133.0,
            "y": 375
          },
          {
            "x": 134,
            "y": 376
          },
          {
            "x": 142.0,
            "y": 376
          },
          {
            "x": 143,
            "y": 375
          },
          {
            "x": 143,
            "y": 373
          },
          {
            "x": 144,
            "y": 372
          },
          {
            "x": 144,
            "y": 368
          },
          {
            "x": 143,
            "y": 367
          },
          {
            "x": 143,
            "y": 364
          },
          {
            "x": 142.0,
            "y": 363
          },
          {
            "x": 142.0,
            "y": 358
          },
          {
            "x": 141.0,
            "y": 357
          },
          {
            "x": 141.0,
            "y": 356
          },
          {
            "x": 140,
            "y": 355
          },
          {
            "x": 135,
            "y": 355
          },
          {
            "x": 134,
            "y": 356
          },
          {
            "x": 132.0,
            "y": 356
          },
          {
            "x": 131,
            "y": 355
          },
          {
            "x": 130,
            "y": 355
          },
          {
            "x": 129.0,
            "y": 354
          },
          {
            "x": 129.0,
            "y": 351
          },
          {
            "x": 128.0,
            "y": 350
          }
        ]
      }
    }
  ]
}