{
  "image": {
    "width": 266,
    "height": 400,
    "filename": "00000639.jpg",
    "original_filename": "000039.jpg",
    "url": "https://darwin.v7labs.com/api/images/1211950/original?token=5cea58b9-0f48-4f62-9905-01f97ea9945c",
    "thumbnail_url": "https://darwin.v7labs.com/api/images/1211950/thumbnail?token=5cea58b9-0f48-4f62-9905-01f97ea9945c",
    "workview_url": "https://darwin.v7labs.com/workview?dataset=1161&image=639"
  },
  "dataset": "Fashion retail",
  "annotated": true,
  "annotations": [
    {
      "name": "Tie Polygon ",
      "polygon": {
        "path": [
          {
            "x": 118.0,
            "y": 149
          },
          {
            "x": 115,
            "y": 152
          },
          {
            "x": 115,
            "y": 154
          },
          {
            "x": 118.0,
            "y": 157
          },
          {
            "x": 118.0,
            "y": 162
          },
          {
            "x": 117,
            "y": 163
          },
          {
            "x": 117,
            "y": 167
          },
          {
            "x": 116,
            "y": 168
          },
          {
            "x": 116,
            "y": 175
          },
          {
            "x": 115,
            "y": 176
          },
          {
            "x": 115,
            "y": 195
          },
          {
            "x": 116,
            "y": 196
          },
          {
            "x": 116,
            "y": 199.0
          },
          {
            "x": 117,
            "y": 200
          },
          {
            "x": 117,
            "y": 201
          },
          {
            "x": 118.0,
            "y": 202
          },
          {
            "x": 118.0,
            "y": 204
          },
          {
            "x": 119.0,
            "y": 205
          },
          {
            "x": 119.0,
            "y": 207
          },
          {
            "x": 120,
            "y": 208
          },
          {
            "x": 120,
            "y": 209
          },
          {
            "x": 121,
            "y": 210.0
          },
          {
            "x": 121,
            "y": 213
          },
          {
            "x": 122,
            "y": 214
          },
          {
            "x": 122,
            "y": 215
          },
          {
            "x": 123,
            "y": 216
          },
          {
            "x": 123,
            "y": 217
          },
          {
            "x": 124,
            "y": 216
          },
          {
            "x": 124,
            "y": 213
          },
          {
            "x": 125.0,
            "y": 212.0
          },
          {
            "x": 125.0,
            "y": 210.0
          },
          {
            "x": 126,
            "y": 209
          },
          {
            "x": 126,
            "y": 207
          },
          {
            "x": 127,
            "y": 206
          },
          {
            "x": 127,
            "y": 204
          },
          {
            "x": 128,
            "y": 203
          },
          {
            "x": 128,
            "y": 199.0
          },
          {
            "x": 129,
            "y": 198.0
          },
          {
            "x": 129,
            "y": 187
          },
          {
            "x": 128,
            "y": 186.0
          },
          {
            "x": 128,
            "y": 176
          },
          {
            "x": 127,
            "y": 175
          },
          {
            "x": 127,
            "y": 169
          },
          {
            "x": 126,
            "y": 168
          },
          {
            "x": 126,
            "y": 164
          },
          {
            "x": 125.0,
            "y": 163
          },
          {
            "x": 125.0,
            "y": 157
          },
          {
            "x": 124,
            "y": 156
          },
          {
            "x": 124,
            "y": 155
          },
          {
            "x": 125.0,
            "y": 154
          },
          {
            "x": 126,
            "y": 154
          },
          {
            "x": 127,
            "y": 153
          },
          {
            "x": 127,
            "y": 152
          },
          {
            "x": 125.0,
            "y": 150
          },
          {
            "x": 124,
            "y": 150
          },
          {
            "x": 123,
            "y": 149
          }
        ]
      }
    },
    {
      "name": "Jacket",
      "polygon": {
        "path": [
          {
            "x": 98.0,
            "y": 143
          },
          {
            "x": 93.0,
            "y": 148
          },
          {
            "x": 92,
            "y": 148
          },
          {
            "x": 89.0,
            "y": 151.0
          },
          {
            "x": 88.0,
            "y": 151.0
          },
          {
            "x": 86.0,
            "y": 153.0
          },
          {
            "x": 84.0,
            "y": 153.0
          },
          {
            "x": 83,
            "y": 154
          },
          {
            "x": 82.0,
            "y": 154
          },
          {
            "x": 80.0,
            "y": 156
          },
          {
            "x": 79,
            "y": 156
          },
          {
            "x": 78.0,
            "y": 157.0
          },
          {
            "x": 77.0,
            "y": 157.0
          },
          {
            "x": 76.0,
            "y": 158
          },
          {
            "x": 75,
            "y": 158
          },
          {
            "x": 74.0,
            "y": 159
          },
          {
            "x": 73.0,
            "y": 159
          },
          {
            "x": 72.0,
            "y": 160
          },
          {
            "x": 71,
            "y": 160
          },
          {
            "x": 70.0,
            "y": 161
          },
          {
            "x": 69.0,
            "y": 161
          },
          {
            "x": 68.0,
            "y": 162
          },
          {
            "x": 67,
            "y": 162
          },
          {
            "x": 66.0,
            "y": 163
          },
          {
            "x": 65.0,
            "y": 163
          },
          {
            "x": 64.0,
            "y": 164
          },
          {
            "x": 62.0,
            "y": 164
          },
          {
            "x": 61.0,
            "y": 165
          },
          {
            "x": 60.0,
            "y": 165
          },
          {
            "x": 59.0,
            "y": 166
          },
          {
            "x": 58.0,
            "y": 166
          },
          {
            "x": 57.0,
            "y": 167
          },
          {
            "x": 56.0,
            "y": 167
          },
          {
            "x": 55.0,
            "y": 168
          },
          {
            "x": 54,
            "y": 168
          },
          {
            "x": 51.0,
            "y": 171
          },
          {
            "x": 51.0,
            "y": 172
          },
          {
            "x": 50,
            "y": 173
          },
          {
            "x": 50,
            "y": 174
          },
          {
            "x": 49.0,
            "y": 175
          },
          {
            "x": 49.0,
            "y": 178.0
          },
          {
            "x": 48.0,
            "y": 179
          },
          {
            "x": 48.0,
            "y": 181
          },
          {
            "x": 47.0,
            "y": 182.0
          },
          {
            "x": 47.0,
            "y": 183
          },
          {
            "x": 46,
            "y": 184
          },
          {
            "x": 46,
            "y": 185
          },
          {
            "x": 45.0,
            "y": 186
          },
          {
            "x": 45.0,
            "y": 196
          },
          {
            "x": 46,
            "y": 197
          },
          {
            "x": 46,
            "y": 201
          },
          {
            "x": 45.0,
            "y": 202
          },
          {
            "x": 45.0,
            "y": 204
          },
          {
            "x": 44.0,
            "y": 205.0
          },
          {
            "x": 44.0,
            "y": 207.0
          },
          {
            "x": 43.0,
            "y": 208
          },
          {
            "x": 43.0,
            "y": 212
          },
          {
            "x": 42.0,
            "y": 213
          },
          {
            "x": 42.0,
            "y": 217
          },
          {
            "x": 41.0,
            "y": 218
          },
          {
            "x": 41.0,
            "y": 220
          },
          {
            "x": 40.0,
            "y": 221
          },
          {
            "x": 40.0,
            "y": 230.0
          },
          {
            "x": 39.0,
            "y": 231
          },
          {
            "x": 39.0,
            "y": 234
          },
          {
            "x": 38.0,
            "y": 235
          },
          {
            "x": 38.0,
            "y": 238
          },
          {
            "x": 37.0,
            "y": 239
          },
          {
            "x": 37.0,
            "y": 241
          },
          {
            "x": 36.0,
            "y": 242
          },
          {
            "x": 36.0,
            "y": 244
          },
          {
            "x": 35.0,
            "y": 245
          },
          {
            "x": 35.0,
            "y": 247
          },
          {
            "x": 34.0,
            "y": 248
          },
          {
            "x": 34.0,
            "y": 249
          },
          {
            "x": 33.0,
            "y": 250
          },
          {
            "x": 33.0,
            "y": 251
          },
          {
            "x": 32.0,
            "y": 252
          },
          {
            "x": 32.0,
            "y": 255.0
          },
          {
            "x": 33.0,
            "y": 256
          },
          {
            "x": 33.0,
            "y": 264
          },
          {
            "x": 34.0,
            "y": 265
          },
          {
            "x": 34.0,
            "y": 271
          },
          {
            "x": 35.0,
            "y": 272
          },
          {
            "x": 35.0,
            "y": 275
          },
          {
            "x": 37.0,
            "y": 277
          },
          {
            "x": 37.0,
            "y": 278
          },
          {
            "x": 39.0,
            "y": 280
          },
          {
            "x": 39.0,
            "y": 281
          },
          {
            "x": 40.0,
            "y": 282
          },
          {
            "x": 40.0,
            "y": 284
          },
          {
            "x": 41.0,
            "y": 285
          },
          {
            "x": 41.0,
            "y": 286
          },
          {
            "x": 42.0,
            "y": 287
          },
          {
            "x": 42.0,
            "y": 288
          },
          {
            "x": 43.0,
            "y": 289
          },
          {
            "x": 43.0,
            "y": 290
          },
          {
            "x": 45.0,
            "y": 292
          },
          {
            "x": 45.0,
            "y": 293
          },
          {
            "x": 47.0,
            "y": 295
          },
          {
            "x": 47.0,
            "y": 296
          },
          {
            "x": 49.0,
            "y": 298
          },
          {
            "x": 49.0,
            "y": 300
          },
          {
            "x": 52.0,
            "y": 303
          },
          {
            "x": 52.0,
            "y": 304
          },
          {
            "x": 57.0,
            "y": 309
          },
          {
            "x": 57.0,
            "y": 310.0
          },
          {
            "x": 58.0,
            "y": 311
          },
          {
            "x": 59.0,
            "y": 311
          },
          {
            "x": 62.0,
            "y": 314.0
          },
          {
            "x": 62.0,
            "y": 325
          },
          {
            "x": 63.0,
            "y": 326
          },
          {
            "x": 63.0,
            "y": 331.0
          },
          {
            "x": 64.0,
            "y": 332
          },
          {
            "x": 64.0,
            "y": 336
          },
          {
            "x": 65.0,
            "y": 337
          },
          {
            "x": 65.0,
            "y": 343
          },
          {
            "x": 66.0,
            "y": 344
          },
          {
            "x": 66.0,
            "y": 358
          },
          {
            "x": 68.0,
            "y": 360.0
          },
          {
            "x": 68.0,
            "y": 361
          },
          {
            "x": 70.0,
            "y": 363
          },
          {
            "x": 71,
            "y": 363
          },
          {
            "x": 72.0,
            "y": 364.0
          },
          {
            "x": 73.0,
            "y": 364.0
          },
          {
            "x": 74.0,
            "y": 365
          },
          {
            "x": 75,
            "y": 365
          },
          {
            "x": 76.0,
            "y": 366
          },
          {
            "x": 78.0,
            "y": 366
          },
          {
            "x": 79,
            "y": 367
          },
          {
            "x": 81.0,
            "y": 367
          },
          {
            "x": 82.0,
            "y": 368
          },
          {
            "x": 83,
            "y": 368
          },
          {
            "x": 84.0,
            "y": 369
          },
          {
            "x": 86.0,
            "y": 369
          },
          {
            "x": 87,
            "y": 370
          },
          {
            "x": 106.0,
            "y": 370
          },
          {
            "x": 107.0,
            "y": 371
          },
          {
            "x": 118.0,
            "y": 371
          },
          {
            "x": 119.0,
            "y": 372
          },
          {
            "x": 127.0,
            "y": 372
          },
          {
            "x": 128.0,
            "y": 371
          },
          {
            "x": 130.0,
            "y": 371
          },
          {
            "x": 131.0,
            "y": 370
          },
          {
            "x": 145,
            "y": 370
          },
          {
            "x": 146,
            "y": 369
          },
          {
            "x": 155.0,
            "y": 369
          },
          {
            "x": 156.0,
            "y": 368
          },
          {
            "x": 163,
            "y": 368
          },
          {
            "x": 164.0,
            "y": 367
          },
          {
            "x": 166,
            "y": 367
          },
          {
            "x": 168.0,
            "y": 365
          },
          {
            "x": 169.0,
            "y": 365
          },
          {
            "x": 170,
            "y": 364.0
          },
          {
            "x": 171,
            "y": 364.0
          },
          {
            "x": 172.0,
            "y": 363
          },
          {
            "x": 173.0,
            "y": 363
          },
          {
            "x": 175,
            "y": 361
          },
          {
            "x": 178.0,
            "y": 361
          },
          {
            "x": 179,
            "y": 360.0
          },
          {
            "x": 183,
            "y": 360.0
          },
          {
            "x": 184,
            "y": 359
          },
          {
            "x": 185.0,
            "y": 359
          },
          {
            "x": 192,
            "y": 352.0
          },
          {
            "x": 192,
            "y": 350
          },
          {
            "x": 193.0,
            "y": 349
          },
          {
            "x": 192,
            "y": 348
          },
          {
            "x": 192,
            "y": 343
          },
          {
            "x": 191,
            "y": 342
          },
          {
            "x": 191,
            "y": 312
          },
          {
            "x": 192,
            "y": 311
          },
          {
            "x": 192,
            "y": 310.0
          },
          {
            "x": 193.0,
            "y": 309
          },
          {
            "x": 193.0,
            "y": 308
          },
          {
            "x": 194.0,
            "y": 307
          },
          {
            "x": 194.0,
            "y": 306.0
          },
          {
            "x": 195,
            "y": 305
          },
          {
            "x": 195,
            "y": 304
          },
          {
            "x": 198.0,
            "y": 301
          },
          {
            "x": 198.0,
            "y": 300
          },
          {
            "x": 200,
            "y": 298
          },
          {
            "x": 200,
            "y": 296
          },
          {
            "x": 201.0,
            "y": 295
          },
          {
            "x": 201.0,
            "y": 294
          },
          {
            "x": 202.0,
            "y": 293
          },
          {
            "x": 202.0,
            "y": 292
          },
          {
            "x": 205.0,
            "y": 289
          },
          {
            "x": 205.0,
            "y": 288
          },
          {
            "x": 206.0,
            "y": 287
          },
          {
            "x": 206.0,
            "y": 285
          },
          {
            "x": 207.0,
            "y": 284
          },
          {
            "x": 207.0,
            "y": 283
          },
          {
            "x": 208,
            "y": 282
          },
          {
            "x": 208,
            "y": 281
          },
          {
            "x": 209,
            "y": 280
          },
          {
            "x": 209,
            "y": 279
          },
          {
            "x": 211.0,
            "y": 277
          },
          {
            "x": 211.0,
            "y": 274
          },
          {
            "x": 212,
            "y": 273
          },
          {
            "x": 212,
            "y": 269
          },
          {
            "x": 213,
            "y": 268
          },
          {
            "x": 213,
            "y": 263
          },
          {
            "x": 214.0,
            "y": 262
          },
          {
            "x": 214.0,
            "y": 259
          },
          {
            "x": 215.0,
            "y": 258
          },
          {
            "x": 215.0,
            "y": 254
          },
          {
            "x": 214.0,
            "y": 253.0
          },
          {
            "x": 214.0,
            "y": 249
          },
          {
            "x": 213,
            "y": 248
          },
          {
            "x": 213,
            "y": 246
          },
          {
            "x": 212,
            "y": 245
          },
          {
            "x": 212,
            "y": 243
          },
          {
            "x": 211.0,
            "y": 242
          },
          {
            "x": 211.0,
            "y": 240
          },
          {
            "x": 210.0,
            "y": 239
          },
          {
            "x": 210.0,
            "y": 238
          },
          {
            "x": 208,
            "y": 236
          },
          {
            "x": 208,
            "y": 234
          },
          {
            "x": 207.0,
            "y": 233
          },
          {
            "x": 207.0,
            "y": 229
          },
          {
            "x": 206.0,
            "y": 228.0
          },
          {
            "x": 206.0,
            "y": 221
          },
          {
            "x": 205.0,
            "y": 220
          },
          {
            "x": 205.0,
            "y": 218
          },
          {
            "x": 204,
            "y": 217
          },
          {
            "x": 204,
            "y": 216
          },
          {
            "x": 203.0,
            "y": 215
          },
          {
            "x": 203.0,
            "y": 212
          },
          {
            "x": 202.0,
            "y": 211
          },
          {
            "x": 202.0,
            "y": 199
          },
          {
            "x": 201.0,
            "y": 198
          },
          {
            "x": 201.0,
            "y": 195
          },
          {
            "x": 199,
            "y": 193
          },
          {
            "x": 199,
            "y": 192
          },
          {
            "x": 197.0,
            "y": 190
          },
          {
            "x": 197.0,
            "y": 188
          },
          {
            "x": 196,
            "y": 187
          },
          {
            "x": 196,
            "y": 185
          },
          {
            "x": 195,
            "y": 184
          },
          {
            "x": 195,
            "y": 180.0
          },
          {
            "x": 194.0,
            "y": 179
          },
          {
            "x": 194.0,
            "y": 176.0
          },
          {
            "x": 193.0,
            "y": 175
          },
          {
            "x": 193.0,
            "y": 173
          },
          {
            "x": 192,
            "y": 172
          },
          {
            "x": 192,
            "y": 170
          },
          {
            "x": 191,
            "y": 169
          },
          {
            "x": 191,
            "y": 168
          },
          {
            "x": 189.0,
            "y": 166
          },
          {
            "x": 189.0,
            "y": 165
          },
          {
            "x": 188,
            "y": 165
          },
          {
            "x": 186.0,
            "y": 163
          },
          {
            "x": 185.0,
            "y": 163
          },
          {
            "x": 184,
            "y": 162
          },
          {
            "x": 182.0,
            "y": 162
          },
          {
            "x": 181.0,
            "y": 161
          },
          {
            "x": 179,
            "y": 161
          },
          {
            "x": 178.0,
            "y": 160
          },
          {
            "x": 176.0,
            "y": 160
          },
          {
            "x": 175,
            "y": 159
          },
          {
            "x": 173.0,
            "y": 159
          },
          {
            "x": 172.0,
            "y": 158
          },
          {
            "x": 171,
            "y": 158
          },
          {
            "x": 170,
            "y": 157.0
          },
          {
            "x": 169.0,
            "y": 157.0
          },
          {
            "x": 168.0,
            "y": 156
          },
          {
            "x": 166,
            "y": 156
          },
          {
            "x": 165.0,
            "y": 155.0
          },
          {
            "x": 164.0,
            "y": 155.0
          },
          {
            "x": 163,
            "y": 154
          },
          {
            "x": 162,
            "y": 154
          },
          {
            "x": 161.0,
            "y": 153.0
          },
          {
            "x": 159,
            "y": 153.0
          },
          {
            "x": 158,
            "y": 152
          },
          {
            "x": 157.0,
            "y": 152
          },
          {
            "x": 156.0,
            "y": 151.0
          },
          {
            "x": 155.0,
            "y": 151.0
          },
          {
            "x": 154,
            "y": 150
          },
          {
            "x": 153.0,
            "y": 150
          },
          {
            "x": 152.0,
            "y": 149
          },
          {
            "x": 151.0,
            "y": 149
          },
          {
            "x": 150,
            "y": 148
          },
          {
            "x": 149,
            "y": 148
          },
          {
            "x": 144.0,
            "y": 143
          },
          {
            "x": 142,
            "y": 143
          },
          {
            "x": 142,
            "y": 147
          },
          {
            "x": 141,
            "y": 148
          },
          {
            "x": 141,
            "y": 152
          },
          {
            "x": 140.0,
            "y": 153.0
          },
          {
            "x": 140.0,
            "y": 156
          },
          {
            "x": 139.0,
            "y": 157.0
          },
          {
            "x": 139.0,
            "y": 160
          },
          {
            "x": 138,
            "y": 161
          },
          {
            "x": 138,
            "y": 167
          },
          {
            "x": 137,
            "y": 168
          },
          {
            "x": 137,
            "y": 171
          },
          {
            "x": 136.0,
            "y": 172
          },
          {
            "x": 136.0,
            "y": 175
          },
          {
            "x": 135.0,
            "y": 176.0
          },
          {
            "x": 135.0,
            "y": 179
          },
          {
            "x": 134,
            "y": 180.0
          },
          {
            "x": 134,
            "y": 184
          },
          {
            "x": 133,
            "y": 185
          },
          {
            "x": 133,
            "y": 187
          },
          {
            "x": 132.0,
            "y": 188
          },
          {
            "x": 132.0,
            "y": 190
          },
          {
            "x": 131.0,
            "y": 191
          },
          {
            "x": 131.0,
            "y": 197
          },
          {
            "x": 130.0,
            "y": 198
          },
          {
            "x": 130.0,
            "y": 202
          },
          {
            "x": 129,
            "y": 203.0
          },
          {
            "x": 129,
            "y": 205.0
          },
          {
            "x": 128.0,
            "y": 206
          },
          {
            "x": 128.0,
            "y": 210
          },
          {
            "x": 127.0,
            "y": 211
          },
          {
            "x": 127.0,
            "y": 213
          },
          {
            "x": 126.0,
            "y": 214
          },
          {
            "x": 126.0,
            "y": 215
          },
          {
            "x": 124.0,
            "y": 217
          },
          {
            "x": 122.0,
            "y": 215
          },
          {
            "x": 122.0,
            "y": 213
          },
          {
            "x": 121,
            "y": 212
          },
          {
            "x": 121,
            "y": 211
          },
          {
            "x": 120.0,
            "y": 210
          },
          {
            "x": 120.0,
            "y": 208
          },
          {
            "x": 119.0,
            "y": 207.0
          },
          {
            "x": 119.0,
            "y": 206
          },
          {
            "x": 118.0,
            "y": 205.0
          },
          {
            "x": 118.0,
            "y": 203.0
          },
          {
            "x": 117,
            "y": 202
          },
          {
            "x": 117,
            "y": 200
          },
          {
            "x": 116.0,
            "y": 199
          },
          {
            "x": 116.0,
            "y": 197
          },
          {
            "x": 115.0,
            "y": 196
          },
          {
            "x": 115.0,
            "y": 194
          },
          {
            "x": 114.0,
            "y": 193
          },
          {
            "x": 114.0,
            "y": 192
          },
          {
            "x": 112,
            "y": 190
          },
          {
            "x": 112,
            "y": 187
          },
          {
            "x": 111.0,
            "y": 186
          },
          {
            "x": 111.0,
            "y": 184
          },
          {
            "x": 110.0,
            "y": 183
          },
          {
            "x": 110.0,
            "y": 182.0
          },
          {
            "x": 109.0,
            "y": 181
          },
          {
            "x": 109.0,
            "y": 179
          },
          {
            "x": 108,
            "y": 178.0
          },
          {
            "x": 108,
            "y": 177
          },
          {
            "x": 107.0,
            "y": 176.0
          },
          {
            "x": 107.0,
            "y": 173
          },
          {
            "x": 106.0,
            "y": 172
          },
          {
            "x": 106.0,
            "y": 170
          },
          {
            "x": 105.0,
            "y": 169
          },
          {
            "x": 105.0,
            "y": 167
          },
          {
            "x": 104,
            "y": 166
          },
          {
            "x": 104,
            "y": 164
          },
          {
            "x": 103.0,
            "y": 163
          },
          {
            "x": 103.0,
            "y": 161
          },
          {
            "x": 102.0,
            "y": 160
          },
          {
            "x": 102.0,
            "y": 157.0
          },
          {
            "x": 101.0,
            "y": 156
          },
          {
            "x": 101.0,
            "y": 154
          },
          {
            "x": 100,
            "y": 153.0
          },
          {
            "x": 100,
            "y": 150
          },
          {
            "x": 99.0,
            "y": 149
          },
          {
            "x": 99.0,
            "y": 143
          }
        ]
      }
    }
  ]
}