{
  "image": {
    "width": 267,
    "height": 400,
    "filename": "00000692.jpg",
    "original_filename": "000092.jpg",
    "url": "https://darwin.v7labs.com/api/images/1212003/original?token=5cea58b9-0f48-4f62-9905-01f97ea9945c",
    "thumbnail_url": "https://darwin.v7labs.com/api/images/1212003/thumbnail?token=5cea58b9-0f48-4f62-9905-01f97ea9945c",
    "workview_url": "https://darwin.v7labs.com/workview?dataset=1161&image=692"
  },
  "dataset": "Fashion retail",
  "annotated": true,
  "annotations": [
    {
      "name": "Jacket",
      "polygon": {
        "path": [
          {
            "x": 171,
            "y": 80
          },
          {
            "x": 168.0,
            "y": 80
          },
          {
            "x": 167,
            "y": 79
          },
          {
            "x": 161.0,
            "y": 79
          },
          {
            "x": 160.0,
            "y": 78
          },
          {
            "x": 159,
            "y": 78
          },
          {
            "x": 158,
            "y": 77
          },
          {
            "x": 156.0,
            "y": 77
          },
          {
            "x": 155.0,
            "y": 76
          },
          {
            "x": 154,
            "y": 76
          },
          {
            "x": 152.0,
            "y": 74
          },
          {
            "x": 151.0,
            "y": 74
          },
          {
            "x": 149,
            "y": 72
          },
          {
            "x": 148.0,
            "y": 73
          },
          {
            "x": 148.0,
            "y": 83
          },
          {
            "x": 147.0,
            "y": 84
          },
          {
            "x": 147.0,
            "y": 85
          },
          {
            "x": 146,
            "y": 86
          },
          {
            "x": 146,
            "y": 87
          },
          {
            "x": 145,
            "y": 88.0
          },
          {
            "x": 145,
            "y": 90.0
          },
          {
            "x": 144.0,
            "y": 91.0
          },
          {
            "x": 144.0,
            "y": 93
          },
          {
            "x": 143.0,
            "y": 94
          },
          {
            "x": 143.0,
            "y": 95
          },
          {
            "x": 142,
            "y": 96
          },
          {
            "x": 142,
            "y": 98
          },
          {
            "x": 141,
            "y": 99
          },
          {
            "x": 141,
            "y": 127
          },
          {
            "x": 140.0,
            "y": 128
          },
          {
            "x": 140.0,
            "y": 141
          },
          {
            "x": 139.0,
            "y": 142
          },
          {
            "x": 139.0,
            "y": 149
          },
          {
            "x": 138,
            "y": 150
          },
          {
            "x": 138,
            "y": 153.0
          },
          {
            "x": 137,
            "y": 154
          },
          {
            "x": 137,
            "y": 163
          },
          {
            "x": 136.0,
            "y": 164
          },
          {
            "x": 136.0,
            "y": 168
          },
          {
            "x": 135.0,
            "y": 169
          },
          {
            "x": 135.0,
            "y": 170
          },
          {
            "x": 132.0,
            "y": 173
          },
          {
            "x": 130.0,
            "y": 171
          },
          {
            "x": 130.0,
            "y": 170
          },
          {
            "x": 129,
            "y": 169
          },
          {
            "x": 129,
            "y": 168
          },
          {
            "x": 128.0,
            "y": 167
          },
          {
            "x": 128.0,
            "y": 166
          },
          {
            "x": 127.0,
            "y": 165
          },
          {
            "x": 127.0,
            "y": 163
          },
          {
            "x": 126.0,
            "y": 162
          },
          {
            "x": 126.0,
            "y": 159
          },
          {
            "x": 125,
            "y": 158
          },
          {
            "x": 125,
            "y": 152
          },
          {
            "x": 124.0,
            "y": 151.0
          },
          {
            "x": 124.0,
            "y": 123
          },
          {
            "x": 125,
            "y": 122
          },
          {
            "x": 125,
            "y": 103
          },
          {
            "x": 124.0,
            "y": 102
          },
          {
            "x": 124.0,
            "y": 100
          },
          {
            "x": 125,
            "y": 99
          },
          {
            "x": 125,
            "y": 97
          },
          {
            "x": 123.0,
            "y": 95
          },
          {
            "x": 123.0,
            "y": 93
          },
          {
            "x": 122.0,
            "y": 92
          },
          {
            "x": 122.0,
            "y": 91.0
          },
          {
            "x": 121,
            "y": 90.0
          },
          {
            "x": 121,
            "y": 88.0
          },
          {
            "x": 120.0,
            "y": 87
          },
          {
            "x": 120.0,
            "y": 84
          },
          {
            "x": 119.0,
            "y": 83
          },
          {
            "x": 119.0,
            "y": 82
          },
          {
            "x": 120.0,
            "y": 81
          },
          {
            "x": 120.0,
            "y": 77
          },
          {
            "x": 121,
            "y": 76
          },
          {
            "x": 121,
            "y": 74
          },
          {
            "x": 120.0,
            "y": 73
          },
          {
            "x": 119.0,
            "y": 74
          },
          {
            "x": 118.0,
            "y": 74
          },
          {
            "x": 117,
            "y": 75
          },
          {
            "x": 117,
            "y": 76
          },
          {
            "x": 115.0,
            "y": 78
          },
          {
            "x": 114.0,
            "y": 78
          },
          {
            "x": 112,
            "y": 80
          },
          {
            "x": 110.0,
            "y": 80
          },
          {
            "x": 109.0,
            "y": 81
          },
          {
            "x": 108,
            "y": 81
          },
          {
            "x": 107.0,
            "y": 82
          },
          {
            "x": 105.0,
            "y": 82
          },
          {
            "x": 103.0,
            "y": 84
          },
          {
            "x": 102.0,
            "y": 84
          },
          {
            "x": 101.0,
            "y": 85
          },
          {
            "x": 100,
            "y": 85
          },
          {
            "x": 99.0,
            "y": 86
          },
          {
            "x": 98.0,
            "y": 86
          },
          {
            "x": 96,
            "y": 88.0
          },
          {
            "x": 94.0,
            "y": 88.0
          },
          {
            "x": 91.0,
            "y": 91.0
          },
          {
            "x": 90.0,
            "y": 91.0
          },
          {
            "x": 87,
            "y": 94
          },
          {
            "x": 87,
            "y": 95
          },
          {
            "x": 86.0,
            "y": 96
          },
          {
            "x": 85.0,
            "y": 96
          },
          {
            "x": 85.0,
            "y": 97
          },
          {
            "x": 84.0,
            "y": 98
          },
          {
            "x": 84.0,
            "y": 99
          },
          {
            "x": 83,
            "y": 100
          },
          {
            "x": 83,
            "y": 101
          },
          {
            "x": 82.0,
            "y": 102
          },
          {
            "x": 82.0,
            "y": 103
          },
          {
            "x": 81.0,
            "y": 104
          },
          {
            "x": 81.0,
            "y": 105
          },
          {
            "x": 80.0,
            "y": 106
          },
          {
            "x": 80.0,
            "y": 108
          },
          {
            "x": 79,
            "y": 109
          },
          {
            "x": 79,
            "y": 112
          },
          {
            "x": 78.0,
            "y": 113
          },
          {
            "x": 78.0,
            "y": 115.0
          },
          {
            "x": 77.0,
            "y": 116.0
          },
          {
            "x": 77.0,
            "y": 118
          },
          {
            "x": 76.0,
            "y": 119
          },
          {
            "x": 76.0,
            "y": 120
          },
          {
            "x": 75,
            "y": 121
          },
          {
            "x": 75,
            "y": 125
          },
          {
            "x": 74.0,
            "y": 126
          },
          {
            "x": 74.0,
            "y": 130
          },
          {
            "x": 73.0,
            "y": 131
          },
          {
            "x": 73.0,
            "y": 134
          },
          {
            "x": 72.0,
            "y": 135
          },
          {
            "x": 72.0,
            "y": 138
          },
          {
            "x": 71,
            "y": 139
          },
          {
            "x": 71,
            "y": 144
          },
          {
            "x": 70.0,
            "y": 145
          },
          {
            "x": 70.0,
            "y": 147
          },
          {
            "x": 69.0,
            "y": 148
          },
          {
            "x": 69.0,
            "y": 151.0
          },
          {
            "x": 68.0,
            "y": 152
          },
          {
            "x": 68.0,
            "y": 155.0
          },
          {
            "x": 67,
            "y": 156
          },
          {
            "x": 67,
            "y": 158
          },
          {
            "x": 66.0,
            "y": 159
          },
          {
            "x": 66.0,
            "y": 163
          },
          {
            "x": 67,
            "y": 164
          },
          {
            "x": 67,
            "y": 167
          },
          {
            "x": 68.0,
            "y": 168
          },
          {
            "x": 68.0,
            "y": 173
          },
          {
            "x": 69.0,
            "y": 174
          },
          {
            "x": 69.0,
            "y": 178.0
          },
          {
            "x": 70.0,
            "y": 179
          },
          {
            "x": 70.0,
            "y": 181
          },
          {
            "x": 73.0,
            "y": 184
          },
          {
            "x": 73.0,
            "y": 185
          },
          {
            "x": 74.0,
            "y": 185
          },
          {
            "x": 75,
            "y": 186
          },
          {
            "x": 75,
            "y": 187
          },
          {
            "x": 76.0,
            "y": 187
          },
          {
            "x": 77.0,
            "y": 188
          },
          {
            "x": 78.0,
            "y": 188
          },
          {
            "x": 80.0,
            "y": 190
          },
          {
            "x": 81.0,
            "y": 190
          },
          {
            "x": 82.0,
            "y": 191
          },
          {
            "x": 83,
            "y": 191
          },
          {
            "x": 86.0,
            "y": 194
          },
          {
            "x": 87,
            "y": 194
          },
          {
            "x": 89.0,
            "y": 196
          },
          {
            "x": 89.0,
            "y": 197
          },
          {
            "x": 93.0,
            "y": 201
          },
          {
            "x": 93.0,
            "y": 206
          },
          {
            "x": 94.0,
            "y": 207.0
          },
          {
            "x": 94.0,
            "y": 211
          },
          {
            "x": 93.0,
            "y": 212
          },
          {
            "x": 93.0,
            "y": 213
          },
          {
            "x": 94.0,
            "y": 214
          },
          {
            "x": 94.0,
            "y": 219
          },
          {
            "x": 95.0,
            "y": 220
          },
          {
            "x": 96,
            "y": 220
          },
          {
            "x": 97.0,
            "y": 221
          },
          {
            "x": 98.0,
            "y": 221
          },
          {
            "x": 99.0,
            "y": 222
          },
          {
            "x": 101.0,
            "y": 222
          },
          {
            "x": 102.0,
            "y": 223
          },
          {
            "x": 106.0,
            "y": 223
          },
          {
            "x": 107.0,
            "y": 224
          },
          {
            "x": 115.0,
            "y": 224
          },
          {
            "x": 116.0,
            "y": 225
          },
          {
            "x": 127.0,
            "y": 225
          },
          {
            "x": 128.0,
            "y": 224
          },
          {
            "x": 131.0,
            "y": 224
          },
          {
            "x": 133,
            "y": 222
          },
          {
            "x": 135.0,
            "y": 222
          },
          {
            "x": 136.0,
            "y": 223
          },
          {
            "x": 145,
            "y": 223
          },
          {
            "x": 146,
            "y": 222
          },
          {
            "x": 165.0,
            "y": 222
          },
          {
            "x": 166,
            "y": 221
          },
          {
            "x": 171,
            "y": 221
          },
          {
            "x": 172.0,
            "y": 220
          },
          {
            "x": 174,
            "y": 220
          },
          {
            "x": 175,
            "y": 219
          },
          {
            "x": 176.0,
            "y": 219
          },
          {
            "x": 177.0,
            "y": 218
          },
          {
            "x": 178.0,
            "y": 218
          },
          {
            "x": 178.0,
            "y": 217
          },
          {
            "x": 182.0,
            "y": 213
          },
          {
            "x": 182.0,
            "y": 210
          },
          {
            "x": 181.0,
            "y": 209
          },
          {
            "x": 181.0,
            "y": 205.0
          },
          {
            "x": 184,
            "y": 202
          },
          {
            "x": 184,
            "y": 201
          },
          {
            "x": 183,
            "y": 200
          },
          {
            "x": 181.0,
            "y": 200
          },
          {
            "x": 180.0,
            "y": 199
          },
          {
            "x": 179,
            "y": 199
          },
          {
            "x": 176.0,
            "y": 196
          },
          {
            "x": 176.0,
            "y": 194
          },
          {
            "x": 177.0,
            "y": 193
          },
          {
            "x": 177.0,
            "y": 190
          },
          {
            "x": 179,
            "y": 188
          },
          {
            "x": 179,
            "y": 187
          },
          {
            "x": 180.0,
            "y": 186
          },
          {
            "x": 180.0,
            "y": 185
          },
          {
            "x": 183,
            "y": 182.0
          },
          {
            "x": 188,
            "y": 182.0
          },
          {
            "x": 189.0,
            "y": 183
          },
          {
            "x": 195,
            "y": 183
          },
          {
            "x": 199,
            "y": 179
          },
          {
            "x": 199,
            "y": 178.0
          },
          {
            "x": 201.0,
            "y": 176.0
          },
          {
            "x": 201.0,
            "y": 175
          },
          {
            "x": 203.0,
            "y": 173
          },
          {
            "x": 203.0,
            "y": 171
          },
          {
            "x": 204,
            "y": 170
          },
          {
            "x": 204,
            "y": 167
          },
          {
            "x": 205.0,
            "y": 166
          },
          {
            "x": 205.0,
            "y": 156
          },
          {
            "x": 206.0,
            "y": 155.0
          },
          {
            "x": 206.0,
            "y": 145
          },
          {
            "x": 205.0,
            "y": 144
          },
          {
            "x": 205.0,
            "y": 140
          },
          {
            "x": 204,
            "y": 139
          },
          {
            "x": 204,
            "y": 136
          },
          {
            "x": 203.0,
            "y": 135
          },
          {
            "x": 203.0,
            "y": 133
          },
          {
            "x": 202.0,
            "y": 132
          },
          {
            "x": 202.0,
            "y": 131
          },
          {
            "x": 201.0,
            "y": 130
          },
          {
            "x": 201.0,
            "y": 128
          },
          {
            "x": 200,
            "y": 127
          },
          {
            "x": 200,
            "y": 126
          },
          {
            "x": 199,
            "y": 125
          },
          {
            "x": 199,
            "y": 124
          },
          {
            "x": 198.0,
            "y": 123
          },
          {
            "x": 198.0,
            "y": 122
          },
          {
            "x": 197.0,
            "y": 121
          },
          {
            "x": 197.0,
            "y": 120
          },
          {
            "x": 196,
            "y": 119
          },
          {
            "x": 196,
            "y": 117
          },
          {
            "x": 195,
            "y": 116.0
          },
          {
            "x": 195,
            "y": 113
          },
          {
            "x": 194.0,
            "y": 112
          },
          {
            "x": 194.0,
            "y": 110
          },
          {
            "x": 193.0,
            "y": 109
          },
          {
            "x": 193.0,
            "y": 107
          },
          {
            "x": 191,
            "y": 105
          },
          {
            "x": 191,
            "y": 103
          },
          {
            "x": 190.0,
            "y": 102
          },
          {
            "x": 190.0,
            "y": 101
          },
          {
            "x": 189.0,
            "y": 100
          },
          {
            "x": 189.0,
            "y": 99
          },
          {
            "x": 188,
            "y": 98
          },
          {
            "x": 188,
            "y": 97
          },
          {
            "x": 187,
            "y": 96
          },
          {
            "x": 187,
            "y": 95
          },
          {
            "x": 186.0,
            "y": 94
          },
          {
            "x": 186.0,
            "y": 93
          },
          {
            "x": 184,
            "y": 91.0
          },
          {
            "x": 184,
            "y": 90.0
          },
          {
            "x": 178.0,
            "y": 84
          },
          {
            "x": 177.0,
            "y": 84
          },
          {
            "x": 176.0,
            "y": 83
          },
          {
            "x": 175,
            "y": 83
          },
          {
            "x": 173.0,
            "y": 81
          },
          {
            "x": 172.0,
            "y": 81
          }
        ]
      }
    },
    {
      "name": "Trousers Polygon ",
      "polygon": {
        "path": [
          {
            "x": 173,
            "y": 220.0
          },
          {
            "x": 171.0,
            "y": 220.0
          },
          {
            "x": 170,
            "y": 221.0
          },
          {
            "x": 168.0,
            "y": 221.0
          },
          {
            "x": 167,
            "y": 222
          },
          {
            "x": 156.0,
            "y": 222
          },
          {
            "x": 155,
            "y": 223.0
          },
          {
            "x": 142,
            "y": 223.0
          },
          {
            "x": 141,
            "y": 224.0
          },
          {
            "x": 138,
            "y": 224.0
          },
          {
            "x": 137.0,
            "y": 223.0
          },
          {
            "x": 134.0,
            "y": 223.0
          },
          {
            "x": 133,
            "y": 222
          },
          {
            "x": 132,
            "y": 222
          },
          {
            "x": 130,
            "y": 224.0
          },
          {
            "x": 129,
            "y": 224.0
          },
          {
            "x": 128.0,
            "y": 225
          },
          {
            "x": 108,
            "y": 225
          },
          {
            "x": 107.0,
            "y": 224.0
          },
          {
            "x": 103.0,
            "y": 224.0
          },
          {
            "x": 102,
            "y": 223.0
          },
          {
            "x": 101.0,
            "y": 223.0
          },
          {
            "x": 100.0,
            "y": 222
          },
          {
            "x": 97.0,
            "y": 222
          },
          {
            "x": 96,
            "y": 221.0
          },
          {
            "x": 95.0,
            "y": 221.0
          },
          {
            "x": 94.0,
            "y": 220.0
          },
          {
            "x": 93.0,
            "y": 221.0
          },
          {
            "x": 93.0,
            "y": 223.0
          },
          {
            "x": 92.0,
            "y": 224.0
          },
          {
            "x": 92.0,
            "y": 228
          },
          {
            "x": 91.0,
            "y": 229
          },
          {
            "x": 91.0,
            "y": 235
          },
          {
            "x": 90.0,
            "y": 236.0
          },
          {
            "x": 90.0,
            "y": 240
          },
          {
            "x": 89,
            "y": 241
          },
          {
            "x": 89,
            "y": 244
          },
          {
            "x": 88.0,
            "y": 245.0
          },
          {
            "x": 88.0,
            "y": 255.0
          },
          {
            "x": 87.0,
            "y": 256
          },
          {
            "x": 87.0,
            "y": 267
          },
          {
            "x": 86,
            "y": 268
          },
          {
            "x": 86,
            "y": 275
          },
          {
            "x": 85.0,
            "y": 276
          },
          {
            "x": 85.0,
            "y": 301
          },
          {
            "x": 84.0,
            "y": 302
          },
          {
            "x": 84.0,
            "y": 306
          },
          {
            "x": 83,
            "y": 307
          },
          {
            "x": 83,
            "y": 313
          },
          {
            "x": 84.0,
            "y": 314
          },
          {
            "x": 84.0,
            "y": 317
          },
          {
            "x": 85.0,
            "y": 318
          },
          {
            "x": 85.0,
            "y": 322
          },
          {
            "x": 86,
            "y": 323
          },
          {
            "x": 86,
            "y": 325
          },
          {
            "x": 87.0,
            "y": 326
          },
          {
            "x": 87.0,
            "y": 329
          },
          {
            "x": 88.0,
            "y": 330
          },
          {
            "x": 88.0,
            "y": 344
          },
          {
            "x": 89,
            "y": 345
          },
          {
            "x": 89,
            "y": 349
          },
          {
            "x": 90.0,
            "y": 350
          },
          {
            "x": 90.0,
            "y": 352
          },
          {
            "x": 91.0,
            "y": 353
          },
          {
            "x": 91.0,
            "y": 355
          },
          {
            "x": 92.0,
            "y": 356
          },
          {
            "x": 92.0,
            "y": 362
          },
          {
            "x": 93.0,
            "y": 363
          },
          {
            "x": 93.0,
            "y": 365
          },
          {
            "x": 94.0,
            "y": 366
          },
          {
            "x": 94.0,
            "y": 369
          },
          {
            "x": 95.0,
            "y": 370
          },
          {
            "x": 95.0,
            "y": 372
          },
          {
            "x": 96,
            "y": 373
          },
          {
            "x": 96,
            "y": 376
          },
          {
            "x": 97.0,
            "y": 377
          },
          {
            "x": 97.0,
            "y": 381
          },
          {
            "x": 98.0,
            "y": 382
          },
          {
            "x": 98.0,
            "y": 385
          },
          {
            "x": 97.0,
            "y": 386
          },
          {
            "x": 97.0,
            "y": 395
          },
          {
            "x": 98.0,
            "y": 396
          },
          {
            "x": 98.0,
            "y": 397
          },
          {
            "x": 99,
            "y": 398
          },
          {
            "x": 125.0,
            "y": 398
          },
          {
            "x": 124.0,
            "y": 397
          },
          {
            "x": 124.0,
            "y": 394
          },
          {
            "x": 123,
            "y": 393
          },
          {
            "x": 123,
            "y": 384
          },
          {
            "x": 122.0,
            "y": 383
          },
          {
            "x": 122.0,
            "y": 379
          },
          {
            "x": 121.0,
            "y": 378
          },
          {
            "x": 121.0,
            "y": 371
          },
          {
            "x": 120,
            "y": 370
          },
          {
            "x": 120,
            "y": 367
          },
          {
            "x": 119.0,
            "y": 366
          },
          {
            "x": 119.0,
            "y": 360
          },
          {
            "x": 118.0,
            "y": 359
          },
          {
            "x": 118.0,
            "y": 354
          },
          {
            "x": 117,
            "y": 353
          },
          {
            "x": 117,
            "y": 347
          },
          {
            "x": 116.0,
            "y": 346
          },
          {
            "x": 116.0,
            "y": 340
          },
          {
            "x": 115.0,
            "y": 339
          },
          {
            "x": 115.0,
            "y": 337
          },
          {
            "x": 114,
            "y": 336
          },
          {
            "x": 114,
            "y": 331
          },
          {
            "x": 113.0,
            "y": 330
          },
          {
            "x": 113.0,
            "y": 328
          },
          {
            "x": 112.0,
            "y": 327
          },
          {
            "x": 112.0,
            "y": 319
          },
          {
            "x": 111,
            "y": 318
          },
          {
            "x": 111,
            "y": 315
          },
          {
            "x": 113.0,
            "y": 313
          },
          {
            "x": 113.0,
            "y": 312
          },
          {
            "x": 114,
            "y": 311
          },
          {
            "x": 114,
            "y": 308
          },
          {
            "x": 113.0,
            "y": 307
          },
          {
            "x": 113.0,
            "y": 305
          },
          {
            "x": 112.0,
            "y": 304
          },
          {
            "x": 112.0,
            "y": 296
          },
          {
            "x": 113.0,
            "y": 295
          },
          {
            "x": 113.0,
            "y": 294
          },
          {
            "x": 116.0,
            "y": 291
          },
          {
            "x": 116.0,
            "y": 290
          },
          {
            "x": 117,
            "y": 289
          },
          {
            "x": 117,
            "y": 288
          },
          {
            "x": 118.0,
            "y": 287
          },
          {
            "x": 118.0,
            "y": 286
          },
          {
            "x": 119.0,
            "y": 285
          },
          {
            "x": 119.0,
            "y": 284
          },
          {
            "x": 120,
            "y": 283
          },
          {
            "x": 120,
            "y": 282
          },
          {
            "x": 121.0,
            "y": 281
          },
          {
            "x": 121.0,
            "y": 279
          },
          {
            "x": 123,
            "y": 277
          },
          {
            "x": 123,
            "y": 275
          },
          {
            "x": 124.0,
            "y": 274
          },
          {
            "x": 124.0,
            "y": 273
          },
          {
            "x": 126.0,
            "y": 271
          },
          {
            "x": 126.0,
            "y": 270
          },
          {
            "x": 127.0,
            "y": 269
          },
          {
            "x": 127.0,
            "y": 268
          },
          {
            "x": 128.0,
            "y": 267
          },
          {
            "x": 128.0,
            "y": 266
          },
          {
            "x": 130,
            "y": 264
          },
          {
            "x": 130,
            "y": 263
          },
          {
            "x": 132,
            "y": 261
          },
          {
            "x": 133,
            "y": 261
          },
          {
            "x": 134.0,
            "y": 262
          },
          {
            "x": 134.0,
            "y": 279
          },
          {
            "x": 135,
            "y": 280
          },
          {
            "x": 135,
            "y": 283
          },
          {
            "x": 136,
            "y": 284
          },
          {
            "x": 136,
            "y": 288
          },
          {
            "x": 137.0,
            "y": 289
          },
          {
            "x": 137.0,
            "y": 290
          },
          {
            "x": 138,
            "y": 291
          },
          {
            "x": 138,
            "y": 299
          },
          {
            "x": 139,
            "y": 300
          },
          {
            "x": 139,
            "y": 316
          },
          {
            "x": 138,
            "y": 317
          },
          {
            "x": 138,
            "y": 324
          },
          {
            "x": 137.0,
            "y": 325
          },
          {
            "x": 137.0,
            "y": 332
          },
          {
            "x": 138,
            "y": 333
          },
          {
            "x": 138,
            "y": 341
          },
          {
            "x": 137.0,
            "y": 342
          },
          {
            "x": 137.0,
            "y": 344
          },
          {
            "x": 136,
            "y": 345
          },
          {
            "x": 136,
            "y": 354
          },
          {
            "x": 135,
            "y": 355
          },
          {
            "x": 135,
            "y": 361
          },
          {
            "x": 134.0,
            "y": 362
          },
          {
            "x": 134.0,
            "y": 371
          },
          {
            "x": 133,
            "y": 372
          },
          {
            "x": 133,
            "y": 379
          },
          {
            "x": 132,
            "y": 380
          },
          {
            "x": 132,
            "y": 383
          },
          {
            "x": 131.0,
            "y": 384
          },
          {
            "x": 131.0,
            "y": 389
          },
          {
            "x": 132,
            "y": 390
          },
          {
            "x": 139,
            "y": 383
          },
          {
            "x": 140.0,
            "y": 383
          },
          {
            "x": 148,
            "y": 375
          },
          {
            "x": 149.0,
            "y": 375
          },
          {
            "x": 151,
            "y": 373
          },
          {
            "x": 151,
            "y": 372
          },
          {
            "x": 152,
            "y": 371
          },
          {
            "x": 153.0,
            "y": 371
          },
          {
            "x": 153.0,
            "y": 370
          },
          {
            "x": 154,
            "y": 369
          },
          {
            "x": 154,
            "y": 368
          },
          {
            "x": 156.0,
            "y": 366
          },
          {
            "x": 156.0,
            "y": 364
          },
          {
            "x": 157,
            "y": 363
          },
          {
            "x": 157,
            "y": 359
          },
          {
            "x": 158,
            "y": 358
          },
          {
            "x": 158,
            "y": 352
          },
          {
            "x": 159.0,
            "y": 351
          },
          {
            "x": 159.0,
            "y": 346
          },
          {
            "x": 160,
            "y": 345
          },
          {
            "x": 160,
            "y": 333
          },
          {
            "x": 161,
            "y": 332
          },
          {
            "x": 161,
            "y": 315
          },
          {
            "x": 162.0,
            "y": 314
          },
          {
            "x": 162.0,
            "y": 307
          },
          {
            "x": 163,
            "y": 306
          },
          {
            "x": 163,
            "y": 289
          },
          {
            "x": 164,
            "y": 288
          },
          {
            "x": 164,
            "y": 287
          },
          {
            "x": 165.0,
            "y": 286
          },
          {
            "x": 165.0,
            "y": 284
          },
          {
            "x": 166,
            "y": 283
          },
          {
            "x": 166,
            "y": 282
          },
          {
            "x": 167,
            "y": 281
          },
          {
            "x": 167,
            "y": 279
          },
          {
            "x": 168.0,
            "y": 278
          },
          {
            "x": 168.0,
            "y": 277
          },
          {
            "x": 169,
            "y": 276
          },
          {
            "x": 169,
            "y": 272
          },
          {
            "x": 170,
            "y": 271
          },
          {
            "x": 170,
            "y": 267
          },
          {
            "x": 171.0,
            "y": 266
          },
          {
            "x": 171.0,
            "y": 262
          },
          {
            "x": 172,
            "y": 261
          },
          {
            "x": 172,
            "y": 254.0
          },
          {
            "x": 173,
            "y": 253
          },
          {
            "x": 173,
            "y": 250
          },
          {
            "x": 174.0,
            "y": 249
          },
          {
            "x": 174.0,
            "y": 248.0
          },
          {
            "x": 176,
            "y": 246
          },
          {
            "x": 176,
            "y": 244
          },
          {
            "x": 177.0,
            "y": 243
          },
          {
            "x": 177.0,
            "y": 240
          },
          {
            "x": 176,
            "y": 239.0
          },
          {
            "x": 176,
            "y": 227.0
          },
          {
            "x": 175.0,
            "y": 226
          },
          {
            "x": 175.0,
            "y": 225
          },
          {
            "x": 174.0,
            "y": 224.0
          },
          {
            "x": 174.0,
            "y": 221.0
          }
        ]
      }
    }
  ]
}