{
  "image": {
    "width": 267,
    "height": 400,
    "filename": "00000205.jpg",
    "original_filename": "000445.jpg",
    "url": "https://darwin.v7labs.com/api/images/1212347/original?token=16d6037d-33e8-4c8d-8cb7-761abbebab61",
    "thumbnail_url": "https://darwin.v7labs.com/api/images/1212347/thumbnail?token=16d6037d-33e8-4c8d-8cb7-761abbebab61",
    "workview_url": "https://darwin.v7labs.com/workview?dataset=1176&image=205"
  },
  "dataset": "Fashion_2",
  "annotated": true,
  "annotations": [
    {
      "bounding_box": {
        "h": 270.9,
        "w": 184.43,
        "x": 46.08,
        "y": 125.37
      },
      "name": "Coat "
    }
  ]
}