{
  "image": {
    "width": 500,
    "height": 750,
    "filename": "00000166.jpg",
    "original_filename": "000406.jpg",
    "url": "https://darwin.v7labs.com/api/images/1212308/original?token=16d6037d-33e8-4c8d-8cb7-761abbebab61",
    "thumbnail_url": "https://darwin.v7labs.com/api/images/1212308/thumbnail?token=16d6037d-33e8-4c8d-8cb7-761abbebab61",
    "workview_url": "https://darwin.v7labs.com/workview?dataset=1176&image=166"
  },
  "dataset": "Fashion_2",
  "annotated": true,
  "annotations": [
    {
      "bounding_box": {
        "h": 93.52,
        "w": 62.82,
        "x": 213.39,
        "y": 232.53
      },
      "name": "Tie "
    },
    {
      "name": "Trousers Polygon ",
      "polygon": {
        "path": [
          {
            "x": 302.0,
            "y": 492
          },
          {
            "x": 301,
            "y": 493
          },
          {
            "x": 301,
            "y": 494
          },
          {
            "x": 300,
            "y": 495
          },
          {
            "x": 300,
            "y": 496.0
          },
          {
            "x": 299,
            "y": 497.0
          },
          {
            "x": 299,
            "y": 502.0
          },
          {
            "x": 298,
            "y": 503.0
          },
          {
            "x": 298,
            "y": 511
          },
          {
            "x": 297.0,
            "y": 512
          },
          {
            "x": 297.0,
            "y": 516
          },
          {
            "x": 296.0,
            "y": 517
          },
          {
            "x": 296.0,
            "y": 518
          },
          {
            "x": 295.0,
            "y": 519
          },
          {
            "x": 295.0,
            "y": 522
          },
          {
            "x": 294.0,
            "y": 523
          },
          {
            "x": 294.0,
            "y": 534
          },
          {
            "x": 292.0,
            "y": 536
          },
          {
            "x": 292.0,
            "y": 538
          },
          {
            "x": 290.0,
            "y": 540
          },
          {
            "x": 290.0,
            "y": 561
          },
          {
            "x": 289,
            "y": 562
          },
          {
            "x": 289,
            "y": 564
          },
          {
            "x": 288,
            "y": 565
          },
          {
            "x": 288,
            "y": 570
          },
          {
            "x": 287,
            "y": 571
          },
          {
            "x": 287,
            "y": 576
          },
          {
            "x": 286,
            "y": 577
          },
          {
            "x": 286,
            "y": 579
          },
          {
            "x": 285.0,
            "y": 580
          },
          {
            "x": 285.0,
            "y": 584
          },
          {
            "x": 284.0,
            "y": 585
          },
          {
            "x": 284.0,
            "y": 586
          },
          {
            "x": 283.0,
            "y": 587
          },
          {
            "x": 283.0,
            "y": 592
          },
          {
            "x": 282.0,
            "y": 593
          },
          {
            "x": 282.0,
            "y": 598
          },
          {
            "x": 281.0,
            "y": 599
          },
          {
            "x": 281.0,
            "y": 602
          },
          {
            "x": 280.0,
            "y": 603
          },
          {
            "x": 280.0,
            "y": 608
          },
          {
            "x": 279.0,
            "y": 609
          },
          {
            "x": 279.0,
            "y": 611
          },
          {
            "x": 278.0,
            "y": 612
          },
          {
            "x": 278.0,
            "y": 615
          },
          {
            "x": 277.0,
            "y": 616
          },
          {
            "x": 277.0,
            "y": 618
          },
          {
            "x": 276,
            "y": 619
          },
          {
            "x": 276,
            "y": 623
          },
          {
            "x": 275,
            "y": 624
          },
          {
            "x": 275,
            "y": 628
          },
          {
            "x": 274,
            "y": 629
          },
          {
            "x": 274,
            "y": 630
          },
          {
            "x": 273,
            "y": 631
          },
          {
            "x": 273,
            "y": 635
          },
          {
            "x": 272.0,
            "y": 636
          },
          {
            "x": 272.0,
            "y": 637
          },
          {
            "x": 271.0,
            "y": 638
          },
          {
            "x": 271.0,
            "y": 642
          },
          {
            "x": 270.0,
            "y": 643
          },
          {
            "x": 270.0,
            "y": 644
          },
          {
            "x": 269.0,
            "y": 645
          },
          {
            "x": 269.0,
            "y": 647
          },
          {
            "x": 268.0,
            "y": 648
          },
          {
            "x": 268.0,
            "y": 652
          },
          {
            "x": 267.0,
            "y": 653
          },
          {
            "x": 267.0,
            "y": 655
          },
          {
            "x": 266.0,
            "y": 656
          },
          {
            "x": 266.0,
            "y": 659
          },
          {
            "x": 265.0,
            "y": 660
          },
          {
            "x": 265.0,
            "y": 661
          },
          {
            "x": 264,
            "y": 662
          },
          {
            "x": 264,
            "y": 665
          },
          {
            "x": 262,
            "y": 667
          },
          {
            "x": 262,
            "y": 670
          },
          {
            "x": 261,
            "y": 671
          },
          {
            "x": 261,
            "y": 673
          },
          {
            "x": 260.0,
            "y": 674
          },
          {
            "x": 260.0,
            "y": 675
          },
          {
            "x": 259.0,
            "y": 676
          },
          {
            "x": 259.0,
            "y": 678
          },
          {
            "x": 257.0,
            "y": 680
          },
          {
            "x": 257.0,
            "y": 681
          },
          {
            "x": 255.0,
            "y": 683
          },
          {
            "x": 255.0,
            "y": 685
          },
          {
            "x": 254.0,
            "y": 686
          },
          {
            "x": 254.0,
            "y": 687
          },
          {
            "x": 251.0,
            "y": 690
          },
          {
            "x": 251.0,
            "y": 691
          },
          {
            "x": 249,
            "y": 693
          },
          {
            "x": 248.0,
            "y": 693
          },
          {
            "x": 248.0,
            "y": 694
          },
          {
            "x": 247.0,
            "y": 695
          },
          {
            "x": 247.0,
            "y": 696
          },
          {
            "x": 239.0,
            "y": 704
          },
          {
            "x": 238,
            "y": 704
          },
          {
            "x": 237,
            "y": 705
          },
          {
            "x": 236.0,
            "y": 705
          },
          {
            "x": 235.0,
            "y": 706
          },
          {
            "x": 234.0,
            "y": 706
          },
          {
            "x": 233.0,
            "y": 707
          },
          {
            "x": 231.0,
            "y": 707
          },
          {
            "x": 230.0,
            "y": 708
          },
          {
            "x": 228.0,
            "y": 708
          },
          {
            "x": 227.0,
            "y": 709
          },
          {
            "x": 222.0,
            "y": 709
          },
          {
            "x": 221.0,
            "y": 710
          },
          {
            "x": 220.0,
            "y": 710
          },
          {
            "x": 219.0,
            "y": 711
          },
          {
            "x": 208.0,
            "y": 711
          },
          {
            "x": 207.0,
            "y": 712
          },
          {
            "x": 193,
            "y": 712
          },
          {
            "x": 192.0,
            "y": 711
          },
          {
            "x": 179.0,
            "y": 711
          },
          {
            "x": 178.0,
            "y": 710
          },
          {
            "x": 174,
            "y": 710
          },
          {
            "x": 173.0,
            "y": 711
          },
          {
            "x": 170.0,
            "y": 711
          },
          {
            "x": 170.0,
            "y": 712
          },
          {
            "x": 169,
            "y": 713
          },
          {
            "x": 169,
            "y": 715
          },
          {
            "x": 170.0,
            "y": 716
          },
          {
            "x": 170.0,
            "y": 718
          },
          {
            "x": 172.0,
            "y": 720
          },
          {
            "x": 172.0,
            "y": 721
          },
          {
            "x": 174,
            "y": 723
          },
          {
            "x": 174,
            "y": 725
          },
          {
            "x": 175,
            "y": 726
          },
          {
            "x": 175,
            "y": 727
          },
          {
            "x": 176.0,
            "y": 728
          },
          {
            "x": 176.0,
            "y": 729.0
          },
          {
            "x": 177.0,
            "y": 730.0
          },
          {
            "x": 177.0,
            "y": 732.0
          },
          {
            "x": 179.0,
            "y": 734
          },
          {
            "x": 179.0,
            "y": 736
          },
          {
            "x": 180,
            "y": 737
          },
          {
            "x": 180,
            "y": 738
          },
          {
            "x": 181,
            "y": 739
          },
          {
            "x": 181,
            "y": 741
          },
          {
            "x": 182,
            "y": 742.0
          },
          {
            "x": 182,
            "y": 743.0
          },
          {
            "x": 183.0,
            "y": 744.0
          },
          {
            "x": 183.0,
            "y": 745
          },
          {
            "x": 186.0,
            "y": 748
          },
          {
            "x": 309.0,
            "y": 748
          },
          {
            "x": 309.0,
            "y": 743.0
          },
          {
            "x": 308.0,
            "y": 742.0
          },
          {
            "x": 308.0,
            "y": 738
          },
          {
            "x": 307.0,
            "y": 737
          },
          {
            "x": 307.0,
            "y": 735
          },
          {
            "x": 306.0,
            "y": 734
          },
          {
            "x": 306.0,
            "y": 733
          },
          {
            "x": 305.0,
            "y": 732.0
          },
          {
            "x": 305.0,
            "y": 730.0
          },
          {
            "x": 304.0,
            "y": 730.0
          },
          {
            "x": 303.0,
            "y": 729.0
          },
          {
            "x": 303.0,
            "y": 727
          },
          {
            "x": 302.0,
            "y": 727
          },
          {
            "x": 301,
            "y": 726
          },
          {
            "x": 301,
            "y": 725
          },
          {
            "x": 300,
            "y": 724
          },
          {
            "x": 300,
            "y": 722
          },
          {
            "x": 298,
            "y": 720
          },
          {
            "x": 298,
            "y": 719
          },
          {
            "x": 296.0,
            "y": 717
          },
          {
            "x": 296.0,
            "y": 713
          },
          {
            "x": 295.0,
            "y": 712
          },
          {
            "x": 295.0,
            "y": 699
          },
          {
            "x": 296.0,
            "y": 698
          },
          {
            "x": 296.0,
            "y": 697
          },
          {
            "x": 297.0,
            "y": 696
          },
          {
            "x": 298,
            "y": 697
          },
          {
            "x": 298,
            "y": 698
          },
          {
            "x": 299,
            "y": 699
          },
          {
            "x": 300,
            "y": 699
          },
          {
            "x": 301,
            "y": 700
          },
          {
            "x": 301,
            "y": 702
          },
          {
            "x": 302.0,
            "y": 703
          },
          {
            "x": 302.0,
            "y": 705
          },
          {
            "x": 304.0,
            "y": 707
          },
          {
            "x": 304.0,
            "y": 708
          },
          {
            "x": 306.0,
            "y": 710
          },
          {
            "x": 306.0,
            "y": 712
          },
          {
            "x": 308.0,
            "y": 714
          },
          {
            "x": 308.0,
            "y": 715
          },
          {
            "x": 309.0,
            "y": 716
          },
          {
            "x": 309.0,
            "y": 717
          },
          {
            "x": 310,
            "y": 718
          },
          {
            "x": 310,
            "y": 719
          },
          {
            "x": 312,
            "y": 721
          },
          {
            "x": 312,
            "y": 722
          },
          {
            "x": 313,
            "y": 723
          },
          {
            "x": 313,
            "y": 724
          },
          {
            "x": 315.0,
            "y": 726
          },
          {
            "x": 315.0,
            "y": 727
          },
          {
            "x": 316.0,
            "y": 728
          },
          {
            "x": 316.0,
            "y": 730.0
          },
          {
            "x": 318.0,
            "y": 732.0
          },
          {
            "x": 318.0,
            "y": 734
          },
          {
            "x": 320.0,
            "y": 736
          },
          {
            "x": 320.0,
            "y": 738
          },
          {
            "x": 322.0,
            "y": 740
          },
          {
            "x": 322.0,
            "y": 742.0
          },
          {
            "x": 323,
            "y": 743.0
          },
          {
            "x": 323,
            "y": 745
          },
          {
            "x": 324,
            "y": 746
          },
          {
            "x": 324,
            "y": 747
          },
          {
            "x": 325,
            "y": 748
          },
          {
            "x": 453.0,
            "y": 748
          },
          {
            "x": 453.0,
            "y": 747
          },
          {
            "x": 451,
            "y": 745
          },
          {
            "x": 451,
            "y": 743.0
          },
          {
            "x": 449,
            "y": 741
          },
          {
            "x": 449,
            "y": 739
          },
          {
            "x": 448,
            "y": 738
          },
          {
            "x": 448,
            "y": 737
          },
          {
            "x": 446.0,
            "y": 735
          },
          {
            "x": 446.0,
            "y": 734
          },
          {
            "x": 444.0,
            "y": 732.0
          },
          {
            "x": 444.0,
            "y": 731.0
          },
          {
            "x": 442.0,
            "y": 729.0
          },
          {
            "x": 442.0,
            "y": 728
          },
          {
            "x": 441.0,
            "y": 727
          },
          {
            "x": 441.0,
            "y": 725
          },
          {
            "x": 440.0,
            "y": 725
          },
          {
            "x": 439,
            "y": 724
          },
          {
            "x": 439,
            "y": 722
          },
          {
            "x": 437,
            "y": 720
          },
          {
            "x": 437,
            "y": 718
          },
          {
            "x": 435,
            "y": 716
          },
          {
            "x": 435,
            "y": 712
          },
          {
            "x": 434.0,
            "y": 711
          },
          {
            "x": 434.0,
            "y": 703
          },
          {
            "x": 433.0,
            "y": 702
          },
          {
            "x": 433.0,
            "y": 698
          },
          {
            "x": 432.0,
            "y": 697
          },
          {
            "x": 432.0,
            "y": 690
          },
          {
            "x": 431.0,
            "y": 689
          },
          {
            "x": 431.0,
            "y": 686
          },
          {
            "x": 430.0,
            "y": 685
          },
          {
            "x": 430.0,
            "y": 678
          },
          {
            "x": 429.0,
            "y": 677
          },
          {
            "x": 429.0,
            "y": 676
          },
          {
            "x": 428.0,
            "y": 675
          },
          {
            "x": 428.0,
            "y": 674
          },
          {
            "x": 425,
            "y": 671
          },
          {
            "x": 424,
            "y": 671
          },
          {
            "x": 421.0,
            "y": 668
          },
          {
            "x": 421.0,
            "y": 667
          },
          {
            "x": 420.0,
            "y": 666
          },
          {
            "x": 420.0,
            "y": 665
          },
          {
            "x": 421.0,
            "y": 664
          },
          {
            "x": 421.0,
            "y": 656
          },
          {
            "x": 422.0,
            "y": 655
          },
          {
            "x": 422.0,
            "y": 651
          },
          {
            "x": 423,
            "y": 650
          },
          {
            "x": 423,
            "y": 638
          },
          {
            "x": 422.0,
            "y": 637
          },
          {
            "x": 422.0,
            "y": 634
          },
          {
            "x": 421.0,
            "y": 633
          },
          {
            "x": 421.0,
            "y": 627
          },
          {
            "x": 420.0,
            "y": 626
          },
          {
            "x": 420.0,
            "y": 622
          },
          {
            "x": 419.0,
            "y": 621
          },
          {
            "x": 419.0,
            "y": 620
          },
          {
            "x": 418.0,
            "y": 619
          },
          {
            "x": 418.0,
            "y": 617
          },
          {
            "x": 417.0,
            "y": 616
          },
          {
            "x": 417.0,
            "y": 615
          },
          {
            "x": 416.0,
            "y": 614
          },
          {
            "x": 416.0,
            "y": 613
          },
          {
            "x": 415.0,
            "y": 612
          },
          {
            "x": 415.0,
            "y": 610
          },
          {
            "x": 413,
            "y": 608
          },
          {
            "x": 413,
            "y": 605
          },
          {
            "x": 412,
            "y": 604
          },
          {
            "x": 412,
            "y": 601
          },
          {
            "x": 411,
            "y": 600
          },
          {
            "x": 411,
            "y": 593
          },
          {
            "x": 410,
            "y": 592
          },
          {
            "x": 410,
            "y": 589
          },
          {
            "x": 409.0,
            "y": 588
          },
          {
            "x": 409.0,
            "y": 586
          },
          {
            "x": 408.0,
            "y": 585
          },
          {
            "x": 408.0,
            "y": 582
          },
          {
            "x": 407.0,
            "y": 581
          },
          {
            "x": 407.0,
            "y": 580
          },
          {
            "x": 406.0,
            "y": 579
          },
          {
            "x": 406.0,
            "y": 577
          },
          {
            "x": 405.0,
            "y": 576
          },
          {
            "x": 405.0,
            "y": 575
          },
          {
            "x": 404.0,
            "y": 574
          },
          {
            "x": 404.0,
            "y": 573
          },
          {
            "x": 402.0,
            "y": 571
          },
          {
            "x": 402.0,
            "y": 570
          },
          {
            "x": 401,
            "y": 569
          },
          {
            "x": 401,
            "y": 567
          },
          {
            "x": 400,
            "y": 566
          },
          {
            "x": 400,
            "y": 562
          },
          {
            "x": 399,
            "y": 561
          },
          {
            "x": 399,
            "y": 559
          },
          {
            "x": 398,
            "y": 559
          },
          {
            "x": 397.0,
            "y": 558
          },
          {
            "x": 396.0,
            "y": 558
          },
          {
            "x": 395.0,
            "y": 557
          },
          {
            "x": 394.0,
            "y": 557
          },
          {
            "x": 393.0,
            "y": 556
          },
          {
            "x": 391.0,
            "y": 556
          },
          {
            "x": 389,
            "y": 554
          },
          {
            "x": 388,
            "y": 554
          },
          {
            "x": 387,
            "y": 553
          },
          {
            "x": 386,
            "y": 553
          },
          {
            "x": 385,
            "y": 552
          },
          {
            "x": 384.0,
            "y": 552
          },
          {
            "x": 383.0,
            "y": 551
          },
          {
            "x": 381.0,
            "y": 551
          },
          {
            "x": 379.0,
            "y": 549
          },
          {
            "x": 378.0,
            "y": 549
          },
          {
            "x": 376,
            "y": 547
          },
          {
            "x": 375,
            "y": 547
          },
          {
            "x": 370.0,
            "y": 542
          },
          {
            "x": 369.0,
            "y": 542
          },
          {
            "x": 368.0,
            "y": 541
          },
          {
            "x": 368.0,
            "y": 540
          },
          {
            "x": 367.0,
            "y": 540
          },
          {
            "x": 361,
            "y": 534
          },
          {
            "x": 361,
            "y": 533
          },
          {
            "x": 357.0,
            "y": 529
          },
          {
            "x": 357.0,
            "y": 528
          },
          {
            "x": 356.0,
            "y": 528
          },
          {
            "x": 355.0,
            "y": 527
          },
          {
            "x": 355.0,
            "y": 526
          },
          {
            "x": 352.0,
            "y": 523
          },
          {
            "x": 352.0,
            "y": 522
          },
          {
            "x": 350,
            "y": 520
          },
          {
            "x": 350,
            "y": 519
          },
          {
            "x": 349,
            "y": 519
          },
          {
            "x": 348,
            "y": 518
          },
          {
            "x": 348,
            "y": 517
          },
          {
            "x": 347.0,
            "y": 516
          },
          {
            "x": 347.0,
            "y": 515
          },
          {
            "x": 345.0,
            "y": 513
          },
          {
            "x": 345.0,
            "y": 512
          },
          {
            "x": 343.0,
            "y": 510
          },
          {
            "x": 343.0,
            "y": 509.0
          },
          {
            "x": 342.0,
            "y": 509.0
          },
          {
            "x": 341.0,
            "y": 508.0
          },
          {
            "x": 341.0,
            "y": 507
          },
          {
            "x": 334.0,
            "y": 507
          },
          {
            "x": 333.0,
            "y": 508.0
          },
          {
            "x": 332.0,
            "y": 508.0
          },
          {
            "x": 331.0,
            "y": 509.0
          },
          {
            "x": 330.0,
            "y": 509.0
          },
          {
            "x": 329.0,
            "y": 510
          },
          {
            "x": 328.0,
            "y": 510
          },
          {
            "x": 327.0,
            "y": 511
          },
          {
            "x": 326,
            "y": 511
          },
          {
            "x": 325,
            "y": 512
          },
          {
            "x": 323,
            "y": 512
          },
          {
            "x": 321.0,
            "y": 514
          },
          {
            "x": 318.0,
            "y": 514
          },
          {
            "x": 317.0,
            "y": 515
          },
          {
            "x": 315.0,
            "y": 515
          },
          {
            "x": 314,
            "y": 514
          },
          {
            "x": 313,
            "y": 514
          },
          {
            "x": 312,
            "y": 513
          },
          {
            "x": 312,
            "y": 512
          },
          {
            "x": 310,
            "y": 510
          },
          {
            "x": 310,
            "y": 509.0
          },
          {
            "x": 309.0,
            "y": 508.0
          },
          {
            "x": 309.0,
            "y": 507
          },
          {
            "x": 308.0,
            "y": 506
          },
          {
            "x": 308.0,
            "y": 504
          },
          {
            "x": 307.0,
            "y": 503.0
          },
          {
            "x": 307.0,
            "y": 500
          },
          {
            "x": 306.0,
            "y": 499
          },
          {
            "x": 306.0,
            "y": 497.0
          },
          {
            "x": 305.0,
            "y": 496.0
          },
          {
            "x": 305.0,
            "y": 493
          },
          {
            "x": 304.0,
            "y": 492
          }
        ]
      }
    }
  ]
}