{
  "image": {
    "width": 267,
    "height": 400,
    "filename": "00000706.jpg",
    "original_filename": "000106.jpg",
    "url": "https://darwin.v7labs.com/api/images/1212017/original?token=5cea58b9-0f48-4f62-9905-01f97ea9945c",
    "thumbnail_url": "https://darwin.v7labs.com/api/images/1212017/thumbnail?token=5cea58b9-0f48-4f62-9905-01f97ea9945c",
    "workview_url": "https://darwin.v7labs.com/workview?dataset=1161&image=706"
  },
  "dataset": "Fashion retail",
  "annotated": true,
  "annotations": [
    {
      "name": "Tie Polygon ",
      "polygon": {
        "path": [
          {
            "x": 120,
            "y": 119.0
          },
          {
            "x": 120,
            "y": 127.0
          },
          {
            "x": 119.0,
            "y": 128
          },
          {
            "x": 119.0,
            "y": 146
          },
          {
            "x": 120,
            "y": 147
          },
          {
            "x": 120,
            "y": 160
          },
          {
            "x": 121.0,
            "y": 161
          },
          {
            "x": 121.0,
            "y": 172
          },
          {
            "x": 122,
            "y": 173
          },
          {
            "x": 122,
            "y": 183.0
          },
          {
            "x": 123.0,
            "y": 184
          },
          {
            "x": 123.0,
            "y": 193
          },
          {
            "x": 124,
            "y": 194
          },
          {
            "x": 124,
            "y": 198
          },
          {
            "x": 125.0,
            "y": 199.0
          },
          {
            "x": 125.0,
            "y": 205
          },
          {
            "x": 128,
            "y": 208
          },
          {
            "x": 132,
            "y": 208
          },
          {
            "x": 133,
            "y": 209
          },
          {
            "x": 135,
            "y": 209
          },
          {
            "x": 136,
            "y": 208
          },
          {
            "x": 136,
            "y": 207.0
          },
          {
            "x": 137,
            "y": 206
          },
          {
            "x": 137,
            "y": 205
          },
          {
            "x": 138,
            "y": 204
          },
          {
            "x": 137,
            "y": 203.0
          },
          {
            "x": 137,
            "y": 200
          },
          {
            "x": 136,
            "y": 199.0
          },
          {
            "x": 136,
            "y": 192
          },
          {
            "x": 135,
            "y": 191.0
          },
          {
            "x": 135,
            "y": 185
          },
          {
            "x": 134,
            "y": 184
          },
          {
            "x": 134,
            "y": 179.0
          },
          {
            "x": 133,
            "y": 178
          },
          {
            "x": 133,
            "y": 173
          },
          {
            "x": 132,
            "y": 172
          },
          {
            "x": 132,
            "y": 168
          },
          {
            "x": 131,
            "y": 167
          },
          {
            "x": 131,
            "y": 163
          },
          {
            "x": 130,
            "y": 162
          },
          {
            "x": 130,
            "y": 155
          },
          {
            "x": 129,
            "y": 154
          },
          {
            "x": 129,
            "y": 147
          },
          {
            "x": 128,
            "y": 146
          },
          {
            "x": 128,
            "y": 141
          },
          {
            "x": 127.0,
            "y": 140
          },
          {
            "x": 127.0,
            "y": 134
          },
          {
            "x": 126,
            "y": 133
          },
          {
            "x": 126,
            "y": 127.0
          },
          {
            "x": 125.0,
            "y": 126
          },
          {
            "x": 125.0,
            "y": 120
          },
          {
            "x": 124,
            "y": 119.0
          }
        ]
      }
    },
    {
      "name": "Trousers Polygon ",
      "polygon": {
        "path": [
          {
            "x": 119.0,
            "y": 199
          },
          {
            "x": 117,
            "y": 201
          },
          {
            "x": 117,
            "y": 203
          },
          {
            "x": 116.0,
            "y": 204
          },
          {
            "x": 116.0,
            "y": 207
          },
          {
            "x": 115.0,
            "y": 208
          },
          {
            "x": 115.0,
            "y": 211
          },
          {
            "x": 114,
            "y": 212
          },
          {
            "x": 114,
            "y": 214
          },
          {
            "x": 113.0,
            "y": 215
          },
          {
            "x": 113.0,
            "y": 217.0
          },
          {
            "x": 112.0,
            "y": 218.0
          },
          {
            "x": 112.0,
            "y": 219
          },
          {
            "x": 111,
            "y": 220.0
          },
          {
            "x": 111,
            "y": 222
          },
          {
            "x": 108,
            "y": 225
          },
          {
            "x": 108,
            "y": 226
          },
          {
            "x": 103.0,
            "y": 231
          },
          {
            "x": 102,
            "y": 231
          },
          {
            "x": 101.0,
            "y": 232
          },
          {
            "x": 99,
            "y": 232
          },
          {
            "x": 98.0,
            "y": 233.0
          },
          {
            "x": 86,
            "y": 233.0
          },
          {
            "x": 85.0,
            "y": 232
          },
          {
            "x": 84.0,
            "y": 232
          },
          {
            "x": 83,
            "y": 233.0
          },
          {
            "x": 82,
            "y": 233.0
          },
          {
            "x": 82,
            "y": 235
          },
          {
            "x": 83,
            "y": 236.0
          },
          {
            "x": 83,
            "y": 238
          },
          {
            "x": 85.0,
            "y": 240
          },
          {
            "x": 85.0,
            "y": 244
          },
          {
            "x": 86,
            "y": 245.0
          },
          {
            "x": 86,
            "y": 270
          },
          {
            "x": 87.0,
            "y": 271.0
          },
          {
            "x": 87.0,
            "y": 274.0
          },
          {
            "x": 88.0,
            "y": 275
          },
          {
            "x": 88.0,
            "y": 281
          },
          {
            "x": 87.0,
            "y": 282
          },
          {
            "x": 87.0,
            "y": 304.0
          },
          {
            "x": 88.0,
            "y": 305
          },
          {
            "x": 87.0,
            "y": 306.0
          },
          {
            "x": 87.0,
            "y": 315.0
          },
          {
            "x": 88.0,
            "y": 316
          },
          {
            "x": 88.0,
            "y": 323
          },
          {
            "x": 89,
            "y": 324.0
          },
          {
            "x": 89,
            "y": 328
          },
          {
            "x": 90.0,
            "y": 329
          },
          {
            "x": 90.0,
            "y": 336.0
          },
          {
            "x": 91.0,
            "y": 337
          },
          {
            "x": 91.0,
            "y": 350
          },
          {
            "x": 92.0,
            "y": 351.0
          },
          {
            "x": 92.0,
            "y": 361
          },
          {
            "x": 95.0,
            "y": 364
          },
          {
            "x": 101.0,
            "y": 364
          },
          {
            "x": 102,
            "y": 363.0
          },
          {
            "x": 108,
            "y": 363.0
          },
          {
            "x": 109.0,
            "y": 364
          },
          {
            "x": 110.0,
            "y": 363.0
          },
          {
            "x": 111,
            "y": 363.0
          },
          {
            "x": 111,
            "y": 362.0
          },
          {
            "x": 112.0,
            "y": 361
          },
          {
            "x": 112.0,
            "y": 358
          },
          {
            "x": 111,
            "y": 357.0
          },
          {
            "x": 111,
            "y": 353
          },
          {
            "x": 112.0,
            "y": 352
          },
          {
            "x": 112.0,
            "y": 351.0
          },
          {
            "x": 111,
            "y": 350
          },
          {
            "x": 111,
            "y": 335
          },
          {
            "x": 112.0,
            "y": 334
          },
          {
            "x": 112.0,
            "y": 330.0
          },
          {
            "x": 111,
            "y": 329
          },
          {
            "x": 111,
            "y": 315.0
          },
          {
            "x": 110.0,
            "y": 314
          },
          {
            "x": 110.0,
            "y": 313
          },
          {
            "x": 111,
            "y": 312.0
          },
          {
            "x": 111,
            "y": 308
          },
          {
            "x": 110.0,
            "y": 307.0
          },
          {
            "x": 110.0,
            "y": 295.0
          },
          {
            "x": 111,
            "y": 294.0
          },
          {
            "x": 111,
            "y": 280.0
          },
          {
            "x": 112.0,
            "y": 279
          },
          {
            "x": 112.0,
            "y": 275
          },
          {
            "x": 113.0,
            "y": 274.0
          },
          {
            "x": 113.0,
            "y": 268.0
          },
          {
            "x": 114,
            "y": 267
          },
          {
            "x": 114,
            "y": 262.0
          },
          {
            "x": 115.0,
            "y": 261
          },
          {
            "x": 115.0,
            "y": 258
          },
          {
            "x": 116.0,
            "y": 257
          },
          {
            "x": 116.0,
            "y": 255.0
          },
          {
            "x": 117,
            "y": 254.0
          },
          {
            "x": 118.0,
            "y": 254.0
          },
          {
            "x": 120,
            "y": 256.0
          },
          {
            "x": 120,
            "y": 257
          },
          {
            "x": 121.0,
            "y": 258
          },
          {
            "x": 121.0,
            "y": 259.0
          },
          {
            "x": 122.0,
            "y": 260
          },
          {
            "x": 122.0,
            "y": 262.0
          },
          {
            "x": 123,
            "y": 263
          },
          {
            "x": 123,
            "y": 266
          },
          {
            "x": 124.0,
            "y": 267
          },
          {
            "x": 124.0,
            "y": 268.0
          },
          {
            "x": 125.0,
            "y": 269
          },
          {
            "x": 125.0,
            "y": 271.0
          },
          {
            "x": 126.0,
            "y": 272
          },
          {
            "x": 126.0,
            "y": 276
          },
          {
            "x": 127.0,
            "y": 277.0
          },
          {
            "x": 127.0,
            "y": 302
          },
          {
            "x": 128.0,
            "y": 303.0
          },
          {
            "x": 128.0,
            "y": 305
          },
          {
            "x": 127.0,
            "y": 306.0
          },
          {
            "x": 127.0,
            "y": 309.0
          },
          {
            "x": 126.0,
            "y": 310.0
          },
          {
            "x": 126.0,
            "y": 312.0
          },
          {
            "x": 125.0,
            "y": 313
          },
          {
            "x": 125.0,
            "y": 316
          },
          {
            "x": 124.0,
            "y": 317
          },
          {
            "x": 124.0,
            "y": 319
          },
          {
            "x": 123,
            "y": 320
          },
          {
            "x": 123,
            "y": 325
          },
          {
            "x": 122.0,
            "y": 326
          },
          {
            "x": 122.0,
            "y": 331
          },
          {
            "x": 121.0,
            "y": 332
          },
          {
            "x": 121.0,
            "y": 335
          },
          {
            "x": 120,
            "y": 336.0
          },
          {
            "x": 120,
            "y": 339.0
          },
          {
            "x": 119.0,
            "y": 340
          },
          {
            "x": 119.0,
            "y": 344
          },
          {
            "x": 118.0,
            "y": 345.0
          },
          {
            "x": 118.0,
            "y": 347
          },
          {
            "x": 117,
            "y": 348.0
          },
          {
            "x": 117,
            "y": 349
          },
          {
            "x": 116.0,
            "y": 350
          },
          {
            "x": 116.0,
            "y": 354.0
          },
          {
            "x": 117,
            "y": 355
          },
          {
            "x": 117,
            "y": 356
          },
          {
            "x": 118.0,
            "y": 357.0
          },
          {
            "x": 118.0,
            "y": 358
          },
          {
            "x": 119.0,
            "y": 359.0
          },
          {
            "x": 120,
            "y": 359.0
          },
          {
            "x": 121.0,
            "y": 360.0
          },
          {
            "x": 121.0,
            "y": 361
          },
          {
            "x": 122.0,
            "y": 361
          },
          {
            "x": 124.0,
            "y": 363.0
          },
          {
            "x": 126.0,
            "y": 363.0
          },
          {
            "x": 127.0,
            "y": 364
          },
          {
            "x": 130,
            "y": 364
          },
          {
            "x": 131.0,
            "y": 365.0
          },
          {
            "x": 135,
            "y": 365.0
          },
          {
            "x": 137.0,
            "y": 363.0
          },
          {
            "x": 137.0,
            "y": 358
          },
          {
            "x": 138,
            "y": 357.0
          },
          {
            "x": 138,
            "y": 352
          },
          {
            "x": 139,
            "y": 351.0
          },
          {
            "x": 139,
            "y": 342.0
          },
          {
            "x": 140.0,
            "y": 341
          },
          {
            "x": 140.0,
            "y": 338
          },
          {
            "x": 141,
            "y": 337
          },
          {
            "x": 141,
            "y": 335
          },
          {
            "x": 142,
            "y": 334
          },
          {
            "x": 142,
            "y": 332
          },
          {
            "x": 143.0,
            "y": 331
          },
          {
            "x": 143.0,
            "y": 328
          },
          {
            "x": 144.0,
            "y": 327.0
          },
          {
            "x": 144.0,
            "y": 325
          },
          {
            "x": 145,
            "y": 324.0
          },
          {
            "x": 145,
            "y": 321.0
          },
          {
            "x": 146.0,
            "y": 320
          },
          {
            "x": 146.0,
            "y": 317
          },
          {
            "x": 147.0,
            "y": 316
          },
          {
            "x": 147.0,
            "y": 311
          },
          {
            "x": 148,
            "y": 310.0
          },
          {
            "x": 148,
            "y": 308
          },
          {
            "x": 149.0,
            "y": 307.0
          },
          {
            "x": 149.0,
            "y": 305
          },
          {
            "x": 150.0,
            "y": 304.0
          },
          {
            "x": 150.0,
            "y": 300.0
          },
          {
            "x": 151,
            "y": 299
          },
          {
            "x": 151,
            "y": 279
          },
          {
            "x": 152,
            "y": 278
          },
          {
            "x": 152,
            "y": 268.0
          },
          {
            "x": 153.0,
            "y": 267
          },
          {
            "x": 153.0,
            "y": 262.0
          },
          {
            "x": 154,
            "y": 261
          },
          {
            "x": 154,
            "y": 259.0
          },
          {
            "x": 153.0,
            "y": 258
          },
          {
            "x": 153.0,
            "y": 241
          },
          {
            "x": 152,
            "y": 240
          },
          {
            "x": 152,
            "y": 236.0
          },
          {
            "x": 151,
            "y": 235
          },
          {
            "x": 151,
            "y": 233.0
          },
          {
            "x": 150.0,
            "y": 232
          },
          {
            "x": 150.0,
            "y": 230.0
          },
          {
            "x": 149.0,
            "y": 229
          },
          {
            "x": 149.0,
            "y": 226
          },
          {
            "x": 148,
            "y": 225
          },
          {
            "x": 148,
            "y": 222
          },
          {
            "x": 147.0,
            "y": 221.0
          },
          {
            "x": 147.0,
            "y": 210
          },
          {
            "x": 146.0,
            "y": 209
          },
          {
            "x": 146.0,
            "y": 206
          },
          {
            "x": 145,
            "y": 205
          },
          {
            "x": 145,
            "y": 203
          },
          {
            "x": 144.0,
            "y": 202
          },
          {
            "x": 142,
            "y": 202
          },
          {
            "x": 141,
            "y": 203
          },
          {
            "x": 140.0,
            "y": 203
          },
          {
            "x": 137.0,
            "y": 206
          },
          {
            "x": 136,
            "y": 206
          },
          {
            "x": 136,
            "y": 208
          },
          {
            "x": 134.0,
            "y": 210
          },
          {
            "x": 131.0,
            "y": 210
          },
          {
            "x": 130,
            "y": 209
          },
          {
            "x": 128.0,
            "y": 209
          },
          {
            "x": 127.0,
            "y": 208
          },
          {
            "x": 126.0,
            "y": 208
          },
          {
            "x": 125.0,
            "y": 207
          },
          {
            "x": 124.0,
            "y": 207
          },
          {
            "x": 122.0,
            "y": 205
          },
          {
            "x": 122.0,
            "y": 200
          },
          {
            "x": 121.0,
            "y": 200
          },
          {
            "x": 120,
            "y": 199
          }
        ]
      }
    },
    {
      "name": "Jacket",
      "polygon": {
        "path": [
          {
            "x": 156,
            "y": 121.0
          },
          {
            "x": 155,
            "y": 121.0
          },
          {
            "x": 154,
            "y": 120
          },
          {
            "x": 150,
            "y": 120
          },
          {
            "x": 149,
            "y": 119
          },
          {
            "x": 148,
            "y": 119
          },
          {
            "x": 147,
            "y": 118
          },
          {
            "x": 146,
            "y": 118
          },
          {
            "x": 145,
            "y": 117
          },
          {
            "x": 144,
            "y": 117
          },
          {
            "x": 143,
            "y": 116
          },
          {
            "x": 140,
            "y": 116
          },
          {
            "x": 139,
            "y": 115
          },
          {
            "x": 136,
            "y": 115
          },
          {
            "x": 135,
            "y": 114
          },
          {
            "x": 133,
            "y": 114
          },
          {
            "x": 131,
            "y": 112
          },
          {
            "x": 128,
            "y": 112
          },
          {
            "x": 127,
            "y": 113
          },
          {
            "x": 110,
            "y": 113
          },
          {
            "x": 110,
            "y": 116
          },
          {
            "x": 109,
            "y": 117
          },
          {
            "x": 109,
            "y": 120
          },
          {
            "x": 110,
            "y": 121.0
          },
          {
            "x": 109,
            "y": 122.0
          },
          {
            "x": 106,
            "y": 122.0
          },
          {
            "x": 104,
            "y": 120
          },
          {
            "x": 99,
            "y": 120
          },
          {
            "x": 97,
            "y": 118
          },
          {
            "x": 96,
            "y": 118
          },
          {
            "x": 95,
            "y": 119
          },
          {
            "x": 93,
            "y": 119
          },
          {
            "x": 92,
            "y": 120
          },
          {
            "x": 90,
            "y": 120
          },
          {
            "x": 89,
            "y": 121.0
          },
          {
            "x": 88,
            "y": 121.0
          },
          {
            "x": 87,
            "y": 122.0
          },
          {
            "x": 86,
            "y": 122.0
          },
          {
            "x": 85,
            "y": 123.0
          },
          {
            "x": 84,
            "y": 123.0
          },
          {
            "x": 83,
            "y": 124.0
          },
          {
            "x": 82,
            "y": 124.0
          },
          {
            "x": 80,
            "y": 126
          },
          {
            "x": 80,
            "y": 128
          },
          {
            "x": 79,
            "y": 129
          },
          {
            "x": 79,
            "y": 136
          },
          {
            "x": 80,
            "y": 137
          },
          {
            "x": 80,
            "y": 161
          },
          {
            "x": 81,
            "y": 161
          },
          {
            "x": 82,
            "y": 162
          },
          {
            "x": 82,
            "y": 163
          },
          {
            "x": 83,
            "y": 164
          },
          {
            "x": 83,
            "y": 165
          },
          {
            "x": 87,
            "y": 169
          },
          {
            "x": 89,
            "y": 169
          },
          {
            "x": 90,
            "y": 170
          },
          {
            "x": 91,
            "y": 170
          },
          {
            "x": 92,
            "y": 171
          },
          {
            "x": 92,
            "y": 180
          },
          {
            "x": 91,
            "y": 181
          },
          {
            "x": 91,
            "y": 184
          },
          {
            "x": 90,
            "y": 185
          },
          {
            "x": 90,
            "y": 186
          },
          {
            "x": 89,
            "y": 187
          },
          {
            "x": 89,
            "y": 189
          },
          {
            "x": 88,
            "y": 190
          },
          {
            "x": 88,
            "y": 191
          },
          {
            "x": 87,
            "y": 192
          },
          {
            "x": 87,
            "y": 197
          },
          {
            "x": 86,
            "y": 198
          },
          {
            "x": 86,
            "y": 202
          },
          {
            "x": 85,
            "y": 203
          },
          {
            "x": 85,
            "y": 208
          },
          {
            "x": 84,
            "y": 209
          },
          {
            "x": 84,
            "y": 215
          },
          {
            "x": 83,
            "y": 216
          },
          {
            "x": 83,
            "y": 221
          },
          {
            "x": 82,
            "y": 222
          },
          {
            "x": 82,
            "y": 225
          },
          {
            "x": 85,
            "y": 228
          },
          {
            "x": 85,
            "y": 229
          },
          {
            "x": 83,
            "y": 231
          },
          {
            "x": 82,
            "y": 231
          },
          {
            "x": 83,
            "y": 231
          },
          {
            "x": 84,
            "y": 232
          },
          {
            "x": 99,
            "y": 232
          },
          {
            "x": 100,
            "y": 231
          },
          {
            "x": 102,
            "y": 231
          },
          {
            "x": 103,
            "y": 230
          },
          {
            "x": 104,
            "y": 230
          },
          {
            "x": 108,
            "y": 226
          },
          {
            "x": 108,
            "y": 225
          },
          {
            "x": 109,
            "y": 224
          },
          {
            "x": 109,
            "y": 223
          },
          {
            "x": 111,
            "y": 221
          },
          {
            "x": 111,
            "y": 219
          },
          {
            "x": 112,
            "y": 218
          },
          {
            "x": 112,
            "y": 217
          },
          {
            "x": 113,
            "y": 216
          },
          {
            "x": 113,
            "y": 214
          },
          {
            "x": 114,
            "y": 213
          },
          {
            "x": 114,
            "y": 211
          },
          {
            "x": 115,
            "y": 210
          },
          {
            "x": 115,
            "y": 207
          },
          {
            "x": 116,
            "y": 206
          },
          {
            "x": 116,
            "y": 197
          },
          {
            "x": 117,
            "y": 196
          },
          {
            "x": 117,
            "y": 188
          },
          {
            "x": 118,
            "y": 187
          },
          {
            "x": 118,
            "y": 183
          },
          {
            "x": 117,
            "y": 182
          },
          {
            "x": 117,
            "y": 176
          },
          {
            "x": 118,
            "y": 175
          },
          {
            "x": 118,
            "y": 173
          },
          {
            "x": 119,
            "y": 172
          },
          {
            "x": 119,
            "y": 162
          },
          {
            "x": 118,
            "y": 161
          },
          {
            "x": 118,
            "y": 149
          },
          {
            "x": 117,
            "y": 148
          },
          {
            "x": 117,
            "y": 139
          },
          {
            "x": 116,
            "y": 138
          },
          {
            "x": 116,
            "y": 131
          },
          {
            "x": 115,
            "y": 130
          },
          {
            "x": 115,
            "y": 129
          },
          {
            "x": 111,
            "y": 125.0
          },
          {
            "x": 111,
            "y": 121.0
          },
          {
            "x": 112,
            "y": 120
          },
          {
            "x": 113,
            "y": 120
          },
          {
            "x": 114,
            "y": 121.0
          },
          {
            "x": 116,
            "y": 119
          },
          {
            "x": 119,
            "y": 119
          },
          {
            "x": 120,
            "y": 118
          },
          {
            "x": 123.0,
            "y": 118
          },
          {
            "x": 125.0,
            "y": 120
          },
          {
            "x": 125.0,
            "y": 121.0
          },
          {
            "x": 126,
            "y": 121.0
          },
          {
            "x": 127,
            "y": 122.0
          },
          {
            "x": 129,
            "y": 122.0
          },
          {
            "x": 131,
            "y": 124.0
          },
          {
            "x": 131,
            "y": 126
          },
          {
            "x": 132,
            "y": 127
          },
          {
            "x": 132,
            "y": 129
          },
          {
            "x": 133,
            "y": 130
          },
          {
            "x": 133,
            "y": 133
          },
          {
            "x": 134,
            "y": 134
          },
          {
            "x": 134,
            "y": 136
          },
          {
            "x": 135,
            "y": 137
          },
          {
            "x": 135,
            "y": 140
          },
          {
            "x": 136,
            "y": 141
          },
          {
            "x": 136,
            "y": 155
          },
          {
            "x": 137,
            "y": 156
          },
          {
            "x": 137,
            "y": 160
          },
          {
            "x": 138,
            "y": 161
          },
          {
            "x": 138,
            "y": 167
          },
          {
            "x": 139,
            "y": 168
          },
          {
            "x": 139,
            "y": 170
          },
          {
            "x": 140,
            "y": 171
          },
          {
            "x": 140,
            "y": 175
          },
          {
            "x": 141,
            "y": 176
          },
          {
            "x": 141,
            "y": 178
          },
          {
            "x": 142,
            "y": 179
          },
          {
            "x": 142,
            "y": 186
          },
          {
            "x": 143,
            "y": 187
          },
          {
            "x": 143,
            "y": 192
          },
          {
            "x": 144,
            "y": 193
          },
          {
            "x": 144,
            "y": 199
          },
          {
            "x": 145,
            "y": 200
          },
          {
            "x": 145,
            "y": 203
          },
          {
            "x": 146,
            "y": 204
          },
          {
            "x": 146,
            "y": 209
          },
          {
            "x": 147,
            "y": 210
          },
          {
            "x": 147,
            "y": 215
          },
          {
            "x": 148,
            "y": 216
          },
          {
            "x": 148,
            "y": 218
          },
          {
            "x": 149,
            "y": 219
          },
          {
            "x": 149,
            "y": 223
          },
          {
            "x": 150,
            "y": 224
          },
          {
            "x": 150,
            "y": 228
          },
          {
            "x": 151,
            "y": 229
          },
          {
            "x": 151,
            "y": 232
          },
          {
            "x": 152,
            "y": 233
          },
          {
            "x": 153,
            "y": 233
          },
          {
            "x": 158,
            "y": 228
          },
          {
            "x": 158,
            "y": 227
          },
          {
            "x": 159,
            "y": 226
          },
          {
            "x": 159,
            "y": 223
          },
          {
            "x": 163,
            "y": 219
          },
          {
            "x": 165,
            "y": 219
          },
          {
            "x": 166,
            "y": 218
          },
          {
            "x": 167,
            "y": 218
          },
          {
            "x": 168,
            "y": 217
          },
          {
            "x": 168,
            "y": 216
          },
          {
            "x": 169,
            "y": 215
          },
          {
            "x": 169,
            "y": 198
          },
          {
            "x": 168,
            "y": 197
          },
          {
            "x": 168,
            "y": 190
          },
          {
            "x": 167,
            "y": 189
          },
          {
            "x": 167,
            "y": 186
          },
          {
            "x": 166,
            "y": 185
          },
          {
            "x": 166,
            "y": 181
          },
          {
            "x": 165,
            "y": 180
          },
          {
            "x": 165,
            "y": 175
          },
          {
            "x": 164,
            "y": 174
          },
          {
            "x": 164,
            "y": 169
          },
          {
            "x": 163,
            "y": 168
          },
          {
            "x": 163,
            "y": 159
          },
          {
            "x": 162,
            "y": 158
          },
          {
            "x": 162,
            "y": 139
          },
          {
            "x": 161,
            "y": 138
          },
          {
            "x": 161,
            "y": 134
          },
          {
            "x": 160,
            "y": 133
          },
          {
            "x": 160,
            "y": 129
          },
          {
            "x": 159,
            "y": 128
          },
          {
            "x": 159,
            "y": 126
          },
          {
            "x": 158,
            "y": 125.0
          },
          {
            "x": 158,
            "y": 123.0
          }
        ]
      }
    },
    {
      "name": "Shoes Polygon ",
      "polygon": {
        "path": [
          {
            "x": 98,
            "y": 367
          },
          {
            "x": 97,
            "y": 368
          },
          {
            "x": 98,
            "y": 369
          },
          {
            "x": 98,
            "y": 371
          },
          {
            "x": 92,
            "y": 377
          },
          {
            "x": 92,
            "y": 388
          },
          {
            "x": 94,
            "y": 390.0
          },
          {
            "x": 95,
            "y": 390.0
          },
          {
            "x": 96,
            "y": 391
          },
          {
            "x": 99,
            "y": 391
          },
          {
            "x": 100,
            "y": 392
          },
          {
            "x": 101,
            "y": 392
          },
          {
            "x": 102,
            "y": 391
          },
          {
            "x": 109,
            "y": 391
          },
          {
            "x": 111,
            "y": 389
          },
          {
            "x": 111,
            "y": 370
          },
          {
            "x": 109,
            "y": 368
          },
          {
            "x": 107,
            "y": 368
          },
          {
            "x": 106,
            "y": 367
          },
          {
            "x": 102,
            "y": 367
          },
          {
            "x": 101,
            "y": 368
          },
          {
            "x": 99,
            "y": 368
          }
        ]
      }
    },
    {
      "name": "Shoes Polygon ",
      "polygon": {
        "path": [
          {
            "x": 116,
            "y": 366.0
          },
          {
            "x": 116,
            "y": 373
          },
          {
            "x": 115,
            "y": 374.0
          },
          {
            "x": 116,
            "y": 375
          },
          {
            "x": 116,
            "y": 376
          },
          {
            "x": 117.0,
            "y": 376
          },
          {
            "x": 118,
            "y": 377
          },
          {
            "x": 119.0,
            "y": 377
          },
          {
            "x": 121.0,
            "y": 379
          },
          {
            "x": 121.0,
            "y": 380
          },
          {
            "x": 126,
            "y": 385
          },
          {
            "x": 128,
            "y": 385
          },
          {
            "x": 129,
            "y": 386
          },
          {
            "x": 138,
            "y": 386
          },
          {
            "x": 139,
            "y": 385
          },
          {
            "x": 140,
            "y": 385
          },
          {
            "x": 141,
            "y": 384
          },
          {
            "x": 142,
            "y": 384
          },
          {
            "x": 143,
            "y": 383
          },
          {
            "x": 143,
            "y": 378
          },
          {
            "x": 142,
            "y": 377
          },
          {
            "x": 142,
            "y": 375
          },
          {
            "x": 141,
            "y": 375
          },
          {
            "x": 139,
            "y": 373
          },
          {
            "x": 138,
            "y": 373
          },
          {
            "x": 137,
            "y": 372
          },
          {
            "x": 136,
            "y": 372
          },
          {
            "x": 134,
            "y": 370
          },
          {
            "x": 134,
            "y": 369
          },
          {
            "x": 133,
            "y": 369
          },
          {
            "x": 132,
            "y": 368
          },
          {
            "x": 127.0,
            "y": 368
          },
          {
            "x": 126,
            "y": 367
          },
          {
            "x": 125.0,
            "y": 367
          },
          {
            "x": 124,
            "y": 366.0
          },
          {
            "x": 123.0,
            "y": 366.0
          },
          {
            "x": 122,
            "y": 365
          },
          {
            "x": 119.0,
            "y": 365
          },
          {
            "x": 118,
            "y": 366.0
          }
        ]
      }
    }
  ]
}