{
  "image": {
    "width": 266,
    "height": 400,
    "filename": "00000168.jpg",
    "original_filename": "000408.jpg",
    "url": "https://darwin.v7labs.com/api/images/1212310/original?token=16d6037d-33e8-4c8d-8cb7-761abbebab61",
    "thumbnail_url": "https://darwin.v7labs.com/api/images/1212310/thumbnail?token=16d6037d-33e8-4c8d-8cb7-761abbebab61",
    "workview_url": "https://darwin.v7labs.com/workview?dataset=1176&image=168"
  },
  "dataset": "Fashion_2",
  "annotated": true,
  "annotations": [
    {
      "name": "Trousers Polygon ",
      "polygon": {
        "path": [
          {
            "x": 197,
            "y": 329
          },
          {
            "x": 196.0,
            "y": 330
          },
          {
            "x": 196.0,
            "y": 331.0
          },
          {
            "x": 194,
            "y": 333
          },
          {
            "x": 194,
            "y": 334
          },
          {
            "x": 193,
            "y": 335
          },
          {
            "x": 193,
            "y": 336
          },
          {
            "x": 190.0,
            "y": 339
          },
          {
            "x": 189,
            "y": 339
          },
          {
            "x": 187.0,
            "y": 341
          },
          {
            "x": 186.0,
            "y": 341
          },
          {
            "x": 185.0,
            "y": 342
          },
          {
            "x": 184,
            "y": 342
          },
          {
            "x": 183,
            "y": 343
          },
          {
            "x": 182.0,
            "y": 343
          },
          {
            "x": 181.0,
            "y": 344
          },
          {
            "x": 179,
            "y": 344
          },
          {
            "x": 178,
            "y": 345
          },
          {
            "x": 174,
            "y": 345
          },
          {
            "x": 173,
            "y": 346
          },
          {
            "x": 162.0,
            "y": 346
          },
          {
            "x": 161.0,
            "y": 345
          },
          {
            "x": 159,
            "y": 345
          },
          {
            "x": 158.0,
            "y": 344
          },
          {
            "x": 156.0,
            "y": 344
          },
          {
            "x": 154,
            "y": 342
          },
          {
            "x": 153.0,
            "y": 342
          },
          {
            "x": 148.0,
            "y": 337
          },
          {
            "x": 148.0,
            "y": 336
          },
          {
            "x": 146,
            "y": 334
          },
          {
            "x": 146,
            "y": 333
          },
          {
            "x": 145,
            "y": 332
          },
          {
            "x": 145,
            "y": 331.0
          },
          {
            "x": 144,
            "y": 330
          },
          {
            "x": 144,
            "y": 328
          },
          {
            "x": 143.0,
            "y": 327
          },
          {
            "x": 143.0,
            "y": 326.0
          },
          {
            "x": 140,
            "y": 323
          },
          {
            "x": 140,
            "y": 322
          },
          {
            "x": 139,
            "y": 321
          },
          {
            "x": 139,
            "y": 319
          },
          {
            "x": 138.0,
            "y": 318
          },
          {
            "x": 138.0,
            "y": 315
          },
          {
            "x": 137.0,
            "y": 314
          },
          {
            "x": 137.0,
            "y": 310
          },
          {
            "x": 136,
            "y": 309
          },
          {
            "x": 136,
            "y": 307
          },
          {
            "x": 135,
            "y": 306
          },
          {
            "x": 134.0,
            "y": 306
          },
          {
            "x": 133,
            "y": 307
          },
          {
            "x": 133,
            "y": 308
          },
          {
            "x": 132.0,
            "y": 309
          },
          {
            "x": 132.0,
            "y": 310
          },
          {
            "x": 131,
            "y": 311
          },
          {
            "x": 131,
            "y": 312
          },
          {
            "x": 130,
            "y": 313
          },
          {
            "x": 130,
            "y": 314
          },
          {
            "x": 129.0,
            "y": 315
          },
          {
            "x": 129.0,
            "y": 319
          },
          {
            "x": 127.0,
            "y": 321
          },
          {
            "x": 127.0,
            "y": 322
          },
          {
            "x": 125.0,
            "y": 324
          },
          {
            "x": 125.0,
            "y": 325
          },
          {
            "x": 124.0,
            "y": 326.0
          },
          {
            "x": 124.0,
            "y": 327
          },
          {
            "x": 123,
            "y": 328
          },
          {
            "x": 123,
            "y": 329
          },
          {
            "x": 122.0,
            "y": 330
          },
          {
            "x": 122.0,
            "y": 332
          },
          {
            "x": 121,
            "y": 333
          },
          {
            "x": 121,
            "y": 335
          },
          {
            "x": 115.0,
            "y": 341
          },
          {
            "x": 114,
            "y": 341
          },
          {
            "x": 111,
            "y": 344
          },
          {
            "x": 110.0,
            "y": 344
          },
          {
            "x": 109,
            "y": 345
          },
          {
            "x": 108.0,
            "y": 345
          },
          {
            "x": 107.0,
            "y": 346
          },
          {
            "x": 106,
            "y": 346
          },
          {
            "x": 105.0,
            "y": 347
          },
          {
            "x": 101,
            "y": 347
          },
          {
            "x": 100.0,
            "y": 346
          },
          {
            "x": 98.0,
            "y": 346
          },
          {
            "x": 97,
            "y": 345
          },
          {
            "x": 95.0,
            "y": 345
          },
          {
            "x": 94,
            "y": 344
          },
          {
            "x": 92,
            "y": 344
          },
          {
            "x": 91.0,
            "y": 343
          },
          {
            "x": 90.0,
            "y": 343
          },
          {
            "x": 89,
            "y": 342
          },
          {
            "x": 87,
            "y": 342
          },
          {
            "x": 85,
            "y": 340
          },
          {
            "x": 84,
            "y": 340
          },
          {
            "x": 75,
            "y": 331.0
          },
          {
            "x": 74.0,
            "y": 331.0
          },
          {
            "x": 75,
            "y": 332
          },
          {
            "x": 75,
            "y": 335
          },
          {
            "x": 76.0,
            "y": 336
          },
          {
            "x": 76.0,
            "y": 339
          },
          {
            "x": 77,
            "y": 340
          },
          {
            "x": 77,
            "y": 344
          },
          {
            "x": 78.0,
            "y": 345
          },
          {
            "x": 78.0,
            "y": 353
          },
          {
            "x": 79.0,
            "y": 354
          },
          {
            "x": 79.0,
            "y": 371
          },
          {
            "x": 78.0,
            "y": 372
          },
          {
            "x": 78.0,
            "y": 395
          },
          {
            "x": 79.0,
            "y": 396
          },
          {
            "x": 79.0,
            "y": 398
          },
          {
            "x": 124.0,
            "y": 398
          },
          {
            "x": 125.0,
            "y": 397
          },
          {
            "x": 125.0,
            "y": 393
          },
          {
            "x": 126,
            "y": 392
          },
          {
            "x": 126,
            "y": 388
          },
          {
            "x": 127.0,
            "y": 387
          },
          {
            "x": 127.0,
            "y": 383
          },
          {
            "x": 128,
            "y": 382
          },
          {
            "x": 128,
            "y": 379
          },
          {
            "x": 129.0,
            "y": 378
          },
          {
            "x": 129.0,
            "y": 376
          },
          {
            "x": 130,
            "y": 375
          },
          {
            "x": 130,
            "y": 371
          },
          {
            "x": 131,
            "y": 370
          },
          {
            "x": 131,
            "y": 366
          },
          {
            "x": 132.0,
            "y": 365
          },
          {
            "x": 132.0,
            "y": 358
          },
          {
            "x": 134.0,
            "y": 356
          },
          {
            "x": 135,
            "y": 357
          },
          {
            "x": 135,
            "y": 375
          },
          {
            "x": 136,
            "y": 376
          },
          {
            "x": 136,
            "y": 392
          },
          {
            "x": 137.0,
            "y": 393
          },
          {
            "x": 137.0,
            "y": 398
          },
          {
            "x": 182.0,
            "y": 398
          },
          {
            "x": 183,
            "y": 397
          },
          {
            "x": 183,
            "y": 394
          },
          {
            "x": 184,
            "y": 393
          },
          {
            "x": 184,
            "y": 390
          },
          {
            "x": 185.0,
            "y": 389
          },
          {
            "x": 185.0,
            "y": 385
          },
          {
            "x": 186.0,
            "y": 384.0
          },
          {
            "x": 186.0,
            "y": 377
          },
          {
            "x": 187.0,
            "y": 376
          },
          {
            "x": 187.0,
            "y": 368
          },
          {
            "x": 188,
            "y": 367
          },
          {
            "x": 188,
            "y": 363
          },
          {
            "x": 189,
            "y": 362
          },
          {
            "x": 189,
            "y": 360
          },
          {
            "x": 190.0,
            "y": 359
          },
          {
            "x": 190.0,
            "y": 358
          },
          {
            "x": 191.0,
            "y": 357
          },
          {
            "x": 191.0,
            "y": 354
          },
          {
            "x": 192.0,
            "y": 353
          },
          {
            "x": 192.0,
            "y": 351
          },
          {
            "x": 193,
            "y": 350
          },
          {
            "x": 193,
            "y": 348
          },
          {
            "x": 194,
            "y": 347
          },
          {
            "x": 194,
            "y": 345
          },
          {
            "x": 195.0,
            "y": 344
          },
          {
            "x": 195.0,
            "y": 342
          },
          {
            "x": 196.0,
            "y": 341
          },
          {
            "x": 196.0,
            "y": 339
          },
          {
            "x": 197,
            "y": 338
          }
        ]
      }
    },
    {
      "name": "Jacket Polygon ",
      "polygon": {
        "path": [
          {
            "x": 118,
            "y": 126.0
          },
          {
            "x": 117,
            "y": 127
          },
          {
            "x": 116.0,
            "y": 127
          },
          {
            "x": 113,
            "y": 130
          },
          {
            "x": 111,
            "y": 130
          },
          {
            "x": 110,
            "y": 131
          },
          {
            "x": 109.0,
            "y": 131
          },
          {
            "x": 108,
            "y": 132
          },
          {
            "x": 105,
            "y": 132
          },
          {
            "x": 104,
            "y": 133
          },
          {
            "x": 103,
            "y": 133
          },
          {
            "x": 102.0,
            "y": 134
          },
          {
            "x": 101,
            "y": 134
          },
          {
            "x": 100,
            "y": 135
          },
          {
            "x": 98,
            "y": 135
          },
          {
            "x": 97,
            "y": 136
          },
          {
            "x": 94,
            "y": 136
          },
          {
            "x": 93,
            "y": 137
          },
          {
            "x": 91,
            "y": 137
          },
          {
            "x": 89,
            "y": 139
          },
          {
            "x": 88.0,
            "y": 139
          },
          {
            "x": 87,
            "y": 140
          },
          {
            "x": 85.0,
            "y": 140
          },
          {
            "x": 83,
            "y": 142
          },
          {
            "x": 82.0,
            "y": 142
          },
          {
            "x": 80,
            "y": 144
          },
          {
            "x": 78.0,
            "y": 144
          },
          {
            "x": 76,
            "y": 146
          },
          {
            "x": 75.0,
            "y": 146
          },
          {
            "x": 71.0,
            "y": 150
          },
          {
            "x": 71.0,
            "y": 151
          },
          {
            "x": 70,
            "y": 152
          },
          {
            "x": 70,
            "y": 156
          },
          {
            "x": 69,
            "y": 157
          },
          {
            "x": 69,
            "y": 159
          },
          {
            "x": 68.0,
            "y": 160
          },
          {
            "x": 68.0,
            "y": 161
          },
          {
            "x": 67,
            "y": 162
          },
          {
            "x": 67,
            "y": 163
          },
          {
            "x": 66,
            "y": 164
          },
          {
            "x": 66,
            "y": 166
          },
          {
            "x": 65,
            "y": 167
          },
          {
            "x": 65,
            "y": 170.0
          },
          {
            "x": 64.0,
            "y": 171
          },
          {
            "x": 64.0,
            "y": 175
          },
          {
            "x": 63.0,
            "y": 176.0
          },
          {
            "x": 63.0,
            "y": 179
          },
          {
            "x": 62,
            "y": 180
          },
          {
            "x": 62,
            "y": 182
          },
          {
            "x": 61.0,
            "y": 183.0
          },
          {
            "x": 61.0,
            "y": 188
          },
          {
            "x": 60.0,
            "y": 189
          },
          {
            "x": 60.0,
            "y": 193
          },
          {
            "x": 59,
            "y": 194
          },
          {
            "x": 59,
            "y": 197.0
          },
          {
            "x": 58.0,
            "y": 198
          },
          {
            "x": 58.0,
            "y": 203
          },
          {
            "x": 57.0,
            "y": 204.0
          },
          {
            "x": 57.0,
            "y": 209
          },
          {
            "x": 56,
            "y": 210
          },
          {
            "x": 56,
            "y": 212
          },
          {
            "x": 55,
            "y": 213
          },
          {
            "x": 55,
            "y": 219
          },
          {
            "x": 54.0,
            "y": 220
          },
          {
            "x": 54.0,
            "y": 223
          },
          {
            "x": 53.0,
            "y": 224
          },
          {
            "x": 53.0,
            "y": 233
          },
          {
            "x": 52,
            "y": 234
          },
          {
            "x": 52,
            "y": 237
          },
          {
            "x": 53.0,
            "y": 238.0
          },
          {
            "x": 53.0,
            "y": 264
          },
          {
            "x": 54.0,
            "y": 265
          },
          {
            "x": 54.0,
            "y": 266
          },
          {
            "x": 55,
            "y": 267
          },
          {
            "x": 55,
            "y": 271
          },
          {
            "x": 56,
            "y": 272
          },
          {
            "x": 56,
            "y": 274
          },
          {
            "x": 57.0,
            "y": 275
          },
          {
            "x": 57.0,
            "y": 278
          },
          {
            "x": 58.0,
            "y": 279
          },
          {
            "x": 58.0,
            "y": 280
          },
          {
            "x": 59,
            "y": 281
          },
          {
            "x": 59,
            "y": 282
          },
          {
            "x": 60.0,
            "y": 282
          },
          {
            "x": 61.0,
            "y": 283
          },
          {
            "x": 61.0,
            "y": 284
          },
          {
            "x": 62,
            "y": 285
          },
          {
            "x": 62,
            "y": 286
          },
          {
            "x": 61.0,
            "y": 287
          },
          {
            "x": 61.0,
            "y": 288
          },
          {
            "x": 59,
            "y": 290
          },
          {
            "x": 59,
            "y": 291
          },
          {
            "x": 58.0,
            "y": 292
          },
          {
            "x": 58.0,
            "y": 298
          },
          {
            "x": 59,
            "y": 299
          },
          {
            "x": 59,
            "y": 301
          },
          {
            "x": 60.0,
            "y": 302
          },
          {
            "x": 60.0,
            "y": 303
          },
          {
            "x": 61.0,
            "y": 304
          },
          {
            "x": 61.0,
            "y": 305
          },
          {
            "x": 62,
            "y": 306
          },
          {
            "x": 62,
            "y": 307
          },
          {
            "x": 64.0,
            "y": 309
          },
          {
            "x": 64.0,
            "y": 312
          },
          {
            "x": 65,
            "y": 313
          },
          {
            "x": 65,
            "y": 315
          },
          {
            "x": 66,
            "y": 315
          },
          {
            "x": 70,
            "y": 319
          },
          {
            "x": 70,
            "y": 320
          },
          {
            "x": 71.0,
            "y": 321
          },
          {
            "x": 71.0,
            "y": 325
          },
          {
            "x": 72,
            "y": 326
          },
          {
            "x": 72,
            "y": 329
          },
          {
            "x": 82.0,
            "y": 339.0
          },
          {
            "x": 83,
            "y": 339.0
          },
          {
            "x": 84,
            "y": 340.0
          },
          {
            "x": 85.0,
            "y": 340.0
          },
          {
            "x": 86,
            "y": 341
          },
          {
            "x": 87,
            "y": 341
          },
          {
            "x": 88.0,
            "y": 342
          },
          {
            "x": 89,
            "y": 342
          },
          {
            "x": 90,
            "y": 343
          },
          {
            "x": 92.0,
            "y": 343
          },
          {
            "x": 93,
            "y": 344
          },
          {
            "x": 95.0,
            "y": 344
          },
          {
            "x": 96,
            "y": 345
          },
          {
            "x": 99,
            "y": 345
          },
          {
            "x": 100,
            "y": 346
          },
          {
            "x": 103,
            "y": 346
          },
          {
            "x": 104,
            "y": 345
          },
          {
            "x": 106,
            "y": 345
          },
          {
            "x": 107,
            "y": 344
          },
          {
            "x": 110,
            "y": 344
          },
          {
            "x": 115,
            "y": 339.0
          },
          {
            "x": 116.0,
            "y": 339.0
          },
          {
            "x": 118,
            "y": 337
          },
          {
            "x": 118,
            "y": 336
          },
          {
            "x": 119.0,
            "y": 335
          },
          {
            "x": 119.0,
            "y": 334
          },
          {
            "x": 120,
            "y": 333
          },
          {
            "x": 120,
            "y": 332
          },
          {
            "x": 121,
            "y": 331
          },
          {
            "x": 121,
            "y": 330
          },
          {
            "x": 122,
            "y": 329
          },
          {
            "x": 122,
            "y": 327
          },
          {
            "x": 123.0,
            "y": 326
          },
          {
            "x": 123.0,
            "y": 325
          },
          {
            "x": 124.0,
            "y": 324
          },
          {
            "x": 124.0,
            "y": 323
          },
          {
            "x": 126.0,
            "y": 321
          },
          {
            "x": 126.0,
            "y": 320
          },
          {
            "x": 127,
            "y": 319
          },
          {
            "x": 127,
            "y": 317
          },
          {
            "x": 128,
            "y": 316
          },
          {
            "x": 128,
            "y": 314
          },
          {
            "x": 129,
            "y": 313
          },
          {
            "x": 129,
            "y": 312
          },
          {
            "x": 130,
            "y": 311
          },
          {
            "x": 130,
            "y": 309
          },
          {
            "x": 131.0,
            "y": 308
          },
          {
            "x": 131.0,
            "y": 307
          },
          {
            "x": 132.0,
            "y": 306
          },
          {
            "x": 134,
            "y": 306
          },
          {
            "x": 135,
            "y": 307
          },
          {
            "x": 135,
            "y": 308
          },
          {
            "x": 136,
            "y": 309
          },
          {
            "x": 136,
            "y": 312
          },
          {
            "x": 137.0,
            "y": 313
          },
          {
            "x": 137.0,
            "y": 315
          },
          {
            "x": 138.0,
            "y": 316
          },
          {
            "x": 138.0,
            "y": 318
          },
          {
            "x": 139.0,
            "y": 319
          },
          {
            "x": 139.0,
            "y": 321
          },
          {
            "x": 140,
            "y": 322
          },
          {
            "x": 140,
            "y": 323
          },
          {
            "x": 141,
            "y": 324
          },
          {
            "x": 141,
            "y": 325
          },
          {
            "x": 143,
            "y": 327
          },
          {
            "x": 143,
            "y": 329
          },
          {
            "x": 144,
            "y": 330
          },
          {
            "x": 144,
            "y": 331
          },
          {
            "x": 146.0,
            "y": 333
          },
          {
            "x": 146.0,
            "y": 334
          },
          {
            "x": 147.0,
            "y": 335
          },
          {
            "x": 147.0,
            "y": 336
          },
          {
            "x": 154,
            "y": 343
          },
          {
            "x": 155,
            "y": 343
          },
          {
            "x": 156,
            "y": 344
          },
          {
            "x": 159.0,
            "y": 344
          },
          {
            "x": 160.0,
            "y": 345
          },
          {
            "x": 166,
            "y": 345
          },
          {
            "x": 167,
            "y": 346
          },
          {
            "x": 168,
            "y": 346
          },
          {
            "x": 169.0,
            "y": 345
          },
          {
            "x": 174.0,
            "y": 345
          },
          {
            "x": 175.0,
            "y": 344
          },
          {
            "x": 179,
            "y": 344
          },
          {
            "x": 180,
            "y": 343
          },
          {
            "x": 181,
            "y": 343
          },
          {
            "x": 182,
            "y": 342
          },
          {
            "x": 183.0,
            "y": 342
          },
          {
            "x": 184.0,
            "y": 341
          },
          {
            "x": 185.0,
            "y": 341
          },
          {
            "x": 186.0,
            "y": 340.0
          },
          {
            "x": 187.0,
            "y": 340.0
          },
          {
            "x": 191.0,
            "y": 336
          },
          {
            "x": 191.0,
            "y": 335
          },
          {
            "x": 192,
            "y": 334
          },
          {
            "x": 192,
            "y": 333
          },
          {
            "x": 195,
            "y": 330
          },
          {
            "x": 195,
            "y": 329
          },
          {
            "x": 196,
            "y": 328
          },
          {
            "x": 198.0,
            "y": 328
          },
          {
            "x": 199.0,
            "y": 329
          },
          {
            "x": 204.0,
            "y": 329
          },
          {
            "x": 204.0,
            "y": 328
          },
          {
            "x": 205,
            "y": 327
          },
          {
            "x": 206,
            "y": 327
          },
          {
            "x": 206,
            "y": 326
          },
          {
            "x": 208,
            "y": 324
          },
          {
            "x": 208,
            "y": 323
          },
          {
            "x": 209,
            "y": 322
          },
          {
            "x": 209,
            "y": 320
          },
          {
            "x": 210,
            "y": 319
          },
          {
            "x": 210,
            "y": 318
          },
          {
            "x": 211.0,
            "y": 317
          },
          {
            "x": 211.0,
            "y": 316
          },
          {
            "x": 212.0,
            "y": 315
          },
          {
            "x": 212.0,
            "y": 313
          },
          {
            "x": 213.0,
            "y": 312
          },
          {
            "x": 213.0,
            "y": 311
          },
          {
            "x": 214.0,
            "y": 310
          },
          {
            "x": 214.0,
            "y": 309
          },
          {
            "x": 215.0,
            "y": 308
          },
          {
            "x": 215.0,
            "y": 304
          },
          {
            "x": 214.0,
            "y": 303
          },
          {
            "x": 214.0,
            "y": 302
          },
          {
            "x": 211.0,
            "y": 299
          },
          {
            "x": 211.0,
            "y": 298
          },
          {
            "x": 212.0,
            "y": 297
          },
          {
            "x": 212.0,
            "y": 296
          },
          {
            "x": 214.0,
            "y": 294
          },
          {
            "x": 214.0,
            "y": 292
          },
          {
            "x": 215.0,
            "y": 291
          },
          {
            "x": 215.0,
            "y": 285
          },
          {
            "x": 216.0,
            "y": 284
          },
          {
            "x": 216.0,
            "y": 278
          },
          {
            "x": 217.0,
            "y": 277
          },
          {
            "x": 217.0,
            "y": 273
          },
          {
            "x": 218.0,
            "y": 272
          },
          {
            "x": 218.0,
            "y": 264
          },
          {
            "x": 219,
            "y": 263
          },
          {
            "x": 219,
            "y": 240
          },
          {
            "x": 218.0,
            "y": 239.0
          },
          {
            "x": 218.0,
            "y": 230
          },
          {
            "x": 217.0,
            "y": 229
          },
          {
            "x": 217.0,
            "y": 218.0
          },
          {
            "x": 216.0,
            "y": 217
          },
          {
            "x": 216.0,
            "y": 203
          },
          {
            "x": 215.0,
            "y": 202
          },
          {
            "x": 215.0,
            "y": 198
          },
          {
            "x": 214.0,
            "y": 197.0
          },
          {
            "x": 214.0,
            "y": 190.0
          },
          {
            "x": 213.0,
            "y": 189
          },
          {
            "x": 213.0,
            "y": 185
          },
          {
            "x": 212.0,
            "y": 184.0
          },
          {
            "x": 212.0,
            "y": 178
          },
          {
            "x": 211.0,
            "y": 177.0
          },
          {
            "x": 211.0,
            "y": 174
          },
          {
            "x": 210,
            "y": 173
          },
          {
            "x": 210,
            "y": 170.0
          },
          {
            "x": 209,
            "y": 169.0
          },
          {
            "x": 209,
            "y": 166
          },
          {
            "x": 208,
            "y": 165
          },
          {
            "x": 208,
            "y": 160
          },
          {
            "x": 207,
            "y": 159
          },
          {
            "x": 207,
            "y": 156
          },
          {
            "x": 206,
            "y": 155
          },
          {
            "x": 206,
            "y": 154
          },
          {
            "x": 204.0,
            "y": 152
          },
          {
            "x": 203.0,
            "y": 152
          },
          {
            "x": 199.0,
            "y": 148
          },
          {
            "x": 198.0,
            "y": 148
          },
          {
            "x": 196,
            "y": 146
          },
          {
            "x": 195,
            "y": 146
          },
          {
            "x": 193,
            "y": 144
          },
          {
            "x": 192,
            "y": 144
          },
          {
            "x": 191.0,
            "y": 143
          },
          {
            "x": 190.0,
            "y": 143
          },
          {
            "x": 189.0,
            "y": 142
          },
          {
            "x": 188.0,
            "y": 142
          },
          {
            "x": 187.0,
            "y": 141
          },
          {
            "x": 186.0,
            "y": 141
          },
          {
            "x": 185.0,
            "y": 140
          },
          {
            "x": 181,
            "y": 140
          },
          {
            "x": 180,
            "y": 139
          },
          {
            "x": 179,
            "y": 139
          },
          {
            "x": 178,
            "y": 138
          },
          {
            "x": 176.0,
            "y": 138
          },
          {
            "x": 174.0,
            "y": 136
          },
          {
            "x": 172.0,
            "y": 136
          },
          {
            "x": 171.0,
            "y": 135
          },
          {
            "x": 170.0,
            "y": 135
          },
          {
            "x": 168,
            "y": 133
          },
          {
            "x": 167,
            "y": 133
          },
          {
            "x": 166,
            "y": 132
          },
          {
            "x": 164,
            "y": 132
          },
          {
            "x": 163,
            "y": 131
          },
          {
            "x": 163,
            "y": 130
          },
          {
            "x": 162,
            "y": 130
          },
          {
            "x": 160.0,
            "y": 128
          },
          {
            "x": 159.0,
            "y": 128
          },
          {
            "x": 159.0,
            "y": 129
          },
          {
            "x": 158,
            "y": 130
          },
          {
            "x": 158,
            "y": 137
          },
          {
            "x": 157,
            "y": 138
          },
          {
            "x": 157,
            "y": 140
          },
          {
            "x": 156,
            "y": 141
          },
          {
            "x": 156,
            "y": 149
          },
          {
            "x": 155,
            "y": 150
          },
          {
            "x": 155,
            "y": 155
          },
          {
            "x": 154,
            "y": 156
          },
          {
            "x": 154,
            "y": 165
          },
          {
            "x": 153.0,
            "y": 166
          },
          {
            "x": 153.0,
            "y": 174
          },
          {
            "x": 152.0,
            "y": 175
          },
          {
            "x": 152.0,
            "y": 184.0
          },
          {
            "x": 151.0,
            "y": 185
          },
          {
            "x": 151.0,
            "y": 192
          },
          {
            "x": 150,
            "y": 193
          },
          {
            "x": 150,
            "y": 197.0
          },
          {
            "x": 149,
            "y": 198
          },
          {
            "x": 149,
            "y": 200
          },
          {
            "x": 148,
            "y": 201
          },
          {
            "x": 148,
            "y": 205
          },
          {
            "x": 147.0,
            "y": 206
          },
          {
            "x": 147.0,
            "y": 209
          },
          {
            "x": 146.0,
            "y": 210
          },
          {
            "x": 146.0,
            "y": 212
          },
          {
            "x": 145.0,
            "y": 213
          },
          {
            "x": 145.0,
            "y": 214
          },
          {
            "x": 144,
            "y": 215
          },
          {
            "x": 144,
            "y": 217
          },
          {
            "x": 143,
            "y": 218.0
          },
          {
            "x": 143,
            "y": 221
          },
          {
            "x": 142,
            "y": 222
          },
          {
            "x": 142,
            "y": 223
          },
          {
            "x": 141,
            "y": 224
          },
          {
            "x": 141,
            "y": 225.0
          },
          {
            "x": 140,
            "y": 226
          },
          {
            "x": 140,
            "y": 227
          },
          {
            "x": 139.0,
            "y": 228
          },
          {
            "x": 139.0,
            "y": 229
          },
          {
            "x": 138.0,
            "y": 230
          },
          {
            "x": 136,
            "y": 230
          },
          {
            "x": 134,
            "y": 228
          },
          {
            "x": 134,
            "y": 227
          },
          {
            "x": 133.0,
            "y": 226
          },
          {
            "x": 133.0,
            "y": 225.0
          },
          {
            "x": 132.0,
            "y": 224
          },
          {
            "x": 132.0,
            "y": 222
          },
          {
            "x": 131.0,
            "y": 221
          },
          {
            "x": 131.0,
            "y": 218.0
          },
          {
            "x": 130,
            "y": 217
          },
          {
            "x": 130,
            "y": 214
          },
          {
            "x": 129,
            "y": 213
          },
          {
            "x": 129,
            "y": 209
          },
          {
            "x": 128,
            "y": 208
          },
          {
            "x": 128,
            "y": 205
          },
          {
            "x": 127,
            "y": 204.0
          },
          {
            "x": 127,
            "y": 201
          },
          {
            "x": 126.0,
            "y": 200
          },
          {
            "x": 126.0,
            "y": 195
          },
          {
            "x": 125.0,
            "y": 194
          },
          {
            "x": 125.0,
            "y": 188
          },
          {
            "x": 124.0,
            "y": 187
          },
          {
            "x": 124.0,
            "y": 179
          },
          {
            "x": 123.0,
            "y": 178
          },
          {
            "x": 123.0,
            "y": 171
          },
          {
            "x": 122,
            "y": 170.0
          },
          {
            "x": 122,
            "y": 155
          },
          {
            "x": 121,
            "y": 154
          },
          {
            "x": 121,
            "y": 146
          },
          {
            "x": 120,
            "y": 145
          },
          {
            "x": 120,
            "y": 142
          },
          {
            "x": 119.0,
            "y": 141
          },
          {
            "x": 119.0,
            "y": 140
          },
          {
            "x": 121,
            "y": 138
          },
          {
            "x": 122,
            "y": 138
          },
          {
            "x": 122,
            "y": 137
          },
          {
            "x": 121,
            "y": 136
          },
          {
            "x": 120,
            "y": 136
          },
          {
            "x": 119.0,
            "y": 135
          },
          {
            "x": 119.0,
            "y": 134
          },
          {
            "x": 118,
            "y": 133
          }
        ]
      }
    },
    {
      "bounding_box": {
        "h": 88.25,
        "w": 21.64,
        "x": 127.75,
        "y": 142.34
      },
      "name": "Tie "
    }
  ]
}