{
  "image": {
    "width": 500,
    "height": 750,
    "filename": "00000154.jpg",
    "original_filename": "000394.jpg",
    "url": "https://darwin.v7labs.com/api/images/1212296/original?token=16d6037d-33e8-4c8d-8cb7-761abbebab61",
    "thumbnail_url": "https://darwin.v7labs.com/api/images/1212296/thumbnail?token=16d6037d-33e8-4c8d-8cb7-761abbebab61",
    "workview_url": "https://darwin.v7labs.com/workview?dataset=1176&image=154"
  },
  "dataset": "Fashion_2",
  "annotated": true,
  "annotations": [
    {
      "name": "Trousers Polygon ",
      "polygon": {
        "path": [
          {
            "x": 235.0,
            "y": 354
          },
          {
            "x": 233,
            "y": 356
          },
          {
            "x": 233,
            "y": 360.0
          },
          {
            "x": 232.0,
            "y": 361
          },
          {
            "x": 232.0,
            "y": 364
          },
          {
            "x": 231.0,
            "y": 365
          },
          {
            "x": 231.0,
            "y": 366
          },
          {
            "x": 230,
            "y": 367
          },
          {
            "x": 230,
            "y": 372
          },
          {
            "x": 229.0,
            "y": 373
          },
          {
            "x": 229.0,
            "y": 374.0
          },
          {
            "x": 227,
            "y": 376
          },
          {
            "x": 227,
            "y": 377
          },
          {
            "x": 226.0,
            "y": 378
          },
          {
            "x": 226.0,
            "y": 381
          },
          {
            "x": 224.0,
            "y": 383
          },
          {
            "x": 224.0,
            "y": 384
          },
          {
            "x": 223.0,
            "y": 385.0
          },
          {
            "x": 223.0,
            "y": 388
          },
          {
            "x": 222.0,
            "y": 389
          },
          {
            "x": 222.0,
            "y": 390.0
          },
          {
            "x": 221.0,
            "y": 391
          },
          {
            "x": 221.0,
            "y": 392
          },
          {
            "x": 220.0,
            "y": 393.0
          },
          {
            "x": 220.0,
            "y": 395
          },
          {
            "x": 216.0,
            "y": 399
          },
          {
            "x": 216.0,
            "y": 401.0
          },
          {
            "x": 215.0,
            "y": 402
          },
          {
            "x": 215.0,
            "y": 404.0
          },
          {
            "x": 214,
            "y": 405
          },
          {
            "x": 214,
            "y": 408
          },
          {
            "x": 213.0,
            "y": 409.0
          },
          {
            "x": 213.0,
            "y": 415.0
          },
          {
            "x": 212.0,
            "y": 416
          },
          {
            "x": 212.0,
            "y": 433
          },
          {
            "x": 211,
            "y": 434.0
          },
          {
            "x": 211,
            "y": 447
          },
          {
            "x": 212.0,
            "y": 448.0
          },
          {
            "x": 212.0,
            "y": 463
          },
          {
            "x": 211,
            "y": 464.0
          },
          {
            "x": 211,
            "y": 470
          },
          {
            "x": 210.0,
            "y": 471
          },
          {
            "x": 210.0,
            "y": 481
          },
          {
            "x": 209.0,
            "y": 482
          },
          {
            "x": 209.0,
            "y": 520
          },
          {
            "x": 210.0,
            "y": 521
          },
          {
            "x": 210.0,
            "y": 532
          },
          {
            "x": 211,
            "y": 533
          },
          {
            "x": 211,
            "y": 537
          },
          {
            "x": 212.0,
            "y": 538
          },
          {
            "x": 212.0,
            "y": 562
          },
          {
            "x": 213.0,
            "y": 563
          },
          {
            "x": 213.0,
            "y": 610
          },
          {
            "x": 212.0,
            "y": 611
          },
          {
            "x": 212.0,
            "y": 623
          },
          {
            "x": 211,
            "y": 624
          },
          {
            "x": 211,
            "y": 636
          },
          {
            "x": 210.0,
            "y": 637
          },
          {
            "x": 210.0,
            "y": 660
          },
          {
            "x": 211,
            "y": 661
          },
          {
            "x": 211,
            "y": 664
          },
          {
            "x": 210.0,
            "y": 665
          },
          {
            "x": 210.0,
            "y": 674
          },
          {
            "x": 211,
            "y": 675
          },
          {
            "x": 211,
            "y": 678
          },
          {
            "x": 212.0,
            "y": 679
          },
          {
            "x": 212.0,
            "y": 683
          },
          {
            "x": 213.0,
            "y": 684
          },
          {
            "x": 213.0,
            "y": 690
          },
          {
            "x": 214,
            "y": 691
          },
          {
            "x": 214,
            "y": 695
          },
          {
            "x": 215.0,
            "y": 696
          },
          {
            "x": 215.0,
            "y": 705
          },
          {
            "x": 216.0,
            "y": 706
          },
          {
            "x": 216.0,
            "y": 711
          },
          {
            "x": 218.0,
            "y": 713
          },
          {
            "x": 219.0,
            "y": 713
          },
          {
            "x": 221.0,
            "y": 715
          },
          {
            "x": 227,
            "y": 715
          },
          {
            "x": 228.0,
            "y": 716
          },
          {
            "x": 237.0,
            "y": 716
          },
          {
            "x": 238.0,
            "y": 717.0
          },
          {
            "x": 242.0,
            "y": 717.0
          },
          {
            "x": 243.0,
            "y": 718
          },
          {
            "x": 247.0,
            "y": 718
          },
          {
            "x": 248.0,
            "y": 719
          },
          {
            "x": 259.0,
            "y": 719
          },
          {
            "x": 260.0,
            "y": 720.0
          },
          {
            "x": 261,
            "y": 720.0
          },
          {
            "x": 262,
            "y": 721
          },
          {
            "x": 263.0,
            "y": 721
          },
          {
            "x": 264.0,
            "y": 722
          },
          {
            "x": 268,
            "y": 722
          },
          {
            "x": 269.0,
            "y": 721
          },
          {
            "x": 270.0,
            "y": 721
          },
          {
            "x": 271,
            "y": 720.0
          },
          {
            "x": 272.0,
            "y": 720.0
          },
          {
            "x": 273.0,
            "y": 719
          },
          {
            "x": 275.0,
            "y": 719
          },
          {
            "x": 280,
            "y": 714
          },
          {
            "x": 280,
            "y": 713
          },
          {
            "x": 281.0,
            "y": 712
          },
          {
            "x": 281.0,
            "y": 711
          },
          {
            "x": 282.0,
            "y": 710
          },
          {
            "x": 283.0,
            "y": 710
          },
          {
            "x": 286.0,
            "y": 713
          },
          {
            "x": 286.0,
            "y": 714
          },
          {
            "x": 289.0,
            "y": 717.0
          },
          {
            "x": 289.0,
            "y": 718
          },
          {
            "x": 290,
            "y": 718
          },
          {
            "x": 291.0,
            "y": 719
          },
          {
            "x": 292.0,
            "y": 719
          },
          {
            "x": 293,
            "y": 720.0
          },
          {
            "x": 295.0,
            "y": 720.0
          },
          {
            "x": 296,
            "y": 721
          },
          {
            "x": 298.0,
            "y": 721
          },
          {
            "x": 299,
            "y": 722
          },
          {
            "x": 301.0,
            "y": 722
          },
          {
            "x": 302,
            "y": 723.0
          },
          {
            "x": 312,
            "y": 723.0
          },
          {
            "x": 313.0,
            "y": 724
          },
          {
            "x": 326.0,
            "y": 724
          },
          {
            "x": 327.0,
            "y": 725
          },
          {
            "x": 335.0,
            "y": 725
          },
          {
            "x": 336.0,
            "y": 724
          },
          {
            "x": 338.0,
            "y": 724
          },
          {
            "x": 339.0,
            "y": 723.0
          },
          {
            "x": 340,
            "y": 723.0
          },
          {
            "x": 343,
            "y": 720.0
          },
          {
            "x": 343,
            "y": 719
          },
          {
            "x": 344.0,
            "y": 718
          },
          {
            "x": 344.0,
            "y": 717.0
          },
          {
            "x": 345.0,
            "y": 716
          },
          {
            "x": 346.0,
            "y": 716
          },
          {
            "x": 346.0,
            "y": 713
          },
          {
            "x": 350,
            "y": 709
          },
          {
            "x": 350,
            "y": 707
          },
          {
            "x": 351.0,
            "y": 706
          },
          {
            "x": 351.0,
            "y": 705
          },
          {
            "x": 352.0,
            "y": 704
          },
          {
            "x": 352.0,
            "y": 701
          },
          {
            "x": 353,
            "y": 700
          },
          {
            "x": 353,
            "y": 692
          },
          {
            "x": 354.0,
            "y": 691
          },
          {
            "x": 354.0,
            "y": 688
          },
          {
            "x": 355.0,
            "y": 687
          },
          {
            "x": 355.0,
            "y": 686
          },
          {
            "x": 356,
            "y": 685
          },
          {
            "x": 356,
            "y": 682
          },
          {
            "x": 357.0,
            "y": 681
          },
          {
            "x": 357.0,
            "y": 675
          },
          {
            "x": 358.0,
            "y": 674
          },
          {
            "x": 358.0,
            "y": 672
          },
          {
            "x": 359,
            "y": 671
          },
          {
            "x": 359,
            "y": 669
          },
          {
            "x": 360.0,
            "y": 668
          },
          {
            "x": 360.0,
            "y": 662
          },
          {
            "x": 361.0,
            "y": 661
          },
          {
            "x": 361.0,
            "y": 658
          },
          {
            "x": 362,
            "y": 657
          },
          {
            "x": 362,
            "y": 655
          },
          {
            "x": 363.0,
            "y": 654
          },
          {
            "x": 363.0,
            "y": 648
          },
          {
            "x": 364.0,
            "y": 647
          },
          {
            "x": 364.0,
            "y": 639
          },
          {
            "x": 365,
            "y": 638
          },
          {
            "x": 365,
            "y": 634
          },
          {
            "x": 366,
            "y": 633
          },
          {
            "x": 366,
            "y": 629
          },
          {
            "x": 367.0,
            "y": 628
          },
          {
            "x": 367.0,
            "y": 617
          },
          {
            "x": 368.0,
            "y": 616
          },
          {
            "x": 368.0,
            "y": 589
          },
          {
            "x": 367.0,
            "y": 588
          },
          {
            "x": 367.0,
            "y": 541
          },
          {
            "x": 366,
            "y": 540
          },
          {
            "x": 366,
            "y": 525
          },
          {
            "x": 365,
            "y": 524
          },
          {
            "x": 365,
            "y": 515
          },
          {
            "x": 364.0,
            "y": 514
          },
          {
            "x": 364.0,
            "y": 500.0
          },
          {
            "x": 363.0,
            "y": 499
          },
          {
            "x": 363.0,
            "y": 496
          },
          {
            "x": 362,
            "y": 495
          },
          {
            "x": 362,
            "y": 493
          },
          {
            "x": 361.0,
            "y": 492
          },
          {
            "x": 361.0,
            "y": 490
          },
          {
            "x": 360.0,
            "y": 489.0
          },
          {
            "x": 360.0,
            "y": 484
          },
          {
            "x": 359,
            "y": 483.0
          },
          {
            "x": 359,
            "y": 482
          },
          {
            "x": 357.0,
            "y": 480
          },
          {
            "x": 357.0,
            "y": 476
          },
          {
            "x": 358.0,
            "y": 475.0
          },
          {
            "x": 358.0,
            "y": 472.0
          },
          {
            "x": 357.0,
            "y": 471
          },
          {
            "x": 357.0,
            "y": 466
          },
          {
            "x": 358.0,
            "y": 465
          },
          {
            "x": 358.0,
            "y": 461.0
          },
          {
            "x": 355.0,
            "y": 461.0
          },
          {
            "x": 352.0,
            "y": 464.0
          },
          {
            "x": 350,
            "y": 464.0
          },
          {
            "x": 349.0,
            "y": 465
          },
          {
            "x": 344.0,
            "y": 465
          },
          {
            "x": 343,
            "y": 464.0
          },
          {
            "x": 343,
            "y": 463
          },
          {
            "x": 342.0,
            "y": 462
          },
          {
            "x": 342.0,
            "y": 452
          },
          {
            "x": 341.0,
            "y": 451
          },
          {
            "x": 341.0,
            "y": 450
          },
          {
            "x": 340,
            "y": 449
          },
          {
            "x": 340,
            "y": 447
          },
          {
            "x": 339.0,
            "y": 446
          },
          {
            "x": 339.0,
            "y": 440
          },
          {
            "x": 338.0,
            "y": 439
          },
          {
            "x": 338.0,
            "y": 433
          },
          {
            "x": 337,
            "y": 432
          },
          {
            "x": 337,
            "y": 422
          },
          {
            "x": 338.0,
            "y": 421
          },
          {
            "x": 338.0,
            "y": 420.0
          },
          {
            "x": 339.0,
            "y": 419
          },
          {
            "x": 339.0,
            "y": 415.0
          },
          {
            "x": 340,
            "y": 414
          },
          {
            "x": 340,
            "y": 412.0
          },
          {
            "x": 341.0,
            "y": 411
          },
          {
            "x": 341.0,
            "y": 408
          },
          {
            "x": 342.0,
            "y": 407
          },
          {
            "x": 342.0,
            "y": 402
          },
          {
            "x": 343,
            "y": 401.0
          },
          {
            "x": 343,
            "y": 392
          },
          {
            "x": 340,
            "y": 392
          },
          {
            "x": 339.0,
            "y": 391
          },
          {
            "x": 338.0,
            "y": 391
          },
          {
            "x": 337,
            "y": 392
          },
          {
            "x": 330.0,
            "y": 392
          },
          {
            "x": 329.0,
            "y": 393.0
          },
          {
            "x": 328,
            "y": 393.0
          },
          {
            "x": 327.0,
            "y": 394
          },
          {
            "x": 324,
            "y": 394
          },
          {
            "x": 322.0,
            "y": 392
          },
          {
            "x": 322.0,
            "y": 389
          },
          {
            "x": 321,
            "y": 388
          },
          {
            "x": 321,
            "y": 384
          },
          {
            "x": 320.0,
            "y": 383
          },
          {
            "x": 320.0,
            "y": 377
          },
          {
            "x": 319.0,
            "y": 376
          },
          {
            "x": 319.0,
            "y": 368.0
          },
          {
            "x": 318,
            "y": 367
          },
          {
            "x": 318,
            "y": 365
          },
          {
            "x": 317.0,
            "y": 364
          },
          {
            "x": 317.0,
            "y": 361
          },
          {
            "x": 316.0,
            "y": 360.0
          },
          {
            "x": 316.0,
            "y": 359
          },
          {
            "x": 315,
            "y": 358
          },
          {
            "x": 299,
            "y": 358
          },
          {
            "x": 298.0,
            "y": 359
          },
          {
            "x": 296,
            "y": 359
          },
          {
            "x": 295.0,
            "y": 360.0
          },
          {
            "x": 292.0,
            "y": 360.0
          },
          {
            "x": 291.0,
            "y": 361
          },
          {
            "x": 285.0,
            "y": 361
          },
          {
            "x": 284,
            "y": 362
          },
          {
            "x": 281.0,
            "y": 362
          },
          {
            "x": 280,
            "y": 363.0
          },
          {
            "x": 277,
            "y": 363.0
          },
          {
            "x": 276.0,
            "y": 364
          },
          {
            "x": 273.0,
            "y": 364
          },
          {
            "x": 272.0,
            "y": 365
          },
          {
            "x": 262,
            "y": 365
          },
          {
            "x": 261,
            "y": 364
          },
          {
            "x": 259.0,
            "y": 364
          },
          {
            "x": 258,
            "y": 363.0
          },
          {
            "x": 257.0,
            "y": 363.0
          },
          {
            "x": 256.0,
            "y": 362
          },
          {
            "x": 255,
            "y": 362
          },
          {
            "x": 254.0,
            "y": 361
          },
          {
            "x": 252,
            "y": 361
          },
          {
            "x": 250.0,
            "y": 359
          },
          {
            "x": 249,
            "y": 359
          },
          {
            "x": 248.0,
            "y": 358
          },
          {
            "x": 247.0,
            "y": 358
          },
          {
            "x": 245.0,
            "y": 356
          },
          {
            "x": 244.0,
            "y": 356
          },
          {
            "x": 242.0,
            "y": 354
          }
        ]
      }
    },
    {
      "name": "Trousers Polygon ",
      "polygon": {
        "path": [
          {
            "x": 107,
            "y": 397
          },
          {
            "x": 104,
            "y": 400
          },
          {
            "x": 104,
            "y": 402
          },
          {
            "x": 103.0,
            "y": 403
          },
          {
            "x": 103.0,
            "y": 406
          },
          {
            "x": 102.0,
            "y": 407
          },
          {
            "x": 102.0,
            "y": 409.0
          },
          {
            "x": 101.0,
            "y": 410
          },
          {
            "x": 101.0,
            "y": 414
          },
          {
            "x": 100.0,
            "y": 415.0
          },
          {
            "x": 100.0,
            "y": 419
          },
          {
            "x": 99.0,
            "y": 420.0
          },
          {
            "x": 99.0,
            "y": 421
          },
          {
            "x": 98.0,
            "y": 422
          },
          {
            "x": 98.0,
            "y": 425
          },
          {
            "x": 97.0,
            "y": 426.0
          },
          {
            "x": 97.0,
            "y": 430
          },
          {
            "x": 96,
            "y": 431.0
          },
          {
            "x": 96,
            "y": 436
          },
          {
            "x": 94.0,
            "y": 438
          },
          {
            "x": 94.0,
            "y": 441
          },
          {
            "x": 93,
            "y": 442.0
          },
          {
            "x": 93,
            "y": 445.0
          },
          {
            "x": 92.0,
            "y": 446
          },
          {
            "x": 92.0,
            "y": 447
          },
          {
            "x": 91.0,
            "y": 448.0
          },
          {
            "x": 91.0,
            "y": 452
          },
          {
            "x": 90.0,
            "y": 453.0
          },
          {
            "x": 90.0,
            "y": 456.0
          },
          {
            "x": 89.0,
            "y": 457
          },
          {
            "x": 89.0,
            "y": 458
          },
          {
            "x": 88.0,
            "y": 459.0
          },
          {
            "x": 88.0,
            "y": 462
          },
          {
            "x": 87.0,
            "y": 463
          },
          {
            "x": 87.0,
            "y": 467.0
          },
          {
            "x": 86.0,
            "y": 468
          },
          {
            "x": 86.0,
            "y": 469
          },
          {
            "x": 85,
            "y": 470
          },
          {
            "x": 85,
            "y": 473
          },
          {
            "x": 84.0,
            "y": 474
          },
          {
            "x": 84.0,
            "y": 477
          },
          {
            "x": 83.0,
            "y": 478.0
          },
          {
            "x": 83.0,
            "y": 480
          },
          {
            "x": 82,
            "y": 481
          },
          {
            "x": 82,
            "y": 483.0
          },
          {
            "x": 81.0,
            "y": 484
          },
          {
            "x": 81.0,
            "y": 491
          },
          {
            "x": 82,
            "y": 491
          },
          {
            "x": 83.0,
            "y": 492
          },
          {
            "x": 83.0,
            "y": 493
          },
          {
            "x": 84.0,
            "y": 494.0
          },
          {
            "x": 84.0,
            "y": 495
          },
          {
            "x": 85,
            "y": 496
          },
          {
            "x": 85,
            "y": 499
          },
          {
            "x": 86.0,
            "y": 500.0
          },
          {
            "x": 86.0,
            "y": 502
          },
          {
            "x": 87.0,
            "y": 503
          },
          {
            "x": 87.0,
            "y": 506
          },
          {
            "x": 88.0,
            "y": 507
          },
          {
            "x": 88.0,
            "y": 526
          },
          {
            "x": 87.0,
            "y": 527
          },
          {
            "x": 87.0,
            "y": 534
          },
          {
            "x": 88.0,
            "y": 535
          },
          {
            "x": 88.0,
            "y": 547
          },
          {
            "x": 87.0,
            "y": 548
          },
          {
            "x": 87.0,
            "y": 554
          },
          {
            "x": 88.0,
            "y": 555
          },
          {
            "x": 88.0,
            "y": 571
          },
          {
            "x": 87.0,
            "y": 572
          },
          {
            "x": 87.0,
            "y": 585
          },
          {
            "x": 88.0,
            "y": 586
          },
          {
            "x": 88.0,
            "y": 591
          },
          {
            "x": 89.0,
            "y": 592
          },
          {
            "x": 89.0,
            "y": 593
          },
          {
            "x": 90.0,
            "y": 594
          },
          {
            "x": 90.0,
            "y": 595
          },
          {
            "x": 91.0,
            "y": 596
          },
          {
            "x": 91.0,
            "y": 597
          },
          {
            "x": 93,
            "y": 599
          },
          {
            "x": 93,
            "y": 600
          },
          {
            "x": 96,
            "y": 603
          },
          {
            "x": 96,
            "y": 604
          },
          {
            "x": 97.0,
            "y": 605
          },
          {
            "x": 97.0,
            "y": 607
          },
          {
            "x": 98.0,
            "y": 608
          },
          {
            "x": 98.0,
            "y": 609
          },
          {
            "x": 99.0,
            "y": 610
          },
          {
            "x": 99.0,
            "y": 611
          },
          {
            "x": 100.0,
            "y": 612
          },
          {
            "x": 100.0,
            "y": 618
          },
          {
            "x": 99.0,
            "y": 619
          },
          {
            "x": 98.0,
            "y": 619
          },
          {
            "x": 98.0,
            "y": 620
          },
          {
            "x": 97.0,
            "y": 621
          },
          {
            "x": 97.0,
            "y": 622
          },
          {
            "x": 93,
            "y": 626
          },
          {
            "x": 93,
            "y": 627
          },
          {
            "x": 92.0,
            "y": 628
          },
          {
            "x": 91.0,
            "y": 628
          },
          {
            "x": 90.0,
            "y": 629
          },
          {
            "x": 90.0,
            "y": 630
          },
          {
            "x": 88.0,
            "y": 632
          },
          {
            "x": 88.0,
            "y": 634
          },
          {
            "x": 87.0,
            "y": 635
          },
          {
            "x": 87.0,
            "y": 637
          },
          {
            "x": 86.0,
            "y": 638
          },
          {
            "x": 86.0,
            "y": 640
          },
          {
            "x": 85,
            "y": 641
          },
          {
            "x": 85,
            "y": 646
          },
          {
            "x": 84.0,
            "y": 647
          },
          {
            "x": 84.0,
            "y": 648
          },
          {
            "x": 83.0,
            "y": 649
          },
          {
            "x": 83.0,
            "y": 650
          },
          {
            "x": 80.0,
            "y": 653
          },
          {
            "x": 80.0,
            "y": 657
          },
          {
            "x": 81.0,
            "y": 658
          },
          {
            "x": 81.0,
            "y": 659
          },
          {
            "x": 82,
            "y": 659
          },
          {
            "x": 84.0,
            "y": 661
          },
          {
            "x": 85,
            "y": 661
          },
          {
            "x": 88.0,
            "y": 664
          },
          {
            "x": 89.0,
            "y": 664
          },
          {
            "x": 91.0,
            "y": 666
          },
          {
            "x": 92.0,
            "y": 666
          },
          {
            "x": 93,
            "y": 667
          },
          {
            "x": 93,
            "y": 668
          },
          {
            "x": 94.0,
            "y": 669
          },
          {
            "x": 94.0,
            "y": 670
          },
          {
            "x": 96,
            "y": 670
          },
          {
            "x": 97.0,
            "y": 671
          },
          {
            "x": 105.0,
            "y": 671
          },
          {
            "x": 106.0,
            "y": 670
          },
          {
            "x": 109.0,
            "y": 670
          },
          {
            "x": 110.0,
            "y": 671
          },
          {
            "x": 112.0,
            "y": 671
          },
          {
            "x": 113.0,
            "y": 672
          },
          {
            "x": 121.0,
            "y": 672
          },
          {
            "x": 122.0,
            "y": 671
          },
          {
            "x": 123,
            "y": 671
          },
          {
            "x": 124.0,
            "y": 670
          },
          {
            "x": 125.0,
            "y": 670
          },
          {
            "x": 126,
            "y": 669
          },
          {
            "x": 126,
            "y": 668
          },
          {
            "x": 127.0,
            "y": 667
          },
          {
            "x": 128.0,
            "y": 667
          },
          {
            "x": 129,
            "y": 666
          },
          {
            "x": 130.0,
            "y": 666
          },
          {
            "x": 131.0,
            "y": 667
          },
          {
            "x": 131.0,
            "y": 668
          },
          {
            "x": 133.0,
            "y": 670
          },
          {
            "x": 133.0,
            "y": 671
          },
          {
            "x": 134.0,
            "y": 672
          },
          {
            "x": 135.0,
            "y": 672
          },
          {
            "x": 136.0,
            "y": 673
          },
          {
            "x": 139.0,
            "y": 673
          },
          {
            "x": 140.0,
            "y": 674
          },
          {
            "x": 151,
            "y": 674
          },
          {
            "x": 152.0,
            "y": 675
          },
          {
            "x": 156.0,
            "y": 675
          },
          {
            "x": 157.0,
            "y": 674
          },
          {
            "x": 159.0,
            "y": 674
          },
          {
            "x": 160.0,
            "y": 673
          },
          {
            "x": 166.0,
            "y": 673
          },
          {
            "x": 167,
            "y": 672
          },
          {
            "x": 169.0,
            "y": 672
          },
          {
            "x": 170,
            "y": 671
          },
          {
            "x": 171.0,
            "y": 671
          },
          {
            "x": 171.0,
            "y": 670
          },
          {
            "x": 172.0,
            "y": 669
          },
          {
            "x": 172.0,
            "y": 668
          },
          {
            "x": 174.0,
            "y": 666
          },
          {
            "x": 174.0,
            "y": 665
          },
          {
            "x": 176.0,
            "y": 663
          },
          {
            "x": 176.0,
            "y": 662
          },
          {
            "x": 177.0,
            "y": 661
          },
          {
            "x": 178.0,
            "y": 661
          },
          {
            "x": 178.0,
            "y": 660
          },
          {
            "x": 179.0,
            "y": 659
          },
          {
            "x": 180.0,
            "y": 659
          },
          {
            "x": 186,
            "y": 653
          },
          {
            "x": 186,
            "y": 652
          },
          {
            "x": 188.0,
            "y": 650
          },
          {
            "x": 188.0,
            "y": 648
          },
          {
            "x": 189,
            "y": 647
          },
          {
            "x": 189,
            "y": 642
          },
          {
            "x": 191.0,
            "y": 640
          },
          {
            "x": 191.0,
            "y": 627
          },
          {
            "x": 192,
            "y": 626
          },
          {
            "x": 192,
            "y": 619
          },
          {
            "x": 193.0,
            "y": 618
          },
          {
            "x": 193.0,
            "y": 616
          },
          {
            "x": 194.0,
            "y": 615
          },
          {
            "x": 194.0,
            "y": 605
          },
          {
            "x": 195.0,
            "y": 604
          },
          {
            "x": 195.0,
            "y": 598
          },
          {
            "x": 196.0,
            "y": 597
          },
          {
            "x": 196.0,
            "y": 590
          },
          {
            "x": 197.0,
            "y": 589
          },
          {
            "x": 197.0,
            "y": 587
          },
          {
            "x": 198.0,
            "y": 586
          },
          {
            "x": 198.0,
            "y": 579
          },
          {
            "x": 199.0,
            "y": 578
          },
          {
            "x": 199.0,
            "y": 573
          },
          {
            "x": 200.0,
            "y": 572
          },
          {
            "x": 200.0,
            "y": 569
          },
          {
            "x": 201.0,
            "y": 568
          },
          {
            "x": 201.0,
            "y": 559
          },
          {
            "x": 202.0,
            "y": 558
          },
          {
            "x": 202.0,
            "y": 536
          },
          {
            "x": 200.0,
            "y": 536
          },
          {
            "x": 199.0,
            "y": 537
          },
          {
            "x": 198.0,
            "y": 537
          },
          {
            "x": 194.0,
            "y": 541
          },
          {
            "x": 192,
            "y": 541
          },
          {
            "x": 191.0,
            "y": 542
          },
          {
            "x": 186,
            "y": 542
          },
          {
            "x": 185.0,
            "y": 541
          },
          {
            "x": 184.0,
            "y": 541
          },
          {
            "x": 183,
            "y": 540
          },
          {
            "x": 181.0,
            "y": 540
          },
          {
            "x": 180.0,
            "y": 539
          },
          {
            "x": 177.0,
            "y": 539
          },
          {
            "x": 171.0,
            "y": 533
          },
          {
            "x": 171.0,
            "y": 532
          },
          {
            "x": 170,
            "y": 532
          },
          {
            "x": 169.0,
            "y": 531
          },
          {
            "x": 169.0,
            "y": 530
          },
          {
            "x": 168.0,
            "y": 529
          },
          {
            "x": 168.0,
            "y": 528
          },
          {
            "x": 166.0,
            "y": 526
          },
          {
            "x": 166.0,
            "y": 525
          },
          {
            "x": 165.0,
            "y": 524
          },
          {
            "x": 165.0,
            "y": 523
          },
          {
            "x": 163.0,
            "y": 521
          },
          {
            "x": 163.0,
            "y": 520
          },
          {
            "x": 162.0,
            "y": 519
          },
          {
            "x": 162.0,
            "y": 517
          },
          {
            "x": 161.0,
            "y": 516
          },
          {
            "x": 161.0,
            "y": 514
          },
          {
            "x": 162.0,
            "y": 513
          },
          {
            "x": 162.0,
            "y": 512
          },
          {
            "x": 163.0,
            "y": 511.0
          },
          {
            "x": 163.0,
            "y": 510
          },
          {
            "x": 165.0,
            "y": 508.0
          },
          {
            "x": 165.0,
            "y": 507
          },
          {
            "x": 171.0,
            "y": 501
          },
          {
            "x": 171.0,
            "y": 500.0
          },
          {
            "x": 174.0,
            "y": 497.0
          },
          {
            "x": 174.0,
            "y": 496
          },
          {
            "x": 175.0,
            "y": 495
          },
          {
            "x": 175.0,
            "y": 494.0
          },
          {
            "x": 176.0,
            "y": 493
          },
          {
            "x": 176.0,
            "y": 492
          },
          {
            "x": 177.0,
            "y": 491
          },
          {
            "x": 178.0,
            "y": 491
          },
          {
            "x": 178.0,
            "y": 489.0
          },
          {
            "x": 179.0,
            "y": 488
          },
          {
            "x": 179.0,
            "y": 484
          },
          {
            "x": 178.0,
            "y": 483.0
          },
          {
            "x": 178.0,
            "y": 481
          },
          {
            "x": 176.0,
            "y": 479
          },
          {
            "x": 176.0,
            "y": 454
          },
          {
            "x": 175.0,
            "y": 453.0
          },
          {
            "x": 175.0,
            "y": 438
          },
          {
            "x": 176.0,
            "y": 437.0
          },
          {
            "x": 176.0,
            "y": 433
          },
          {
            "x": 177.0,
            "y": 432
          },
          {
            "x": 177.0,
            "y": 430
          },
          {
            "x": 178.0,
            "y": 429
          },
          {
            "x": 178.0,
            "y": 425
          },
          {
            "x": 179.0,
            "y": 424
          },
          {
            "x": 179.0,
            "y": 418
          },
          {
            "x": 180.0,
            "y": 417
          },
          {
            "x": 180.0,
            "y": 414
          },
          {
            "x": 181.0,
            "y": 413
          },
          {
            "x": 181.0,
            "y": 408
          },
          {
            "x": 180.0,
            "y": 407
          },
          {
            "x": 166.0,
            "y": 407
          },
          {
            "x": 165.0,
            "y": 406
          },
          {
            "x": 162.0,
            "y": 406
          },
          {
            "x": 161.0,
            "y": 405
          },
          {
            "x": 149.0,
            "y": 405
          },
          {
            "x": 148,
            "y": 404.0
          },
          {
            "x": 139.0,
            "y": 404.0
          },
          {
            "x": 138.0,
            "y": 403
          },
          {
            "x": 135.0,
            "y": 403
          },
          {
            "x": 134.0,
            "y": 402
          },
          {
            "x": 129,
            "y": 402
          },
          {
            "x": 128.0,
            "y": 401.0
          },
          {
            "x": 122.0,
            "y": 401.0
          },
          {
            "x": 121.0,
            "y": 400
          },
          {
            "x": 117.0,
            "y": 400
          },
          {
            "x": 116.0,
            "y": 399
          },
          {
            "x": 114.0,
            "y": 399
          },
          {
            "x": 113.0,
            "y": 398.0
          },
          {
            "x": 108.0,
            "y": 398.0
          }
        ]
      }
    },
    {
      "name": "T-shirt Polygon ",
      "polygon": {
        "path": [
          {
            "x": 192.0,
            "y": 162
          },
          {
            "x": 189,
            "y": 162
          },
          {
            "x": 187.0,
            "y": 164
          },
          {
            "x": 186.0,
            "y": 164
          },
          {
            "x": 185.0,
            "y": 165
          },
          {
            "x": 182,
            "y": 165
          },
          {
            "x": 181.0,
            "y": 166
          },
          {
            "x": 180.0,
            "y": 166
          },
          {
            "x": 179.0,
            "y": 167
          },
          {
            "x": 166.0,
            "y": 167
          },
          {
            "x": 165.0,
            "y": 166
          },
          {
            "x": 161.0,
            "y": 166
          },
          {
            "x": 160.0,
            "y": 165
          },
          {
            "x": 157,
            "y": 165
          },
          {
            "x": 156,
            "y": 164
          },
          {
            "x": 155.0,
            "y": 164
          },
          {
            "x": 154.0,
            "y": 163
          },
          {
            "x": 153.0,
            "y": 164
          },
          {
            "x": 153.0,
            "y": 167
          },
          {
            "x": 154.0,
            "y": 168
          },
          {
            "x": 154.0,
            "y": 171
          },
          {
            "x": 155.0,
            "y": 172
          },
          {
            "x": 155.0,
            "y": 174
          },
          {
            "x": 156,
            "y": 175
          },
          {
            "x": 156,
            "y": 177
          },
          {
            "x": 157,
            "y": 178
          },
          {
            "x": 157,
            "y": 179
          },
          {
            "x": 158.0,
            "y": 180
          },
          {
            "x": 158.0,
            "y": 181
          },
          {
            "x": 159.0,
            "y": 182
          },
          {
            "x": 159.0,
            "y": 183
          },
          {
            "x": 160.0,
            "y": 184
          },
          {
            "x": 160.0,
            "y": 185
          },
          {
            "x": 161.0,
            "y": 186
          },
          {
            "x": 161.0,
            "y": 188
          },
          {
            "x": 162.0,
            "y": 189
          },
          {
            "x": 162.0,
            "y": 199
          },
          {
            "x": 161.0,
            "y": 200
          },
          {
            "x": 161.0,
            "y": 202
          },
          {
            "x": 160.0,
            "y": 203
          },
          {
            "x": 160.0,
            "y": 205
          },
          {
            "x": 159.0,
            "y": 206
          },
          {
            "x": 159.0,
            "y": 207
          },
          {
            "x": 158.0,
            "y": 208
          },
          {
            "x": 158.0,
            "y": 210
          },
          {
            "x": 157,
            "y": 211
          },
          {
            "x": 157,
            "y": 212
          },
          {
            "x": 156,
            "y": 213
          },
          {
            "x": 156,
            "y": 215
          },
          {
            "x": 155.0,
            "y": 216
          },
          {
            "x": 155.0,
            "y": 218
          },
          {
            "x": 154.0,
            "y": 219
          },
          {
            "x": 154.0,
            "y": 221
          },
          {
            "x": 153.0,
            "y": 222
          },
          {
            "x": 153.0,
            "y": 225
          },
          {
            "x": 152.0,
            "y": 226
          },
          {
            "x": 152.0,
            "y": 228
          },
          {
            "x": 151,
            "y": 229
          },
          {
            "x": 151,
            "y": 232
          },
          {
            "x": 150,
            "y": 233
          },
          {
            "x": 150,
            "y": 236
          },
          {
            "x": 149.0,
            "y": 237
          },
          {
            "x": 149.0,
            "y": 240
          },
          {
            "x": 148.0,
            "y": 241
          },
          {
            "x": 148.0,
            "y": 243
          },
          {
            "x": 147.0,
            "y": 244
          },
          {
            "x": 147.0,
            "y": 246
          },
          {
            "x": 146.0,
            "y": 247.0
          },
          {
            "x": 146.0,
            "y": 249.0
          },
          {
            "x": 145.0,
            "y": 250.0
          },
          {
            "x": 145.0,
            "y": 252.0
          },
          {
            "x": 144,
            "y": 253.0
          },
          {
            "x": 144,
            "y": 254
          },
          {
            "x": 143.0,
            "y": 255
          },
          {
            "x": 143.0,
            "y": 258
          },
          {
            "x": 142.0,
            "y": 259
          },
          {
            "x": 142.0,
            "y": 262
          },
          {
            "x": 141.0,
            "y": 263
          },
          {
            "x": 141.0,
            "y": 265
          },
          {
            "x": 140,
            "y": 266
          },
          {
            "x": 140,
            "y": 268
          },
          {
            "x": 139.0,
            "y": 269
          },
          {
            "x": 139.0,
            "y": 274
          },
          {
            "x": 138,
            "y": 275
          },
          {
            "x": 138,
            "y": 277
          },
          {
            "x": 137,
            "y": 278
          },
          {
            "x": 137,
            "y": 280
          },
          {
            "x": 136.0,
            "y": 281
          },
          {
            "x": 136.0,
            "y": 284
          },
          {
            "x": 135,
            "y": 285
          },
          {
            "x": 135,
            "y": 290
          },
          {
            "x": 134,
            "y": 291
          },
          {
            "x": 134,
            "y": 295
          },
          {
            "x": 133.0,
            "y": 296
          },
          {
            "x": 133.0,
            "y": 299
          },
          {
            "x": 132,
            "y": 300
          },
          {
            "x": 132,
            "y": 303
          },
          {
            "x": 131,
            "y": 304
          },
          {
            "x": 131,
            "y": 308
          },
          {
            "x": 130.0,
            "y": 309
          },
          {
            "x": 130.0,
            "y": 312
          },
          {
            "x": 129.0,
            "y": 313
          },
          {
            "x": 129.0,
            "y": 315
          },
          {
            "x": 128,
            "y": 316
          },
          {
            "x": 128,
            "y": 318
          },
          {
            "x": 127.0,
            "y": 319
          },
          {
            "x": 127.0,
            "y": 322
          },
          {
            "x": 126.0,
            "y": 323
          },
          {
            "x": 126.0,
            "y": 326
          },
          {
            "x": 125,
            "y": 327
          },
          {
            "x": 125,
            "y": 330
          },
          {
            "x": 124.0,
            "y": 331
          },
          {
            "x": 124.0,
            "y": 335
          },
          {
            "x": 123.0,
            "y": 336
          },
          {
            "x": 123.0,
            "y": 339
          },
          {
            "x": 122,
            "y": 340
          },
          {
            "x": 122,
            "y": 343
          },
          {
            "x": 121.0,
            "y": 344
          },
          {
            "x": 121.0,
            "y": 348
          },
          {
            "x": 120.0,
            "y": 349
          },
          {
            "x": 120.0,
            "y": 353
          },
          {
            "x": 119.0,
            "y": 354
          },
          {
            "x": 119.0,
            "y": 357
          },
          {
            "x": 118,
            "y": 358
          },
          {
            "x": 118,
            "y": 361
          },
          {
            "x": 117.0,
            "y": 362
          },
          {
            "x": 117.0,
            "y": 365
          },
          {
            "x": 116.0,
            "y": 366
          },
          {
            "x": 116.0,
            "y": 369
          },
          {
            "x": 115,
            "y": 370
          },
          {
            "x": 115,
            "y": 372
          },
          {
            "x": 114.0,
            "y": 373
          },
          {
            "x": 114.0,
            "y": 375
          },
          {
            "x": 113.0,
            "y": 376
          },
          {
            "x": 113.0,
            "y": 379
          },
          {
            "x": 112,
            "y": 380
          },
          {
            "x": 112,
            "y": 384
          },
          {
            "x": 111.0,
            "y": 385
          },
          {
            "x": 111.0,
            "y": 387
          },
          {
            "x": 110.0,
            "y": 388
          },
          {
            "x": 110.0,
            "y": 390
          },
          {
            "x": 109,
            "y": 391
          },
          {
            "x": 109,
            "y": 393
          },
          {
            "x": 108.0,
            "y": 394
          },
          {
            "x": 108.0,
            "y": 396
          },
          {
            "x": 109,
            "y": 397
          },
          {
            "x": 110.0,
            "y": 397
          },
          {
            "x": 111.0,
            "y": 398
          },
          {
            "x": 115,
            "y": 398
          },
          {
            "x": 116.0,
            "y": 399
          },
          {
            "x": 120.0,
            "y": 399
          },
          {
            "x": 121.0,
            "y": 400
          },
          {
            "x": 125,
            "y": 400
          },
          {
            "x": 126.0,
            "y": 401
          },
          {
            "x": 131,
            "y": 401
          },
          {
            "x": 132,
            "y": 402
          },
          {
            "x": 137,
            "y": 402
          },
          {
            "x": 138,
            "y": 403
          },
          {
            "x": 146.0,
            "y": 403
          },
          {
            "x": 147.0,
            "y": 404
          },
          {
            "x": 157,
            "y": 404
          },
          {
            "x": 158.0,
            "y": 405
          },
          {
            "x": 165.0,
            "y": 405
          },
          {
            "x": 166.0,
            "y": 406
          },
          {
            "x": 181.0,
            "y": 406
          },
          {
            "x": 182,
            "y": 405
          },
          {
            "x": 182,
            "y": 401
          },
          {
            "x": 181.0,
            "y": 400
          },
          {
            "x": 181.0,
            "y": 392
          },
          {
            "x": 180.0,
            "y": 391
          },
          {
            "x": 180.0,
            "y": 388
          },
          {
            "x": 181.0,
            "y": 387
          },
          {
            "x": 181.0,
            "y": 382
          },
          {
            "x": 182,
            "y": 381
          },
          {
            "x": 182,
            "y": 373
          },
          {
            "x": 183,
            "y": 372
          },
          {
            "x": 183,
            "y": 359
          },
          {
            "x": 184.0,
            "y": 358
          },
          {
            "x": 184.0,
            "y": 352
          },
          {
            "x": 183,
            "y": 351
          },
          {
            "x": 183,
            "y": 344
          },
          {
            "x": 184.0,
            "y": 343
          },
          {
            "x": 184.0,
            "y": 336
          },
          {
            "x": 185.0,
            "y": 335
          },
          {
            "x": 185.0,
            "y": 332
          },
          {
            "x": 186.0,
            "y": 331
          },
          {
            "x": 186.0,
            "y": 330
          },
          {
            "x": 187.0,
            "y": 329
          },
          {
            "x": 187.0,
            "y": 326
          },
          {
            "x": 188,
            "y": 325
          },
          {
            "x": 188,
            "y": 322
          },
          {
            "x": 189,
            "y": 321
          },
          {
            "x": 189,
            "y": 318
          },
          {
            "x": 190.0,
            "y": 317
          },
          {
            "x": 190.0,
            "y": 311
          },
          {
            "x": 191.0,
            "y": 310
          },
          {
            "x": 191.0,
            "y": 309
          },
          {
            "x": 192.0,
            "y": 308
          },
          {
            "x": 192.0,
            "y": 303
          },
          {
            "x": 190.0,
            "y": 301
          },
          {
            "x": 190.0,
            "y": 300
          },
          {
            "x": 189,
            "y": 299
          },
          {
            "x": 188,
            "y": 299
          },
          {
            "x": 186.0,
            "y": 297
          },
          {
            "x": 185.0,
            "y": 297
          },
          {
            "x": 182,
            "y": 294
          },
          {
            "x": 182,
            "y": 290
          },
          {
            "x": 183,
            "y": 289
          },
          {
            "x": 183,
            "y": 287
          },
          {
            "x": 184.0,
            "y": 286
          },
          {
            "x": 184.0,
            "y": 285
          },
          {
            "x": 183,
            "y": 284
          },
          {
            "x": 181.0,
            "y": 284
          },
          {
            "x": 180.0,
            "y": 283
          },
          {
            "x": 180.0,
            "y": 279
          },
          {
            "x": 182,
            "y": 277
          },
          {
            "x": 184.0,
            "y": 279
          },
          {
            "x": 184.0,
            "y": 281
          },
          {
            "x": 185.0,
            "y": 282
          },
          {
            "x": 186.0,
            "y": 282
          },
          {
            "x": 187.0,
            "y": 281
          },
          {
            "x": 187.0,
            "y": 280
          },
          {
            "x": 188,
            "y": 279
          },
          {
            "x": 188,
            "y": 272
          },
          {
            "x": 187.0,
            "y": 271
          },
          {
            "x": 187.0,
            "y": 270
          },
          {
            "x": 186.0,
            "y": 269
          },
          {
            "x": 186.0,
            "y": 268
          },
          {
            "x": 185.0,
            "y": 267
          },
          {
            "x": 185.0,
            "y": 266
          },
          {
            "x": 184.0,
            "y": 265
          },
          {
            "x": 184.0,
            "y": 262
          },
          {
            "x": 185.0,
            "y": 261
          },
          {
            "x": 185.0,
            "y": 260
          },
          {
            "x": 188,
            "y": 257
          },
          {
            "x": 189,
            "y": 257
          },
          {
            "x": 189,
            "y": 256
          },
          {
            "x": 190.0,
            "y": 255
          },
          {
            "x": 190.0,
            "y": 249.0
          },
          {
            "x": 191.0,
            "y": 248
          },
          {
            "x": 191.0,
            "y": 247.0
          },
          {
            "x": 190.0,
            "y": 246
          },
          {
            "x": 190.0,
            "y": 245
          },
          {
            "x": 189,
            "y": 244
          },
          {
            "x": 191.0,
            "y": 242
          },
          {
            "x": 192.0,
            "y": 242
          },
          {
            "x": 192.0,
            "y": 238
          },
          {
            "x": 189,
            "y": 235
          },
          {
            "x": 190.0,
            "y": 234
          },
          {
            "x": 192.0,
            "y": 234
          },
          {
            "x": 192.0,
            "y": 231
          },
          {
            "x": 190.0,
            "y": 229
          },
          {
            "x": 190.0,
            "y": 228
          },
          {
            "x": 189,
            "y": 227
          },
          {
            "x": 191.0,
            "y": 225
          },
          {
            "x": 192.0,
            "y": 225
          },
          {
            "x": 192.0,
            "y": 221
          },
          {
            "x": 190.0,
            "y": 219
          },
          {
            "x": 190.0,
            "y": 217
          },
          {
            "x": 189,
            "y": 216
          },
          {
            "x": 189,
            "y": 215
          },
          {
            "x": 188,
            "y": 214
          },
          {
            "x": 188,
            "y": 213
          },
          {
            "x": 187.0,
            "y": 212
          },
          {
            "x": 187.0,
            "y": 209
          },
          {
            "x": 186.0,
            "y": 208
          },
          {
            "x": 186.0,
            "y": 204
          },
          {
            "x": 185.0,
            "y": 203
          },
          {
            "x": 185.0,
            "y": 199
          },
          {
            "x": 186.0,
            "y": 198
          },
          {
            "x": 186.0,
            "y": 197
          },
          {
            "x": 185.0,
            "y": 196
          },
          {
            "x": 185.0,
            "y": 193
          },
          {
            "x": 184.0,
            "y": 192
          },
          {
            "x": 184.0,
            "y": 191
          },
          {
            "x": 183,
            "y": 190
          },
          {
            "x": 183,
            "y": 187
          },
          {
            "x": 184.0,
            "y": 186
          },
          {
            "x": 184.0,
            "y": 184
          },
          {
            "x": 185.0,
            "y": 183
          },
          {
            "x": 185.0,
            "y": 182
          },
          {
            "x": 186.0,
            "y": 181
          },
          {
            "x": 186.0,
            "y": 180
          },
          {
            "x": 187.0,
            "y": 179
          },
          {
            "x": 187.0,
            "y": 177
          },
          {
            "x": 188,
            "y": 176
          },
          {
            "x": 188,
            "y": 175
          },
          {
            "x": 189,
            "y": 174
          },
          {
            "x": 189,
            "y": 172
          },
          {
            "x": 190.0,
            "y": 171
          },
          {
            "x": 190.0,
            "y": 168
          },
          {
            "x": 191.0,
            "y": 167
          },
          {
            "x": 191.0,
            "y": 166
          },
          {
            "x": 192.0,
            "y": 165
          }
        ]
      }
    },
    {
      "name": "Blouse Polygon ",
      "polygon": {
        "path": [
          {
            "x": 326,
            "y": 202
          },
          {
            "x": 325,
            "y": 202
          },
          {
            "x": 323.0,
            "y": 204.0
          },
          {
            "x": 318,
            "y": 204.0
          },
          {
            "x": 317.0,
            "y": 205
          },
          {
            "x": 313,
            "y": 205
          },
          {
            "x": 311,
            "y": 207
          },
          {
            "x": 310,
            "y": 207
          },
          {
            "x": 310,
            "y": 208
          },
          {
            "x": 308,
            "y": 210
          },
          {
            "x": 308,
            "y": 211
          },
          {
            "x": 307.0,
            "y": 212.0
          },
          {
            "x": 304,
            "y": 212.0
          },
          {
            "x": 303,
            "y": 213
          },
          {
            "x": 302.0,
            "y": 212.0
          },
          {
            "x": 293,
            "y": 212.0
          },
          {
            "x": 292,
            "y": 211
          },
          {
            "x": 288,
            "y": 211
          },
          {
            "x": 287,
            "y": 210
          },
          {
            "x": 285.0,
            "y": 210
          },
          {
            "x": 284,
            "y": 209
          },
          {
            "x": 282,
            "y": 209
          },
          {
            "x": 280.0,
            "y": 207
          },
          {
            "x": 279,
            "y": 207
          },
          {
            "x": 277,
            "y": 205
          },
          {
            "x": 276,
            "y": 205
          },
          {
            "x": 274.0,
            "y": 203
          },
          {
            "x": 268,
            "y": 203
          },
          {
            "x": 266,
            "y": 205
          },
          {
            "x": 266,
            "y": 206
          },
          {
            "x": 264.0,
            "y": 208
          },
          {
            "x": 261,
            "y": 208
          },
          {
            "x": 260,
            "y": 207
          },
          {
            "x": 256,
            "y": 207
          },
          {
            "x": 256,
            "y": 208
          },
          {
            "x": 254.0,
            "y": 210
          },
          {
            "x": 254.0,
            "y": 211
          },
          {
            "x": 253.0,
            "y": 212.0
          },
          {
            "x": 253.0,
            "y": 213
          },
          {
            "x": 252.0,
            "y": 214
          },
          {
            "x": 252.0,
            "y": 216
          },
          {
            "x": 251,
            "y": 217
          },
          {
            "x": 251,
            "y": 220.0
          },
          {
            "x": 250,
            "y": 221
          },
          {
            "x": 250,
            "y": 225
          },
          {
            "x": 249.0,
            "y": 226
          },
          {
            "x": 249.0,
            "y": 230
          },
          {
            "x": 248.0,
            "y": 231
          },
          {
            "x": 248.0,
            "y": 235
          },
          {
            "x": 247.0,
            "y": 236.0
          },
          {
            "x": 247.0,
            "y": 239
          },
          {
            "x": 246,
            "y": 240
          },
          {
            "x": 246,
            "y": 246
          },
          {
            "x": 247.0,
            "y": 247
          },
          {
            "x": 247.0,
            "y": 254
          },
          {
            "x": 248.0,
            "y": 255
          },
          {
            "x": 248.0,
            "y": 267
          },
          {
            "x": 249.0,
            "y": 268
          },
          {
            "x": 249.0,
            "y": 281.0
          },
          {
            "x": 248.0,
            "y": 282
          },
          {
            "x": 248.0,
            "y": 289
          },
          {
            "x": 247.0,
            "y": 290
          },
          {
            "x": 247.0,
            "y": 293
          },
          {
            "x": 246,
            "y": 294
          },
          {
            "x": 246,
            "y": 295
          },
          {
            "x": 245,
            "y": 296.0
          },
          {
            "x": 245,
            "y": 297.0
          },
          {
            "x": 244.0,
            "y": 298
          },
          {
            "x": 243.0,
            "y": 298
          },
          {
            "x": 243.0,
            "y": 299
          },
          {
            "x": 241,
            "y": 301.0
          },
          {
            "x": 241,
            "y": 302.0
          },
          {
            "x": 240,
            "y": 303
          },
          {
            "x": 240,
            "y": 312.0
          },
          {
            "x": 239,
            "y": 313
          },
          {
            "x": 239,
            "y": 319
          },
          {
            "x": 238.0,
            "y": 320
          },
          {
            "x": 238.0,
            "y": 323.0
          },
          {
            "x": 237.0,
            "y": 324
          },
          {
            "x": 237.0,
            "y": 330
          },
          {
            "x": 236.0,
            "y": 331
          },
          {
            "x": 236.0,
            "y": 338
          },
          {
            "x": 235,
            "y": 339.0
          },
          {
            "x": 235,
            "y": 347
          },
          {
            "x": 234,
            "y": 348
          },
          {
            "x": 234,
            "y": 350
          },
          {
            "x": 235,
            "y": 351
          },
          {
            "x": 235,
            "y": 352
          },
          {
            "x": 239,
            "y": 352
          },
          {
            "x": 240,
            "y": 353
          },
          {
            "x": 241,
            "y": 353
          },
          {
            "x": 243.0,
            "y": 355.0
          },
          {
            "x": 244.0,
            "y": 355.0
          },
          {
            "x": 246,
            "y": 357
          },
          {
            "x": 247.0,
            "y": 357
          },
          {
            "x": 248.0,
            "y": 358
          },
          {
            "x": 249.0,
            "y": 358
          },
          {
            "x": 250,
            "y": 359
          },
          {
            "x": 251,
            "y": 359
          },
          {
            "x": 252.0,
            "y": 360.0
          },
          {
            "x": 253.0,
            "y": 360.0
          },
          {
            "x": 254.0,
            "y": 361
          },
          {
            "x": 255,
            "y": 361
          },
          {
            "x": 256,
            "y": 362
          },
          {
            "x": 257,
            "y": 362
          },
          {
            "x": 258,
            "y": 363
          },
          {
            "x": 261,
            "y": 363
          },
          {
            "x": 262,
            "y": 364
          },
          {
            "x": 272,
            "y": 364
          },
          {
            "x": 273,
            "y": 363
          },
          {
            "x": 279,
            "y": 363
          },
          {
            "x": 280.0,
            "y": 362
          },
          {
            "x": 283,
            "y": 362
          },
          {
            "x": 284,
            "y": 361
          },
          {
            "x": 287,
            "y": 361
          },
          {
            "x": 288,
            "y": 360.0
          },
          {
            "x": 293,
            "y": 360.0
          },
          {
            "x": 294,
            "y": 359
          },
          {
            "x": 298,
            "y": 359
          },
          {
            "x": 299,
            "y": 358
          },
          {
            "x": 309,
            "y": 358
          },
          {
            "x": 310,
            "y": 357
          },
          {
            "x": 316,
            "y": 357
          },
          {
            "x": 317.0,
            "y": 356
          },
          {
            "x": 317.0,
            "y": 352
          },
          {
            "x": 316,
            "y": 351
          },
          {
            "x": 316,
            "y": 343
          },
          {
            "x": 315,
            "y": 342
          },
          {
            "x": 315,
            "y": 324
          },
          {
            "x": 316,
            "y": 323.0
          },
          {
            "x": 316,
            "y": 320
          },
          {
            "x": 317.0,
            "y": 319
          },
          {
            "x": 317.0,
            "y": 310
          },
          {
            "x": 316,
            "y": 309
          },
          {
            "x": 316,
            "y": 307.0
          },
          {
            "x": 315,
            "y": 306
          },
          {
            "x": 315,
            "y": 303
          },
          {
            "x": 314,
            "y": 302.0
          },
          {
            "x": 314,
            "y": 300
          },
          {
            "x": 313,
            "y": 299
          },
          {
            "x": 313,
            "y": 298
          },
          {
            "x": 312.0,
            "y": 297.0
          },
          {
            "x": 312.0,
            "y": 296.0
          },
          {
            "x": 311,
            "y": 295
          },
          {
            "x": 311,
            "y": 294
          },
          {
            "x": 310,
            "y": 293
          },
          {
            "x": 310,
            "y": 288
          },
          {
            "x": 311,
            "y": 287
          },
          {
            "x": 311,
            "y": 285.0
          },
          {
            "x": 312.0,
            "y": 284
          },
          {
            "x": 312.0,
            "y": 281.0
          },
          {
            "x": 313,
            "y": 280.0
          },
          {
            "x": 313,
            "y": 278
          },
          {
            "x": 314,
            "y": 277
          },
          {
            "x": 314,
            "y": 274
          },
          {
            "x": 315,
            "y": 273
          },
          {
            "x": 315,
            "y": 271
          },
          {
            "x": 316,
            "y": 270.0
          },
          {
            "x": 316,
            "y": 269.0
          },
          {
            "x": 317.0,
            "y": 268
          },
          {
            "x": 317.0,
            "y": 265
          },
          {
            "x": 318,
            "y": 264
          },
          {
            "x": 318,
            "y": 262
          },
          {
            "x": 319,
            "y": 261
          },
          {
            "x": 319,
            "y": 255
          },
          {
            "x": 320,
            "y": 254
          },
          {
            "x": 320,
            "y": 249
          },
          {
            "x": 321,
            "y": 248
          },
          {
            "x": 321,
            "y": 247
          },
          {
            "x": 322,
            "y": 246
          },
          {
            "x": 322,
            "y": 243
          },
          {
            "x": 323.0,
            "y": 242
          },
          {
            "x": 323.0,
            "y": 240
          },
          {
            "x": 324,
            "y": 239
          },
          {
            "x": 324,
            "y": 237
          },
          {
            "x": 325,
            "y": 236.0
          },
          {
            "x": 325,
            "y": 234
          },
          {
            "x": 326,
            "y": 233
          },
          {
            "x": 326,
            "y": 232
          },
          {
            "x": 327,
            "y": 231
          },
          {
            "x": 327,
            "y": 230
          },
          {
            "x": 328.0,
            "y": 229
          },
          {
            "x": 328.0,
            "y": 227
          },
          {
            "x": 329,
            "y": 226
          },
          {
            "x": 329,
            "y": 214
          },
          {
            "x": 330,
            "y": 213
          },
          {
            "x": 330,
            "y": 212.0
          },
          {
            "x": 329,
            "y": 211
          },
          {
            "x": 329,
            "y": 208
          },
          {
            "x": 328.0,
            "y": 207
          },
          {
            "x": 328.0,
            "y": 204.0
          }
        ]
      }
    }
  ]
}