{
  "image": {
    "width": 267,
    "height": 400,
    "filename": "00000007.jpg",
    "original_filename": "000247.jpg",
    "url": "https://darwin.v7labs.com/api/images/1212149/original?token=16d6037d-33e8-4c8d-8cb7-761abbebab61",
    "thumbnail_url": "https://darwin.v7labs.com/api/images/1212149/thumbnail?token=16d6037d-33e8-4c8d-8cb7-761abbebab61",
    "workview_url": "https://darwin.v7labs.com/workview?dataset=1176&image=7"
  },
  "dataset": "Fashion_2",
  "annotated": true,
  "annotations": [
    {
      "name": "Dress Polygon ",
      "polygon": {
        "path": [
          {
            "x": 68,
            "y": 99
          },
          {
            "x": 66.0,
            "y": 101
          },
          {
            "x": 65.0,
            "y": 101
          },
          {
            "x": 64.0,
            "y": 102.0
          },
          {
            "x": 64.0,
            "y": 103
          },
          {
            "x": 62,
            "y": 105
          },
          {
            "x": 62,
            "y": 106
          },
          {
            "x": 61.0,
            "y": 107
          },
          {
            "x": 61.0,
            "y": 111
          },
          {
            "x": 60.0,
            "y": 112
          },
          {
            "x": 60.0,
            "y": 121
          },
          {
            "x": 59.0,
            "y": 122
          },
          {
            "x": 59.0,
            "y": 124
          },
          {
            "x": 58.0,
            "y": 125
          },
          {
            "x": 58.0,
            "y": 127
          },
          {
            "x": 57.0,
            "y": 128
          },
          {
            "x": 57.0,
            "y": 131
          },
          {
            "x": 56,
            "y": 132
          },
          {
            "x": 56,
            "y": 133
          },
          {
            "x": 55,
            "y": 134
          },
          {
            "x": 55,
            "y": 136
          },
          {
            "x": 54.0,
            "y": 137
          },
          {
            "x": 54.0,
            "y": 147
          },
          {
            "x": 55,
            "y": 148
          },
          {
            "x": 55,
            "y": 150
          },
          {
            "x": 54.0,
            "y": 151
          },
          {
            "x": 54.0,
            "y": 152
          },
          {
            "x": 53.0,
            "y": 153
          },
          {
            "x": 53.0,
            "y": 156
          },
          {
            "x": 52.0,
            "y": 157
          },
          {
            "x": 52.0,
            "y": 161
          },
          {
            "x": 53.0,
            "y": 162
          },
          {
            "x": 53.0,
            "y": 163
          },
          {
            "x": 54.0,
            "y": 164
          },
          {
            "x": 55,
            "y": 164
          },
          {
            "x": 56,
            "y": 165
          },
          {
            "x": 57.0,
            "y": 165
          },
          {
            "x": 58.0,
            "y": 164
          },
          {
            "x": 60.0,
            "y": 164
          },
          {
            "x": 61.0,
            "y": 163
          },
          {
            "x": 66.0,
            "y": 163
          },
          {
            "x": 67.0,
            "y": 162
          },
          {
            "x": 69,
            "y": 162
          },
          {
            "x": 70,
            "y": 161
          },
          {
            "x": 71.0,
            "y": 161
          },
          {
            "x": 72.0,
            "y": 162
          },
          {
            "x": 72.0,
            "y": 168
          },
          {
            "x": 71.0,
            "y": 169.0
          },
          {
            "x": 71.0,
            "y": 171.0
          },
          {
            "x": 70,
            "y": 172.0
          },
          {
            "x": 70,
            "y": 175.0
          },
          {
            "x": 69,
            "y": 176.0
          },
          {
            "x": 69,
            "y": 181
          },
          {
            "x": 68,
            "y": 182
          },
          {
            "x": 68,
            "y": 186.0
          },
          {
            "x": 67.0,
            "y": 187.0
          },
          {
            "x": 67.0,
            "y": 194
          },
          {
            "x": 66.0,
            "y": 195
          },
          {
            "x": 66.0,
            "y": 199.0
          },
          {
            "x": 65.0,
            "y": 200.0
          },
          {
            "x": 65.0,
            "y": 206
          },
          {
            "x": 66.0,
            "y": 207
          },
          {
            "x": 65.0,
            "y": 208
          },
          {
            "x": 65.0,
            "y": 212.0
          },
          {
            "x": 66.0,
            "y": 213.0
          },
          {
            "x": 66.0,
            "y": 217.0
          },
          {
            "x": 67.0,
            "y": 218.0
          },
          {
            "x": 67.0,
            "y": 221
          },
          {
            "x": 68,
            "y": 222
          },
          {
            "x": 68,
            "y": 224
          },
          {
            "x": 69,
            "y": 225.0
          },
          {
            "x": 69,
            "y": 230.0
          },
          {
            "x": 68,
            "y": 231.0
          },
          {
            "x": 68,
            "y": 233
          },
          {
            "x": 67.0,
            "y": 234
          },
          {
            "x": 67.0,
            "y": 241.0
          },
          {
            "x": 68,
            "y": 242.0
          },
          {
            "x": 68,
            "y": 252.0
          },
          {
            "x": 69,
            "y": 253.0
          },
          {
            "x": 69,
            "y": 257.0
          },
          {
            "x": 70,
            "y": 258.0
          },
          {
            "x": 70,
            "y": 259.0
          },
          {
            "x": 71.0,
            "y": 260
          },
          {
            "x": 71.0,
            "y": 261
          },
          {
            "x": 72.0,
            "y": 262
          },
          {
            "x": 72.0,
            "y": 264
          },
          {
            "x": 73.0,
            "y": 265
          },
          {
            "x": 73.0,
            "y": 273.0
          },
          {
            "x": 75,
            "y": 275
          },
          {
            "x": 75,
            "y": 276
          },
          {
            "x": 76,
            "y": 276
          },
          {
            "x": 77,
            "y": 277
          },
          {
            "x": 115.0,
            "y": 277
          },
          {
            "x": 116.0,
            "y": 276
          },
          {
            "x": 121.0,
            "y": 276
          },
          {
            "x": 122.0,
            "y": 275
          },
          {
            "x": 123.0,
            "y": 275
          },
          {
            "x": 124.0,
            "y": 274
          },
          {
            "x": 129,
            "y": 274
          },
          {
            "x": 130,
            "y": 273.0
          },
          {
            "x": 132,
            "y": 273.0
          },
          {
            "x": 133,
            "y": 274
          },
          {
            "x": 136.0,
            "y": 274
          },
          {
            "x": 137.0,
            "y": 273.0
          },
          {
            "x": 142.0,
            "y": 273.0
          },
          {
            "x": 147,
            "y": 268
          },
          {
            "x": 148.0,
            "y": 268
          },
          {
            "x": 149.0,
            "y": 267
          },
          {
            "x": 149.0,
            "y": 266
          },
          {
            "x": 150.0,
            "y": 265
          },
          {
            "x": 150.0,
            "y": 260
          },
          {
            "x": 149.0,
            "y": 259.0
          },
          {
            "x": 149.0,
            "y": 255.0
          },
          {
            "x": 148.0,
            "y": 254.0
          },
          {
            "x": 148.0,
            "y": 247
          },
          {
            "x": 147,
            "y": 246.0
          },
          {
            "x": 147,
            "y": 243.0
          },
          {
            "x": 146,
            "y": 242.0
          },
          {
            "x": 146,
            "y": 236
          },
          {
            "x": 145,
            "y": 235
          },
          {
            "x": 145,
            "y": 230.0
          },
          {
            "x": 144,
            "y": 229.0
          },
          {
            "x": 144,
            "y": 223
          },
          {
            "x": 143,
            "y": 222
          },
          {
            "x": 143,
            "y": 214.0
          },
          {
            "x": 142.0,
            "y": 213.0
          },
          {
            "x": 142.0,
            "y": 205
          },
          {
            "x": 141.0,
            "y": 204.0
          },
          {
            "x": 141.0,
            "y": 203.0
          },
          {
            "x": 140.0,
            "y": 202.0
          },
          {
            "x": 140.0,
            "y": 198.0
          },
          {
            "x": 139.0,
            "y": 197.0
          },
          {
            "x": 139.0,
            "y": 194
          },
          {
            "x": 138.0,
            "y": 193
          },
          {
            "x": 138.0,
            "y": 192
          },
          {
            "x": 137.0,
            "y": 191.0
          },
          {
            "x": 137.0,
            "y": 183.0
          },
          {
            "x": 136.0,
            "y": 182
          },
          {
            "x": 136.0,
            "y": 181
          },
          {
            "x": 135.0,
            "y": 180
          },
          {
            "x": 135.0,
            "y": 179
          },
          {
            "x": 134,
            "y": 178
          },
          {
            "x": 134,
            "y": 177.0
          },
          {
            "x": 131,
            "y": 174.0
          },
          {
            "x": 131,
            "y": 173.0
          },
          {
            "x": 130,
            "y": 172.0
          },
          {
            "x": 130,
            "y": 169.0
          },
          {
            "x": 130,
            "y": 170.0
          },
          {
            "x": 127.0,
            "y": 173.0
          },
          {
            "x": 126.0,
            "y": 173.0
          },
          {
            "x": 124.0,
            "y": 175.0
          },
          {
            "x": 118,
            "y": 175.0
          },
          {
            "x": 117,
            "y": 176.0
          },
          {
            "x": 116.0,
            "y": 176.0
          },
          {
            "x": 115.0,
            "y": 175.0
          },
          {
            "x": 113.0,
            "y": 175.0
          },
          {
            "x": 112.0,
            "y": 174.0
          },
          {
            "x": 112.0,
            "y": 169.0
          },
          {
            "x": 113.0,
            "y": 168
          },
          {
            "x": 113.0,
            "y": 165
          },
          {
            "x": 115.0,
            "y": 163
          },
          {
            "x": 115.0,
            "y": 162
          },
          {
            "x": 120.0,
            "y": 157
          },
          {
            "x": 120.0,
            "y": 156
          },
          {
            "x": 121.0,
            "y": 155
          },
          {
            "x": 122.0,
            "y": 155
          },
          {
            "x": 123.0,
            "y": 154
          },
          {
            "x": 124.0,
            "y": 154
          },
          {
            "x": 124.0,
            "y": 152
          },
          {
            "x": 126.79,
            "y": 152.36
          },
          {
            "x": 127.0,
            "y": 152.36
          },
          {
            "x": 129.57,
            "y": 152.15
          },
          {
            "x": 130.57,
            "y": 152.36
          },
          {
            "x": 130,
            "y": 150
          },
          {
            "x": 131,
            "y": 151
          },
          {
            "x": 131,
            "y": 152
          },
          {
            "x": 132,
            "y": 153
          },
          {
            "x": 132,
            "y": 154
          },
          {
            "x": 136.0,
            "y": 154
          },
          {
            "x": 138.0,
            "y": 156
          },
          {
            "x": 138.0,
            "y": 157
          },
          {
            "x": 139.0,
            "y": 157
          },
          {
            "x": 141.0,
            "y": 159
          },
          {
            "x": 141.0,
            "y": 160
          },
          {
            "x": 144,
            "y": 163
          },
          {
            "x": 144,
            "y": 168
          },
          {
            "x": 141.0,
            "y": 171.0
          },
          {
            "x": 141.0,
            "y": 172.0
          },
          {
            "x": 140.0,
            "y": 173.0
          },
          {
            "x": 141.0,
            "y": 174.0
          },
          {
            "x": 143,
            "y": 174.0
          },
          {
            "x": 144,
            "y": 175.0
          },
          {
            "x": 148.0,
            "y": 175.0
          },
          {
            "x": 149.0,
            "y": 174.0
          },
          {
            "x": 150.0,
            "y": 174.0
          },
          {
            "x": 151.0,
            "y": 173.0
          },
          {
            "x": 153.0,
            "y": 173.0
          },
          {
            "x": 155.0,
            "y": 171.0
          },
          {
            "x": 155.0,
            "y": 148
          },
          {
            "x": 154.0,
            "y": 147
          },
          {
            "x": 154.0,
            "y": 144
          },
          {
            "x": 153.0,
            "y": 143
          },
          {
            "x": 153.0,
            "y": 141
          },
          {
            "x": 152.0,
            "y": 140
          },
          {
            "x": 152.0,
            "y": 137
          },
          {
            "x": 151.0,
            "y": 136
          },
          {
            "x": 151.0,
            "y": 134
          },
          {
            "x": 150.0,
            "y": 133
          },
          {
            "x": 150.0,
            "y": 132
          },
          {
            "x": 149.0,
            "y": 131
          },
          {
            "x": 149.0,
            "y": 129
          },
          {
            "x": 148.0,
            "y": 128
          },
          {
            "x": 148.0,
            "y": 126.0
          },
          {
            "x": 146,
            "y": 124
          },
          {
            "x": 146,
            "y": 122
          },
          {
            "x": 145,
            "y": 121
          },
          {
            "x": 145,
            "y": 119.0
          },
          {
            "x": 144,
            "y": 118
          },
          {
            "x": 144,
            "y": 117
          },
          {
            "x": 143,
            "y": 116.0
          },
          {
            "x": 143,
            "y": 114
          },
          {
            "x": 142.0,
            "y": 113
          },
          {
            "x": 142.0,
            "y": 112
          },
          {
            "x": 141.0,
            "y": 111
          },
          {
            "x": 141.0,
            "y": 110
          },
          {
            "x": 140.0,
            "y": 109.0
          },
          {
            "x": 140.0,
            "y": 107
          },
          {
            "x": 136.0,
            "y": 103
          },
          {
            "x": 135.0,
            "y": 103
          },
          {
            "x": 133,
            "y": 101
          },
          {
            "x": 131,
            "y": 101
          },
          {
            "x": 126.0,
            "y": 106
          },
          {
            "x": 125.0,
            "y": 106
          },
          {
            "x": 124.0,
            "y": 107
          },
          {
            "x": 122.0,
            "y": 107
          },
          {
            "x": 121.0,
            "y": 108
          },
          {
            "x": 114.0,
            "y": 108
          },
          {
            "x": 113.0,
            "y": 109.0
          },
          {
            "x": 110.0,
            "y": 109.0
          },
          {
            "x": 109.0,
            "y": 110
          },
          {
            "x": 105,
            "y": 110
          },
          {
            "x": 104,
            "y": 109.0
          },
          {
            "x": 103,
            "y": 109.0
          },
          {
            "x": 102.0,
            "y": 108
          },
          {
            "x": 100.0,
            "y": 108
          },
          {
            "x": 99.0,
            "y": 107
          },
          {
            "x": 96,
            "y": 107
          },
          {
            "x": 95.0,
            "y": 106
          },
          {
            "x": 93.0,
            "y": 106
          },
          {
            "x": 92.0,
            "y": 105
          },
          {
            "x": 89,
            "y": 105
          },
          {
            "x": 88.0,
            "y": 104
          },
          {
            "x": 86.0,
            "y": 104
          },
          {
            "x": 85.0,
            "y": 103
          },
          {
            "x": 84,
            "y": 103
          },
          {
            "x": 83,
            "y": 102.0
          },
          {
            "x": 82,
            "y": 102.0
          },
          {
            "x": 80.0,
            "y": 100
          },
          {
            "x": 79.0,
            "y": 100
          },
          {
            "x": 77,
            "y": 98
          },
          {
            "x": 71.0,
            "y": 98
          },
          {
            "x": 70,
            "y": 99
          }
        ]
      }
    }
  ]
}