{
  "image": {
    "width": 266,
    "height": 400,
    "filename": "00000117.jpg",
    "original_filename": "000596.jpg",
    "url": "https://darwin.v7labs.com/api/images/1212489/original?token=cd62f37c-afe4-4d19-9fa3-5be62f6a54a9",
    "thumbnail_url": "https://darwin.v7labs.com/api/images/1212489/thumbnail?token=cd62f37c-afe4-4d19-9fa3-5be62f6a54a9",
    "workview_url": "https://darwin.v7labs.com/workview?dataset=1177&image=117"
  },
  "dataset": "Fashion_3",
  "annotated": true,
  "annotations": [
    {
      "bounding_box": {
        "h": 32.3,
        "w": 43.87,
        "x": 131.27,
        "y": 346.59
      },
      "name": "Shoes "
    }
  ]
}