{
  "image": {
    "width": 500,
    "height": 750,
    "filename": "00000003.jpg",
    "original_filename": "000482.jpg",
    "url": "https://darwin.v7labs.com/api/images/1212375/original?token=cd62f37c-afe4-4d19-9fa3-5be62f6a54a9",
    "thumbnail_url": "https://darwin.v7labs.com/api/images/1212375/thumbnail?token=cd62f37c-afe4-4d19-9fa3-5be62f6a54a9",
    "workview_url": "https://darwin.v7labs.com/workview?dataset=1177&image=3"
  },
  "dataset": "Fashion_3",
  "annotated": true,
  "annotations": [
    {
      "name": "Coat Polygon ",
      "polygon": {
        "path": [
          {
            "x": 222,
            "y": 204
          },
          {
            "x": 221,
            "y": 205
          },
          {
            "x": 219,
            "y": 205
          },
          {
            "x": 213,
            "y": 211
          },
          {
            "x": 213,
            "y": 213
          },
          {
            "x": 212,
            "y": 214
          },
          {
            "x": 212,
            "y": 216
          },
          {
            "x": 211,
            "y": 217
          },
          {
            "x": 211,
            "y": 218
          },
          {
            "x": 210,
            "y": 219
          },
          {
            "x": 210,
            "y": 238
          },
          {
            "x": 209,
            "y": 239
          },
          {
            "x": 209,
            "y": 256
          },
          {
            "x": 208,
            "y": 257
          },
          {
            "x": 208,
            "y": 266
          },
          {
            "x": 207,
            "y": 267
          },
          {
            "x": 207,
            "y": 270
          },
          {
            "x": 206,
            "y": 271
          },
          {
            "x": 206,
            "y": 277
          },
          {
            "x": 205,
            "y": 278
          },
          {
            "x": 205,
            "y": 283
          },
          {
            "x": 204,
            "y": 284
          },
          {
            "x": 204,
            "y": 293
          },
          {
            "x": 203,
            "y": 294
          },
          {
            "x": 203,
            "y": 298
          },
          {
            "x": 202,
            "y": 299
          },
          {
            "x": 202,
            "y": 310
          },
          {
            "x": 201,
            "y": 311
          },
          {
            "x": 201,
            "y": 315
          },
          {
            "x": 200,
            "y": 316
          },
          {
            "x": 200,
            "y": 319
          },
          {
            "x": 199,
            "y": 320
          },
          {
            "x": 199,
            "y": 322
          },
          {
            "x": 198,
            "y": 323
          },
          {
            "x": 198,
            "y": 330
          },
          {
            "x": 197,
            "y": 331
          },
          {
            "x": 197,
            "y": 336
          },
          {
            "x": 196,
            "y": 337
          },
          {
            "x": 196,
            "y": 339
          },
          {
            "x": 195,
            "y": 340
          },
          {
            "x": 195,
            "y": 366
          },
          {
            "x": 194,
            "y": 367
          },
          {
            "x": 194,
            "y": 368
          },
          {
            "x": 193,
            "y": 369
          },
          {
            "x": 193,
            "y": 371
          },
          {
            "x": 192,
            "y": 372
          },
          {
            "x": 193,
            "y": 373
          },
          {
            "x": 193,
            "y": 377
          },
          {
            "x": 194,
            "y": 378
          },
          {
            "x": 193,
            "y": 379
          },
          {
            "x": 193,
            "y": 385
          },
          {
            "x": 194,
            "y": 386
          },
          {
            "x": 194,
            "y": 390
          },
          {
            "x": 193,
            "y": 391
          },
          {
            "x": 193,
            "y": 413
          },
          {
            "x": 194,
            "y": 414
          },
          {
            "x": 194,
            "y": 421
          },
          {
            "x": 193,
            "y": 422
          },
          {
            "x": 193,
            "y": 450
          },
          {
            "x": 192,
            "y": 451
          },
          {
            "x": 192,
            "y": 458
          },
          {
            "x": 191,
            "y": 459
          },
          {
            "x": 191,
            "y": 481
          },
          {
            "x": 190,
            "y": 482
          },
          {
            "x": 190,
            "y": 486
          },
          {
            "x": 189,
            "y": 487.0
          },
          {
            "x": 189,
            "y": 501.0
          },
          {
            "x": 190,
            "y": 502
          },
          {
            "x": 190,
            "y": 503.0
          },
          {
            "x": 191,
            "y": 503.0
          },
          {
            "x": 192,
            "y": 504
          },
          {
            "x": 196,
            "y": 504
          },
          {
            "x": 197,
            "y": 505.0
          },
          {
            "x": 213,
            "y": 505.0
          },
          {
            "x": 214,
            "y": 504
          },
          {
            "x": 216,
            "y": 504
          },
          {
            "x": 217,
            "y": 503.0
          },
          {
            "x": 223,
            "y": 503.0
          },
          {
            "x": 224,
            "y": 502
          },
          {
            "x": 227,
            "y": 502
          },
          {
            "x": 228,
            "y": 501.0
          },
          {
            "x": 229,
            "y": 501.0
          },
          {
            "x": 230,
            "y": 502
          },
          {
            "x": 234,
            "y": 502
          },
          {
            "x": 235,
            "y": 503.0
          },
          {
            "x": 243,
            "y": 503.0
          },
          {
            "x": 244,
            "y": 504
          },
          {
            "x": 248,
            "y": 504
          },
          {
            "x": 249,
            "y": 505.0
          },
          {
            "x": 254,
            "y": 505.0
          },
          {
            "x": 255,
            "y": 506
          },
          {
            "x": 258,
            "y": 506
          },
          {
            "x": 260,
            "y": 508
          },
          {
            "x": 263,
            "y": 508
          },
          {
            "x": 264,
            "y": 509.0
          },
          {
            "x": 265,
            "y": 509.0
          },
          {
            "x": 266,
            "y": 510
          },
          {
            "x": 269,
            "y": 510
          },
          {
            "x": 270,
            "y": 511.0
          },
          {
            "x": 271,
            "y": 511.0
          },
          {
            "x": 272,
            "y": 512
          },
          {
            "x": 273,
            "y": 512
          },
          {
            "x": 275,
            "y": 510
          },
          {
            "x": 276,
            "y": 510
          },
          {
            "x": 276,
            "y": 491.0
          },
          {
            "x": 277,
            "y": 490
          },
          {
            "x": 277,
            "y": 487.0
          },
          {
            "x": 278,
            "y": 486
          },
          {
            "x": 278,
            "y": 479
          },
          {
            "x": 279,
            "y": 478
          },
          {
            "x": 279,
            "y": 474
          },
          {
            "x": 280,
            "y": 473
          },
          {
            "x": 280,
            "y": 466
          },
          {
            "x": 281,
            "y": 465
          },
          {
            "x": 281,
            "y": 463
          },
          {
            "x": 282,
            "y": 462
          },
          {
            "x": 282,
            "y": 459
          },
          {
            "x": 283,
            "y": 458
          },
          {
            "x": 283,
            "y": 457
          },
          {
            "x": 284,
            "y": 456
          },
          {
            "x": 284,
            "y": 452
          },
          {
            "x": 285,
            "y": 451
          },
          {
            "x": 285,
            "y": 449
          },
          {
            "x": 286,
            "y": 448
          },
          {
            "x": 286,
            "y": 443
          },
          {
            "x": 287,
            "y": 442
          },
          {
            "x": 287,
            "y": 439
          },
          {
            "x": 288,
            "y": 438
          },
          {
            "x": 288,
            "y": 427
          },
          {
            "x": 289,
            "y": 426
          },
          {
            "x": 289,
            "y": 422
          },
          {
            "x": 290,
            "y": 421
          },
          {
            "x": 290,
            "y": 415
          },
          {
            "x": 291,
            "y": 414
          },
          {
            "x": 291,
            "y": 410
          },
          {
            "x": 292,
            "y": 409
          },
          {
            "x": 292,
            "y": 407
          },
          {
            "x": 293,
            "y": 406
          },
          {
            "x": 293,
            "y": 404
          },
          {
            "x": 294,
            "y": 403
          },
          {
            "x": 294,
            "y": 402
          },
          {
            "x": 295,
            "y": 401
          },
          {
            "x": 295,
            "y": 381
          },
          {
            "x": 296,
            "y": 380
          },
          {
            "x": 296,
            "y": 365
          },
          {
            "x": 297,
            "y": 364
          },
          {
            "x": 297,
            "y": 359
          },
          {
            "x": 298,
            "y": 358
          },
          {
            "x": 298,
            "y": 357
          },
          {
            "x": 299,
            "y": 356
          },
          {
            "x": 299,
            "y": 351
          },
          {
            "x": 300,
            "y": 350
          },
          {
            "x": 301,
            "y": 350
          },
          {
            "x": 302,
            "y": 349
          },
          {
            "x": 314,
            "y": 349
          },
          {
            "x": 315,
            "y": 350
          },
          {
            "x": 317,
            "y": 350
          },
          {
            "x": 318,
            "y": 351
          },
          {
            "x": 321,
            "y": 351
          },
          {
            "x": 322,
            "y": 352
          },
          {
            "x": 323,
            "y": 352
          },
          {
            "x": 326,
            "y": 355
          },
          {
            "x": 326,
            "y": 357
          },
          {
            "x": 327,
            "y": 357
          },
          {
            "x": 328,
            "y": 356
          },
          {
            "x": 333,
            "y": 356
          },
          {
            "x": 335,
            "y": 354
          },
          {
            "x": 335,
            "y": 349
          },
          {
            "x": 334,
            "y": 348
          },
          {
            "x": 334,
            "y": 344
          },
          {
            "x": 333,
            "y": 343
          },
          {
            "x": 333,
            "y": 339
          },
          {
            "x": 334,
            "y": 338
          },
          {
            "x": 334,
            "y": 331
          },
          {
            "x": 335,
            "y": 330
          },
          {
            "x": 335,
            "y": 318
          },
          {
            "x": 334,
            "y": 317
          },
          {
            "x": 334,
            "y": 309
          },
          {
            "x": 333,
            "y": 308
          },
          {
            "x": 333,
            "y": 288
          },
          {
            "x": 334,
            "y": 287
          },
          {
            "x": 334,
            "y": 282
          },
          {
            "x": 333,
            "y": 281
          },
          {
            "x": 333,
            "y": 278
          },
          {
            "x": 334,
            "y": 277
          },
          {
            "x": 334,
            "y": 276
          },
          {
            "x": 333,
            "y": 275
          },
          {
            "x": 333,
            "y": 250
          },
          {
            "x": 332,
            "y": 249
          },
          {
            "x": 332,
            "y": 248
          },
          {
            "x": 331,
            "y": 247
          },
          {
            "x": 331,
            "y": 243
          },
          {
            "x": 330,
            "y": 242
          },
          {
            "x": 330,
            "y": 241
          },
          {
            "x": 329,
            "y": 240
          },
          {
            "x": 329,
            "y": 236
          },
          {
            "x": 328,
            "y": 235
          },
          {
            "x": 328,
            "y": 233
          },
          {
            "x": 327,
            "y": 232
          },
          {
            "x": 327,
            "y": 231
          },
          {
            "x": 328,
            "y": 230
          },
          {
            "x": 328,
            "y": 229
          },
          {
            "x": 329,
            "y": 228
          },
          {
            "x": 329,
            "y": 226
          },
          {
            "x": 323,
            "y": 220
          },
          {
            "x": 322,
            "y": 220
          },
          {
            "x": 321,
            "y": 219
          },
          {
            "x": 319,
            "y": 219
          },
          {
            "x": 318,
            "y": 218
          },
          {
            "x": 309,
            "y": 218
          },
          {
            "x": 308,
            "y": 219
          },
          {
            "x": 306,
            "y": 219
          },
          {
            "x": 305,
            "y": 220
          },
          {
            "x": 302,
            "y": 220
          },
          {
            "x": 301,
            "y": 221
          },
          {
            "x": 300,
            "y": 221
          },
          {
            "x": 299,
            "y": 222
          },
          {
            "x": 297,
            "y": 222
          },
          {
            "x": 295,
            "y": 224
          },
          {
            "x": 293,
            "y": 224
          },
          {
            "x": 291,
            "y": 226
          },
          {
            "x": 290,
            "y": 226
          },
          {
            "x": 289,
            "y": 227
          },
          {
            "x": 289,
            "y": 228
          },
          {
            "x": 287,
            "y": 230
          },
          {
            "x": 287,
            "y": 233
          },
          {
            "x": 286,
            "y": 234
          },
          {
            "x": 286,
            "y": 235
          },
          {
            "x": 285,
            "y": 236
          },
          {
            "x": 285,
            "y": 240
          },
          {
            "x": 284,
            "y": 241
          },
          {
            "x": 284,
            "y": 242
          },
          {
            "x": 283,
            "y": 243
          },
          {
            "x": 283,
            "y": 247
          },
          {
            "x": 282,
            "y": 248
          },
          {
            "x": 282,
            "y": 249
          },
          {
            "x": 281,
            "y": 250
          },
          {
            "x": 281,
            "y": 255
          },
          {
            "x": 280,
            "y": 256
          },
          {
            "x": 280,
            "y": 257
          },
          {
            "x": 279,
            "y": 258
          },
          {
            "x": 279,
            "y": 262
          },
          {
            "x": 278,
            "y": 263
          },
          {
            "x": 278,
            "y": 265
          },
          {
            "x": 277,
            "y": 266
          },
          {
            "x": 277,
            "y": 270
          },
          {
            "x": 276,
            "y": 271
          },
          {
            "x": 276,
            "y": 274
          },
          {
            "x": 275,
            "y": 275
          },
          {
            "x": 275,
            "y": 282
          },
          {
            "x": 274,
            "y": 283
          },
          {
            "x": 274,
            "y": 289
          },
          {
            "x": 273,
            "y": 290
          },
          {
            "x": 273,
            "y": 293
          },
          {
            "x": 272,
            "y": 294
          },
          {
            "x": 272,
            "y": 301
          },
          {
            "x": 271,
            "y": 302
          },
          {
            "x": 271,
            "y": 305
          },
          {
            "x": 270,
            "y": 306
          },
          {
            "x": 270,
            "y": 311
          },
          {
            "x": 269,
            "y": 312
          },
          {
            "x": 269,
            "y": 313
          },
          {
            "x": 268,
            "y": 314
          },
          {
            "x": 268,
            "y": 320
          },
          {
            "x": 267,
            "y": 321
          },
          {
            "x": 267,
            "y": 340
          },
          {
            "x": 266,
            "y": 341
          },
          {
            "x": 266,
            "y": 369
          },
          {
            "x": 267,
            "y": 370
          },
          {
            "x": 267,
            "y": 386
          },
          {
            "x": 268,
            "y": 387
          },
          {
            "x": 268,
            "y": 399
          },
          {
            "x": 266,
            "y": 401
          },
          {
            "x": 266,
            "y": 402
          },
          {
            "x": 265,
            "y": 403
          },
          {
            "x": 264,
            "y": 403
          },
          {
            "x": 263,
            "y": 404
          },
          {
            "x": 260,
            "y": 404
          },
          {
            "x": 259,
            "y": 403
          },
          {
            "x": 258,
            "y": 403
          },
          {
            "x": 257,
            "y": 402
          },
          {
            "x": 253,
            "y": 402
          },
          {
            "x": 252,
            "y": 401
          },
          {
            "x": 251,
            "y": 401
          },
          {
            "x": 250,
            "y": 400
          },
          {
            "x": 245,
            "y": 400
          },
          {
            "x": 244,
            "y": 399
          },
          {
            "x": 224,
            "y": 399
          },
          {
            "x": 223,
            "y": 400
          },
          {
            "x": 221,
            "y": 400
          },
          {
            "x": 215,
            "y": 406
          },
          {
            "x": 213,
            "y": 406
          },
          {
            "x": 211,
            "y": 404
          },
          {
            "x": 211,
            "y": 400
          },
          {
            "x": 210,
            "y": 399
          },
          {
            "x": 210,
            "y": 390
          },
          {
            "x": 209,
            "y": 389
          },
          {
            "x": 209,
            "y": 382
          },
          {
            "x": 210,
            "y": 381
          },
          {
            "x": 210,
            "y": 369
          },
          {
            "x": 211,
            "y": 368
          },
          {
            "x": 211,
            "y": 359
          },
          {
            "x": 210,
            "y": 358
          },
          {
            "x": 210,
            "y": 350
          },
          {
            "x": 209,
            "y": 349
          },
          {
            "x": 209,
            "y": 340
          },
          {
            "x": 208,
            "y": 339
          },
          {
            "x": 208,
            "y": 338
          },
          {
            "x": 209,
            "y": 337
          },
          {
            "x": 209,
            "y": 333
          },
          {
            "x": 211,
            "y": 331
          },
          {
            "x": 211,
            "y": 325
          },
          {
            "x": 212,
            "y": 324
          },
          {
            "x": 212,
            "y": 319
          },
          {
            "x": 213,
            "y": 318
          },
          {
            "x": 213,
            "y": 316
          },
          {
            "x": 214,
            "y": 315
          },
          {
            "x": 214,
            "y": 312
          },
          {
            "x": 215,
            "y": 311
          },
          {
            "x": 215,
            "y": 308
          },
          {
            "x": 216,
            "y": 307
          },
          {
            "x": 216,
            "y": 303
          },
          {
            "x": 217,
            "y": 302
          },
          {
            "x": 217,
            "y": 301
          },
          {
            "x": 218,
            "y": 300
          },
          {
            "x": 218,
            "y": 295
          },
          {
            "x": 219,
            "y": 294
          },
          {
            "x": 219,
            "y": 293
          },
          {
            "x": 220,
            "y": 292
          },
          {
            "x": 220,
            "y": 290
          },
          {
            "x": 221,
            "y": 289
          },
          {
            "x": 221,
            "y": 287
          },
          {
            "x": 222,
            "y": 286
          },
          {
            "x": 222,
            "y": 284
          },
          {
            "x": 223,
            "y": 283
          },
          {
            "x": 223,
            "y": 280
          },
          {
            "x": 224,
            "y": 279
          },
          {
            "x": 224,
            "y": 273
          },
          {
            "x": 225,
            "y": 272
          },
          {
            "x": 225,
            "y": 270
          },
          {
            "x": 226,
            "y": 269
          },
          {
            "x": 226,
            "y": 263
          },
          {
            "x": 227,
            "y": 262
          },
          {
            "x": 227,
            "y": 260
          },
          {
            "x": 228,
            "y": 259
          },
          {
            "x": 228,
            "y": 251
          },
          {
            "x": 229,
            "y": 250
          },
          {
            "x": 229,
            "y": 248
          },
          {
            "x": 230,
            "y": 247
          },
          {
            "x": 230,
            "y": 246
          },
          {
            "x": 231,
            "y": 245
          },
          {
            "x": 231,
            "y": 242
          },
          {
            "x": 232,
            "y": 241
          },
          {
            "x": 232,
            "y": 239
          },
          {
            "x": 233,
            "y": 238
          },
          {
            "x": 233,
            "y": 233
          },
          {
            "x": 234,
            "y": 232
          },
          {
            "x": 234,
            "y": 231
          },
          {
            "x": 235,
            "y": 230
          },
          {
            "x": 235,
            "y": 224
          },
          {
            "x": 228,
            "y": 217
          },
          {
            "x": 228,
            "y": 215
          },
          {
            "x": 227,
            "y": 214
          },
          {
            "x": 227,
            "y": 213
          },
          {
            "x": 226,
            "y": 212
          },
          {
            "x": 226,
            "y": 207
          },
          {
            "x": 223,
            "y": 204
          }
        ]
      }
    },
    {
      "name": "Shoes Polygon ",
      "polygon": {
        "path": [
          {
            "x": 245.0,
            "y": 532
          },
          {
            "x": 244,
            "y": 533
          },
          {
            "x": 240,
            "y": 533
          },
          {
            "x": 239,
            "y": 534
          },
          {
            "x": 236,
            "y": 534
          },
          {
            "x": 234,
            "y": 536
          },
          {
            "x": 233.0,
            "y": 536
          },
          {
            "x": 233.0,
            "y": 537
          },
          {
            "x": 232.0,
            "y": 538
          },
          {
            "x": 232.0,
            "y": 542
          },
          {
            "x": 233.0,
            "y": 543
          },
          {
            "x": 233.0,
            "y": 552
          },
          {
            "x": 234,
            "y": 553
          },
          {
            "x": 234,
            "y": 557
          },
          {
            "x": 235,
            "y": 558
          },
          {
            "x": 235,
            "y": 564
          },
          {
            "x": 236,
            "y": 565
          },
          {
            "x": 236,
            "y": 570
          },
          {
            "x": 237,
            "y": 571
          },
          {
            "x": 237,
            "y": 579
          },
          {
            "x": 238,
            "y": 580
          },
          {
            "x": 238,
            "y": 585
          },
          {
            "x": 239,
            "y": 586
          },
          {
            "x": 239,
            "y": 595
          },
          {
            "x": 240,
            "y": 596
          },
          {
            "x": 240,
            "y": 602
          },
          {
            "x": 241,
            "y": 603
          },
          {
            "x": 241,
            "y": 611
          },
          {
            "x": 242,
            "y": 612
          },
          {
            "x": 242,
            "y": 618
          },
          {
            "x": 243,
            "y": 619
          },
          {
            "x": 243,
            "y": 624
          },
          {
            "x": 244,
            "y": 625
          },
          {
            "x": 244,
            "y": 627
          },
          {
            "x": 245.0,
            "y": 628
          },
          {
            "x": 245.0,
            "y": 634
          },
          {
            "x": 246.0,
            "y": 635
          },
          {
            "x": 246.0,
            "y": 640
          },
          {
            "x": 247.0,
            "y": 641
          },
          {
            "x": 247.0,
            "y": 652
          },
          {
            "x": 246.0,
            "y": 653
          },
          {
            "x": 246.0,
            "y": 656
          },
          {
            "x": 245.0,
            "y": 657
          },
          {
            "x": 245.0,
            "y": 660
          },
          {
            "x": 244,
            "y": 661
          },
          {
            "x": 244,
            "y": 662
          },
          {
            "x": 243,
            "y": 663
          },
          {
            "x": 243,
            "y": 666
          },
          {
            "x": 242,
            "y": 667
          },
          {
            "x": 242,
            "y": 668
          },
          {
            "x": 241,
            "y": 669
          },
          {
            "x": 241,
            "y": 671
          },
          {
            "x": 240,
            "y": 672
          },
          {
            "x": 240,
            "y": 673
          },
          {
            "x": 239,
            "y": 674
          },
          {
            "x": 239,
            "y": 677
          },
          {
            "x": 238,
            "y": 678
          },
          {
            "x": 238,
            "y": 679
          },
          {
            "x": 237,
            "y": 680
          },
          {
            "x": 237,
            "y": 681
          },
          {
            "x": 235,
            "y": 683
          },
          {
            "x": 235,
            "y": 684
          },
          {
            "x": 234,
            "y": 685
          },
          {
            "x": 233.0,
            "y": 685
          },
          {
            "x": 233.0,
            "y": 686
          },
          {
            "x": 232.0,
            "y": 687
          },
          {
            "x": 231.0,
            "y": 687
          },
          {
            "x": 231.0,
            "y": 688
          },
          {
            "x": 230.0,
            "y": 689
          },
          {
            "x": 229.0,
            "y": 689
          },
          {
            "x": 228.0,
            "y": 690
          },
          {
            "x": 227.0,
            "y": 690
          },
          {
            "x": 226,
            "y": 691
          },
          {
            "x": 225,
            "y": 691
          },
          {
            "x": 223,
            "y": 693
          },
          {
            "x": 222,
            "y": 693
          },
          {
            "x": 221,
            "y": 694
          },
          {
            "x": 219,
            "y": 694
          },
          {
            "x": 218,
            "y": 695
          },
          {
            "x": 216.0,
            "y": 695
          },
          {
            "x": 215,
            "y": 696
          },
          {
            "x": 212,
            "y": 696
          },
          {
            "x": 211,
            "y": 697
          },
          {
            "x": 208,
            "y": 697
          },
          {
            "x": 208,
            "y": 698
          },
          {
            "x": 206,
            "y": 700
          },
          {
            "x": 206,
            "y": 704
          },
          {
            "x": 207,
            "y": 704
          },
          {
            "x": 208,
            "y": 705
          },
          {
            "x": 234,
            "y": 705
          },
          {
            "x": 235,
            "y": 704
          },
          {
            "x": 243,
            "y": 704
          },
          {
            "x": 244,
            "y": 703
          },
          {
            "x": 246.0,
            "y": 703
          },
          {
            "x": 247.0,
            "y": 704
          },
          {
            "x": 247.0,
            "y": 722
          },
          {
            "x": 249.0,
            "y": 724
          },
          {
            "x": 255,
            "y": 724
          },
          {
            "x": 256,
            "y": 723
          },
          {
            "x": 264,
            "y": 723
          },
          {
            "x": 265,
            "y": 722
          },
          {
            "x": 267,
            "y": 722
          },
          {
            "x": 268,
            "y": 721
          },
          {
            "x": 271,
            "y": 721
          },
          {
            "x": 272,
            "y": 720
          },
          {
            "x": 273,
            "y": 720
          },
          {
            "x": 276,
            "y": 717
          },
          {
            "x": 276,
            "y": 715
          },
          {
            "x": 278,
            "y": 713
          },
          {
            "x": 278,
            "y": 712
          },
          {
            "x": 279,
            "y": 711
          },
          {
            "x": 279,
            "y": 710
          },
          {
            "x": 278,
            "y": 709
          },
          {
            "x": 278,
            "y": 706
          },
          {
            "x": 279,
            "y": 705
          },
          {
            "x": 279,
            "y": 698
          },
          {
            "x": 280,
            "y": 697
          },
          {
            "x": 280,
            "y": 691
          },
          {
            "x": 281,
            "y": 690
          },
          {
            "x": 281,
            "y": 689
          },
          {
            "x": 282,
            "y": 688
          },
          {
            "x": 282,
            "y": 676
          },
          {
            "x": 283,
            "y": 675
          },
          {
            "x": 283,
            "y": 666
          },
          {
            "x": 282,
            "y": 665
          },
          {
            "x": 282,
            "y": 662
          },
          {
            "x": 281,
            "y": 661
          },
          {
            "x": 281,
            "y": 660
          },
          {
            "x": 279,
            "y": 658
          },
          {
            "x": 279,
            "y": 657
          },
          {
            "x": 278,
            "y": 656
          },
          {
            "x": 278,
            "y": 655
          },
          {
            "x": 277,
            "y": 654
          },
          {
            "x": 277,
            "y": 645
          },
          {
            "x": 276,
            "y": 644
          },
          {
            "x": 276,
            "y": 628
          },
          {
            "x": 275,
            "y": 627
          },
          {
            "x": 275,
            "y": 624
          },
          {
            "x": 276,
            "y": 623
          },
          {
            "x": 276,
            "y": 580
          },
          {
            "x": 275,
            "y": 579
          },
          {
            "x": 275,
            "y": 572
          },
          {
            "x": 274,
            "y": 571
          },
          {
            "x": 274,
            "y": 558
          },
          {
            "x": 273,
            "y": 557
          },
          {
            "x": 273,
            "y": 553
          },
          {
            "x": 272,
            "y": 552
          },
          {
            "x": 272,
            "y": 541
          },
          {
            "x": 269,
            "y": 538
          },
          {
            "x": 268,
            "y": 538
          },
          {
            "x": 266,
            "y": 536
          },
          {
            "x": 264,
            "y": 536
          },
          {
            "x": 263,
            "y": 535
          },
          {
            "x": 261,
            "y": 535
          },
          {
            "x": 260,
            "y": 534
          },
          {
            "x": 257,
            "y": 534
          },
          {
            "x": 256,
            "y": 533
          },
          {
            "x": 251,
            "y": 533
          },
          {
            "x": 250.0,
            "y": 532
          }
        ]
      }
    }
  ]
}