{
  "image": {
    "width": 266,
    "height": 400,
    "filename": "00000739.jpg",
    "original_filename": "000139.jpg",
    "url": "https://darwin.v7labs.com/api/images/1212050/original?token=5cea58b9-0f48-4f62-9905-01f97ea9945c",
    "thumbnail_url": "https://darwin.v7labs.com/api/images/1212050/thumbnail?token=5cea58b9-0f48-4f62-9905-01f97ea9945c",
    "workview_url": "https://darwin.v7labs.com/workview?dataset=1161&image=739"
  },
  "dataset": "Fashion retail",
  "annotated": true,
  "annotations": [
    {
      "name": "Glasses",
      "polygon": {
        "path": [
          {
            "x": 104,
            "y": 80
          },
          {
            "x": 106,
            "y": 82
          },
          {
            "x": 106,
            "y": 83
          },
          {
            "x": 111,
            "y": 88
          },
          {
            "x": 111,
            "y": 89
          },
          {
            "x": 112,
            "y": 90
          },
          {
            "x": 112,
            "y": 91
          },
          {
            "x": 115,
            "y": 94
          },
          {
            "x": 116,
            "y": 94
          },
          {
            "x": 117.0,
            "y": 95
          },
          {
            "x": 127.0,
            "y": 95
          },
          {
            "x": 130,
            "y": 92
          },
          {
            "x": 130,
            "y": 91
          },
          {
            "x": 132,
            "y": 89
          },
          {
            "x": 132,
            "y": 88
          },
          {
            "x": 133,
            "y": 87
          },
          {
            "x": 135,
            "y": 87
          },
          {
            "x": 136,
            "y": 88
          },
          {
            "x": 136,
            "y": 90
          },
          {
            "x": 137,
            "y": 91
          },
          {
            "x": 137,
            "y": 93
          },
          {
            "x": 138,
            "y": 94
          },
          {
            "x": 138,
            "y": 95
          },
          {
            "x": 139,
            "y": 96
          },
          {
            "x": 140,
            "y": 96
          },
          {
            "x": 141,
            "y": 97
          },
          {
            "x": 147,
            "y": 97
          },
          {
            "x": 148,
            "y": 96
          },
          {
            "x": 150,
            "y": 96
          },
          {
            "x": 151,
            "y": 95
          },
          {
            "x": 152,
            "y": 95
          },
          {
            "x": 154,
            "y": 93
          },
          {
            "x": 154,
            "y": 92
          },
          {
            "x": 155,
            "y": 91
          },
          {
            "x": 155,
            "y": 88
          },
          {
            "x": 156,
            "y": 87
          },
          {
            "x": 153,
            "y": 84
          },
          {
            "x": 133,
            "y": 84
          },
          {
            "x": 132,
            "y": 83
          },
          {
            "x": 127.0,
            "y": 83
          },
          {
            "x": 126,
            "y": 82
          },
          {
            "x": 124,
            "y": 82
          },
          {
            "x": 123.0,
            "y": 81
          },
          {
            "x": 120,
            "y": 81
          },
          {
            "x": 119.0,
            "y": 80
          },
          {
            "x": 116,
            "y": 80
          },
          {
            "x": 115,
            "y": 81
          },
          {
            "x": 112,
            "y": 81
          },
          {
            "x": 111,
            "y": 82
          },
          {
            "x": 109,
            "y": 80
          },
          {
            "x": 108,
            "y": 80
          },
          {
            "x": 107,
            "y": 79
          },
          {
            "x": 105,
            "y": 79
          }
        ]
      }
    },
    {
      "name": "Jacket",
      "polygon": {
        "path": [
          {
            "x": 76.0,
            "y": 132
          },
          {
            "x": 73,
            "y": 135
          },
          {
            "x": 72.0,
            "y": 135
          },
          {
            "x": 70.0,
            "y": 137
          },
          {
            "x": 69,
            "y": 137
          },
          {
            "x": 62,
            "y": 144
          },
          {
            "x": 61.0,
            "y": 144
          },
          {
            "x": 58.0,
            "y": 147
          },
          {
            "x": 58.0,
            "y": 152
          },
          {
            "x": 59.0,
            "y": 153
          },
          {
            "x": 59.0,
            "y": 154
          },
          {
            "x": 60.0,
            "y": 155
          },
          {
            "x": 60.0,
            "y": 161
          },
          {
            "x": 59.0,
            "y": 162
          },
          {
            "x": 59.0,
            "y": 163
          },
          {
            "x": 58.0,
            "y": 164
          },
          {
            "x": 58.0,
            "y": 165
          },
          {
            "x": 57,
            "y": 166
          },
          {
            "x": 57,
            "y": 168
          },
          {
            "x": 56.0,
            "y": 169
          },
          {
            "x": 56.0,
            "y": 171
          },
          {
            "x": 55,
            "y": 172
          },
          {
            "x": 55,
            "y": 176
          },
          {
            "x": 54.0,
            "y": 177
          },
          {
            "x": 54.0,
            "y": 180
          },
          {
            "x": 53,
            "y": 181
          },
          {
            "x": 53,
            "y": 184
          },
          {
            "x": 52.0,
            "y": 185
          },
          {
            "x": 52.0,
            "y": 188
          },
          {
            "x": 51.0,
            "y": 189
          },
          {
            "x": 51.0,
            "y": 193
          },
          {
            "x": 50.0,
            "y": 194
          },
          {
            "x": 50.0,
            "y": 198
          },
          {
            "x": 49.0,
            "y": 199
          },
          {
            "x": 49.0,
            "y": 203
          },
          {
            "x": 48,
            "y": 204
          },
          {
            "x": 48,
            "y": 207
          },
          {
            "x": 47.0,
            "y": 208
          },
          {
            "x": 47.0,
            "y": 210
          },
          {
            "x": 46,
            "y": 211
          },
          {
            "x": 46,
            "y": 214
          },
          {
            "x": 45.0,
            "y": 215
          },
          {
            "x": 45.0,
            "y": 219
          },
          {
            "x": 44,
            "y": 220
          },
          {
            "x": 44,
            "y": 224
          },
          {
            "x": 45.0,
            "y": 225
          },
          {
            "x": 45.0,
            "y": 231.0
          },
          {
            "x": 46,
            "y": 232.0
          },
          {
            "x": 46,
            "y": 234
          },
          {
            "x": 48,
            "y": 236.0
          },
          {
            "x": 48,
            "y": 237
          },
          {
            "x": 50.0,
            "y": 239
          },
          {
            "x": 50.0,
            "y": 240.0
          },
          {
            "x": 51.0,
            "y": 240.0
          },
          {
            "x": 56.0,
            "y": 245.0
          },
          {
            "x": 57,
            "y": 245.0
          },
          {
            "x": 61.0,
            "y": 249.0
          },
          {
            "x": 62,
            "y": 249.0
          },
          {
            "x": 63.0,
            "y": 250.0
          },
          {
            "x": 64,
            "y": 250.0
          },
          {
            "x": 65.0,
            "y": 251
          },
          {
            "x": 66,
            "y": 251
          },
          {
            "x": 67.0,
            "y": 252
          },
          {
            "x": 68,
            "y": 252
          },
          {
            "x": 69,
            "y": 253.0
          },
          {
            "x": 70.0,
            "y": 253.0
          },
          {
            "x": 72.0,
            "y": 255
          },
          {
            "x": 73,
            "y": 255
          },
          {
            "x": 75,
            "y": 257
          },
          {
            "x": 75,
            "y": 258
          },
          {
            "x": 76.0,
            "y": 259
          },
          {
            "x": 76.0,
            "y": 268
          },
          {
            "x": 77,
            "y": 269
          },
          {
            "x": 77,
            "y": 283
          },
          {
            "x": 78,
            "y": 284
          },
          {
            "x": 78,
            "y": 292
          },
          {
            "x": 79.0,
            "y": 293
          },
          {
            "x": 79.0,
            "y": 300
          },
          {
            "x": 80,
            "y": 301
          },
          {
            "x": 80,
            "y": 307.0
          },
          {
            "x": 81.0,
            "y": 308.0
          },
          {
            "x": 81.0,
            "y": 315.0
          },
          {
            "x": 82,
            "y": 316
          },
          {
            "x": 82,
            "y": 318.0
          },
          {
            "x": 86,
            "y": 322
          },
          {
            "x": 86,
            "y": 323.0
          },
          {
            "x": 88.0,
            "y": 323.0
          },
          {
            "x": 89,
            "y": 324
          },
          {
            "x": 90.0,
            "y": 324
          },
          {
            "x": 91,
            "y": 325.0
          },
          {
            "x": 92.0,
            "y": 325.0
          },
          {
            "x": 93,
            "y": 326.0
          },
          {
            "x": 95,
            "y": 326.0
          },
          {
            "x": 96.0,
            "y": 327
          },
          {
            "x": 99.0,
            "y": 327
          },
          {
            "x": 100,
            "y": 328.0
          },
          {
            "x": 106.0,
            "y": 328.0
          },
          {
            "x": 107,
            "y": 329
          },
          {
            "x": 113.0,
            "y": 329
          },
          {
            "x": 114.0,
            "y": 328.0
          },
          {
            "x": 115.0,
            "y": 328.0
          },
          {
            "x": 116.0,
            "y": 327
          },
          {
            "x": 117,
            "y": 327
          },
          {
            "x": 117,
            "y": 326.0
          },
          {
            "x": 118.0,
            "y": 325.0
          },
          {
            "x": 119.0,
            "y": 325.0
          },
          {
            "x": 121,
            "y": 323.0
          },
          {
            "x": 121,
            "y": 321
          },
          {
            "x": 120.0,
            "y": 320.0
          },
          {
            "x": 120.0,
            "y": 314
          },
          {
            "x": 121,
            "y": 313.0
          },
          {
            "x": 121,
            "y": 302
          },
          {
            "x": 120.0,
            "y": 301
          },
          {
            "x": 120.0,
            "y": 298
          },
          {
            "x": 121,
            "y": 297
          },
          {
            "x": 121,
            "y": 293
          },
          {
            "x": 122.0,
            "y": 292
          },
          {
            "x": 122.0,
            "y": 276
          },
          {
            "x": 123.0,
            "y": 275
          },
          {
            "x": 123.0,
            "y": 269
          },
          {
            "x": 124.0,
            "y": 268
          },
          {
            "x": 124.0,
            "y": 264
          },
          {
            "x": 123.0,
            "y": 263
          },
          {
            "x": 123.0,
            "y": 250.0
          },
          {
            "x": 122.0,
            "y": 249.0
          },
          {
            "x": 122.0,
            "y": 248
          },
          {
            "x": 119.0,
            "y": 248
          },
          {
            "x": 118.0,
            "y": 249.0
          },
          {
            "x": 115.0,
            "y": 249.0
          },
          {
            "x": 112,
            "y": 246
          },
          {
            "x": 112,
            "y": 245.0
          },
          {
            "x": 111.0,
            "y": 244.0
          },
          {
            "x": 111.0,
            "y": 242
          },
          {
            "x": 110.0,
            "y": 241.0
          },
          {
            "x": 110.0,
            "y": 240.0
          },
          {
            "x": 109,
            "y": 239
          },
          {
            "x": 109,
            "y": 238
          },
          {
            "x": 108.0,
            "y": 237
          },
          {
            "x": 108.0,
            "y": 235.0
          },
          {
            "x": 107,
            "y": 234
          },
          {
            "x": 107,
            "y": 233
          },
          {
            "x": 106.0,
            "y": 232.0
          },
          {
            "x": 106.0,
            "y": 219
          },
          {
            "x": 107,
            "y": 218
          },
          {
            "x": 107,
            "y": 217
          },
          {
            "x": 110.0,
            "y": 214
          },
          {
            "x": 112,
            "y": 214
          },
          {
            "x": 113.0,
            "y": 213
          },
          {
            "x": 114.0,
            "y": 213
          },
          {
            "x": 115.0,
            "y": 212
          },
          {
            "x": 116.0,
            "y": 212
          },
          {
            "x": 118.0,
            "y": 210
          },
          {
            "x": 119.0,
            "y": 210
          },
          {
            "x": 120.0,
            "y": 209
          },
          {
            "x": 122.0,
            "y": 209
          },
          {
            "x": 124.0,
            "y": 207
          },
          {
            "x": 124.0,
            "y": 192
          },
          {
            "x": 125.0,
            "y": 191
          },
          {
            "x": 125.0,
            "y": 183
          },
          {
            "x": 124.0,
            "y": 182
          },
          {
            "x": 124.0,
            "y": 170
          },
          {
            "x": 123.0,
            "y": 169
          },
          {
            "x": 123.0,
            "y": 163
          },
          {
            "x": 122.0,
            "y": 162
          },
          {
            "x": 122.0,
            "y": 156
          },
          {
            "x": 121,
            "y": 155
          },
          {
            "x": 121,
            "y": 153
          },
          {
            "x": 120.0,
            "y": 152
          },
          {
            "x": 120.0,
            "y": 151
          },
          {
            "x": 119.0,
            "y": 150
          },
          {
            "x": 119.0,
            "y": 146
          },
          {
            "x": 120.0,
            "y": 145
          },
          {
            "x": 122.0,
            "y": 145
          },
          {
            "x": 123.0,
            "y": 144
          },
          {
            "x": 135,
            "y": 144
          },
          {
            "x": 136.0,
            "y": 143
          },
          {
            "x": 143,
            "y": 143
          },
          {
            "x": 145.0,
            "y": 145
          },
          {
            "x": 145.0,
            "y": 151
          },
          {
            "x": 144,
            "y": 152
          },
          {
            "x": 144,
            "y": 159
          },
          {
            "x": 143,
            "y": 160
          },
          {
            "x": 143,
            "y": 163
          },
          {
            "x": 142.0,
            "y": 164
          },
          {
            "x": 142.0,
            "y": 170
          },
          {
            "x": 143,
            "y": 171
          },
          {
            "x": 143,
            "y": 175
          },
          {
            "x": 144,
            "y": 176
          },
          {
            "x": 144,
            "y": 182
          },
          {
            "x": 145.0,
            "y": 183
          },
          {
            "x": 145.0,
            "y": 185
          },
          {
            "x": 146.0,
            "y": 186
          },
          {
            "x": 146.0,
            "y": 188
          },
          {
            "x": 147,
            "y": 189
          },
          {
            "x": 147,
            "y": 190
          },
          {
            "x": 148,
            "y": 191
          },
          {
            "x": 148,
            "y": 193
          },
          {
            "x": 149,
            "y": 194
          },
          {
            "x": 149,
            "y": 198
          },
          {
            "x": 150.0,
            "y": 199
          },
          {
            "x": 150.0,
            "y": 202
          },
          {
            "x": 151.0,
            "y": 203
          },
          {
            "x": 151.0,
            "y": 206
          },
          {
            "x": 152,
            "y": 207
          },
          {
            "x": 152,
            "y": 208
          },
          {
            "x": 153,
            "y": 209
          },
          {
            "x": 153,
            "y": 213
          },
          {
            "x": 155.0,
            "y": 211
          },
          {
            "x": 157,
            "y": 211
          },
          {
            "x": 157,
            "y": 208
          },
          {
            "x": 156,
            "y": 207
          },
          {
            "x": 156,
            "y": 204
          },
          {
            "x": 155.0,
            "y": 203
          },
          {
            "x": 155.0,
            "y": 199
          },
          {
            "x": 156,
            "y": 198
          },
          {
            "x": 156,
            "y": 197
          },
          {
            "x": 157,
            "y": 196
          },
          {
            "x": 157,
            "y": 195
          },
          {
            "x": 158,
            "y": 194
          },
          {
            "x": 158,
            "y": 193
          },
          {
            "x": 159.0,
            "y": 192
          },
          {
            "x": 159.0,
            "y": 191
          },
          {
            "x": 160.0,
            "y": 190
          },
          {
            "x": 160.0,
            "y": 189
          },
          {
            "x": 161,
            "y": 188
          },
          {
            "x": 161,
            "y": 187
          },
          {
            "x": 162,
            "y": 186
          },
          {
            "x": 162,
            "y": 185
          },
          {
            "x": 163.0,
            "y": 184
          },
          {
            "x": 163.0,
            "y": 182
          },
          {
            "x": 165,
            "y": 180
          },
          {
            "x": 165,
            "y": 179
          },
          {
            "x": 167,
            "y": 177
          },
          {
            "x": 167,
            "y": 176
          },
          {
            "x": 169.0,
            "y": 174
          },
          {
            "x": 169.0,
            "y": 173
          },
          {
            "x": 170,
            "y": 172
          },
          {
            "x": 170,
            "y": 171
          },
          {
            "x": 171,
            "y": 170
          },
          {
            "x": 171,
            "y": 169
          },
          {
            "x": 173.0,
            "y": 167
          },
          {
            "x": 173.0,
            "y": 166
          },
          {
            "x": 174,
            "y": 165
          },
          {
            "x": 174,
            "y": 163
          },
          {
            "x": 175,
            "y": 162
          },
          {
            "x": 175,
            "y": 161
          },
          {
            "x": 176,
            "y": 160
          },
          {
            "x": 176,
            "y": 158
          },
          {
            "x": 177.0,
            "y": 157
          },
          {
            "x": 177.0,
            "y": 156
          },
          {
            "x": 179,
            "y": 154
          },
          {
            "x": 181.0,
            "y": 154
          },
          {
            "x": 183,
            "y": 156
          },
          {
            "x": 183,
            "y": 162
          },
          {
            "x": 182.0,
            "y": 163
          },
          {
            "x": 182.0,
            "y": 168
          },
          {
            "x": 181.0,
            "y": 169
          },
          {
            "x": 181.0,
            "y": 170
          },
          {
            "x": 180,
            "y": 171
          },
          {
            "x": 180,
            "y": 177
          },
          {
            "x": 182.0,
            "y": 179
          },
          {
            "x": 182.0,
            "y": 180
          },
          {
            "x": 183,
            "y": 181
          },
          {
            "x": 183,
            "y": 182
          },
          {
            "x": 184,
            "y": 183
          },
          {
            "x": 184,
            "y": 185
          },
          {
            "x": 185,
            "y": 186
          },
          {
            "x": 185,
            "y": 198
          },
          {
            "x": 186.0,
            "y": 199
          },
          {
            "x": 186.0,
            "y": 209
          },
          {
            "x": 187.0,
            "y": 210
          },
          {
            "x": 187.0,
            "y": 211
          },
          {
            "x": 190.0,
            "y": 214
          },
          {
            "x": 190.0,
            "y": 216
          },
          {
            "x": 191.0,
            "y": 217
          },
          {
            "x": 191.0,
            "y": 221
          },
          {
            "x": 192,
            "y": 222.0
          },
          {
            "x": 192,
            "y": 223.0
          },
          {
            "x": 191.0,
            "y": 224
          },
          {
            "x": 191.0,
            "y": 226.0
          },
          {
            "x": 190.0,
            "y": 227.0
          },
          {
            "x": 190.0,
            "y": 230
          },
          {
            "x": 189,
            "y": 231.0
          },
          {
            "x": 189,
            "y": 232.0
          },
          {
            "x": 188,
            "y": 233
          },
          {
            "x": 188,
            "y": 234
          },
          {
            "x": 186.0,
            "y": 236.0
          },
          {
            "x": 186.0,
            "y": 237
          },
          {
            "x": 185,
            "y": 238
          },
          {
            "x": 185,
            "y": 240.0
          },
          {
            "x": 184,
            "y": 241.0
          },
          {
            "x": 183,
            "y": 241.0
          },
          {
            "x": 183,
            "y": 242
          },
          {
            "x": 181.0,
            "y": 244.0
          },
          {
            "x": 180,
            "y": 244.0
          },
          {
            "x": 179,
            "y": 245.0
          },
          {
            "x": 178.0,
            "y": 245.0
          },
          {
            "x": 177.0,
            "y": 246
          },
          {
            "x": 171,
            "y": 246
          },
          {
            "x": 170,
            "y": 245.0
          },
          {
            "x": 165,
            "y": 245.0
          },
          {
            "x": 163.0,
            "y": 247
          },
          {
            "x": 163.0,
            "y": 250.0
          },
          {
            "x": 164.0,
            "y": 251
          },
          {
            "x": 164.0,
            "y": 259
          },
          {
            "x": 165,
            "y": 260
          },
          {
            "x": 165,
            "y": 265
          },
          {
            "x": 166,
            "y": 266
          },
          {
            "x": 166,
            "y": 270
          },
          {
            "x": 167,
            "y": 271
          },
          {
            "x": 167,
            "y": 275
          },
          {
            "x": 168.0,
            "y": 276
          },
          {
            "x": 168.0,
            "y": 281
          },
          {
            "x": 169.0,
            "y": 282
          },
          {
            "x": 169.0,
            "y": 293
          },
          {
            "x": 170,
            "y": 294
          },
          {
            "x": 170,
            "y": 303
          },
          {
            "x": 171,
            "y": 304
          },
          {
            "x": 171,
            "y": 308.0
          },
          {
            "x": 172.0,
            "y": 309
          },
          {
            "x": 172.0,
            "y": 313.0
          },
          {
            "x": 180,
            "y": 321
          },
          {
            "x": 182.0,
            "y": 321
          },
          {
            "x": 183,
            "y": 322
          },
          {
            "x": 189,
            "y": 322
          },
          {
            "x": 190.0,
            "y": 321
          },
          {
            "x": 191.0,
            "y": 321
          },
          {
            "x": 192,
            "y": 320.0
          },
          {
            "x": 192,
            "y": 319
          },
          {
            "x": 193,
            "y": 318.0
          },
          {
            "x": 194,
            "y": 318.0
          },
          {
            "x": 195.0,
            "y": 317
          },
          {
            "x": 195.0,
            "y": 315.0
          },
          {
            "x": 196.0,
            "y": 314
          },
          {
            "x": 196.0,
            "y": 313.0
          },
          {
            "x": 197,
            "y": 312
          },
          {
            "x": 197,
            "y": 310.0
          },
          {
            "x": 198,
            "y": 309
          },
          {
            "x": 198,
            "y": 289
          },
          {
            "x": 197,
            "y": 288
          },
          {
            "x": 197,
            "y": 283
          },
          {
            "x": 196.0,
            "y": 282
          },
          {
            "x": 196.0,
            "y": 275
          },
          {
            "x": 195.0,
            "y": 274
          },
          {
            "x": 195.0,
            "y": 268
          },
          {
            "x": 194,
            "y": 267
          },
          {
            "x": 194,
            "y": 260
          },
          {
            "x": 193,
            "y": 259
          },
          {
            "x": 193,
            "y": 256
          },
          {
            "x": 192,
            "y": 255
          },
          {
            "x": 192,
            "y": 254.0
          },
          {
            "x": 191.0,
            "y": 253.0
          },
          {
            "x": 191.0,
            "y": 251
          },
          {
            "x": 192,
            "y": 250.0
          },
          {
            "x": 199.0,
            "y": 250.0
          },
          {
            "x": 201,
            "y": 248
          },
          {
            "x": 202,
            "y": 248
          },
          {
            "x": 205.0,
            "y": 245.0
          },
          {
            "x": 205.0,
            "y": 244.0
          },
          {
            "x": 207,
            "y": 242
          },
          {
            "x": 207,
            "y": 240.0
          },
          {
            "x": 208.0,
            "y": 239
          },
          {
            "x": 208.0,
            "y": 237
          },
          {
            "x": 209.0,
            "y": 236.0
          },
          {
            "x": 209.0,
            "y": 234
          },
          {
            "x": 210,
            "y": 233
          },
          {
            "x": 210,
            "y": 230
          },
          {
            "x": 211,
            "y": 229
          },
          {
            "x": 211,
            "y": 227.0
          },
          {
            "x": 212,
            "y": 226.0
          },
          {
            "x": 212,
            "y": 225
          },
          {
            "x": 213.0,
            "y": 224
          },
          {
            "x": 213.0,
            "y": 215
          },
          {
            "x": 212,
            "y": 214
          },
          {
            "x": 212,
            "y": 211
          },
          {
            "x": 211,
            "y": 210
          },
          {
            "x": 211,
            "y": 209
          },
          {
            "x": 210,
            "y": 208
          },
          {
            "x": 210,
            "y": 203
          },
          {
            "x": 209.0,
            "y": 202
          },
          {
            "x": 209.0,
            "y": 201
          },
          {
            "x": 208.0,
            "y": 200
          },
          {
            "x": 208.0,
            "y": 199
          },
          {
            "x": 207,
            "y": 198
          },
          {
            "x": 207,
            "y": 197
          },
          {
            "x": 206,
            "y": 196
          },
          {
            "x": 206,
            "y": 195
          },
          {
            "x": 205.0,
            "y": 194
          },
          {
            "x": 205.0,
            "y": 191
          },
          {
            "x": 204.0,
            "y": 190
          },
          {
            "x": 204.0,
            "y": 189
          },
          {
            "x": 203,
            "y": 188
          },
          {
            "x": 203,
            "y": 187
          },
          {
            "x": 202,
            "y": 186
          },
          {
            "x": 202,
            "y": 184
          },
          {
            "x": 201,
            "y": 183
          },
          {
            "x": 201,
            "y": 181
          },
          {
            "x": 200.0,
            "y": 180
          },
          {
            "x": 200.0,
            "y": 175
          },
          {
            "x": 199.0,
            "y": 174
          },
          {
            "x": 199.0,
            "y": 171
          },
          {
            "x": 198,
            "y": 170
          },
          {
            "x": 198,
            "y": 168
          },
          {
            "x": 197,
            "y": 167
          },
          {
            "x": 197,
            "y": 164
          },
          {
            "x": 196.0,
            "y": 163
          },
          {
            "x": 196.0,
            "y": 160
          },
          {
            "x": 195.0,
            "y": 159
          },
          {
            "x": 195.0,
            "y": 143
          },
          {
            "x": 194,
            "y": 142
          },
          {
            "x": 194,
            "y": 138
          },
          {
            "x": 193,
            "y": 137
          },
          {
            "x": 193,
            "y": 134
          },
          {
            "x": 192,
            "y": 133
          },
          {
            "x": 192,
            "y": 132
          },
          {
            "x": 191.0,
            "y": 131
          },
          {
            "x": 190.0,
            "y": 131
          },
          {
            "x": 189,
            "y": 130
          },
          {
            "x": 187.0,
            "y": 130
          },
          {
            "x": 186.0,
            "y": 129
          },
          {
            "x": 182.0,
            "y": 129
          },
          {
            "x": 181.0,
            "y": 130
          },
          {
            "x": 179,
            "y": 130
          },
          {
            "x": 178.0,
            "y": 131
          },
          {
            "x": 167,
            "y": 131
          },
          {
            "x": 166,
            "y": 130
          },
          {
            "x": 164.0,
            "y": 130
          },
          {
            "x": 163.0,
            "y": 129
          },
          {
            "x": 162,
            "y": 129
          },
          {
            "x": 161,
            "y": 128
          },
          {
            "x": 160.0,
            "y": 128
          },
          {
            "x": 158,
            "y": 126
          },
          {
            "x": 157,
            "y": 126
          },
          {
            "x": 153,
            "y": 122.0
          },
          {
            "x": 152,
            "y": 122.0
          },
          {
            "x": 151.0,
            "y": 121
          },
          {
            "x": 150.0,
            "y": 121
          },
          {
            "x": 149,
            "y": 122.0
          },
          {
            "x": 148,
            "y": 122.0
          },
          {
            "x": 145.0,
            "y": 125.0
          },
          {
            "x": 144,
            "y": 125.0
          },
          {
            "x": 143,
            "y": 126
          },
          {
            "x": 141.0,
            "y": 126
          },
          {
            "x": 140,
            "y": 127.0
          },
          {
            "x": 138,
            "y": 127.0
          },
          {
            "x": 137.0,
            "y": 128
          },
          {
            "x": 135,
            "y": 128
          },
          {
            "x": 134,
            "y": 127.0
          },
          {
            "x": 128.0,
            "y": 127.0
          },
          {
            "x": 127.0,
            "y": 126
          },
          {
            "x": 125.0,
            "y": 126
          },
          {
            "x": 124.0,
            "y": 125.0
          },
          {
            "x": 123.0,
            "y": 125.0
          },
          {
            "x": 122.0,
            "y": 124
          },
          {
            "x": 121,
            "y": 124
          },
          {
            "x": 120.0,
            "y": 123
          },
          {
            "x": 119.0,
            "y": 123
          },
          {
            "x": 117,
            "y": 121
          },
          {
            "x": 111.0,
            "y": 121
          },
          {
            "x": 110.0,
            "y": 122.0
          },
          {
            "x": 109,
            "y": 122.0
          },
          {
            "x": 108.0,
            "y": 123
          },
          {
            "x": 105.0,
            "y": 123
          },
          {
            "x": 103.0,
            "y": 125.0
          },
          {
            "x": 102,
            "y": 125.0
          },
          {
            "x": 101.0,
            "y": 126
          },
          {
            "x": 96.0,
            "y": 126
          },
          {
            "x": 95,
            "y": 127.0
          },
          {
            "x": 94.0,
            "y": 127.0
          },
          {
            "x": 93,
            "y": 128
          },
          {
            "x": 91,
            "y": 128
          },
          {
            "x": 90.0,
            "y": 129
          },
          {
            "x": 86,
            "y": 129
          },
          {
            "x": 85.0,
            "y": 130
          },
          {
            "x": 81.0,
            "y": 130
          },
          {
            "x": 80,
            "y": 131
          },
          {
            "x": 78,
            "y": 131
          },
          {
            "x": 77,
            "y": 132
          }
        ]
      }
    },
    {
      "name": "Trousers Polygon ",
      "polygon": {
        "path": [
          {
            "x": 164,
            "y": 268
          },
          {
            "x": 159.0,
            "y": 268
          },
          {
            "x": 158,
            "y": 269
          },
          {
            "x": 154,
            "y": 269
          },
          {
            "x": 153.0,
            "y": 270
          },
          {
            "x": 151,
            "y": 270
          },
          {
            "x": 150.0,
            "y": 271
          },
          {
            "x": 148,
            "y": 271
          },
          {
            "x": 147.0,
            "y": 272
          },
          {
            "x": 146.0,
            "y": 272
          },
          {
            "x": 145,
            "y": 273
          },
          {
            "x": 143.0,
            "y": 273
          },
          {
            "x": 142,
            "y": 272
          },
          {
            "x": 137.0,
            "y": 272
          },
          {
            "x": 136,
            "y": 271
          },
          {
            "x": 136,
            "y": 270
          },
          {
            "x": 135,
            "y": 269
          },
          {
            "x": 124.0,
            "y": 269
          },
          {
            "x": 124.0,
            "y": 272
          },
          {
            "x": 123,
            "y": 273
          },
          {
            "x": 123,
            "y": 280
          },
          {
            "x": 122.0,
            "y": 281
          },
          {
            "x": 122.0,
            "y": 292
          },
          {
            "x": 121.0,
            "y": 293
          },
          {
            "x": 121.0,
            "y": 296
          },
          {
            "x": 120,
            "y": 297
          },
          {
            "x": 120,
            "y": 300
          },
          {
            "x": 121.0,
            "y": 301
          },
          {
            "x": 121.0,
            "y": 312
          },
          {
            "x": 120,
            "y": 313
          },
          {
            "x": 120,
            "y": 324
          },
          {
            "x": 119.0,
            "y": 325
          },
          {
            "x": 118.0,
            "y": 325
          },
          {
            "x": 114,
            "y": 329
          },
          {
            "x": 104.0,
            "y": 329
          },
          {
            "x": 103.0,
            "y": 328
          },
          {
            "x": 100.0,
            "y": 328
          },
          {
            "x": 99,
            "y": 327
          },
          {
            "x": 95.0,
            "y": 327
          },
          {
            "x": 94.0,
            "y": 326
          },
          {
            "x": 92.0,
            "y": 326
          },
          {
            "x": 91.0,
            "y": 325
          },
          {
            "x": 90.0,
            "y": 325
          },
          {
            "x": 89,
            "y": 324
          },
          {
            "x": 87.0,
            "y": 324
          },
          {
            "x": 86,
            "y": 323
          },
          {
            "x": 85.0,
            "y": 323
          },
          {
            "x": 84.0,
            "y": 322
          },
          {
            "x": 82.0,
            "y": 322
          },
          {
            "x": 82.0,
            "y": 334
          },
          {
            "x": 83,
            "y": 335
          },
          {
            "x": 83,
            "y": 341
          },
          {
            "x": 84.0,
            "y": 342
          },
          {
            "x": 84.0,
            "y": 354
          },
          {
            "x": 85.0,
            "y": 355
          },
          {
            "x": 85.0,
            "y": 364
          },
          {
            "x": 86,
            "y": 365
          },
          {
            "x": 86,
            "y": 373
          },
          {
            "x": 87.0,
            "y": 374.0
          },
          {
            "x": 87.0,
            "y": 385
          },
          {
            "x": 88.0,
            "y": 386.0
          },
          {
            "x": 88.0,
            "y": 391
          },
          {
            "x": 89,
            "y": 392.0
          },
          {
            "x": 89,
            "y": 398.0
          },
          {
            "x": 90.0,
            "y": 397
          },
          {
            "x": 92.0,
            "y": 397
          },
          {
            "x": 93.0,
            "y": 398.0
          },
          {
            "x": 138,
            "y": 398.0
          },
          {
            "x": 138,
            "y": 385
          },
          {
            "x": 139,
            "y": 384
          },
          {
            "x": 139,
            "y": 372
          },
          {
            "x": 140.0,
            "y": 371
          },
          {
            "x": 140.0,
            "y": 363
          },
          {
            "x": 141,
            "y": 362
          },
          {
            "x": 141,
            "y": 359
          },
          {
            "x": 142,
            "y": 358
          },
          {
            "x": 143.0,
            "y": 359
          },
          {
            "x": 143.0,
            "y": 362
          },
          {
            "x": 144.0,
            "y": 363
          },
          {
            "x": 144.0,
            "y": 365
          },
          {
            "x": 143.0,
            "y": 366
          },
          {
            "x": 143.0,
            "y": 374.0
          },
          {
            "x": 144.0,
            "y": 375
          },
          {
            "x": 144.0,
            "y": 377.0
          },
          {
            "x": 145,
            "y": 378
          },
          {
            "x": 145,
            "y": 384
          },
          {
            "x": 144.0,
            "y": 385
          },
          {
            "x": 144.0,
            "y": 388
          },
          {
            "x": 145,
            "y": 389.0
          },
          {
            "x": 145,
            "y": 397
          },
          {
            "x": 146.0,
            "y": 398.0
          },
          {
            "x": 184.0,
            "y": 398.0
          },
          {
            "x": 185,
            "y": 397
          },
          {
            "x": 185,
            "y": 392.0
          },
          {
            "x": 186.0,
            "y": 391
          },
          {
            "x": 186.0,
            "y": 388
          },
          {
            "x": 187.0,
            "y": 387
          },
          {
            "x": 187.0,
            "y": 380.0
          },
          {
            "x": 188,
            "y": 379
          },
          {
            "x": 188,
            "y": 362
          },
          {
            "x": 189.0,
            "y": 361
          },
          {
            "x": 189.0,
            "y": 358
          },
          {
            "x": 190.0,
            "y": 357
          },
          {
            "x": 190.0,
            "y": 353
          },
          {
            "x": 189.0,
            "y": 352
          },
          {
            "x": 189.0,
            "y": 335
          },
          {
            "x": 190.0,
            "y": 334
          },
          {
            "x": 190.0,
            "y": 324
          },
          {
            "x": 189.0,
            "y": 323
          },
          {
            "x": 187.0,
            "y": 323
          },
          {
            "x": 186.0,
            "y": 322
          },
          {
            "x": 183.0,
            "y": 322
          },
          {
            "x": 182,
            "y": 321
          },
          {
            "x": 181.0,
            "y": 321
          },
          {
            "x": 180.0,
            "y": 320
          },
          {
            "x": 179,
            "y": 320
          },
          {
            "x": 177.0,
            "y": 318
          },
          {
            "x": 177.0,
            "y": 317
          },
          {
            "x": 176,
            "y": 317
          },
          {
            "x": 175.0,
            "y": 316
          },
          {
            "x": 174.0,
            "y": 316
          },
          {
            "x": 173,
            "y": 315
          },
          {
            "x": 173,
            "y": 314
          },
          {
            "x": 172,
            "y": 313
          },
          {
            "x": 172,
            "y": 311
          },
          {
            "x": 171.0,
            "y": 310
          },
          {
            "x": 171.0,
            "y": 304
          },
          {
            "x": 170,
            "y": 303
          },
          {
            "x": 170,
            "y": 298
          },
          {
            "x": 169,
            "y": 297
          },
          {
            "x": 169,
            "y": 293
          },
          {
            "x": 168.0,
            "y": 292
          },
          {
            "x": 168.0,
            "y": 282
          },
          {
            "x": 167,
            "y": 281
          },
          {
            "x": 167,
            "y": 276
          },
          {
            "x": 166,
            "y": 275
          },
          {
            "x": 166,
            "y": 271
          },
          {
            "x": 165.0,
            "y": 270
          },
          {
            "x": 165.0,
            "y": 269
          }
        ]
      }
    }
  ]
}