{
  "image": {
    "width": 267,
    "height": 400,
    "filename": "00000048.jpg",
    "original_filename": "000527.jpg",
    "url": "https://darwin.v7labs.com/api/images/1212420/original?token=cd62f37c-afe4-4d19-9fa3-5be62f6a54a9",
    "thumbnail_url": "https://darwin.v7labs.com/api/images/1212420/thumbnail?token=cd62f37c-afe4-4d19-9fa3-5be62f6a54a9",
    "workview_url": "https://darwin.v7labs.com/workview?dataset=1177&image=48"
  },
  "dataset": "Fashion_3",
  "annotated": true,
  "annotations": [
    {
      "name": "Dress Polygon ",
      "polygon": {
        "path": [
          {
            "x": 160,
            "y": 130
          },
          {
            "x": 158,
            "y": 130
          },
          {
            "x": 157,
            "y": 129
          },
          {
            "x": 155,
            "y": 129
          },
          {
            "x": 154,
            "y": 128
          },
          {
            "x": 151,
            "y": 128
          },
          {
            "x": 150,
            "y": 129
          },
          {
            "x": 150,
            "y": 130
          },
          {
            "x": 148,
            "y": 132
          },
          {
            "x": 147,
            "y": 132
          },
          {
            "x": 145,
            "y": 134
          },
          {
            "x": 142,
            "y": 134
          },
          {
            "x": 141,
            "y": 135
          },
          {
            "x": 137,
            "y": 135
          },
          {
            "x": 136,
            "y": 136
          },
          {
            "x": 132,
            "y": 136
          },
          {
            "x": 131,
            "y": 135
          },
          {
            "x": 130,
            "y": 135
          },
          {
            "x": 129,
            "y": 134
          },
          {
            "x": 128,
            "y": 134
          },
          {
            "x": 125,
            "y": 131
          },
          {
            "x": 125,
            "y": 129
          },
          {
            "x": 122,
            "y": 129
          },
          {
            "x": 121.0,
            "y": 130
          },
          {
            "x": 120,
            "y": 130
          },
          {
            "x": 119.0,
            "y": 131
          },
          {
            "x": 118,
            "y": 131
          },
          {
            "x": 117,
            "y": 132
          },
          {
            "x": 115,
            "y": 132
          },
          {
            "x": 114,
            "y": 133
          },
          {
            "x": 113.0,
            "y": 133
          },
          {
            "x": 112,
            "y": 134
          },
          {
            "x": 111.0,
            "y": 134
          },
          {
            "x": 110,
            "y": 135
          },
          {
            "x": 109,
            "y": 135
          },
          {
            "x": 108.0,
            "y": 136
          },
          {
            "x": 107,
            "y": 136
          },
          {
            "x": 107,
            "y": 137
          },
          {
            "x": 106,
            "y": 138
          },
          {
            "x": 106,
            "y": 139
          },
          {
            "x": 104,
            "y": 141
          },
          {
            "x": 104,
            "y": 145
          },
          {
            "x": 103.0,
            "y": 146
          },
          {
            "x": 103.0,
            "y": 151
          },
          {
            "x": 104,
            "y": 152
          },
          {
            "x": 104,
            "y": 169
          },
          {
            "x": 103.0,
            "y": 170
          },
          {
            "x": 103.0,
            "y": 177
          },
          {
            "x": 104,
            "y": 178
          },
          {
            "x": 104,
            "y": 182
          },
          {
            "x": 103.0,
            "y": 183
          },
          {
            "x": 103.0,
            "y": 192
          },
          {
            "x": 102,
            "y": 193
          },
          {
            "x": 102,
            "y": 197.0
          },
          {
            "x": 103.0,
            "y": 198
          },
          {
            "x": 105.0,
            "y": 198
          },
          {
            "x": 108.0,
            "y": 201
          },
          {
            "x": 109,
            "y": 201
          },
          {
            "x": 110,
            "y": 202
          },
          {
            "x": 110,
            "y": 203.0
          },
          {
            "x": 109,
            "y": 204
          },
          {
            "x": 109,
            "y": 205
          },
          {
            "x": 108.0,
            "y": 206.0
          },
          {
            "x": 108.0,
            "y": 207
          },
          {
            "x": 107,
            "y": 208
          },
          {
            "x": 107,
            "y": 209
          },
          {
            "x": 106,
            "y": 210.0
          },
          {
            "x": 106,
            "y": 211
          },
          {
            "x": 105.0,
            "y": 212
          },
          {
            "x": 105.0,
            "y": 213.0
          },
          {
            "x": 104,
            "y": 214
          },
          {
            "x": 104,
            "y": 215
          },
          {
            "x": 103.0,
            "y": 216.0
          },
          {
            "x": 103.0,
            "y": 217
          },
          {
            "x": 102,
            "y": 218
          },
          {
            "x": 102,
            "y": 220
          },
          {
            "x": 100.0,
            "y": 222.0
          },
          {
            "x": 100.0,
            "y": 223
          },
          {
            "x": 99,
            "y": 224
          },
          {
            "x": 99,
            "y": 225
          },
          {
            "x": 95.0,
            "y": 229.0
          },
          {
            "x": 95.0,
            "y": 230
          },
          {
            "x": 94,
            "y": 231
          },
          {
            "x": 94,
            "y": 234
          },
          {
            "x": 93,
            "y": 235.0
          },
          {
            "x": 93,
            "y": 237
          },
          {
            "x": 92,
            "y": 238.0
          },
          {
            "x": 92,
            "y": 240
          },
          {
            "x": 91,
            "y": 241
          },
          {
            "x": 91,
            "y": 242.0
          },
          {
            "x": 90,
            "y": 243
          },
          {
            "x": 90,
            "y": 244
          },
          {
            "x": 89,
            "y": 245.0
          },
          {
            "x": 89,
            "y": 247
          },
          {
            "x": 88,
            "y": 248.0
          },
          {
            "x": 88,
            "y": 251.0
          },
          {
            "x": 87,
            "y": 252
          },
          {
            "x": 87,
            "y": 254.0
          },
          {
            "x": 86,
            "y": 255
          },
          {
            "x": 86,
            "y": 256
          },
          {
            "x": 84,
            "y": 258
          },
          {
            "x": 84,
            "y": 259
          },
          {
            "x": 82,
            "y": 261
          },
          {
            "x": 82,
            "y": 262
          },
          {
            "x": 81,
            "y": 263
          },
          {
            "x": 81,
            "y": 264
          },
          {
            "x": 80,
            "y": 265
          },
          {
            "x": 80,
            "y": 268
          },
          {
            "x": 81,
            "y": 269
          },
          {
            "x": 81,
            "y": 270
          },
          {
            "x": 82,
            "y": 271
          },
          {
            "x": 82,
            "y": 272
          },
          {
            "x": 83,
            "y": 272
          },
          {
            "x": 85,
            "y": 274
          },
          {
            "x": 86,
            "y": 274
          },
          {
            "x": 87,
            "y": 275
          },
          {
            "x": 87,
            "y": 280
          },
          {
            "x": 86,
            "y": 281
          },
          {
            "x": 86,
            "y": 284
          },
          {
            "x": 84,
            "y": 286
          },
          {
            "x": 84,
            "y": 289
          },
          {
            "x": 83,
            "y": 290
          },
          {
            "x": 83,
            "y": 294
          },
          {
            "x": 84,
            "y": 295
          },
          {
            "x": 85,
            "y": 295
          },
          {
            "x": 86,
            "y": 296
          },
          {
            "x": 87,
            "y": 296
          },
          {
            "x": 88,
            "y": 297.0
          },
          {
            "x": 89,
            "y": 297.0
          },
          {
            "x": 90,
            "y": 298.0
          },
          {
            "x": 93,
            "y": 298.0
          },
          {
            "x": 94,
            "y": 299.0
          },
          {
            "x": 97.0,
            "y": 299.0
          },
          {
            "x": 98,
            "y": 300
          },
          {
            "x": 101,
            "y": 300
          },
          {
            "x": 102,
            "y": 301
          },
          {
            "x": 104,
            "y": 301
          },
          {
            "x": 105.0,
            "y": 302
          },
          {
            "x": 107,
            "y": 302
          },
          {
            "x": 108.0,
            "y": 303
          },
          {
            "x": 120,
            "y": 303
          },
          {
            "x": 121.0,
            "y": 302
          },
          {
            "x": 124.0,
            "y": 302
          },
          {
            "x": 125,
            "y": 301
          },
          {
            "x": 127.0,
            "y": 301
          },
          {
            "x": 128,
            "y": 300
          },
          {
            "x": 129,
            "y": 300
          },
          {
            "x": 129,
            "y": 299.0
          },
          {
            "x": 131,
            "y": 297.0
          },
          {
            "x": 132,
            "y": 297.0
          },
          {
            "x": 133,
            "y": 298.0
          },
          {
            "x": 134,
            "y": 298.0
          },
          {
            "x": 135,
            "y": 299.0
          },
          {
            "x": 146,
            "y": 299.0
          },
          {
            "x": 147,
            "y": 298.0
          },
          {
            "x": 157,
            "y": 298.0
          },
          {
            "x": 158,
            "y": 299.0
          },
          {
            "x": 169,
            "y": 299.0
          },
          {
            "x": 170,
            "y": 298.0
          },
          {
            "x": 174,
            "y": 298.0
          },
          {
            "x": 175,
            "y": 297.0
          },
          {
            "x": 175,
            "y": 296
          },
          {
            "x": 179,
            "y": 292.0
          },
          {
            "x": 180,
            "y": 292.0
          },
          {
            "x": 181,
            "y": 291.0
          },
          {
            "x": 183,
            "y": 291.0
          },
          {
            "x": 184,
            "y": 290
          },
          {
            "x": 185,
            "y": 290
          },
          {
            "x": 186,
            "y": 289
          },
          {
            "x": 191,
            "y": 289
          },
          {
            "x": 192,
            "y": 288
          },
          {
            "x": 194.0,
            "y": 288
          },
          {
            "x": 196,
            "y": 286
          },
          {
            "x": 198,
            "y": 286
          },
          {
            "x": 199,
            "y": 285
          },
          {
            "x": 200.0,
            "y": 285
          },
          {
            "x": 202,
            "y": 283
          },
          {
            "x": 202,
            "y": 280
          },
          {
            "x": 200.0,
            "y": 278
          },
          {
            "x": 200.0,
            "y": 276
          },
          {
            "x": 199,
            "y": 275
          },
          {
            "x": 199,
            "y": 274
          },
          {
            "x": 198,
            "y": 273
          },
          {
            "x": 198,
            "y": 271
          },
          {
            "x": 197.0,
            "y": 270
          },
          {
            "x": 197.0,
            "y": 268
          },
          {
            "x": 198,
            "y": 267
          },
          {
            "x": 198,
            "y": 265
          },
          {
            "x": 197.0,
            "y": 264
          },
          {
            "x": 197.0,
            "y": 262
          },
          {
            "x": 196,
            "y": 261
          },
          {
            "x": 196,
            "y": 260
          },
          {
            "x": 195,
            "y": 259
          },
          {
            "x": 195,
            "y": 257
          },
          {
            "x": 194.0,
            "y": 256
          },
          {
            "x": 194.0,
            "y": 254.0
          },
          {
            "x": 193,
            "y": 253
          },
          {
            "x": 193,
            "y": 252
          },
          {
            "x": 192,
            "y": 251.0
          },
          {
            "x": 192,
            "y": 250
          },
          {
            "x": 191,
            "y": 249
          },
          {
            "x": 189,
            "y": 249
          },
          {
            "x": 188,
            "y": 250
          },
          {
            "x": 185,
            "y": 250
          },
          {
            "x": 184,
            "y": 251.0
          },
          {
            "x": 178,
            "y": 251.0
          },
          {
            "x": 177,
            "y": 252
          },
          {
            "x": 176,
            "y": 252
          },
          {
            "x": 175,
            "y": 251.0
          },
          {
            "x": 174,
            "y": 252
          },
          {
            "x": 166,
            "y": 252
          },
          {
            "x": 163,
            "y": 249
          },
          {
            "x": 163,
            "y": 233
          },
          {
            "x": 162,
            "y": 232.0
          },
          {
            "x": 162,
            "y": 231
          },
          {
            "x": 161,
            "y": 230
          },
          {
            "x": 161,
            "y": 229.0
          },
          {
            "x": 160,
            "y": 228
          },
          {
            "x": 160,
            "y": 227
          },
          {
            "x": 159,
            "y": 226.0
          },
          {
            "x": 159,
            "y": 224
          },
          {
            "x": 158,
            "y": 223
          },
          {
            "x": 158,
            "y": 222.0
          },
          {
            "x": 157,
            "y": 221
          },
          {
            "x": 157,
            "y": 220
          },
          {
            "x": 156,
            "y": 219.0
          },
          {
            "x": 156,
            "y": 218
          },
          {
            "x": 155,
            "y": 217
          },
          {
            "x": 156,
            "y": 216.0
          },
          {
            "x": 156,
            "y": 215
          },
          {
            "x": 158,
            "y": 213.0
          },
          {
            "x": 158,
            "y": 212
          },
          {
            "x": 159,
            "y": 211
          },
          {
            "x": 159,
            "y": 209
          },
          {
            "x": 161,
            "y": 207
          },
          {
            "x": 165,
            "y": 207
          },
          {
            "x": 165,
            "y": 199
          },
          {
            "x": 166,
            "y": 198
          },
          {
            "x": 166,
            "y": 193
          },
          {
            "x": 167,
            "y": 192
          },
          {
            "x": 167,
            "y": 191
          },
          {
            "x": 168,
            "y": 190.0
          },
          {
            "x": 168,
            "y": 189
          },
          {
            "x": 170,
            "y": 187.0
          },
          {
            "x": 170,
            "y": 186
          },
          {
            "x": 171,
            "y": 185
          },
          {
            "x": 171,
            "y": 183
          },
          {
            "x": 168,
            "y": 180
          },
          {
            "x": 167,
            "y": 180
          },
          {
            "x": 165,
            "y": 178
          },
          {
            "x": 165,
            "y": 176
          },
          {
            "x": 164,
            "y": 175
          },
          {
            "x": 164,
            "y": 172
          },
          {
            "x": 163,
            "y": 171
          },
          {
            "x": 163,
            "y": 170
          },
          {
            "x": 164,
            "y": 169
          },
          {
            "x": 164,
            "y": 168
          },
          {
            "x": 166,
            "y": 166
          },
          {
            "x": 170,
            "y": 166
          },
          {
            "x": 171,
            "y": 165
          },
          {
            "x": 177,
            "y": 165
          },
          {
            "x": 177,
            "y": 164
          },
          {
            "x": 175,
            "y": 162
          },
          {
            "x": 175,
            "y": 159
          },
          {
            "x": 174,
            "y": 158
          },
          {
            "x": 174,
            "y": 152
          },
          {
            "x": 173,
            "y": 151
          },
          {
            "x": 173,
            "y": 148
          },
          {
            "x": 172,
            "y": 148
          },
          {
            "x": 170,
            "y": 146
          },
          {
            "x": 170,
            "y": 143
          },
          {
            "x": 169,
            "y": 142
          },
          {
            "x": 169,
            "y": 139
          },
          {
            "x": 168,
            "y": 138
          },
          {
            "x": 168,
            "y": 137
          },
          {
            "x": 166,
            "y": 135
          },
          {
            "x": 165,
            "y": 135
          }
        ]
      }
    }
  ]
}