{
  "image": {
    "width": 266,
    "height": 400,
    "filename": "00000202.jpg",
    "original_filename": "000681.jpg",
    "url": "https://darwin.v7labs.com/api/images/1212574/original?token=cd62f37c-afe4-4d19-9fa3-5be62f6a54a9",
    "thumbnail_url": "https://darwin.v7labs.com/api/images/1212574/thumbnail?token=cd62f37c-afe4-4d19-9fa3-5be62f6a54a9",
    "workview_url": "https://darwin.v7labs.com/workview?dataset=1177&image=202"
  },
  "dataset": "Fashion_3",
  "annotated": true,
  "annotations": [
    {
      "name": "Trousers Polygon ",
      "polygon": {
        "path": [
          {
            "x": 91.57,
            "y": 269.92
          },
          {
            "x": 89.57,
            "y": 271.92
          },
          {
            "x": 89.57,
            "y": 272.92
          },
          {
            "x": 88.57,
            "y": 273.92
          },
          {
            "x": 88.57,
            "y": 276.92
          },
          {
            "x": 87.57,
            "y": 277.92
          },
          {
            "x": 87.57,
            "y": 280.92
          },
          {
            "x": 86.57,
            "y": 281.92
          },
          {
            "x": 86.57,
            "y": 286.92
          },
          {
            "x": 85.57,
            "y": 287.92
          },
          {
            "x": 85.57,
            "y": 312.92
          },
          {
            "x": 86.57,
            "y": 313.92
          },
          {
            "x": 86.57,
            "y": 314.92
          },
          {
            "x": 85.57,
            "y": 315.92
          },
          {
            "x": 85.57,
            "y": 317.92
          },
          {
            "x": 86.57,
            "y": 318.92
          },
          {
            "x": 86.57,
            "y": 320.92
          },
          {
            "x": 87.57,
            "y": 321.92
          },
          {
            "x": 87.57,
            "y": 323.92
          },
          {
            "x": 88.57,
            "y": 324.92
          },
          {
            "x": 88.57,
            "y": 327.92
          },
          {
            "x": 89.57,
            "y": 328.92
          },
          {
            "x": 89.57,
            "y": 332.92
          },
          {
            "x": 90.57,
            "y": 333.92
          },
          {
            "x": 90.57,
            "y": 336.92
          },
          {
            "x": 91.57,
            "y": 337.92
          },
          {
            "x": 91.57,
            "y": 341.92
          },
          {
            "x": 92.57,
            "y": 342.92
          },
          {
            "x": 92.57,
            "y": 346.92
          },
          {
            "x": 93.57,
            "y": 347.92
          },
          {
            "x": 93.57,
            "y": 349.92
          },
          {
            "x": 94.57,
            "y": 350.92
          },
          {
            "x": 94.57,
            "y": 354.92
          },
          {
            "x": 95.57,
            "y": 355.92
          },
          {
            "x": 95.57,
            "y": 358.92
          },
          {
            "x": 96.57,
            "y": 359.92
          },
          {
            "x": 96.57,
            "y": 362.92
          },
          {
            "x": 97.57,
            "y": 363.92
          },
          {
            "x": 97.57,
            "y": 365.92
          },
          {
            "x": 98.57,
            "y": 366.92
          },
          {
            "x": 98.57,
            "y": 370.92
          },
          {
            "x": 100.57,
            "y": 372.92
          },
          {
            "x": 100.57,
            "y": 373.92
          },
          {
            "x": 101.57,
            "y": 374.92
          },
          {
            "x": 101.57,
            "y": 375.92
          },
          {
            "x": 102.57,
            "y": 376.92
          },
          {
            "x": 102.57,
            "y": 378.92
          },
          {
            "x": 103.57,
            "y": 379.92
          },
          {
            "x": 103.57,
            "y": 380.92
          },
          {
            "x": 104.57,
            "y": 381.92
          },
          {
            "x": 104.57,
            "y": 382.92
          },
          {
            "x": 105.57,
            "y": 383.92
          },
          {
            "x": 105.57,
            "y": 385.92
          },
          {
            "x": 106.57,
            "y": 386.92
          },
          {
            "x": 106.57,
            "y": 389.92
          },
          {
            "x": 107.57,
            "y": 390.92
          },
          {
            "x": 107.57,
            "y": 396.92
          },
          {
            "x": 108.57,
            "y": 397.92
          },
          {
            "x": 108.57,
            "y": 398.92
          },
          {
            "x": 109.57,
            "y": 399.92
          },
          {
            "x": 176.57,
            "y": 399.92
          },
          {
            "x": 176.57,
            "y": 394.92
          },
          {
            "x": 177.57,
            "y": 393.92
          },
          {
            "x": 177.57,
            "y": 384.92
          },
          {
            "x": 178.57,
            "y": 383.92
          },
          {
            "x": 178.57,
            "y": 376.92
          },
          {
            "x": 179.57,
            "y": 375.92
          },
          {
            "x": 179.57,
            "y": 369.92
          },
          {
            "x": 180.57,
            "y": 368.92
          },
          {
            "x": 180.57,
            "y": 361.92
          },
          {
            "x": 181.57,
            "y": 360.92
          },
          {
            "x": 181.57,
            "y": 355.92
          },
          {
            "x": 182.57,
            "y": 354.92
          },
          {
            "x": 182.57,
            "y": 351.92
          },
          {
            "x": 183.57,
            "y": 350.92
          },
          {
            "x": 183.57,
            "y": 344.92
          },
          {
            "x": 184.57,
            "y": 343.92
          },
          {
            "x": 184.57,
            "y": 336.92
          },
          {
            "x": 185.57,
            "y": 335.92
          },
          {
            "x": 185.57,
            "y": 307.92
          },
          {
            "x": 184.57,
            "y": 306.92
          },
          {
            "x": 184.57,
            "y": 294.92
          },
          {
            "x": 183.57,
            "y": 293.92
          },
          {
            "x": 183.57,
            "y": 282.92
          },
          {
            "x": 182.57,
            "y": 281.92
          },
          {
            "x": 182.57,
            "y": 278.92
          },
          {
            "x": 181.57,
            "y": 277.92
          },
          {
            "x": 181.57,
            "y": 273.92
          },
          {
            "x": 180.57,
            "y": 273.92
          },
          {
            "x": 179.57,
            "y": 272.92
          },
          {
            "x": 178.57,
            "y": 272.92
          },
          {
            "x": 177.57,
            "y": 271.92
          },
          {
            "x": 176.57,
            "y": 272.92
          },
          {
            "x": 175.57,
            "y": 272.92
          },
          {
            "x": 174.57,
            "y": 271.92
          },
          {
            "x": 173.57,
            "y": 271.92
          },
          {
            "x": 172.37,
            "y": 271.89
          },
          {
            "x": 150.78,
            "y": 271.89
          },
          {
            "x": 149.57,
            "y": 271.92
          },
          {
            "x": 131.57,
            "y": 271.92
          },
          {
            "x": 130.57,
            "y": 272.09
          },
          {
            "x": 129.57,
            "y": 271.92
          },
          {
            "x": 125.57,
            "y": 271.92
          },
          {
            "x": 124.57,
            "y": 272.16
          },
          {
            "x": 122.99,
            "y": 272.16
          },
          {
            "x": 121.57,
            "y": 271.92
          },
          {
            "x": 111.57,
            "y": 271.92
          },
          {
            "x": 110.78,
            "y": 271.54
          },
          {
            "x": 102.57,
            "y": 270.92
          },
          {
            "x": 100.75,
            "y": 271.16
          }
        ]
      }
    },
    {
      "name": "Blouse Polygon ",
      "polygon": {
        "path": [
          {
            "x": 201.06,
            "y": 146.14
          },
          {
            "x": 200.06,
            "y": 146.14
          },
          {
            "x": 199.06,
            "y": 145.14
          },
          {
            "x": 197.06,
            "y": 145.14
          },
          {
            "x": 196.06,
            "y": 144.14
          },
          {
            "x": 193.06,
            "y": 144.14
          },
          {
            "x": 192.06,
            "y": 143.14
          },
          {
            "x": 191.06,
            "y": 143.14
          },
          {
            "x": 190.06,
            "y": 142.14
          },
          {
            "x": 189.06,
            "y": 142.14
          },
          {
            "x": 187.06,
            "y": 140.14
          },
          {
            "x": 186.06,
            "y": 140.14
          },
          {
            "x": 185.06,
            "y": 139.14
          },
          {
            "x": 185.06,
            "y": 138.14
          },
          {
            "x": 183.06,
            "y": 136.14
          },
          {
            "x": 182.06,
            "y": 136.14
          },
          {
            "x": 181.06,
            "y": 135.14
          },
          {
            "x": 181.06,
            "y": 136.14
          },
          {
            "x": 180.06,
            "y": 137.14
          },
          {
            "x": 179.06,
            "y": 137.14
          },
          {
            "x": 178.06,
            "y": 138.14
          },
          {
            "x": 175.06,
            "y": 138.14
          },
          {
            "x": 174.06,
            "y": 139.14
          },
          {
            "x": 173.06,
            "y": 139.14
          },
          {
            "x": 172.06,
            "y": 140.14
          },
          {
            "x": 171.06,
            "y": 140.14
          },
          {
            "x": 171.06,
            "y": 141.14
          },
          {
            "x": 170.06,
            "y": 142.14
          },
          {
            "x": 170.06,
            "y": 143.14
          },
          {
            "x": 167.06,
            "y": 146.14
          },
          {
            "x": 167.06,
            "y": 148.14
          },
          {
            "x": 166.06,
            "y": 149.14
          },
          {
            "x": 166.06,
            "y": 150.14
          },
          {
            "x": 165.06,
            "y": 151.14
          },
          {
            "x": 165.06,
            "y": 153.14
          },
          {
            "x": 164.06,
            "y": 154.14
          },
          {
            "x": 164.06,
            "y": 155.14
          },
          {
            "x": 162.06,
            "y": 157.14
          },
          {
            "x": 161.06,
            "y": 157.14
          },
          {
            "x": 160.06,
            "y": 156.14
          },
          {
            "x": 160.06,
            "y": 154.14
          },
          {
            "x": 158.06,
            "y": 152.14
          },
          {
            "x": 156.06,
            "y": 152.14
          },
          {
            "x": 155.06,
            "y": 151.14
          },
          {
            "x": 153.06,
            "y": 151.14
          },
          {
            "x": 152.06,
            "y": 152.14
          },
          {
            "x": 151.06,
            "y": 152.14
          },
          {
            "x": 149.06,
            "y": 154.14
          },
          {
            "x": 149.06,
            "y": 155.14
          },
          {
            "x": 148.06,
            "y": 156.14
          },
          {
            "x": 148.06,
            "y": 157.14
          },
          {
            "x": 147.06,
            "y": 158.14
          },
          {
            "x": 147.06,
            "y": 159.14
          },
          {
            "x": 144.06,
            "y": 162.14
          },
          {
            "x": 144.06,
            "y": 163.14
          },
          {
            "x": 143.06,
            "y": 164.14
          },
          {
            "x": 143.06,
            "y": 165.14
          },
          {
            "x": 141.06,
            "y": 167.14
          },
          {
            "x": 141.06,
            "y": 168.14
          },
          {
            "x": 139.06,
            "y": 170.14
          },
          {
            "x": 139.06,
            "y": 171.14
          },
          {
            "x": 136.06,
            "y": 174.14
          },
          {
            "x": 135.06,
            "y": 174.14
          },
          {
            "x": 134.06,
            "y": 173.14
          },
          {
            "x": 134.06,
            "y": 169.14
          },
          {
            "x": 133.06,
            "y": 168.14
          },
          {
            "x": 133.06,
            "y": 165.14
          },
          {
            "x": 132.06,
            "y": 164.14
          },
          {
            "x": 132.06,
            "y": 161.14
          },
          {
            "x": 131.06,
            "y": 160.14
          },
          {
            "x": 131.06,
            "y": 159.14
          },
          {
            "x": 130.06,
            "y": 158.14
          },
          {
            "x": 130.06,
            "y": 156.14
          },
          {
            "x": 129.06,
            "y": 155.14
          },
          {
            "x": 129.06,
            "y": 152.14
          },
          {
            "x": 128.06,
            "y": 151.14
          },
          {
            "x": 128.06,
            "y": 150.14
          },
          {
            "x": 127.06,
            "y": 149.14
          },
          {
            "x": 121.06,
            "y": 149.14
          },
          {
            "x": 120.06,
            "y": 148.14
          },
          {
            "x": 118.06,
            "y": 148.14
          },
          {
            "x": 117.06,
            "y": 147.14
          },
          {
            "x": 116.06,
            "y": 147.14
          },
          {
            "x": 115.06,
            "y": 146.14
          },
          {
            "x": 108.06,
            "y": 146.14
          },
          {
            "x": 107.06,
            "y": 145.14
          },
          {
            "x": 106.06,
            "y": 146.14
          },
          {
            "x": 106.06,
            "y": 147.14
          },
          {
            "x": 105.06,
            "y": 148.14
          },
          {
            "x": 105.06,
            "y": 149.14
          },
          {
            "x": 104.06,
            "y": 150.14
          },
          {
            "x": 104.06,
            "y": 155.14
          },
          {
            "x": 103.06,
            "y": 156.14
          },
          {
            "x": 103.06,
            "y": 157.14
          },
          {
            "x": 102.06,
            "y": 158.14
          },
          {
            "x": 102.06,
            "y": 159.14
          },
          {
            "x": 101.06,
            "y": 160.14
          },
          {
            "x": 101.06,
            "y": 161.14
          },
          {
            "x": 100.06,
            "y": 162.14
          },
          {
            "x": 100.06,
            "y": 164.14
          },
          {
            "x": 99.06,
            "y": 165.14
          },
          {
            "x": 99.06,
            "y": 173.14
          },
          {
            "x": 100.06,
            "y": 174.14
          },
          {
            "x": 100.06,
            "y": 176.14
          },
          {
            "x": 99.06,
            "y": 177.14
          },
          {
            "x": 99.06,
            "y": 185.14
          },
          {
            "x": 98.06,
            "y": 186.14
          },
          {
            "x": 98.06,
            "y": 188.14
          },
          {
            "x": 97.06,
            "y": 189.14
          },
          {
            "x": 97.06,
            "y": 205.14
          },
          {
            "x": 94.06,
            "y": 208.14
          },
          {
            "x": 94.06,
            "y": 209.14
          },
          {
            "x": 92.06,
            "y": 211.14
          },
          {
            "x": 92.06,
            "y": 213.14
          },
          {
            "x": 91.06,
            "y": 214.14
          },
          {
            "x": 91.06,
            "y": 230.14
          },
          {
            "x": 92.06,
            "y": 231.14
          },
          {
            "x": 92.06,
            "y": 250.14
          },
          {
            "x": 91.06,
            "y": 251.14
          },
          {
            "x": 91.06,
            "y": 254.14
          },
          {
            "x": 90.06,
            "y": 255.14
          },
          {
            "x": 90.06,
            "y": 261.14
          },
          {
            "x": 91.06,
            "y": 262.14
          },
          {
            "x": 91.06,
            "y": 263.14
          },
          {
            "x": 92.06,
            "y": 264.14
          },
          {
            "x": 93.06,
            "y": 264.14
          },
          {
            "x": 95.06,
            "y": 266.14
          },
          {
            "x": 96.06,
            "y": 266.14
          },
          {
            "x": 97.06,
            "y": 267.14
          },
          {
            "x": 98.06,
            "y": 267.14
          },
          {
            "x": 99.89,
            "y": 267.68
          },
          {
            "x": 102.06,
            "y": 268.14
          },
          {
            "x": 103.06,
            "y": 269.14
          },
          {
            "x": 108.06,
            "y": 269.14
          },
          {
            "x": 109.06,
            "y": 270.14
          },
          {
            "x": 133.06,
            "y": 270.14
          },
          {
            "x": 134.06,
            "y": 269.14
          },
          {
            "x": 160.06,
            "y": 269.14
          },
          {
            "x": 161.06,
            "y": 270.14
          },
          {
            "x": 171.06,
            "y": 270.14
          },
          {
            "x": 172.06,
            "y": 269.14
          },
          {
            "x": 179.06,
            "y": 269.14
          },
          {
            "x": 180.06,
            "y": 270.14
          },
          {
            "x": 181.06,
            "y": 270.14
          },
          {
            "x": 182.06,
            "y": 271.14
          },
          {
            "x": 183.06,
            "y": 270.14
          },
          {
            "x": 184.06,
            "y": 270.14
          },
          {
            "x": 185.06,
            "y": 269.14
          },
          {
            "x": 185.06,
            "y": 268.14
          },
          {
            "x": 183.06,
            "y": 266.14
          },
          {
            "x": 183.06,
            "y": 265.14
          },
          {
            "x": 181.06,
            "y": 263.14
          },
          {
            "x": 181.06,
            "y": 262.14
          },
          {
            "x": 180.06,
            "y": 261.14
          },
          {
            "x": 180.06,
            "y": 259.14
          },
          {
            "x": 179.06,
            "y": 258.14
          },
          {
            "x": 179.06,
            "y": 256.14
          },
          {
            "x": 178.06,
            "y": 255.14
          },
          {
            "x": 178.06,
            "y": 252.14
          },
          {
            "x": 177.06,
            "y": 251.14
          },
          {
            "x": 177.06,
            "y": 249.14
          },
          {
            "x": 179.06,
            "y": 247.14
          },
          {
            "x": 182.06,
            "y": 247.14
          },
          {
            "x": 184.06,
            "y": 249.14
          },
          {
            "x": 184.06,
            "y": 250.14
          },
          {
            "x": 185.06,
            "y": 250.14
          },
          {
            "x": 186.06,
            "y": 251.14
          },
          {
            "x": 186.06,
            "y": 252.14
          },
          {
            "x": 188.06,
            "y": 252.14
          },
          {
            "x": 189.06,
            "y": 253.14
          },
          {
            "x": 196.06,
            "y": 253.14
          },
          {
            "x": 197.06,
            "y": 252.14
          },
          {
            "x": 198.06,
            "y": 252.14
          },
          {
            "x": 199.06,
            "y": 251.14
          },
          {
            "x": 201.06,
            "y": 251.14
          },
          {
            "x": 202.06,
            "y": 250.14
          },
          {
            "x": 203.06,
            "y": 250.14
          },
          {
            "x": 204.06,
            "y": 249.14
          },
          {
            "x": 205.06,
            "y": 249.14
          },
          {
            "x": 208.06,
            "y": 246.14
          },
          {
            "x": 209.06,
            "y": 246.14
          },
          {
            "x": 212.06,
            "y": 243.14
          },
          {
            "x": 212.06,
            "y": 242.14
          },
          {
            "x": 213.06,
            "y": 241.14
          },
          {
            "x": 213.06,
            "y": 240.14
          },
          {
            "x": 214.06,
            "y": 239.14
          },
          {
            "x": 214.06,
            "y": 236.14
          },
          {
            "x": 215.06,
            "y": 235.14
          },
          {
            "x": 215.06,
            "y": 230.14
          },
          {
            "x": 216.06,
            "y": 229.14
          },
          {
            "x": 216.06,
            "y": 217.14
          },
          {
            "x": 215.06,
            "y": 216.14
          },
          {
            "x": 215.06,
            "y": 214.14
          },
          {
            "x": 214.06,
            "y": 213.14
          },
          {
            "x": 214.06,
            "y": 211.14
          },
          {
            "x": 213.06,
            "y": 210.14
          },
          {
            "x": 213.06,
            "y": 209.14
          },
          {
            "x": 212.06,
            "y": 208.14
          },
          {
            "x": 212.06,
            "y": 207.14
          },
          {
            "x": 211.06,
            "y": 206.14
          },
          {
            "x": 211.06,
            "y": 205.14
          },
          {
            "x": 209.06,
            "y": 203.14
          },
          {
            "x": 208.06,
            "y": 203.14
          },
          {
            "x": 206.06,
            "y": 201.14
          },
          {
            "x": 206.06,
            "y": 183.14
          },
          {
            "x": 205.06,
            "y": 182.14
          },
          {
            "x": 205.06,
            "y": 160.14
          },
          {
            "x": 204.06,
            "y": 159.14
          },
          {
            "x": 204.06,
            "y": 155.14
          },
          {
            "x": 203.06,
            "y": 154.14
          },
          {
            "x": 203.06,
            "y": 152.14
          },
          {
            "x": 202.06,
            "y": 151.14
          },
          {
            "x": 202.06,
            "y": 147.14
          }
        ]
      }
    },
    {
      "name": "Blouse Polygon ",
      "polygon": {
        "path": [
          {
            "x": 91,
            "y": 138
          },
          {
            "x": 90,
            "y": 138
          },
          {
            "x": 86,
            "y": 142
          },
          {
            "x": 85,
            "y": 142
          },
          {
            "x": 84,
            "y": 143
          },
          {
            "x": 83.0,
            "y": 143
          },
          {
            "x": 83.0,
            "y": 144
          },
          {
            "x": 81.0,
            "y": 146
          },
          {
            "x": 81.0,
            "y": 147
          },
          {
            "x": 80,
            "y": 148
          },
          {
            "x": 80,
            "y": 149
          },
          {
            "x": 79,
            "y": 150
          },
          {
            "x": 79,
            "y": 152
          },
          {
            "x": 78,
            "y": 153
          },
          {
            "x": 78,
            "y": 155
          },
          {
            "x": 77.0,
            "y": 156
          },
          {
            "x": 77.0,
            "y": 157
          },
          {
            "x": 76.0,
            "y": 158
          },
          {
            "x": 76.0,
            "y": 161
          },
          {
            "x": 75.0,
            "y": 162
          },
          {
            "x": 75.0,
            "y": 165
          },
          {
            "x": 74,
            "y": 166
          },
          {
            "x": 74,
            "y": 167
          },
          {
            "x": 73,
            "y": 168
          },
          {
            "x": 73,
            "y": 172
          },
          {
            "x": 72,
            "y": 173
          },
          {
            "x": 72,
            "y": 176
          },
          {
            "x": 71.0,
            "y": 177
          },
          {
            "x": 71.0,
            "y": 181
          },
          {
            "x": 70.0,
            "y": 182
          },
          {
            "x": 70.0,
            "y": 184
          },
          {
            "x": 69.0,
            "y": 185
          },
          {
            "x": 69.0,
            "y": 187
          },
          {
            "x": 68,
            "y": 188
          },
          {
            "x": 68,
            "y": 189
          },
          {
            "x": 67,
            "y": 190
          },
          {
            "x": 67,
            "y": 191
          },
          {
            "x": 66,
            "y": 192
          },
          {
            "x": 66,
            "y": 193
          },
          {
            "x": 65.0,
            "y": 194
          },
          {
            "x": 65.0,
            "y": 197
          },
          {
            "x": 64.0,
            "y": 198
          },
          {
            "x": 64.0,
            "y": 201
          },
          {
            "x": 63.0,
            "y": 202
          },
          {
            "x": 63.0,
            "y": 203
          },
          {
            "x": 62.0,
            "y": 204
          },
          {
            "x": 62.0,
            "y": 207
          },
          {
            "x": 61,
            "y": 208
          },
          {
            "x": 61,
            "y": 212
          },
          {
            "x": 60.0,
            "y": 213
          },
          {
            "x": 60.0,
            "y": 214
          },
          {
            "x": 59.0,
            "y": 215
          },
          {
            "x": 59.0,
            "y": 216
          },
          {
            "x": 57.0,
            "y": 218
          },
          {
            "x": 57.0,
            "y": 219
          },
          {
            "x": 55,
            "y": 221
          },
          {
            "x": 55,
            "y": 222
          },
          {
            "x": 54.0,
            "y": 223
          },
          {
            "x": 54.0,
            "y": 230
          },
          {
            "x": 53.0,
            "y": 231
          },
          {
            "x": 53.0,
            "y": 236
          },
          {
            "x": 54.0,
            "y": 237
          },
          {
            "x": 54.0,
            "y": 238
          },
          {
            "x": 56.0,
            "y": 240
          },
          {
            "x": 56.0,
            "y": 242
          },
          {
            "x": 55,
            "y": 243
          },
          {
            "x": 55,
            "y": 246
          },
          {
            "x": 54.0,
            "y": 247
          },
          {
            "x": 54.0,
            "y": 249
          },
          {
            "x": 53.0,
            "y": 250
          },
          {
            "x": 53.0,
            "y": 251
          },
          {
            "x": 52.0,
            "y": 252
          },
          {
            "x": 52.0,
            "y": 255.0
          },
          {
            "x": 51.0,
            "y": 256
          },
          {
            "x": 51.0,
            "y": 258
          },
          {
            "x": 50.0,
            "y": 259
          },
          {
            "x": 50.0,
            "y": 261
          },
          {
            "x": 49,
            "y": 262
          },
          {
            "x": 49,
            "y": 263
          },
          {
            "x": 48,
            "y": 264
          },
          {
            "x": 48,
            "y": 265
          },
          {
            "x": 47.0,
            "y": 266
          },
          {
            "x": 47.0,
            "y": 271
          },
          {
            "x": 48,
            "y": 272
          },
          {
            "x": 48,
            "y": 286
          },
          {
            "x": 49,
            "y": 287
          },
          {
            "x": 49,
            "y": 290
          },
          {
            "x": 50.0,
            "y": 291
          },
          {
            "x": 50.0,
            "y": 294
          },
          {
            "x": 51.0,
            "y": 295
          },
          {
            "x": 51.0,
            "y": 296
          },
          {
            "x": 50.0,
            "y": 297
          },
          {
            "x": 50.0,
            "y": 308
          },
          {
            "x": 49,
            "y": 309
          },
          {
            "x": 49,
            "y": 311
          },
          {
            "x": 47.0,
            "y": 313
          },
          {
            "x": 47.0,
            "y": 314
          },
          {
            "x": 45.0,
            "y": 316
          },
          {
            "x": 45.0,
            "y": 318
          },
          {
            "x": 46.0,
            "y": 319
          },
          {
            "x": 49,
            "y": 319
          },
          {
            "x": 50.0,
            "y": 318
          },
          {
            "x": 51.0,
            "y": 318
          },
          {
            "x": 52.0,
            "y": 317
          },
          {
            "x": 62.0,
            "y": 317
          },
          {
            "x": 63.0,
            "y": 318
          },
          {
            "x": 69.0,
            "y": 318
          },
          {
            "x": 70.0,
            "y": 319
          },
          {
            "x": 71.0,
            "y": 319
          },
          {
            "x": 72,
            "y": 318
          },
          {
            "x": 72,
            "y": 315
          },
          {
            "x": 71.0,
            "y": 314
          },
          {
            "x": 71.0,
            "y": 312
          },
          {
            "x": 70.0,
            "y": 311
          },
          {
            "x": 70.0,
            "y": 293
          },
          {
            "x": 71.0,
            "y": 292
          },
          {
            "x": 71.0,
            "y": 289
          },
          {
            "x": 72,
            "y": 288
          },
          {
            "x": 72,
            "y": 287
          },
          {
            "x": 73,
            "y": 286
          },
          {
            "x": 73,
            "y": 285
          },
          {
            "x": 74,
            "y": 284
          },
          {
            "x": 74,
            "y": 283
          },
          {
            "x": 75.0,
            "y": 282
          },
          {
            "x": 75.0,
            "y": 281
          },
          {
            "x": 77.0,
            "y": 279
          },
          {
            "x": 77.0,
            "y": 277
          },
          {
            "x": 78,
            "y": 276
          },
          {
            "x": 78,
            "y": 275
          },
          {
            "x": 79,
            "y": 274
          },
          {
            "x": 79,
            "y": 271
          },
          {
            "x": 78,
            "y": 270
          },
          {
            "x": 78,
            "y": 265
          },
          {
            "x": 79,
            "y": 264
          },
          {
            "x": 79,
            "y": 256
          },
          {
            "x": 78,
            "y": 255.0
          },
          {
            "x": 78,
            "y": 254
          },
          {
            "x": 79,
            "y": 253
          },
          {
            "x": 79,
            "y": 249
          },
          {
            "x": 80,
            "y": 248
          },
          {
            "x": 80,
            "y": 246
          },
          {
            "x": 81.0,
            "y": 245
          },
          {
            "x": 81.0,
            "y": 239
          },
          {
            "x": 82.0,
            "y": 238
          },
          {
            "x": 82.0,
            "y": 225
          },
          {
            "x": 81.0,
            "y": 224
          },
          {
            "x": 81.0,
            "y": 218
          },
          {
            "x": 82.0,
            "y": 217
          },
          {
            "x": 82.0,
            "y": 215
          },
          {
            "x": 84,
            "y": 213
          },
          {
            "x": 84,
            "y": 211
          },
          {
            "x": 86,
            "y": 209
          },
          {
            "x": 86,
            "y": 207
          },
          {
            "x": 88.0,
            "y": 205
          },
          {
            "x": 88.0,
            "y": 203
          },
          {
            "x": 89.0,
            "y": 202
          },
          {
            "x": 89.0,
            "y": 194
          },
          {
            "x": 90,
            "y": 193
          },
          {
            "x": 90,
            "y": 184
          },
          {
            "x": 91,
            "y": 183
          },
          {
            "x": 91,
            "y": 172
          },
          {
            "x": 90,
            "y": 171
          },
          {
            "x": 90,
            "y": 156
          },
          {
            "x": 91,
            "y": 155
          },
          {
            "x": 91,
            "y": 143
          },
          {
            "x": 92,
            "y": 142
          },
          {
            "x": 92,
            "y": 140
          },
          {
            "x": 91,
            "y": 139
          }
        ]
      }
    }
  ]
}