{
  "image": {
    "width": 267,
    "height": 400,
    "filename": "00000212.jpg",
    "original_filename": "000691.jpg",
    "url": "https://darwin.v7labs.com/api/images/1212584/original?token=cd62f37c-afe4-4d19-9fa3-5be62f6a54a9",
    "thumbnail_url": "https://darwin.v7labs.com/api/images/1212584/thumbnail?token=cd62f37c-afe4-4d19-9fa3-5be62f6a54a9",
    "workview_url": "https://darwin.v7labs.com/workview?dataset=1177&image=212"
  },
  "dataset": "Fashion_3",
  "annotated": true,
  "annotations": [
    {
      "name": "Trousers Polygon ",
      "polygon": {
        "path": [
          {
            "x": 102.0,
            "y": 202
          },
          {
            "x": 101.0,
            "y": 203
          },
          {
            "x": 99,
            "y": 203
          },
          {
            "x": 98.0,
            "y": 204.0
          },
          {
            "x": 96.0,
            "y": 204.0
          },
          {
            "x": 94,
            "y": 206
          },
          {
            "x": 94,
            "y": 210.0
          },
          {
            "x": 93,
            "y": 211
          },
          {
            "x": 93,
            "y": 212
          },
          {
            "x": 92.0,
            "y": 213
          },
          {
            "x": 92.0,
            "y": 215.0
          },
          {
            "x": 91.0,
            "y": 216.0
          },
          {
            "x": 91.0,
            "y": 217
          },
          {
            "x": 90.0,
            "y": 218
          },
          {
            "x": 90.0,
            "y": 220
          },
          {
            "x": 89.0,
            "y": 221.0
          },
          {
            "x": 89.0,
            "y": 222.0
          },
          {
            "x": 88,
            "y": 223
          },
          {
            "x": 88,
            "y": 233.0
          },
          {
            "x": 87,
            "y": 234.0
          },
          {
            "x": 87,
            "y": 237
          },
          {
            "x": 88,
            "y": 238
          },
          {
            "x": 88,
            "y": 239
          },
          {
            "x": 89.0,
            "y": 240.0
          },
          {
            "x": 89.0,
            "y": 241.0
          },
          {
            "x": 90.0,
            "y": 242
          },
          {
            "x": 90.0,
            "y": 249
          },
          {
            "x": 89.0,
            "y": 250
          },
          {
            "x": 89.0,
            "y": 258
          },
          {
            "x": 88,
            "y": 259
          },
          {
            "x": 88,
            "y": 260
          },
          {
            "x": 89.0,
            "y": 261
          },
          {
            "x": 89.0,
            "y": 272
          },
          {
            "x": 90.0,
            "y": 273
          },
          {
            "x": 89.0,
            "y": 274
          },
          {
            "x": 89.0,
            "y": 287
          },
          {
            "x": 88,
            "y": 288
          },
          {
            "x": 88,
            "y": 301
          },
          {
            "x": 87,
            "y": 302
          },
          {
            "x": 87,
            "y": 303
          },
          {
            "x": 86.0,
            "y": 304
          },
          {
            "x": 86.0,
            "y": 306
          },
          {
            "x": 85.0,
            "y": 307
          },
          {
            "x": 85.0,
            "y": 308
          },
          {
            "x": 84.0,
            "y": 309
          },
          {
            "x": 84.0,
            "y": 322
          },
          {
            "x": 83.0,
            "y": 323
          },
          {
            "x": 83.0,
            "y": 329
          },
          {
            "x": 82,
            "y": 330
          },
          {
            "x": 82,
            "y": 334
          },
          {
            "x": 81,
            "y": 335
          },
          {
            "x": 81,
            "y": 337
          },
          {
            "x": 80.0,
            "y": 338
          },
          {
            "x": 80.0,
            "y": 345
          },
          {
            "x": 79.0,
            "y": 346
          },
          {
            "x": 79.0,
            "y": 352
          },
          {
            "x": 78.0,
            "y": 353
          },
          {
            "x": 78.0,
            "y": 360
          },
          {
            "x": 77.0,
            "y": 361
          },
          {
            "x": 77.0,
            "y": 362
          },
          {
            "x": 76.0,
            "y": 363
          },
          {
            "x": 76.0,
            "y": 365
          },
          {
            "x": 75,
            "y": 366
          },
          {
            "x": 75,
            "y": 367
          },
          {
            "x": 74,
            "y": 368
          },
          {
            "x": 74,
            "y": 370
          },
          {
            "x": 76.0,
            "y": 372
          },
          {
            "x": 76.0,
            "y": 373
          },
          {
            "x": 77.0,
            "y": 373
          },
          {
            "x": 78.0,
            "y": 372
          },
          {
            "x": 79.0,
            "y": 372
          },
          {
            "x": 80.0,
            "y": 371
          },
          {
            "x": 85.0,
            "y": 371
          },
          {
            "x": 86.0,
            "y": 370
          },
          {
            "x": 90.0,
            "y": 370
          },
          {
            "x": 91.0,
            "y": 371
          },
          {
            "x": 94,
            "y": 371
          },
          {
            "x": 95.0,
            "y": 372
          },
          {
            "x": 97.0,
            "y": 372
          },
          {
            "x": 98.0,
            "y": 373
          },
          {
            "x": 98.0,
            "y": 376
          },
          {
            "x": 101.0,
            "y": 373
          },
          {
            "x": 101.0,
            "y": 372
          },
          {
            "x": 102.0,
            "y": 371
          },
          {
            "x": 102.0,
            "y": 370
          },
          {
            "x": 103.0,
            "y": 369
          },
          {
            "x": 103.0,
            "y": 368
          },
          {
            "x": 105.0,
            "y": 366
          },
          {
            "x": 105.0,
            "y": 364
          },
          {
            "x": 106,
            "y": 363
          },
          {
            "x": 106,
            "y": 359
          },
          {
            "x": 107.0,
            "y": 358
          },
          {
            "x": 107.0,
            "y": 353
          },
          {
            "x": 108.0,
            "y": 352
          },
          {
            "x": 108.0,
            "y": 350
          },
          {
            "x": 109.0,
            "y": 349
          },
          {
            "x": 109.0,
            "y": 343
          },
          {
            "x": 110.0,
            "y": 342
          },
          {
            "x": 110.0,
            "y": 337
          },
          {
            "x": 111.0,
            "y": 336
          },
          {
            "x": 111.0,
            "y": 329
          },
          {
            "x": 112,
            "y": 328
          },
          {
            "x": 112,
            "y": 324
          },
          {
            "x": 113,
            "y": 323
          },
          {
            "x": 113,
            "y": 318
          },
          {
            "x": 114.0,
            "y": 317
          },
          {
            "x": 114.0,
            "y": 314
          },
          {
            "x": 115.0,
            "y": 313
          },
          {
            "x": 115.0,
            "y": 306
          },
          {
            "x": 116.0,
            "y": 305
          },
          {
            "x": 116.0,
            "y": 299
          },
          {
            "x": 117.0,
            "y": 298
          },
          {
            "x": 117.0,
            "y": 291
          },
          {
            "x": 118.0,
            "y": 290
          },
          {
            "x": 118.0,
            "y": 286
          },
          {
            "x": 119.0,
            "y": 285
          },
          {
            "x": 119.0,
            "y": 282
          },
          {
            "x": 120.0,
            "y": 281
          },
          {
            "x": 120.0,
            "y": 277
          },
          {
            "x": 121.0,
            "y": 276
          },
          {
            "x": 121.0,
            "y": 270
          },
          {
            "x": 122.0,
            "y": 269
          },
          {
            "x": 122.0,
            "y": 263
          },
          {
            "x": 123.0,
            "y": 262
          },
          {
            "x": 123.0,
            "y": 257
          },
          {
            "x": 125,
            "y": 255
          },
          {
            "x": 126.0,
            "y": 256
          },
          {
            "x": 126.0,
            "y": 263
          },
          {
            "x": 127.0,
            "y": 264
          },
          {
            "x": 127.0,
            "y": 268
          },
          {
            "x": 126.0,
            "y": 269
          },
          {
            "x": 126.0,
            "y": 270
          },
          {
            "x": 127.0,
            "y": 271
          },
          {
            "x": 127.0,
            "y": 301
          },
          {
            "x": 126.0,
            "y": 302
          },
          {
            "x": 126.0,
            "y": 326
          },
          {
            "x": 125,
            "y": 327
          },
          {
            "x": 125,
            "y": 330
          },
          {
            "x": 124,
            "y": 331
          },
          {
            "x": 124,
            "y": 341
          },
          {
            "x": 123.0,
            "y": 342
          },
          {
            "x": 123.0,
            "y": 347
          },
          {
            "x": 122.0,
            "y": 348
          },
          {
            "x": 122.0,
            "y": 357
          },
          {
            "x": 121.0,
            "y": 358
          },
          {
            "x": 121.0,
            "y": 365
          },
          {
            "x": 122.0,
            "y": 366
          },
          {
            "x": 122.0,
            "y": 369
          },
          {
            "x": 123.0,
            "y": 370
          },
          {
            "x": 131.0,
            "y": 370
          },
          {
            "x": 132.0,
            "y": 371
          },
          {
            "x": 134.0,
            "y": 371
          },
          {
            "x": 135.0,
            "y": 372
          },
          {
            "x": 137,
            "y": 372
          },
          {
            "x": 138,
            "y": 373
          },
          {
            "x": 141.0,
            "y": 373
          },
          {
            "x": 142.0,
            "y": 374
          },
          {
            "x": 143.0,
            "y": 374
          },
          {
            "x": 144.0,
            "y": 375
          },
          {
            "x": 146.0,
            "y": 375
          },
          {
            "x": 147.0,
            "y": 374
          },
          {
            "x": 147.0,
            "y": 373
          },
          {
            "x": 149,
            "y": 371
          },
          {
            "x": 149,
            "y": 369
          },
          {
            "x": 150,
            "y": 368
          },
          {
            "x": 150,
            "y": 367
          },
          {
            "x": 151,
            "y": 366
          },
          {
            "x": 151,
            "y": 362
          },
          {
            "x": 152.0,
            "y": 361
          },
          {
            "x": 152.0,
            "y": 358
          },
          {
            "x": 153.0,
            "y": 357
          },
          {
            "x": 153.0,
            "y": 353
          },
          {
            "x": 154.0,
            "y": 352
          },
          {
            "x": 154.0,
            "y": 349
          },
          {
            "x": 155.0,
            "y": 348
          },
          {
            "x": 155.0,
            "y": 341
          },
          {
            "x": 156.0,
            "y": 340
          },
          {
            "x": 156.0,
            "y": 333
          },
          {
            "x": 157.0,
            "y": 332
          },
          {
            "x": 157.0,
            "y": 327
          },
          {
            "x": 156.0,
            "y": 326
          },
          {
            "x": 156.0,
            "y": 302
          },
          {
            "x": 157.0,
            "y": 301
          },
          {
            "x": 157.0,
            "y": 292
          },
          {
            "x": 158.0,
            "y": 291
          },
          {
            "x": 158.0,
            "y": 283
          },
          {
            "x": 159.0,
            "y": 282
          },
          {
            "x": 159.0,
            "y": 263
          },
          {
            "x": 160.0,
            "y": 262
          },
          {
            "x": 160.0,
            "y": 252.0
          },
          {
            "x": 161,
            "y": 251
          },
          {
            "x": 161,
            "y": 242
          },
          {
            "x": 162,
            "y": 241.0
          },
          {
            "x": 162,
            "y": 230
          },
          {
            "x": 163,
            "y": 229.0
          },
          {
            "x": 163,
            "y": 218
          },
          {
            "x": 162,
            "y": 217
          },
          {
            "x": 162,
            "y": 216.0
          },
          {
            "x": 161,
            "y": 215.0
          },
          {
            "x": 161,
            "y": 214
          },
          {
            "x": 158.0,
            "y": 211
          },
          {
            "x": 158.0,
            "y": 210.0
          },
          {
            "x": 155.0,
            "y": 207
          },
          {
            "x": 155.0,
            "y": 206
          },
          {
            "x": 154.0,
            "y": 205
          },
          {
            "x": 154.0,
            "y": 204.0
          },
          {
            "x": 153.0,
            "y": 203
          },
          {
            "x": 148,
            "y": 203
          },
          {
            "x": 147.0,
            "y": 204.0
          },
          {
            "x": 142.0,
            "y": 204.0
          },
          {
            "x": 141.0,
            "y": 203
          },
          {
            "x": 134.0,
            "y": 203
          },
          {
            "x": 133.0,
            "y": 202
          }
        ]
      }
    },
    {
      "name": "Blouse Polygon ",
      "polygon": {
        "path": [
          {
            "x": 167.0,
            "y": 137
          },
          {
            "x": 160.0,
            "y": 130
          },
          {
            "x": 159.0,
            "y": 130
          },
          {
            "x": 158.0,
            "y": 129
          },
          {
            "x": 157.0,
            "y": 129
          },
          {
            "x": 156.0,
            "y": 128
          },
          {
            "x": 155.0,
            "y": 128
          },
          {
            "x": 154.0,
            "y": 127.0
          },
          {
            "x": 152.0,
            "y": 127.0
          },
          {
            "x": 151,
            "y": 126.0
          },
          {
            "x": 150,
            "y": 126.0
          },
          {
            "x": 148,
            "y": 124
          },
          {
            "x": 146.0,
            "y": 124
          },
          {
            "x": 145.0,
            "y": 123.0
          },
          {
            "x": 144.0,
            "y": 123.0
          },
          {
            "x": 141.0,
            "y": 120.0
          },
          {
            "x": 141.0,
            "y": 119
          },
          {
            "x": 140.0,
            "y": 118
          },
          {
            "x": 140.0,
            "y": 117.0
          },
          {
            "x": 139,
            "y": 117.0
          },
          {
            "x": 137,
            "y": 115
          },
          {
            "x": 136,
            "y": 115
          },
          {
            "x": 136,
            "y": 120.0
          },
          {
            "x": 137,
            "y": 121
          },
          {
            "x": 137,
            "y": 127.0
          },
          {
            "x": 136,
            "y": 128
          },
          {
            "x": 136,
            "y": 130
          },
          {
            "x": 135.0,
            "y": 131
          },
          {
            "x": 135.0,
            "y": 132
          },
          {
            "x": 132.0,
            "y": 135
          },
          {
            "x": 132.0,
            "y": 136
          },
          {
            "x": 131.0,
            "y": 137
          },
          {
            "x": 131.0,
            "y": 139
          },
          {
            "x": 130.0,
            "y": 140
          },
          {
            "x": 130.0,
            "y": 141
          },
          {
            "x": 128.0,
            "y": 143
          },
          {
            "x": 128.0,
            "y": 144
          },
          {
            "x": 127.0,
            "y": 145
          },
          {
            "x": 127.0,
            "y": 146
          },
          {
            "x": 126.0,
            "y": 147
          },
          {
            "x": 126.0,
            "y": 148
          },
          {
            "x": 125,
            "y": 149
          },
          {
            "x": 125,
            "y": 151
          },
          {
            "x": 124,
            "y": 152
          },
          {
            "x": 124,
            "y": 154
          },
          {
            "x": 123.0,
            "y": 155
          },
          {
            "x": 123.0,
            "y": 156
          },
          {
            "x": 122.0,
            "y": 157
          },
          {
            "x": 122.0,
            "y": 162
          },
          {
            "x": 121.0,
            "y": 163
          },
          {
            "x": 121.0,
            "y": 165
          },
          {
            "x": 120.0,
            "y": 166
          },
          {
            "x": 118.0,
            "y": 166
          },
          {
            "x": 117.0,
            "y": 167
          },
          {
            "x": 116.0,
            "y": 167
          },
          {
            "x": 115.0,
            "y": 166
          },
          {
            "x": 113,
            "y": 166
          },
          {
            "x": 112,
            "y": 167
          },
          {
            "x": 108.0,
            "y": 167
          },
          {
            "x": 107.0,
            "y": 166
          },
          {
            "x": 106,
            "y": 166
          },
          {
            "x": 103.0,
            "y": 163
          },
          {
            "x": 102.0,
            "y": 163
          },
          {
            "x": 97.0,
            "y": 158
          },
          {
            "x": 97.0,
            "y": 147
          },
          {
            "x": 98.0,
            "y": 146
          },
          {
            "x": 98.0,
            "y": 132
          },
          {
            "x": 97.0,
            "y": 131
          },
          {
            "x": 97.0,
            "y": 128
          },
          {
            "x": 98.0,
            "y": 127.0
          },
          {
            "x": 98.0,
            "y": 120.0
          },
          {
            "x": 93,
            "y": 120.0
          },
          {
            "x": 92.0,
            "y": 121
          },
          {
            "x": 91.0,
            "y": 121
          },
          {
            "x": 89.0,
            "y": 123.0
          },
          {
            "x": 88,
            "y": 123.0
          },
          {
            "x": 87,
            "y": 124
          },
          {
            "x": 86.0,
            "y": 124
          },
          {
            "x": 85.0,
            "y": 125
          },
          {
            "x": 84.0,
            "y": 125
          },
          {
            "x": 83.0,
            "y": 126.0
          },
          {
            "x": 83.0,
            "y": 127.0
          },
          {
            "x": 81,
            "y": 129
          },
          {
            "x": 81,
            "y": 131
          },
          {
            "x": 80.0,
            "y": 132
          },
          {
            "x": 80.0,
            "y": 154
          },
          {
            "x": 79.0,
            "y": 155
          },
          {
            "x": 79.0,
            "y": 158
          },
          {
            "x": 78.0,
            "y": 159
          },
          {
            "x": 78.0,
            "y": 160
          },
          {
            "x": 77.0,
            "y": 161
          },
          {
            "x": 77.0,
            "y": 162
          },
          {
            "x": 76.0,
            "y": 163
          },
          {
            "x": 76.0,
            "y": 164
          },
          {
            "x": 75,
            "y": 165
          },
          {
            "x": 75,
            "y": 166
          },
          {
            "x": 74,
            "y": 167
          },
          {
            "x": 74,
            "y": 169
          },
          {
            "x": 77.0,
            "y": 172
          },
          {
            "x": 79.0,
            "y": 172
          },
          {
            "x": 80.0,
            "y": 171
          },
          {
            "x": 83.0,
            "y": 171
          },
          {
            "x": 84.0,
            "y": 172
          },
          {
            "x": 86.0,
            "y": 172
          },
          {
            "x": 91.0,
            "y": 177
          },
          {
            "x": 92.0,
            "y": 177
          },
          {
            "x": 94,
            "y": 179
          },
          {
            "x": 94,
            "y": 181
          },
          {
            "x": 93,
            "y": 182
          },
          {
            "x": 93,
            "y": 188
          },
          {
            "x": 88,
            "y": 193
          },
          {
            "x": 87,
            "y": 193
          },
          {
            "x": 86.0,
            "y": 194
          },
          {
            "x": 86.0,
            "y": 198
          },
          {
            "x": 87,
            "y": 199
          },
          {
            "x": 87,
            "y": 200
          },
          {
            "x": 88,
            "y": 201
          },
          {
            "x": 88,
            "y": 202
          },
          {
            "x": 91.0,
            "y": 205
          },
          {
            "x": 95.0,
            "y": 205
          },
          {
            "x": 96.0,
            "y": 204.0
          },
          {
            "x": 97.0,
            "y": 204.0
          },
          {
            "x": 98.0,
            "y": 203
          },
          {
            "x": 103.0,
            "y": 203
          },
          {
            "x": 104.0,
            "y": 202
          },
          {
            "x": 114.0,
            "y": 202
          },
          {
            "x": 115.0,
            "y": 201
          },
          {
            "x": 116.0,
            "y": 202
          },
          {
            "x": 117.0,
            "y": 201
          },
          {
            "x": 123.0,
            "y": 201
          },
          {
            "x": 124,
            "y": 202
          },
          {
            "x": 126.0,
            "y": 202
          },
          {
            "x": 127.0,
            "y": 203
          },
          {
            "x": 134.0,
            "y": 203
          },
          {
            "x": 135.0,
            "y": 204.0
          },
          {
            "x": 142.0,
            "y": 204.0
          },
          {
            "x": 143.0,
            "y": 205
          },
          {
            "x": 144.0,
            "y": 204.0
          },
          {
            "x": 150,
            "y": 204.0
          },
          {
            "x": 151,
            "y": 203
          },
          {
            "x": 153.0,
            "y": 203
          },
          {
            "x": 154.0,
            "y": 202
          },
          {
            "x": 157.0,
            "y": 202
          },
          {
            "x": 158.0,
            "y": 201
          },
          {
            "x": 159.0,
            "y": 201
          },
          {
            "x": 161,
            "y": 199
          },
          {
            "x": 161,
            "y": 197
          },
          {
            "x": 160.0,
            "y": 196
          },
          {
            "x": 160.0,
            "y": 195
          },
          {
            "x": 159.0,
            "y": 194
          },
          {
            "x": 159.0,
            "y": 193
          },
          {
            "x": 158.0,
            "y": 192
          },
          {
            "x": 158.0,
            "y": 189
          },
          {
            "x": 161,
            "y": 186
          },
          {
            "x": 161,
            "y": 185
          },
          {
            "x": 162,
            "y": 184
          },
          {
            "x": 163,
            "y": 184
          },
          {
            "x": 164,
            "y": 183
          },
          {
            "x": 169.0,
            "y": 183
          },
          {
            "x": 170.0,
            "y": 182
          },
          {
            "x": 171.0,
            "y": 182
          },
          {
            "x": 173,
            "y": 180
          },
          {
            "x": 173,
            "y": 179
          },
          {
            "x": 172.0,
            "y": 178
          },
          {
            "x": 172.0,
            "y": 177
          },
          {
            "x": 171.0,
            "y": 176
          },
          {
            "x": 171.0,
            "y": 175
          },
          {
            "x": 169.0,
            "y": 173
          },
          {
            "x": 169.0,
            "y": 172
          },
          {
            "x": 168.0,
            "y": 171
          },
          {
            "x": 168.0,
            "y": 157
          },
          {
            "x": 169.0,
            "y": 156
          },
          {
            "x": 169.0,
            "y": 145
          },
          {
            "x": 168.0,
            "y": 144
          },
          {
            "x": 168.0,
            "y": 139
          },
          {
            "x": 167.0,
            "y": 138
          }
        ]
      }
    }
  ]
}