{
  "image": {
    "width": 266,
    "height": 400,
    "filename": "00000192.jpg",
    "original_filename": "000432.jpg",
    "url": "https://darwin.v7labs.com/api/images/1212334/original?token=16d6037d-33e8-4c8d-8cb7-761abbebab61",
    "thumbnail_url": "https://darwin.v7labs.com/api/images/1212334/thumbnail?token=16d6037d-33e8-4c8d-8cb7-761abbebab61",
    "workview_url": "https://darwin.v7labs.com/workview?dataset=1176&image=192"
  },
  "dataset": "Fashion_2",
  "annotated": true,
  "annotations": [
    {
      "name": "Jacket Polygon ",
      "polygon": {
        "path": [
          {
            "x": 129,
            "y": 69
          },
          {
            "x": 122,
            "y": 76
          },
          {
            "x": 121,
            "y": 76
          },
          {
            "x": 120,
            "y": 77
          },
          {
            "x": 119,
            "y": 77
          },
          {
            "x": 118.0,
            "y": 78
          },
          {
            "x": 117.0,
            "y": 78
          },
          {
            "x": 116.0,
            "y": 79
          },
          {
            "x": 115.0,
            "y": 79
          },
          {
            "x": 114,
            "y": 80.0
          },
          {
            "x": 113,
            "y": 80.0
          },
          {
            "x": 112.0,
            "y": 81
          },
          {
            "x": 110,
            "y": 81
          },
          {
            "x": 107,
            "y": 84
          },
          {
            "x": 106,
            "y": 84
          },
          {
            "x": 105,
            "y": 85
          },
          {
            "x": 104,
            "y": 85
          },
          {
            "x": 100,
            "y": 89
          },
          {
            "x": 100,
            "y": 90
          },
          {
            "x": 95,
            "y": 95
          },
          {
            "x": 95,
            "y": 96
          },
          {
            "x": 94,
            "y": 97
          },
          {
            "x": 94,
            "y": 100
          },
          {
            "x": 93.0,
            "y": 101
          },
          {
            "x": 93.0,
            "y": 109
          },
          {
            "x": 92,
            "y": 110
          },
          {
            "x": 92,
            "y": 111
          },
          {
            "x": 91,
            "y": 112.0
          },
          {
            "x": 91,
            "y": 113
          },
          {
            "x": 90,
            "y": 114
          },
          {
            "x": 90,
            "y": 115
          },
          {
            "x": 89,
            "y": 116
          },
          {
            "x": 89,
            "y": 118
          },
          {
            "x": 88,
            "y": 119
          },
          {
            "x": 88,
            "y": 120
          },
          {
            "x": 87,
            "y": 121
          },
          {
            "x": 87,
            "y": 122
          },
          {
            "x": 85,
            "y": 124
          },
          {
            "x": 85,
            "y": 130
          },
          {
            "x": 84,
            "y": 131
          },
          {
            "x": 84,
            "y": 137
          },
          {
            "x": 83,
            "y": 138
          },
          {
            "x": 83,
            "y": 140
          },
          {
            "x": 82,
            "y": 141
          },
          {
            "x": 82,
            "y": 142
          },
          {
            "x": 81,
            "y": 143
          },
          {
            "x": 81,
            "y": 147.0
          },
          {
            "x": 80.0,
            "y": 148
          },
          {
            "x": 80.0,
            "y": 154
          },
          {
            "x": 81,
            "y": 155
          },
          {
            "x": 81,
            "y": 157
          },
          {
            "x": 82,
            "y": 158
          },
          {
            "x": 82,
            "y": 160.0
          },
          {
            "x": 83,
            "y": 161
          },
          {
            "x": 83,
            "y": 162
          },
          {
            "x": 85,
            "y": 164
          },
          {
            "x": 85,
            "y": 165
          },
          {
            "x": 95,
            "y": 175
          },
          {
            "x": 95,
            "y": 176
          },
          {
            "x": 100,
            "y": 181
          },
          {
            "x": 99.0,
            "y": 182
          },
          {
            "x": 99.0,
            "y": 183
          },
          {
            "x": 100,
            "y": 184
          },
          {
            "x": 100,
            "y": 185
          },
          {
            "x": 102,
            "y": 187
          },
          {
            "x": 104,
            "y": 187
          },
          {
            "x": 105,
            "y": 186.0
          },
          {
            "x": 106,
            "y": 186.0
          },
          {
            "x": 106,
            "y": 185
          },
          {
            "x": 107,
            "y": 184
          },
          {
            "x": 107,
            "y": 183
          },
          {
            "x": 109,
            "y": 181
          },
          {
            "x": 109,
            "y": 180
          },
          {
            "x": 111,
            "y": 178
          },
          {
            "x": 112.0,
            "y": 178
          },
          {
            "x": 115.0,
            "y": 175
          },
          {
            "x": 115.0,
            "y": 174
          },
          {
            "x": 117.0,
            "y": 172
          },
          {
            "x": 120,
            "y": 172
          },
          {
            "x": 122,
            "y": 174
          },
          {
            "x": 122,
            "y": 175
          },
          {
            "x": 125.0,
            "y": 178
          },
          {
            "x": 125.0,
            "y": 181
          },
          {
            "x": 122,
            "y": 184
          },
          {
            "x": 121,
            "y": 184
          },
          {
            "x": 120,
            "y": 185
          },
          {
            "x": 119,
            "y": 185
          },
          {
            "x": 118.0,
            "y": 186.0
          },
          {
            "x": 117.0,
            "y": 186.0
          },
          {
            "x": 116.0,
            "y": 187
          },
          {
            "x": 115.0,
            "y": 187
          },
          {
            "x": 113,
            "y": 189
          },
          {
            "x": 111,
            "y": 189
          },
          {
            "x": 111,
            "y": 224.0
          },
          {
            "x": 112.0,
            "y": 225
          },
          {
            "x": 137,
            "y": 225
          },
          {
            "x": 138,
            "y": 224.0
          },
          {
            "x": 144.0,
            "y": 224.0
          },
          {
            "x": 145.0,
            "y": 225
          },
          {
            "x": 148,
            "y": 225
          },
          {
            "x": 149,
            "y": 224.0
          },
          {
            "x": 152,
            "y": 224.0
          },
          {
            "x": 153,
            "y": 223
          },
          {
            "x": 153,
            "y": 222
          },
          {
            "x": 154,
            "y": 221
          },
          {
            "x": 154,
            "y": 203
          },
          {
            "x": 153,
            "y": 202
          },
          {
            "x": 153,
            "y": 186.0
          },
          {
            "x": 152,
            "y": 185
          },
          {
            "x": 152,
            "y": 178
          },
          {
            "x": 150,
            "y": 176
          },
          {
            "x": 150,
            "y": 174
          },
          {
            "x": 151,
            "y": 173.0
          },
          {
            "x": 151,
            "y": 168
          },
          {
            "x": 152,
            "y": 167
          },
          {
            "x": 152,
            "y": 165
          },
          {
            "x": 153,
            "y": 164
          },
          {
            "x": 154,
            "y": 164
          },
          {
            "x": 156,
            "y": 166
          },
          {
            "x": 156,
            "y": 167
          },
          {
            "x": 157,
            "y": 168
          },
          {
            "x": 157,
            "y": 170
          },
          {
            "x": 158,
            "y": 171
          },
          {
            "x": 158,
            "y": 173.0
          },
          {
            "x": 159,
            "y": 174
          },
          {
            "x": 159,
            "y": 175
          },
          {
            "x": 160.0,
            "y": 176
          },
          {
            "x": 160.0,
            "y": 181
          },
          {
            "x": 161.0,
            "y": 182
          },
          {
            "x": 161.0,
            "y": 197
          },
          {
            "x": 160.0,
            "y": 198.0
          },
          {
            "x": 160.0,
            "y": 201
          },
          {
            "x": 161.0,
            "y": 202
          },
          {
            "x": 161.0,
            "y": 211.0
          },
          {
            "x": 162.0,
            "y": 212
          },
          {
            "x": 162.0,
            "y": 218
          },
          {
            "x": 163.0,
            "y": 219
          },
          {
            "x": 163.0,
            "y": 220
          },
          {
            "x": 164.0,
            "y": 221
          },
          {
            "x": 164.0,
            "y": 222
          },
          {
            "x": 165.0,
            "y": 223
          },
          {
            "x": 167.0,
            "y": 223
          },
          {
            "x": 168.0,
            "y": 224.0
          },
          {
            "x": 179,
            "y": 224.0
          },
          {
            "x": 180,
            "y": 223
          },
          {
            "x": 182,
            "y": 223
          },
          {
            "x": 182,
            "y": 222
          },
          {
            "x": 183,
            "y": 221
          },
          {
            "x": 183,
            "y": 216
          },
          {
            "x": 184,
            "y": 215
          },
          {
            "x": 184,
            "y": 212
          },
          {
            "x": 185,
            "y": 211.0
          },
          {
            "x": 185,
            "y": 205
          },
          {
            "x": 184,
            "y": 204
          },
          {
            "x": 184,
            "y": 192
          },
          {
            "x": 185,
            "y": 191
          },
          {
            "x": 184,
            "y": 190
          },
          {
            "x": 184,
            "y": 188
          },
          {
            "x": 185,
            "y": 187
          },
          {
            "x": 185,
            "y": 186.0
          },
          {
            "x": 186.0,
            "y": 185
          },
          {
            "x": 185,
            "y": 185
          },
          {
            "x": 184,
            "y": 184
          },
          {
            "x": 182,
            "y": 184
          },
          {
            "x": 181,
            "y": 183
          },
          {
            "x": 180,
            "y": 183
          },
          {
            "x": 176,
            "y": 179
          },
          {
            "x": 176,
            "y": 176
          },
          {
            "x": 177,
            "y": 175
          },
          {
            "x": 177,
            "y": 171
          },
          {
            "x": 179,
            "y": 169
          },
          {
            "x": 182,
            "y": 169
          },
          {
            "x": 183,
            "y": 170
          },
          {
            "x": 184,
            "y": 170
          },
          {
            "x": 188.0,
            "y": 174
          },
          {
            "x": 188.0,
            "y": 175
          },
          {
            "x": 189.0,
            "y": 176
          },
          {
            "x": 189.0,
            "y": 180
          },
          {
            "x": 192.0,
            "y": 180
          },
          {
            "x": 194.0,
            "y": 178
          },
          {
            "x": 194.0,
            "y": 175
          },
          {
            "x": 195.0,
            "y": 174
          },
          {
            "x": 195.0,
            "y": 170
          },
          {
            "x": 196.0,
            "y": 169
          },
          {
            "x": 196.0,
            "y": 168
          },
          {
            "x": 197.0,
            "y": 167
          },
          {
            "x": 197.0,
            "y": 159
          },
          {
            "x": 198.0,
            "y": 158
          },
          {
            "x": 198.0,
            "y": 146
          },
          {
            "x": 197.0,
            "y": 145
          },
          {
            "x": 197.0,
            "y": 143
          },
          {
            "x": 196.0,
            "y": 142
          },
          {
            "x": 196.0,
            "y": 137
          },
          {
            "x": 195.0,
            "y": 136
          },
          {
            "x": 195.0,
            "y": 132
          },
          {
            "x": 194.0,
            "y": 131
          },
          {
            "x": 194.0,
            "y": 126
          },
          {
            "x": 193.0,
            "y": 125.0
          },
          {
            "x": 193.0,
            "y": 121
          },
          {
            "x": 192.0,
            "y": 120
          },
          {
            "x": 192.0,
            "y": 117
          },
          {
            "x": 191.0,
            "y": 116
          },
          {
            "x": 191.0,
            "y": 115
          },
          {
            "x": 190.0,
            "y": 114
          },
          {
            "x": 190.0,
            "y": 108
          },
          {
            "x": 189.0,
            "y": 107
          },
          {
            "x": 189.0,
            "y": 105
          },
          {
            "x": 188.0,
            "y": 104
          },
          {
            "x": 188.0,
            "y": 101
          },
          {
            "x": 187.0,
            "y": 100
          },
          {
            "x": 187.0,
            "y": 97
          },
          {
            "x": 186.0,
            "y": 96
          },
          {
            "x": 186.0,
            "y": 93.0
          },
          {
            "x": 185,
            "y": 92
          },
          {
            "x": 185,
            "y": 91
          },
          {
            "x": 184,
            "y": 90
          },
          {
            "x": 184,
            "y": 89
          },
          {
            "x": 183,
            "y": 88
          },
          {
            "x": 183,
            "y": 87
          },
          {
            "x": 182,
            "y": 86
          },
          {
            "x": 181,
            "y": 86
          },
          {
            "x": 180,
            "y": 85
          },
          {
            "x": 179,
            "y": 85
          },
          {
            "x": 178,
            "y": 84
          },
          {
            "x": 177,
            "y": 84
          },
          {
            "x": 176,
            "y": 83
          },
          {
            "x": 175,
            "y": 83
          },
          {
            "x": 174,
            "y": 82
          },
          {
            "x": 173.0,
            "y": 82
          },
          {
            "x": 172.0,
            "y": 81
          },
          {
            "x": 169.0,
            "y": 81
          },
          {
            "x": 168.0,
            "y": 80.0
          },
          {
            "x": 166.0,
            "y": 80.0
          },
          {
            "x": 165.0,
            "y": 79
          },
          {
            "x": 164.0,
            "y": 79
          },
          {
            "x": 163.0,
            "y": 78
          },
          {
            "x": 162.0,
            "y": 78
          },
          {
            "x": 161.0,
            "y": 77
          },
          {
            "x": 160.0,
            "y": 77
          },
          {
            "x": 159,
            "y": 76
          },
          {
            "x": 157,
            "y": 76
          },
          {
            "x": 157,
            "y": 77
          },
          {
            "x": 156,
            "y": 78
          },
          {
            "x": 156,
            "y": 82
          },
          {
            "x": 157,
            "y": 83
          },
          {
            "x": 157,
            "y": 92
          },
          {
            "x": 156,
            "y": 93.0
          },
          {
            "x": 156,
            "y": 113
          },
          {
            "x": 155,
            "y": 114
          },
          {
            "x": 155,
            "y": 132
          },
          {
            "x": 154,
            "y": 133
          },
          {
            "x": 154,
            "y": 136
          },
          {
            "x": 153,
            "y": 137
          },
          {
            "x": 153,
            "y": 144
          },
          {
            "x": 151,
            "y": 146
          },
          {
            "x": 150,
            "y": 145
          },
          {
            "x": 150,
            "y": 144
          },
          {
            "x": 149,
            "y": 143
          },
          {
            "x": 149,
            "y": 138
          },
          {
            "x": 148,
            "y": 137
          },
          {
            "x": 148,
            "y": 135
          },
          {
            "x": 147.0,
            "y": 134
          },
          {
            "x": 147.0,
            "y": 129
          },
          {
            "x": 146.0,
            "y": 128
          },
          {
            "x": 146.0,
            "y": 122
          },
          {
            "x": 145.0,
            "y": 121
          },
          {
            "x": 145.0,
            "y": 119
          },
          {
            "x": 144.0,
            "y": 118
          },
          {
            "x": 144.0,
            "y": 114
          },
          {
            "x": 143.0,
            "y": 113
          },
          {
            "x": 143.0,
            "y": 111
          },
          {
            "x": 142.0,
            "y": 110
          },
          {
            "x": 142.0,
            "y": 107
          },
          {
            "x": 141.0,
            "y": 106
          },
          {
            "x": 141.0,
            "y": 104
          },
          {
            "x": 140.0,
            "y": 103
          },
          {
            "x": 140.0,
            "y": 101
          },
          {
            "x": 139,
            "y": 100
          },
          {
            "x": 139,
            "y": 98
          },
          {
            "x": 138,
            "y": 97
          },
          {
            "x": 138,
            "y": 96
          },
          {
            "x": 137,
            "y": 95
          },
          {
            "x": 137,
            "y": 93.0
          },
          {
            "x": 136,
            "y": 92
          },
          {
            "x": 136,
            "y": 90
          },
          {
            "x": 135,
            "y": 89
          },
          {
            "x": 135,
            "y": 87
          },
          {
            "x": 134,
            "y": 86
          },
          {
            "x": 134,
            "y": 85
          },
          {
            "x": 133,
            "y": 84
          },
          {
            "x": 133,
            "y": 82
          },
          {
            "x": 132,
            "y": 81
          },
          {
            "x": 132,
            "y": 80.0
          },
          {
            "x": 130,
            "y": 78
          },
          {
            "x": 130,
            "y": 69
          }
        ]
      }
    },
    {
      "name": "Trousers Polygon ",
      "polygon": {
        "path": [
          {
            "x": 178.0,
            "y": 225.0
          },
          {
            "x": 175.0,
            "y": 225.0
          },
          {
            "x": 174,
            "y": 224
          },
          {
            "x": 163.0,
            "y": 224
          },
          {
            "x": 161,
            "y": 222
          },
          {
            "x": 158.0,
            "y": 222
          },
          {
            "x": 157,
            "y": 223
          },
          {
            "x": 155.0,
            "y": 223
          },
          {
            "x": 153.0,
            "y": 225.0
          },
          {
            "x": 112,
            "y": 225.0
          },
          {
            "x": 112,
            "y": 232.0
          },
          {
            "x": 113.0,
            "y": 233
          },
          {
            "x": 113.0,
            "y": 237.0
          },
          {
            "x": 112,
            "y": 238
          },
          {
            "x": 112,
            "y": 254
          },
          {
            "x": 111.0,
            "y": 255.0
          },
          {
            "x": 111.0,
            "y": 261
          },
          {
            "x": 112,
            "y": 262
          },
          {
            "x": 112,
            "y": 293
          },
          {
            "x": 111.0,
            "y": 294
          },
          {
            "x": 111.0,
            "y": 338
          },
          {
            "x": 112,
            "y": 339
          },
          {
            "x": 112,
            "y": 353
          },
          {
            "x": 111.0,
            "y": 354
          },
          {
            "x": 111.0,
            "y": 359
          },
          {
            "x": 112,
            "y": 360
          },
          {
            "x": 112,
            "y": 361
          },
          {
            "x": 113.0,
            "y": 362
          },
          {
            "x": 133.0,
            "y": 362
          },
          {
            "x": 134,
            "y": 361
          },
          {
            "x": 135.0,
            "y": 361
          },
          {
            "x": 136,
            "y": 360
          },
          {
            "x": 136,
            "y": 357
          },
          {
            "x": 137,
            "y": 356
          },
          {
            "x": 137,
            "y": 353
          },
          {
            "x": 136,
            "y": 352
          },
          {
            "x": 136,
            "y": 344
          },
          {
            "x": 137,
            "y": 343
          },
          {
            "x": 137,
            "y": 342
          },
          {
            "x": 138.0,
            "y": 341
          },
          {
            "x": 144.05,
            "y": 340.61
          },
          {
            "x": 148.0,
            "y": 342
          },
          {
            "x": 149.61,
            "y": 343.38
          },
          {
            "x": 151,
            "y": 343.95
          },
          {
            "x": 155.8,
            "y": 343.56
          },
          {
            "x": 158.38,
            "y": 343.57
          },
          {
            "x": 160.0,
            "y": 342
          },
          {
            "x": 161,
            "y": 341
          },
          {
            "x": 161,
            "y": 329
          },
          {
            "x": 162,
            "y": 328
          },
          {
            "x": 162,
            "y": 320
          },
          {
            "x": 163.0,
            "y": 319
          },
          {
            "x": 163.0,
            "y": 317
          },
          {
            "x": 164,
            "y": 316
          },
          {
            "x": 164,
            "y": 311
          },
          {
            "x": 165.0,
            "y": 310
          },
          {
            "x": 165.0,
            "y": 306
          },
          {
            "x": 166,
            "y": 305
          },
          {
            "x": 166,
            "y": 304
          },
          {
            "x": 167,
            "y": 303
          },
          {
            "x": 167,
            "y": 300
          },
          {
            "x": 168.0,
            "y": 299
          },
          {
            "x": 168.0,
            "y": 296
          },
          {
            "x": 169,
            "y": 295
          },
          {
            "x": 169,
            "y": 293
          },
          {
            "x": 170.0,
            "y": 292
          },
          {
            "x": 170.0,
            "y": 290
          },
          {
            "x": 169,
            "y": 289
          },
          {
            "x": 169,
            "y": 288
          },
          {
            "x": 168.0,
            "y": 287
          },
          {
            "x": 168.0,
            "y": 284
          },
          {
            "x": 169,
            "y": 283
          },
          {
            "x": 169,
            "y": 279
          },
          {
            "x": 170.0,
            "y": 278
          },
          {
            "x": 170.0,
            "y": 272
          },
          {
            "x": 171,
            "y": 271
          },
          {
            "x": 171,
            "y": 266
          },
          {
            "x": 172,
            "y": 265
          },
          {
            "x": 172,
            "y": 263
          },
          {
            "x": 173.0,
            "y": 262
          },
          {
            "x": 173.0,
            "y": 258
          },
          {
            "x": 174,
            "y": 257
          },
          {
            "x": 174,
            "y": 252.0
          },
          {
            "x": 175.0,
            "y": 251
          },
          {
            "x": 175.0,
            "y": 248
          },
          {
            "x": 176,
            "y": 247.0
          },
          {
            "x": 176,
            "y": 241
          },
          {
            "x": 177,
            "y": 240.0
          },
          {
            "x": 177,
            "y": 232.0
          },
          {
            "x": 178.0,
            "y": 231
          }
        ]
      }
    },
    {
      "bounding_box": {
        "h": 30.46,
        "w": 46.78,
        "x": 138.07,
        "y": 346.02
      },
      "name": "Shoes "
    },
    {
      "bounding_box": {
        "h": 36.17,
        "w": 24.48,
        "x": 109.79,
        "y": 363.7
      },
      "name": "Shoes "
    }
  ]
}