{
  "image": {
    "width": 267,
    "height": 400,
    "filename": "00000001.jpg",
    "original_filename": "000241.jpg",
    "url": "https://darwin.v7labs.com/api/images/1212143/original?token=16d6037d-33e8-4c8d-8cb7-761abbebab61",
    "thumbnail_url": "https://darwin.v7labs.com/api/images/1212143/thumbnail?token=16d6037d-33e8-4c8d-8cb7-761abbebab61",
    "workview_url": "https://darwin.v7labs.com/workview?dataset=1176&image=1"
  },
  "dataset": "Fashion_2",
  "annotated": true,
  "annotations": [
    {
      "bounding_box": {
        "h": 155.02,
        "w": 66.63,
        "x": 88.78,
        "y": 172.7
      },
      "name": "Sarafan "
    }
  ]
}