{
  "image": {
    "width": 266,
    "height": 400,
    "filename": "00000816.jpg",
    "original_filename": "000216.jpg",
    "url": "https://darwin.v7labs.com/api/images/1212127/original?token=5cea58b9-0f48-4f62-9905-01f97ea9945c",
    "thumbnail_url": "https://darwin.v7labs.com/api/images/1212127/thumbnail?token=5cea58b9-0f48-4f62-9905-01f97ea9945c",
    "workview_url": "https://darwin.v7labs.com/workview?dataset=1161&image=816"
  },
  "dataset": "Fashion retail",
  "annotated": true,
  "annotations": [
    {
      "name": "Coat Polygon ",
      "polygon": {
        "path": [
          {
            "x": 72.0,
            "y": 94
          },
          {
            "x": 71.0,
            "y": 94
          },
          {
            "x": 70.0,
            "y": 95
          },
          {
            "x": 70.0,
            "y": 100
          },
          {
            "x": 68.0,
            "y": 102
          },
          {
            "x": 68.0,
            "y": 114
          },
          {
            "x": 69,
            "y": 115.0
          },
          {
            "x": 69,
            "y": 116
          },
          {
            "x": 70.0,
            "y": 117
          },
          {
            "x": 70.0,
            "y": 119
          },
          {
            "x": 72.0,
            "y": 121.0
          },
          {
            "x": 72.0,
            "y": 122
          },
          {
            "x": 76,
            "y": 126.0
          },
          {
            "x": 75.0,
            "y": 127.0
          },
          {
            "x": 73.0,
            "y": 127.0
          },
          {
            "x": 71.0,
            "y": 129
          },
          {
            "x": 70.0,
            "y": 129
          },
          {
            "x": 70.0,
            "y": 137
          },
          {
            "x": 71.0,
            "y": 138
          },
          {
            "x": 71.0,
            "y": 146
          },
          {
            "x": 70.0,
            "y": 147
          },
          {
            "x": 70.0,
            "y": 155
          },
          {
            "x": 69,
            "y": 156
          },
          {
            "x": 67.0,
            "y": 154
          },
          {
            "x": 67.0,
            "y": 152
          },
          {
            "x": 66,
            "y": 151
          },
          {
            "x": 66,
            "y": 149
          },
          {
            "x": 65.0,
            "y": 148
          },
          {
            "x": 65.0,
            "y": 146
          },
          {
            "x": 63.0,
            "y": 144
          },
          {
            "x": 63.0,
            "y": 141
          },
          {
            "x": 62.0,
            "y": 140
          },
          {
            "x": 62.0,
            "y": 138
          },
          {
            "x": 61.0,
            "y": 137
          },
          {
            "x": 61.0,
            "y": 136
          },
          {
            "x": 60,
            "y": 135
          },
          {
            "x": 60,
            "y": 134
          },
          {
            "x": 58.0,
            "y": 132
          },
          {
            "x": 58.0,
            "y": 131
          },
          {
            "x": 55.0,
            "y": 131
          },
          {
            "x": 53.0,
            "y": 129
          },
          {
            "x": 53.0,
            "y": 128
          },
          {
            "x": 52.0,
            "y": 127.0
          },
          {
            "x": 52.0,
            "y": 125
          },
          {
            "x": 50.0,
            "y": 123
          },
          {
            "x": 50.0,
            "y": 122
          },
          {
            "x": 47.0,
            "y": 119
          },
          {
            "x": 47.0,
            "y": 118.0
          },
          {
            "x": 46.0,
            "y": 117
          },
          {
            "x": 46.0,
            "y": 116
          },
          {
            "x": 45.0,
            "y": 116
          },
          {
            "x": 43,
            "y": 114
          },
          {
            "x": 42.0,
            "y": 114
          },
          {
            "x": 41.0,
            "y": 113
          },
          {
            "x": 39.0,
            "y": 113
          },
          {
            "x": 38.0,
            "y": 112.0
          },
          {
            "x": 38.0,
            "y": 110.0
          },
          {
            "x": 37,
            "y": 110.0
          },
          {
            "x": 36.0,
            "y": 109.0
          },
          {
            "x": 35.0,
            "y": 110.0
          },
          {
            "x": 33.0,
            "y": 110.0
          },
          {
            "x": 32.0,
            "y": 109.0
          },
          {
            "x": 32.0,
            "y": 108
          },
          {
            "x": 33.0,
            "y": 107
          },
          {
            "x": 33.0,
            "y": 106
          },
          {
            "x": 32.0,
            "y": 107
          },
          {
            "x": 29.0,
            "y": 107
          },
          {
            "x": 28.0,
            "y": 106
          },
          {
            "x": 28.0,
            "y": 105
          },
          {
            "x": 27.0,
            "y": 104
          },
          {
            "x": 26.0,
            "y": 104
          },
          {
            "x": 25.0,
            "y": 105
          },
          {
            "x": 23.0,
            "y": 105
          },
          {
            "x": 21.0,
            "y": 107
          },
          {
            "x": 20,
            "y": 107
          },
          {
            "x": 19.0,
            "y": 108
          },
          {
            "x": 18.0,
            "y": 108
          },
          {
            "x": 15.0,
            "y": 111
          },
          {
            "x": 14.0,
            "y": 111
          },
          {
            "x": 13.0,
            "y": 112.0
          },
          {
            "x": 12.0,
            "y": 112.0
          },
          {
            "x": 11.0,
            "y": 113
          },
          {
            "x": 11.0,
            "y": 114
          },
          {
            "x": 10.0,
            "y": 115.0
          },
          {
            "x": 10.0,
            "y": 127.0
          },
          {
            "x": 11.0,
            "y": 128
          },
          {
            "x": 11.0,
            "y": 135
          },
          {
            "x": 10.0,
            "y": 136
          },
          {
            "x": 10.0,
            "y": 141
          },
          {
            "x": 9.0,
            "y": 142
          },
          {
            "x": 9.0,
            "y": 167
          },
          {
            "x": 10.0,
            "y": 168
          },
          {
            "x": 10.0,
            "y": 177
          },
          {
            "x": 11.0,
            "y": 178
          },
          {
            "x": 11.0,
            "y": 200
          },
          {
            "x": 12.0,
            "y": 201
          },
          {
            "x": 12.0,
            "y": 209
          },
          {
            "x": 13.0,
            "y": 210
          },
          {
            "x": 13.0,
            "y": 224.0
          },
          {
            "x": 14.0,
            "y": 225
          },
          {
            "x": 14.0,
            "y": 226
          },
          {
            "x": 15.0,
            "y": 227.0
          },
          {
            "x": 16.0,
            "y": 227.0
          },
          {
            "x": 18.0,
            "y": 225
          },
          {
            "x": 19.0,
            "y": 225
          },
          {
            "x": 20,
            "y": 224.0
          },
          {
            "x": 21.0,
            "y": 224.0
          },
          {
            "x": 21.0,
            "y": 223.0
          },
          {
            "x": 22.0,
            "y": 222
          },
          {
            "x": 23.0,
            "y": 222
          },
          {
            "x": 24.0,
            "y": 221.0
          },
          {
            "x": 25.0,
            "y": 221.0
          },
          {
            "x": 26.0,
            "y": 220.0
          },
          {
            "x": 31.0,
            "y": 220.0
          },
          {
            "x": 33.0,
            "y": 222
          },
          {
            "x": 33.0,
            "y": 224.0
          },
          {
            "x": 34,
            "y": 225
          },
          {
            "x": 34,
            "y": 227.0
          },
          {
            "x": 35.0,
            "y": 228
          },
          {
            "x": 35.0,
            "y": 230.0
          },
          {
            "x": 36.0,
            "y": 231
          },
          {
            "x": 36.0,
            "y": 233.0
          },
          {
            "x": 37,
            "y": 234
          },
          {
            "x": 37,
            "y": 244
          },
          {
            "x": 36.0,
            "y": 245.0
          },
          {
            "x": 36.0,
            "y": 247
          },
          {
            "x": 37,
            "y": 248.0
          },
          {
            "x": 37,
            "y": 251.0
          },
          {
            "x": 39.0,
            "y": 253
          },
          {
            "x": 47.0,
            "y": 253
          },
          {
            "x": 48,
            "y": 252.0
          },
          {
            "x": 56.0,
            "y": 252.0
          },
          {
            "x": 57,
            "y": 251.0
          },
          {
            "x": 68.0,
            "y": 251.0
          },
          {
            "x": 69,
            "y": 250
          },
          {
            "x": 74.0,
            "y": 250
          },
          {
            "x": 75.0,
            "y": 249
          },
          {
            "x": 93.0,
            "y": 249
          },
          {
            "x": 94,
            "y": 250
          },
          {
            "x": 95.0,
            "y": 249
          },
          {
            "x": 96.0,
            "y": 249
          },
          {
            "x": 97,
            "y": 248.0
          },
          {
            "x": 97,
            "y": 242.0
          },
          {
            "x": 96.0,
            "y": 241
          },
          {
            "x": 96.0,
            "y": 233.0
          },
          {
            "x": 95.0,
            "y": 232
          },
          {
            "x": 95.0,
            "y": 219
          },
          {
            "x": 94,
            "y": 218.0
          },
          {
            "x": 94,
            "y": 215
          },
          {
            "x": 93.0,
            "y": 214
          },
          {
            "x": 93.0,
            "y": 204
          },
          {
            "x": 92.0,
            "y": 203
          },
          {
            "x": 92.0,
            "y": 199
          },
          {
            "x": 91,
            "y": 198
          },
          {
            "x": 91,
            "y": 191
          },
          {
            "x": 90.0,
            "y": 190
          },
          {
            "x": 90.0,
            "y": 186
          },
          {
            "x": 89.0,
            "y": 185
          },
          {
            "x": 89.0,
            "y": 183
          },
          {
            "x": 90.0,
            "y": 182
          },
          {
            "x": 90.0,
            "y": 181
          },
          {
            "x": 91,
            "y": 180
          },
          {
            "x": 91,
            "y": 178
          },
          {
            "x": 90.0,
            "y": 177
          },
          {
            "x": 90.0,
            "y": 168
          },
          {
            "x": 91,
            "y": 167
          },
          {
            "x": 91,
            "y": 141
          },
          {
            "x": 90.0,
            "y": 140
          },
          {
            "x": 90.0,
            "y": 134
          },
          {
            "x": 89.0,
            "y": 133
          },
          {
            "x": 89.0,
            "y": 128
          },
          {
            "x": 88,
            "y": 127.0
          },
          {
            "x": 88,
            "y": 124.0
          },
          {
            "x": 87.0,
            "y": 123
          },
          {
            "x": 87.0,
            "y": 117
          },
          {
            "x": 86.0,
            "y": 116
          },
          {
            "x": 86.0,
            "y": 114
          },
          {
            "x": 85,
            "y": 113
          },
          {
            "x": 85,
            "y": 109.0
          },
          {
            "x": 84.0,
            "y": 108
          },
          {
            "x": 84.0,
            "y": 105
          },
          {
            "x": 83.0,
            "y": 104
          },
          {
            "x": 82,
            "y": 104
          },
          {
            "x": 81.0,
            "y": 103
          },
          {
            "x": 77.0,
            "y": 103
          },
          {
            "x": 76,
            "y": 102
          },
          {
            "x": 76,
            "y": 97
          },
          {
            "x": 74.0,
            "y": 95
          },
          {
            "x": 73.0,
            "y": 95
          }
        ]
      }
    },
    {
      "name": "Coat Polygon ",
      "polygon": {
        "path": [
          {
            "x": 128,
            "y": 114
          },
          {
            "x": 127.0,
            "y": 115.0
          },
          {
            "x": 125,
            "y": 115.0
          },
          {
            "x": 125,
            "y": 116
          },
          {
            "x": 124.0,
            "y": 117
          },
          {
            "x": 123.0,
            "y": 117
          },
          {
            "x": 120.0,
            "y": 120
          },
          {
            "x": 120.0,
            "y": 121.0
          },
          {
            "x": 118.0,
            "y": 123
          },
          {
            "x": 117.0,
            "y": 123
          },
          {
            "x": 113,
            "y": 127.0
          },
          {
            "x": 112.0,
            "y": 127.0
          },
          {
            "x": 111.0,
            "y": 128
          },
          {
            "x": 111.0,
            "y": 129
          },
          {
            "x": 110.0,
            "y": 130
          },
          {
            "x": 110.0,
            "y": 132
          },
          {
            "x": 109.0,
            "y": 133
          },
          {
            "x": 109.0,
            "y": 134
          },
          {
            "x": 108.0,
            "y": 135
          },
          {
            "x": 108.0,
            "y": 137
          },
          {
            "x": 106,
            "y": 139
          },
          {
            "x": 106,
            "y": 142
          },
          {
            "x": 105.0,
            "y": 143
          },
          {
            "x": 105.0,
            "y": 161
          },
          {
            "x": 104.0,
            "y": 162
          },
          {
            "x": 104.0,
            "y": 171
          },
          {
            "x": 103,
            "y": 172
          },
          {
            "x": 103,
            "y": 176
          },
          {
            "x": 102.0,
            "y": 177
          },
          {
            "x": 102.0,
            "y": 181
          },
          {
            "x": 101.0,
            "y": 182
          },
          {
            "x": 101.0,
            "y": 187
          },
          {
            "x": 100,
            "y": 188
          },
          {
            "x": 100,
            "y": 198
          },
          {
            "x": 99.0,
            "y": 199
          },
          {
            "x": 99.0,
            "y": 208
          },
          {
            "x": 98.0,
            "y": 209
          },
          {
            "x": 98.0,
            "y": 219
          },
          {
            "x": 97,
            "y": 220.0
          },
          {
            "x": 97,
            "y": 222
          },
          {
            "x": 96.0,
            "y": 223.0
          },
          {
            "x": 96.0,
            "y": 235
          },
          {
            "x": 98.0,
            "y": 237
          },
          {
            "x": 100,
            "y": 237
          },
          {
            "x": 101.0,
            "y": 238
          },
          {
            "x": 102.0,
            "y": 238
          },
          {
            "x": 103,
            "y": 239.0
          },
          {
            "x": 103,
            "y": 248.0
          },
          {
            "x": 102.0,
            "y": 249
          },
          {
            "x": 102.0,
            "y": 253
          },
          {
            "x": 101.0,
            "y": 254.0
          },
          {
            "x": 101.0,
            "y": 257
          },
          {
            "x": 100,
            "y": 258
          },
          {
            "x": 100,
            "y": 264
          },
          {
            "x": 99.0,
            "y": 265
          },
          {
            "x": 99.0,
            "y": 269
          },
          {
            "x": 98.0,
            "y": 270
          },
          {
            "x": 98.0,
            "y": 273
          },
          {
            "x": 97,
            "y": 274
          },
          {
            "x": 97,
            "y": 277.0
          },
          {
            "x": 96.0,
            "y": 278
          },
          {
            "x": 96.0,
            "y": 283.0
          },
          {
            "x": 95.0,
            "y": 284
          },
          {
            "x": 95.0,
            "y": 287
          },
          {
            "x": 94,
            "y": 288.0
          },
          {
            "x": 94,
            "y": 291.0
          },
          {
            "x": 93.0,
            "y": 292.0
          },
          {
            "x": 93.0,
            "y": 296
          },
          {
            "x": 92.0,
            "y": 297.0
          },
          {
            "x": 92.0,
            "y": 302
          },
          {
            "x": 91,
            "y": 303.0
          },
          {
            "x": 91,
            "y": 306.0
          },
          {
            "x": 90.0,
            "y": 307
          },
          {
            "x": 90.0,
            "y": 309.0
          },
          {
            "x": 89.0,
            "y": 310
          },
          {
            "x": 89.0,
            "y": 312.0
          },
          {
            "x": 88,
            "y": 313
          },
          {
            "x": 88,
            "y": 315.0
          },
          {
            "x": 90.0,
            "y": 317
          },
          {
            "x": 92.0,
            "y": 317
          },
          {
            "x": 93.0,
            "y": 318.0
          },
          {
            "x": 98.0,
            "y": 318.0
          },
          {
            "x": 99.0,
            "y": 319
          },
          {
            "x": 115.0,
            "y": 319
          },
          {
            "x": 116,
            "y": 320
          },
          {
            "x": 119,
            "y": 320
          },
          {
            "x": 120.0,
            "y": 321.0
          },
          {
            "x": 121.0,
            "y": 321.0
          },
          {
            "x": 122,
            "y": 322
          },
          {
            "x": 123.0,
            "y": 322
          },
          {
            "x": 124.0,
            "y": 323
          },
          {
            "x": 129.0,
            "y": 323
          },
          {
            "x": 130.0,
            "y": 322
          },
          {
            "x": 130.0,
            "y": 317
          },
          {
            "x": 129.0,
            "y": 316
          },
          {
            "x": 129.0,
            "y": 310
          },
          {
            "x": 130.0,
            "y": 309.0
          },
          {
            "x": 130.0,
            "y": 302
          },
          {
            "x": 131,
            "y": 301
          },
          {
            "x": 131,
            "y": 255.0
          },
          {
            "x": 132.0,
            "y": 254.0
          },
          {
            "x": 132.0,
            "y": 218.0
          },
          {
            "x": 131,
            "y": 217.0
          },
          {
            "x": 131,
            "y": 215
          },
          {
            "x": 132.0,
            "y": 214
          },
          {
            "x": 132.0,
            "y": 204
          },
          {
            "x": 131,
            "y": 203
          },
          {
            "x": 131,
            "y": 196
          },
          {
            "x": 132.0,
            "y": 195
          },
          {
            "x": 132.0,
            "y": 179
          },
          {
            "x": 133.0,
            "y": 178
          },
          {
            "x": 133.0,
            "y": 172
          },
          {
            "x": 132.0,
            "y": 171
          },
          {
            "x": 132.0,
            "y": 156
          },
          {
            "x": 133.0,
            "y": 155
          },
          {
            "x": 133.0,
            "y": 148
          },
          {
            "x": 135,
            "y": 146
          },
          {
            "x": 139.0,
            "y": 146
          },
          {
            "x": 142.0,
            "y": 149
          },
          {
            "x": 147,
            "y": 149
          },
          {
            "x": 148.0,
            "y": 150
          },
          {
            "x": 149,
            "y": 150
          },
          {
            "x": 151.0,
            "y": 148
          },
          {
            "x": 153,
            "y": 148
          },
          {
            "x": 154.0,
            "y": 149
          },
          {
            "x": 154.0,
            "y": 155
          },
          {
            "x": 153,
            "y": 156
          },
          {
            "x": 153,
            "y": 161
          },
          {
            "x": 152,
            "y": 162
          },
          {
            "x": 152,
            "y": 165
          },
          {
            "x": 151.0,
            "y": 166
          },
          {
            "x": 151.0,
            "y": 169
          },
          {
            "x": 150,
            "y": 170
          },
          {
            "x": 150,
            "y": 173
          },
          {
            "x": 149,
            "y": 174
          },
          {
            "x": 149,
            "y": 177
          },
          {
            "x": 148.0,
            "y": 178
          },
          {
            "x": 148.0,
            "y": 187
          },
          {
            "x": 147,
            "y": 188
          },
          {
            "x": 147,
            "y": 197
          },
          {
            "x": 148.0,
            "y": 198
          },
          {
            "x": 148.0,
            "y": 200
          },
          {
            "x": 147,
            "y": 201
          },
          {
            "x": 147,
            "y": 209
          },
          {
            "x": 146,
            "y": 210
          },
          {
            "x": 146,
            "y": 241
          },
          {
            "x": 147,
            "y": 242.0
          },
          {
            "x": 147,
            "y": 251.0
          },
          {
            "x": 146,
            "y": 252.0
          },
          {
            "x": 146,
            "y": 256
          },
          {
            "x": 145.0,
            "y": 257
          },
          {
            "x": 145.0,
            "y": 293
          },
          {
            "x": 146,
            "y": 294.0
          },
          {
            "x": 146,
            "y": 309.0
          },
          {
            "x": 145.0,
            "y": 310
          },
          {
            "x": 145.0,
            "y": 323
          },
          {
            "x": 146,
            "y": 324.0
          },
          {
            "x": 146,
            "y": 325
          },
          {
            "x": 147,
            "y": 326
          },
          {
            "x": 148.0,
            "y": 326
          },
          {
            "x": 149,
            "y": 325
          },
          {
            "x": 150,
            "y": 325
          },
          {
            "x": 152,
            "y": 323
          },
          {
            "x": 152,
            "y": 322
          },
          {
            "x": 153,
            "y": 321.0
          },
          {
            "x": 154.0,
            "y": 321.0
          },
          {
            "x": 155,
            "y": 320
          },
          {
            "x": 164.0,
            "y": 320
          },
          {
            "x": 165,
            "y": 321.0
          },
          {
            "x": 168,
            "y": 321.0
          },
          {
            "x": 169.0,
            "y": 320
          },
          {
            "x": 175,
            "y": 320
          },
          {
            "x": 176.0,
            "y": 321.0
          },
          {
            "x": 179.0,
            "y": 321.0
          },
          {
            "x": 180,
            "y": 320
          },
          {
            "x": 181,
            "y": 320
          },
          {
            "x": 183,
            "y": 318.0
          },
          {
            "x": 185.0,
            "y": 318.0
          },
          {
            "x": 186,
            "y": 317
          },
          {
            "x": 187,
            "y": 317
          },
          {
            "x": 189,
            "y": 315.0
          },
          {
            "x": 189,
            "y": 311
          },
          {
            "x": 188.0,
            "y": 310
          },
          {
            "x": 188.0,
            "y": 306.0
          },
          {
            "x": 187,
            "y": 305
          },
          {
            "x": 187,
            "y": 300.0
          },
          {
            "x": 186,
            "y": 299
          },
          {
            "x": 186,
            "y": 295.0
          },
          {
            "x": 185.0,
            "y": 294.0
          },
          {
            "x": 185.0,
            "y": 285.0
          },
          {
            "x": 184,
            "y": 284
          },
          {
            "x": 184,
            "y": 279.0
          },
          {
            "x": 183,
            "y": 278
          },
          {
            "x": 183,
            "y": 273
          },
          {
            "x": 182.0,
            "y": 272
          },
          {
            "x": 182.0,
            "y": 264
          },
          {
            "x": 181,
            "y": 263
          },
          {
            "x": 181,
            "y": 258
          },
          {
            "x": 180,
            "y": 258
          },
          {
            "x": 179.0,
            "y": 257
          },
          {
            "x": 178,
            "y": 257
          },
          {
            "x": 177,
            "y": 258
          },
          {
            "x": 166.0,
            "y": 258
          },
          {
            "x": 162,
            "y": 254.0
          },
          {
            "x": 161.0,
            "y": 254.0
          },
          {
            "x": 160.0,
            "y": 253
          },
          {
            "x": 160.0,
            "y": 252.0
          },
          {
            "x": 159,
            "y": 251.0
          },
          {
            "x": 159,
            "y": 250
          },
          {
            "x": 158.0,
            "y": 249
          },
          {
            "x": 158.0,
            "y": 247
          },
          {
            "x": 157.0,
            "y": 246
          },
          {
            "x": 157.0,
            "y": 245.0
          },
          {
            "x": 156,
            "y": 244
          },
          {
            "x": 156,
            "y": 224.0
          },
          {
            "x": 157.0,
            "y": 223.0
          },
          {
            "x": 157.0,
            "y": 219
          },
          {
            "x": 158.0,
            "y": 218.0
          },
          {
            "x": 158.0,
            "y": 217.0
          },
          {
            "x": 159,
            "y": 216
          },
          {
            "x": 160.0,
            "y": 216
          },
          {
            "x": 161.0,
            "y": 215
          },
          {
            "x": 162,
            "y": 215
          },
          {
            "x": 164.0,
            "y": 213
          },
          {
            "x": 164.0,
            "y": 211
          },
          {
            "x": 163.0,
            "y": 210
          },
          {
            "x": 163.0,
            "y": 208
          },
          {
            "x": 164.0,
            "y": 207
          },
          {
            "x": 164.0,
            "y": 202
          },
          {
            "x": 165,
            "y": 201
          },
          {
            "x": 165,
            "y": 200
          },
          {
            "x": 166.0,
            "y": 199
          },
          {
            "x": 166.0,
            "y": 197
          },
          {
            "x": 167.0,
            "y": 196
          },
          {
            "x": 167.0,
            "y": 195
          },
          {
            "x": 168,
            "y": 194
          },
          {
            "x": 168,
            "y": 192
          },
          {
            "x": 169.0,
            "y": 191
          },
          {
            "x": 169.0,
            "y": 186
          },
          {
            "x": 170.0,
            "y": 185
          },
          {
            "x": 170.0,
            "y": 183
          },
          {
            "x": 171,
            "y": 182
          },
          {
            "x": 171,
            "y": 181
          },
          {
            "x": 172.0,
            "y": 180
          },
          {
            "x": 172.0,
            "y": 178
          },
          {
            "x": 173.0,
            "y": 177
          },
          {
            "x": 173.0,
            "y": 176
          },
          {
            "x": 174,
            "y": 175
          },
          {
            "x": 174,
            "y": 174
          },
          {
            "x": 177,
            "y": 171
          },
          {
            "x": 177,
            "y": 168
          },
          {
            "x": 178,
            "y": 167
          },
          {
            "x": 178,
            "y": 166
          },
          {
            "x": 182.0,
            "y": 162
          },
          {
            "x": 182.0,
            "y": 161
          },
          {
            "x": 183,
            "y": 160
          },
          {
            "x": 183,
            "y": 143
          },
          {
            "x": 182.0,
            "y": 142
          },
          {
            "x": 182.0,
            "y": 141
          },
          {
            "x": 181,
            "y": 140
          },
          {
            "x": 181,
            "y": 137
          },
          {
            "x": 180,
            "y": 136
          },
          {
            "x": 180,
            "y": 135
          },
          {
            "x": 178,
            "y": 133
          },
          {
            "x": 178,
            "y": 132
          },
          {
            "x": 177,
            "y": 131
          },
          {
            "x": 177,
            "y": 130
          },
          {
            "x": 176.0,
            "y": 129
          },
          {
            "x": 176.0,
            "y": 128
          },
          {
            "x": 174,
            "y": 126.0
          },
          {
            "x": 174,
            "y": 125
          },
          {
            "x": 173.0,
            "y": 124.0
          },
          {
            "x": 173.0,
            "y": 123
          },
          {
            "x": 172.0,
            "y": 123
          },
          {
            "x": 168,
            "y": 119
          },
          {
            "x": 167.0,
            "y": 119
          },
          {
            "x": 166.0,
            "y": 118.0
          },
          {
            "x": 165,
            "y": 118.0
          },
          {
            "x": 163.0,
            "y": 116
          },
          {
            "x": 161.0,
            "y": 116
          },
          {
            "x": 160.0,
            "y": 115.0
          },
          {
            "x": 155,
            "y": 115.0
          },
          {
            "x": 154.0,
            "y": 116
          },
          {
            "x": 154.0,
            "y": 117
          },
          {
            "x": 153,
            "y": 118.0
          },
          {
            "x": 153,
            "y": 131
          },
          {
            "x": 152,
            "y": 132
          },
          {
            "x": 149,
            "y": 132
          },
          {
            "x": 148.0,
            "y": 131
          },
          {
            "x": 145.0,
            "y": 131
          },
          {
            "x": 144,
            "y": 130
          },
          {
            "x": 143,
            "y": 130
          },
          {
            "x": 142.0,
            "y": 129
          },
          {
            "x": 141,
            "y": 129
          },
          {
            "x": 140,
            "y": 128
          },
          {
            "x": 139.0,
            "y": 128
          },
          {
            "x": 138,
            "y": 127.0
          },
          {
            "x": 137,
            "y": 127.0
          },
          {
            "x": 136.0,
            "y": 126.0
          },
          {
            "x": 136.0,
            "y": 124.0
          },
          {
            "x": 134,
            "y": 122
          },
          {
            "x": 134,
            "y": 121.0
          },
          {
            "x": 132.0,
            "y": 119
          },
          {
            "x": 132.0,
            "y": 117
          },
          {
            "x": 131,
            "y": 116
          },
          {
            "x": 131,
            "y": 115.0
          },
          {
            "x": 130.0,
            "y": 114
          }
        ]
      }
    }
  ]
}