{
  "image": {
    "width": 267,
    "height": 400,
    "filename": "00000185.jpg",
    "original_filename": "000425.jpg",
    "url": "https://darwin.v7labs.com/api/images/1212327/original?token=16d6037d-33e8-4c8d-8cb7-761abbebab61",
    "thumbnail_url": "https://darwin.v7labs.com/api/images/1212327/thumbnail?token=16d6037d-33e8-4c8d-8cb7-761abbebab61",
    "workview_url": "https://darwin.v7labs.com/workview?dataset=1176&image=185"
  },
  "dataset": "Fashion_2",
  "annotated": true,
  "annotations": [
    {
      "name": "Coat Polygon ",
      "polygon": {
        "path": [
          {
            "x": 120,
            "y": 115
          },
          {
            "x": 119,
            "y": 116
          },
          {
            "x": 118,
            "y": 116
          },
          {
            "x": 117,
            "y": 117
          },
          {
            "x": 116,
            "y": 117
          },
          {
            "x": 115,
            "y": 118
          },
          {
            "x": 115,
            "y": 124
          },
          {
            "x": 113,
            "y": 126
          },
          {
            "x": 111,
            "y": 126
          },
          {
            "x": 110.0,
            "y": 127
          },
          {
            "x": 109,
            "y": 127
          },
          {
            "x": 108,
            "y": 128
          },
          {
            "x": 107,
            "y": 128
          },
          {
            "x": 105,
            "y": 130
          },
          {
            "x": 104,
            "y": 130
          },
          {
            "x": 102,
            "y": 132
          },
          {
            "x": 101,
            "y": 132
          },
          {
            "x": 100.0,
            "y": 133
          },
          {
            "x": 99,
            "y": 133
          },
          {
            "x": 97.0,
            "y": 135
          },
          {
            "x": 96,
            "y": 135
          },
          {
            "x": 94,
            "y": 137
          },
          {
            "x": 94,
            "y": 138
          },
          {
            "x": 92,
            "y": 140
          },
          {
            "x": 92,
            "y": 142
          },
          {
            "x": 91,
            "y": 143
          },
          {
            "x": 91,
            "y": 146
          },
          {
            "x": 90,
            "y": 147
          },
          {
            "x": 90,
            "y": 151
          },
          {
            "x": 89,
            "y": 152
          },
          {
            "x": 90,
            "y": 153
          },
          {
            "x": 89,
            "y": 154.0
          },
          {
            "x": 89,
            "y": 156
          },
          {
            "x": 88,
            "y": 157
          },
          {
            "x": 88,
            "y": 158
          },
          {
            "x": 87.0,
            "y": 159
          },
          {
            "x": 87.0,
            "y": 161.0
          },
          {
            "x": 85,
            "y": 163
          },
          {
            "x": 85,
            "y": 164
          },
          {
            "x": 84,
            "y": 165
          },
          {
            "x": 84,
            "y": 168
          },
          {
            "x": 83,
            "y": 169
          },
          {
            "x": 83,
            "y": 175
          },
          {
            "x": 82,
            "y": 176
          },
          {
            "x": 82,
            "y": 178
          },
          {
            "x": 81,
            "y": 179
          },
          {
            "x": 81,
            "y": 185
          },
          {
            "x": 82,
            "y": 186
          },
          {
            "x": 82,
            "y": 189
          },
          {
            "x": 84,
            "y": 191
          },
          {
            "x": 84,
            "y": 192
          },
          {
            "x": 93,
            "y": 201
          },
          {
            "x": 94,
            "y": 201
          },
          {
            "x": 97.0,
            "y": 204
          },
          {
            "x": 101,
            "y": 204
          },
          {
            "x": 101,
            "y": 203
          },
          {
            "x": 99,
            "y": 201
          },
          {
            "x": 99,
            "y": 195
          },
          {
            "x": 100.0,
            "y": 194.0
          },
          {
            "x": 100.0,
            "y": 187.0
          },
          {
            "x": 101,
            "y": 186
          },
          {
            "x": 101,
            "y": 184
          },
          {
            "x": 103,
            "y": 182
          },
          {
            "x": 108,
            "y": 182
          },
          {
            "x": 109,
            "y": 181
          },
          {
            "x": 112,
            "y": 181
          },
          {
            "x": 113,
            "y": 182
          },
          {
            "x": 115,
            "y": 182
          },
          {
            "x": 118,
            "y": 185
          },
          {
            "x": 118,
            "y": 188
          },
          {
            "x": 119,
            "y": 189
          },
          {
            "x": 119,
            "y": 190
          },
          {
            "x": 120,
            "y": 191
          },
          {
            "x": 120,
            "y": 192
          },
          {
            "x": 119,
            "y": 193
          },
          {
            "x": 119,
            "y": 195
          },
          {
            "x": 116,
            "y": 198
          },
          {
            "x": 115,
            "y": 198
          },
          {
            "x": 113,
            "y": 200.0
          },
          {
            "x": 112,
            "y": 200.0
          },
          {
            "x": 111,
            "y": 201
          },
          {
            "x": 109,
            "y": 201
          },
          {
            "x": 108,
            "y": 202
          },
          {
            "x": 106,
            "y": 202
          },
          {
            "x": 106,
            "y": 203
          },
          {
            "x": 102,
            "y": 207.0
          },
          {
            "x": 103,
            "y": 208
          },
          {
            "x": 102,
            "y": 209
          },
          {
            "x": 102,
            "y": 214
          },
          {
            "x": 101,
            "y": 215
          },
          {
            "x": 101,
            "y": 221
          },
          {
            "x": 100.0,
            "y": 222
          },
          {
            "x": 100.0,
            "y": 235
          },
          {
            "x": 99,
            "y": 236
          },
          {
            "x": 99,
            "y": 249
          },
          {
            "x": 98,
            "y": 250
          },
          {
            "x": 98,
            "y": 261
          },
          {
            "x": 97.0,
            "y": 262
          },
          {
            "x": 97.0,
            "y": 268
          },
          {
            "x": 96,
            "y": 269
          },
          {
            "x": 96,
            "y": 273
          },
          {
            "x": 98,
            "y": 275
          },
          {
            "x": 101,
            "y": 275
          },
          {
            "x": 102,
            "y": 276
          },
          {
            "x": 109,
            "y": 276
          },
          {
            "x": 110.0,
            "y": 277
          },
          {
            "x": 118,
            "y": 277
          },
          {
            "x": 119,
            "y": 278
          },
          {
            "x": 128,
            "y": 278
          },
          {
            "x": 129,
            "y": 279
          },
          {
            "x": 162,
            "y": 279
          },
          {
            "x": 163,
            "y": 278
          },
          {
            "x": 167,
            "y": 278
          },
          {
            "x": 167,
            "y": 277
          },
          {
            "x": 168,
            "y": 276
          },
          {
            "x": 168,
            "y": 271
          },
          {
            "x": 167,
            "y": 270
          },
          {
            "x": 167,
            "y": 216
          },
          {
            "x": 171,
            "y": 212
          },
          {
            "x": 172,
            "y": 212
          },
          {
            "x": 174.0,
            "y": 210
          },
          {
            "x": 175,
            "y": 210
          },
          {
            "x": 178,
            "y": 207.0
          },
          {
            "x": 178,
            "y": 206
          },
          {
            "x": 181.0,
            "y": 203
          },
          {
            "x": 181.0,
            "y": 202
          },
          {
            "x": 182,
            "y": 201
          },
          {
            "x": 183.0,
            "y": 201
          },
          {
            "x": 187.0,
            "y": 197
          },
          {
            "x": 187.0,
            "y": 196
          },
          {
            "x": 188.0,
            "y": 195
          },
          {
            "x": 188.0,
            "y": 194.0
          },
          {
            "x": 189,
            "y": 193
          },
          {
            "x": 189,
            "y": 192
          },
          {
            "x": 190.0,
            "y": 191
          },
          {
            "x": 190.0,
            "y": 190
          },
          {
            "x": 191,
            "y": 189
          },
          {
            "x": 191,
            "y": 188
          },
          {
            "x": 192.0,
            "y": 187.0
          },
          {
            "x": 192.0,
            "y": 178
          },
          {
            "x": 191,
            "y": 177
          },
          {
            "x": 191,
            "y": 171
          },
          {
            "x": 190.0,
            "y": 170
          },
          {
            "x": 190.0,
            "y": 168
          },
          {
            "x": 189,
            "y": 167
          },
          {
            "x": 189,
            "y": 163
          },
          {
            "x": 188.0,
            "y": 162
          },
          {
            "x": 188.0,
            "y": 159
          },
          {
            "x": 187.0,
            "y": 158
          },
          {
            "x": 187.0,
            "y": 155
          },
          {
            "x": 186,
            "y": 154.0
          },
          {
            "x": 186,
            "y": 151
          },
          {
            "x": 185.0,
            "y": 150
          },
          {
            "x": 185.0,
            "y": 148.0
          },
          {
            "x": 184,
            "y": 147
          },
          {
            "x": 184,
            "y": 144
          },
          {
            "x": 183.0,
            "y": 143
          },
          {
            "x": 183.0,
            "y": 141
          },
          {
            "x": 182,
            "y": 140
          },
          {
            "x": 182,
            "y": 137
          },
          {
            "x": 179,
            "y": 134
          },
          {
            "x": 178,
            "y": 134
          },
          {
            "x": 177,
            "y": 133
          },
          {
            "x": 176,
            "y": 133
          },
          {
            "x": 174.0,
            "y": 131
          },
          {
            "x": 172,
            "y": 131
          },
          {
            "x": 171,
            "y": 130
          },
          {
            "x": 170,
            "y": 130
          },
          {
            "x": 169,
            "y": 129
          },
          {
            "x": 167,
            "y": 129
          },
          {
            "x": 166,
            "y": 128
          },
          {
            "x": 165,
            "y": 128
          },
          {
            "x": 164,
            "y": 127
          },
          {
            "x": 163,
            "y": 127
          },
          {
            "x": 162,
            "y": 126
          },
          {
            "x": 161.0,
            "y": 126
          },
          {
            "x": 160,
            "y": 125
          },
          {
            "x": 159,
            "y": 125
          },
          {
            "x": 157,
            "y": 123.0
          },
          {
            "x": 156,
            "y": 123.0
          },
          {
            "x": 153,
            "y": 120
          },
          {
            "x": 153,
            "y": 119
          },
          {
            "x": 152,
            "y": 118
          },
          {
            "x": 152,
            "y": 117
          },
          {
            "x": 150,
            "y": 115
          },
          {
            "x": 150,
            "y": 116
          },
          {
            "x": 149,
            "y": 117
          },
          {
            "x": 149,
            "y": 126
          },
          {
            "x": 148.0,
            "y": 127
          },
          {
            "x": 148.0,
            "y": 128
          },
          {
            "x": 147,
            "y": 129
          },
          {
            "x": 147,
            "y": 130
          },
          {
            "x": 146,
            "y": 131
          },
          {
            "x": 146,
            "y": 133
          },
          {
            "x": 145,
            "y": 134
          },
          {
            "x": 145,
            "y": 136
          },
          {
            "x": 144,
            "y": 137
          },
          {
            "x": 144,
            "y": 140
          },
          {
            "x": 143,
            "y": 141
          },
          {
            "x": 143,
            "y": 143
          },
          {
            "x": 142,
            "y": 144
          },
          {
            "x": 142,
            "y": 145
          },
          {
            "x": 141,
            "y": 146
          },
          {
            "x": 141,
            "y": 148.0
          },
          {
            "x": 140,
            "y": 149
          },
          {
            "x": 140,
            "y": 151
          },
          {
            "x": 139,
            "y": 152
          },
          {
            "x": 139,
            "y": 154.0
          },
          {
            "x": 138,
            "y": 155
          },
          {
            "x": 138,
            "y": 157
          },
          {
            "x": 137,
            "y": 158
          },
          {
            "x": 137,
            "y": 160
          },
          {
            "x": 136,
            "y": 161.0
          },
          {
            "x": 136,
            "y": 165
          },
          {
            "x": 135,
            "y": 166
          },
          {
            "x": 135,
            "y": 167
          },
          {
            "x": 133,
            "y": 169
          },
          {
            "x": 133,
            "y": 170
          },
          {
            "x": 131,
            "y": 172
          },
          {
            "x": 131,
            "y": 174.0
          },
          {
            "x": 128,
            "y": 177
          },
          {
            "x": 127,
            "y": 176
          },
          {
            "x": 127,
            "y": 171
          },
          {
            "x": 126,
            "y": 170
          },
          {
            "x": 126,
            "y": 168
          },
          {
            "x": 125,
            "y": 167
          },
          {
            "x": 125,
            "y": 165
          },
          {
            "x": 124,
            "y": 164
          },
          {
            "x": 124,
            "y": 163
          },
          {
            "x": 123.0,
            "y": 162
          },
          {
            "x": 123.0,
            "y": 146
          },
          {
            "x": 122,
            "y": 145
          },
          {
            "x": 122,
            "y": 133
          },
          {
            "x": 123.0,
            "y": 132
          },
          {
            "x": 122,
            "y": 131
          },
          {
            "x": 122,
            "y": 129
          },
          {
            "x": 121,
            "y": 128
          },
          {
            "x": 121,
            "y": 119
          },
          {
            "x": 122,
            "y": 118
          },
          {
            "x": 122,
            "y": 116
          },
          {
            "x": 121,
            "y": 115
          }
        ]
      }
    },
    {
      "name": "Trousers Polygon ",
      "polygon": {
        "path": [
          {
            "x": 103.0,
            "y": 277
          },
          {
            "x": 103.0,
            "y": 282
          },
          {
            "x": 104.0,
            "y": 283
          },
          {
            "x": 104.0,
            "y": 287
          },
          {
            "x": 105.0,
            "y": 288
          },
          {
            "x": 105.0,
            "y": 291
          },
          {
            "x": 106.0,
            "y": 292
          },
          {
            "x": 106.0,
            "y": 297
          },
          {
            "x": 107.0,
            "y": 298
          },
          {
            "x": 107.0,
            "y": 303
          },
          {
            "x": 108,
            "y": 304
          },
          {
            "x": 108,
            "y": 309
          },
          {
            "x": 109,
            "y": 310
          },
          {
            "x": 109,
            "y": 316
          },
          {
            "x": 110,
            "y": 317
          },
          {
            "x": 110,
            "y": 322
          },
          {
            "x": 111,
            "y": 323
          },
          {
            "x": 111,
            "y": 329
          },
          {
            "x": 112,
            "y": 330
          },
          {
            "x": 112,
            "y": 333
          },
          {
            "x": 113,
            "y": 334
          },
          {
            "x": 113,
            "y": 336
          },
          {
            "x": 114,
            "y": 337
          },
          {
            "x": 114,
            "y": 339
          },
          {
            "x": 115,
            "y": 340
          },
          {
            "x": 115,
            "y": 341
          },
          {
            "x": 116,
            "y": 342
          },
          {
            "x": 116,
            "y": 348
          },
          {
            "x": 115,
            "y": 349
          },
          {
            "x": 115,
            "y": 351
          },
          {
            "x": 114,
            "y": 352
          },
          {
            "x": 114,
            "y": 363
          },
          {
            "x": 115,
            "y": 363
          },
          {
            "x": 116,
            "y": 364
          },
          {
            "x": 123,
            "y": 364
          },
          {
            "x": 124,
            "y": 365
          },
          {
            "x": 130,
            "y": 365
          },
          {
            "x": 131,
            "y": 366
          },
          {
            "x": 142,
            "y": 366
          },
          {
            "x": 143,
            "y": 367
          },
          {
            "x": 146,
            "y": 367
          },
          {
            "x": 147,
            "y": 366
          },
          {
            "x": 147,
            "y": 363
          },
          {
            "x": 148,
            "y": 362
          },
          {
            "x": 148,
            "y": 357
          },
          {
            "x": 149,
            "y": 356
          },
          {
            "x": 149,
            "y": 349
          },
          {
            "x": 150,
            "y": 348
          },
          {
            "x": 150,
            "y": 344
          },
          {
            "x": 151,
            "y": 343
          },
          {
            "x": 151,
            "y": 339
          },
          {
            "x": 152,
            "y": 338
          },
          {
            "x": 152,
            "y": 335
          },
          {
            "x": 153,
            "y": 334
          },
          {
            "x": 153,
            "y": 328
          },
          {
            "x": 154,
            "y": 327
          },
          {
            "x": 154,
            "y": 317
          },
          {
            "x": 155,
            "y": 316
          },
          {
            "x": 155,
            "y": 311
          },
          {
            "x": 156,
            "y": 310
          },
          {
            "x": 156,
            "y": 303
          },
          {
            "x": 157,
            "y": 302
          },
          {
            "x": 157,
            "y": 296
          },
          {
            "x": 158,
            "y": 295
          },
          {
            "x": 158,
            "y": 291
          },
          {
            "x": 159,
            "y": 290
          },
          {
            "x": 159,
            "y": 285
          },
          {
            "x": 160,
            "y": 284
          },
          {
            "x": 160,
            "y": 279
          },
          {
            "x": 159,
            "y": 279
          },
          {
            "x": 158,
            "y": 280
          },
          {
            "x": 131,
            "y": 280
          },
          {
            "x": 130,
            "y": 279
          },
          {
            "x": 121,
            "y": 279
          },
          {
            "x": 120,
            "y": 278
          },
          {
            "x": 111,
            "y": 278
          },
          {
            "x": 110,
            "y": 277
          }
        ]
      }
    }
  ]
}