{
  "image": {
    "width": 266,
    "height": 400,
    "filename": "00000098.jpg",
    "original_filename": "000577.jpg",
    "url": "https://darwin.v7labs.com/api/images/1212470/original?token=cd62f37c-afe4-4d19-9fa3-5be62f6a54a9",
    "thumbnail_url": "https://darwin.v7labs.com/api/images/1212470/thumbnail?token=cd62f37c-afe4-4d19-9fa3-5be62f6a54a9",
    "workview_url": "https://darwin.v7labs.com/workview?dataset=1177&image=98"
  },
  "dataset": "Fashion_3",
  "annotated": true,
  "annotations": [
    {
      "bounding_box": {
        "h": 27.86,
        "w": 41.79,
        "x": 99.93,
        "y": 347.98
      },
      "name": "Shoes "
    },
    {
      "name": "Dress Polygon ",
      "polygon": {
        "path": [
          {
            "x": 100,
            "y": 138
          },
          {
            "x": 99,
            "y": 139
          },
          {
            "x": 97,
            "y": 139
          },
          {
            "x": 96,
            "y": 140
          },
          {
            "x": 94,
            "y": 140
          },
          {
            "x": 93.0,
            "y": 141
          },
          {
            "x": 92.0,
            "y": 141
          },
          {
            "x": 91,
            "y": 142
          },
          {
            "x": 90,
            "y": 142
          },
          {
            "x": 87,
            "y": 145
          },
          {
            "x": 87,
            "y": 146
          },
          {
            "x": 86,
            "y": 147
          },
          {
            "x": 86,
            "y": 148
          },
          {
            "x": 84,
            "y": 150
          },
          {
            "x": 84,
            "y": 151
          },
          {
            "x": 83,
            "y": 152
          },
          {
            "x": 83,
            "y": 156.0
          },
          {
            "x": 85,
            "y": 156.0
          },
          {
            "x": 86,
            "y": 157.0
          },
          {
            "x": 87,
            "y": 157.0
          },
          {
            "x": 88,
            "y": 158.0
          },
          {
            "x": 89,
            "y": 158.0
          },
          {
            "x": 90,
            "y": 159
          },
          {
            "x": 91,
            "y": 159
          },
          {
            "x": 94,
            "y": 162
          },
          {
            "x": 95,
            "y": 162
          },
          {
            "x": 97,
            "y": 164
          },
          {
            "x": 97,
            "y": 165
          },
          {
            "x": 98,
            "y": 166
          },
          {
            "x": 98,
            "y": 174
          },
          {
            "x": 97,
            "y": 175
          },
          {
            "x": 97,
            "y": 184.0
          },
          {
            "x": 96,
            "y": 185.0
          },
          {
            "x": 96,
            "y": 189
          },
          {
            "x": 97,
            "y": 190
          },
          {
            "x": 97,
            "y": 198
          },
          {
            "x": 95,
            "y": 200
          },
          {
            "x": 95,
            "y": 202
          },
          {
            "x": 94,
            "y": 203
          },
          {
            "x": 94,
            "y": 208
          },
          {
            "x": 93.0,
            "y": 209
          },
          {
            "x": 93.0,
            "y": 211.0
          },
          {
            "x": 92.0,
            "y": 212.0
          },
          {
            "x": 92.0,
            "y": 218
          },
          {
            "x": 91,
            "y": 219
          },
          {
            "x": 91,
            "y": 226
          },
          {
            "x": 90,
            "y": 227
          },
          {
            "x": 90,
            "y": 231
          },
          {
            "x": 89,
            "y": 232
          },
          {
            "x": 89,
            "y": 235
          },
          {
            "x": 90,
            "y": 236
          },
          {
            "x": 90,
            "y": 242.0
          },
          {
            "x": 89,
            "y": 243.0
          },
          {
            "x": 89,
            "y": 246
          },
          {
            "x": 90,
            "y": 247
          },
          {
            "x": 90,
            "y": 249
          },
          {
            "x": 91,
            "y": 250
          },
          {
            "x": 91,
            "y": 253
          },
          {
            "x": 92.0,
            "y": 254
          },
          {
            "x": 92.0,
            "y": 257
          },
          {
            "x": 93.0,
            "y": 258
          },
          {
            "x": 93.0,
            "y": 264
          },
          {
            "x": 89,
            "y": 268
          },
          {
            "x": 89,
            "y": 273
          },
          {
            "x": 90,
            "y": 274
          },
          {
            "x": 90,
            "y": 275
          },
          {
            "x": 91,
            "y": 276
          },
          {
            "x": 91,
            "y": 287
          },
          {
            "x": 92.0,
            "y": 288
          },
          {
            "x": 92.0,
            "y": 304
          },
          {
            "x": 93.0,
            "y": 305
          },
          {
            "x": 93.0,
            "y": 311.0
          },
          {
            "x": 94,
            "y": 312.0
          },
          {
            "x": 94,
            "y": 321
          },
          {
            "x": 95,
            "y": 322
          },
          {
            "x": 113,
            "y": 322
          },
          {
            "x": 114,
            "y": 323
          },
          {
            "x": 121.0,
            "y": 323
          },
          {
            "x": 122.0,
            "y": 322
          },
          {
            "x": 126,
            "y": 322
          },
          {
            "x": 127,
            "y": 321
          },
          {
            "x": 130,
            "y": 321
          },
          {
            "x": 131,
            "y": 322
          },
          {
            "x": 138,
            "y": 322
          },
          {
            "x": 139,
            "y": 321
          },
          {
            "x": 146.0,
            "y": 321
          },
          {
            "x": 147.0,
            "y": 320
          },
          {
            "x": 151,
            "y": 320
          },
          {
            "x": 151,
            "y": 319
          },
          {
            "x": 152,
            "y": 318
          },
          {
            "x": 152,
            "y": 317.0
          },
          {
            "x": 154.0,
            "y": 315.0
          },
          {
            "x": 156.0,
            "y": 315.0
          },
          {
            "x": 157.0,
            "y": 314.0
          },
          {
            "x": 157.0,
            "y": 306
          },
          {
            "x": 156.0,
            "y": 305
          },
          {
            "x": 156.0,
            "y": 301
          },
          {
            "x": 155.0,
            "y": 300
          },
          {
            "x": 155.0,
            "y": 294
          },
          {
            "x": 154.0,
            "y": 293
          },
          {
            "x": 154.0,
            "y": 287
          },
          {
            "x": 153,
            "y": 286
          },
          {
            "x": 153,
            "y": 282
          },
          {
            "x": 152,
            "y": 281
          },
          {
            "x": 152,
            "y": 274
          },
          {
            "x": 151,
            "y": 273
          },
          {
            "x": 151,
            "y": 263
          },
          {
            "x": 150,
            "y": 262
          },
          {
            "x": 150,
            "y": 254
          },
          {
            "x": 149.0,
            "y": 253
          },
          {
            "x": 149.0,
            "y": 245
          },
          {
            "x": 148.0,
            "y": 244.0
          },
          {
            "x": 148.0,
            "y": 243.0
          },
          {
            "x": 147.0,
            "y": 242.0
          },
          {
            "x": 147.0,
            "y": 224
          },
          {
            "x": 146.0,
            "y": 223
          },
          {
            "x": 146.0,
            "y": 216
          },
          {
            "x": 145.0,
            "y": 215.0
          },
          {
            "x": 145.0,
            "y": 210
          },
          {
            "x": 144.0,
            "y": 209
          },
          {
            "x": 144.0,
            "y": 206
          },
          {
            "x": 143.0,
            "y": 205
          },
          {
            "x": 143.0,
            "y": 204
          },
          {
            "x": 142.0,
            "y": 203
          },
          {
            "x": 142.0,
            "y": 202
          },
          {
            "x": 141.0,
            "y": 201
          },
          {
            "x": 141.0,
            "y": 200
          },
          {
            "x": 140.0,
            "y": 199
          },
          {
            "x": 140.0,
            "y": 188
          },
          {
            "x": 141.0,
            "y": 187.0
          },
          {
            "x": 141.0,
            "y": 186.0
          },
          {
            "x": 140.0,
            "y": 185.0
          },
          {
            "x": 140.0,
            "y": 179
          },
          {
            "x": 141.0,
            "y": 178
          },
          {
            "x": 141.0,
            "y": 176
          },
          {
            "x": 142.0,
            "y": 175
          },
          {
            "x": 142.0,
            "y": 165
          },
          {
            "x": 143.0,
            "y": 164
          },
          {
            "x": 143.0,
            "y": 163
          },
          {
            "x": 144.0,
            "y": 162
          },
          {
            "x": 146.0,
            "y": 162
          },
          {
            "x": 148.0,
            "y": 160
          },
          {
            "x": 149.0,
            "y": 160
          },
          {
            "x": 152,
            "y": 157.0
          },
          {
            "x": 152,
            "y": 155.0
          },
          {
            "x": 151,
            "y": 154
          },
          {
            "x": 151,
            "y": 153
          },
          {
            "x": 149.0,
            "y": 151
          },
          {
            "x": 149.0,
            "y": 150
          },
          {
            "x": 148.0,
            "y": 149
          },
          {
            "x": 148.0,
            "y": 148
          },
          {
            "x": 147.0,
            "y": 147
          },
          {
            "x": 147.0,
            "y": 146
          },
          {
            "x": 146.0,
            "y": 146
          },
          {
            "x": 144.0,
            "y": 144
          },
          {
            "x": 143.0,
            "y": 144
          },
          {
            "x": 142.0,
            "y": 143
          },
          {
            "x": 141.0,
            "y": 143
          },
          {
            "x": 140.0,
            "y": 142
          },
          {
            "x": 139,
            "y": 142
          },
          {
            "x": 138,
            "y": 141
          },
          {
            "x": 135,
            "y": 141
          },
          {
            "x": 134,
            "y": 140
          },
          {
            "x": 131,
            "y": 140
          },
          {
            "x": 131,
            "y": 143
          },
          {
            "x": 132,
            "y": 144
          },
          {
            "x": 132,
            "y": 147
          },
          {
            "x": 133,
            "y": 148
          },
          {
            "x": 133,
            "y": 152
          },
          {
            "x": 134,
            "y": 153
          },
          {
            "x": 134,
            "y": 159
          },
          {
            "x": 135,
            "y": 160
          },
          {
            "x": 135,
            "y": 163
          },
          {
            "x": 136,
            "y": 164
          },
          {
            "x": 136,
            "y": 167
          },
          {
            "x": 138,
            "y": 169
          },
          {
            "x": 138,
            "y": 174
          },
          {
            "x": 137,
            "y": 175
          },
          {
            "x": 137,
            "y": 184.0
          },
          {
            "x": 138,
            "y": 185.0
          },
          {
            "x": 138,
            "y": 187.0
          },
          {
            "x": 137,
            "y": 188
          },
          {
            "x": 137,
            "y": 193
          },
          {
            "x": 138,
            "y": 194
          },
          {
            "x": 138,
            "y": 209
          },
          {
            "x": 137,
            "y": 210
          },
          {
            "x": 137,
            "y": 219
          },
          {
            "x": 136,
            "y": 220
          },
          {
            "x": 136,
            "y": 225
          },
          {
            "x": 134,
            "y": 227
          },
          {
            "x": 134,
            "y": 229
          },
          {
            "x": 133,
            "y": 230
          },
          {
            "x": 132,
            "y": 230
          },
          {
            "x": 131,
            "y": 231
          },
          {
            "x": 129,
            "y": 231
          },
          {
            "x": 123,
            "y": 225
          },
          {
            "x": 123,
            "y": 223
          },
          {
            "x": 122.0,
            "y": 222
          },
          {
            "x": 122.0,
            "y": 216
          },
          {
            "x": 121.0,
            "y": 215.0
          },
          {
            "x": 121.0,
            "y": 207
          },
          {
            "x": 120.0,
            "y": 206
          },
          {
            "x": 120.0,
            "y": 201
          },
          {
            "x": 119,
            "y": 200
          },
          {
            "x": 119,
            "y": 197
          },
          {
            "x": 118,
            "y": 196
          },
          {
            "x": 118,
            "y": 194
          },
          {
            "x": 117,
            "y": 193
          },
          {
            "x": 117,
            "y": 189
          },
          {
            "x": 116,
            "y": 188
          },
          {
            "x": 116,
            "y": 178
          },
          {
            "x": 115,
            "y": 177
          },
          {
            "x": 115,
            "y": 165
          },
          {
            "x": 114,
            "y": 164
          },
          {
            "x": 114,
            "y": 161
          },
          {
            "x": 113,
            "y": 160
          },
          {
            "x": 113,
            "y": 156.0
          },
          {
            "x": 111,
            "y": 154
          },
          {
            "x": 111,
            "y": 147
          },
          {
            "x": 110,
            "y": 146
          },
          {
            "x": 110,
            "y": 143
          },
          {
            "x": 109,
            "y": 142
          },
          {
            "x": 109,
            "y": 140
          },
          {
            "x": 108,
            "y": 139
          },
          {
            "x": 108,
            "y": 138
          }
        ]
      }
    },
    {
      "name": "Dress Polygon ",
      "polygon": {
        "path": [
          {
            "x": 115,
            "y": 155
          },
          {
            "x": 116,
            "y": 156
          },
          {
            "x": 116,
            "y": 157
          },
          {
            "x": 117.0,
            "y": 158
          },
          {
            "x": 117.0,
            "y": 159
          },
          {
            "x": 119,
            "y": 161
          },
          {
            "x": 119,
            "y": 163
          },
          {
            "x": 120,
            "y": 164
          },
          {
            "x": 120,
            "y": 166
          },
          {
            "x": 121.0,
            "y": 167
          },
          {
            "x": 121.0,
            "y": 175
          },
          {
            "x": 122,
            "y": 176
          },
          {
            "x": 122,
            "y": 187.0
          },
          {
            "x": 123,
            "y": 188.0
          },
          {
            "x": 123,
            "y": 195
          },
          {
            "x": 124,
            "y": 196.0
          },
          {
            "x": 124,
            "y": 200
          },
          {
            "x": 125,
            "y": 201
          },
          {
            "x": 125,
            "y": 202
          },
          {
            "x": 126.0,
            "y": 203
          },
          {
            "x": 126.0,
            "y": 205.0
          },
          {
            "x": 127,
            "y": 206.0
          },
          {
            "x": 127,
            "y": 213
          },
          {
            "x": 128,
            "y": 214.0
          },
          {
            "x": 128,
            "y": 222
          },
          {
            "x": 129,
            "y": 223
          },
          {
            "x": 129,
            "y": 224.0
          },
          {
            "x": 130,
            "y": 225
          },
          {
            "x": 133,
            "y": 225
          },
          {
            "x": 133,
            "y": 223
          },
          {
            "x": 134,
            "y": 222
          },
          {
            "x": 134,
            "y": 216
          },
          {
            "x": 135,
            "y": 215.0
          },
          {
            "x": 135,
            "y": 206.0
          },
          {
            "x": 134,
            "y": 205.0
          },
          {
            "x": 134,
            "y": 204
          },
          {
            "x": 133,
            "y": 203
          },
          {
            "x": 134,
            "y": 202
          },
          {
            "x": 134,
            "y": 197.0
          },
          {
            "x": 135,
            "y": 196.0
          },
          {
            "x": 135,
            "y": 195
          },
          {
            "x": 134,
            "y": 194
          },
          {
            "x": 134,
            "y": 187.0
          },
          {
            "x": 133,
            "y": 186
          },
          {
            "x": 133,
            "y": 168
          },
          {
            "x": 132,
            "y": 167
          },
          {
            "x": 132,
            "y": 166
          },
          {
            "x": 131,
            "y": 165
          },
          {
            "x": 131,
            "y": 158
          },
          {
            "x": 130,
            "y": 157
          },
          {
            "x": 129,
            "y": 157
          },
          {
            "x": 129,
            "y": 158
          },
          {
            "x": 126.0,
            "y": 161
          },
          {
            "x": 123,
            "y": 161
          },
          {
            "x": 118,
            "y": 156
          },
          {
            "x": 117.0,
            "y": 156
          },
          {
            "x": 116,
            "y": 155
          }
        ]
      }
    }
  ]
}