{
  "image": {
    "width": 266,
    "height": 400,
    "filename": "00000016.jpg",
    "original_filename": "000256.jpg",
    "url": "https://darwin.v7labs.com/api/images/1212158/original?token=16d6037d-33e8-4c8d-8cb7-761abbebab61",
    "thumbnail_url": "https://darwin.v7labs.com/api/images/1212158/thumbnail?token=16d6037d-33e8-4c8d-8cb7-761abbebab61",
    "workview_url": "https://darwin.v7labs.com/workview?dataset=1176&image=16"
  },
  "dataset": "Fashion_2",
  "annotated": true,
  "annotations": [
    {
      "name": "Jacket Polygon ",
      "polygon": {
        "path": [
          {
            "x": 177,
            "y": 133
          },
          {
            "x": 176,
            "y": 133
          },
          {
            "x": 175,
            "y": 132
          },
          {
            "x": 173,
            "y": 132
          },
          {
            "x": 172,
            "y": 131
          },
          {
            "x": 170,
            "y": 131
          },
          {
            "x": 169,
            "y": 130
          },
          {
            "x": 167,
            "y": 130
          },
          {
            "x": 166,
            "y": 129
          },
          {
            "x": 164,
            "y": 129
          },
          {
            "x": 163.0,
            "y": 128
          },
          {
            "x": 160,
            "y": 128
          },
          {
            "x": 159,
            "y": 127
          },
          {
            "x": 158,
            "y": 127
          },
          {
            "x": 157,
            "y": 126
          },
          {
            "x": 156,
            "y": 126
          },
          {
            "x": 152,
            "y": 122
          },
          {
            "x": 150,
            "y": 122
          },
          {
            "x": 151.0,
            "y": 123
          },
          {
            "x": 151.0,
            "y": 130
          },
          {
            "x": 150,
            "y": 131
          },
          {
            "x": 150,
            "y": 132
          },
          {
            "x": 149,
            "y": 133
          },
          {
            "x": 149,
            "y": 135
          },
          {
            "x": 148,
            "y": 136
          },
          {
            "x": 148,
            "y": 138
          },
          {
            "x": 147,
            "y": 139
          },
          {
            "x": 147,
            "y": 141
          },
          {
            "x": 146,
            "y": 142
          },
          {
            "x": 146,
            "y": 144
          },
          {
            "x": 145,
            "y": 145
          },
          {
            "x": 145,
            "y": 147
          },
          {
            "x": 144,
            "y": 148
          },
          {
            "x": 144,
            "y": 150
          },
          {
            "x": 143,
            "y": 151.0
          },
          {
            "x": 143,
            "y": 153
          },
          {
            "x": 142,
            "y": 154
          },
          {
            "x": 142,
            "y": 156
          },
          {
            "x": 141,
            "y": 157
          },
          {
            "x": 141,
            "y": 160
          },
          {
            "x": 140,
            "y": 161
          },
          {
            "x": 140,
            "y": 162
          },
          {
            "x": 139,
            "y": 163.0
          },
          {
            "x": 139,
            "y": 165
          },
          {
            "x": 138,
            "y": 166
          },
          {
            "x": 138,
            "y": 168
          },
          {
            "x": 137,
            "y": 169
          },
          {
            "x": 137,
            "y": 171
          },
          {
            "x": 136,
            "y": 172
          },
          {
            "x": 136,
            "y": 174
          },
          {
            "x": 135,
            "y": 175
          },
          {
            "x": 135,
            "y": 176
          },
          {
            "x": 134.0,
            "y": 177
          },
          {
            "x": 134.0,
            "y": 179
          },
          {
            "x": 132.0,
            "y": 181
          },
          {
            "x": 131,
            "y": 180
          },
          {
            "x": 131,
            "y": 177
          },
          {
            "x": 130,
            "y": 176
          },
          {
            "x": 130,
            "y": 170
          },
          {
            "x": 129.0,
            "y": 169
          },
          {
            "x": 129.0,
            "y": 160
          },
          {
            "x": 128,
            "y": 159
          },
          {
            "x": 128,
            "y": 127
          },
          {
            "x": 126,
            "y": 127
          },
          {
            "x": 125.0,
            "y": 128
          },
          {
            "x": 124.0,
            "y": 128
          },
          {
            "x": 122.0,
            "y": 130
          },
          {
            "x": 120.0,
            "y": 130
          },
          {
            "x": 119.0,
            "y": 131
          },
          {
            "x": 117.0,
            "y": 131
          },
          {
            "x": 116,
            "y": 132
          },
          {
            "x": 114,
            "y": 132
          },
          {
            "x": 113,
            "y": 133
          },
          {
            "x": 111,
            "y": 133
          },
          {
            "x": 110.0,
            "y": 134
          },
          {
            "x": 107.0,
            "y": 134
          },
          {
            "x": 106,
            "y": 135
          },
          {
            "x": 105.0,
            "y": 135
          },
          {
            "x": 104,
            "y": 136
          },
          {
            "x": 104,
            "y": 137
          },
          {
            "x": 102,
            "y": 139
          },
          {
            "x": 102,
            "y": 142
          },
          {
            "x": 101,
            "y": 143
          },
          {
            "x": 101,
            "y": 147
          },
          {
            "x": 100.0,
            "y": 148
          },
          {
            "x": 100.0,
            "y": 152
          },
          {
            "x": 99,
            "y": 153
          },
          {
            "x": 99,
            "y": 158
          },
          {
            "x": 98.0,
            "y": 159
          },
          {
            "x": 98.0,
            "y": 163.0
          },
          {
            "x": 97,
            "y": 164
          },
          {
            "x": 97,
            "y": 170
          },
          {
            "x": 96.0,
            "y": 171
          },
          {
            "x": 96.0,
            "y": 176
          },
          {
            "x": 95.0,
            "y": 177
          },
          {
            "x": 95.0,
            "y": 180
          },
          {
            "x": 94,
            "y": 181
          },
          {
            "x": 94,
            "y": 186
          },
          {
            "x": 93.0,
            "y": 187
          },
          {
            "x": 93.0,
            "y": 191
          },
          {
            "x": 92,
            "y": 192.0
          },
          {
            "x": 92,
            "y": 203
          },
          {
            "x": 91.0,
            "y": 204
          },
          {
            "x": 91.0,
            "y": 221.0
          },
          {
            "x": 90.0,
            "y": 222
          },
          {
            "x": 90.0,
            "y": 228
          },
          {
            "x": 91.0,
            "y": 229
          },
          {
            "x": 92,
            "y": 229
          },
          {
            "x": 95.0,
            "y": 226
          },
          {
            "x": 100.0,
            "y": 226
          },
          {
            "x": 103.0,
            "y": 229
          },
          {
            "x": 103.0,
            "y": 231
          },
          {
            "x": 104,
            "y": 232
          },
          {
            "x": 104,
            "y": 245
          },
          {
            "x": 105.0,
            "y": 246
          },
          {
            "x": 105.0,
            "y": 248
          },
          {
            "x": 108.0,
            "y": 248
          },
          {
            "x": 109,
            "y": 247
          },
          {
            "x": 111,
            "y": 247
          },
          {
            "x": 113,
            "y": 245
          },
          {
            "x": 114,
            "y": 245
          },
          {
            "x": 114,
            "y": 244
          },
          {
            "x": 116,
            "y": 242
          },
          {
            "x": 116,
            "y": 241
          },
          {
            "x": 117.0,
            "y": 240
          },
          {
            "x": 117.0,
            "y": 239
          },
          {
            "x": 118,
            "y": 238
          },
          {
            "x": 118,
            "y": 236
          },
          {
            "x": 119.0,
            "y": 235
          },
          {
            "x": 119.0,
            "y": 233.0
          },
          {
            "x": 120.0,
            "y": 232
          },
          {
            "x": 120.0,
            "y": 230
          },
          {
            "x": 121,
            "y": 229
          },
          {
            "x": 121,
            "y": 228
          },
          {
            "x": 122.0,
            "y": 227
          },
          {
            "x": 122.0,
            "y": 224
          },
          {
            "x": 124.0,
            "y": 222
          },
          {
            "x": 124.0,
            "y": 221.0
          },
          {
            "x": 125.0,
            "y": 220
          },
          {
            "x": 125.0,
            "y": 219
          },
          {
            "x": 126,
            "y": 218
          },
          {
            "x": 126,
            "y": 216
          },
          {
            "x": 127.0,
            "y": 215
          },
          {
            "x": 127.0,
            "y": 214
          },
          {
            "x": 128,
            "y": 213
          },
          {
            "x": 128,
            "y": 209
          },
          {
            "x": 129.0,
            "y": 208
          },
          {
            "x": 129.0,
            "y": 206
          },
          {
            "x": 130,
            "y": 205
          },
          {
            "x": 130,
            "y": 203
          },
          {
            "x": 132.0,
            "y": 201
          },
          {
            "x": 133,
            "y": 202
          },
          {
            "x": 133,
            "y": 205
          },
          {
            "x": 134.0,
            "y": 206
          },
          {
            "x": 134.0,
            "y": 209
          },
          {
            "x": 135,
            "y": 210
          },
          {
            "x": 135,
            "y": 215
          },
          {
            "x": 136,
            "y": 216
          },
          {
            "x": 136,
            "y": 222
          },
          {
            "x": 137,
            "y": 223
          },
          {
            "x": 137,
            "y": 229
          },
          {
            "x": 138,
            "y": 230
          },
          {
            "x": 138,
            "y": 238
          },
          {
            "x": 139,
            "y": 239
          },
          {
            "x": 139,
            "y": 242
          },
          {
            "x": 141,
            "y": 244
          },
          {
            "x": 141,
            "y": 245
          },
          {
            "x": 145,
            "y": 249
          },
          {
            "x": 146,
            "y": 249
          },
          {
            "x": 147,
            "y": 250.0
          },
          {
            "x": 152,
            "y": 250.0
          },
          {
            "x": 153,
            "y": 251
          },
          {
            "x": 167,
            "y": 251
          },
          {
            "x": 168,
            "y": 250.0
          },
          {
            "x": 168,
            "y": 249
          },
          {
            "x": 169,
            "y": 248
          },
          {
            "x": 169,
            "y": 247
          },
          {
            "x": 170,
            "y": 246
          },
          {
            "x": 170,
            "y": 229
          },
          {
            "x": 171,
            "y": 228
          },
          {
            "x": 171,
            "y": 221.0
          },
          {
            "x": 172,
            "y": 220
          },
          {
            "x": 172,
            "y": 219
          },
          {
            "x": 175,
            "y": 216
          },
          {
            "x": 175,
            "y": 215
          },
          {
            "x": 180.0,
            "y": 210
          },
          {
            "x": 180.0,
            "y": 209
          },
          {
            "x": 181.0,
            "y": 208
          },
          {
            "x": 181.0,
            "y": 207
          },
          {
            "x": 185.0,
            "y": 203
          },
          {
            "x": 185.0,
            "y": 202
          },
          {
            "x": 187.0,
            "y": 200
          },
          {
            "x": 187.0,
            "y": 199
          },
          {
            "x": 190.0,
            "y": 196
          },
          {
            "x": 190.0,
            "y": 194
          },
          {
            "x": 192.0,
            "y": 192.0
          },
          {
            "x": 192.0,
            "y": 191
          },
          {
            "x": 193,
            "y": 190
          },
          {
            "x": 193,
            "y": 189
          },
          {
            "x": 194,
            "y": 188
          },
          {
            "x": 194,
            "y": 187
          },
          {
            "x": 195.0,
            "y": 186
          },
          {
            "x": 195.0,
            "y": 184
          },
          {
            "x": 194,
            "y": 183
          },
          {
            "x": 194,
            "y": 181
          },
          {
            "x": 193,
            "y": 180
          },
          {
            "x": 193,
            "y": 176
          },
          {
            "x": 192.0,
            "y": 175
          },
          {
            "x": 192.0,
            "y": 173
          },
          {
            "x": 191.0,
            "y": 172
          },
          {
            "x": 191.0,
            "y": 170
          },
          {
            "x": 190.0,
            "y": 169
          },
          {
            "x": 190.0,
            "y": 165
          },
          {
            "x": 189,
            "y": 164
          },
          {
            "x": 189,
            "y": 162
          },
          {
            "x": 188,
            "y": 161
          },
          {
            "x": 188,
            "y": 159
          },
          {
            "x": 187.0,
            "y": 158
          },
          {
            "x": 187.0,
            "y": 155
          },
          {
            "x": 186.0,
            "y": 154
          },
          {
            "x": 186.0,
            "y": 152
          },
          {
            "x": 185.0,
            "y": 151.0
          },
          {
            "x": 185.0,
            "y": 149
          },
          {
            "x": 184,
            "y": 148
          },
          {
            "x": 184,
            "y": 146
          },
          {
            "x": 183,
            "y": 145
          },
          {
            "x": 183,
            "y": 143
          },
          {
            "x": 182.0,
            "y": 142
          },
          {
            "x": 182.0,
            "y": 139
          },
          {
            "x": 181.0,
            "y": 138
          },
          {
            "x": 181.0,
            "y": 137
          }
        ]
      }
    },
    {
      "name": "Trousers Polygon ",
      "polygon": {
        "path": [
          {
            "x": 129,
            "y": 220
          },
          {
            "x": 126,
            "y": 223
          },
          {
            "x": 125,
            "y": 223
          },
          {
            "x": 124,
            "y": 224
          },
          {
            "x": 123,
            "y": 224
          },
          {
            "x": 123,
            "y": 226
          },
          {
            "x": 122,
            "y": 227
          },
          {
            "x": 121.4,
            "y": 229.02
          },
          {
            "x": 120.2,
            "y": 230.42
          },
          {
            "x": 119.81,
            "y": 232.03
          },
          {
            "x": 119,
            "y": 235.0
          },
          {
            "x": 118,
            "y": 236
          },
          {
            "x": 118,
            "y": 239.0
          },
          {
            "x": 117,
            "y": 240
          },
          {
            "x": 117,
            "y": 241
          },
          {
            "x": 116,
            "y": 242
          },
          {
            "x": 116,
            "y": 243
          },
          {
            "x": 113,
            "y": 246
          },
          {
            "x": 112,
            "y": 246
          },
          {
            "x": 111,
            "y": 247
          },
          {
            "x": 110,
            "y": 247
          },
          {
            "x": 109,
            "y": 248
          },
          {
            "x": 108.0,
            "y": 248
          },
          {
            "x": 107,
            "y": 247
          },
          {
            "x": 105,
            "y": 247
          },
          {
            "x": 105,
            "y": 248
          },
          {
            "x": 104,
            "y": 249
          },
          {
            "x": 104,
            "y": 252
          },
          {
            "x": 105,
            "y": 253
          },
          {
            "x": 105,
            "y": 258
          },
          {
            "x": 106.0,
            "y": 259
          },
          {
            "x": 106.0,
            "y": 261
          },
          {
            "x": 107,
            "y": 262
          },
          {
            "x": 107,
            "y": 264
          },
          {
            "x": 108.0,
            "y": 265
          },
          {
            "x": 108.0,
            "y": 266
          },
          {
            "x": 109,
            "y": 267
          },
          {
            "x": 109,
            "y": 268
          },
          {
            "x": 110,
            "y": 269
          },
          {
            "x": 110,
            "y": 275
          },
          {
            "x": 111,
            "y": 276
          },
          {
            "x": 111,
            "y": 281
          },
          {
            "x": 112,
            "y": 282
          },
          {
            "x": 112,
            "y": 285
          },
          {
            "x": 113,
            "y": 286
          },
          {
            "x": 113,
            "y": 290
          },
          {
            "x": 114,
            "y": 291
          },
          {
            "x": 114,
            "y": 293
          },
          {
            "x": 115,
            "y": 294.0
          },
          {
            "x": 115,
            "y": 298
          },
          {
            "x": 116,
            "y": 299
          },
          {
            "x": 116,
            "y": 301
          },
          {
            "x": 117,
            "y": 302.0
          },
          {
            "x": 117,
            "y": 304
          },
          {
            "x": 118,
            "y": 305
          },
          {
            "x": 118,
            "y": 308
          },
          {
            "x": 119,
            "y": 309
          },
          {
            "x": 119,
            "y": 318
          },
          {
            "x": 120,
            "y": 319
          },
          {
            "x": 120,
            "y": 325
          },
          {
            "x": 121,
            "y": 326
          },
          {
            "x": 121,
            "y": 328
          },
          {
            "x": 122,
            "y": 329.0
          },
          {
            "x": 122,
            "y": 331
          },
          {
            "x": 123,
            "y": 332.0
          },
          {
            "x": 123,
            "y": 333
          },
          {
            "x": 124,
            "y": 334
          },
          {
            "x": 124,
            "y": 338
          },
          {
            "x": 125,
            "y": 339
          },
          {
            "x": 125,
            "y": 354
          },
          {
            "x": 126,
            "y": 355
          },
          {
            "x": 127.0,
            "y": 355
          },
          {
            "x": 128,
            "y": 356
          },
          {
            "x": 133,
            "y": 356
          },
          {
            "x": 134,
            "y": 357
          },
          {
            "x": 138,
            "y": 357
          },
          {
            "x": 139,
            "y": 356
          },
          {
            "x": 143,
            "y": 356
          },
          {
            "x": 144,
            "y": 355
          },
          {
            "x": 145,
            "y": 355
          },
          {
            "x": 145,
            "y": 354
          },
          {
            "x": 146,
            "y": 353
          },
          {
            "x": 146,
            "y": 347
          },
          {
            "x": 145,
            "y": 346
          },
          {
            "x": 145,
            "y": 335
          },
          {
            "x": 144,
            "y": 334
          },
          {
            "x": 144,
            "y": 330
          },
          {
            "x": 143,
            "y": 329.0
          },
          {
            "x": 143,
            "y": 325
          },
          {
            "x": 142,
            "y": 324
          },
          {
            "x": 142,
            "y": 310
          },
          {
            "x": 141,
            "y": 309
          },
          {
            "x": 141,
            "y": 300
          },
          {
            "x": 139,
            "y": 298
          },
          {
            "x": 139,
            "y": 297
          },
          {
            "x": 138,
            "y": 296
          },
          {
            "x": 138,
            "y": 294.0
          },
          {
            "x": 139,
            "y": 293
          },
          {
            "x": 139,
            "y": 275
          },
          {
            "x": 138,
            "y": 274
          },
          {
            "x": 138,
            "y": 269
          },
          {
            "x": 139,
            "y": 268
          },
          {
            "x": 139,
            "y": 267
          },
          {
            "x": 140,
            "y": 266
          },
          {
            "x": 141,
            "y": 267
          },
          {
            "x": 141,
            "y": 272
          },
          {
            "x": 142,
            "y": 273
          },
          {
            "x": 142,
            "y": 276
          },
          {
            "x": 143,
            "y": 277
          },
          {
            "x": 143,
            "y": 282
          },
          {
            "x": 144,
            "y": 283
          },
          {
            "x": 144,
            "y": 290
          },
          {
            "x": 145,
            "y": 291
          },
          {
            "x": 145,
            "y": 299
          },
          {
            "x": 146,
            "y": 300
          },
          {
            "x": 146,
            "y": 306
          },
          {
            "x": 147.0,
            "y": 307
          },
          {
            "x": 147.0,
            "y": 309
          },
          {
            "x": 148,
            "y": 310
          },
          {
            "x": 148,
            "y": 313.0
          },
          {
            "x": 149,
            "y": 314
          },
          {
            "x": 149,
            "y": 319
          },
          {
            "x": 150,
            "y": 320
          },
          {
            "x": 150,
            "y": 323
          },
          {
            "x": 151.0,
            "y": 324
          },
          {
            "x": 151.0,
            "y": 327
          },
          {
            "x": 152,
            "y": 328
          },
          {
            "x": 152,
            "y": 331
          },
          {
            "x": 153,
            "y": 332.0
          },
          {
            "x": 153,
            "y": 333
          },
          {
            "x": 154,
            "y": 334
          },
          {
            "x": 154,
            "y": 338
          },
          {
            "x": 155,
            "y": 339
          },
          {
            "x": 155,
            "y": 341
          },
          {
            "x": 156,
            "y": 342
          },
          {
            "x": 156,
            "y": 343
          },
          {
            "x": 157,
            "y": 344
          },
          {
            "x": 157,
            "y": 345
          },
          {
            "x": 158,
            "y": 346
          },
          {
            "x": 158,
            "y": 347
          },
          {
            "x": 159,
            "y": 348.0
          },
          {
            "x": 159,
            "y": 356
          },
          {
            "x": 158,
            "y": 357
          },
          {
            "x": 158,
            "y": 359.0
          },
          {
            "x": 159,
            "y": 360
          },
          {
            "x": 159,
            "y": 363
          },
          {
            "x": 160,
            "y": 364
          },
          {
            "x": 160,
            "y": 366
          },
          {
            "x": 161,
            "y": 367.0
          },
          {
            "x": 162,
            "y": 367.0
          },
          {
            "x": 163,
            "y": 368
          },
          {
            "x": 171,
            "y": 368
          },
          {
            "x": 172.0,
            "y": 367.0
          },
          {
            "x": 176,
            "y": 367.0
          },
          {
            "x": 177.0,
            "y": 366
          },
          {
            "x": 178.0,
            "y": 366
          },
          {
            "x": 178.0,
            "y": 364
          },
          {
            "x": 179,
            "y": 363
          },
          {
            "x": 179,
            "y": 356
          },
          {
            "x": 178.0,
            "y": 355
          },
          {
            "x": 178.0,
            "y": 353
          },
          {
            "x": 177.0,
            "y": 352
          },
          {
            "x": 177.0,
            "y": 351
          },
          {
            "x": 176,
            "y": 350
          },
          {
            "x": 176,
            "y": 349
          },
          {
            "x": 175.0,
            "y": 348.0
          },
          {
            "x": 175.0,
            "y": 347
          },
          {
            "x": 176,
            "y": 346
          },
          {
            "x": 176,
            "y": 324
          },
          {
            "x": 175.0,
            "y": 323
          },
          {
            "x": 175.0,
            "y": 315
          },
          {
            "x": 174.0,
            "y": 314
          },
          {
            "x": 174.0,
            "y": 308
          },
          {
            "x": 173,
            "y": 307
          },
          {
            "x": 173,
            "y": 302.0
          },
          {
            "x": 172.0,
            "y": 301
          },
          {
            "x": 172.0,
            "y": 276
          },
          {
            "x": 171,
            "y": 275
          },
          {
            "x": 171,
            "y": 274
          },
          {
            "x": 170.0,
            "y": 273
          },
          {
            "x": 170.0,
            "y": 272
          },
          {
            "x": 169,
            "y": 271
          },
          {
            "x": 169,
            "y": 258
          },
          {
            "x": 168,
            "y": 257
          },
          {
            "x": 168,
            "y": 253
          },
          {
            "x": 167,
            "y": 252
          },
          {
            "x": 161,
            "y": 252
          },
          {
            "x": 160,
            "y": 251
          },
          {
            "x": 157,
            "y": 251
          },
          {
            "x": 156,
            "y": 250
          },
          {
            "x": 153,
            "y": 250
          },
          {
            "x": 152,
            "y": 249
          },
          {
            "x": 146,
            "y": 249
          },
          {
            "x": 145,
            "y": 248
          },
          {
            "x": 144,
            "y": 248
          },
          {
            "x": 142,
            "y": 246
          },
          {
            "x": 142,
            "y": 245
          },
          {
            "x": 141,
            "y": 244
          },
          {
            "x": 141,
            "y": 243
          },
          {
            "x": 140,
            "y": 242
          },
          {
            "x": 140,
            "y": 240
          },
          {
            "x": 139,
            "y": 239.0
          },
          {
            "x": 139,
            "y": 237
          },
          {
            "x": 138,
            "y": 236
          },
          {
            "x": 138,
            "y": 230
          },
          {
            "x": 137,
            "y": 229
          },
          {
            "x": 137,
            "y": 228
          },
          {
            "x": 134,
            "y": 225
          },
          {
            "x": 134,
            "y": 224
          },
          {
            "x": 131,
            "y": 221
          },
          {
            "x": 131,
            "y": 220
          }
        ]
      }
    }
  ]
}