{
  "image": {
    "width": 267,
    "height": 400,
    "filename": "00000089.jpg",
    "original_filename": "000568.jpg",
    "url": "https://darwin.v7labs.com/api/images/1212461/original?token=cd62f37c-afe4-4d19-9fa3-5be62f6a54a9",
    "thumbnail_url": "https://darwin.v7labs.com/api/images/1212461/thumbnail?token=cd62f37c-afe4-4d19-9fa3-5be62f6a54a9",
    "workview_url": "https://darwin.v7labs.com/workview?dataset=1177&image=89"
  },
  "dataset": "Fashion_3",
  "annotated": true,
  "annotations": [
    {
      "name": "Trousers Polygon ",
      "polygon": {
        "path": [
          {
            "x": 127.15,
            "y": 223
          },
          {
            "x": 127.15,
            "y": 224
          },
          {
            "x": 127.56,
            "y": 225.74
          },
          {
            "x": 127.56,
            "y": 228.0
          },
          {
            "x": 128.11,
            "y": 229.74
          },
          {
            "x": 127.97,
            "y": 230.89
          },
          {
            "x": 128.52,
            "y": 232.33
          },
          {
            "x": 129.41,
            "y": 237.3
          },
          {
            "x": 129.67,
            "y": 239.03
          },
          {
            "x": 131.15,
            "y": 247.0
          },
          {
            "x": 132.15,
            "y": 248
          },
          {
            "x": 132.15,
            "y": 250
          },
          {
            "x": 131.15,
            "y": 251
          },
          {
            "x": 131.15,
            "y": 252.0
          },
          {
            "x": 130.15,
            "y": 253.0
          },
          {
            "x": 124.15,
            "y": 253.0
          },
          {
            "x": 123.15,
            "y": 254.0
          },
          {
            "x": 121.15,
            "y": 254.0
          },
          {
            "x": 120.15,
            "y": 255
          },
          {
            "x": 119.15,
            "y": 255
          },
          {
            "x": 118.15,
            "y": 256
          },
          {
            "x": 117.15,
            "y": 256
          },
          {
            "x": 116.15,
            "y": 257
          },
          {
            "x": 115.15,
            "y": 257
          },
          {
            "x": 113.15,
            "y": 259
          },
          {
            "x": 112.15,
            "y": 259
          },
          {
            "x": 110.15,
            "y": 261
          },
          {
            "x": 110.15,
            "y": 270
          },
          {
            "x": 111.15,
            "y": 271
          },
          {
            "x": 111.15,
            "y": 274
          },
          {
            "x": 112.15,
            "y": 275
          },
          {
            "x": 112.15,
            "y": 277
          },
          {
            "x": 111.97,
            "y": 278.3
          },
          {
            "x": 112.11,
            "y": 281
          },
          {
            "x": 112.15,
            "y": 282
          },
          {
            "x": 111.11,
            "y": 292.38
          },
          {
            "x": 111.15,
            "y": 295
          },
          {
            "x": 111.15,
            "y": 297
          },
          {
            "x": 111.56,
            "y": 298.89
          },
          {
            "x": 111.26,
            "y": 310.15
          },
          {
            "x": 111.67,
            "y": 312.03
          },
          {
            "x": 113.15,
            "y": 317
          },
          {
            "x": 114.15,
            "y": 318
          },
          {
            "x": 114.15,
            "y": 320
          },
          {
            "x": 115.15,
            "y": 321
          },
          {
            "x": 115.15,
            "y": 326
          },
          {
            "x": 114.15,
            "y": 327
          },
          {
            "x": 114.15,
            "y": 328
          },
          {
            "x": 115.15,
            "y": 329
          },
          {
            "x": 115.15,
            "y": 331
          },
          {
            "x": 116.15,
            "y": 332
          },
          {
            "x": 116.15,
            "y": 336
          },
          {
            "x": 117.15,
            "y": 337
          },
          {
            "x": 121.15,
            "y": 337
          },
          {
            "x": 122.15,
            "y": 336
          },
          {
            "x": 123.15,
            "y": 336
          },
          {
            "x": 124.15,
            "y": 335
          },
          {
            "x": 127.15,
            "y": 335
          },
          {
            "x": 128.15,
            "y": 336
          },
          {
            "x": 131.15,
            "y": 336
          },
          {
            "x": 132.15,
            "y": 335
          },
          {
            "x": 132.15,
            "y": 332
          },
          {
            "x": 131.15,
            "y": 331
          },
          {
            "x": 131.15,
            "y": 327
          },
          {
            "x": 132.15,
            "y": 326
          },
          {
            "x": 132.15,
            "y": 321
          },
          {
            "x": 131.15,
            "y": 320
          },
          {
            "x": 131.15,
            "y": 314
          },
          {
            "x": 130.15,
            "y": 313
          },
          {
            "x": 130.15,
            "y": 303
          },
          {
            "x": 129.15,
            "y": 302
          },
          {
            "x": 129.15,
            "y": 300
          },
          {
            "x": 128.15,
            "y": 299
          },
          {
            "x": 128.15,
            "y": 297
          },
          {
            "x": 129.15,
            "y": 296
          },
          {
            "x": 129.15,
            "y": 294
          },
          {
            "x": 128.15,
            "y": 293
          },
          {
            "x": 128.15,
            "y": 292
          },
          {
            "x": 127.15,
            "y": 291
          },
          {
            "x": 127.15,
            "y": 288
          },
          {
            "x": 128.15,
            "y": 287
          },
          {
            "x": 128.15,
            "y": 285
          },
          {
            "x": 127.15,
            "y": 284
          },
          {
            "x": 127.15,
            "y": 282
          },
          {
            "x": 128.15,
            "y": 281
          },
          {
            "x": 128.15,
            "y": 273
          },
          {
            "x": 129.15,
            "y": 272
          },
          {
            "x": 129.15,
            "y": 266
          },
          {
            "x": 130.15,
            "y": 265
          },
          {
            "x": 130.15,
            "y": 256
          },
          {
            "x": 132.15,
            "y": 254.0
          },
          {
            "x": 133.15,
            "y": 255
          },
          {
            "x": 133.15,
            "y": 269
          },
          {
            "x": 134.15,
            "y": 270
          },
          {
            "x": 134.15,
            "y": 277
          },
          {
            "x": 135.15,
            "y": 278
          },
          {
            "x": 135.15,
            "y": 283
          },
          {
            "x": 136.15,
            "y": 284
          },
          {
            "x": 136.15,
            "y": 297
          },
          {
            "x": 135.15,
            "y": 298
          },
          {
            "x": 135.15,
            "y": 324
          },
          {
            "x": 136.15,
            "y": 325
          },
          {
            "x": 136.15,
            "y": 326
          },
          {
            "x": 135.15,
            "y": 327
          },
          {
            "x": 135.15,
            "y": 337
          },
          {
            "x": 136.15,
            "y": 337
          },
          {
            "x": 137.15,
            "y": 338
          },
          {
            "x": 138.15,
            "y": 337
          },
          {
            "x": 139.15,
            "y": 337
          },
          {
            "x": 140.15,
            "y": 336
          },
          {
            "x": 141.15,
            "y": 336
          },
          {
            "x": 142.15,
            "y": 335
          },
          {
            "x": 147.15,
            "y": 335
          },
          {
            "x": 149.15,
            "y": 337
          },
          {
            "x": 151.15,
            "y": 337
          },
          {
            "x": 151.15,
            "y": 329
          },
          {
            "x": 152.15,
            "y": 328
          },
          {
            "x": 152.15,
            "y": 319
          },
          {
            "x": 151.15,
            "y": 318
          },
          {
            "x": 151.15,
            "y": 309
          },
          {
            "x": 152.15,
            "y": 308
          },
          {
            "x": 152.15,
            "y": 293
          },
          {
            "x": 151.15,
            "y": 292
          },
          {
            "x": 151.15,
            "y": 281
          },
          {
            "x": 152.15,
            "y": 280
          },
          {
            "x": 152.15,
            "y": 277
          },
          {
            "x": 153.15,
            "y": 276
          },
          {
            "x": 153.15,
            "y": 269
          },
          {
            "x": 154.15,
            "y": 268
          },
          {
            "x": 154.15,
            "y": 259
          },
          {
            "x": 156.15,
            "y": 257
          },
          {
            "x": 154.15,
            "y": 255
          },
          {
            "x": 153.15,
            "y": 255
          },
          {
            "x": 152.15,
            "y": 254.0
          },
          {
            "x": 150.15,
            "y": 254.0
          },
          {
            "x": 149.15,
            "y": 253.0
          },
          {
            "x": 147.15,
            "y": 253.0
          },
          {
            "x": 146.15,
            "y": 252.0
          },
          {
            "x": 145.15,
            "y": 252.0
          },
          {
            "x": 144.15,
            "y": 251
          },
          {
            "x": 142.15,
            "y": 251
          },
          {
            "x": 141.15,
            "y": 250
          },
          {
            "x": 139.15,
            "y": 250
          },
          {
            "x": 137.15,
            "y": 248
          },
          {
            "x": 137.15,
            "y": 245
          },
          {
            "x": 138.15,
            "y": 244
          },
          {
            "x": 138.15,
            "y": 240.0
          },
          {
            "x": 139.15,
            "y": 239
          },
          {
            "x": 141.66,
            "y": 232.44
          },
          {
            "x": 142.44,
            "y": 228.41
          },
          {
            "x": 143.33,
            "y": 225
          },
          {
            "x": 138.44,
            "y": 225
          },
          {
            "x": 137.15,
            "y": 224
          },
          {
            "x": 132.15,
            "y": 224
          },
          {
            "x": 131.15,
            "y": 223
          }
        ]
      }
    },
    {
      "name": "Coat Polygon ",
      "polygon": {
        "path": [
          {
            "x": 121.0,
            "y": 133
          },
          {
            "x": 120.0,
            "y": 133
          },
          {
            "x": 119.0,
            "y": 134
          },
          {
            "x": 119.0,
            "y": 135
          },
          {
            "x": 117,
            "y": 137
          },
          {
            "x": 116,
            "y": 137
          },
          {
            "x": 116,
            "y": 138
          },
          {
            "x": 115.0,
            "y": 139
          },
          {
            "x": 114.0,
            "y": 139
          },
          {
            "x": 112.0,
            "y": 141
          },
          {
            "x": 111.0,
            "y": 141
          },
          {
            "x": 110.0,
            "y": 142
          },
          {
            "x": 109,
            "y": 142
          },
          {
            "x": 108,
            "y": 143
          },
          {
            "x": 106.0,
            "y": 143
          },
          {
            "x": 105.0,
            "y": 144
          },
          {
            "x": 104.0,
            "y": 144
          },
          {
            "x": 100,
            "y": 148
          },
          {
            "x": 100,
            "y": 149
          },
          {
            "x": 99.0,
            "y": 150
          },
          {
            "x": 99.0,
            "y": 151
          },
          {
            "x": 98.0,
            "y": 152
          },
          {
            "x": 98.0,
            "y": 155
          },
          {
            "x": 97.0,
            "y": 156
          },
          {
            "x": 97.0,
            "y": 157
          },
          {
            "x": 96.0,
            "y": 158
          },
          {
            "x": 96.0,
            "y": 161
          },
          {
            "x": 95.0,
            "y": 162
          },
          {
            "x": 95.0,
            "y": 165
          },
          {
            "x": 94,
            "y": 166
          },
          {
            "x": 94,
            "y": 169
          },
          {
            "x": 93,
            "y": 170
          },
          {
            "x": 93,
            "y": 175
          },
          {
            "x": 92,
            "y": 176
          },
          {
            "x": 92,
            "y": 186
          },
          {
            "x": 91.0,
            "y": 187
          },
          {
            "x": 91.0,
            "y": 193
          },
          {
            "x": 92,
            "y": 194
          },
          {
            "x": 92,
            "y": 203
          },
          {
            "x": 93,
            "y": 204
          },
          {
            "x": 93,
            "y": 218
          },
          {
            "x": 94,
            "y": 219
          },
          {
            "x": 94,
            "y": 224
          },
          {
            "x": 95.0,
            "y": 225
          },
          {
            "x": 95.0,
            "y": 231
          },
          {
            "x": 97.0,
            "y": 233
          },
          {
            "x": 97.0,
            "y": 234
          },
          {
            "x": 98.0,
            "y": 235
          },
          {
            "x": 98.0,
            "y": 242
          },
          {
            "x": 99.0,
            "y": 243.0
          },
          {
            "x": 99.0,
            "y": 248
          },
          {
            "x": 100,
            "y": 249
          },
          {
            "x": 100,
            "y": 252.0
          },
          {
            "x": 104.0,
            "y": 256
          },
          {
            "x": 104.0,
            "y": 259
          },
          {
            "x": 105.0,
            "y": 260
          },
          {
            "x": 109,
            "y": 260
          },
          {
            "x": 110.0,
            "y": 259
          },
          {
            "x": 111.0,
            "y": 259
          },
          {
            "x": 113.0,
            "y": 257
          },
          {
            "x": 114.0,
            "y": 257
          },
          {
            "x": 116,
            "y": 255
          },
          {
            "x": 118.0,
            "y": 255
          },
          {
            "x": 119.0,
            "y": 254
          },
          {
            "x": 120.0,
            "y": 254
          },
          {
            "x": 121.0,
            "y": 253.0
          },
          {
            "x": 123,
            "y": 253.0
          },
          {
            "x": 124,
            "y": 252.0
          },
          {
            "x": 126.0,
            "y": 252.0
          },
          {
            "x": 127.0,
            "y": 253.0
          },
          {
            "x": 129.0,
            "y": 253.0
          },
          {
            "x": 130,
            "y": 252.0
          },
          {
            "x": 130,
            "y": 246
          },
          {
            "x": 129.0,
            "y": 245.0
          },
          {
            "x": 129.0,
            "y": 240
          },
          {
            "x": 128.0,
            "y": 239
          },
          {
            "x": 128.0,
            "y": 233
          },
          {
            "x": 127.0,
            "y": 232
          },
          {
            "x": 127.0,
            "y": 230.0
          },
          {
            "x": 126.0,
            "y": 229.0
          },
          {
            "x": 126.0,
            "y": 225
          },
          {
            "x": 125,
            "y": 224
          },
          {
            "x": 125,
            "y": 220.0
          },
          {
            "x": 124,
            "y": 219
          },
          {
            "x": 124,
            "y": 216
          },
          {
            "x": 123,
            "y": 215
          },
          {
            "x": 123,
            "y": 208
          },
          {
            "x": 122.0,
            "y": 207.0
          },
          {
            "x": 122.0,
            "y": 197.0
          },
          {
            "x": 121.0,
            "y": 196
          },
          {
            "x": 121.0,
            "y": 183
          },
          {
            "x": 122.0,
            "y": 182
          },
          {
            "x": 122.0,
            "y": 173
          },
          {
            "x": 123,
            "y": 172
          },
          {
            "x": 123,
            "y": 153
          },
          {
            "x": 122.0,
            "y": 152
          },
          {
            "x": 122.0,
            "y": 144
          },
          {
            "x": 121.0,
            "y": 143
          }
        ]
      }
    },
    {
      "name": "Coat Polygon ",
      "polygon": {
        "path": [
          {
            "x": 143.0,
            "y": 133
          },
          {
            "x": 143.0,
            "y": 134
          },
          {
            "x": 145.0,
            "y": 136
          },
          {
            "x": 145.0,
            "y": 141
          },
          {
            "x": 146,
            "y": 142
          },
          {
            "x": 146,
            "y": 146
          },
          {
            "x": 147,
            "y": 147
          },
          {
            "x": 147,
            "y": 150
          },
          {
            "x": 148,
            "y": 151
          },
          {
            "x": 148,
            "y": 177
          },
          {
            "x": 149,
            "y": 178
          },
          {
            "x": 149,
            "y": 208
          },
          {
            "x": 148,
            "y": 209
          },
          {
            "x": 148,
            "y": 211
          },
          {
            "x": 147,
            "y": 212.0
          },
          {
            "x": 147,
            "y": 216
          },
          {
            "x": 146,
            "y": 217
          },
          {
            "x": 146,
            "y": 221.0
          },
          {
            "x": 145.0,
            "y": 222.0
          },
          {
            "x": 145.0,
            "y": 224
          },
          {
            "x": 144.0,
            "y": 225
          },
          {
            "x": 144.0,
            "y": 229.0
          },
          {
            "x": 143.0,
            "y": 230.0
          },
          {
            "x": 143.0,
            "y": 232
          },
          {
            "x": 142.0,
            "y": 233
          },
          {
            "x": 142.0,
            "y": 235
          },
          {
            "x": 141,
            "y": 236.0
          },
          {
            "x": 141,
            "y": 238.0
          },
          {
            "x": 140,
            "y": 239
          },
          {
            "x": 140,
            "y": 241
          },
          {
            "x": 139,
            "y": 242
          },
          {
            "x": 139,
            "y": 243.0
          },
          {
            "x": 138,
            "y": 244.0
          },
          {
            "x": 138,
            "y": 248
          },
          {
            "x": 139,
            "y": 249
          },
          {
            "x": 142.0,
            "y": 249
          },
          {
            "x": 143.0,
            "y": 250
          },
          {
            "x": 144.0,
            "y": 250
          },
          {
            "x": 145.0,
            "y": 251.0
          },
          {
            "x": 146,
            "y": 251.0
          },
          {
            "x": 147,
            "y": 252.0
          },
          {
            "x": 149,
            "y": 252.0
          },
          {
            "x": 150.0,
            "y": 253.0
          },
          {
            "x": 151.0,
            "y": 253.0
          },
          {
            "x": 152.0,
            "y": 254
          },
          {
            "x": 153,
            "y": 254
          },
          {
            "x": 154,
            "y": 255
          },
          {
            "x": 156,
            "y": 255
          },
          {
            "x": 157,
            "y": 254
          },
          {
            "x": 157,
            "y": 253.0
          },
          {
            "x": 158.0,
            "y": 252.0
          },
          {
            "x": 158.0,
            "y": 251.0
          },
          {
            "x": 160.0,
            "y": 249
          },
          {
            "x": 160.0,
            "y": 248
          },
          {
            "x": 162,
            "y": 246
          },
          {
            "x": 162,
            "y": 245.0
          },
          {
            "x": 163,
            "y": 244.0
          },
          {
            "x": 163,
            "y": 242
          },
          {
            "x": 164,
            "y": 241
          },
          {
            "x": 164,
            "y": 240
          },
          {
            "x": 166.0,
            "y": 238.0
          },
          {
            "x": 166.0,
            "y": 237.0
          },
          {
            "x": 167.0,
            "y": 236.0
          },
          {
            "x": 167.0,
            "y": 235
          },
          {
            "x": 166.0,
            "y": 234
          },
          {
            "x": 166.0,
            "y": 230.0
          },
          {
            "x": 169,
            "y": 227
          },
          {
            "x": 169,
            "y": 224
          },
          {
            "x": 168.0,
            "y": 223
          },
          {
            "x": 168.0,
            "y": 218
          },
          {
            "x": 169,
            "y": 217
          },
          {
            "x": 169,
            "y": 212.0
          },
          {
            "x": 170,
            "y": 211
          },
          {
            "x": 170,
            "y": 191.0
          },
          {
            "x": 169,
            "y": 190.0
          },
          {
            "x": 169,
            "y": 180
          },
          {
            "x": 168.0,
            "y": 179
          },
          {
            "x": 168.0,
            "y": 172
          },
          {
            "x": 167.0,
            "y": 171
          },
          {
            "x": 167.0,
            "y": 165
          },
          {
            "x": 166.0,
            "y": 164
          },
          {
            "x": 166.0,
            "y": 159
          },
          {
            "x": 165.0,
            "y": 158
          },
          {
            "x": 165.0,
            "y": 154
          },
          {
            "x": 164,
            "y": 153
          },
          {
            "x": 164,
            "y": 151
          },
          {
            "x": 163,
            "y": 150
          },
          {
            "x": 163,
            "y": 149
          },
          {
            "x": 162,
            "y": 148
          },
          {
            "x": 162,
            "y": 147
          },
          {
            "x": 161,
            "y": 146
          },
          {
            "x": 161,
            "y": 145
          },
          {
            "x": 159.0,
            "y": 143
          },
          {
            "x": 158.0,
            "y": 143
          },
          {
            "x": 156,
            "y": 141
          },
          {
            "x": 155,
            "y": 141
          },
          {
            "x": 154,
            "y": 140
          },
          {
            "x": 153,
            "y": 140
          },
          {
            "x": 152.0,
            "y": 139
          },
          {
            "x": 150.0,
            "y": 139
          },
          {
            "x": 149,
            "y": 138
          },
          {
            "x": 148,
            "y": 138
          },
          {
            "x": 146,
            "y": 136
          },
          {
            "x": 146,
            "y": 135
          },
          {
            "x": 144.0,
            "y": 133
          }
        ]
      }
    }
  ]
}