{
  "image": {
    "width": 267,
    "height": 400,
    "filename": "00000060.jpg",
    "original_filename": "000300.jpg",
    "url": "https://darwin.v7labs.com/api/images/1212202/original?token=16d6037d-33e8-4c8d-8cb7-761abbebab61",
    "thumbnail_url": "https://darwin.v7labs.com/api/images/1212202/thumbnail?token=16d6037d-33e8-4c8d-8cb7-761abbebab61",
    "workview_url": "https://darwin.v7labs.com/workview?dataset=1176&image=60"
  },
  "dataset": "Fashion_2",
  "annotated": true,
  "annotations": [
    {
      "name": "Trousers Polygon ",
      "polygon": {
        "path": [
          {
            "x": 155.86,
            "y": 218.28
          },
          {
            "x": 154.86,
            "y": 218.28
          },
          {
            "x": 152.86,
            "y": 220.28
          },
          {
            "x": 152.86,
            "y": 221.28
          },
          {
            "x": 149.86,
            "y": 224.28
          },
          {
            "x": 148.86,
            "y": 224.28
          },
          {
            "x": 147.86,
            "y": 225.28
          },
          {
            "x": 146.86,
            "y": 225.28
          },
          {
            "x": 145.86,
            "y": 226.28
          },
          {
            "x": 143.86,
            "y": 226.28
          },
          {
            "x": 142.86,
            "y": 227.28
          },
          {
            "x": 137.86,
            "y": 227.28
          },
          {
            "x": 136.86,
            "y": 228.28
          },
          {
            "x": 126.86,
            "y": 228.28
          },
          {
            "x": 125.86,
            "y": 227.28
          },
          {
            "x": 118.86,
            "y": 227.28
          },
          {
            "x": 117.86,
            "y": 226.28
          },
          {
            "x": 113.86,
            "y": 226.28
          },
          {
            "x": 112.86,
            "y": 227.28
          },
          {
            "x": 107.86,
            "y": 227.28
          },
          {
            "x": 108.09,
            "y": 228.8
          },
          {
            "x": 108.12,
            "y": 229.41
          },
          {
            "x": 107.94,
            "y": 229.75
          },
          {
            "x": 108.36,
            "y": 230.34
          },
          {
            "x": 107.56,
            "y": 230.82
          },
          {
            "x": 108.18,
            "y": 231.41
          },
          {
            "x": 107.94,
            "y": 231.69
          },
          {
            "x": 108.36,
            "y": 231.87
          },
          {
            "x": 108.84,
            "y": 233.0
          },
          {
            "x": 109.86,
            "y": 236.28
          },
          {
            "x": 109.86,
            "y": 237.28
          },
          {
            "x": 110.86,
            "y": 238.28
          },
          {
            "x": 110.86,
            "y": 241.28
          },
          {
            "x": 109.86,
            "y": 242.28
          },
          {
            "x": 108.86,
            "y": 242.28
          },
          {
            "x": 105.86,
            "y": 239.28
          },
          {
            "x": 103.86,
            "y": 239.28
          },
          {
            "x": 103.86,
            "y": 240.28
          },
          {
            "x": 101.86,
            "y": 242.28
          },
          {
            "x": 100.86,
            "y": 242.28
          },
          {
            "x": 100.86,
            "y": 247.28
          },
          {
            "x": 101.86,
            "y": 248.28
          },
          {
            "x": 101.86,
            "y": 251.28
          },
          {
            "x": 102.86,
            "y": 252.28
          },
          {
            "x": 102.86,
            "y": 255.28
          },
          {
            "x": 103.86,
            "y": 256.28
          },
          {
            "x": 103.86,
            "y": 261.28
          },
          {
            "x": 104.86,
            "y": 262.28
          },
          {
            "x": 104.86,
            "y": 265.28
          },
          {
            "x": 105.86,
            "y": 266.28
          },
          {
            "x": 105.86,
            "y": 270.28
          },
          {
            "x": 106.86,
            "y": 271.28
          },
          {
            "x": 106.86,
            "y": 272.28
          },
          {
            "x": 107.86,
            "y": 273.28
          },
          {
            "x": 107.86,
            "y": 276.28
          },
          {
            "x": 108.86,
            "y": 277.28
          },
          {
            "x": 108.86,
            "y": 279.28
          },
          {
            "x": 109.86,
            "y": 280.28
          },
          {
            "x": 109.86,
            "y": 286.28
          },
          {
            "x": 110.86,
            "y": 287.28
          },
          {
            "x": 110.86,
            "y": 300.28
          },
          {
            "x": 111.86,
            "y": 301.28
          },
          {
            "x": 110.86,
            "y": 302.28
          },
          {
            "x": 110.86,
            "y": 304.28
          },
          {
            "x": 109.86,
            "y": 305.28
          },
          {
            "x": 109.86,
            "y": 306.28
          },
          {
            "x": 108.86,
            "y": 307.28
          },
          {
            "x": 108.86,
            "y": 309.28
          },
          {
            "x": 107.86,
            "y": 310.28
          },
          {
            "x": 107.86,
            "y": 316.28
          },
          {
            "x": 108.86,
            "y": 317.28
          },
          {
            "x": 108.86,
            "y": 320.28
          },
          {
            "x": 109.86,
            "y": 321.28
          },
          {
            "x": 109.86,
            "y": 326.28
          },
          {
            "x": 110.86,
            "y": 327.28
          },
          {
            "x": 110.86,
            "y": 329.28
          },
          {
            "x": 111.86,
            "y": 330.28
          },
          {
            "x": 111.86,
            "y": 332.28
          },
          {
            "x": 112.86,
            "y": 333.28
          },
          {
            "x": 112.86,
            "y": 336.28
          },
          {
            "x": 113.86,
            "y": 337.28
          },
          {
            "x": 113.86,
            "y": 339.28
          },
          {
            "x": 114.86,
            "y": 340.28
          },
          {
            "x": 114.86,
            "y": 343.28
          },
          {
            "x": 115.86,
            "y": 344.28
          },
          {
            "x": 115.86,
            "y": 349.28
          },
          {
            "x": 116.86,
            "y": 350.28
          },
          {
            "x": 116.86,
            "y": 352.28
          },
          {
            "x": 119.86,
            "y": 355.28
          },
          {
            "x": 126.86,
            "y": 355.28
          },
          {
            "x": 128.0,
            "y": 355.07
          },
          {
            "x": 131.93,
            "y": 354.64
          },
          {
            "x": 132.86,
            "y": 353.28
          },
          {
            "x": 133.86,
            "y": 353.28
          },
          {
            "x": 133.86,
            "y": 352.28
          },
          {
            "x": 137.86,
            "y": 348.28
          },
          {
            "x": 144.86,
            "y": 348.28
          },
          {
            "x": 146.86,
            "y": 350.28
          },
          {
            "x": 147.86,
            "y": 349.28
          },
          {
            "x": 148.86,
            "y": 349.28
          },
          {
            "x": 151.86,
            "y": 348.36
          },
          {
            "x": 153.01,
            "y": 346.21
          },
          {
            "x": 154.43,
            "y": 344.28
          },
          {
            "x": 154.93,
            "y": 343.71
          },
          {
            "x": 155.43,
            "y": 342.43
          },
          {
            "x": 156.22,
            "y": 341.72
          },
          {
            "x": 157.36,
            "y": 339.86
          },
          {
            "x": 158.08,
            "y": 336.28
          },
          {
            "x": 156.5,
            "y": 335.93
          },
          {
            "x": 157.86,
            "y": 334.28
          },
          {
            "x": 157.86,
            "y": 333.28
          },
          {
            "x": 156.86,
            "y": 332.28
          },
          {
            "x": 156.86,
            "y": 328.28
          },
          {
            "x": 157.86,
            "y": 327.28
          },
          {
            "x": 158.7,
            "y": 325.39
          },
          {
            "x": 159.84,
            "y": 322.98
          },
          {
            "x": 159.7,
            "y": 320.4
          },
          {
            "x": 159.86,
            "y": 318.28
          },
          {
            "x": 159.86,
            "y": 315.28
          },
          {
            "x": 160.86,
            "y": 314.28
          },
          {
            "x": 160.86,
            "y": 312.28
          },
          {
            "x": 161.86,
            "y": 311.28
          },
          {
            "x": 161.86,
            "y": 309.28
          },
          {
            "x": 162.86,
            "y": 308.28
          },
          {
            "x": 162.86,
            "y": 307.28
          },
          {
            "x": 163.86,
            "y": 306.28
          },
          {
            "x": 163.86,
            "y": 305.28
          },
          {
            "x": 164.86,
            "y": 304.28
          },
          {
            "x": 164.86,
            "y": 301.28
          },
          {
            "x": 165.86,
            "y": 300.28
          },
          {
            "x": 167.4,
            "y": 296.39
          },
          {
            "x": 167.84,
            "y": 295.11
          },
          {
            "x": 167.56,
            "y": 288.37
          },
          {
            "x": 168.84,
            "y": 285.55
          },
          {
            "x": 169.26,
            "y": 281.79
          },
          {
            "x": 168.86,
            "y": 277.28
          },
          {
            "x": 168.86,
            "y": 268.28
          },
          {
            "x": 170.86,
            "y": 266.28
          },
          {
            "x": 171.15,
            "y": 264.59
          },
          {
            "x": 172.0,
            "y": 262.6
          },
          {
            "x": 172.86,
            "y": 259.74
          },
          {
            "x": 172.86,
            "y": 254.28
          },
          {
            "x": 173.86,
            "y": 253.28
          },
          {
            "x": 173.86,
            "y": 237.28
          },
          {
            "x": 170.86,
            "y": 234.28
          },
          {
            "x": 169.86,
            "y": 234.28
          },
          {
            "x": 168.86,
            "y": 233.28
          },
          {
            "x": 166.86,
            "y": 235.28
          },
          {
            "x": 165.86,
            "y": 235.28
          },
          {
            "x": 164.86,
            "y": 236.28
          },
          {
            "x": 162.86,
            "y": 236.28
          },
          {
            "x": 161.86,
            "y": 235.28
          },
          {
            "x": 161.86,
            "y": 233.28
          },
          {
            "x": 166.86,
            "y": 228.28
          },
          {
            "x": 166.86,
            "y": 223.28
          },
          {
            "x": 165.86,
            "y": 222.28
          },
          {
            "x": 160.86,
            "y": 222.28
          },
          {
            "x": 159.86,
            "y": 221.28
          },
          {
            "x": 158.86,
            "y": 221.28
          }
        ]
      }
    },
    {
      "bounding_box": {
        "h": 24.11,
        "w": 37.0,
        "x": 112.9,
        "y": 355.91
      },
      "name": "Sneakers"
    }
  ]
}