{
  "image": {
    "width": 266,
    "height": 400,
    "filename": "00000009.jpg",
    "original_filename": "000488.jpg",
    "url": "https://darwin.v7labs.com/api/images/1212381/original?token=cd62f37c-afe4-4d19-9fa3-5be62f6a54a9",
    "thumbnail_url": "https://darwin.v7labs.com/api/images/1212381/thumbnail?token=cd62f37c-afe4-4d19-9fa3-5be62f6a54a9",
    "workview_url": "https://darwin.v7labs.com/workview?dataset=1177&image=9"
  },
  "dataset": "Fashion_3",
  "annotated": true,
  "annotations": [
    {
      "name": "Coat Polygon ",
      "polygon": {
        "path": [
          {
            "x": 90.0,
            "y": 131
          },
          {
            "x": 88,
            "y": 133
          },
          {
            "x": 88,
            "y": 134
          },
          {
            "x": 87,
            "y": 135
          },
          {
            "x": 87,
            "y": 136
          },
          {
            "x": 86.0,
            "y": 137
          },
          {
            "x": 86.0,
            "y": 142
          },
          {
            "x": 85.0,
            "y": 143
          },
          {
            "x": 85.0,
            "y": 147
          },
          {
            "x": 84.0,
            "y": 148
          },
          {
            "x": 84.0,
            "y": 150
          },
          {
            "x": 83.0,
            "y": 151
          },
          {
            "x": 83.0,
            "y": 158
          },
          {
            "x": 82,
            "y": 159
          },
          {
            "x": 82,
            "y": 162
          },
          {
            "x": 81,
            "y": 163
          },
          {
            "x": 81,
            "y": 171
          },
          {
            "x": 80.0,
            "y": 172
          },
          {
            "x": 80.0,
            "y": 174
          },
          {
            "x": 79.0,
            "y": 175
          },
          {
            "x": 79.0,
            "y": 177
          },
          {
            "x": 78.0,
            "y": 178
          },
          {
            "x": 78.0,
            "y": 180
          },
          {
            "x": 77.0,
            "y": 181
          },
          {
            "x": 77.0,
            "y": 192
          },
          {
            "x": 78.0,
            "y": 193
          },
          {
            "x": 78.0,
            "y": 200
          },
          {
            "x": 79.0,
            "y": 201
          },
          {
            "x": 79.0,
            "y": 203
          },
          {
            "x": 80.0,
            "y": 204.0
          },
          {
            "x": 80.0,
            "y": 207
          },
          {
            "x": 81,
            "y": 208
          },
          {
            "x": 82,
            "y": 208
          },
          {
            "x": 82,
            "y": 206
          },
          {
            "x": 84.0,
            "y": 204.0
          },
          {
            "x": 85.0,
            "y": 204.0
          },
          {
            "x": 86.0,
            "y": 203
          },
          {
            "x": 87,
            "y": 203
          },
          {
            "x": 88,
            "y": 202
          },
          {
            "x": 93,
            "y": 202
          },
          {
            "x": 94,
            "y": 203
          },
          {
            "x": 94,
            "y": 207
          },
          {
            "x": 96.0,
            "y": 207
          },
          {
            "x": 97.0,
            "y": 208
          },
          {
            "x": 100,
            "y": 208
          },
          {
            "x": 101.0,
            "y": 209.0
          },
          {
            "x": 104.0,
            "y": 209.0
          },
          {
            "x": 105.0,
            "y": 210.0
          },
          {
            "x": 108.0,
            "y": 210.0
          },
          {
            "x": 109.0,
            "y": 211
          },
          {
            "x": 112,
            "y": 211
          },
          {
            "x": 113,
            "y": 212
          },
          {
            "x": 126.0,
            "y": 212
          },
          {
            "x": 127.0,
            "y": 213
          },
          {
            "x": 137,
            "y": 213
          },
          {
            "x": 138,
            "y": 212
          },
          {
            "x": 144.0,
            "y": 212
          },
          {
            "x": 145.0,
            "y": 213
          },
          {
            "x": 148,
            "y": 213
          },
          {
            "x": 149,
            "y": 212
          },
          {
            "x": 154.0,
            "y": 212
          },
          {
            "x": 154.0,
            "y": 211
          },
          {
            "x": 155.0,
            "y": 210.0
          },
          {
            "x": 155.0,
            "y": 206
          },
          {
            "x": 156.0,
            "y": 205
          },
          {
            "x": 157.0,
            "y": 205
          },
          {
            "x": 159.0,
            "y": 207
          },
          {
            "x": 160.0,
            "y": 207
          },
          {
            "x": 161,
            "y": 208
          },
          {
            "x": 162,
            "y": 207
          },
          {
            "x": 162,
            "y": 204.0
          },
          {
            "x": 163,
            "y": 203
          },
          {
            "x": 163,
            "y": 199
          },
          {
            "x": 164,
            "y": 198
          },
          {
            "x": 164,
            "y": 181
          },
          {
            "x": 163,
            "y": 180
          },
          {
            "x": 163,
            "y": 176
          },
          {
            "x": 162,
            "y": 175
          },
          {
            "x": 162,
            "y": 171
          },
          {
            "x": 161,
            "y": 170
          },
          {
            "x": 161,
            "y": 166
          },
          {
            "x": 160.0,
            "y": 165
          },
          {
            "x": 160.0,
            "y": 151
          },
          {
            "x": 159.0,
            "y": 150
          },
          {
            "x": 159.0,
            "y": 146
          },
          {
            "x": 158.0,
            "y": 145
          },
          {
            "x": 158.0,
            "y": 141
          },
          {
            "x": 157.0,
            "y": 140
          },
          {
            "x": 157.0,
            "y": 138
          },
          {
            "x": 156.0,
            "y": 137
          },
          {
            "x": 156.0,
            "y": 136
          },
          {
            "x": 155.0,
            "y": 135
          },
          {
            "x": 155.0,
            "y": 133
          },
          {
            "x": 152.0,
            "y": 130
          },
          {
            "x": 150,
            "y": 130
          },
          {
            "x": 149,
            "y": 129
          },
          {
            "x": 147.0,
            "y": 129
          },
          {
            "x": 146.0,
            "y": 128
          },
          {
            "x": 140.0,
            "y": 128
          },
          {
            "x": 139,
            "y": 127.0
          },
          {
            "x": 135.0,
            "y": 127.0
          },
          {
            "x": 133.0,
            "y": 125
          },
          {
            "x": 135.0,
            "y": 127.0
          },
          {
            "x": 135.0,
            "y": 129
          },
          {
            "x": 134.0,
            "y": 130
          },
          {
            "x": 134.0,
            "y": 131
          },
          {
            "x": 130.0,
            "y": 135
          },
          {
            "x": 129.0,
            "y": 135
          },
          {
            "x": 126.0,
            "y": 138
          },
          {
            "x": 125,
            "y": 138
          },
          {
            "x": 124,
            "y": 139
          },
          {
            "x": 122.0,
            "y": 139
          },
          {
            "x": 118.0,
            "y": 135
          },
          {
            "x": 117.0,
            "y": 135
          },
          {
            "x": 113,
            "y": 131
          },
          {
            "x": 113,
            "y": 130
          },
          {
            "x": 112,
            "y": 129
          },
          {
            "x": 111.0,
            "y": 129
          },
          {
            "x": 106,
            "y": 124
          },
          {
            "x": 106,
            "y": 123.0
          },
          {
            "x": 105.0,
            "y": 122
          },
          {
            "x": 102.0,
            "y": 125
          },
          {
            "x": 101.0,
            "y": 125
          },
          {
            "x": 99,
            "y": 127.0
          },
          {
            "x": 98.0,
            "y": 127.0
          },
          {
            "x": 96.0,
            "y": 129
          },
          {
            "x": 94,
            "y": 129
          },
          {
            "x": 93,
            "y": 130
          },
          {
            "x": 92.0,
            "y": 130
          },
          {
            "x": 91.0,
            "y": 131
          }
        ]
      }
    },
    {
      "name": "Dress Polygon ",
      "polygon": {
        "path": [
          {
            "x": 91.35,
            "y": 208.64
          },
          {
            "x": 90.25,
            "y": 210.68
          },
          {
            "x": 89.16,
            "y": 212.22
          },
          {
            "x": 88.58,
            "y": 213.09
          },
          {
            "x": 87.97,
            "y": 214.22
          },
          {
            "x": 87.84,
            "y": 220.13
          },
          {
            "x": 89.29,
            "y": 222.16
          },
          {
            "x": 89.87,
            "y": 223.81
          },
          {
            "x": 90.09,
            "y": 225.13
          },
          {
            "x": 90.09,
            "y": 231.87
          },
          {
            "x": 89.29,
            "y": 232.81
          },
          {
            "x": 88.45,
            "y": 234.81
          },
          {
            "x": 87.9,
            "y": 235.94
          },
          {
            "x": 87.64,
            "y": 238.87
          },
          {
            "x": 87.16,
            "y": 240.13
          },
          {
            "x": 86.69,
            "y": 241.9
          },
          {
            "x": 86.28,
            "y": 243.05
          },
          {
            "x": 85.69,
            "y": 246.05
          },
          {
            "x": 84.63,
            "y": 246.93
          },
          {
            "x": 85.0,
            "y": 248.93
          },
          {
            "x": 84.87,
            "y": 249.81
          },
          {
            "x": 84.87,
            "y": 250.81
          },
          {
            "x": 86.87,
            "y": 252.81
          },
          {
            "x": 88.87,
            "y": 252.81
          },
          {
            "x": 89.87,
            "y": 253.81
          },
          {
            "x": 91.87,
            "y": 253.81
          },
          {
            "x": 92.87,
            "y": 254.81
          },
          {
            "x": 96.87,
            "y": 254.81
          },
          {
            "x": 97.87,
            "y": 255.81
          },
          {
            "x": 111.87,
            "y": 255.81
          },
          {
            "x": 112.87,
            "y": 256.81
          },
          {
            "x": 133.87,
            "y": 256.81
          },
          {
            "x": 134.87,
            "y": 257.93
          },
          {
            "x": 153.87,
            "y": 257.81
          },
          {
            "x": 154.87,
            "y": 258.81
          },
          {
            "x": 156.87,
            "y": 258.81
          },
          {
            "x": 157.87,
            "y": 257.81
          },
          {
            "x": 157.87,
            "y": 250.81
          },
          {
            "x": 156.87,
            "y": 249.81
          },
          {
            "x": 156.87,
            "y": 217.81
          },
          {
            "x": 155.74,
            "y": 215.56
          },
          {
            "x": 154.87,
            "y": 214.81
          },
          {
            "x": 153.87,
            "y": 213.81
          },
          {
            "x": 152.87,
            "y": 214.81
          },
          {
            "x": 149.87,
            "y": 214.81
          },
          {
            "x": 148.87,
            "y": 215.81
          },
          {
            "x": 146.87,
            "y": 215.81
          },
          {
            "x": 144.87,
            "y": 213.81
          },
          {
            "x": 143.87,
            "y": 213.81
          },
          {
            "x": 142.87,
            "y": 212.81
          },
          {
            "x": 137.87,
            "y": 212.81
          },
          {
            "x": 136.87,
            "y": 213.81
          },
          {
            "x": 126.87,
            "y": 213.81
          },
          {
            "x": 125.87,
            "y": 212.81
          },
          {
            "x": 121.87,
            "y": 212.81
          },
          {
            "x": 120.87,
            "y": 213.81
          },
          {
            "x": 118.87,
            "y": 213.81
          },
          {
            "x": 117.87,
            "y": 212.81
          },
          {
            "x": 112.87,
            "y": 212.81
          },
          {
            "x": 111.87,
            "y": 211.81
          },
          {
            "x": 107.87,
            "y": 211.81
          },
          {
            "x": 106.87,
            "y": 210.81
          },
          {
            "x": 102.87,
            "y": 210.81
          },
          {
            "x": 101.87,
            "y": 209.81
          },
          {
            "x": 99.87,
            "y": 209.81
          },
          {
            "x": 98.87,
            "y": 208.81
          },
          {
            "x": 95.87,
            "y": 208.81
          },
          {
            "x": 94.87,
            "y": 207.81
          },
          {
            "x": 93.09,
            "y": 207.87
          }
        ]
      }
    },
    {
      "name": "Shoes Polygon ",
      "polygon": {
        "path": [
          {
            "x": 116,
            "y": 352
          },
          {
            "x": 115,
            "y": 353
          },
          {
            "x": 115,
            "y": 356
          },
          {
            "x": 114,
            "y": 357
          },
          {
            "x": 113,
            "y": 357
          },
          {
            "x": 112.0,
            "y": 358
          },
          {
            "x": 112.0,
            "y": 359.0
          },
          {
            "x": 111,
            "y": 360
          },
          {
            "x": 111,
            "y": 363
          },
          {
            "x": 110,
            "y": 364
          },
          {
            "x": 110,
            "y": 366
          },
          {
            "x": 109,
            "y": 367
          },
          {
            "x": 109,
            "y": 369
          },
          {
            "x": 108,
            "y": 370.0
          },
          {
            "x": 108,
            "y": 375
          },
          {
            "x": 109,
            "y": 376
          },
          {
            "x": 109,
            "y": 377
          },
          {
            "x": 110,
            "y": 377
          },
          {
            "x": 111,
            "y": 378
          },
          {
            "x": 119,
            "y": 378
          },
          {
            "x": 121,
            "y": 376
          },
          {
            "x": 121,
            "y": 375
          },
          {
            "x": 122,
            "y": 374
          },
          {
            "x": 124,
            "y": 376
          },
          {
            "x": 124,
            "y": 377
          },
          {
            "x": 125,
            "y": 378
          },
          {
            "x": 134,
            "y": 378
          },
          {
            "x": 137,
            "y": 375
          },
          {
            "x": 137,
            "y": 368
          },
          {
            "x": 138,
            "y": 367
          },
          {
            "x": 137,
            "y": 366
          },
          {
            "x": 137,
            "y": 364
          },
          {
            "x": 136,
            "y": 363
          },
          {
            "x": 136,
            "y": 359.0
          },
          {
            "x": 134,
            "y": 357
          },
          {
            "x": 134,
            "y": 356
          },
          {
            "x": 133,
            "y": 355
          },
          {
            "x": 133,
            "y": 354
          },
          {
            "x": 133,
            "y": 355
          },
          {
            "x": 131,
            "y": 357
          },
          {
            "x": 129,
            "y": 357
          },
          {
            "x": 128,
            "y": 356
          },
          {
            "x": 127,
            "y": 357
          },
          {
            "x": 127,
            "y": 360
          },
          {
            "x": 126,
            "y": 361
          },
          {
            "x": 126,
            "y": 364
          },
          {
            "x": 125,
            "y": 365
          },
          {
            "x": 125,
            "y": 366
          },
          {
            "x": 124,
            "y": 367
          },
          {
            "x": 123,
            "y": 366
          },
          {
            "x": 123,
            "y": 357
          },
          {
            "x": 120,
            "y": 357
          },
          {
            "x": 118,
            "y": 355
          },
          {
            "x": 118,
            "y": 353
          },
          {
            "x": 117,
            "y": 352
          }
        ]
      }
    }
  ]
}