{
  "image": {
    "width": 500,
    "height": 818,
    "filename": "00000776.jpg",
    "original_filename": "000176.jpg",
    "url": "https://darwin.v7labs.com/api/images/1212087/original?token=5cea58b9-0f48-4f62-9905-01f97ea9945c",
    "thumbnail_url": "https://darwin.v7labs.com/api/images/1212087/thumbnail?token=5cea58b9-0f48-4f62-9905-01f97ea9945c",
    "workview_url": "https://darwin.v7labs.com/workview?dataset=1161&image=776"
  },
  "dataset": "Fashion retail",
  "annotated": true,
  "annotations": [
    {
      "name": "Jacket",
      "polygon": {
        "path": [
          {
            "x": 182.0,
            "y": 147
          },
          {
            "x": 180,
            "y": 149
          },
          {
            "x": 179,
            "y": 149
          },
          {
            "x": 179,
            "y": 150
          },
          {
            "x": 178.0,
            "y": 151
          },
          {
            "x": 177.0,
            "y": 151
          },
          {
            "x": 176.0,
            "y": 152
          },
          {
            "x": 174,
            "y": 152
          },
          {
            "x": 171,
            "y": 155
          },
          {
            "x": 169,
            "y": 155
          },
          {
            "x": 167.0,
            "y": 157
          },
          {
            "x": 163.0,
            "y": 157
          },
          {
            "x": 161,
            "y": 159
          },
          {
            "x": 159.0,
            "y": 159
          },
          {
            "x": 158.0,
            "y": 160
          },
          {
            "x": 157,
            "y": 160
          },
          {
            "x": 156,
            "y": 161
          },
          {
            "x": 155,
            "y": 161
          },
          {
            "x": 154.0,
            "y": 162
          },
          {
            "x": 152,
            "y": 162
          },
          {
            "x": 151,
            "y": 163
          },
          {
            "x": 147,
            "y": 163
          },
          {
            "x": 146,
            "y": 164
          },
          {
            "x": 144.0,
            "y": 164
          },
          {
            "x": 143,
            "y": 165
          },
          {
            "x": 141,
            "y": 165
          },
          {
            "x": 139.0,
            "y": 167
          },
          {
            "x": 137,
            "y": 167
          },
          {
            "x": 136.0,
            "y": 168
          },
          {
            "x": 134.0,
            "y": 168
          },
          {
            "x": 133,
            "y": 169
          },
          {
            "x": 132,
            "y": 169
          },
          {
            "x": 130.0,
            "y": 171
          },
          {
            "x": 129,
            "y": 171
          },
          {
            "x": 127.0,
            "y": 173
          },
          {
            "x": 125.0,
            "y": 173
          },
          {
            "x": 125.0,
            "y": 174
          },
          {
            "x": 120.0,
            "y": 179
          },
          {
            "x": 119,
            "y": 179
          },
          {
            "x": 117.0,
            "y": 181
          },
          {
            "x": 116.0,
            "y": 181
          },
          {
            "x": 113.0,
            "y": 184
          },
          {
            "x": 110,
            "y": 184
          },
          {
            "x": 109,
            "y": 185
          },
          {
            "x": 109,
            "y": 187
          },
          {
            "x": 108.0,
            "y": 188
          },
          {
            "x": 108.0,
            "y": 189
          },
          {
            "x": 107.0,
            "y": 190
          },
          {
            "x": 107.0,
            "y": 194
          },
          {
            "x": 106.0,
            "y": 195
          },
          {
            "x": 106.0,
            "y": 198
          },
          {
            "x": 105,
            "y": 199
          },
          {
            "x": 105,
            "y": 201
          },
          {
            "x": 104.0,
            "y": 202
          },
          {
            "x": 104.0,
            "y": 206
          },
          {
            "x": 103.0,
            "y": 207
          },
          {
            "x": 103.0,
            "y": 208
          },
          {
            "x": 102.0,
            "y": 209
          },
          {
            "x": 102.0,
            "y": 211
          },
          {
            "x": 101.0,
            "y": 212
          },
          {
            "x": 101.0,
            "y": 214
          },
          {
            "x": 100,
            "y": 215
          },
          {
            "x": 100,
            "y": 217
          },
          {
            "x": 99.0,
            "y": 218
          },
          {
            "x": 99.0,
            "y": 225
          },
          {
            "x": 98.0,
            "y": 226
          },
          {
            "x": 98.0,
            "y": 229
          },
          {
            "x": 97.0,
            "y": 230.0
          },
          {
            "x": 97.0,
            "y": 234
          },
          {
            "x": 96,
            "y": 235.0
          },
          {
            "x": 96,
            "y": 238
          },
          {
            "x": 95,
            "y": 239.0
          },
          {
            "x": 95,
            "y": 242
          },
          {
            "x": 94.0,
            "y": 243
          },
          {
            "x": 94.0,
            "y": 247
          },
          {
            "x": 93.0,
            "y": 248.0
          },
          {
            "x": 93.0,
            "y": 256
          },
          {
            "x": 92.0,
            "y": 257
          },
          {
            "x": 92.0,
            "y": 260
          },
          {
            "x": 91,
            "y": 261
          },
          {
            "x": 91,
            "y": 268
          },
          {
            "x": 90.0,
            "y": 269
          },
          {
            "x": 90.0,
            "y": 272
          },
          {
            "x": 91,
            "y": 273
          },
          {
            "x": 91,
            "y": 277
          },
          {
            "x": 90.0,
            "y": 278
          },
          {
            "x": 90.0,
            "y": 295
          },
          {
            "x": 89.0,
            "y": 296
          },
          {
            "x": 89.0,
            "y": 301
          },
          {
            "x": 90.0,
            "y": 302
          },
          {
            "x": 90.0,
            "y": 311
          },
          {
            "x": 91,
            "y": 312
          },
          {
            "x": 91,
            "y": 321
          },
          {
            "x": 90.0,
            "y": 322
          },
          {
            "x": 90.0,
            "y": 329
          },
          {
            "x": 89.0,
            "y": 330
          },
          {
            "x": 89.0,
            "y": 364
          },
          {
            "x": 90.0,
            "y": 365
          },
          {
            "x": 90.0,
            "y": 368
          },
          {
            "x": 91,
            "y": 369
          },
          {
            "x": 91,
            "y": 370
          },
          {
            "x": 90.0,
            "y": 371
          },
          {
            "x": 90.0,
            "y": 372
          },
          {
            "x": 89.0,
            "y": 373
          },
          {
            "x": 88.0,
            "y": 373
          },
          {
            "x": 88.0,
            "y": 374
          },
          {
            "x": 87.0,
            "y": 375
          },
          {
            "x": 86,
            "y": 375
          },
          {
            "x": 85.0,
            "y": 376
          },
          {
            "x": 84.0,
            "y": 376
          },
          {
            "x": 83.0,
            "y": 377
          },
          {
            "x": 83.0,
            "y": 378
          },
          {
            "x": 80.0,
            "y": 381
          },
          {
            "x": 79.0,
            "y": 381
          },
          {
            "x": 78.0,
            "y": 382
          },
          {
            "x": 78.0,
            "y": 383
          },
          {
            "x": 77,
            "y": 384
          },
          {
            "x": 77,
            "y": 385
          },
          {
            "x": 76.0,
            "y": 386
          },
          {
            "x": 76.0,
            "y": 392
          },
          {
            "x": 77,
            "y": 393
          },
          {
            "x": 77,
            "y": 395
          },
          {
            "x": 78.0,
            "y": 396
          },
          {
            "x": 80.0,
            "y": 396
          },
          {
            "x": 81,
            "y": 397
          },
          {
            "x": 82,
            "y": 397
          },
          {
            "x": 83.0,
            "y": 398
          },
          {
            "x": 85.0,
            "y": 398
          },
          {
            "x": 86,
            "y": 399
          },
          {
            "x": 88.0,
            "y": 399
          },
          {
            "x": 89.0,
            "y": 400
          },
          {
            "x": 91,
            "y": 400
          },
          {
            "x": 95,
            "y": 396
          },
          {
            "x": 96,
            "y": 396
          },
          {
            "x": 98.0,
            "y": 394
          },
          {
            "x": 98.0,
            "y": 393
          },
          {
            "x": 100,
            "y": 391
          },
          {
            "x": 103.0,
            "y": 391
          },
          {
            "x": 104.0,
            "y": 390
          },
          {
            "x": 108.0,
            "y": 390
          },
          {
            "x": 109,
            "y": 391
          },
          {
            "x": 110,
            "y": 391
          },
          {
            "x": 111.0,
            "y": 392
          },
          {
            "x": 111.0,
            "y": 395
          },
          {
            "x": 112.0,
            "y": 396
          },
          {
            "x": 112.0,
            "y": 401
          },
          {
            "x": 111.0,
            "y": 402
          },
          {
            "x": 111.0,
            "y": 406
          },
          {
            "x": 110,
            "y": 407
          },
          {
            "x": 110,
            "y": 433
          },
          {
            "x": 111.0,
            "y": 434
          },
          {
            "x": 111.0,
            "y": 435
          },
          {
            "x": 115.0,
            "y": 439
          },
          {
            "x": 117.0,
            "y": 439
          },
          {
            "x": 118.0,
            "y": 440
          },
          {
            "x": 119,
            "y": 440
          },
          {
            "x": 120.0,
            "y": 441
          },
          {
            "x": 122.0,
            "y": 441
          },
          {
            "x": 123,
            "y": 442
          },
          {
            "x": 124.0,
            "y": 442
          },
          {
            "x": 126.0,
            "y": 444
          },
          {
            "x": 128,
            "y": 444
          },
          {
            "x": 130.0,
            "y": 446
          },
          {
            "x": 130.0,
            "y": 447
          },
          {
            "x": 131.0,
            "y": 448
          },
          {
            "x": 131.0,
            "y": 449
          },
          {
            "x": 132,
            "y": 450
          },
          {
            "x": 132,
            "y": 455
          },
          {
            "x": 131.0,
            "y": 456
          },
          {
            "x": 131.0,
            "y": 459
          },
          {
            "x": 128,
            "y": 462.0
          },
          {
            "x": 127.0,
            "y": 462.0
          },
          {
            "x": 122.0,
            "y": 467.0
          },
          {
            "x": 120.0,
            "y": 467.0
          },
          {
            "x": 120.0,
            "y": 473.0
          },
          {
            "x": 122.0,
            "y": 475.0
          },
          {
            "x": 122.0,
            "y": 476
          },
          {
            "x": 124.0,
            "y": 478.0
          },
          {
            "x": 124.0,
            "y": 481
          },
          {
            "x": 125.0,
            "y": 482
          },
          {
            "x": 125.0,
            "y": 494
          },
          {
            "x": 126.0,
            "y": 495.0
          },
          {
            "x": 126.0,
            "y": 497
          },
          {
            "x": 127.0,
            "y": 498.0
          },
          {
            "x": 127.0,
            "y": 499
          },
          {
            "x": 131.0,
            "y": 503.0
          },
          {
            "x": 140.0,
            "y": 503.0
          },
          {
            "x": 142,
            "y": 501.0
          },
          {
            "x": 143,
            "y": 501.0
          },
          {
            "x": 144.0,
            "y": 500.0
          },
          {
            "x": 145.0,
            "y": 500.0
          },
          {
            "x": 146,
            "y": 499
          },
          {
            "x": 155,
            "y": 499
          },
          {
            "x": 156,
            "y": 498.0
          },
          {
            "x": 191.0,
            "y": 498.0
          },
          {
            "x": 192,
            "y": 499
          },
          {
            "x": 195.0,
            "y": 499
          },
          {
            "x": 196.0,
            "y": 500.0
          },
          {
            "x": 197,
            "y": 500.0
          },
          {
            "x": 198,
            "y": 501.0
          },
          {
            "x": 199,
            "y": 501.0
          },
          {
            "x": 201.0,
            "y": 503.0
          },
          {
            "x": 204.0,
            "y": 503.0
          },
          {
            "x": 205.0,
            "y": 504
          },
          {
            "x": 206,
            "y": 504
          },
          {
            "x": 207,
            "y": 505
          },
          {
            "x": 211,
            "y": 505
          },
          {
            "x": 212,
            "y": 506.0
          },
          {
            "x": 214.0,
            "y": 506.0
          },
          {
            "x": 216,
            "y": 508.0
          },
          {
            "x": 220,
            "y": 508.0
          },
          {
            "x": 221,
            "y": 509
          },
          {
            "x": 225,
            "y": 509
          },
          {
            "x": 226,
            "y": 508.0
          },
          {
            "x": 241.0,
            "y": 508.0
          },
          {
            "x": 242,
            "y": 507
          },
          {
            "x": 247,
            "y": 507
          },
          {
            "x": 248.0,
            "y": 506.0
          },
          {
            "x": 258.0,
            "y": 506.0
          },
          {
            "x": 259.0,
            "y": 505
          },
          {
            "x": 260,
            "y": 505
          },
          {
            "x": 262,
            "y": 503.0
          },
          {
            "x": 263,
            "y": 503.0
          },
          {
            "x": 263,
            "y": 501.0
          },
          {
            "x": 264.0,
            "y": 500.0
          },
          {
            "x": 264.0,
            "y": 498.0
          },
          {
            "x": 265,
            "y": 497
          },
          {
            "x": 265,
            "y": 487
          },
          {
            "x": 266.0,
            "y": 486
          },
          {
            "x": 266.0,
            "y": 481
          },
          {
            "x": 267,
            "y": 480.0
          },
          {
            "x": 267,
            "y": 475.0
          },
          {
            "x": 268,
            "y": 474
          },
          {
            "x": 268,
            "y": 461
          },
          {
            "x": 269.0,
            "y": 460.0
          },
          {
            "x": 269.0,
            "y": 455
          },
          {
            "x": 270,
            "y": 454
          },
          {
            "x": 270,
            "y": 448
          },
          {
            "x": 271.0,
            "y": 447
          },
          {
            "x": 271.0,
            "y": 435
          },
          {
            "x": 272,
            "y": 434
          },
          {
            "x": 272,
            "y": 427
          },
          {
            "x": 273,
            "y": 426
          },
          {
            "x": 273,
            "y": 419
          },
          {
            "x": 274.0,
            "y": 418
          },
          {
            "x": 274.0,
            "y": 405
          },
          {
            "x": 275,
            "y": 404
          },
          {
            "x": 275,
            "y": 397
          },
          {
            "x": 276.0,
            "y": 396
          },
          {
            "x": 276.0,
            "y": 387
          },
          {
            "x": 277.0,
            "y": 386
          },
          {
            "x": 277.0,
            "y": 378
          },
          {
            "x": 278,
            "y": 377
          },
          {
            "x": 278,
            "y": 375
          },
          {
            "x": 279.0,
            "y": 374
          },
          {
            "x": 279.0,
            "y": 369
          },
          {
            "x": 280,
            "y": 368
          },
          {
            "x": 280,
            "y": 365
          },
          {
            "x": 281.0,
            "y": 364
          },
          {
            "x": 287.0,
            "y": 364
          },
          {
            "x": 291,
            "y": 368
          },
          {
            "x": 291,
            "y": 370
          },
          {
            "x": 293,
            "y": 370
          },
          {
            "x": 294.0,
            "y": 371
          },
          {
            "x": 298,
            "y": 371
          },
          {
            "x": 299.0,
            "y": 370
          },
          {
            "x": 308,
            "y": 370
          },
          {
            "x": 309.0,
            "y": 371
          },
          {
            "x": 311,
            "y": 371
          },
          {
            "x": 315.0,
            "y": 375
          },
          {
            "x": 316,
            "y": 375
          },
          {
            "x": 317.0,
            "y": 376
          },
          {
            "x": 317.0,
            "y": 377
          },
          {
            "x": 318,
            "y": 378
          },
          {
            "x": 318,
            "y": 379
          },
          {
            "x": 319,
            "y": 379
          },
          {
            "x": 320.0,
            "y": 380
          },
          {
            "x": 322.0,
            "y": 380
          },
          {
            "x": 322.0,
            "y": 376
          },
          {
            "x": 324,
            "y": 374
          },
          {
            "x": 324,
            "y": 370
          },
          {
            "x": 323,
            "y": 369
          },
          {
            "x": 323,
            "y": 367
          },
          {
            "x": 322.0,
            "y": 366
          },
          {
            "x": 322.0,
            "y": 363
          },
          {
            "x": 321,
            "y": 362
          },
          {
            "x": 321,
            "y": 361
          },
          {
            "x": 319,
            "y": 359
          },
          {
            "x": 319,
            "y": 355
          },
          {
            "x": 318,
            "y": 354
          },
          {
            "x": 318,
            "y": 322
          },
          {
            "x": 317.0,
            "y": 321
          },
          {
            "x": 317.0,
            "y": 310
          },
          {
            "x": 316,
            "y": 309
          },
          {
            "x": 316,
            "y": 294
          },
          {
            "x": 315.0,
            "y": 293
          },
          {
            "x": 315.0,
            "y": 281
          },
          {
            "x": 314,
            "y": 280
          },
          {
            "x": 314,
            "y": 278
          },
          {
            "x": 313,
            "y": 277
          },
          {
            "x": 313,
            "y": 272
          },
          {
            "x": 312.0,
            "y": 271
          },
          {
            "x": 312.0,
            "y": 265
          },
          {
            "x": 311,
            "y": 264
          },
          {
            "x": 311,
            "y": 256
          },
          {
            "x": 310.0,
            "y": 255
          },
          {
            "x": 310.0,
            "y": 253.0
          },
          {
            "x": 309.0,
            "y": 252
          },
          {
            "x": 309.0,
            "y": 249.0
          },
          {
            "x": 308,
            "y": 248.0
          },
          {
            "x": 308,
            "y": 247
          },
          {
            "x": 307.0,
            "y": 246
          },
          {
            "x": 307.0,
            "y": 243
          },
          {
            "x": 306,
            "y": 242
          },
          {
            "x": 306,
            "y": 237
          },
          {
            "x": 305.0,
            "y": 236.0
          },
          {
            "x": 305.0,
            "y": 235.0
          },
          {
            "x": 304.0,
            "y": 234
          },
          {
            "x": 304.0,
            "y": 232
          },
          {
            "x": 303,
            "y": 231.0
          },
          {
            "x": 303,
            "y": 227
          },
          {
            "x": 302.0,
            "y": 226
          },
          {
            "x": 302.0,
            "y": 224
          },
          {
            "x": 301,
            "y": 223
          },
          {
            "x": 301,
            "y": 220
          },
          {
            "x": 300,
            "y": 219
          },
          {
            "x": 300,
            "y": 211
          },
          {
            "x": 299.0,
            "y": 210
          },
          {
            "x": 299.0,
            "y": 208
          },
          {
            "x": 298,
            "y": 207
          },
          {
            "x": 298,
            "y": 204
          },
          {
            "x": 297.0,
            "y": 203
          },
          {
            "x": 297.0,
            "y": 200
          },
          {
            "x": 296,
            "y": 199
          },
          {
            "x": 296,
            "y": 198
          },
          {
            "x": 295,
            "y": 197
          },
          {
            "x": 295,
            "y": 195
          },
          {
            "x": 293,
            "y": 195
          },
          {
            "x": 290,
            "y": 192
          },
          {
            "x": 290,
            "y": 191
          },
          {
            "x": 288,
            "y": 189
          },
          {
            "x": 287.0,
            "y": 189
          },
          {
            "x": 286,
            "y": 188
          },
          {
            "x": 285,
            "y": 188
          },
          {
            "x": 284.0,
            "y": 187
          },
          {
            "x": 284.0,
            "y": 186
          },
          {
            "x": 282.0,
            "y": 184
          },
          {
            "x": 281.0,
            "y": 184
          },
          {
            "x": 279.0,
            "y": 182
          },
          {
            "x": 279.0,
            "y": 181
          },
          {
            "x": 277.0,
            "y": 179
          },
          {
            "x": 275,
            "y": 179
          },
          {
            "x": 274.0,
            "y": 178
          },
          {
            "x": 274.0,
            "y": 177
          },
          {
            "x": 273,
            "y": 176
          },
          {
            "x": 272,
            "y": 176
          },
          {
            "x": 269.0,
            "y": 173
          },
          {
            "x": 267,
            "y": 173
          },
          {
            "x": 266.0,
            "y": 172
          },
          {
            "x": 265,
            "y": 172
          },
          {
            "x": 263,
            "y": 170
          },
          {
            "x": 262,
            "y": 170
          },
          {
            "x": 261.0,
            "y": 169
          },
          {
            "x": 260,
            "y": 169
          },
          {
            "x": 259.0,
            "y": 168
          },
          {
            "x": 257,
            "y": 168
          },
          {
            "x": 256.0,
            "y": 167
          },
          {
            "x": 255,
            "y": 167
          },
          {
            "x": 254.0,
            "y": 166
          },
          {
            "x": 253.0,
            "y": 166
          },
          {
            "x": 252,
            "y": 165
          },
          {
            "x": 251.0,
            "y": 165
          },
          {
            "x": 250.0,
            "y": 164
          },
          {
            "x": 249.0,
            "y": 164
          },
          {
            "x": 248.0,
            "y": 163
          },
          {
            "x": 243.0,
            "y": 163
          },
          {
            "x": 242,
            "y": 162
          },
          {
            "x": 241.0,
            "y": 162
          },
          {
            "x": 240.0,
            "y": 161
          },
          {
            "x": 239.0,
            "y": 161
          },
          {
            "x": 236.0,
            "y": 158
          },
          {
            "x": 235.0,
            "y": 158
          },
          {
            "x": 234,
            "y": 157
          },
          {
            "x": 232,
            "y": 157
          },
          {
            "x": 230.0,
            "y": 155
          },
          {
            "x": 229.0,
            "y": 155
          },
          {
            "x": 228.0,
            "y": 154
          },
          {
            "x": 227,
            "y": 154
          },
          {
            "x": 227,
            "y": 165
          },
          {
            "x": 228.0,
            "y": 166
          },
          {
            "x": 228.0,
            "y": 172
          },
          {
            "x": 229.0,
            "y": 173
          },
          {
            "x": 229.0,
            "y": 187
          },
          {
            "x": 228.0,
            "y": 188
          },
          {
            "x": 228.0,
            "y": 193
          },
          {
            "x": 227,
            "y": 194
          },
          {
            "x": 227,
            "y": 200
          },
          {
            "x": 226,
            "y": 201
          },
          {
            "x": 226,
            "y": 210
          },
          {
            "x": 225,
            "y": 211
          },
          {
            "x": 225,
            "y": 217
          },
          {
            "x": 224.0,
            "y": 218
          },
          {
            "x": 224.0,
            "y": 226
          },
          {
            "x": 223.0,
            "y": 227
          },
          {
            "x": 223.0,
            "y": 257
          },
          {
            "x": 222,
            "y": 258
          },
          {
            "x": 222,
            "y": 267
          },
          {
            "x": 221,
            "y": 268
          },
          {
            "x": 221,
            "y": 279
          },
          {
            "x": 220,
            "y": 280
          },
          {
            "x": 220,
            "y": 283
          },
          {
            "x": 219.0,
            "y": 284
          },
          {
            "x": 219.0,
            "y": 285
          },
          {
            "x": 218.0,
            "y": 286
          },
          {
            "x": 218.0,
            "y": 288
          },
          {
            "x": 217,
            "y": 289
          },
          {
            "x": 217,
            "y": 290
          },
          {
            "x": 216,
            "y": 291
          },
          {
            "x": 216,
            "y": 295
          },
          {
            "x": 215.0,
            "y": 296
          },
          {
            "x": 215.0,
            "y": 297
          },
          {
            "x": 214.0,
            "y": 298
          },
          {
            "x": 213.0,
            "y": 297
          },
          {
            "x": 211,
            "y": 297
          },
          {
            "x": 210.0,
            "y": 296
          },
          {
            "x": 210.0,
            "y": 287
          },
          {
            "x": 209.0,
            "y": 286
          },
          {
            "x": 209.0,
            "y": 282
          },
          {
            "x": 208,
            "y": 281
          },
          {
            "x": 208,
            "y": 276
          },
          {
            "x": 207,
            "y": 275
          },
          {
            "x": 207,
            "y": 269
          },
          {
            "x": 206,
            "y": 268
          },
          {
            "x": 206,
            "y": 253.0
          },
          {
            "x": 205.0,
            "y": 252
          },
          {
            "x": 205.0,
            "y": 250.0
          },
          {
            "x": 204.0,
            "y": 249.0
          },
          {
            "x": 204.0,
            "y": 245.0
          },
          {
            "x": 203,
            "y": 244.0
          },
          {
            "x": 203,
            "y": 240.0
          },
          {
            "x": 202,
            "y": 239.0
          },
          {
            "x": 202,
            "y": 232
          },
          {
            "x": 201.0,
            "y": 231.0
          },
          {
            "x": 201.0,
            "y": 228
          },
          {
            "x": 200.0,
            "y": 227
          },
          {
            "x": 200.0,
            "y": 224
          },
          {
            "x": 199,
            "y": 223
          },
          {
            "x": 199,
            "y": 216
          },
          {
            "x": 198,
            "y": 215
          },
          {
            "x": 198,
            "y": 213
          },
          {
            "x": 197,
            "y": 212
          },
          {
            "x": 197,
            "y": 209
          },
          {
            "x": 196.0,
            "y": 208
          },
          {
            "x": 196.0,
            "y": 205
          },
          {
            "x": 195.0,
            "y": 204
          },
          {
            "x": 195.0,
            "y": 201
          },
          {
            "x": 194,
            "y": 200
          },
          {
            "x": 194,
            "y": 195
          },
          {
            "x": 193,
            "y": 194
          },
          {
            "x": 193,
            "y": 190
          },
          {
            "x": 192,
            "y": 189
          },
          {
            "x": 192,
            "y": 186
          },
          {
            "x": 191.0,
            "y": 185
          },
          {
            "x": 191.0,
            "y": 183
          },
          {
            "x": 190.0,
            "y": 182
          },
          {
            "x": 190.0,
            "y": 179
          },
          {
            "x": 189,
            "y": 178
          },
          {
            "x": 189,
            "y": 173
          },
          {
            "x": 188,
            "y": 172
          },
          {
            "x": 188,
            "y": 164
          },
          {
            "x": 187.0,
            "y": 163
          },
          {
            "x": 187.0,
            "y": 148
          },
          {
            "x": 186.0,
            "y": 147
          }
        ]
      }
    }
  ]
}