{
  "image": {
    "width": 500,
    "height": 750,
    "filename": "00000186.jpg",
    "original_filename": "000426.jpg",
    "url": "https://darwin.v7labs.com/api/images/1212328/original?token=16d6037d-33e8-4c8d-8cb7-761abbebab61",
    "thumbnail_url": "https://darwin.v7labs.com/api/images/1212328/thumbnail?token=16d6037d-33e8-4c8d-8cb7-761abbebab61",
    "workview_url": "https://darwin.v7labs.com/workview?dataset=1176&image=186"
  },
  "dataset": "Fashion_2",
  "annotated": true,
  "annotations": [
    {
      "bounding_box": {
        "h": 484.2,
        "w": 390.25,
        "x": 59.64,
        "y": 265.14
      },
      "name": "Jacket "
    }
  ]
}