{
  "image": {
    "width": 500,
    "height": 750,
    "filename": "00000022.jpg",
    "original_filename": "000262.jpg",
    "url": "https://darwin.v7labs.com/api/images/1212164/original?token=16d6037d-33e8-4c8d-8cb7-761abbebab61",
    "thumbnail_url": "https://darwin.v7labs.com/api/images/1212164/thumbnail?token=16d6037d-33e8-4c8d-8cb7-761abbebab61",
    "workview_url": "https://darwin.v7labs.com/workview?dataset=1176&image=22"
  },
  "dataset": "Fashion_2",
  "annotated": true,
  "annotations": [
    {
      "name": "Coat Polygon ",
      "polygon": {
        "path": [
          {
            "x": 246,
            "y": 183
          },
          {
            "x": 245.0,
            "y": 183
          },
          {
            "x": 244.0,
            "y": 184.0
          },
          {
            "x": 243.0,
            "y": 184.0
          },
          {
            "x": 241.0,
            "y": 186
          },
          {
            "x": 241.0,
            "y": 187.0
          },
          {
            "x": 240.0,
            "y": 188
          },
          {
            "x": 240.0,
            "y": 189
          },
          {
            "x": 239.0,
            "y": 190
          },
          {
            "x": 238.0,
            "y": 190
          },
          {
            "x": 238.0,
            "y": 191.0
          },
          {
            "x": 237.0,
            "y": 192
          },
          {
            "x": 237.0,
            "y": 195.0
          },
          {
            "x": 236.0,
            "y": 196
          },
          {
            "x": 236.0,
            "y": 198.0
          },
          {
            "x": 235.0,
            "y": 199.0
          },
          {
            "x": 235.0,
            "y": 203
          },
          {
            "x": 234.0,
            "y": 204
          },
          {
            "x": 234.0,
            "y": 206.0
          },
          {
            "x": 233,
            "y": 207
          },
          {
            "x": 233,
            "y": 209
          },
          {
            "x": 232.0,
            "y": 210.0
          },
          {
            "x": 232.0,
            "y": 215
          },
          {
            "x": 231.0,
            "y": 216
          },
          {
            "x": 231.0,
            "y": 217.0
          },
          {
            "x": 230,
            "y": 218
          },
          {
            "x": 230,
            "y": 221.0
          },
          {
            "x": 228.0,
            "y": 223
          },
          {
            "x": 228.0,
            "y": 227
          },
          {
            "x": 227,
            "y": 228.0
          },
          {
            "x": 227,
            "y": 230
          },
          {
            "x": 226.0,
            "y": 231
          },
          {
            "x": 226.0,
            "y": 233
          },
          {
            "x": 225.0,
            "y": 234
          },
          {
            "x": 225.0,
            "y": 235
          },
          {
            "x": 224.0,
            "y": 236.0
          },
          {
            "x": 224.0,
            "y": 239.0
          },
          {
            "x": 223.0,
            "y": 240
          },
          {
            "x": 223.0,
            "y": 243.0
          },
          {
            "x": 222.0,
            "y": 244
          },
          {
            "x": 222.0,
            "y": 246
          },
          {
            "x": 221.0,
            "y": 247.0
          },
          {
            "x": 221.0,
            "y": 248
          },
          {
            "x": 220.0,
            "y": 249
          },
          {
            "x": 220.0,
            "y": 250.0
          },
          {
            "x": 219.0,
            "y": 251
          },
          {
            "x": 219.0,
            "y": 252
          },
          {
            "x": 217.0,
            "y": 254.0
          },
          {
            "x": 216.0,
            "y": 254.0
          },
          {
            "x": 213.0,
            "y": 251
          },
          {
            "x": 213.0,
            "y": 249
          },
          {
            "x": 212.0,
            "y": 248
          },
          {
            "x": 212.0,
            "y": 247.0
          },
          {
            "x": 211,
            "y": 246
          },
          {
            "x": 211,
            "y": 245
          },
          {
            "x": 209.0,
            "y": 243.0
          },
          {
            "x": 209.0,
            "y": 240
          },
          {
            "x": 206.0,
            "y": 237
          },
          {
            "x": 206.0,
            "y": 236.0
          },
          {
            "x": 204.0,
            "y": 234
          },
          {
            "x": 204.0,
            "y": 232.0
          },
          {
            "x": 202.0,
            "y": 230
          },
          {
            "x": 202.0,
            "y": 229
          },
          {
            "x": 201.0,
            "y": 228.0
          },
          {
            "x": 201.0,
            "y": 227
          },
          {
            "x": 200.0,
            "y": 226
          },
          {
            "x": 200.0,
            "y": 224.0
          },
          {
            "x": 199.0,
            "y": 223
          },
          {
            "x": 199.0,
            "y": 222
          },
          {
            "x": 198.0,
            "y": 222
          },
          {
            "x": 197.0,
            "y": 221.0
          },
          {
            "x": 197.0,
            "y": 220
          },
          {
            "x": 195.0,
            "y": 218
          },
          {
            "x": 195.0,
            "y": 216
          },
          {
            "x": 194.0,
            "y": 215
          },
          {
            "x": 194.0,
            "y": 214
          },
          {
            "x": 191.0,
            "y": 211
          },
          {
            "x": 191.0,
            "y": 209
          },
          {
            "x": 188.0,
            "y": 206.0
          },
          {
            "x": 188.0,
            "y": 205
          },
          {
            "x": 185.0,
            "y": 202.0
          },
          {
            "x": 185.0,
            "y": 201
          },
          {
            "x": 179.0,
            "y": 195.0
          },
          {
            "x": 178.0,
            "y": 195.0
          },
          {
            "x": 177.0,
            "y": 194
          },
          {
            "x": 177.0,
            "y": 193
          },
          {
            "x": 170,
            "y": 186
          },
          {
            "x": 166.0,
            "y": 186
          },
          {
            "x": 162.0,
            "y": 190
          },
          {
            "x": 161.0,
            "y": 190
          },
          {
            "x": 157.0,
            "y": 194
          },
          {
            "x": 156.0,
            "y": 194
          },
          {
            "x": 155.0,
            "y": 195.0
          },
          {
            "x": 153.0,
            "y": 195.0
          },
          {
            "x": 152.0,
            "y": 196
          },
          {
            "x": 151,
            "y": 196
          },
          {
            "x": 148,
            "y": 199.0
          },
          {
            "x": 147.0,
            "y": 199.0
          },
          {
            "x": 144.0,
            "y": 202.0
          },
          {
            "x": 144.0,
            "y": 203
          },
          {
            "x": 143.0,
            "y": 204
          },
          {
            "x": 142,
            "y": 204
          },
          {
            "x": 142,
            "y": 205
          },
          {
            "x": 139.0,
            "y": 208
          },
          {
            "x": 138.0,
            "y": 208
          },
          {
            "x": 137.0,
            "y": 209
          },
          {
            "x": 136.0,
            "y": 209
          },
          {
            "x": 135.0,
            "y": 210.0
          },
          {
            "x": 134.0,
            "y": 210.0
          },
          {
            "x": 132.0,
            "y": 212
          },
          {
            "x": 131.0,
            "y": 212
          },
          {
            "x": 130.0,
            "y": 213.0
          },
          {
            "x": 128.0,
            "y": 213.0
          },
          {
            "x": 126,
            "y": 215
          },
          {
            "x": 125.0,
            "y": 215
          },
          {
            "x": 125.0,
            "y": 216
          },
          {
            "x": 124.0,
            "y": 217.0
          },
          {
            "x": 122.0,
            "y": 217.0
          },
          {
            "x": 121.0,
            "y": 218
          },
          {
            "x": 120.0,
            "y": 218
          },
          {
            "x": 120.0,
            "y": 220
          },
          {
            "x": 118.0,
            "y": 222
          },
          {
            "x": 118.0,
            "y": 224.0
          },
          {
            "x": 117.0,
            "y": 225
          },
          {
            "x": 117.0,
            "y": 234
          },
          {
            "x": 116.0,
            "y": 235
          },
          {
            "x": 116.0,
            "y": 250.0
          },
          {
            "x": 115.0,
            "y": 251
          },
          {
            "x": 115.0,
            "y": 257
          },
          {
            "x": 114.0,
            "y": 258
          },
          {
            "x": 114.0,
            "y": 266
          },
          {
            "x": 113.0,
            "y": 267
          },
          {
            "x": 113.0,
            "y": 275
          },
          {
            "x": 112.0,
            "y": 276
          },
          {
            "x": 112.0,
            "y": 287
          },
          {
            "x": 111.0,
            "y": 288
          },
          {
            "x": 111.0,
            "y": 310
          },
          {
            "x": 110.0,
            "y": 311
          },
          {
            "x": 110.0,
            "y": 356
          },
          {
            "x": 111.0,
            "y": 357.0
          },
          {
            "x": 111.0,
            "y": 377
          },
          {
            "x": 112.0,
            "y": 378
          },
          {
            "x": 112.0,
            "y": 379.0
          },
          {
            "x": 113.0,
            "y": 380
          },
          {
            "x": 113.0,
            "y": 382.0
          },
          {
            "x": 114.0,
            "y": 383
          },
          {
            "x": 114.0,
            "y": 384
          },
          {
            "x": 115.0,
            "y": 385.0
          },
          {
            "x": 115.0,
            "y": 387
          },
          {
            "x": 116.0,
            "y": 388
          },
          {
            "x": 116.0,
            "y": 394
          },
          {
            "x": 117.0,
            "y": 395
          },
          {
            "x": 117.0,
            "y": 397
          },
          {
            "x": 118.0,
            "y": 398.0
          },
          {
            "x": 118.0,
            "y": 400
          },
          {
            "x": 119.0,
            "y": 401.0
          },
          {
            "x": 119.0,
            "y": 404.0
          },
          {
            "x": 120.0,
            "y": 405
          },
          {
            "x": 120.0,
            "y": 412.0
          },
          {
            "x": 121.0,
            "y": 413
          },
          {
            "x": 121.0,
            "y": 417
          },
          {
            "x": 122.0,
            "y": 418
          },
          {
            "x": 122.0,
            "y": 421
          },
          {
            "x": 123,
            "y": 422
          },
          {
            "x": 123,
            "y": 423.0
          },
          {
            "x": 124.0,
            "y": 424
          },
          {
            "x": 124.0,
            "y": 425
          },
          {
            "x": 125.0,
            "y": 426.0
          },
          {
            "x": 125.0,
            "y": 428
          },
          {
            "x": 126,
            "y": 429
          },
          {
            "x": 126,
            "y": 430
          },
          {
            "x": 127.0,
            "y": 431.0
          },
          {
            "x": 127.0,
            "y": 432
          },
          {
            "x": 128.0,
            "y": 433
          },
          {
            "x": 128.0,
            "y": 434.0
          },
          {
            "x": 129,
            "y": 435
          },
          {
            "x": 129,
            "y": 437.0
          },
          {
            "x": 130.0,
            "y": 438
          },
          {
            "x": 130.0,
            "y": 439
          },
          {
            "x": 131.0,
            "y": 440
          },
          {
            "x": 133.0,
            "y": 440
          },
          {
            "x": 134.0,
            "y": 439
          },
          {
            "x": 135.0,
            "y": 439
          },
          {
            "x": 136.0,
            "y": 438
          },
          {
            "x": 137.0,
            "y": 438
          },
          {
            "x": 137.0,
            "y": 437.0
          },
          {
            "x": 138.0,
            "y": 436
          },
          {
            "x": 141.0,
            "y": 436
          },
          {
            "x": 142,
            "y": 435
          },
          {
            "x": 144.0,
            "y": 435
          },
          {
            "x": 145,
            "y": 434.0
          },
          {
            "x": 146.0,
            "y": 434.0
          },
          {
            "x": 147.0,
            "y": 433
          },
          {
            "x": 149.0,
            "y": 433
          },
          {
            "x": 151,
            "y": 431.0
          },
          {
            "x": 156.0,
            "y": 431.0
          },
          {
            "x": 157.0,
            "y": 430
          },
          {
            "x": 158.0,
            "y": 430
          },
          {
            "x": 159.0,
            "y": 431.0
          },
          {
            "x": 162.0,
            "y": 431.0
          },
          {
            "x": 163.0,
            "y": 432
          },
          {
            "x": 163.0,
            "y": 433
          },
          {
            "x": 165.0,
            "y": 435
          },
          {
            "x": 165.0,
            "y": 437.0
          },
          {
            "x": 166.0,
            "y": 438
          },
          {
            "x": 166.0,
            "y": 439
          },
          {
            "x": 168.0,
            "y": 441
          },
          {
            "x": 168.0,
            "y": 442.0
          },
          {
            "x": 169.0,
            "y": 443
          },
          {
            "x": 169.0,
            "y": 444
          },
          {
            "x": 170,
            "y": 444
          },
          {
            "x": 171.0,
            "y": 445.0
          },
          {
            "x": 173.0,
            "y": 445.0
          },
          {
            "x": 174.0,
            "y": 446
          },
          {
            "x": 175.0,
            "y": 446
          },
          {
            "x": 176.0,
            "y": 447
          },
          {
            "x": 177.0,
            "y": 447
          },
          {
            "x": 178.0,
            "y": 448.0
          },
          {
            "x": 181.0,
            "y": 448.0
          },
          {
            "x": 182.0,
            "y": 449
          },
          {
            "x": 184.0,
            "y": 449
          },
          {
            "x": 187.0,
            "y": 452
          },
          {
            "x": 187.0,
            "y": 457
          },
          {
            "x": 185.0,
            "y": 459.0
          },
          {
            "x": 185.0,
            "y": 461.0
          },
          {
            "x": 184.0,
            "y": 462
          },
          {
            "x": 184.0,
            "y": 463
          },
          {
            "x": 183,
            "y": 464.0
          },
          {
            "x": 183,
            "y": 467.0
          },
          {
            "x": 182.0,
            "y": 468
          },
          {
            "x": 182.0,
            "y": 470
          },
          {
            "x": 179.0,
            "y": 473
          },
          {
            "x": 178.0,
            "y": 473
          },
          {
            "x": 178.0,
            "y": 474
          },
          {
            "x": 177.0,
            "y": 475.0
          },
          {
            "x": 175.0,
            "y": 475.0
          },
          {
            "x": 173.0,
            "y": 477
          },
          {
            "x": 163.0,
            "y": 477
          },
          {
            "x": 162.0,
            "y": 476
          },
          {
            "x": 161.0,
            "y": 476
          },
          {
            "x": 159.0,
            "y": 474
          },
          {
            "x": 159.0,
            "y": 473
          },
          {
            "x": 157.0,
            "y": 471
          },
          {
            "x": 157.0,
            "y": 470
          },
          {
            "x": 155.0,
            "y": 468
          },
          {
            "x": 154.0,
            "y": 468
          },
          {
            "x": 153.0,
            "y": 467.0
          },
          {
            "x": 151,
            "y": 467.0
          },
          {
            "x": 151,
            "y": 474
          },
          {
            "x": 150.0,
            "y": 475.0
          },
          {
            "x": 150.0,
            "y": 521
          },
          {
            "x": 149.0,
            "y": 522
          },
          {
            "x": 149.0,
            "y": 567
          },
          {
            "x": 151,
            "y": 569
          },
          {
            "x": 162.0,
            "y": 569
          },
          {
            "x": 163.0,
            "y": 568
          },
          {
            "x": 174.0,
            "y": 568
          },
          {
            "x": 175.0,
            "y": 567
          },
          {
            "x": 178.0,
            "y": 567
          },
          {
            "x": 179.0,
            "y": 566
          },
          {
            "x": 182.0,
            "y": 566
          },
          {
            "x": 183,
            "y": 565
          },
          {
            "x": 186,
            "y": 565
          },
          {
            "x": 187.0,
            "y": 564
          },
          {
            "x": 199.0,
            "y": 564
          },
          {
            "x": 200.0,
            "y": 563
          },
          {
            "x": 207.0,
            "y": 563
          },
          {
            "x": 208,
            "y": 562
          },
          {
            "x": 213.0,
            "y": 562
          },
          {
            "x": 214,
            "y": 561
          },
          {
            "x": 222.0,
            "y": 561
          },
          {
            "x": 223.0,
            "y": 560
          },
          {
            "x": 227,
            "y": 560
          },
          {
            "x": 228.0,
            "y": 561
          },
          {
            "x": 230,
            "y": 561
          },
          {
            "x": 232.0,
            "y": 563
          },
          {
            "x": 232.0,
            "y": 565
          },
          {
            "x": 235.0,
            "y": 565
          },
          {
            "x": 236.0,
            "y": 566
          },
          {
            "x": 238.0,
            "y": 566
          },
          {
            "x": 239.0,
            "y": 565
          },
          {
            "x": 251.0,
            "y": 565
          },
          {
            "x": 252,
            "y": 564
          },
          {
            "x": 262,
            "y": 564
          },
          {
            "x": 263.0,
            "y": 563
          },
          {
            "x": 265,
            "y": 563
          },
          {
            "x": 266.0,
            "y": 562
          },
          {
            "x": 267.0,
            "y": 562
          },
          {
            "x": 268,
            "y": 561
          },
          {
            "x": 270.0,
            "y": 561
          },
          {
            "x": 271,
            "y": 560
          },
          {
            "x": 271,
            "y": 558
          },
          {
            "x": 275.0,
            "y": 554
          },
          {
            "x": 278.0,
            "y": 554
          },
          {
            "x": 279.0,
            "y": 553
          },
          {
            "x": 289.0,
            "y": 553
          },
          {
            "x": 290,
            "y": 552
          },
          {
            "x": 316.0,
            "y": 552
          },
          {
            "x": 317.0,
            "y": 551
          },
          {
            "x": 333.0,
            "y": 551
          },
          {
            "x": 334,
            "y": 552
          },
          {
            "x": 337,
            "y": 549
          },
          {
            "x": 337,
            "y": 545
          },
          {
            "x": 336.0,
            "y": 544
          },
          {
            "x": 336.0,
            "y": 541
          },
          {
            "x": 335.0,
            "y": 540
          },
          {
            "x": 335.0,
            "y": 539
          },
          {
            "x": 334,
            "y": 538
          },
          {
            "x": 334,
            "y": 534
          },
          {
            "x": 333.0,
            "y": 533
          },
          {
            "x": 333.0,
            "y": 531
          },
          {
            "x": 332.0,
            "y": 530
          },
          {
            "x": 332.0,
            "y": 528
          },
          {
            "x": 330.0,
            "y": 526
          },
          {
            "x": 330.0,
            "y": 522
          },
          {
            "x": 329.0,
            "y": 521
          },
          {
            "x": 329.0,
            "y": 520
          },
          {
            "x": 328,
            "y": 519
          },
          {
            "x": 328,
            "y": 518
          },
          {
            "x": 327.0,
            "y": 517
          },
          {
            "x": 327.0,
            "y": 512
          },
          {
            "x": 326.0,
            "y": 511.0
          },
          {
            "x": 326.0,
            "y": 506
          },
          {
            "x": 325,
            "y": 505.0
          },
          {
            "x": 325,
            "y": 499
          },
          {
            "x": 324,
            "y": 498
          },
          {
            "x": 324,
            "y": 496
          },
          {
            "x": 323.0,
            "y": 495
          },
          {
            "x": 323.0,
            "y": 492
          },
          {
            "x": 322.0,
            "y": 491
          },
          {
            "x": 322.0,
            "y": 489.0
          },
          {
            "x": 321,
            "y": 488
          },
          {
            "x": 321,
            "y": 482
          },
          {
            "x": 320.0,
            "y": 481
          },
          {
            "x": 320.0,
            "y": 479
          },
          {
            "x": 319.0,
            "y": 478.0
          },
          {
            "x": 319.0,
            "y": 476
          },
          {
            "x": 318,
            "y": 475.0
          },
          {
            "x": 318,
            "y": 473
          },
          {
            "x": 317.0,
            "y": 472.0
          },
          {
            "x": 317.0,
            "y": 471
          },
          {
            "x": 316.0,
            "y": 470
          },
          {
            "x": 316.0,
            "y": 466
          },
          {
            "x": 315,
            "y": 465
          },
          {
            "x": 315,
            "y": 464.0
          },
          {
            "x": 314.0,
            "y": 463
          },
          {
            "x": 314.0,
            "y": 461.0
          },
          {
            "x": 313.0,
            "y": 460
          },
          {
            "x": 313.0,
            "y": 459.0
          },
          {
            "x": 312,
            "y": 458
          },
          {
            "x": 312,
            "y": 454
          },
          {
            "x": 311.0,
            "y": 453.0
          },
          {
            "x": 311.0,
            "y": 451
          },
          {
            "x": 310.0,
            "y": 450
          },
          {
            "x": 310.0,
            "y": 448.0
          },
          {
            "x": 309,
            "y": 447
          },
          {
            "x": 309,
            "y": 445.0
          },
          {
            "x": 308.0,
            "y": 444
          },
          {
            "x": 308.0,
            "y": 443
          },
          {
            "x": 307.0,
            "y": 442.0
          },
          {
            "x": 307.0,
            "y": 438
          },
          {
            "x": 306,
            "y": 437.0
          },
          {
            "x": 306,
            "y": 436
          },
          {
            "x": 305.0,
            "y": 435
          },
          {
            "x": 305.0,
            "y": 434.0
          },
          {
            "x": 304.0,
            "y": 433
          },
          {
            "x": 304.0,
            "y": 432
          },
          {
            "x": 303,
            "y": 431.0
          },
          {
            "x": 303,
            "y": 427
          },
          {
            "x": 302,
            "y": 426.0
          },
          {
            "x": 302,
            "y": 424
          },
          {
            "x": 301.0,
            "y": 423.0
          },
          {
            "x": 301.0,
            "y": 422
          },
          {
            "x": 300.0,
            "y": 421
          },
          {
            "x": 300.0,
            "y": 418
          },
          {
            "x": 299,
            "y": 417
          },
          {
            "x": 299,
            "y": 415.0
          },
          {
            "x": 298.0,
            "y": 414
          },
          {
            "x": 298.0,
            "y": 409.0
          },
          {
            "x": 297.0,
            "y": 408
          },
          {
            "x": 297.0,
            "y": 404.0
          },
          {
            "x": 296,
            "y": 403
          },
          {
            "x": 296,
            "y": 397
          },
          {
            "x": 295.0,
            "y": 396.0
          },
          {
            "x": 295.0,
            "y": 387
          },
          {
            "x": 296,
            "y": 386
          },
          {
            "x": 296,
            "y": 379.0
          },
          {
            "x": 297.0,
            "y": 378
          },
          {
            "x": 297.0,
            "y": 374.0
          },
          {
            "x": 298.0,
            "y": 373
          },
          {
            "x": 298.0,
            "y": 371.0
          },
          {
            "x": 301.0,
            "y": 368.0
          },
          {
            "x": 302,
            "y": 368.0
          },
          {
            "x": 306,
            "y": 364
          },
          {
            "x": 307.0,
            "y": 364
          },
          {
            "x": 310.0,
            "y": 361
          },
          {
            "x": 311.0,
            "y": 361
          },
          {
            "x": 312,
            "y": 360.0
          },
          {
            "x": 312,
            "y": 359
          },
          {
            "x": 316.0,
            "y": 355.0
          },
          {
            "x": 316.0,
            "y": 352.0
          },
          {
            "x": 317.0,
            "y": 351
          },
          {
            "x": 317.0,
            "y": 348
          },
          {
            "x": 318,
            "y": 347
          },
          {
            "x": 318,
            "y": 346.0
          },
          {
            "x": 319.0,
            "y": 345
          },
          {
            "x": 319.0,
            "y": 343
          },
          {
            "x": 320.0,
            "y": 342
          },
          {
            "x": 320.0,
            "y": 341.0
          },
          {
            "x": 321,
            "y": 340
          },
          {
            "x": 321,
            "y": 338.0
          },
          {
            "x": 322.0,
            "y": 337
          },
          {
            "x": 322.0,
            "y": 335.0
          },
          {
            "x": 323.0,
            "y": 334
          },
          {
            "x": 323.0,
            "y": 332.0
          },
          {
            "x": 324,
            "y": 331
          },
          {
            "x": 324,
            "y": 325
          },
          {
            "x": 323.0,
            "y": 324
          },
          {
            "x": 323.0,
            "y": 321
          },
          {
            "x": 322.0,
            "y": 320
          },
          {
            "x": 322.0,
            "y": 313
          },
          {
            "x": 323.0,
            "y": 312
          },
          {
            "x": 323.0,
            "y": 311
          },
          {
            "x": 324,
            "y": 310
          },
          {
            "x": 325,
            "y": 310
          },
          {
            "x": 325,
            "y": 307
          },
          {
            "x": 326.0,
            "y": 306
          },
          {
            "x": 326.0,
            "y": 303
          },
          {
            "x": 327.0,
            "y": 302
          },
          {
            "x": 327.0,
            "y": 294
          },
          {
            "x": 326.0,
            "y": 293
          },
          {
            "x": 326.0,
            "y": 292
          },
          {
            "x": 325,
            "y": 291
          },
          {
            "x": 325,
            "y": 289
          },
          {
            "x": 324,
            "y": 289
          },
          {
            "x": 320.0,
            "y": 285
          },
          {
            "x": 319.0,
            "y": 285
          },
          {
            "x": 316.0,
            "y": 282
          },
          {
            "x": 316.0,
            "y": 277
          },
          {
            "x": 315,
            "y": 276
          },
          {
            "x": 315,
            "y": 274
          },
          {
            "x": 314.0,
            "y": 273
          },
          {
            "x": 314.0,
            "y": 271
          },
          {
            "x": 313.0,
            "y": 270
          },
          {
            "x": 313.0,
            "y": 267
          },
          {
            "x": 312,
            "y": 266
          },
          {
            "x": 312,
            "y": 261
          },
          {
            "x": 311.0,
            "y": 260
          },
          {
            "x": 311.0,
            "y": 258
          },
          {
            "x": 310.0,
            "y": 257
          },
          {
            "x": 310.0,
            "y": 254.0
          },
          {
            "x": 309,
            "y": 253
          },
          {
            "x": 309,
            "y": 252
          },
          {
            "x": 308.0,
            "y": 251
          },
          {
            "x": 308.0,
            "y": 249
          },
          {
            "x": 307.0,
            "y": 248
          },
          {
            "x": 307.0,
            "y": 244
          },
          {
            "x": 306,
            "y": 243.0
          },
          {
            "x": 306,
            "y": 242
          },
          {
            "x": 305.0,
            "y": 241
          },
          {
            "x": 305.0,
            "y": 240
          },
          {
            "x": 304.0,
            "y": 239.0
          },
          {
            "x": 304.0,
            "y": 238
          },
          {
            "x": 303,
            "y": 237
          },
          {
            "x": 303,
            "y": 233
          },
          {
            "x": 302,
            "y": 232.0
          },
          {
            "x": 302,
            "y": 231
          },
          {
            "x": 301.0,
            "y": 230
          },
          {
            "x": 301.0,
            "y": 229
          },
          {
            "x": 300.0,
            "y": 228.0
          },
          {
            "x": 300.0,
            "y": 226
          },
          {
            "x": 299,
            "y": 225
          },
          {
            "x": 299,
            "y": 223
          },
          {
            "x": 298.0,
            "y": 222
          },
          {
            "x": 298.0,
            "y": 219
          },
          {
            "x": 297.0,
            "y": 218
          },
          {
            "x": 297.0,
            "y": 217.0
          },
          {
            "x": 296,
            "y": 216
          },
          {
            "x": 296,
            "y": 214
          },
          {
            "x": 294.0,
            "y": 212
          },
          {
            "x": 294.0,
            "y": 211
          },
          {
            "x": 291.0,
            "y": 208
          },
          {
            "x": 290,
            "y": 208
          },
          {
            "x": 289.0,
            "y": 207
          },
          {
            "x": 288.0,
            "y": 207
          },
          {
            "x": 285.0,
            "y": 204
          },
          {
            "x": 284,
            "y": 204
          },
          {
            "x": 283.0,
            "y": 203
          },
          {
            "x": 282.0,
            "y": 203
          },
          {
            "x": 279.0,
            "y": 200
          },
          {
            "x": 277,
            "y": 200
          },
          {
            "x": 276.0,
            "y": 199.0
          },
          {
            "x": 275.0,
            "y": 199.0
          },
          {
            "x": 274,
            "y": 198.0
          },
          {
            "x": 273.0,
            "y": 198.0
          },
          {
            "x": 271,
            "y": 196
          },
          {
            "x": 270.0,
            "y": 196
          },
          {
            "x": 269.0,
            "y": 195.0
          },
          {
            "x": 268,
            "y": 195.0
          },
          {
            "x": 267.0,
            "y": 194
          },
          {
            "x": 266.0,
            "y": 194
          },
          {
            "x": 262,
            "y": 190
          },
          {
            "x": 259.0,
            "y": 190
          },
          {
            "x": 258,
            "y": 189
          },
          {
            "x": 257.0,
            "y": 189
          },
          {
            "x": 256.0,
            "y": 188
          },
          {
            "x": 255,
            "y": 188
          },
          {
            "x": 253.0,
            "y": 186
          },
          {
            "x": 250.0,
            "y": 186
          },
          {
            "x": 248.0,
            "y": 184.0
          },
          {
            "x": 247.0,
            "y": 184.0
          }
        ]
      }
    },
    {
      "name": "Shoes Polygon ",
      "polygon": {
        "path": [
          {
            "x": 401,
            "y": 714
          },
          {
            "x": 400.0,
            "y": 713
          },
          {
            "x": 400.0,
            "y": 712
          },
          {
            "x": 396.0,
            "y": 708
          },
          {
            "x": 395,
            "y": 708
          },
          {
            "x": 394.0,
            "y": 707
          },
          {
            "x": 393,
            "y": 707
          },
          {
            "x": 392.0,
            "y": 706
          },
          {
            "x": 390.0,
            "y": 706
          },
          {
            "x": 389,
            "y": 705
          },
          {
            "x": 384.0,
            "y": 705
          },
          {
            "x": 383,
            "y": 706
          },
          {
            "x": 380.0,
            "y": 706
          },
          {
            "x": 379,
            "y": 705
          },
          {
            "x": 373,
            "y": 705
          },
          {
            "x": 372.0,
            "y": 704
          },
          {
            "x": 371,
            "y": 704
          },
          {
            "x": 370.0,
            "y": 703
          },
          {
            "x": 369,
            "y": 703
          },
          {
            "x": 365,
            "y": 699
          },
          {
            "x": 364.0,
            "y": 699
          },
          {
            "x": 360,
            "y": 695
          },
          {
            "x": 359.0,
            "y": 695
          },
          {
            "x": 356,
            "y": 692
          },
          {
            "x": 355.0,
            "y": 692
          },
          {
            "x": 354,
            "y": 691
          },
          {
            "x": 353.0,
            "y": 692
          },
          {
            "x": 351.0,
            "y": 692
          },
          {
            "x": 350,
            "y": 693
          },
          {
            "x": 349.0,
            "y": 693
          },
          {
            "x": 347.0,
            "y": 695
          },
          {
            "x": 346,
            "y": 695
          },
          {
            "x": 345.0,
            "y": 696
          },
          {
            "x": 341.0,
            "y": 696
          },
          {
            "x": 340,
            "y": 697
          },
          {
            "x": 335.0,
            "y": 697
          },
          {
            "x": 334,
            "y": 698
          },
          {
            "x": 331.0,
            "y": 698
          },
          {
            "x": 330,
            "y": 699
          },
          {
            "x": 326,
            "y": 699
          },
          {
            "x": 325.0,
            "y": 700
          },
          {
            "x": 322,
            "y": 700
          },
          {
            "x": 321.0,
            "y": 701
          },
          {
            "x": 316.0,
            "y": 701
          },
          {
            "x": 315,
            "y": 702
          },
          {
            "x": 306.0,
            "y": 702
          },
          {
            "x": 306.0,
            "y": 708
          },
          {
            "x": 307,
            "y": 709
          },
          {
            "x": 307,
            "y": 721
          },
          {
            "x": 309,
            "y": 723
          },
          {
            "x": 312.0,
            "y": 723
          },
          {
            "x": 313,
            "y": 722
          },
          {
            "x": 314.0,
            "y": 722
          },
          {
            "x": 315,
            "y": 723
          },
          {
            "x": 327.0,
            "y": 723
          },
          {
            "x": 328,
            "y": 722
          },
          {
            "x": 339.0,
            "y": 722
          },
          {
            "x": 340,
            "y": 723
          },
          {
            "x": 344,
            "y": 723
          },
          {
            "x": 345.0,
            "y": 724
          },
          {
            "x": 348,
            "y": 724
          },
          {
            "x": 349.0,
            "y": 725
          },
          {
            "x": 353.0,
            "y": 725
          },
          {
            "x": 354,
            "y": 726
          },
          {
            "x": 379,
            "y": 726
          },
          {
            "x": 380.0,
            "y": 725
          },
          {
            "x": 384.0,
            "y": 725
          },
          {
            "x": 385,
            "y": 724
          },
          {
            "x": 387,
            "y": 724
          },
          {
            "x": 388.0,
            "y": 723
          },
          {
            "x": 389,
            "y": 723
          },
          {
            "x": 391,
            "y": 721
          },
          {
            "x": 395,
            "y": 721
          },
          {
            "x": 396.0,
            "y": 720
          },
          {
            "x": 399,
            "y": 720
          },
          {
            "x": 401,
            "y": 718
          }
        ]
      }
    },
    {
      "name": "Shoes Polygon ",
      "polygon": {
        "path": [
          {
            "x": 248,
            "y": 702
          },
          {
            "x": 247.0,
            "y": 701
          },
          {
            "x": 221,
            "y": 701
          },
          {
            "x": 220.0,
            "y": 702
          },
          {
            "x": 217,
            "y": 702
          },
          {
            "x": 216.0,
            "y": 703
          },
          {
            "x": 216.0,
            "y": 704
          },
          {
            "x": 215,
            "y": 705
          },
          {
            "x": 215,
            "y": 708
          },
          {
            "x": 213,
            "y": 710
          },
          {
            "x": 213,
            "y": 711
          },
          {
            "x": 211,
            "y": 713
          },
          {
            "x": 211,
            "y": 714
          },
          {
            "x": 210.0,
            "y": 715
          },
          {
            "x": 210.0,
            "y": 717
          },
          {
            "x": 208.0,
            "y": 719
          },
          {
            "x": 208.0,
            "y": 721
          },
          {
            "x": 207,
            "y": 722
          },
          {
            "x": 207,
            "y": 734
          },
          {
            "x": 208.0,
            "y": 735
          },
          {
            "x": 208.0,
            "y": 736
          },
          {
            "x": 209,
            "y": 736
          },
          {
            "x": 211,
            "y": 738
          },
          {
            "x": 229.0,
            "y": 738
          },
          {
            "x": 230.0,
            "y": 737
          },
          {
            "x": 233.0,
            "y": 737
          },
          {
            "x": 234.0,
            "y": 736
          },
          {
            "x": 236.0,
            "y": 736
          },
          {
            "x": 237.0,
            "y": 735
          },
          {
            "x": 238.0,
            "y": 735
          },
          {
            "x": 239.0,
            "y": 734
          },
          {
            "x": 240.0,
            "y": 734
          },
          {
            "x": 243.0,
            "y": 731
          },
          {
            "x": 243.0,
            "y": 730
          },
          {
            "x": 242.0,
            "y": 729
          },
          {
            "x": 242.0,
            "y": 717
          },
          {
            "x": 243.0,
            "y": 716
          },
          {
            "x": 243.0,
            "y": 715
          },
          {
            "x": 244.0,
            "y": 714
          },
          {
            "x": 245.0,
            "y": 714
          },
          {
            "x": 247.0,
            "y": 712
          },
          {
            "x": 247.0,
            "y": 708
          },
          {
            "x": 248,
            "y": 707
          }
        ]
      }
    }
  ]
}