{
  "image": {
    "width": 267,
    "height": 400,
    "filename": "00000140.jpg",
    "original_filename": "000619.jpg",
    "url": "https://darwin.v7labs.com/api/images/1212512/original?token=cd62f37c-afe4-4d19-9fa3-5be62f6a54a9",
    "thumbnail_url": "https://darwin.v7labs.com/api/images/1212512/thumbnail?token=cd62f37c-afe4-4d19-9fa3-5be62f6a54a9",
    "workview_url": "https://darwin.v7labs.com/workview?dataset=1177&image=140"
  },
  "dataset": "Fashion_3",
  "annotated": true,
  "annotations": [
    {
      "name": "Shirt Polygon ",
      "polygon": {
        "path": [
          {
            "x": 124,
            "y": 97
          },
          {
            "x": 123.0,
            "y": 98
          },
          {
            "x": 122.0,
            "y": 98
          },
          {
            "x": 120.0,
            "y": 100
          },
          {
            "x": 119.0,
            "y": 100
          },
          {
            "x": 116.0,
            "y": 103
          },
          {
            "x": 113,
            "y": 103
          },
          {
            "x": 112,
            "y": 104
          },
          {
            "x": 109.0,
            "y": 104
          },
          {
            "x": 108.0,
            "y": 105.0
          },
          {
            "x": 107.0,
            "y": 105.0
          },
          {
            "x": 106,
            "y": 106
          },
          {
            "x": 105.0,
            "y": 106
          },
          {
            "x": 104.0,
            "y": 107
          },
          {
            "x": 102.0,
            "y": 107
          },
          {
            "x": 101.0,
            "y": 108.0
          },
          {
            "x": 100,
            "y": 108.0
          },
          {
            "x": 97.0,
            "y": 111.0
          },
          {
            "x": 97.0,
            "y": 112
          },
          {
            "x": 96.0,
            "y": 113
          },
          {
            "x": 96.0,
            "y": 114.0
          },
          {
            "x": 95.0,
            "y": 115
          },
          {
            "x": 95.0,
            "y": 116
          },
          {
            "x": 94,
            "y": 117.0
          },
          {
            "x": 94,
            "y": 118
          },
          {
            "x": 93,
            "y": 119
          },
          {
            "x": 93,
            "y": 122
          },
          {
            "x": 92.0,
            "y": 123.0
          },
          {
            "x": 92.0,
            "y": 124
          },
          {
            "x": 91.0,
            "y": 125
          },
          {
            "x": 91.0,
            "y": 129
          },
          {
            "x": 90.0,
            "y": 130
          },
          {
            "x": 90.0,
            "y": 134
          },
          {
            "x": 89.0,
            "y": 135
          },
          {
            "x": 89.0,
            "y": 141
          },
          {
            "x": 88,
            "y": 142
          },
          {
            "x": 88,
            "y": 145
          },
          {
            "x": 87,
            "y": 146
          },
          {
            "x": 87,
            "y": 148
          },
          {
            "x": 86.0,
            "y": 149
          },
          {
            "x": 86.0,
            "y": 153
          },
          {
            "x": 85.0,
            "y": 154
          },
          {
            "x": 85.0,
            "y": 157
          },
          {
            "x": 84.0,
            "y": 158
          },
          {
            "x": 84.0,
            "y": 163
          },
          {
            "x": 83.0,
            "y": 164
          },
          {
            "x": 83.0,
            "y": 170
          },
          {
            "x": 82,
            "y": 171
          },
          {
            "x": 82,
            "y": 174
          },
          {
            "x": 81,
            "y": 175
          },
          {
            "x": 81,
            "y": 183
          },
          {
            "x": 80.0,
            "y": 184
          },
          {
            "x": 80.0,
            "y": 197
          },
          {
            "x": 79.0,
            "y": 198
          },
          {
            "x": 79.0,
            "y": 202
          },
          {
            "x": 80.0,
            "y": 203
          },
          {
            "x": 85.0,
            "y": 203
          },
          {
            "x": 87,
            "y": 205
          },
          {
            "x": 87,
            "y": 209.0
          },
          {
            "x": 86.0,
            "y": 210.0
          },
          {
            "x": 86.0,
            "y": 214
          },
          {
            "x": 89.0,
            "y": 217
          },
          {
            "x": 90.0,
            "y": 217
          },
          {
            "x": 91.0,
            "y": 216.0
          },
          {
            "x": 92.0,
            "y": 216.0
          },
          {
            "x": 92.0,
            "y": 215.0
          },
          {
            "x": 93,
            "y": 214
          },
          {
            "x": 93,
            "y": 213
          },
          {
            "x": 95.0,
            "y": 211
          },
          {
            "x": 100,
            "y": 211
          },
          {
            "x": 101.0,
            "y": 212
          },
          {
            "x": 102.0,
            "y": 212
          },
          {
            "x": 106,
            "y": 216.0
          },
          {
            "x": 107.0,
            "y": 216.0
          },
          {
            "x": 108.0,
            "y": 217
          },
          {
            "x": 109.0,
            "y": 217
          },
          {
            "x": 112,
            "y": 214
          },
          {
            "x": 112,
            "y": 213
          },
          {
            "x": 116.0,
            "y": 209.0
          },
          {
            "x": 116.0,
            "y": 208
          },
          {
            "x": 124,
            "y": 200
          },
          {
            "x": 126.0,
            "y": 200
          },
          {
            "x": 127.0,
            "y": 201
          },
          {
            "x": 127.0,
            "y": 206
          },
          {
            "x": 126.0,
            "y": 207
          },
          {
            "x": 126.0,
            "y": 219
          },
          {
            "x": 125,
            "y": 220
          },
          {
            "x": 125,
            "y": 222.0
          },
          {
            "x": 126.0,
            "y": 223
          },
          {
            "x": 131.0,
            "y": 223
          },
          {
            "x": 132.0,
            "y": 224
          },
          {
            "x": 140.0,
            "y": 224
          },
          {
            "x": 141.0,
            "y": 225
          },
          {
            "x": 145.0,
            "y": 225
          },
          {
            "x": 146.0,
            "y": 226
          },
          {
            "x": 151,
            "y": 226
          },
          {
            "x": 152.0,
            "y": 227.0
          },
          {
            "x": 158.0,
            "y": 227.0
          },
          {
            "x": 158.0,
            "y": 226
          },
          {
            "x": 159.0,
            "y": 225
          },
          {
            "x": 159.0,
            "y": 224
          },
          {
            "x": 160.0,
            "y": 223
          },
          {
            "x": 160.0,
            "y": 222.0
          },
          {
            "x": 163,
            "y": 219
          },
          {
            "x": 172.0,
            "y": 219
          },
          {
            "x": 172.0,
            "y": 209.0
          },
          {
            "x": 173,
            "y": 208
          },
          {
            "x": 173,
            "y": 202
          },
          {
            "x": 174,
            "y": 201
          },
          {
            "x": 174,
            "y": 171
          },
          {
            "x": 175,
            "y": 170
          },
          {
            "x": 175,
            "y": 150
          },
          {
            "x": 174,
            "y": 149
          },
          {
            "x": 174,
            "y": 131
          },
          {
            "x": 173,
            "y": 130
          },
          {
            "x": 173,
            "y": 127.0
          },
          {
            "x": 174,
            "y": 126.0
          },
          {
            "x": 173,
            "y": 125
          },
          {
            "x": 173,
            "y": 121
          },
          {
            "x": 172.0,
            "y": 120.0
          },
          {
            "x": 172.0,
            "y": 119
          },
          {
            "x": 171.0,
            "y": 118
          },
          {
            "x": 171.0,
            "y": 117.0
          },
          {
            "x": 169.0,
            "y": 115
          },
          {
            "x": 168.0,
            "y": 115
          },
          {
            "x": 166.0,
            "y": 113
          },
          {
            "x": 165.0,
            "y": 113
          },
          {
            "x": 163,
            "y": 111.0
          },
          {
            "x": 161,
            "y": 111.0
          },
          {
            "x": 160.0,
            "y": 110
          },
          {
            "x": 157.0,
            "y": 110
          },
          {
            "x": 156.0,
            "y": 109
          },
          {
            "x": 153.0,
            "y": 109
          },
          {
            "x": 152.0,
            "y": 108.0
          },
          {
            "x": 146.0,
            "y": 108.0
          },
          {
            "x": 145.0,
            "y": 109
          },
          {
            "x": 145.0,
            "y": 110
          },
          {
            "x": 144.0,
            "y": 111.0
          },
          {
            "x": 145.0,
            "y": 112
          },
          {
            "x": 147.0,
            "y": 112
          },
          {
            "x": 149,
            "y": 114.0
          },
          {
            "x": 149,
            "y": 116
          },
          {
            "x": 141.0,
            "y": 124
          },
          {
            "x": 140.0,
            "y": 124
          },
          {
            "x": 140.0,
            "y": 125
          },
          {
            "x": 138,
            "y": 127.0
          },
          {
            "x": 137,
            "y": 127.0
          },
          {
            "x": 136,
            "y": 128
          },
          {
            "x": 135.0,
            "y": 128
          },
          {
            "x": 134.0,
            "y": 127.0
          },
          {
            "x": 134.0,
            "y": 126.0
          },
          {
            "x": 133.0,
            "y": 125
          },
          {
            "x": 133.0,
            "y": 124
          },
          {
            "x": 132.0,
            "y": 123.0
          },
          {
            "x": 132.0,
            "y": 121
          },
          {
            "x": 131.0,
            "y": 120.0
          },
          {
            "x": 131.0,
            "y": 119
          },
          {
            "x": 130.0,
            "y": 118
          },
          {
            "x": 130.0,
            "y": 115
          },
          {
            "x": 129.0,
            "y": 114.0
          },
          {
            "x": 129.0,
            "y": 112
          },
          {
            "x": 128.0,
            "y": 111.0
          },
          {
            "x": 128.0,
            "y": 109
          },
          {
            "x": 127.0,
            "y": 108.0
          },
          {
            "x": 127.0,
            "y": 107
          },
          {
            "x": 126.0,
            "y": 106
          },
          {
            "x": 126.0,
            "y": 104
          },
          {
            "x": 125,
            "y": 103
          },
          {
            "x": 125,
            "y": 102.0
          },
          {
            "x": 126.0,
            "y": 101
          },
          {
            "x": 126.0,
            "y": 99
          },
          {
            "x": 127.0,
            "y": 98
          },
          {
            "x": 126.0,
            "y": 97
          }
        ]
      }
    },
    {
      "name": "Trousers Polygon ",
      "polygon": {
        "path": [
          {
            "x": 125,
            "y": 200
          },
          {
            "x": 114.0,
            "y": 211
          },
          {
            "x": 114.0,
            "y": 212
          },
          {
            "x": 112,
            "y": 214
          },
          {
            "x": 112,
            "y": 215.0
          },
          {
            "x": 110.0,
            "y": 217
          },
          {
            "x": 107.0,
            "y": 217
          },
          {
            "x": 105.0,
            "y": 215.0
          },
          {
            "x": 104.0,
            "y": 215.0
          },
          {
            "x": 101.0,
            "y": 212
          },
          {
            "x": 98.0,
            "y": 212
          },
          {
            "x": 97.0,
            "y": 211
          },
          {
            "x": 95.0,
            "y": 211
          },
          {
            "x": 93,
            "y": 213
          },
          {
            "x": 93,
            "y": 214
          },
          {
            "x": 92.0,
            "y": 215.0
          },
          {
            "x": 92.0,
            "y": 216.0
          },
          {
            "x": 91.0,
            "y": 217
          },
          {
            "x": 91.0,
            "y": 224
          },
          {
            "x": 92.0,
            "y": 225
          },
          {
            "x": 92.0,
            "y": 238
          },
          {
            "x": 91.0,
            "y": 239
          },
          {
            "x": 91.0,
            "y": 269
          },
          {
            "x": 90.0,
            "y": 270
          },
          {
            "x": 90.0,
            "y": 274
          },
          {
            "x": 91.0,
            "y": 275
          },
          {
            "x": 91.0,
            "y": 277
          },
          {
            "x": 92.0,
            "y": 278
          },
          {
            "x": 92.0,
            "y": 279
          },
          {
            "x": 93,
            "y": 280
          },
          {
            "x": 93,
            "y": 281
          },
          {
            "x": 94,
            "y": 282
          },
          {
            "x": 94,
            "y": 286
          },
          {
            "x": 93,
            "y": 287
          },
          {
            "x": 93,
            "y": 291
          },
          {
            "x": 94,
            "y": 292
          },
          {
            "x": 94,
            "y": 293
          },
          {
            "x": 96.0,
            "y": 295
          },
          {
            "x": 99,
            "y": 295
          },
          {
            "x": 100,
            "y": 296
          },
          {
            "x": 102.0,
            "y": 296
          },
          {
            "x": 103.0,
            "y": 297
          },
          {
            "x": 106,
            "y": 297
          },
          {
            "x": 107.0,
            "y": 298
          },
          {
            "x": 108.0,
            "y": 298
          },
          {
            "x": 109.0,
            "y": 299
          },
          {
            "x": 116.0,
            "y": 299
          },
          {
            "x": 116.0,
            "y": 298
          },
          {
            "x": 117.0,
            "y": 297
          },
          {
            "x": 117.0,
            "y": 296
          },
          {
            "x": 118.0,
            "y": 295
          },
          {
            "x": 118.0,
            "y": 291
          },
          {
            "x": 121.0,
            "y": 288
          },
          {
            "x": 121.0,
            "y": 283
          },
          {
            "x": 122.0,
            "y": 282
          },
          {
            "x": 123.0,
            "y": 283
          },
          {
            "x": 124,
            "y": 283
          },
          {
            "x": 125,
            "y": 284
          },
          {
            "x": 125,
            "y": 288
          },
          {
            "x": 124,
            "y": 289
          },
          {
            "x": 124,
            "y": 293
          },
          {
            "x": 125,
            "y": 294
          },
          {
            "x": 126.0,
            "y": 294
          },
          {
            "x": 127.0,
            "y": 293
          },
          {
            "x": 129.0,
            "y": 293
          },
          {
            "x": 130.0,
            "y": 292
          },
          {
            "x": 135.0,
            "y": 292
          },
          {
            "x": 136,
            "y": 291
          },
          {
            "x": 142.0,
            "y": 291
          },
          {
            "x": 143.0,
            "y": 290
          },
          {
            "x": 144.0,
            "y": 290
          },
          {
            "x": 145.0,
            "y": 289
          },
          {
            "x": 146.0,
            "y": 289
          },
          {
            "x": 146.0,
            "y": 288
          },
          {
            "x": 147.0,
            "y": 287
          },
          {
            "x": 147.0,
            "y": 279
          },
          {
            "x": 148,
            "y": 278
          },
          {
            "x": 148,
            "y": 277
          },
          {
            "x": 147.0,
            "y": 276
          },
          {
            "x": 147.0,
            "y": 274
          },
          {
            "x": 146.0,
            "y": 273
          },
          {
            "x": 146.0,
            "y": 270
          },
          {
            "x": 147.0,
            "y": 269
          },
          {
            "x": 147.0,
            "y": 268
          },
          {
            "x": 148,
            "y": 267
          },
          {
            "x": 148,
            "y": 266
          },
          {
            "x": 149,
            "y": 265
          },
          {
            "x": 149,
            "y": 262
          },
          {
            "x": 150,
            "y": 261
          },
          {
            "x": 150,
            "y": 259
          },
          {
            "x": 151,
            "y": 258
          },
          {
            "x": 151,
            "y": 253.0
          },
          {
            "x": 152.0,
            "y": 252.0
          },
          {
            "x": 152.0,
            "y": 246.0
          },
          {
            "x": 153.0,
            "y": 245
          },
          {
            "x": 153.0,
            "y": 240.0
          },
          {
            "x": 154.0,
            "y": 239
          },
          {
            "x": 154.0,
            "y": 237
          },
          {
            "x": 155.0,
            "y": 236
          },
          {
            "x": 155.0,
            "y": 235.0
          },
          {
            "x": 156.0,
            "y": 234.0
          },
          {
            "x": 156.0,
            "y": 233.0
          },
          {
            "x": 157.0,
            "y": 232
          },
          {
            "x": 157.0,
            "y": 229.0
          },
          {
            "x": 156.0,
            "y": 229.0
          },
          {
            "x": 155.0,
            "y": 228.0
          },
          {
            "x": 153.0,
            "y": 228.0
          },
          {
            "x": 152.0,
            "y": 227.0
          },
          {
            "x": 148,
            "y": 227.0
          },
          {
            "x": 147.0,
            "y": 226
          },
          {
            "x": 142.0,
            "y": 226
          },
          {
            "x": 141.0,
            "y": 225
          },
          {
            "x": 136,
            "y": 225
          },
          {
            "x": 135.0,
            "y": 224
          },
          {
            "x": 127.0,
            "y": 224
          },
          {
            "x": 125,
            "y": 222.0
          },
          {
            "x": 125,
            "y": 210.0
          },
          {
            "x": 126.0,
            "y": 209.0
          },
          {
            "x": 126.0,
            "y": 201
          }
        ]
      }
    }
  ]
}