{
  "image": {
    "width": 266,
    "height": 400,
    "filename": "00000038.jpg",
    "original_filename": "000517.jpg",
    "url": "https://darwin.v7labs.com/api/images/1212410/original?token=cd62f37c-afe4-4d19-9fa3-5be62f6a54a9",
    "thumbnail_url": "https://darwin.v7labs.com/api/images/1212410/thumbnail?token=cd62f37c-afe4-4d19-9fa3-5be62f6a54a9",
    "workview_url": "https://darwin.v7labs.com/workview?dataset=1177&image=38"
  },
  "dataset": "Fashion_3",
  "annotated": true,
  "annotations": [
    {
      "name": "Trousers Polygon ",
      "polygon": {
        "path": [
          {
            "x": 155.0,
            "y": 192
          },
          {
            "x": 152,
            "y": 192
          },
          {
            "x": 150.0,
            "y": 194
          },
          {
            "x": 146,
            "y": 194
          },
          {
            "x": 145,
            "y": 193.0
          },
          {
            "x": 143,
            "y": 193.0
          },
          {
            "x": 142,
            "y": 192
          },
          {
            "x": 139,
            "y": 192
          },
          {
            "x": 138,
            "y": 193.0
          },
          {
            "x": 137,
            "y": 193.0
          },
          {
            "x": 136,
            "y": 194
          },
          {
            "x": 131,
            "y": 194
          },
          {
            "x": 131,
            "y": 195
          },
          {
            "x": 129,
            "y": 197
          },
          {
            "x": 129,
            "y": 199.0
          },
          {
            "x": 128,
            "y": 200
          },
          {
            "x": 128,
            "y": 202
          },
          {
            "x": 127,
            "y": 203
          },
          {
            "x": 127,
            "y": 204.0
          },
          {
            "x": 126,
            "y": 205
          },
          {
            "x": 126,
            "y": 207
          },
          {
            "x": 125,
            "y": 208
          },
          {
            "x": 125,
            "y": 210.0
          },
          {
            "x": 124.0,
            "y": 211
          },
          {
            "x": 124.0,
            "y": 213
          },
          {
            "x": 123,
            "y": 214
          },
          {
            "x": 123,
            "y": 215.0
          },
          {
            "x": 122,
            "y": 216
          },
          {
            "x": 122,
            "y": 217
          },
          {
            "x": 121,
            "y": 218
          },
          {
            "x": 121,
            "y": 220
          },
          {
            "x": 120,
            "y": 221
          },
          {
            "x": 120,
            "y": 223
          },
          {
            "x": 119,
            "y": 224
          },
          {
            "x": 119,
            "y": 226.0
          },
          {
            "x": 118,
            "y": 227
          },
          {
            "x": 118,
            "y": 228
          },
          {
            "x": 117,
            "y": 229
          },
          {
            "x": 117,
            "y": 230
          },
          {
            "x": 116,
            "y": 231
          },
          {
            "x": 116,
            "y": 233
          },
          {
            "x": 115,
            "y": 234
          },
          {
            "x": 115,
            "y": 236
          },
          {
            "x": 114,
            "y": 237.0
          },
          {
            "x": 114,
            "y": 238
          },
          {
            "x": 113.0,
            "y": 239
          },
          {
            "x": 113.0,
            "y": 241
          },
          {
            "x": 112,
            "y": 242
          },
          {
            "x": 112,
            "y": 243
          },
          {
            "x": 111,
            "y": 244
          },
          {
            "x": 111,
            "y": 247
          },
          {
            "x": 110,
            "y": 248.0
          },
          {
            "x": 110,
            "y": 251
          },
          {
            "x": 109,
            "y": 252
          },
          {
            "x": 109,
            "y": 253.0
          },
          {
            "x": 108,
            "y": 254
          },
          {
            "x": 108,
            "y": 256
          },
          {
            "x": 107,
            "y": 257
          },
          {
            "x": 107,
            "y": 259
          },
          {
            "x": 106,
            "y": 260
          },
          {
            "x": 106,
            "y": 263
          },
          {
            "x": 105.0,
            "y": 264
          },
          {
            "x": 105.0,
            "y": 271
          },
          {
            "x": 104,
            "y": 272
          },
          {
            "x": 104,
            "y": 275
          },
          {
            "x": 103,
            "y": 276
          },
          {
            "x": 103,
            "y": 280
          },
          {
            "x": 102.0,
            "y": 281
          },
          {
            "x": 102.0,
            "y": 288
          },
          {
            "x": 101,
            "y": 289
          },
          {
            "x": 101,
            "y": 295
          },
          {
            "x": 100,
            "y": 296
          },
          {
            "x": 100,
            "y": 309
          },
          {
            "x": 99,
            "y": 310.0
          },
          {
            "x": 99,
            "y": 317
          },
          {
            "x": 98,
            "y": 318
          },
          {
            "x": 98,
            "y": 341
          },
          {
            "x": 97,
            "y": 342
          },
          {
            "x": 97,
            "y": 354.0
          },
          {
            "x": 96,
            "y": 355
          },
          {
            "x": 96,
            "y": 357
          },
          {
            "x": 95,
            "y": 358
          },
          {
            "x": 95,
            "y": 362
          },
          {
            "x": 94.0,
            "y": 363
          },
          {
            "x": 94.0,
            "y": 366
          },
          {
            "x": 93,
            "y": 367
          },
          {
            "x": 93,
            "y": 368
          },
          {
            "x": 92,
            "y": 369
          },
          {
            "x": 92,
            "y": 370
          },
          {
            "x": 91,
            "y": 371.0
          },
          {
            "x": 91,
            "y": 375
          },
          {
            "x": 94.0,
            "y": 375
          },
          {
            "x": 95,
            "y": 376.0
          },
          {
            "x": 100,
            "y": 376.0
          },
          {
            "x": 101,
            "y": 375
          },
          {
            "x": 104,
            "y": 375
          },
          {
            "x": 105.0,
            "y": 376.0
          },
          {
            "x": 106,
            "y": 376.0
          },
          {
            "x": 108,
            "y": 378
          },
          {
            "x": 109,
            "y": 378
          },
          {
            "x": 110,
            "y": 379
          },
          {
            "x": 118,
            "y": 379
          },
          {
            "x": 119,
            "y": 378
          },
          {
            "x": 122,
            "y": 378
          },
          {
            "x": 125,
            "y": 375
          },
          {
            "x": 125,
            "y": 374
          },
          {
            "x": 126,
            "y": 373
          },
          {
            "x": 126,
            "y": 372
          },
          {
            "x": 127,
            "y": 371.0
          },
          {
            "x": 127,
            "y": 366
          },
          {
            "x": 128,
            "y": 365
          },
          {
            "x": 128,
            "y": 358
          },
          {
            "x": 129,
            "y": 357
          },
          {
            "x": 129,
            "y": 351
          },
          {
            "x": 130,
            "y": 350
          },
          {
            "x": 130,
            "y": 342
          },
          {
            "x": 131,
            "y": 341
          },
          {
            "x": 131,
            "y": 332.0
          },
          {
            "x": 132,
            "y": 331
          },
          {
            "x": 132,
            "y": 317
          },
          {
            "x": 133,
            "y": 316
          },
          {
            "x": 133,
            "y": 307
          },
          {
            "x": 134,
            "y": 306
          },
          {
            "x": 134,
            "y": 300.0
          },
          {
            "x": 135,
            "y": 299
          },
          {
            "x": 135,
            "y": 291
          },
          {
            "x": 136,
            "y": 290
          },
          {
            "x": 136,
            "y": 285
          },
          {
            "x": 139,
            "y": 282
          },
          {
            "x": 141,
            "y": 282
          },
          {
            "x": 142,
            "y": 281
          },
          {
            "x": 145,
            "y": 281
          },
          {
            "x": 146,
            "y": 280
          },
          {
            "x": 147,
            "y": 280
          },
          {
            "x": 149,
            "y": 282
          },
          {
            "x": 149,
            "y": 284
          },
          {
            "x": 148,
            "y": 285
          },
          {
            "x": 148,
            "y": 293
          },
          {
            "x": 147,
            "y": 294
          },
          {
            "x": 147,
            "y": 317
          },
          {
            "x": 146,
            "y": 318
          },
          {
            "x": 146,
            "y": 341
          },
          {
            "x": 147,
            "y": 342
          },
          {
            "x": 147,
            "y": 354.0
          },
          {
            "x": 146,
            "y": 355
          },
          {
            "x": 146,
            "y": 360
          },
          {
            "x": 145,
            "y": 361
          },
          {
            "x": 145,
            "y": 363
          },
          {
            "x": 144,
            "y": 364
          },
          {
            "x": 144,
            "y": 368
          },
          {
            "x": 143,
            "y": 369
          },
          {
            "x": 143,
            "y": 371.0
          },
          {
            "x": 142,
            "y": 372
          },
          {
            "x": 142,
            "y": 373
          },
          {
            "x": 141,
            "y": 374
          },
          {
            "x": 141,
            "y": 375
          },
          {
            "x": 140,
            "y": 376.0
          },
          {
            "x": 139,
            "y": 376.0
          },
          {
            "x": 139,
            "y": 378
          },
          {
            "x": 144,
            "y": 378
          },
          {
            "x": 144,
            "y": 377
          },
          {
            "x": 146,
            "y": 375
          },
          {
            "x": 149,
            "y": 375
          },
          {
            "x": 151,
            "y": 377
          },
          {
            "x": 151,
            "y": 378
          },
          {
            "x": 152,
            "y": 378
          },
          {
            "x": 153,
            "y": 379
          },
          {
            "x": 154,
            "y": 379
          },
          {
            "x": 155.0,
            "y": 378
          },
          {
            "x": 157,
            "y": 378
          },
          {
            "x": 158,
            "y": 377
          },
          {
            "x": 162,
            "y": 377
          },
          {
            "x": 163,
            "y": 376.0
          },
          {
            "x": 167,
            "y": 376.0
          },
          {
            "x": 167,
            "y": 360
          },
          {
            "x": 168,
            "y": 359.0
          },
          {
            "x": 168,
            "y": 353
          },
          {
            "x": 169,
            "y": 352
          },
          {
            "x": 169,
            "y": 347
          },
          {
            "x": 170,
            "y": 346
          },
          {
            "x": 170,
            "y": 344
          },
          {
            "x": 171,
            "y": 343
          },
          {
            "x": 171,
            "y": 338
          },
          {
            "x": 172,
            "y": 337.0
          },
          {
            "x": 172,
            "y": 330
          },
          {
            "x": 173.0,
            "y": 329
          },
          {
            "x": 173.0,
            "y": 324
          },
          {
            "x": 174,
            "y": 323
          },
          {
            "x": 174,
            "y": 300.0
          },
          {
            "x": 173.0,
            "y": 299
          },
          {
            "x": 174,
            "y": 298
          },
          {
            "x": 174,
            "y": 294
          },
          {
            "x": 173.0,
            "y": 293
          },
          {
            "x": 174,
            "y": 292
          },
          {
            "x": 174,
            "y": 288
          },
          {
            "x": 173.0,
            "y": 287
          },
          {
            "x": 173.0,
            "y": 286
          },
          {
            "x": 174,
            "y": 285
          },
          {
            "x": 174,
            "y": 284
          },
          {
            "x": 172,
            "y": 282
          },
          {
            "x": 172,
            "y": 280
          },
          {
            "x": 173.0,
            "y": 279
          },
          {
            "x": 173.0,
            "y": 276
          },
          {
            "x": 172,
            "y": 275
          },
          {
            "x": 173.0,
            "y": 274
          },
          {
            "x": 173.0,
            "y": 268
          },
          {
            "x": 174,
            "y": 267
          },
          {
            "x": 174,
            "y": 266
          },
          {
            "x": 173.0,
            "y": 265
          },
          {
            "x": 173.0,
            "y": 259
          },
          {
            "x": 172,
            "y": 258
          },
          {
            "x": 172,
            "y": 246
          },
          {
            "x": 171,
            "y": 245
          },
          {
            "x": 171,
            "y": 228
          },
          {
            "x": 170,
            "y": 227
          },
          {
            "x": 170,
            "y": 226.0
          },
          {
            "x": 171,
            "y": 225
          },
          {
            "x": 171,
            "y": 222
          },
          {
            "x": 170,
            "y": 221
          },
          {
            "x": 170,
            "y": 220
          },
          {
            "x": 171,
            "y": 219
          },
          {
            "x": 171,
            "y": 217
          },
          {
            "x": 170,
            "y": 216
          },
          {
            "x": 170,
            "y": 209
          },
          {
            "x": 169,
            "y": 208
          },
          {
            "x": 169,
            "y": 206
          },
          {
            "x": 168,
            "y": 205
          },
          {
            "x": 168,
            "y": 204.0
          },
          {
            "x": 167,
            "y": 203
          },
          {
            "x": 167,
            "y": 201
          },
          {
            "x": 166.0,
            "y": 200
          },
          {
            "x": 166.0,
            "y": 198
          },
          {
            "x": 163,
            "y": 195
          },
          {
            "x": 160,
            "y": 195
          },
          {
            "x": 158,
            "y": 193.0
          },
          {
            "x": 156,
            "y": 193.0
          }
        ]
      }
    },
    {
      "name": "Blouse Polygon ",
      "polygon": {
        "path": [
          {
            "x": 156,
            "y": 138
          },
          {
            "x": 155,
            "y": 138
          },
          {
            "x": 154,
            "y": 139
          },
          {
            "x": 153,
            "y": 139
          },
          {
            "x": 152,
            "y": 140
          },
          {
            "x": 150,
            "y": 140
          },
          {
            "x": 148,
            "y": 138
          },
          {
            "x": 147,
            "y": 138
          },
          {
            "x": 147,
            "y": 152
          },
          {
            "x": 146,
            "y": 153
          },
          {
            "x": 146,
            "y": 157
          },
          {
            "x": 145,
            "y": 158
          },
          {
            "x": 145,
            "y": 162
          },
          {
            "x": 142.0,
            "y": 165
          },
          {
            "x": 142.0,
            "y": 168
          },
          {
            "x": 141,
            "y": 169
          },
          {
            "x": 141,
            "y": 171
          },
          {
            "x": 140,
            "y": 172
          },
          {
            "x": 140,
            "y": 175
          },
          {
            "x": 139,
            "y": 176
          },
          {
            "x": 139,
            "y": 179
          },
          {
            "x": 137,
            "y": 181
          },
          {
            "x": 137,
            "y": 184
          },
          {
            "x": 136,
            "y": 185
          },
          {
            "x": 136,
            "y": 186
          },
          {
            "x": 135,
            "y": 187.0
          },
          {
            "x": 135,
            "y": 188
          },
          {
            "x": 133,
            "y": 190
          },
          {
            "x": 133,
            "y": 193
          },
          {
            "x": 134,
            "y": 194
          },
          {
            "x": 136,
            "y": 194
          },
          {
            "x": 139,
            "y": 191
          },
          {
            "x": 140,
            "y": 191
          },
          {
            "x": 141,
            "y": 192
          },
          {
            "x": 149,
            "y": 192
          },
          {
            "x": 150,
            "y": 191
          },
          {
            "x": 151,
            "y": 191
          },
          {
            "x": 152,
            "y": 190
          },
          {
            "x": 153,
            "y": 190
          },
          {
            "x": 155,
            "y": 188
          },
          {
            "x": 156,
            "y": 188
          },
          {
            "x": 157,
            "y": 187.0
          },
          {
            "x": 158,
            "y": 187.0
          },
          {
            "x": 159.0,
            "y": 188
          },
          {
            "x": 160,
            "y": 188
          },
          {
            "x": 160,
            "y": 187.0
          },
          {
            "x": 162,
            "y": 185
          },
          {
            "x": 161,
            "y": 184
          },
          {
            "x": 161,
            "y": 183
          },
          {
            "x": 160,
            "y": 182
          },
          {
            "x": 160,
            "y": 181
          },
          {
            "x": 161,
            "y": 180
          },
          {
            "x": 161,
            "y": 175
          },
          {
            "x": 160,
            "y": 174
          },
          {
            "x": 160,
            "y": 170
          },
          {
            "x": 159.0,
            "y": 169
          },
          {
            "x": 159.0,
            "y": 165
          },
          {
            "x": 158,
            "y": 164
          },
          {
            "x": 158,
            "y": 159.0
          },
          {
            "x": 157,
            "y": 158
          },
          {
            "x": 157,
            "y": 154
          },
          {
            "x": 156,
            "y": 153
          }
        ]
      }
    }
  ]
}