{
  "image": {
    "width": 500,
    "height": 751,
    "filename": "00000695.jpg",
    "original_filename": "000095.jpg",
    "url": "https://darwin.v7labs.com/api/images/1212006/original?token=5cea58b9-0f48-4f62-9905-01f97ea9945c",
    "thumbnail_url": "https://darwin.v7labs.com/api/images/1212006/thumbnail?token=5cea58b9-0f48-4f62-9905-01f97ea9945c",
    "workview_url": "https://darwin.v7labs.com/workview?dataset=1161&image=695"
  },
  "dataset": "Fashion retail",
  "annotated": true,
  "annotations": [
    {
      "name": "Coat Polygon ",
      "polygon": {
        "path": [
          {
            "x": 226,
            "y": 164
          },
          {
            "x": 223,
            "y": 167
          },
          {
            "x": 223,
            "y": 180
          },
          {
            "x": 222,
            "y": 181
          },
          {
            "x": 222,
            "y": 182
          },
          {
            "x": 219,
            "y": 185
          },
          {
            "x": 218,
            "y": 185
          },
          {
            "x": 215,
            "y": 188
          },
          {
            "x": 214.0,
            "y": 188
          },
          {
            "x": 213,
            "y": 189
          },
          {
            "x": 212.0,
            "y": 189
          },
          {
            "x": 211,
            "y": 190
          },
          {
            "x": 210,
            "y": 190
          },
          {
            "x": 209,
            "y": 191
          },
          {
            "x": 208,
            "y": 191
          },
          {
            "x": 207,
            "y": 192
          },
          {
            "x": 206,
            "y": 192
          },
          {
            "x": 205,
            "y": 193
          },
          {
            "x": 204,
            "y": 193
          },
          {
            "x": 203,
            "y": 194
          },
          {
            "x": 202,
            "y": 194
          },
          {
            "x": 201,
            "y": 195
          },
          {
            "x": 200,
            "y": 195
          },
          {
            "x": 199.0,
            "y": 196
          },
          {
            "x": 198,
            "y": 196
          },
          {
            "x": 197,
            "y": 197
          },
          {
            "x": 195,
            "y": 197
          },
          {
            "x": 194,
            "y": 198
          },
          {
            "x": 191,
            "y": 198
          },
          {
            "x": 190,
            "y": 199.0
          },
          {
            "x": 186.0,
            "y": 199.0
          },
          {
            "x": 185,
            "y": 200
          },
          {
            "x": 184.0,
            "y": 200
          },
          {
            "x": 182,
            "y": 202
          },
          {
            "x": 181,
            "y": 202
          },
          {
            "x": 180,
            "y": 203
          },
          {
            "x": 179,
            "y": 203
          },
          {
            "x": 178,
            "y": 204
          },
          {
            "x": 177,
            "y": 204
          },
          {
            "x": 176,
            "y": 205
          },
          {
            "x": 175,
            "y": 205
          },
          {
            "x": 173,
            "y": 207
          },
          {
            "x": 172,
            "y": 207
          },
          {
            "x": 171.0,
            "y": 208
          },
          {
            "x": 170,
            "y": 208
          },
          {
            "x": 169.0,
            "y": 209
          },
          {
            "x": 167,
            "y": 209
          },
          {
            "x": 166,
            "y": 210
          },
          {
            "x": 165,
            "y": 210
          },
          {
            "x": 165,
            "y": 211
          },
          {
            "x": 163,
            "y": 213
          },
          {
            "x": 162,
            "y": 213
          },
          {
            "x": 161,
            "y": 214.0
          },
          {
            "x": 161,
            "y": 215
          },
          {
            "x": 159,
            "y": 217
          },
          {
            "x": 159,
            "y": 218
          },
          {
            "x": 157,
            "y": 220
          },
          {
            "x": 157,
            "y": 221
          },
          {
            "x": 155,
            "y": 223
          },
          {
            "x": 155,
            "y": 225
          },
          {
            "x": 154,
            "y": 226
          },
          {
            "x": 154,
            "y": 227.0
          },
          {
            "x": 153,
            "y": 228
          },
          {
            "x": 153,
            "y": 229.0
          },
          {
            "x": 152,
            "y": 230
          },
          {
            "x": 152,
            "y": 231
          },
          {
            "x": 151,
            "y": 232
          },
          {
            "x": 151,
            "y": 233
          },
          {
            "x": 150,
            "y": 234
          },
          {
            "x": 150,
            "y": 235
          },
          {
            "x": 149,
            "y": 236
          },
          {
            "x": 149,
            "y": 237
          },
          {
            "x": 148,
            "y": 238
          },
          {
            "x": 148,
            "y": 240
          },
          {
            "x": 147,
            "y": 241
          },
          {
            "x": 147,
            "y": 242.0
          },
          {
            "x": 146,
            "y": 243
          },
          {
            "x": 146,
            "y": 244
          },
          {
            "x": 145,
            "y": 245
          },
          {
            "x": 145,
            "y": 247
          },
          {
            "x": 144,
            "y": 248
          },
          {
            "x": 144,
            "y": 251
          },
          {
            "x": 143,
            "y": 252
          },
          {
            "x": 143,
            "y": 253
          },
          {
            "x": 142,
            "y": 254
          },
          {
            "x": 142,
            "y": 256
          },
          {
            "x": 141,
            "y": 257
          },
          {
            "x": 141,
            "y": 259
          },
          {
            "x": 140,
            "y": 260
          },
          {
            "x": 140,
            "y": 262
          },
          {
            "x": 139,
            "y": 263
          },
          {
            "x": 139,
            "y": 265
          },
          {
            "x": 138,
            "y": 266
          },
          {
            "x": 138,
            "y": 268
          },
          {
            "x": 137,
            "y": 269
          },
          {
            "x": 137,
            "y": 272
          },
          {
            "x": 136,
            "y": 273
          },
          {
            "x": 136,
            "y": 276
          },
          {
            "x": 135,
            "y": 277
          },
          {
            "x": 135,
            "y": 278
          },
          {
            "x": 134,
            "y": 279
          },
          {
            "x": 134,
            "y": 281
          },
          {
            "x": 133,
            "y": 282
          },
          {
            "x": 133,
            "y": 284
          },
          {
            "x": 132,
            "y": 285
          },
          {
            "x": 132,
            "y": 287
          },
          {
            "x": 131,
            "y": 288
          },
          {
            "x": 131,
            "y": 291
          },
          {
            "x": 130,
            "y": 292
          },
          {
            "x": 130,
            "y": 293
          },
          {
            "x": 129,
            "y": 294
          },
          {
            "x": 129,
            "y": 296
          },
          {
            "x": 128,
            "y": 297.0
          },
          {
            "x": 128,
            "y": 301.0
          },
          {
            "x": 127,
            "y": 302
          },
          {
            "x": 127,
            "y": 304
          },
          {
            "x": 126,
            "y": 305
          },
          {
            "x": 126,
            "y": 308
          },
          {
            "x": 125,
            "y": 309
          },
          {
            "x": 125,
            "y": 313
          },
          {
            "x": 124,
            "y": 314
          },
          {
            "x": 124,
            "y": 315
          },
          {
            "x": 123,
            "y": 316.0
          },
          {
            "x": 123,
            "y": 321
          },
          {
            "x": 122,
            "y": 322
          },
          {
            "x": 122,
            "y": 324
          },
          {
            "x": 121.0,
            "y": 325
          },
          {
            "x": 121.0,
            "y": 327.0
          },
          {
            "x": 120,
            "y": 328
          },
          {
            "x": 120,
            "y": 345
          },
          {
            "x": 121.0,
            "y": 346
          },
          {
            "x": 121.0,
            "y": 348
          },
          {
            "x": 122,
            "y": 349
          },
          {
            "x": 122,
            "y": 352
          },
          {
            "x": 123,
            "y": 353.0
          },
          {
            "x": 123,
            "y": 356
          },
          {
            "x": 124,
            "y": 357.0
          },
          {
            "x": 125,
            "y": 357.0
          },
          {
            "x": 126,
            "y": 358
          },
          {
            "x": 136,
            "y": 358
          },
          {
            "x": 137,
            "y": 359
          },
          {
            "x": 139,
            "y": 359
          },
          {
            "x": 144,
            "y": 364
          },
          {
            "x": 144,
            "y": 367
          },
          {
            "x": 147,
            "y": 370
          },
          {
            "x": 147,
            "y": 371
          },
          {
            "x": 148,
            "y": 372.0
          },
          {
            "x": 148,
            "y": 373
          },
          {
            "x": 149,
            "y": 374
          },
          {
            "x": 149,
            "y": 376
          },
          {
            "x": 151,
            "y": 378
          },
          {
            "x": 151,
            "y": 379
          },
          {
            "x": 152,
            "y": 380
          },
          {
            "x": 152,
            "y": 382
          },
          {
            "x": 153,
            "y": 383.0
          },
          {
            "x": 153,
            "y": 384
          },
          {
            "x": 155,
            "y": 386
          },
          {
            "x": 155,
            "y": 387.0
          },
          {
            "x": 159,
            "y": 391
          },
          {
            "x": 159,
            "y": 393
          },
          {
            "x": 160,
            "y": 394
          },
          {
            "x": 160,
            "y": 403
          },
          {
            "x": 161,
            "y": 404
          },
          {
            "x": 161,
            "y": 408
          },
          {
            "x": 162,
            "y": 409
          },
          {
            "x": 162,
            "y": 412
          },
          {
            "x": 163,
            "y": 413.0
          },
          {
            "x": 163,
            "y": 415
          },
          {
            "x": 164,
            "y": 416
          },
          {
            "x": 164,
            "y": 418
          },
          {
            "x": 165,
            "y": 419
          },
          {
            "x": 165,
            "y": 426
          },
          {
            "x": 166,
            "y": 427
          },
          {
            "x": 166,
            "y": 438
          },
          {
            "x": 165,
            "y": 439.0
          },
          {
            "x": 165,
            "y": 452.0
          },
          {
            "x": 166,
            "y": 453
          },
          {
            "x": 167,
            "y": 453
          },
          {
            "x": 168,
            "y": 454.0
          },
          {
            "x": 174,
            "y": 454.0
          },
          {
            "x": 179,
            "y": 459
          },
          {
            "x": 179,
            "y": 460.0
          },
          {
            "x": 180,
            "y": 461
          },
          {
            "x": 180,
            "y": 462
          },
          {
            "x": 181,
            "y": 463.0
          },
          {
            "x": 181,
            "y": 464
          },
          {
            "x": 182,
            "y": 465.0
          },
          {
            "x": 182,
            "y": 466.0
          },
          {
            "x": 183,
            "y": 467
          },
          {
            "x": 183,
            "y": 469.0
          },
          {
            "x": 184.0,
            "y": 470
          },
          {
            "x": 184.0,
            "y": 471.0
          },
          {
            "x": 185,
            "y": 472
          },
          {
            "x": 185,
            "y": 474.0
          },
          {
            "x": 186.0,
            "y": 475
          },
          {
            "x": 186.0,
            "y": 480
          },
          {
            "x": 187,
            "y": 481
          },
          {
            "x": 187,
            "y": 482.0
          },
          {
            "x": 188,
            "y": 483
          },
          {
            "x": 188,
            "y": 485.0
          },
          {
            "x": 189,
            "y": 486
          },
          {
            "x": 189,
            "y": 487.0
          },
          {
            "x": 190,
            "y": 488.0
          },
          {
            "x": 190,
            "y": 490.0
          },
          {
            "x": 191,
            "y": 491
          },
          {
            "x": 191,
            "y": 492
          },
          {
            "x": 192,
            "y": 493.0
          },
          {
            "x": 192,
            "y": 495.0
          },
          {
            "x": 193,
            "y": 496.0
          },
          {
            "x": 193,
            "y": 497
          },
          {
            "x": 194,
            "y": 498.0
          },
          {
            "x": 194,
            "y": 499.0
          },
          {
            "x": 195,
            "y": 500
          },
          {
            "x": 195,
            "y": 501.0
          },
          {
            "x": 196,
            "y": 502
          },
          {
            "x": 196,
            "y": 504.0
          },
          {
            "x": 197,
            "y": 505
          },
          {
            "x": 197,
            "y": 507.0
          },
          {
            "x": 198,
            "y": 508
          },
          {
            "x": 198,
            "y": 509.0
          },
          {
            "x": 199.0,
            "y": 510.0
          },
          {
            "x": 199.0,
            "y": 512.0
          },
          {
            "x": 200,
            "y": 513
          },
          {
            "x": 200,
            "y": 515
          },
          {
            "x": 201,
            "y": 516
          },
          {
            "x": 201,
            "y": 517.0
          },
          {
            "x": 202,
            "y": 518
          },
          {
            "x": 202,
            "y": 519
          },
          {
            "x": 203,
            "y": 520.0
          },
          {
            "x": 203,
            "y": 521
          },
          {
            "x": 206,
            "y": 524
          },
          {
            "x": 206,
            "y": 525.0
          },
          {
            "x": 207,
            "y": 526
          },
          {
            "x": 207,
            "y": 528.0
          },
          {
            "x": 208,
            "y": 529
          },
          {
            "x": 208,
            "y": 530
          },
          {
            "x": 209,
            "y": 531.0
          },
          {
            "x": 209,
            "y": 532
          },
          {
            "x": 211,
            "y": 534.0
          },
          {
            "x": 211,
            "y": 535
          },
          {
            "x": 213,
            "y": 537
          },
          {
            "x": 213,
            "y": 538
          },
          {
            "x": 214.0,
            "y": 539.0
          },
          {
            "x": 214.0,
            "y": 540
          },
          {
            "x": 215,
            "y": 541
          },
          {
            "x": 215,
            "y": 542.0
          },
          {
            "x": 218,
            "y": 545
          },
          {
            "x": 218,
            "y": 546
          },
          {
            "x": 219,
            "y": 547.0
          },
          {
            "x": 219,
            "y": 548
          },
          {
            "x": 220,
            "y": 549
          },
          {
            "x": 220,
            "y": 550.0
          },
          {
            "x": 221,
            "y": 551
          },
          {
            "x": 221,
            "y": 553.0
          },
          {
            "x": 222,
            "y": 554
          },
          {
            "x": 222,
            "y": 556
          },
          {
            "x": 223,
            "y": 557
          },
          {
            "x": 223,
            "y": 559
          },
          {
            "x": 224,
            "y": 560
          },
          {
            "x": 224,
            "y": 562
          },
          {
            "x": 225,
            "y": 563
          },
          {
            "x": 225,
            "y": 564.0
          },
          {
            "x": 227.0,
            "y": 566.0
          },
          {
            "x": 227.0,
            "y": 568
          },
          {
            "x": 228,
            "y": 569.0
          },
          {
            "x": 228,
            "y": 574
          },
          {
            "x": 229.0,
            "y": 575
          },
          {
            "x": 229.0,
            "y": 576
          },
          {
            "x": 230,
            "y": 577.0
          },
          {
            "x": 230,
            "y": 579
          },
          {
            "x": 231,
            "y": 580.0
          },
          {
            "x": 231,
            "y": 581
          },
          {
            "x": 232,
            "y": 582
          },
          {
            "x": 232,
            "y": 583.0
          },
          {
            "x": 233,
            "y": 584
          },
          {
            "x": 233,
            "y": 585
          },
          {
            "x": 234,
            "y": 586
          },
          {
            "x": 234,
            "y": 588
          },
          {
            "x": 235,
            "y": 589
          },
          {
            "x": 235,
            "y": 590
          },
          {
            "x": 236,
            "y": 591
          },
          {
            "x": 236,
            "y": 592
          },
          {
            "x": 237,
            "y": 593
          },
          {
            "x": 237,
            "y": 595
          },
          {
            "x": 238,
            "y": 596
          },
          {
            "x": 238,
            "y": 597
          },
          {
            "x": 240,
            "y": 599
          },
          {
            "x": 241,
            "y": 599
          },
          {
            "x": 242.0,
            "y": 600
          },
          {
            "x": 252,
            "y": 600
          },
          {
            "x": 253,
            "y": 599
          },
          {
            "x": 273,
            "y": 599
          },
          {
            "x": 274,
            "y": 600
          },
          {
            "x": 286,
            "y": 600
          },
          {
            "x": 287,
            "y": 601
          },
          {
            "x": 292,
            "y": 601
          },
          {
            "x": 293,
            "y": 600
          },
          {
            "x": 298,
            "y": 600
          },
          {
            "x": 299,
            "y": 599
          },
          {
            "x": 301.0,
            "y": 599
          },
          {
            "x": 302,
            "y": 598
          },
          {
            "x": 304,
            "y": 598
          },
          {
            "x": 305,
            "y": 597
          },
          {
            "x": 307,
            "y": 597
          },
          {
            "x": 308,
            "y": 596
          },
          {
            "x": 310,
            "y": 596
          },
          {
            "x": 311,
            "y": 595
          },
          {
            "x": 313,
            "y": 595
          },
          {
            "x": 314,
            "y": 594.0
          },
          {
            "x": 317,
            "y": 594.0
          },
          {
            "x": 318,
            "y": 593
          },
          {
            "x": 321,
            "y": 593
          },
          {
            "x": 322,
            "y": 592
          },
          {
            "x": 325,
            "y": 592
          },
          {
            "x": 326,
            "y": 591
          },
          {
            "x": 329,
            "y": 591
          },
          {
            "x": 330,
            "y": 590
          },
          {
            "x": 331,
            "y": 590
          },
          {
            "x": 332,
            "y": 589
          },
          {
            "x": 333,
            "y": 589
          },
          {
            "x": 337,
            "y": 585
          },
          {
            "x": 337,
            "y": 581
          },
          {
            "x": 338.0,
            "y": 580.0
          },
          {
            "x": 338.0,
            "y": 570
          },
          {
            "x": 337,
            "y": 569.0
          },
          {
            "x": 337,
            "y": 553.0
          },
          {
            "x": 336,
            "y": 552
          },
          {
            "x": 336,
            "y": 535
          },
          {
            "x": 335,
            "y": 534.0
          },
          {
            "x": 335,
            "y": 520.0
          },
          {
            "x": 334,
            "y": 519
          },
          {
            "x": 334,
            "y": 505
          },
          {
            "x": 333,
            "y": 504.0
          },
          {
            "x": 333,
            "y": 488.0
          },
          {
            "x": 332,
            "y": 487.0
          },
          {
            "x": 332,
            "y": 475
          },
          {
            "x": 331,
            "y": 474.0
          },
          {
            "x": 331,
            "y": 434
          },
          {
            "x": 332,
            "y": 433
          },
          {
            "x": 332,
            "y": 432
          },
          {
            "x": 333,
            "y": 431
          },
          {
            "x": 333,
            "y": 430
          },
          {
            "x": 334,
            "y": 429
          },
          {
            "x": 334,
            "y": 428.0
          },
          {
            "x": 336,
            "y": 426
          },
          {
            "x": 336,
            "y": 425
          },
          {
            "x": 337,
            "y": 424.0
          },
          {
            "x": 337,
            "y": 423
          },
          {
            "x": 338.0,
            "y": 422
          },
          {
            "x": 338.0,
            "y": 421
          },
          {
            "x": 339,
            "y": 420
          },
          {
            "x": 339,
            "y": 418
          },
          {
            "x": 340,
            "y": 417
          },
          {
            "x": 340,
            "y": 415
          },
          {
            "x": 341,
            "y": 414
          },
          {
            "x": 341,
            "y": 413.0
          },
          {
            "x": 340,
            "y": 412
          },
          {
            "x": 340,
            "y": 411
          },
          {
            "x": 332,
            "y": 411
          },
          {
            "x": 330,
            "y": 409
          },
          {
            "x": 328,
            "y": 409
          },
          {
            "x": 327.0,
            "y": 408
          },
          {
            "x": 325,
            "y": 408
          },
          {
            "x": 324,
            "y": 407
          },
          {
            "x": 323,
            "y": 407
          },
          {
            "x": 321,
            "y": 405
          },
          {
            "x": 319,
            "y": 405
          },
          {
            "x": 318,
            "y": 404
          },
          {
            "x": 316.0,
            "y": 404
          },
          {
            "x": 315,
            "y": 403
          },
          {
            "x": 313,
            "y": 403
          },
          {
            "x": 312.0,
            "y": 402
          },
          {
            "x": 311,
            "y": 402
          },
          {
            "x": 307,
            "y": 398.0
          },
          {
            "x": 307,
            "y": 397
          },
          {
            "x": 306,
            "y": 397
          },
          {
            "x": 305,
            "y": 396
          },
          {
            "x": 305,
            "y": 395
          },
          {
            "x": 304,
            "y": 394
          },
          {
            "x": 304,
            "y": 390
          },
          {
            "x": 305,
            "y": 389
          },
          {
            "x": 305,
            "y": 387.0
          },
          {
            "x": 306,
            "y": 386
          },
          {
            "x": 306,
            "y": 384
          },
          {
            "x": 307,
            "y": 383.0
          },
          {
            "x": 307,
            "y": 381
          },
          {
            "x": 309,
            "y": 379
          },
          {
            "x": 309,
            "y": 378
          },
          {
            "x": 311,
            "y": 376
          },
          {
            "x": 312.0,
            "y": 376
          },
          {
            "x": 314,
            "y": 374
          },
          {
            "x": 315,
            "y": 374
          },
          {
            "x": 316.0,
            "y": 373
          },
          {
            "x": 317,
            "y": 373
          },
          {
            "x": 318,
            "y": 372.0
          },
          {
            "x": 322,
            "y": 372.0
          },
          {
            "x": 323,
            "y": 371
          },
          {
            "x": 326,
            "y": 371
          },
          {
            "x": 327.0,
            "y": 372.0
          },
          {
            "x": 330,
            "y": 372.0
          },
          {
            "x": 332,
            "y": 374
          },
          {
            "x": 334,
            "y": 374
          },
          {
            "x": 336,
            "y": 376
          },
          {
            "x": 338.0,
            "y": 376
          },
          {
            "x": 339,
            "y": 377
          },
          {
            "x": 340,
            "y": 377
          },
          {
            "x": 344,
            "y": 381
          },
          {
            "x": 344,
            "y": 382
          },
          {
            "x": 345,
            "y": 382
          },
          {
            "x": 347,
            "y": 380
          },
          {
            "x": 347,
            "y": 374
          },
          {
            "x": 346,
            "y": 373
          },
          {
            "x": 346,
            "y": 366
          },
          {
            "x": 345,
            "y": 365
          },
          {
            "x": 345,
            "y": 359
          },
          {
            "x": 344,
            "y": 358
          },
          {
            "x": 344,
            "y": 355
          },
          {
            "x": 343,
            "y": 354
          },
          {
            "x": 343,
            "y": 349
          },
          {
            "x": 342.0,
            "y": 348
          },
          {
            "x": 342.0,
            "y": 344
          },
          {
            "x": 341,
            "y": 343
          },
          {
            "x": 341,
            "y": 337
          },
          {
            "x": 340,
            "y": 336
          },
          {
            "x": 340,
            "y": 331
          },
          {
            "x": 339,
            "y": 330
          },
          {
            "x": 339,
            "y": 319
          },
          {
            "x": 338.0,
            "y": 318
          },
          {
            "x": 338.0,
            "y": 317
          },
          {
            "x": 337,
            "y": 316.0
          },
          {
            "x": 337,
            "y": 315
          },
          {
            "x": 336,
            "y": 314
          },
          {
            "x": 336,
            "y": 312.0
          },
          {
            "x": 335,
            "y": 311
          },
          {
            "x": 335,
            "y": 288
          },
          {
            "x": 334,
            "y": 287
          },
          {
            "x": 334,
            "y": 275
          },
          {
            "x": 333,
            "y": 274
          },
          {
            "x": 333,
            "y": 267
          },
          {
            "x": 332,
            "y": 266
          },
          {
            "x": 332,
            "y": 262
          },
          {
            "x": 331,
            "y": 261
          },
          {
            "x": 331,
            "y": 253
          },
          {
            "x": 330,
            "y": 252
          },
          {
            "x": 330,
            "y": 250
          },
          {
            "x": 329,
            "y": 249
          },
          {
            "x": 329,
            "y": 246
          },
          {
            "x": 328,
            "y": 245
          },
          {
            "x": 328,
            "y": 242.0
          },
          {
            "x": 327.0,
            "y": 241
          },
          {
            "x": 327.0,
            "y": 238
          },
          {
            "x": 326,
            "y": 237
          },
          {
            "x": 326,
            "y": 234
          },
          {
            "x": 325,
            "y": 233
          },
          {
            "x": 325,
            "y": 232
          },
          {
            "x": 324,
            "y": 231
          },
          {
            "x": 324,
            "y": 230
          },
          {
            "x": 323,
            "y": 230
          },
          {
            "x": 313,
            "y": 220
          },
          {
            "x": 312.0,
            "y": 220
          },
          {
            "x": 309,
            "y": 217
          },
          {
            "x": 308,
            "y": 217
          },
          {
            "x": 307,
            "y": 216
          },
          {
            "x": 306,
            "y": 216
          },
          {
            "x": 305,
            "y": 215
          },
          {
            "x": 303,
            "y": 215
          },
          {
            "x": 301.0,
            "y": 213
          },
          {
            "x": 301.0,
            "y": 212.0
          },
          {
            "x": 300,
            "y": 211
          },
          {
            "x": 304,
            "y": 207
          },
          {
            "x": 305,
            "y": 207
          },
          {
            "x": 307,
            "y": 205
          },
          {
            "x": 308,
            "y": 205
          },
          {
            "x": 309,
            "y": 204
          },
          {
            "x": 310,
            "y": 204
          },
          {
            "x": 311,
            "y": 203
          },
          {
            "x": 316.0,
            "y": 203
          },
          {
            "x": 317,
            "y": 202
          },
          {
            "x": 318,
            "y": 202
          },
          {
            "x": 320,
            "y": 200
          },
          {
            "x": 320,
            "y": 197
          },
          {
            "x": 319,
            "y": 196
          },
          {
            "x": 319,
            "y": 195
          },
          {
            "x": 314,
            "y": 190
          },
          {
            "x": 313,
            "y": 190
          },
          {
            "x": 312.0,
            "y": 189
          },
          {
            "x": 311,
            "y": 189
          },
          {
            "x": 310,
            "y": 188
          },
          {
            "x": 309,
            "y": 188
          },
          {
            "x": 308,
            "y": 187
          },
          {
            "x": 308,
            "y": 186.0
          },
          {
            "x": 303,
            "y": 181
          },
          {
            "x": 302,
            "y": 181
          },
          {
            "x": 300,
            "y": 179
          },
          {
            "x": 299,
            "y": 179
          },
          {
            "x": 298,
            "y": 178
          },
          {
            "x": 297.0,
            "y": 178
          },
          {
            "x": 296,
            "y": 177
          },
          {
            "x": 290,
            "y": 177
          },
          {
            "x": 290,
            "y": 178
          },
          {
            "x": 288,
            "y": 180
          },
          {
            "x": 287,
            "y": 180
          },
          {
            "x": 284,
            "y": 183
          },
          {
            "x": 283,
            "y": 183
          },
          {
            "x": 281,
            "y": 185
          },
          {
            "x": 281,
            "y": 186.0
          },
          {
            "x": 280,
            "y": 187
          },
          {
            "x": 280,
            "y": 191
          },
          {
            "x": 281,
            "y": 192
          },
          {
            "x": 281,
            "y": 193
          },
          {
            "x": 282,
            "y": 193
          },
          {
            "x": 284,
            "y": 195
          },
          {
            "x": 285,
            "y": 195
          },
          {
            "x": 286,
            "y": 196
          },
          {
            "x": 287,
            "y": 196
          },
          {
            "x": 288,
            "y": 197
          },
          {
            "x": 289,
            "y": 197
          },
          {
            "x": 290,
            "y": 198
          },
          {
            "x": 290,
            "y": 208
          },
          {
            "x": 289,
            "y": 209
          },
          {
            "x": 288,
            "y": 209
          },
          {
            "x": 283,
            "y": 214.0
          },
          {
            "x": 282,
            "y": 214.0
          },
          {
            "x": 276,
            "y": 220
          },
          {
            "x": 276,
            "y": 221
          },
          {
            "x": 275,
            "y": 222
          },
          {
            "x": 275,
            "y": 223
          },
          {
            "x": 274,
            "y": 224
          },
          {
            "x": 274,
            "y": 226
          },
          {
            "x": 273,
            "y": 227.0
          },
          {
            "x": 273,
            "y": 228
          },
          {
            "x": 271,
            "y": 230
          },
          {
            "x": 270,
            "y": 230
          },
          {
            "x": 269,
            "y": 231
          },
          {
            "x": 268,
            "y": 231
          },
          {
            "x": 267,
            "y": 230
          },
          {
            "x": 267,
            "y": 228
          },
          {
            "x": 266,
            "y": 227.0
          },
          {
            "x": 266,
            "y": 219
          },
          {
            "x": 263,
            "y": 216
          },
          {
            "x": 262,
            "y": 216
          },
          {
            "x": 261,
            "y": 215
          },
          {
            "x": 260,
            "y": 215
          },
          {
            "x": 259,
            "y": 214.0
          },
          {
            "x": 259,
            "y": 213
          },
          {
            "x": 257,
            "y": 211
          },
          {
            "x": 257,
            "y": 210
          },
          {
            "x": 256,
            "y": 209
          },
          {
            "x": 256,
            "y": 208
          },
          {
            "x": 255.0,
            "y": 207
          },
          {
            "x": 255.0,
            "y": 206
          },
          {
            "x": 254,
            "y": 205
          },
          {
            "x": 254,
            "y": 204
          },
          {
            "x": 247,
            "y": 197
          },
          {
            "x": 247,
            "y": 182
          },
          {
            "x": 246,
            "y": 181
          },
          {
            "x": 246,
            "y": 180
          },
          {
            "x": 242.0,
            "y": 176
          },
          {
            "x": 240,
            "y": 176
          },
          {
            "x": 239,
            "y": 175
          },
          {
            "x": 238,
            "y": 175
          },
          {
            "x": 237,
            "y": 174
          },
          {
            "x": 236,
            "y": 174
          },
          {
            "x": 227.0,
            "y": 165
          },
          {
            "x": 227.0,
            "y": 164
          }
        ]
      }
    }
  ]
}