{
  "image": {
    "width": 266,
    "height": 400,
    "filename": "00000191.jpg",
    "original_filename": "000670.jpg",
    "url": "https://darwin.v7labs.com/api/images/1212563/original?token=cd62f37c-afe4-4d19-9fa3-5be62f6a54a9",
    "thumbnail_url": "https://darwin.v7labs.com/api/images/1212563/thumbnail?token=cd62f37c-afe4-4d19-9fa3-5be62f6a54a9",
    "workview_url": "https://darwin.v7labs.com/workview?dataset=1177&image=191"
  },
  "dataset": "Fashion_3",
  "annotated": true,
  "annotations": [
    {
      "name": "Dress Polygon ",
      "polygon": {
        "path": [
          {
            "x": 145.0,
            "y": 116
          },
          {
            "x": 144.0,
            "y": 117.0
          },
          {
            "x": 141.0,
            "y": 117.0
          },
          {
            "x": 140.0,
            "y": 118
          },
          {
            "x": 138,
            "y": 118
          },
          {
            "x": 137,
            "y": 119
          },
          {
            "x": 135.0,
            "y": 119
          },
          {
            "x": 134.0,
            "y": 120.0
          },
          {
            "x": 131.0,
            "y": 120.0
          },
          {
            "x": 130.0,
            "y": 121
          },
          {
            "x": 129.0,
            "y": 121
          },
          {
            "x": 129.0,
            "y": 122
          },
          {
            "x": 128.0,
            "y": 123.0
          },
          {
            "x": 128.0,
            "y": 136
          },
          {
            "x": 129.0,
            "y": 137
          },
          {
            "x": 129.0,
            "y": 145
          },
          {
            "x": 130.0,
            "y": 146
          },
          {
            "x": 130.0,
            "y": 155
          },
          {
            "x": 129.0,
            "y": 156
          },
          {
            "x": 129.0,
            "y": 158
          },
          {
            "x": 128.0,
            "y": 159
          },
          {
            "x": 128.0,
            "y": 163
          },
          {
            "x": 127.0,
            "y": 164
          },
          {
            "x": 127.0,
            "y": 175
          },
          {
            "x": 128.0,
            "y": 176
          },
          {
            "x": 128.0,
            "y": 191
          },
          {
            "x": 129.0,
            "y": 192
          },
          {
            "x": 129.0,
            "y": 202
          },
          {
            "x": 130.0,
            "y": 203
          },
          {
            "x": 130.0,
            "y": 209.0
          },
          {
            "x": 131.0,
            "y": 210.0
          },
          {
            "x": 131.0,
            "y": 217
          },
          {
            "x": 130.0,
            "y": 218
          },
          {
            "x": 130.0,
            "y": 222.0
          },
          {
            "x": 129.0,
            "y": 223
          },
          {
            "x": 129.0,
            "y": 228.0
          },
          {
            "x": 128.0,
            "y": 229.0
          },
          {
            "x": 128.0,
            "y": 230
          },
          {
            "x": 125,
            "y": 233.0
          },
          {
            "x": 124,
            "y": 233.0
          },
          {
            "x": 121.0,
            "y": 236
          },
          {
            "x": 120.0,
            "y": 236
          },
          {
            "x": 119.0,
            "y": 237
          },
          {
            "x": 118.0,
            "y": 237
          },
          {
            "x": 117.0,
            "y": 238
          },
          {
            "x": 116.0,
            "y": 238
          },
          {
            "x": 114.0,
            "y": 240.0
          },
          {
            "x": 114.0,
            "y": 242
          },
          {
            "x": 113,
            "y": 243
          },
          {
            "x": 113,
            "y": 245
          },
          {
            "x": 112,
            "y": 246.0
          },
          {
            "x": 112,
            "y": 249
          },
          {
            "x": 111.0,
            "y": 250
          },
          {
            "x": 111.0,
            "y": 251
          },
          {
            "x": 112,
            "y": 252.0
          },
          {
            "x": 112,
            "y": 253.0
          },
          {
            "x": 114.0,
            "y": 253.0
          },
          {
            "x": 115.0,
            "y": 254.0
          },
          {
            "x": 116.0,
            "y": 254.0
          },
          {
            "x": 117.0,
            "y": 255
          },
          {
            "x": 120.0,
            "y": 255
          },
          {
            "x": 121.0,
            "y": 256
          },
          {
            "x": 123.0,
            "y": 256
          },
          {
            "x": 124,
            "y": 257
          },
          {
            "x": 125,
            "y": 257
          },
          {
            "x": 126.0,
            "y": 258
          },
          {
            "x": 129.0,
            "y": 258
          },
          {
            "x": 130.0,
            "y": 259
          },
          {
            "x": 135.0,
            "y": 259
          },
          {
            "x": 136,
            "y": 260
          },
          {
            "x": 137,
            "y": 260
          },
          {
            "x": 138,
            "y": 259
          },
          {
            "x": 141.0,
            "y": 259
          },
          {
            "x": 142.0,
            "y": 260
          },
          {
            "x": 158.0,
            "y": 260
          },
          {
            "x": 159.0,
            "y": 261
          },
          {
            "x": 173,
            "y": 261
          },
          {
            "x": 174,
            "y": 260
          },
          {
            "x": 178.0,
            "y": 260
          },
          {
            "x": 179.0,
            "y": 259
          },
          {
            "x": 181.0,
            "y": 259
          },
          {
            "x": 182.0,
            "y": 258
          },
          {
            "x": 184.0,
            "y": 258
          },
          {
            "x": 185.0,
            "y": 257
          },
          {
            "x": 187,
            "y": 257
          },
          {
            "x": 188,
            "y": 256
          },
          {
            "x": 189,
            "y": 256
          },
          {
            "x": 190.0,
            "y": 255
          },
          {
            "x": 191.0,
            "y": 255
          },
          {
            "x": 192.0,
            "y": 254.0
          },
          {
            "x": 194.0,
            "y": 254.0
          },
          {
            "x": 195.0,
            "y": 253.0
          },
          {
            "x": 195.0,
            "y": 252.0
          },
          {
            "x": 196.0,
            "y": 251
          },
          {
            "x": 196.0,
            "y": 237
          },
          {
            "x": 195.0,
            "y": 236
          },
          {
            "x": 195.0,
            "y": 231
          },
          {
            "x": 194.0,
            "y": 230
          },
          {
            "x": 194.0,
            "y": 229.0
          },
          {
            "x": 193.0,
            "y": 228.0
          },
          {
            "x": 193.0,
            "y": 226
          },
          {
            "x": 192.0,
            "y": 225
          },
          {
            "x": 192.0,
            "y": 221.0
          },
          {
            "x": 191.0,
            "y": 220
          },
          {
            "x": 191.0,
            "y": 218
          },
          {
            "x": 190.0,
            "y": 217
          },
          {
            "x": 190.0,
            "y": 215.0
          },
          {
            "x": 189,
            "y": 214
          },
          {
            "x": 189,
            "y": 211
          },
          {
            "x": 188,
            "y": 210.0
          },
          {
            "x": 188,
            "y": 208
          },
          {
            "x": 187,
            "y": 207
          },
          {
            "x": 187,
            "y": 206
          },
          {
            "x": 186,
            "y": 205
          },
          {
            "x": 186,
            "y": 203
          },
          {
            "x": 185.0,
            "y": 202
          },
          {
            "x": 185.0,
            "y": 200
          },
          {
            "x": 184.0,
            "y": 199
          },
          {
            "x": 184.0,
            "y": 196
          },
          {
            "x": 183.0,
            "y": 195
          },
          {
            "x": 183.0,
            "y": 193
          },
          {
            "x": 182.0,
            "y": 192
          },
          {
            "x": 182.0,
            "y": 190
          },
          {
            "x": 181.0,
            "y": 189
          },
          {
            "x": 181.0,
            "y": 185
          },
          {
            "x": 180.0,
            "y": 184
          },
          {
            "x": 180.0,
            "y": 179
          },
          {
            "x": 179.0,
            "y": 178
          },
          {
            "x": 179.0,
            "y": 176
          },
          {
            "x": 178.0,
            "y": 175
          },
          {
            "x": 178.0,
            "y": 173
          },
          {
            "x": 177.0,
            "y": 172
          },
          {
            "x": 177.0,
            "y": 168
          },
          {
            "x": 176,
            "y": 167
          },
          {
            "x": 176,
            "y": 164
          },
          {
            "x": 175,
            "y": 163
          },
          {
            "x": 175,
            "y": 161
          },
          {
            "x": 174,
            "y": 160
          },
          {
            "x": 174,
            "y": 159
          },
          {
            "x": 173,
            "y": 158
          },
          {
            "x": 169.0,
            "y": 158
          },
          {
            "x": 168.0,
            "y": 159
          },
          {
            "x": 167.0,
            "y": 159
          },
          {
            "x": 166.0,
            "y": 160
          },
          {
            "x": 166.0,
            "y": 161
          },
          {
            "x": 159.0,
            "y": 168
          },
          {
            "x": 159.0,
            "y": 169
          },
          {
            "x": 158.0,
            "y": 170
          },
          {
            "x": 158.0,
            "y": 173
          },
          {
            "x": 157.0,
            "y": 174
          },
          {
            "x": 149,
            "y": 174
          },
          {
            "x": 148,
            "y": 173
          },
          {
            "x": 146.0,
            "y": 173
          },
          {
            "x": 144.0,
            "y": 171
          },
          {
            "x": 144.0,
            "y": 169
          },
          {
            "x": 145.0,
            "y": 168
          },
          {
            "x": 145.0,
            "y": 167
          },
          {
            "x": 146.0,
            "y": 166
          },
          {
            "x": 146.0,
            "y": 165
          },
          {
            "x": 147.0,
            "y": 164
          },
          {
            "x": 147.0,
            "y": 163
          },
          {
            "x": 148,
            "y": 162
          },
          {
            "x": 148,
            "y": 161
          },
          {
            "x": 150,
            "y": 159
          },
          {
            "x": 151,
            "y": 159
          },
          {
            "x": 152.0,
            "y": 158
          },
          {
            "x": 152.0,
            "y": 157
          },
          {
            "x": 153.0,
            "y": 156
          },
          {
            "x": 155.0,
            "y": 156
          },
          {
            "x": 156.0,
            "y": 155
          },
          {
            "x": 157.0,
            "y": 155
          },
          {
            "x": 160.0,
            "y": 152
          },
          {
            "x": 161,
            "y": 152
          },
          {
            "x": 162,
            "y": 151
          },
          {
            "x": 163,
            "y": 151
          },
          {
            "x": 164,
            "y": 150
          },
          {
            "x": 170.0,
            "y": 150
          },
          {
            "x": 171.0,
            "y": 149
          },
          {
            "x": 172.0,
            "y": 149
          },
          {
            "x": 175,
            "y": 146
          },
          {
            "x": 175,
            "y": 145
          },
          {
            "x": 174,
            "y": 144
          },
          {
            "x": 174,
            "y": 139
          },
          {
            "x": 173,
            "y": 138
          },
          {
            "x": 173,
            "y": 132
          },
          {
            "x": 172.0,
            "y": 131
          },
          {
            "x": 172.0,
            "y": 122
          },
          {
            "x": 171.0,
            "y": 121
          },
          {
            "x": 171.0,
            "y": 119
          },
          {
            "x": 169.0,
            "y": 117.0
          },
          {
            "x": 166.0,
            "y": 117.0
          },
          {
            "x": 165.0,
            "y": 116
          }
        ]
      }
    }
  ]
}