{
  "image": {
    "width": 266,
    "height": 400,
    "filename": "00000104.jpg",
    "original_filename": "000583.jpg",
    "url": "https://darwin.v7labs.com/api/images/1212476/original?token=cd62f37c-afe4-4d19-9fa3-5be62f6a54a9",
    "thumbnail_url": "https://darwin.v7labs.com/api/images/1212476/thumbnail?token=cd62f37c-afe4-4d19-9fa3-5be62f6a54a9",
    "workview_url": "https://darwin.v7labs.com/workview?dataset=1177&image=104"
  },
  "dataset": "Fashion_3",
  "annotated": true,
  "annotations": [
    {
      "name": "Trousers Polygon ",
      "polygon": {
        "path": [
          {
            "x": 71.0,
            "y": 247.0
          },
          {
            "x": 70.0,
            "y": 248
          },
          {
            "x": 70.0,
            "y": 250
          },
          {
            "x": 71.0,
            "y": 251
          },
          {
            "x": 71.0,
            "y": 262
          },
          {
            "x": 70.0,
            "y": 263
          },
          {
            "x": 70.0,
            "y": 269
          },
          {
            "x": 71.0,
            "y": 270
          },
          {
            "x": 71.0,
            "y": 274
          },
          {
            "x": 72.0,
            "y": 275
          },
          {
            "x": 72.0,
            "y": 277
          },
          {
            "x": 73.0,
            "y": 278
          },
          {
            "x": 73.0,
            "y": 279
          },
          {
            "x": 74,
            "y": 280
          },
          {
            "x": 74,
            "y": 283
          },
          {
            "x": 75,
            "y": 284
          },
          {
            "x": 75,
            "y": 287
          },
          {
            "x": 76.0,
            "y": 288
          },
          {
            "x": 76.0,
            "y": 294
          },
          {
            "x": 77.0,
            "y": 295
          },
          {
            "x": 77.0,
            "y": 304
          },
          {
            "x": 76.0,
            "y": 305
          },
          {
            "x": 76.0,
            "y": 311
          },
          {
            "x": 75,
            "y": 312
          },
          {
            "x": 75,
            "y": 330
          },
          {
            "x": 76.0,
            "y": 331
          },
          {
            "x": 76.0,
            "y": 346
          },
          {
            "x": 77.0,
            "y": 347
          },
          {
            "x": 77.0,
            "y": 352
          },
          {
            "x": 78.0,
            "y": 353
          },
          {
            "x": 78.0,
            "y": 355
          },
          {
            "x": 79.0,
            "y": 356
          },
          {
            "x": 79.0,
            "y": 367
          },
          {
            "x": 80.0,
            "y": 368
          },
          {
            "x": 82,
            "y": 368
          },
          {
            "x": 83.0,
            "y": 367
          },
          {
            "x": 88,
            "y": 367
          },
          {
            "x": 89.0,
            "y": 366
          },
          {
            "x": 90.0,
            "y": 367
          },
          {
            "x": 91.0,
            "y": 366
          },
          {
            "x": 92.0,
            "y": 366
          },
          {
            "x": 93,
            "y": 365
          },
          {
            "x": 93,
            "y": 363
          },
          {
            "x": 94,
            "y": 362
          },
          {
            "x": 94,
            "y": 333
          },
          {
            "x": 93,
            "y": 332
          },
          {
            "x": 93,
            "y": 307
          },
          {
            "x": 94,
            "y": 306
          },
          {
            "x": 94,
            "y": 303
          },
          {
            "x": 95.0,
            "y": 302
          },
          {
            "x": 95.0,
            "y": 272
          },
          {
            "x": 96.0,
            "y": 271
          },
          {
            "x": 96.0,
            "y": 262
          },
          {
            "x": 97.0,
            "y": 261
          },
          {
            "x": 97.0,
            "y": 259
          },
          {
            "x": 98.0,
            "y": 258
          },
          {
            "x": 98.0,
            "y": 257
          },
          {
            "x": 100,
            "y": 255
          },
          {
            "x": 101.0,
            "y": 256
          },
          {
            "x": 101.0,
            "y": 257
          },
          {
            "x": 102.0,
            "y": 258
          },
          {
            "x": 102.0,
            "y": 260
          },
          {
            "x": 103.0,
            "y": 261
          },
          {
            "x": 103.0,
            "y": 270
          },
          {
            "x": 104.0,
            "y": 271
          },
          {
            "x": 104.0,
            "y": 306
          },
          {
            "x": 105.0,
            "y": 307
          },
          {
            "x": 105.0,
            "y": 314
          },
          {
            "x": 106,
            "y": 315
          },
          {
            "x": 105.0,
            "y": 316
          },
          {
            "x": 105.0,
            "y": 334
          },
          {
            "x": 104.0,
            "y": 335
          },
          {
            "x": 104.0,
            "y": 351
          },
          {
            "x": 103.0,
            "y": 352
          },
          {
            "x": 103.0,
            "y": 365
          },
          {
            "x": 104.0,
            "y": 366
          },
          {
            "x": 105.0,
            "y": 366
          },
          {
            "x": 106,
            "y": 365
          },
          {
            "x": 107.0,
            "y": 365
          },
          {
            "x": 108.0,
            "y": 364
          },
          {
            "x": 112,
            "y": 364
          },
          {
            "x": 114.0,
            "y": 366
          },
          {
            "x": 116.0,
            "y": 366
          },
          {
            "x": 118.0,
            "y": 364
          },
          {
            "x": 118.0,
            "y": 360
          },
          {
            "x": 119.0,
            "y": 359
          },
          {
            "x": 119.0,
            "y": 356
          },
          {
            "x": 120.0,
            "y": 355
          },
          {
            "x": 120.0,
            "y": 351
          },
          {
            "x": 121.0,
            "y": 350
          },
          {
            "x": 121.0,
            "y": 339
          },
          {
            "x": 122.0,
            "y": 338
          },
          {
            "x": 122.0,
            "y": 327
          },
          {
            "x": 123.0,
            "y": 326
          },
          {
            "x": 123.0,
            "y": 304
          },
          {
            "x": 122.0,
            "y": 303
          },
          {
            "x": 122.0,
            "y": 297
          },
          {
            "x": 123.0,
            "y": 296
          },
          {
            "x": 123.0,
            "y": 292
          },
          {
            "x": 124,
            "y": 291
          },
          {
            "x": 124,
            "y": 289
          },
          {
            "x": 125,
            "y": 288
          },
          {
            "x": 125,
            "y": 285
          },
          {
            "x": 126.0,
            "y": 284
          },
          {
            "x": 126.0,
            "y": 270
          },
          {
            "x": 127.0,
            "y": 269
          },
          {
            "x": 127.0,
            "y": 267
          },
          {
            "x": 128.0,
            "y": 266
          },
          {
            "x": 128.0,
            "y": 260
          },
          {
            "x": 129.0,
            "y": 259
          },
          {
            "x": 129.0,
            "y": 256
          },
          {
            "x": 130.0,
            "y": 255
          },
          {
            "x": 130.0,
            "y": 251
          },
          {
            "x": 126.0,
            "y": 251
          },
          {
            "x": 125,
            "y": 252.0
          },
          {
            "x": 99,
            "y": 252.0
          },
          {
            "x": 98.0,
            "y": 251
          },
          {
            "x": 89.0,
            "y": 251
          },
          {
            "x": 88,
            "y": 250
          },
          {
            "x": 76.0,
            "y": 250
          },
          {
            "x": 75,
            "y": 249
          },
          {
            "x": 74,
            "y": 249
          },
          {
            "x": 72.0,
            "y": 247.0
          }
        ]
      }
    },
    {
      "name": "Jacket Polygon ",
      "polygon": {
        "path": [
          {
            "x": 162,
            "y": 132
          },
          {
            "x": 159.0,
            "y": 135
          },
          {
            "x": 158.0,
            "y": 135
          },
          {
            "x": 157.0,
            "y": 136
          },
          {
            "x": 156.0,
            "y": 136
          },
          {
            "x": 150,
            "y": 142
          },
          {
            "x": 150,
            "y": 143
          },
          {
            "x": 149,
            "y": 144
          },
          {
            "x": 149,
            "y": 146
          },
          {
            "x": 148,
            "y": 147
          },
          {
            "x": 148,
            "y": 148
          },
          {
            "x": 147.0,
            "y": 149
          },
          {
            "x": 147.0,
            "y": 152
          },
          {
            "x": 146.0,
            "y": 153
          },
          {
            "x": 146.0,
            "y": 158
          },
          {
            "x": 145.0,
            "y": 159
          },
          {
            "x": 145.0,
            "y": 169
          },
          {
            "x": 144.0,
            "y": 170
          },
          {
            "x": 144.0,
            "y": 179
          },
          {
            "x": 143.0,
            "y": 180
          },
          {
            "x": 143.0,
            "y": 196
          },
          {
            "x": 142.0,
            "y": 197
          },
          {
            "x": 142.0,
            "y": 207
          },
          {
            "x": 141.0,
            "y": 208
          },
          {
            "x": 141.0,
            "y": 223
          },
          {
            "x": 140.0,
            "y": 224
          },
          {
            "x": 141.0,
            "y": 225
          },
          {
            "x": 141.0,
            "y": 227.0
          },
          {
            "x": 144.0,
            "y": 227.0
          },
          {
            "x": 145.0,
            "y": 226
          },
          {
            "x": 150,
            "y": 226
          },
          {
            "x": 151,
            "y": 227.0
          },
          {
            "x": 152.0,
            "y": 227.0
          },
          {
            "x": 153.0,
            "y": 226
          },
          {
            "x": 153.0,
            "y": 217
          },
          {
            "x": 154.0,
            "y": 216.0
          },
          {
            "x": 154.0,
            "y": 212
          },
          {
            "x": 155.0,
            "y": 211
          },
          {
            "x": 155.0,
            "y": 209.0
          },
          {
            "x": 156.0,
            "y": 208
          },
          {
            "x": 159.0,
            "y": 208
          },
          {
            "x": 160.0,
            "y": 209.0
          },
          {
            "x": 173,
            "y": 209.0
          },
          {
            "x": 174,
            "y": 210.0
          },
          {
            "x": 176,
            "y": 210.0
          },
          {
            "x": 177.0,
            "y": 211
          },
          {
            "x": 179.0,
            "y": 211
          },
          {
            "x": 180.0,
            "y": 212
          },
          {
            "x": 180.0,
            "y": 213
          },
          {
            "x": 181.0,
            "y": 213
          },
          {
            "x": 182.0,
            "y": 214
          },
          {
            "x": 188,
            "y": 214
          },
          {
            "x": 189,
            "y": 215.0
          },
          {
            "x": 198,
            "y": 215.0
          },
          {
            "x": 199,
            "y": 216.0
          },
          {
            "x": 209.0,
            "y": 216.0
          },
          {
            "x": 211,
            "y": 218
          },
          {
            "x": 211,
            "y": 222.0
          },
          {
            "x": 212,
            "y": 223
          },
          {
            "x": 212,
            "y": 225
          },
          {
            "x": 213,
            "y": 226
          },
          {
            "x": 213,
            "y": 234.0
          },
          {
            "x": 214,
            "y": 235.0
          },
          {
            "x": 217.0,
            "y": 232
          },
          {
            "x": 219.0,
            "y": 232
          },
          {
            "x": 220.0,
            "y": 233.0
          },
          {
            "x": 225,
            "y": 233.0
          },
          {
            "x": 225,
            "y": 224
          },
          {
            "x": 224,
            "y": 223
          },
          {
            "x": 224,
            "y": 205
          },
          {
            "x": 223,
            "y": 204.0
          },
          {
            "x": 223,
            "y": 190
          },
          {
            "x": 222.0,
            "y": 189
          },
          {
            "x": 222.0,
            "y": 157
          },
          {
            "x": 221.0,
            "y": 156
          },
          {
            "x": 221.0,
            "y": 150
          },
          {
            "x": 220.0,
            "y": 149
          },
          {
            "x": 220.0,
            "y": 146
          },
          {
            "x": 219.0,
            "y": 145
          },
          {
            "x": 219.0,
            "y": 144
          },
          {
            "x": 215.0,
            "y": 140
          },
          {
            "x": 214,
            "y": 140
          },
          {
            "x": 213,
            "y": 139
          },
          {
            "x": 211,
            "y": 139
          },
          {
            "x": 209.0,
            "y": 137
          },
          {
            "x": 208.0,
            "y": 137
          },
          {
            "x": 207.0,
            "y": 136
          },
          {
            "x": 206.0,
            "y": 136
          },
          {
            "x": 205.0,
            "y": 135
          },
          {
            "x": 204.0,
            "y": 135
          },
          {
            "x": 203.0,
            "y": 134
          },
          {
            "x": 201,
            "y": 134
          },
          {
            "x": 200,
            "y": 135
          },
          {
            "x": 200,
            "y": 137
          },
          {
            "x": 199,
            "y": 138
          },
          {
            "x": 199,
            "y": 142
          },
          {
            "x": 194.0,
            "y": 147
          },
          {
            "x": 193.0,
            "y": 147
          },
          {
            "x": 193.0,
            "y": 148
          },
          {
            "x": 192.0,
            "y": 149
          },
          {
            "x": 192.0,
            "y": 156
          },
          {
            "x": 191.0,
            "y": 157
          },
          {
            "x": 191.0,
            "y": 171
          },
          {
            "x": 190.0,
            "y": 172
          },
          {
            "x": 190.0,
            "y": 186
          },
          {
            "x": 191.0,
            "y": 187
          },
          {
            "x": 191.0,
            "y": 198
          },
          {
            "x": 190.0,
            "y": 199
          },
          {
            "x": 190.0,
            "y": 201
          },
          {
            "x": 189,
            "y": 202
          },
          {
            "x": 189,
            "y": 206
          },
          {
            "x": 187,
            "y": 208
          },
          {
            "x": 185.0,
            "y": 208
          },
          {
            "x": 183.0,
            "y": 206
          },
          {
            "x": 183.0,
            "y": 204.0
          },
          {
            "x": 182.0,
            "y": 203
          },
          {
            "x": 182.0,
            "y": 199
          },
          {
            "x": 181.0,
            "y": 198
          },
          {
            "x": 181.0,
            "y": 162
          },
          {
            "x": 182.0,
            "y": 161
          },
          {
            "x": 182.0,
            "y": 151
          },
          {
            "x": 183.0,
            "y": 150
          },
          {
            "x": 183.0,
            "y": 149
          },
          {
            "x": 178.0,
            "y": 144
          },
          {
            "x": 176,
            "y": 144
          },
          {
            "x": 174,
            "y": 142
          },
          {
            "x": 173,
            "y": 142
          },
          {
            "x": 171.0,
            "y": 140
          },
          {
            "x": 171.0,
            "y": 138
          },
          {
            "x": 170.0,
            "y": 137
          },
          {
            "x": 170.0,
            "y": 134
          },
          {
            "x": 167.0,
            "y": 131
          },
          {
            "x": 165.0,
            "y": 131
          },
          {
            "x": 164,
            "y": 132
          }
        ]
      }
    }
  ]
}