{
  "image": {
    "width": 267,
    "height": 400,
    "filename": "00000093.jpg",
    "original_filename": "000572.jpg",
    "url": "https://darwin.v7labs.com/api/images/1212465/original?token=cd62f37c-afe4-4d19-9fa3-5be62f6a54a9",
    "thumbnail_url": "https://darwin.v7labs.com/api/images/1212465/thumbnail?token=cd62f37c-afe4-4d19-9fa3-5be62f6a54a9",
    "workview_url": "https://darwin.v7labs.com/workview?dataset=1177&image=93"
  },
  "dataset": "Fashion_3",
  "annotated": true,
  "annotations": [
    {
      "name": "Coat Polygon ",
      "polygon": {
        "path": [
          {
            "x": 89.0,
            "y": 102.0
          },
          {
            "x": 88.0,
            "y": 103.0
          },
          {
            "x": 87.0,
            "y": 103.0
          },
          {
            "x": 87.0,
            "y": 104
          },
          {
            "x": 86.0,
            "y": 105
          },
          {
            "x": 85.0,
            "y": 105
          },
          {
            "x": 81.0,
            "y": 109
          },
          {
            "x": 80.0,
            "y": 109
          },
          {
            "x": 79.0,
            "y": 110
          },
          {
            "x": 78.0,
            "y": 110
          },
          {
            "x": 77.0,
            "y": 111
          },
          {
            "x": 75.0,
            "y": 111
          },
          {
            "x": 74.0,
            "y": 112
          },
          {
            "x": 73.0,
            "y": 112
          },
          {
            "x": 72.0,
            "y": 113
          },
          {
            "x": 71.0,
            "y": 113
          },
          {
            "x": 70.0,
            "y": 114
          },
          {
            "x": 68.0,
            "y": 114
          },
          {
            "x": 67.0,
            "y": 115
          },
          {
            "x": 65.0,
            "y": 115
          },
          {
            "x": 64.0,
            "y": 116
          },
          {
            "x": 63.0,
            "y": 116
          },
          {
            "x": 62.0,
            "y": 117
          },
          {
            "x": 60.0,
            "y": 117
          },
          {
            "x": 59.0,
            "y": 118
          },
          {
            "x": 58.0,
            "y": 118
          },
          {
            "x": 57.0,
            "y": 119
          },
          {
            "x": 55.0,
            "y": 119
          },
          {
            "x": 53.0,
            "y": 121
          },
          {
            "x": 51.0,
            "y": 121
          },
          {
            "x": 50.0,
            "y": 122
          },
          {
            "x": 49.0,
            "y": 122
          },
          {
            "x": 48.0,
            "y": 123
          },
          {
            "x": 47.0,
            "y": 123
          },
          {
            "x": 47.0,
            "y": 124
          },
          {
            "x": 45.0,
            "y": 126
          },
          {
            "x": 45.0,
            "y": 142
          },
          {
            "x": 44.0,
            "y": 143
          },
          {
            "x": 44.0,
            "y": 147
          },
          {
            "x": 43.0,
            "y": 148
          },
          {
            "x": 43.0,
            "y": 160
          },
          {
            "x": 42.0,
            "y": 161.0
          },
          {
            "x": 42.0,
            "y": 166
          },
          {
            "x": 41.0,
            "y": 167.0
          },
          {
            "x": 41.0,
            "y": 175
          },
          {
            "x": 40.0,
            "y": 176
          },
          {
            "x": 40.0,
            "y": 183.0
          },
          {
            "x": 39.0,
            "y": 184.0
          },
          {
            "x": 39.0,
            "y": 193.0
          },
          {
            "x": 38.0,
            "y": 194.0
          },
          {
            "x": 38.0,
            "y": 199.0
          },
          {
            "x": 37.0,
            "y": 200.0
          },
          {
            "x": 37.0,
            "y": 218
          },
          {
            "x": 36.0,
            "y": 219
          },
          {
            "x": 36.0,
            "y": 233
          },
          {
            "x": 35.0,
            "y": 234
          },
          {
            "x": 35.0,
            "y": 272
          },
          {
            "x": 34.0,
            "y": 273
          },
          {
            "x": 34.0,
            "y": 291
          },
          {
            "x": 36.0,
            "y": 293
          },
          {
            "x": 39.0,
            "y": 293
          },
          {
            "x": 40.0,
            "y": 292.0
          },
          {
            "x": 52.0,
            "y": 292.0
          },
          {
            "x": 53.0,
            "y": 291
          },
          {
            "x": 64.0,
            "y": 291
          },
          {
            "x": 65.0,
            "y": 292.0
          },
          {
            "x": 66.0,
            "y": 292.0
          },
          {
            "x": 67.0,
            "y": 293
          },
          {
            "x": 67.0,
            "y": 307
          },
          {
            "x": 66.0,
            "y": 308.0
          },
          {
            "x": 66.0,
            "y": 311
          },
          {
            "x": 67.0,
            "y": 312.0
          },
          {
            "x": 67.0,
            "y": 313
          },
          {
            "x": 68.0,
            "y": 314
          },
          {
            "x": 68.0,
            "y": 316.0
          },
          {
            "x": 69.0,
            "y": 317
          },
          {
            "x": 69.0,
            "y": 319
          },
          {
            "x": 71.0,
            "y": 321
          },
          {
            "x": 71.0,
            "y": 323.0
          },
          {
            "x": 72.0,
            "y": 324
          },
          {
            "x": 72.0,
            "y": 326
          },
          {
            "x": 73.0,
            "y": 327.0
          },
          {
            "x": 73.0,
            "y": 330
          },
          {
            "x": 75.0,
            "y": 332
          },
          {
            "x": 75.0,
            "y": 334
          },
          {
            "x": 76.0,
            "y": 335.0
          },
          {
            "x": 76.0,
            "y": 339
          },
          {
            "x": 77.0,
            "y": 340.0
          },
          {
            "x": 77.0,
            "y": 341.0
          },
          {
            "x": 78.0,
            "y": 342
          },
          {
            "x": 79.0,
            "y": 342
          },
          {
            "x": 80.0,
            "y": 343
          },
          {
            "x": 82.0,
            "y": 343
          },
          {
            "x": 83.0,
            "y": 344.0
          },
          {
            "x": 85.0,
            "y": 344.0
          },
          {
            "x": 86.0,
            "y": 345.0
          },
          {
            "x": 86.0,
            "y": 346
          },
          {
            "x": 87.0,
            "y": 347
          },
          {
            "x": 87.0,
            "y": 350
          },
          {
            "x": 88.0,
            "y": 351
          },
          {
            "x": 88.0,
            "y": 375
          },
          {
            "x": 89.0,
            "y": 376.0
          },
          {
            "x": 89.0,
            "y": 377.0
          },
          {
            "x": 90.0,
            "y": 377.0
          },
          {
            "x": 91.0,
            "y": 378.0
          },
          {
            "x": 92.0,
            "y": 378.0
          },
          {
            "x": 93.0,
            "y": 379
          },
          {
            "x": 96.0,
            "y": 379
          },
          {
            "x": 97.0,
            "y": 380.0
          },
          {
            "x": 100.0,
            "y": 380.0
          },
          {
            "x": 101.0,
            "y": 381.0
          },
          {
            "x": 103.0,
            "y": 381.0
          },
          {
            "x": 104.0,
            "y": 382.0
          },
          {
            "x": 107,
            "y": 382.0
          },
          {
            "x": 108.0,
            "y": 383
          },
          {
            "x": 111,
            "y": 383
          },
          {
            "x": 112.0,
            "y": 384.0
          },
          {
            "x": 115,
            "y": 384.0
          },
          {
            "x": 117,
            "y": 382.0
          },
          {
            "x": 117,
            "y": 380.0
          },
          {
            "x": 116.0,
            "y": 379
          },
          {
            "x": 116.0,
            "y": 375
          },
          {
            "x": 115,
            "y": 374.0
          },
          {
            "x": 115,
            "y": 361.0
          },
          {
            "x": 114.0,
            "y": 360.0
          },
          {
            "x": 114.0,
            "y": 345.0
          },
          {
            "x": 113,
            "y": 344.0
          },
          {
            "x": 113,
            "y": 339
          },
          {
            "x": 112.0,
            "y": 338
          },
          {
            "x": 112.0,
            "y": 287
          },
          {
            "x": 111,
            "y": 286.0
          },
          {
            "x": 111,
            "y": 284.0
          },
          {
            "x": 112.0,
            "y": 283
          },
          {
            "x": 112.0,
            "y": 278.0
          },
          {
            "x": 111,
            "y": 277
          },
          {
            "x": 111,
            "y": 208
          },
          {
            "x": 110.0,
            "y": 207.0
          },
          {
            "x": 110.0,
            "y": 197.0
          },
          {
            "x": 109,
            "y": 196.0
          },
          {
            "x": 109,
            "y": 192.0
          },
          {
            "x": 108.0,
            "y": 191.0
          },
          {
            "x": 108.0,
            "y": 180.0
          },
          {
            "x": 107,
            "y": 179.0
          },
          {
            "x": 107,
            "y": 172
          },
          {
            "x": 106.0,
            "y": 171
          },
          {
            "x": 106.0,
            "y": 165.0
          },
          {
            "x": 105,
            "y": 164
          },
          {
            "x": 105,
            "y": 162
          },
          {
            "x": 104.0,
            "y": 161.0
          },
          {
            "x": 104.0,
            "y": 155
          },
          {
            "x": 103.0,
            "y": 154
          },
          {
            "x": 103.0,
            "y": 150
          },
          {
            "x": 102.0,
            "y": 149
          },
          {
            "x": 102.0,
            "y": 145
          },
          {
            "x": 101.0,
            "y": 144
          },
          {
            "x": 101.0,
            "y": 142
          },
          {
            "x": 100.0,
            "y": 141
          },
          {
            "x": 100.0,
            "y": 138
          },
          {
            "x": 99.0,
            "y": 137
          },
          {
            "x": 99.0,
            "y": 134
          },
          {
            "x": 98.0,
            "y": 133
          },
          {
            "x": 98.0,
            "y": 129
          },
          {
            "x": 97.0,
            "y": 128
          },
          {
            "x": 97.0,
            "y": 127
          },
          {
            "x": 96.0,
            "y": 126
          },
          {
            "x": 96.0,
            "y": 123
          },
          {
            "x": 95.0,
            "y": 122
          },
          {
            "x": 95.0,
            "y": 119
          },
          {
            "x": 94.0,
            "y": 118
          },
          {
            "x": 94.0,
            "y": 116
          },
          {
            "x": 93.0,
            "y": 115
          },
          {
            "x": 93.0,
            "y": 114
          },
          {
            "x": 92.0,
            "y": 113
          },
          {
            "x": 92.0,
            "y": 111
          },
          {
            "x": 91.0,
            "y": 110
          },
          {
            "x": 91.0,
            "y": 102.0
          }
        ]
      }
    },
    {
      "name": "Coat Polygon ",
      "polygon": {
        "path": [
          {
            "x": 148.0,
            "y": 107
          },
          {
            "x": 148.0,
            "y": 110
          },
          {
            "x": 147,
            "y": 111
          },
          {
            "x": 147,
            "y": 115
          },
          {
            "x": 146.0,
            "y": 116
          },
          {
            "x": 146.0,
            "y": 117
          },
          {
            "x": 145,
            "y": 118
          },
          {
            "x": 145,
            "y": 120
          },
          {
            "x": 144.0,
            "y": 121
          },
          {
            "x": 144.0,
            "y": 128
          },
          {
            "x": 143,
            "y": 129
          },
          {
            "x": 143,
            "y": 132
          },
          {
            "x": 142.0,
            "y": 133
          },
          {
            "x": 142.0,
            "y": 144
          },
          {
            "x": 141,
            "y": 145
          },
          {
            "x": 141,
            "y": 161.0
          },
          {
            "x": 140.0,
            "y": 162
          },
          {
            "x": 140.0,
            "y": 212
          },
          {
            "x": 141,
            "y": 213
          },
          {
            "x": 141,
            "y": 278.0
          },
          {
            "x": 142.0,
            "y": 279
          },
          {
            "x": 142.0,
            "y": 292.0
          },
          {
            "x": 143,
            "y": 293
          },
          {
            "x": 143,
            "y": 299
          },
          {
            "x": 144.0,
            "y": 300.0
          },
          {
            "x": 144.0,
            "y": 321
          },
          {
            "x": 145,
            "y": 322
          },
          {
            "x": 145,
            "y": 339
          },
          {
            "x": 146.0,
            "y": 340.0
          },
          {
            "x": 146.0,
            "y": 353.0
          },
          {
            "x": 147,
            "y": 354.0
          },
          {
            "x": 147,
            "y": 366.0
          },
          {
            "x": 148.0,
            "y": 367
          },
          {
            "x": 148.0,
            "y": 377.0
          },
          {
            "x": 147,
            "y": 378.0
          },
          {
            "x": 147,
            "y": 380.0
          },
          {
            "x": 148.0,
            "y": 381.0
          },
          {
            "x": 148.0,
            "y": 382.0
          },
          {
            "x": 149,
            "y": 383
          },
          {
            "x": 151,
            "y": 383
          },
          {
            "x": 152.0,
            "y": 382.0
          },
          {
            "x": 154.0,
            "y": 382.0
          },
          {
            "x": 155,
            "y": 381.0
          },
          {
            "x": 156.0,
            "y": 381.0
          },
          {
            "x": 158.0,
            "y": 379
          },
          {
            "x": 159,
            "y": 379
          },
          {
            "x": 161,
            "y": 377.0
          },
          {
            "x": 162.0,
            "y": 377.0
          },
          {
            "x": 164.0,
            "y": 375
          },
          {
            "x": 165.0,
            "y": 375
          },
          {
            "x": 169.0,
            "y": 371
          },
          {
            "x": 169.0,
            "y": 370.0
          },
          {
            "x": 172.0,
            "y": 367
          },
          {
            "x": 172.0,
            "y": 366.0
          },
          {
            "x": 173.0,
            "y": 365.0
          },
          {
            "x": 173.0,
            "y": 363
          },
          {
            "x": 174.0,
            "y": 362.0
          },
          {
            "x": 174.0,
            "y": 361.0
          },
          {
            "x": 175,
            "y": 360.0
          },
          {
            "x": 175,
            "y": 316.0
          },
          {
            "x": 174.0,
            "y": 315
          },
          {
            "x": 174.0,
            "y": 313
          },
          {
            "x": 173.0,
            "y": 312.0
          },
          {
            "x": 173.0,
            "y": 304.0
          },
          {
            "x": 174.0,
            "y": 303
          },
          {
            "x": 174.0,
            "y": 290
          },
          {
            "x": 175,
            "y": 289
          },
          {
            "x": 175,
            "y": 286.0
          },
          {
            "x": 177.0,
            "y": 284.0
          },
          {
            "x": 179.0,
            "y": 284.0
          },
          {
            "x": 180.0,
            "y": 285
          },
          {
            "x": 190.0,
            "y": 285
          },
          {
            "x": 191.0,
            "y": 286.0
          },
          {
            "x": 196.0,
            "y": 286.0
          },
          {
            "x": 197.0,
            "y": 287
          },
          {
            "x": 198.0,
            "y": 287
          },
          {
            "x": 199.0,
            "y": 286.0
          },
          {
            "x": 201.0,
            "y": 286.0
          },
          {
            "x": 201.0,
            "y": 277
          },
          {
            "x": 200.0,
            "y": 276.0
          },
          {
            "x": 200.0,
            "y": 268
          },
          {
            "x": 199.0,
            "y": 267
          },
          {
            "x": 199.0,
            "y": 228
          },
          {
            "x": 198.0,
            "y": 227
          },
          {
            "x": 198.0,
            "y": 201.0
          },
          {
            "x": 197.0,
            "y": 200.0
          },
          {
            "x": 197.0,
            "y": 195.0
          },
          {
            "x": 196.0,
            "y": 194.0
          },
          {
            "x": 196.0,
            "y": 178.0
          },
          {
            "x": 195.0,
            "y": 177.0
          },
          {
            "x": 195.0,
            "y": 168
          },
          {
            "x": 194.0,
            "y": 167.0
          },
          {
            "x": 194.0,
            "y": 155
          },
          {
            "x": 193.0,
            "y": 154
          },
          {
            "x": 193.0,
            "y": 149
          },
          {
            "x": 192.0,
            "y": 148
          },
          {
            "x": 192.0,
            "y": 140
          },
          {
            "x": 191.0,
            "y": 139
          },
          {
            "x": 191.0,
            "y": 130
          },
          {
            "x": 190.0,
            "y": 129
          },
          {
            "x": 190.0,
            "y": 127
          },
          {
            "x": 189.0,
            "y": 126
          },
          {
            "x": 189.0,
            "y": 124
          },
          {
            "x": 187.0,
            "y": 122
          },
          {
            "x": 187.0,
            "y": 121
          },
          {
            "x": 186.0,
            "y": 121
          },
          {
            "x": 185.0,
            "y": 120
          },
          {
            "x": 184.0,
            "y": 120
          },
          {
            "x": 182.0,
            "y": 118
          },
          {
            "x": 181.0,
            "y": 118
          },
          {
            "x": 180.0,
            "y": 117
          },
          {
            "x": 179.0,
            "y": 117
          },
          {
            "x": 178.0,
            "y": 116
          },
          {
            "x": 177.0,
            "y": 116
          },
          {
            "x": 176.0,
            "y": 115
          },
          {
            "x": 175,
            "y": 115
          },
          {
            "x": 174.0,
            "y": 114
          },
          {
            "x": 171,
            "y": 114
          },
          {
            "x": 169.0,
            "y": 112
          },
          {
            "x": 165.0,
            "y": 112
          },
          {
            "x": 164.0,
            "y": 111
          },
          {
            "x": 161,
            "y": 111
          },
          {
            "x": 160.0,
            "y": 110
          },
          {
            "x": 157,
            "y": 110
          },
          {
            "x": 156.0,
            "y": 109
          },
          {
            "x": 155,
            "y": 109
          },
          {
            "x": 154.0,
            "y": 108
          },
          {
            "x": 152.0,
            "y": 108
          },
          {
            "x": 151,
            "y": 107
          }
        ]
      }
    }
  ]
}