{
  "image": {
    "width": 266,
    "height": 400,
    "filename": "00000823.jpg",
    "original_filename": "000232.jpg",
    "url": "https://darwin.v7labs.com/api/images/1212134/original?token=5cea58b9-0f48-4f62-9905-01f97ea9945c",
    "thumbnail_url": "https://darwin.v7labs.com/api/images/1212134/thumbnail?token=5cea58b9-0f48-4f62-9905-01f97ea9945c",
    "workview_url": "https://darwin.v7labs.com/workview?dataset=1161&image=823"
  },
  "dataset": "Fashion retail",
  "annotated": true,
  "annotations": [
    {
      "name": "Jacket",
      "polygon": {
        "path": [
          {
            "x": 119.0,
            "y": 106
          },
          {
            "x": 116,
            "y": 109
          },
          {
            "x": 116,
            "y": 110
          },
          {
            "x": 115,
            "y": 111
          },
          {
            "x": 114,
            "y": 111
          },
          {
            "x": 112,
            "y": 113
          },
          {
            "x": 111,
            "y": 113
          },
          {
            "x": 110,
            "y": 114
          },
          {
            "x": 108,
            "y": 114
          },
          {
            "x": 106,
            "y": 116
          },
          {
            "x": 105,
            "y": 116
          },
          {
            "x": 103,
            "y": 118
          },
          {
            "x": 102,
            "y": 118
          },
          {
            "x": 101,
            "y": 119.0
          },
          {
            "x": 99,
            "y": 119.0
          },
          {
            "x": 98,
            "y": 120
          },
          {
            "x": 95,
            "y": 120
          },
          {
            "x": 93,
            "y": 122
          },
          {
            "x": 93,
            "y": 124
          },
          {
            "x": 92,
            "y": 125.0
          },
          {
            "x": 92,
            "y": 126
          },
          {
            "x": 91,
            "y": 127.0
          },
          {
            "x": 91,
            "y": 129
          },
          {
            "x": 90,
            "y": 130
          },
          {
            "x": 90,
            "y": 136
          },
          {
            "x": 89,
            "y": 137
          },
          {
            "x": 89,
            "y": 141
          },
          {
            "x": 88,
            "y": 142
          },
          {
            "x": 88,
            "y": 150
          },
          {
            "x": 87,
            "y": 151
          },
          {
            "x": 87,
            "y": 157
          },
          {
            "x": 86,
            "y": 158
          },
          {
            "x": 86,
            "y": 164
          },
          {
            "x": 85,
            "y": 165
          },
          {
            "x": 85,
            "y": 171.0
          },
          {
            "x": 84,
            "y": 172
          },
          {
            "x": 84,
            "y": 183.0
          },
          {
            "x": 83,
            "y": 184
          },
          {
            "x": 83,
            "y": 215
          },
          {
            "x": 84,
            "y": 216
          },
          {
            "x": 84,
            "y": 218
          },
          {
            "x": 83,
            "y": 219
          },
          {
            "x": 83,
            "y": 226
          },
          {
            "x": 84,
            "y": 226
          },
          {
            "x": 86,
            "y": 224
          },
          {
            "x": 87,
            "y": 224
          },
          {
            "x": 87,
            "y": 223
          },
          {
            "x": 88,
            "y": 222
          },
          {
            "x": 94,
            "y": 222
          },
          {
            "x": 96,
            "y": 224
          },
          {
            "x": 96,
            "y": 226
          },
          {
            "x": 97,
            "y": 227
          },
          {
            "x": 97,
            "y": 228
          },
          {
            "x": 98,
            "y": 229
          },
          {
            "x": 99,
            "y": 229
          },
          {
            "x": 100,
            "y": 230
          },
          {
            "x": 109,
            "y": 230
          },
          {
            "x": 110,
            "y": 231
          },
          {
            "x": 124,
            "y": 231
          },
          {
            "x": 125.0,
            "y": 230
          },
          {
            "x": 127.0,
            "y": 230
          },
          {
            "x": 128,
            "y": 229
          },
          {
            "x": 129,
            "y": 229
          },
          {
            "x": 129,
            "y": 228
          },
          {
            "x": 130,
            "y": 227
          },
          {
            "x": 131,
            "y": 227
          },
          {
            "x": 134,
            "y": 224
          },
          {
            "x": 134,
            "y": 220
          },
          {
            "x": 135,
            "y": 219
          },
          {
            "x": 135,
            "y": 214
          },
          {
            "x": 134,
            "y": 213
          },
          {
            "x": 134,
            "y": 208
          },
          {
            "x": 135,
            "y": 207.0
          },
          {
            "x": 135,
            "y": 200
          },
          {
            "x": 137,
            "y": 198
          },
          {
            "x": 138,
            "y": 199.0
          },
          {
            "x": 138,
            "y": 202
          },
          {
            "x": 139,
            "y": 203.0
          },
          {
            "x": 139,
            "y": 205
          },
          {
            "x": 140.0,
            "y": 206
          },
          {
            "x": 140.0,
            "y": 210
          },
          {
            "x": 141,
            "y": 211.0
          },
          {
            "x": 141,
            "y": 214
          },
          {
            "x": 142,
            "y": 215
          },
          {
            "x": 142,
            "y": 216
          },
          {
            "x": 143.0,
            "y": 217
          },
          {
            "x": 143.0,
            "y": 224
          },
          {
            "x": 144.0,
            "y": 225
          },
          {
            "x": 144.0,
            "y": 227
          },
          {
            "x": 145,
            "y": 228
          },
          {
            "x": 145,
            "y": 229
          },
          {
            "x": 148.0,
            "y": 232
          },
          {
            "x": 159,
            "y": 232
          },
          {
            "x": 159,
            "y": 231
          },
          {
            "x": 160,
            "y": 230
          },
          {
            "x": 160,
            "y": 229
          },
          {
            "x": 161,
            "y": 228
          },
          {
            "x": 161,
            "y": 226
          },
          {
            "x": 162,
            "y": 225
          },
          {
            "x": 162,
            "y": 224
          },
          {
            "x": 163,
            "y": 223
          },
          {
            "x": 163,
            "y": 222
          },
          {
            "x": 164,
            "y": 221
          },
          {
            "x": 164,
            "y": 220
          },
          {
            "x": 166,
            "y": 218
          },
          {
            "x": 170,
            "y": 218
          },
          {
            "x": 171.0,
            "y": 219
          },
          {
            "x": 175.0,
            "y": 219
          },
          {
            "x": 176,
            "y": 220
          },
          {
            "x": 176,
            "y": 221
          },
          {
            "x": 177,
            "y": 222
          },
          {
            "x": 179.0,
            "y": 222
          },
          {
            "x": 179.0,
            "y": 221
          },
          {
            "x": 180,
            "y": 220
          },
          {
            "x": 180,
            "y": 213
          },
          {
            "x": 181,
            "y": 212
          },
          {
            "x": 181,
            "y": 180
          },
          {
            "x": 180,
            "y": 179.0
          },
          {
            "x": 180,
            "y": 173
          },
          {
            "x": 179.0,
            "y": 172
          },
          {
            "x": 179.0,
            "y": 161
          },
          {
            "x": 178,
            "y": 160
          },
          {
            "x": 178,
            "y": 154
          },
          {
            "x": 177,
            "y": 153
          },
          {
            "x": 177,
            "y": 148
          },
          {
            "x": 176,
            "y": 147
          },
          {
            "x": 176,
            "y": 140
          },
          {
            "x": 175.0,
            "y": 139
          },
          {
            "x": 175.0,
            "y": 137
          },
          {
            "x": 174,
            "y": 136
          },
          {
            "x": 174,
            "y": 133
          },
          {
            "x": 173,
            "y": 132
          },
          {
            "x": 173,
            "y": 126
          },
          {
            "x": 172,
            "y": 125.0
          },
          {
            "x": 172,
            "y": 122
          },
          {
            "x": 170,
            "y": 120
          },
          {
            "x": 169,
            "y": 120
          },
          {
            "x": 168,
            "y": 119.0
          },
          {
            "x": 167,
            "y": 119.0
          },
          {
            "x": 166,
            "y": 118
          },
          {
            "x": 165,
            "y": 118
          },
          {
            "x": 164,
            "y": 117.0
          },
          {
            "x": 162,
            "y": 117.0
          },
          {
            "x": 161,
            "y": 116
          },
          {
            "x": 160,
            "y": 116
          },
          {
            "x": 159,
            "y": 115
          },
          {
            "x": 158,
            "y": 115
          },
          {
            "x": 157,
            "y": 114
          },
          {
            "x": 155,
            "y": 114
          },
          {
            "x": 154,
            "y": 113
          },
          {
            "x": 153,
            "y": 113
          },
          {
            "x": 152,
            "y": 112
          },
          {
            "x": 151.0,
            "y": 112
          },
          {
            "x": 150,
            "y": 111
          },
          {
            "x": 149,
            "y": 111
          },
          {
            "x": 147,
            "y": 109
          },
          {
            "x": 146,
            "y": 109
          },
          {
            "x": 145,
            "y": 108
          },
          {
            "x": 144.0,
            "y": 108
          },
          {
            "x": 144.0,
            "y": 115
          },
          {
            "x": 145,
            "y": 116
          },
          {
            "x": 145,
            "y": 135
          },
          {
            "x": 144.0,
            "y": 136
          },
          {
            "x": 144.0,
            "y": 140
          },
          {
            "x": 143.0,
            "y": 141
          },
          {
            "x": 143.0,
            "y": 146
          },
          {
            "x": 142,
            "y": 147
          },
          {
            "x": 142,
            "y": 149
          },
          {
            "x": 141,
            "y": 150
          },
          {
            "x": 141,
            "y": 156
          },
          {
            "x": 140.0,
            "y": 157
          },
          {
            "x": 140.0,
            "y": 159
          },
          {
            "x": 138,
            "y": 161
          },
          {
            "x": 137,
            "y": 161
          },
          {
            "x": 134,
            "y": 158
          },
          {
            "x": 134,
            "y": 156
          },
          {
            "x": 133,
            "y": 155
          },
          {
            "x": 133,
            "y": 154
          },
          {
            "x": 132,
            "y": 153
          },
          {
            "x": 132,
            "y": 148
          },
          {
            "x": 131,
            "y": 147
          },
          {
            "x": 131,
            "y": 145
          },
          {
            "x": 130,
            "y": 144
          },
          {
            "x": 130,
            "y": 142
          },
          {
            "x": 129,
            "y": 141
          },
          {
            "x": 129,
            "y": 140
          },
          {
            "x": 128,
            "y": 139
          },
          {
            "x": 128,
            "y": 136
          },
          {
            "x": 127.0,
            "y": 135
          },
          {
            "x": 127.0,
            "y": 134
          },
          {
            "x": 126,
            "y": 133
          },
          {
            "x": 126,
            "y": 130
          },
          {
            "x": 125.0,
            "y": 129
          },
          {
            "x": 125.0,
            "y": 126
          },
          {
            "x": 124,
            "y": 125.0
          },
          {
            "x": 124,
            "y": 123.0
          },
          {
            "x": 123.0,
            "y": 122
          },
          {
            "x": 123.0,
            "y": 119.0
          },
          {
            "x": 122,
            "y": 118
          },
          {
            "x": 122,
            "y": 117.0
          },
          {
            "x": 121.0,
            "y": 116
          },
          {
            "x": 121.0,
            "y": 112
          },
          {
            "x": 120,
            "y": 111
          },
          {
            "x": 120,
            "y": 106
          }
        ]
      }
    },
    {
      "name": "Tie Polygon ",
      "polygon": {
        "path": [
          {
            "x": 132,
            "y": 112
          },
          {
            "x": 131,
            "y": 113
          },
          {
            "x": 132,
            "y": 114
          },
          {
            "x": 132,
            "y": 119
          },
          {
            "x": 131,
            "y": 120
          },
          {
            "x": 131,
            "y": 124
          },
          {
            "x": 130,
            "y": 125
          },
          {
            "x": 130,
            "y": 142
          },
          {
            "x": 131,
            "y": 143
          },
          {
            "x": 131,
            "y": 146
          },
          {
            "x": 132,
            "y": 147
          },
          {
            "x": 132,
            "y": 151
          },
          {
            "x": 133,
            "y": 152
          },
          {
            "x": 133,
            "y": 156
          },
          {
            "x": 137,
            "y": 160
          },
          {
            "x": 137,
            "y": 161
          },
          {
            "x": 138,
            "y": 161
          },
          {
            "x": 138,
            "y": 159
          },
          {
            "x": 140,
            "y": 157
          },
          {
            "x": 140,
            "y": 151
          },
          {
            "x": 141,
            "y": 150
          },
          {
            "x": 141,
            "y": 146
          },
          {
            "x": 140,
            "y": 145
          },
          {
            "x": 140,
            "y": 133
          },
          {
            "x": 139,
            "y": 132
          },
          {
            "x": 139,
            "y": 126
          },
          {
            "x": 138,
            "y": 125
          },
          {
            "x": 138,
            "y": 123
          },
          {
            "x": 137,
            "y": 122
          },
          {
            "x": 137,
            "y": 121
          },
          {
            "x": 135,
            "y": 119
          },
          {
            "x": 135,
            "y": 117
          },
          {
            "x": 137,
            "y": 115
          },
          {
            "x": 137,
            "y": 114
          },
          {
            "x": 138,
            "y": 113
          },
          {
            "x": 138,
            "y": 112
          }
        ]
      }
    },
    {
      "name": "Trousers Polygon ",
      "polygon": {
        "path": [
          {
            "x": 137,
            "y": 203.0
          },
          {
            "x": 135.0,
            "y": 205.0
          },
          {
            "x": 135.0,
            "y": 209
          },
          {
            "x": 134,
            "y": 210
          },
          {
            "x": 134,
            "y": 214
          },
          {
            "x": 133,
            "y": 215
          },
          {
            "x": 133,
            "y": 218
          },
          {
            "x": 132.0,
            "y": 219
          },
          {
            "x": 132.0,
            "y": 221
          },
          {
            "x": 131.0,
            "y": 222
          },
          {
            "x": 131.0,
            "y": 224
          },
          {
            "x": 130.0,
            "y": 225
          },
          {
            "x": 130.0,
            "y": 226
          },
          {
            "x": 128.0,
            "y": 228.0
          },
          {
            "x": 127.0,
            "y": 228.0
          },
          {
            "x": 125,
            "y": 230.0
          },
          {
            "x": 106.0,
            "y": 230.0
          },
          {
            "x": 105.0,
            "y": 229
          },
          {
            "x": 100,
            "y": 229
          },
          {
            "x": 100,
            "y": 235
          },
          {
            "x": 101.0,
            "y": 236
          },
          {
            "x": 101.0,
            "y": 238
          },
          {
            "x": 102.0,
            "y": 239
          },
          {
            "x": 102.0,
            "y": 244
          },
          {
            "x": 103.0,
            "y": 245
          },
          {
            "x": 103.0,
            "y": 255.0
          },
          {
            "x": 104,
            "y": 256
          },
          {
            "x": 104,
            "y": 265
          },
          {
            "x": 105.0,
            "y": 266
          },
          {
            "x": 105.0,
            "y": 272
          },
          {
            "x": 106.0,
            "y": 273
          },
          {
            "x": 106.0,
            "y": 274
          },
          {
            "x": 107.0,
            "y": 275
          },
          {
            "x": 107.0,
            "y": 276
          },
          {
            "x": 108,
            "y": 277
          },
          {
            "x": 108,
            "y": 278
          },
          {
            "x": 109.0,
            "y": 279
          },
          {
            "x": 109.0,
            "y": 280
          },
          {
            "x": 110.0,
            "y": 281
          },
          {
            "x": 110.0,
            "y": 282
          },
          {
            "x": 112,
            "y": 284
          },
          {
            "x": 112,
            "y": 285
          },
          {
            "x": 114.0,
            "y": 287
          },
          {
            "x": 114.0,
            "y": 289
          },
          {
            "x": 116.0,
            "y": 291
          },
          {
            "x": 116.0,
            "y": 292
          },
          {
            "x": 117,
            "y": 293
          },
          {
            "x": 117,
            "y": 294
          },
          {
            "x": 118.0,
            "y": 295
          },
          {
            "x": 118.0,
            "y": 296
          },
          {
            "x": 116.0,
            "y": 298
          },
          {
            "x": 115.0,
            "y": 298
          },
          {
            "x": 114.0,
            "y": 299
          },
          {
            "x": 113.0,
            "y": 299
          },
          {
            "x": 112,
            "y": 300
          },
          {
            "x": 111.0,
            "y": 300
          },
          {
            "x": 110.0,
            "y": 301
          },
          {
            "x": 109.0,
            "y": 301
          },
          {
            "x": 107.0,
            "y": 303
          },
          {
            "x": 106.0,
            "y": 303
          },
          {
            "x": 105.0,
            "y": 304
          },
          {
            "x": 105.0,
            "y": 312
          },
          {
            "x": 106.0,
            "y": 313
          },
          {
            "x": 106.0,
            "y": 319
          },
          {
            "x": 107.0,
            "y": 320
          },
          {
            "x": 107.0,
            "y": 324
          },
          {
            "x": 108,
            "y": 325
          },
          {
            "x": 108,
            "y": 330
          },
          {
            "x": 109.0,
            "y": 331.0
          },
          {
            "x": 109.0,
            "y": 337
          },
          {
            "x": 110.0,
            "y": 338
          },
          {
            "x": 110.0,
            "y": 341
          },
          {
            "x": 111.0,
            "y": 342
          },
          {
            "x": 111.0,
            "y": 343
          },
          {
            "x": 112,
            "y": 344
          },
          {
            "x": 112,
            "y": 350
          },
          {
            "x": 113.0,
            "y": 351
          },
          {
            "x": 113.0,
            "y": 353
          },
          {
            "x": 115.0,
            "y": 355
          },
          {
            "x": 127.0,
            "y": 355
          },
          {
            "x": 128.0,
            "y": 354
          },
          {
            "x": 128.0,
            "y": 353
          },
          {
            "x": 129,
            "y": 352.0
          },
          {
            "x": 129,
            "y": 334
          },
          {
            "x": 128.0,
            "y": 333
          },
          {
            "x": 128.0,
            "y": 315
          },
          {
            "x": 127.0,
            "y": 314.0
          },
          {
            "x": 127.0,
            "y": 301
          },
          {
            "x": 126.0,
            "y": 300
          },
          {
            "x": 126.0,
            "y": 298
          },
          {
            "x": 125,
            "y": 297
          },
          {
            "x": 125,
            "y": 290
          },
          {
            "x": 126.0,
            "y": 289
          },
          {
            "x": 126.0,
            "y": 276
          },
          {
            "x": 127.0,
            "y": 275
          },
          {
            "x": 127.0,
            "y": 268
          },
          {
            "x": 128.0,
            "y": 267
          },
          {
            "x": 128.0,
            "y": 254
          },
          {
            "x": 129,
            "y": 253.0
          },
          {
            "x": 129,
            "y": 247
          },
          {
            "x": 130.0,
            "y": 246
          },
          {
            "x": 130.0,
            "y": 244
          },
          {
            "x": 131.0,
            "y": 243
          },
          {
            "x": 131.0,
            "y": 240
          },
          {
            "x": 132.0,
            "y": 239
          },
          {
            "x": 133,
            "y": 239
          },
          {
            "x": 134,
            "y": 240
          },
          {
            "x": 134,
            "y": 243
          },
          {
            "x": 135.0,
            "y": 244
          },
          {
            "x": 135.0,
            "y": 247
          },
          {
            "x": 136.0,
            "y": 248
          },
          {
            "x": 136.0,
            "y": 250
          },
          {
            "x": 137,
            "y": 251
          },
          {
            "x": 137,
            "y": 252
          },
          {
            "x": 138,
            "y": 253.0
          },
          {
            "x": 138,
            "y": 255.0
          },
          {
            "x": 139.0,
            "y": 256
          },
          {
            "x": 139.0,
            "y": 258
          },
          {
            "x": 140.0,
            "y": 259
          },
          {
            "x": 140.0,
            "y": 262
          },
          {
            "x": 141,
            "y": 263
          },
          {
            "x": 141,
            "y": 266
          },
          {
            "x": 142,
            "y": 267
          },
          {
            "x": 142,
            "y": 271
          },
          {
            "x": 143.0,
            "y": 272
          },
          {
            "x": 143.0,
            "y": 276
          },
          {
            "x": 144.0,
            "y": 277
          },
          {
            "x": 144.0,
            "y": 278
          },
          {
            "x": 146,
            "y": 280
          },
          {
            "x": 146,
            "y": 281
          },
          {
            "x": 147.0,
            "y": 282
          },
          {
            "x": 147.0,
            "y": 284
          },
          {
            "x": 148.0,
            "y": 285
          },
          {
            "x": 148.0,
            "y": 287
          },
          {
            "x": 150,
            "y": 289
          },
          {
            "x": 150,
            "y": 291
          },
          {
            "x": 151.0,
            "y": 292
          },
          {
            "x": 151.0,
            "y": 295
          },
          {
            "x": 152.0,
            "y": 296
          },
          {
            "x": 152.0,
            "y": 313
          },
          {
            "x": 153.0,
            "y": 314.0
          },
          {
            "x": 153.0,
            "y": 324
          },
          {
            "x": 154,
            "y": 325
          },
          {
            "x": 154,
            "y": 332
          },
          {
            "x": 155.0,
            "y": 333
          },
          {
            "x": 155.0,
            "y": 340
          },
          {
            "x": 156.0,
            "y": 341
          },
          {
            "x": 156.0,
            "y": 343
          },
          {
            "x": 157.0,
            "y": 344
          },
          {
            "x": 157.0,
            "y": 348
          },
          {
            "x": 158,
            "y": 349
          },
          {
            "x": 158,
            "y": 352.0
          },
          {
            "x": 159,
            "y": 353
          },
          {
            "x": 159,
            "y": 357
          },
          {
            "x": 160.0,
            "y": 358
          },
          {
            "x": 160.0,
            "y": 359
          },
          {
            "x": 161.0,
            "y": 360.0
          },
          {
            "x": 172.0,
            "y": 360.0
          },
          {
            "x": 173.0,
            "y": 359
          },
          {
            "x": 174,
            "y": 359
          },
          {
            "x": 175,
            "y": 358
          },
          {
            "x": 175,
            "y": 356.0
          },
          {
            "x": 176.0,
            "y": 355
          },
          {
            "x": 176.0,
            "y": 339.0
          },
          {
            "x": 175,
            "y": 338
          },
          {
            "x": 175,
            "y": 335.0
          },
          {
            "x": 176.0,
            "y": 334
          },
          {
            "x": 176.0,
            "y": 331.0
          },
          {
            "x": 175,
            "y": 330
          },
          {
            "x": 175,
            "y": 315
          },
          {
            "x": 174,
            "y": 314.0
          },
          {
            "x": 174,
            "y": 303
          },
          {
            "x": 173.0,
            "y": 302.0
          },
          {
            "x": 173.0,
            "y": 298
          },
          {
            "x": 172.0,
            "y": 297
          },
          {
            "x": 172.0,
            "y": 286
          },
          {
            "x": 171,
            "y": 285
          },
          {
            "x": 171,
            "y": 277
          },
          {
            "x": 170,
            "y": 276
          },
          {
            "x": 170,
            "y": 270
          },
          {
            "x": 169.0,
            "y": 269
          },
          {
            "x": 169.0,
            "y": 261
          },
          {
            "x": 168.0,
            "y": 260
          },
          {
            "x": 168.0,
            "y": 249
          },
          {
            "x": 167,
            "y": 248
          },
          {
            "x": 167,
            "y": 247
          },
          {
            "x": 166,
            "y": 246
          },
          {
            "x": 162,
            "y": 246
          },
          {
            "x": 161.0,
            "y": 245
          },
          {
            "x": 160.0,
            "y": 245
          },
          {
            "x": 159,
            "y": 244
          },
          {
            "x": 159,
            "y": 243
          },
          {
            "x": 158,
            "y": 242
          },
          {
            "x": 158,
            "y": 239
          },
          {
            "x": 159,
            "y": 238
          },
          {
            "x": 159,
            "y": 230.0
          },
          {
            "x": 158,
            "y": 229
          },
          {
            "x": 157.0,
            "y": 229
          },
          {
            "x": 156.0,
            "y": 230.0
          },
          {
            "x": 153.0,
            "y": 230.0
          },
          {
            "x": 152.0,
            "y": 231
          },
          {
            "x": 148.0,
            "y": 231
          },
          {
            "x": 144.0,
            "y": 227
          },
          {
            "x": 144.0,
            "y": 226
          },
          {
            "x": 143.0,
            "y": 225
          },
          {
            "x": 143.0,
            "y": 222
          },
          {
            "x": 142,
            "y": 221
          },
          {
            "x": 142,
            "y": 219
          },
          {
            "x": 141,
            "y": 218
          },
          {
            "x": 141,
            "y": 214
          },
          {
            "x": 140.0,
            "y": 213
          },
          {
            "x": 140.0,
            "y": 211
          },
          {
            "x": 139.0,
            "y": 210
          },
          {
            "x": 139.0,
            "y": 208
          },
          {
            "x": 138,
            "y": 207.0
          },
          {
            "x": 138,
            "y": 204
          }
        ]
      }
    },
    {
      "name": "Shoes Polygon ",
      "polygon": {
        "path": [
          {
            "x": 116,
            "y": 357
          },
          {
            "x": 116,
            "y": 364
          },
          {
            "x": 113,
            "y": 367
          },
          {
            "x": 113,
            "y": 368
          },
          {
            "x": 112,
            "y": 369
          },
          {
            "x": 111,
            "y": 369
          },
          {
            "x": 111,
            "y": 370
          },
          {
            "x": 109,
            "y": 372
          },
          {
            "x": 109,
            "y": 379
          },
          {
            "x": 110,
            "y": 380
          },
          {
            "x": 110,
            "y": 381
          },
          {
            "x": 113,
            "y": 384
          },
          {
            "x": 123.0,
            "y": 384
          },
          {
            "x": 125.0,
            "y": 382.0
          },
          {
            "x": 125.0,
            "y": 376
          },
          {
            "x": 127.0,
            "y": 374.0
          },
          {
            "x": 127.0,
            "y": 368
          },
          {
            "x": 128,
            "y": 367
          },
          {
            "x": 128,
            "y": 361
          },
          {
            "x": 127.0,
            "y": 360
          },
          {
            "x": 127.0,
            "y": 357
          }
        ]
      }
    },
    {
      "name": "Shoes Polygon ",
      "polygon": {
        "path": [
          {
            "x": 158,
            "y": 362
          },
          {
            "x": 158,
            "y": 367
          },
          {
            "x": 157,
            "y": 368
          },
          {
            "x": 158,
            "y": 369
          },
          {
            "x": 158,
            "y": 376
          },
          {
            "x": 159,
            "y": 377
          },
          {
            "x": 160,
            "y": 377
          },
          {
            "x": 161,
            "y": 378
          },
          {
            "x": 163,
            "y": 378
          },
          {
            "x": 164,
            "y": 379
          },
          {
            "x": 171.0,
            "y": 379
          },
          {
            "x": 172,
            "y": 380
          },
          {
            "x": 173,
            "y": 380
          },
          {
            "x": 174,
            "y": 381
          },
          {
            "x": 174,
            "y": 382.0
          },
          {
            "x": 175.0,
            "y": 382.0
          },
          {
            "x": 177,
            "y": 384
          },
          {
            "x": 178,
            "y": 384
          },
          {
            "x": 179.0,
            "y": 385
          },
          {
            "x": 184,
            "y": 385
          },
          {
            "x": 185,
            "y": 386
          },
          {
            "x": 186,
            "y": 385
          },
          {
            "x": 187.0,
            "y": 386
          },
          {
            "x": 191.0,
            "y": 386
          },
          {
            "x": 192,
            "y": 385
          },
          {
            "x": 195.0,
            "y": 385
          },
          {
            "x": 196,
            "y": 384
          },
          {
            "x": 197,
            "y": 384
          },
          {
            "x": 196,
            "y": 383
          },
          {
            "x": 196,
            "y": 380
          },
          {
            "x": 194,
            "y": 378
          },
          {
            "x": 193,
            "y": 378
          },
          {
            "x": 192,
            "y": 377
          },
          {
            "x": 191.0,
            "y": 377
          },
          {
            "x": 188,
            "y": 374.0
          },
          {
            "x": 187.0,
            "y": 374.0
          },
          {
            "x": 186,
            "y": 373
          },
          {
            "x": 185,
            "y": 373
          },
          {
            "x": 179.0,
            "y": 367
          },
          {
            "x": 179.0,
            "y": 366.0
          },
          {
            "x": 177,
            "y": 364
          },
          {
            "x": 177,
            "y": 363
          },
          {
            "x": 176,
            "y": 362
          },
          {
            "x": 176,
            "y": 361
          },
          {
            "x": 171.0,
            "y": 361
          },
          {
            "x": 170,
            "y": 362
          },
          {
            "x": 169,
            "y": 362
          },
          {
            "x": 168,
            "y": 363
          },
          {
            "x": 167,
            "y": 363
          },
          {
            "x": 166,
            "y": 362
          },
          {
            "x": 161,
            "y": 362
          },
          {
            "x": 160,
            "y": 361
          },
          {
            "x": 159,
            "y": 361
          }
        ]
      }
    }
  ]
}