{
  "image": {
    "width": 267,
    "height": 400,
    "filename": "00000148.jpg",
    "original_filename": "000388.jpg",
    "url": "https://darwin.v7labs.com/api/images/1212290/original?token=16d6037d-33e8-4c8d-8cb7-761abbebab61",
    "thumbnail_url": "https://darwin.v7labs.com/api/images/1212290/thumbnail?token=16d6037d-33e8-4c8d-8cb7-761abbebab61",
    "workview_url": "https://darwin.v7labs.com/workview?dataset=1176&image=148"
  },
  "dataset": "Fashion_2",
  "annotated": true,
  "annotations": [
    {
      "name": "Jacket Polygon ",
      "polygon": {
        "path": [
          {
            "x": 98.0,
            "y": 107
          },
          {
            "x": 98.0,
            "y": 108
          },
          {
            "x": 95.0,
            "y": 111
          },
          {
            "x": 95.0,
            "y": 112
          },
          {
            "x": 94.0,
            "y": 113
          },
          {
            "x": 94.0,
            "y": 115
          },
          {
            "x": 93.0,
            "y": 116
          },
          {
            "x": 93.0,
            "y": 124
          },
          {
            "x": 94.0,
            "y": 125.0
          },
          {
            "x": 94.0,
            "y": 144
          },
          {
            "x": 93.0,
            "y": 145
          },
          {
            "x": 93.0,
            "y": 147
          },
          {
            "x": 92,
            "y": 148
          },
          {
            "x": 92,
            "y": 151.0
          },
          {
            "x": 91.0,
            "y": 152
          },
          {
            "x": 91.0,
            "y": 154
          },
          {
            "x": 89.0,
            "y": 156
          },
          {
            "x": 89.0,
            "y": 157
          },
          {
            "x": 88.0,
            "y": 158
          },
          {
            "x": 88.0,
            "y": 159
          },
          {
            "x": 87,
            "y": 160
          },
          {
            "x": 87,
            "y": 161
          },
          {
            "x": 86.0,
            "y": 162
          },
          {
            "x": 86.0,
            "y": 164
          },
          {
            "x": 85.0,
            "y": 165
          },
          {
            "x": 85.0,
            "y": 168
          },
          {
            "x": 84.0,
            "y": 169
          },
          {
            "x": 84.0,
            "y": 173
          },
          {
            "x": 83.0,
            "y": 174
          },
          {
            "x": 83.0,
            "y": 180.0
          },
          {
            "x": 82,
            "y": 181.0
          },
          {
            "x": 82,
            "y": 182.0
          },
          {
            "x": 81.0,
            "y": 183
          },
          {
            "x": 81.0,
            "y": 185.0
          },
          {
            "x": 80.0,
            "y": 186.0
          },
          {
            "x": 80.0,
            "y": 190.0
          },
          {
            "x": 79.0,
            "y": 191.0
          },
          {
            "x": 79.0,
            "y": 196.0
          },
          {
            "x": 78.0,
            "y": 197
          },
          {
            "x": 78.0,
            "y": 198
          },
          {
            "x": 77,
            "y": 199
          },
          {
            "x": 77,
            "y": 204
          },
          {
            "x": 78.0,
            "y": 205.0
          },
          {
            "x": 86.0,
            "y": 205.0
          },
          {
            "x": 87,
            "y": 206.0
          },
          {
            "x": 88.0,
            "y": 206.0
          },
          {
            "x": 89.0,
            "y": 207
          },
          {
            "x": 92,
            "y": 207
          },
          {
            "x": 93.0,
            "y": 206.0
          },
          {
            "x": 93.0,
            "y": 201.0
          },
          {
            "x": 94.0,
            "y": 200.0
          },
          {
            "x": 94.0,
            "y": 199
          },
          {
            "x": 95.0,
            "y": 198
          },
          {
            "x": 95.0,
            "y": 197
          },
          {
            "x": 96.0,
            "y": 196.0
          },
          {
            "x": 96.0,
            "y": 194
          },
          {
            "x": 97,
            "y": 193
          },
          {
            "x": 97,
            "y": 191.0
          },
          {
            "x": 98.0,
            "y": 190.0
          },
          {
            "x": 98.0,
            "y": 188
          },
          {
            "x": 99.0,
            "y": 187.0
          },
          {
            "x": 99.0,
            "y": 184
          },
          {
            "x": 100.0,
            "y": 183
          },
          {
            "x": 100.0,
            "y": 181.0
          },
          {
            "x": 101,
            "y": 180.0
          },
          {
            "x": 101,
            "y": 178
          },
          {
            "x": 102,
            "y": 177
          },
          {
            "x": 102,
            "y": 176
          },
          {
            "x": 103.0,
            "y": 175
          },
          {
            "x": 103.0,
            "y": 173
          },
          {
            "x": 104.0,
            "y": 172
          },
          {
            "x": 104.0,
            "y": 171
          },
          {
            "x": 105.0,
            "y": 170
          },
          {
            "x": 106,
            "y": 171
          },
          {
            "x": 106,
            "y": 174
          },
          {
            "x": 105.0,
            "y": 175
          },
          {
            "x": 105.0,
            "y": 179
          },
          {
            "x": 104.0,
            "y": 180.0
          },
          {
            "x": 104.0,
            "y": 184
          },
          {
            "x": 103.0,
            "y": 185.0
          },
          {
            "x": 103.0,
            "y": 187.0
          },
          {
            "x": 102,
            "y": 188
          },
          {
            "x": 102,
            "y": 190.0
          },
          {
            "x": 104.0,
            "y": 192.0
          },
          {
            "x": 107.0,
            "y": 192.0
          },
          {
            "x": 108.0,
            "y": 191.0
          },
          {
            "x": 115.0,
            "y": 191.0
          },
          {
            "x": 116,
            "y": 192.0
          },
          {
            "x": 145,
            "y": 192.0
          },
          {
            "x": 146,
            "y": 193
          },
          {
            "x": 155,
            "y": 193
          },
          {
            "x": 156.0,
            "y": 194
          },
          {
            "x": 158.0,
            "y": 194
          },
          {
            "x": 159,
            "y": 195.0
          },
          {
            "x": 160,
            "y": 195.0
          },
          {
            "x": 161.0,
            "y": 196.0
          },
          {
            "x": 163.0,
            "y": 196.0
          },
          {
            "x": 164,
            "y": 197
          },
          {
            "x": 169,
            "y": 197
          },
          {
            "x": 169,
            "y": 175
          },
          {
            "x": 170,
            "y": 174
          },
          {
            "x": 171.0,
            "y": 175
          },
          {
            "x": 171.0,
            "y": 179
          },
          {
            "x": 172.0,
            "y": 180.0
          },
          {
            "x": 172.0,
            "y": 188
          },
          {
            "x": 173,
            "y": 189
          },
          {
            "x": 173,
            "y": 192.0
          },
          {
            "x": 174,
            "y": 193
          },
          {
            "x": 174,
            "y": 197
          },
          {
            "x": 175,
            "y": 198
          },
          {
            "x": 175,
            "y": 199
          },
          {
            "x": 176.0,
            "y": 200.0
          },
          {
            "x": 176.0,
            "y": 201.0
          },
          {
            "x": 177.0,
            "y": 202
          },
          {
            "x": 181.0,
            "y": 202
          },
          {
            "x": 182.0,
            "y": 201.0
          },
          {
            "x": 189,
            "y": 201.0
          },
          {
            "x": 190.0,
            "y": 200.0
          },
          {
            "x": 190.0,
            "y": 189
          },
          {
            "x": 189,
            "y": 188
          },
          {
            "x": 189,
            "y": 181.0
          },
          {
            "x": 188,
            "y": 180.0
          },
          {
            "x": 188,
            "y": 174
          },
          {
            "x": 187.0,
            "y": 173
          },
          {
            "x": 187.0,
            "y": 170
          },
          {
            "x": 186.0,
            "y": 169
          },
          {
            "x": 186.0,
            "y": 155
          },
          {
            "x": 184,
            "y": 153
          },
          {
            "x": 184,
            "y": 149
          },
          {
            "x": 185.0,
            "y": 148
          },
          {
            "x": 185.0,
            "y": 146
          },
          {
            "x": 186.0,
            "y": 145
          },
          {
            "x": 186.0,
            "y": 141
          },
          {
            "x": 187.0,
            "y": 140
          },
          {
            "x": 187.0,
            "y": 134
          },
          {
            "x": 188,
            "y": 133
          },
          {
            "x": 188,
            "y": 128
          },
          {
            "x": 187.0,
            "y": 127
          },
          {
            "x": 187.0,
            "y": 121
          },
          {
            "x": 186.0,
            "y": 120
          },
          {
            "x": 186.0,
            "y": 118
          },
          {
            "x": 185.0,
            "y": 117
          },
          {
            "x": 185.0,
            "y": 116
          },
          {
            "x": 184,
            "y": 115
          },
          {
            "x": 184,
            "y": 114
          },
          {
            "x": 183,
            "y": 114
          },
          {
            "x": 182.0,
            "y": 113
          },
          {
            "x": 182.0,
            "y": 112
          },
          {
            "x": 181.0,
            "y": 112
          },
          {
            "x": 180.0,
            "y": 111
          },
          {
            "x": 179,
            "y": 111
          },
          {
            "x": 178,
            "y": 110
          },
          {
            "x": 176.0,
            "y": 110
          },
          {
            "x": 175,
            "y": 109
          },
          {
            "x": 172.0,
            "y": 109
          },
          {
            "x": 171.0,
            "y": 108
          },
          {
            "x": 165,
            "y": 108
          },
          {
            "x": 164,
            "y": 107
          },
          {
            "x": 160,
            "y": 107
          },
          {
            "x": 159,
            "y": 106
          },
          {
            "x": 156.0,
            "y": 106
          },
          {
            "x": 155,
            "y": 107
          },
          {
            "x": 154,
            "y": 107
          },
          {
            "x": 153.0,
            "y": 108
          },
          {
            "x": 150,
            "y": 108
          },
          {
            "x": 147.0,
            "y": 111
          },
          {
            "x": 146,
            "y": 111
          },
          {
            "x": 144,
            "y": 113
          },
          {
            "x": 143.0,
            "y": 113
          },
          {
            "x": 142.0,
            "y": 114
          },
          {
            "x": 141,
            "y": 114
          },
          {
            "x": 140,
            "y": 115
          },
          {
            "x": 139,
            "y": 115
          },
          {
            "x": 138.0,
            "y": 116
          },
          {
            "x": 135,
            "y": 116
          },
          {
            "x": 134.0,
            "y": 115
          },
          {
            "x": 133.0,
            "y": 115
          },
          {
            "x": 132.0,
            "y": 114
          },
          {
            "x": 131,
            "y": 114
          },
          {
            "x": 127.0,
            "y": 110
          },
          {
            "x": 127.0,
            "y": 109
          },
          {
            "x": 126,
            "y": 108
          },
          {
            "x": 126,
            "y": 107
          },
          {
            "x": 124.0,
            "y": 105
          },
          {
            "x": 116,
            "y": 105
          },
          {
            "x": 115.0,
            "y": 106
          },
          {
            "x": 113.0,
            "y": 106
          },
          {
            "x": 112.0,
            "y": 105
          },
          {
            "x": 102,
            "y": 105
          },
          {
            "x": 101,
            "y": 106
          },
          {
            "x": 100.0,
            "y": 106
          },
          {
            "x": 99.0,
            "y": 107
          }
        ]
      }
    },
    {
      "name": "Trousers Polygon ",
      "polygon": {
        "path": [
          {
            "x": 106,
            "y": 211
          },
          {
            "x": 106,
            "y": 216
          },
          {
            "x": 105.0,
            "y": 217
          },
          {
            "x": 105.0,
            "y": 221.0
          },
          {
            "x": 104,
            "y": 222
          },
          {
            "x": 104,
            "y": 234
          },
          {
            "x": 105.0,
            "y": 235
          },
          {
            "x": 105.0,
            "y": 249
          },
          {
            "x": 106,
            "y": 250.0
          },
          {
            "x": 106,
            "y": 259
          },
          {
            "x": 107.0,
            "y": 260
          },
          {
            "x": 107.0,
            "y": 265
          },
          {
            "x": 108.0,
            "y": 266
          },
          {
            "x": 108.0,
            "y": 271
          },
          {
            "x": 109,
            "y": 272.0
          },
          {
            "x": 109,
            "y": 277
          },
          {
            "x": 110.0,
            "y": 278
          },
          {
            "x": 110.0,
            "y": 280
          },
          {
            "x": 111,
            "y": 281
          },
          {
            "x": 111,
            "y": 284
          },
          {
            "x": 112.0,
            "y": 285
          },
          {
            "x": 112.0,
            "y": 288
          },
          {
            "x": 113,
            "y": 289
          },
          {
            "x": 113,
            "y": 291
          },
          {
            "x": 114,
            "y": 292
          },
          {
            "x": 114,
            "y": 296
          },
          {
            "x": 115.0,
            "y": 297.0
          },
          {
            "x": 115.0,
            "y": 300
          },
          {
            "x": 116,
            "y": 301
          },
          {
            "x": 116,
            "y": 303
          },
          {
            "x": 117.0,
            "y": 304
          },
          {
            "x": 117.0,
            "y": 306
          },
          {
            "x": 118,
            "y": 307
          },
          {
            "x": 118,
            "y": 323
          },
          {
            "x": 119.0,
            "y": 324
          },
          {
            "x": 119.0,
            "y": 329
          },
          {
            "x": 120.0,
            "y": 330
          },
          {
            "x": 120.0,
            "y": 340
          },
          {
            "x": 119.0,
            "y": 341
          },
          {
            "x": 119.0,
            "y": 342
          },
          {
            "x": 117.0,
            "y": 344
          },
          {
            "x": 117.0,
            "y": 345
          },
          {
            "x": 116,
            "y": 346
          },
          {
            "x": 116,
            "y": 348
          },
          {
            "x": 117.0,
            "y": 349
          },
          {
            "x": 117.0,
            "y": 350
          },
          {
            "x": 118,
            "y": 351
          },
          {
            "x": 118,
            "y": 353
          },
          {
            "x": 119.0,
            "y": 354
          },
          {
            "x": 119.0,
            "y": 355.0
          },
          {
            "x": 121,
            "y": 357
          },
          {
            "x": 121,
            "y": 358
          },
          {
            "x": 125.0,
            "y": 362
          },
          {
            "x": 126,
            "y": 362
          },
          {
            "x": 127.0,
            "y": 363
          },
          {
            "x": 129.0,
            "y": 363
          },
          {
            "x": 130,
            "y": 364
          },
          {
            "x": 137,
            "y": 364
          },
          {
            "x": 138,
            "y": 365
          },
          {
            "x": 141,
            "y": 365
          },
          {
            "x": 143.0,
            "y": 363
          },
          {
            "x": 143.0,
            "y": 362
          },
          {
            "x": 144,
            "y": 361
          },
          {
            "x": 144,
            "y": 359
          },
          {
            "x": 145,
            "y": 358
          },
          {
            "x": 145,
            "y": 355.0
          },
          {
            "x": 144,
            "y": 354
          },
          {
            "x": 144,
            "y": 351
          },
          {
            "x": 145,
            "y": 350
          },
          {
            "x": 145,
            "y": 344
          },
          {
            "x": 146,
            "y": 343
          },
          {
            "x": 146,
            "y": 338
          },
          {
            "x": 147.0,
            "y": 337
          },
          {
            "x": 147.0,
            "y": 333
          },
          {
            "x": 148.0,
            "y": 332
          },
          {
            "x": 148.0,
            "y": 328
          },
          {
            "x": 149,
            "y": 327
          },
          {
            "x": 149,
            "y": 325
          },
          {
            "x": 151.0,
            "y": 323
          },
          {
            "x": 151.0,
            "y": 320
          },
          {
            "x": 152.0,
            "y": 319
          },
          {
            "x": 152.0,
            "y": 316
          },
          {
            "x": 153.0,
            "y": 315
          },
          {
            "x": 153.0,
            "y": 313
          },
          {
            "x": 154,
            "y": 312
          },
          {
            "x": 154,
            "y": 308
          },
          {
            "x": 155,
            "y": 307
          },
          {
            "x": 155,
            "y": 303
          },
          {
            "x": 156.0,
            "y": 302.0
          },
          {
            "x": 156.0,
            "y": 298
          },
          {
            "x": 157.0,
            "y": 297.0
          },
          {
            "x": 157.0,
            "y": 290
          },
          {
            "x": 158.0,
            "y": 289
          },
          {
            "x": 158.0,
            "y": 284
          },
          {
            "x": 159,
            "y": 283
          },
          {
            "x": 159,
            "y": 275
          },
          {
            "x": 160,
            "y": 274
          },
          {
            "x": 160,
            "y": 273.0
          },
          {
            "x": 161.0,
            "y": 272.0
          },
          {
            "x": 161.0,
            "y": 269
          },
          {
            "x": 162.0,
            "y": 268.0
          },
          {
            "x": 162.0,
            "y": 255
          },
          {
            "x": 163.0,
            "y": 254
          },
          {
            "x": 163.0,
            "y": 252
          },
          {
            "x": 164,
            "y": 251
          },
          {
            "x": 164,
            "y": 248
          },
          {
            "x": 165,
            "y": 247
          },
          {
            "x": 165,
            "y": 245
          },
          {
            "x": 166.0,
            "y": 244
          },
          {
            "x": 166.0,
            "y": 241
          },
          {
            "x": 167.0,
            "y": 240
          },
          {
            "x": 167.0,
            "y": 238
          },
          {
            "x": 168,
            "y": 237
          },
          {
            "x": 168,
            "y": 235
          },
          {
            "x": 169,
            "y": 234
          },
          {
            "x": 169,
            "y": 229
          },
          {
            "x": 170,
            "y": 228
          },
          {
            "x": 170,
            "y": 218
          },
          {
            "x": 168,
            "y": 216
          },
          {
            "x": 167.0,
            "y": 216
          },
          {
            "x": 166.0,
            "y": 215
          },
          {
            "x": 165,
            "y": 215
          },
          {
            "x": 164,
            "y": 214
          },
          {
            "x": 163.0,
            "y": 214
          },
          {
            "x": 161.0,
            "y": 216
          },
          {
            "x": 157.0,
            "y": 216
          },
          {
            "x": 156.0,
            "y": 217
          },
          {
            "x": 155,
            "y": 216
          },
          {
            "x": 146,
            "y": 216
          },
          {
            "x": 145,
            "y": 217
          },
          {
            "x": 142,
            "y": 217
          },
          {
            "x": 141,
            "y": 218
          },
          {
            "x": 138,
            "y": 218
          },
          {
            "x": 137,
            "y": 219
          },
          {
            "x": 136,
            "y": 219
          },
          {
            "x": 135,
            "y": 220
          },
          {
            "x": 131,
            "y": 220
          },
          {
            "x": 130,
            "y": 221.0
          },
          {
            "x": 125.0,
            "y": 221.0
          },
          {
            "x": 124.0,
            "y": 220
          },
          {
            "x": 121,
            "y": 220
          },
          {
            "x": 119.0,
            "y": 218
          },
          {
            "x": 116,
            "y": 218
          },
          {
            "x": 115.0,
            "y": 217
          },
          {
            "x": 115.0,
            "y": 216
          },
          {
            "x": 114,
            "y": 215
          },
          {
            "x": 113,
            "y": 215
          },
          {
            "x": 112.0,
            "y": 214
          },
          {
            "x": 111,
            "y": 214
          },
          {
            "x": 109,
            "y": 212
          },
          {
            "x": 108.0,
            "y": 212
          },
          {
            "x": 107.0,
            "y": 211
          }
        ]
      }
    }
  ]
}