{
  "image": {
    "width": 266,
    "height": 400,
    "filename": "00000741.jpg",
    "original_filename": "000141.jpg",
    "url": "https://darwin.v7labs.com/api/images/1212052/original?token=5cea58b9-0f48-4f62-9905-01f97ea9945c",
    "thumbnail_url": "https://darwin.v7labs.com/api/images/1212052/thumbnail?token=5cea58b9-0f48-4f62-9905-01f97ea9945c",
    "workview_url": "https://darwin.v7labs.com/workview?dataset=1161&image=741"
  },
  "dataset": "Fashion retail",
  "annotated": true,
  "annotations": [
    {
      "name": "Jacket",
      "polygon": {
        "path": [
          {
            "x": 98,
            "y": 131
          },
          {
            "x": 92.0,
            "y": 137
          },
          {
            "x": 92.0,
            "y": 138
          },
          {
            "x": 89.0,
            "y": 141
          },
          {
            "x": 88.0,
            "y": 141
          },
          {
            "x": 86,
            "y": 143
          },
          {
            "x": 85.0,
            "y": 143
          },
          {
            "x": 84,
            "y": 144
          },
          {
            "x": 83,
            "y": 144
          },
          {
            "x": 79,
            "y": 148
          },
          {
            "x": 79,
            "y": 149
          },
          {
            "x": 78.0,
            "y": 150
          },
          {
            "x": 78.0,
            "y": 162
          },
          {
            "x": 77.0,
            "y": 163
          },
          {
            "x": 77.0,
            "y": 166
          },
          {
            "x": 76,
            "y": 167
          },
          {
            "x": 76,
            "y": 168
          },
          {
            "x": 75,
            "y": 169
          },
          {
            "x": 75,
            "y": 174
          },
          {
            "x": 74,
            "y": 175
          },
          {
            "x": 74,
            "y": 180
          },
          {
            "x": 73,
            "y": 181
          },
          {
            "x": 73,
            "y": 191.0
          },
          {
            "x": 74,
            "y": 192.0
          },
          {
            "x": 74,
            "y": 200.0
          },
          {
            "x": 75,
            "y": 201
          },
          {
            "x": 75,
            "y": 209
          },
          {
            "x": 76,
            "y": 210
          },
          {
            "x": 76,
            "y": 215.0
          },
          {
            "x": 77.0,
            "y": 216
          },
          {
            "x": 77.0,
            "y": 217
          },
          {
            "x": 78.0,
            "y": 218
          },
          {
            "x": 78.0,
            "y": 219
          },
          {
            "x": 80,
            "y": 221.0
          },
          {
            "x": 80,
            "y": 222.0
          },
          {
            "x": 83,
            "y": 222.0
          },
          {
            "x": 84,
            "y": 221.0
          },
          {
            "x": 84,
            "y": 220
          },
          {
            "x": 86,
            "y": 218
          },
          {
            "x": 87,
            "y": 218
          },
          {
            "x": 88.0,
            "y": 219
          },
          {
            "x": 88.0,
            "y": 225
          },
          {
            "x": 89.0,
            "y": 226
          },
          {
            "x": 89.0,
            "y": 227
          },
          {
            "x": 93,
            "y": 227
          },
          {
            "x": 94,
            "y": 228
          },
          {
            "x": 95,
            "y": 227
          },
          {
            "x": 107.0,
            "y": 227
          },
          {
            "x": 108,
            "y": 226
          },
          {
            "x": 112,
            "y": 226
          },
          {
            "x": 113,
            "y": 225
          },
          {
            "x": 114,
            "y": 225
          },
          {
            "x": 115.0,
            "y": 226
          },
          {
            "x": 116,
            "y": 226
          },
          {
            "x": 117,
            "y": 225
          },
          {
            "x": 118,
            "y": 225
          },
          {
            "x": 119.0,
            "y": 226
          },
          {
            "x": 129,
            "y": 226
          },
          {
            "x": 130,
            "y": 225
          },
          {
            "x": 133,
            "y": 225
          },
          {
            "x": 134,
            "y": 224
          },
          {
            "x": 142,
            "y": 224
          },
          {
            "x": 143,
            "y": 223.0
          },
          {
            "x": 143,
            "y": 220
          },
          {
            "x": 144,
            "y": 219
          },
          {
            "x": 146,
            "y": 221.0
          },
          {
            "x": 145,
            "y": 222.0
          },
          {
            "x": 145,
            "y": 225
          },
          {
            "x": 146,
            "y": 226
          },
          {
            "x": 146,
            "y": 234
          },
          {
            "x": 147,
            "y": 235
          },
          {
            "x": 151,
            "y": 235
          },
          {
            "x": 152,
            "y": 234
          },
          {
            "x": 154,
            "y": 234
          },
          {
            "x": 155,
            "y": 233
          },
          {
            "x": 155,
            "y": 232
          },
          {
            "x": 156,
            "y": 231
          },
          {
            "x": 154,
            "y": 229.0
          },
          {
            "x": 154,
            "y": 228
          },
          {
            "x": 155,
            "y": 227
          },
          {
            "x": 154,
            "y": 226
          },
          {
            "x": 154,
            "y": 225
          },
          {
            "x": 155,
            "y": 224
          },
          {
            "x": 156,
            "y": 224
          },
          {
            "x": 158,
            "y": 222.0
          },
          {
            "x": 158,
            "y": 219
          },
          {
            "x": 157,
            "y": 218
          },
          {
            "x": 157,
            "y": 211
          },
          {
            "x": 156,
            "y": 210
          },
          {
            "x": 156,
            "y": 208.0
          },
          {
            "x": 155,
            "y": 207.0
          },
          {
            "x": 155,
            "y": 197
          },
          {
            "x": 154,
            "y": 196
          },
          {
            "x": 154,
            "y": 186
          },
          {
            "x": 153,
            "y": 185.0
          },
          {
            "x": 153,
            "y": 176
          },
          {
            "x": 152,
            "y": 175
          },
          {
            "x": 152,
            "y": 163
          },
          {
            "x": 151,
            "y": 162
          },
          {
            "x": 151,
            "y": 157
          },
          {
            "x": 150,
            "y": 156
          },
          {
            "x": 150,
            "y": 153
          },
          {
            "x": 149,
            "y": 152
          },
          {
            "x": 149,
            "y": 149
          },
          {
            "x": 148,
            "y": 148
          },
          {
            "x": 148,
            "y": 145
          },
          {
            "x": 147,
            "y": 144
          },
          {
            "x": 147,
            "y": 140
          },
          {
            "x": 146,
            "y": 139
          },
          {
            "x": 145,
            "y": 139
          },
          {
            "x": 144,
            "y": 138
          },
          {
            "x": 140,
            "y": 138
          },
          {
            "x": 139,
            "y": 137
          },
          {
            "x": 137,
            "y": 137
          },
          {
            "x": 136,
            "y": 136
          },
          {
            "x": 133,
            "y": 136
          },
          {
            "x": 129,
            "y": 132
          },
          {
            "x": 128,
            "y": 132
          },
          {
            "x": 127,
            "y": 131
          },
          {
            "x": 126.0,
            "y": 131
          },
          {
            "x": 124,
            "y": 129
          },
          {
            "x": 121,
            "y": 129
          },
          {
            "x": 121,
            "y": 131
          },
          {
            "x": 122.0,
            "y": 132
          },
          {
            "x": 122.0,
            "y": 138
          },
          {
            "x": 121,
            "y": 139
          },
          {
            "x": 121,
            "y": 141
          },
          {
            "x": 120,
            "y": 142
          },
          {
            "x": 120,
            "y": 150
          },
          {
            "x": 119.0,
            "y": 151
          },
          {
            "x": 119.0,
            "y": 152
          },
          {
            "x": 118,
            "y": 153
          },
          {
            "x": 118,
            "y": 156
          },
          {
            "x": 117,
            "y": 157
          },
          {
            "x": 117,
            "y": 162
          },
          {
            "x": 116,
            "y": 163
          },
          {
            "x": 115.0,
            "y": 163
          },
          {
            "x": 115.0,
            "y": 164
          },
          {
            "x": 114,
            "y": 165
          },
          {
            "x": 113,
            "y": 165
          },
          {
            "x": 111.0,
            "y": 163
          },
          {
            "x": 111.0,
            "y": 162
          },
          {
            "x": 110,
            "y": 161
          },
          {
            "x": 110,
            "y": 159
          },
          {
            "x": 109,
            "y": 158
          },
          {
            "x": 109,
            "y": 155
          },
          {
            "x": 105,
            "y": 151
          },
          {
            "x": 105,
            "y": 150
          },
          {
            "x": 103.0,
            "y": 148
          },
          {
            "x": 103.0,
            "y": 144
          },
          {
            "x": 102,
            "y": 143
          },
          {
            "x": 102,
            "y": 142
          },
          {
            "x": 101,
            "y": 141
          },
          {
            "x": 101,
            "y": 137
          },
          {
            "x": 100.0,
            "y": 136
          },
          {
            "x": 100.0,
            "y": 133
          },
          {
            "x": 99,
            "y": 132
          },
          {
            "x": 99,
            "y": 131
          }
        ]
      }
    },
    {
      "name": "Trousers Polygon ",
      "polygon": {
        "path": [
          {
            "x": 143.0,
            "y": 224.0
          },
          {
            "x": 141,
            "y": 224.0
          },
          {
            "x": 140.0,
            "y": 225
          },
          {
            "x": 132,
            "y": 225
          },
          {
            "x": 131.0,
            "y": 226
          },
          {
            "x": 125.0,
            "y": 226
          },
          {
            "x": 124.0,
            "y": 227.0
          },
          {
            "x": 95.0,
            "y": 227.0
          },
          {
            "x": 94.0,
            "y": 228
          },
          {
            "x": 86,
            "y": 228
          },
          {
            "x": 86,
            "y": 229
          },
          {
            "x": 84.0,
            "y": 231
          },
          {
            "x": 84.0,
            "y": 234
          },
          {
            "x": 83,
            "y": 235
          },
          {
            "x": 83,
            "y": 237
          },
          {
            "x": 84.0,
            "y": 238
          },
          {
            "x": 84.0,
            "y": 243
          },
          {
            "x": 85.0,
            "y": 244
          },
          {
            "x": 85.0,
            "y": 254.0
          },
          {
            "x": 86,
            "y": 255.0
          },
          {
            "x": 86,
            "y": 265
          },
          {
            "x": 87.0,
            "y": 266
          },
          {
            "x": 87.0,
            "y": 272
          },
          {
            "x": 88.0,
            "y": 273
          },
          {
            "x": 88.0,
            "y": 280
          },
          {
            "x": 89,
            "y": 281
          },
          {
            "x": 89,
            "y": 287
          },
          {
            "x": 90.0,
            "y": 288
          },
          {
            "x": 90.0,
            "y": 312
          },
          {
            "x": 91.0,
            "y": 313
          },
          {
            "x": 91.0,
            "y": 324
          },
          {
            "x": 92.0,
            "y": 325
          },
          {
            "x": 92.0,
            "y": 332
          },
          {
            "x": 93.0,
            "y": 333
          },
          {
            "x": 93.0,
            "y": 338
          },
          {
            "x": 94.0,
            "y": 339
          },
          {
            "x": 94.0,
            "y": 341
          },
          {
            "x": 93.0,
            "y": 342
          },
          {
            "x": 93.0,
            "y": 344
          },
          {
            "x": 92.0,
            "y": 345
          },
          {
            "x": 92.0,
            "y": 350
          },
          {
            "x": 93.0,
            "y": 351
          },
          {
            "x": 93.0,
            "y": 354
          },
          {
            "x": 94.0,
            "y": 355
          },
          {
            "x": 94.0,
            "y": 356
          },
          {
            "x": 108,
            "y": 356
          },
          {
            "x": 110.0,
            "y": 354
          },
          {
            "x": 110.0,
            "y": 353
          },
          {
            "x": 111,
            "y": 352
          },
          {
            "x": 111,
            "y": 334
          },
          {
            "x": 110.0,
            "y": 333
          },
          {
            "x": 110.0,
            "y": 329
          },
          {
            "x": 109.0,
            "y": 328
          },
          {
            "x": 109.0,
            "y": 322
          },
          {
            "x": 110.0,
            "y": 321
          },
          {
            "x": 110.0,
            "y": 308
          },
          {
            "x": 109.0,
            "y": 307
          },
          {
            "x": 109.0,
            "y": 305
          },
          {
            "x": 108,
            "y": 304
          },
          {
            "x": 108,
            "y": 302
          },
          {
            "x": 109.0,
            "y": 301
          },
          {
            "x": 109.0,
            "y": 298
          },
          {
            "x": 110.0,
            "y": 297
          },
          {
            "x": 110.0,
            "y": 289
          },
          {
            "x": 111,
            "y": 288
          },
          {
            "x": 111,
            "y": 277
          },
          {
            "x": 112.0,
            "y": 276
          },
          {
            "x": 112.0,
            "y": 270
          },
          {
            "x": 113.0,
            "y": 269
          },
          {
            "x": 113.0,
            "y": 267
          },
          {
            "x": 114,
            "y": 266
          },
          {
            "x": 115.0,
            "y": 266
          },
          {
            "x": 116.0,
            "y": 267
          },
          {
            "x": 116.0,
            "y": 271
          },
          {
            "x": 117,
            "y": 272
          },
          {
            "x": 117,
            "y": 273
          },
          {
            "x": 118.0,
            "y": 274
          },
          {
            "x": 118.0,
            "y": 277
          },
          {
            "x": 119.0,
            "y": 278
          },
          {
            "x": 119.0,
            "y": 287
          },
          {
            "x": 120,
            "y": 288
          },
          {
            "x": 120,
            "y": 296
          },
          {
            "x": 121.0,
            "y": 297
          },
          {
            "x": 121.0,
            "y": 306
          },
          {
            "x": 120,
            "y": 307
          },
          {
            "x": 120,
            "y": 310
          },
          {
            "x": 119.0,
            "y": 311
          },
          {
            "x": 119.0,
            "y": 312
          },
          {
            "x": 120,
            "y": 313
          },
          {
            "x": 120,
            "y": 327
          },
          {
            "x": 119.0,
            "y": 328
          },
          {
            "x": 119.0,
            "y": 332
          },
          {
            "x": 118.0,
            "y": 333
          },
          {
            "x": 118.0,
            "y": 352
          },
          {
            "x": 119.0,
            "y": 353
          },
          {
            "x": 119.0,
            "y": 355
          },
          {
            "x": 121.0,
            "y": 357
          },
          {
            "x": 123,
            "y": 357
          },
          {
            "x": 124.0,
            "y": 356
          },
          {
            "x": 132,
            "y": 356
          },
          {
            "x": 133,
            "y": 355
          },
          {
            "x": 134.0,
            "y": 355
          },
          {
            "x": 135,
            "y": 354
          },
          {
            "x": 135,
            "y": 353
          },
          {
            "x": 136,
            "y": 352
          },
          {
            "x": 136,
            "y": 349
          },
          {
            "x": 137.0,
            "y": 348
          },
          {
            "x": 137.0,
            "y": 341
          },
          {
            "x": 136,
            "y": 340
          },
          {
            "x": 136,
            "y": 334
          },
          {
            "x": 137.0,
            "y": 333
          },
          {
            "x": 137.0,
            "y": 332
          },
          {
            "x": 138,
            "y": 331
          },
          {
            "x": 138,
            "y": 328
          },
          {
            "x": 137.0,
            "y": 327
          },
          {
            "x": 137.0,
            "y": 324
          },
          {
            "x": 136,
            "y": 323
          },
          {
            "x": 136,
            "y": 309
          },
          {
            "x": 137.0,
            "y": 308
          },
          {
            "x": 137.0,
            "y": 301
          },
          {
            "x": 136,
            "y": 300
          },
          {
            "x": 136,
            "y": 299
          },
          {
            "x": 137.0,
            "y": 298
          },
          {
            "x": 137.0,
            "y": 286
          },
          {
            "x": 138,
            "y": 285
          },
          {
            "x": 138,
            "y": 260
          },
          {
            "x": 139,
            "y": 259
          },
          {
            "x": 139,
            "y": 258
          },
          {
            "x": 140.0,
            "y": 257
          },
          {
            "x": 140.0,
            "y": 256
          },
          {
            "x": 141,
            "y": 255.0
          },
          {
            "x": 141,
            "y": 253
          },
          {
            "x": 142,
            "y": 252.0
          },
          {
            "x": 142,
            "y": 250
          },
          {
            "x": 143.0,
            "y": 249
          },
          {
            "x": 143.0,
            "y": 248.0
          },
          {
            "x": 144.0,
            "y": 247
          },
          {
            "x": 144.0,
            "y": 245.0
          },
          {
            "x": 145,
            "y": 244
          },
          {
            "x": 145,
            "y": 234
          },
          {
            "x": 144.0,
            "y": 233.0
          },
          {
            "x": 144.0,
            "y": 226
          },
          {
            "x": 143.0,
            "y": 225
          }
        ]
      }
    },
    {
      "name": "Shoes Polygon ",
      "polygon": {
        "path": [
          {
            "x": 121,
            "y": 355
          },
          {
            "x": 121,
            "y": 360
          },
          {
            "x": 122,
            "y": 361
          },
          {
            "x": 122,
            "y": 366
          },
          {
            "x": 123,
            "y": 367
          },
          {
            "x": 124,
            "y": 367
          },
          {
            "x": 125,
            "y": 368
          },
          {
            "x": 126,
            "y": 368
          },
          {
            "x": 127,
            "y": 369.0
          },
          {
            "x": 127,
            "y": 370
          },
          {
            "x": 126,
            "y": 371
          },
          {
            "x": 128,
            "y": 371
          },
          {
            "x": 130,
            "y": 373.0
          },
          {
            "x": 130,
            "y": 374
          },
          {
            "x": 131,
            "y": 374
          },
          {
            "x": 132,
            "y": 375
          },
          {
            "x": 135,
            "y": 375
          },
          {
            "x": 136,
            "y": 376
          },
          {
            "x": 142,
            "y": 376
          },
          {
            "x": 143,
            "y": 375
          },
          {
            "x": 144,
            "y": 375
          },
          {
            "x": 144,
            "y": 371
          },
          {
            "x": 143,
            "y": 370
          },
          {
            "x": 143,
            "y": 369.0
          },
          {
            "x": 142,
            "y": 368
          },
          {
            "x": 142,
            "y": 367
          },
          {
            "x": 140,
            "y": 365
          },
          {
            "x": 140,
            "y": 364
          },
          {
            "x": 137,
            "y": 361
          },
          {
            "x": 137,
            "y": 360
          },
          {
            "x": 135,
            "y": 358
          },
          {
            "x": 135,
            "y": 356
          },
          {
            "x": 134,
            "y": 357
          },
          {
            "x": 131,
            "y": 357
          },
          {
            "x": 130,
            "y": 356
          },
          {
            "x": 129,
            "y": 356
          },
          {
            "x": 127,
            "y": 358
          },
          {
            "x": 124,
            "y": 358
          },
          {
            "x": 123,
            "y": 357
          },
          {
            "x": 123,
            "y": 356
          },
          {
            "x": 122,
            "y": 356
          }
        ]
      }
    },
    {
      "name": "Shoes Polygon ",
      "polygon": {
        "path": [
          {
            "x": 108.0,
            "y": 357
          },
          {
            "x": 107.0,
            "y": 357
          },
          {
            "x": 106.0,
            "y": 358
          },
          {
            "x": 104.0,
            "y": 358
          },
          {
            "x": 103.0,
            "y": 357
          },
          {
            "x": 96,
            "y": 357
          },
          {
            "x": 93,
            "y": 360
          },
          {
            "x": 93,
            "y": 361
          },
          {
            "x": 90,
            "y": 364
          },
          {
            "x": 90,
            "y": 365
          },
          {
            "x": 89,
            "y": 366
          },
          {
            "x": 89,
            "y": 370
          },
          {
            "x": 88,
            "y": 371
          },
          {
            "x": 89,
            "y": 372
          },
          {
            "x": 89,
            "y": 375
          },
          {
            "x": 90,
            "y": 376
          },
          {
            "x": 97,
            "y": 376
          },
          {
            "x": 98,
            "y": 375
          },
          {
            "x": 100,
            "y": 375
          },
          {
            "x": 102,
            "y": 373.0
          },
          {
            "x": 102,
            "y": 372
          },
          {
            "x": 103.0,
            "y": 371
          },
          {
            "x": 103.0,
            "y": 368
          },
          {
            "x": 104.0,
            "y": 367
          },
          {
            "x": 105.0,
            "y": 367
          },
          {
            "x": 108.0,
            "y": 364
          }
        ]
      }
    }
  ]
}