{
  "image": {
    "width": 266,
    "height": 400,
    "filename": "00000065.jpg",
    "original_filename": "000305.jpg",
    "url": "https://darwin.v7labs.com/api/images/1212207/original?token=16d6037d-33e8-4c8d-8cb7-761abbebab61",
    "thumbnail_url": "https://darwin.v7labs.com/api/images/1212207/thumbnail?token=16d6037d-33e8-4c8d-8cb7-761abbebab61",
    "workview_url": "https://darwin.v7labs.com/workview?dataset=1176&image=65"
  },
  "dataset": "Fashion_2",
  "annotated": true,
  "annotations": [
    {
      "name": "Sarafan Polygon ",
      "polygon": {
        "path": [
          {
            "x": 166.19,
            "y": 125.89
          },
          {
            "x": 164.25,
            "y": 124.67
          },
          {
            "x": 162.0,
            "y": 129
          },
          {
            "x": 161.58,
            "y": 130.28
          },
          {
            "x": 160.0,
            "y": 132
          },
          {
            "x": 160.0,
            "y": 133
          },
          {
            "x": 158,
            "y": 135
          },
          {
            "x": 158,
            "y": 136
          },
          {
            "x": 155,
            "y": 139
          },
          {
            "x": 153,
            "y": 139
          },
          {
            "x": 152.0,
            "y": 140
          },
          {
            "x": 147.14,
            "y": 140.83
          },
          {
            "x": 142.95,
            "y": 141
          },
          {
            "x": 135,
            "y": 141
          },
          {
            "x": 128.31,
            "y": 141.58
          },
          {
            "x": 127.17,
            "y": 139.92
          },
          {
            "x": 126.17,
            "y": 128.1
          },
          {
            "x": 123.72,
            "y": 128.23
          },
          {
            "x": 124,
            "y": 142
          },
          {
            "x": 123,
            "y": 143
          },
          {
            "x": 121,
            "y": 143
          },
          {
            "x": 120.0,
            "y": 144
          },
          {
            "x": 119.0,
            "y": 144
          },
          {
            "x": 118.0,
            "y": 145
          },
          {
            "x": 116.0,
            "y": 145
          },
          {
            "x": 115.0,
            "y": 146
          },
          {
            "x": 113,
            "y": 146
          },
          {
            "x": 113,
            "y": 147
          },
          {
            "x": 112,
            "y": 148
          },
          {
            "x": 112,
            "y": 155
          },
          {
            "x": 113,
            "y": 156
          },
          {
            "x": 113,
            "y": 173
          },
          {
            "x": 112,
            "y": 174
          },
          {
            "x": 112,
            "y": 178
          },
          {
            "x": 111,
            "y": 179
          },
          {
            "x": 111,
            "y": 182
          },
          {
            "x": 110,
            "y": 183
          },
          {
            "x": 110,
            "y": 188
          },
          {
            "x": 109.0,
            "y": 189
          },
          {
            "x": 109.0,
            "y": 191
          },
          {
            "x": 108.0,
            "y": 192
          },
          {
            "x": 108.0,
            "y": 194
          },
          {
            "x": 107,
            "y": 195.0
          },
          {
            "x": 107,
            "y": 199
          },
          {
            "x": 106,
            "y": 200
          },
          {
            "x": 106,
            "y": 203
          },
          {
            "x": 105,
            "y": 204
          },
          {
            "x": 105,
            "y": 207.0
          },
          {
            "x": 104,
            "y": 208
          },
          {
            "x": 104,
            "y": 214
          },
          {
            "x": 103.0,
            "y": 215
          },
          {
            "x": 103.0,
            "y": 217.0
          },
          {
            "x": 102,
            "y": 218.0
          },
          {
            "x": 102,
            "y": 222
          },
          {
            "x": 101,
            "y": 223
          },
          {
            "x": 101,
            "y": 227.0
          },
          {
            "x": 100,
            "y": 228.0
          },
          {
            "x": 100,
            "y": 232
          },
          {
            "x": 99,
            "y": 233
          },
          {
            "x": 99,
            "y": 246
          },
          {
            "x": 98.0,
            "y": 247
          },
          {
            "x": 98.0,
            "y": 249.0
          },
          {
            "x": 97.0,
            "y": 250.0
          },
          {
            "x": 97.0,
            "y": 251.0
          },
          {
            "x": 96,
            "y": 252.0
          },
          {
            "x": 96,
            "y": 257
          },
          {
            "x": 95,
            "y": 258
          },
          {
            "x": 95,
            "y": 260
          },
          {
            "x": 94,
            "y": 261
          },
          {
            "x": 94,
            "y": 263
          },
          {
            "x": 93.0,
            "y": 264
          },
          {
            "x": 93.0,
            "y": 268
          },
          {
            "x": 92.0,
            "y": 269
          },
          {
            "x": 92.0,
            "y": 273
          },
          {
            "x": 91.0,
            "y": 274
          },
          {
            "x": 91.0,
            "y": 277
          },
          {
            "x": 90,
            "y": 278.0
          },
          {
            "x": 90,
            "y": 282.0
          },
          {
            "x": 89,
            "y": 283
          },
          {
            "x": 89,
            "y": 285.0
          },
          {
            "x": 88,
            "y": 286
          },
          {
            "x": 88,
            "y": 291.0
          },
          {
            "x": 87.0,
            "y": 292
          },
          {
            "x": 87.0,
            "y": 295
          },
          {
            "x": 86.0,
            "y": 296.0
          },
          {
            "x": 86.0,
            "y": 299
          },
          {
            "x": 85.0,
            "y": 300.0
          },
          {
            "x": 85.0,
            "y": 301
          },
          {
            "x": 86.0,
            "y": 302.0
          },
          {
            "x": 86.0,
            "y": 304.0
          },
          {
            "x": 88,
            "y": 306
          },
          {
            "x": 88,
            "y": 307.0
          },
          {
            "x": 89,
            "y": 308
          },
          {
            "x": 90,
            "y": 308
          },
          {
            "x": 91.0,
            "y": 309.0
          },
          {
            "x": 92.0,
            "y": 309.0
          },
          {
            "x": 93.0,
            "y": 310
          },
          {
            "x": 97.0,
            "y": 310
          },
          {
            "x": 98.0,
            "y": 311.0
          },
          {
            "x": 99,
            "y": 311.0
          },
          {
            "x": 100,
            "y": 312
          },
          {
            "x": 102,
            "y": 312
          },
          {
            "x": 103.0,
            "y": 313.0
          },
          {
            "x": 110,
            "y": 313.0
          },
          {
            "x": 111,
            "y": 314
          },
          {
            "x": 119.0,
            "y": 314
          },
          {
            "x": 120.0,
            "y": 313.0
          },
          {
            "x": 137,
            "y": 313.0
          },
          {
            "x": 138.0,
            "y": 314
          },
          {
            "x": 144,
            "y": 314
          },
          {
            "x": 145,
            "y": 315.0
          },
          {
            "x": 152.0,
            "y": 315.0
          },
          {
            "x": 153,
            "y": 316
          },
          {
            "x": 160.0,
            "y": 316
          },
          {
            "x": 161.0,
            "y": 315.0
          },
          {
            "x": 167,
            "y": 315.0
          },
          {
            "x": 168,
            "y": 314
          },
          {
            "x": 171.0,
            "y": 314
          },
          {
            "x": 172.0,
            "y": 313.0
          },
          {
            "x": 174.0,
            "y": 313.0
          },
          {
            "x": 177,
            "y": 310
          },
          {
            "x": 177,
            "y": 298.0
          },
          {
            "x": 176,
            "y": 297
          },
          {
            "x": 176,
            "y": 291.0
          },
          {
            "x": 175,
            "y": 290
          },
          {
            "x": 175,
            "y": 282.0
          },
          {
            "x": 174.0,
            "y": 281
          },
          {
            "x": 174.0,
            "y": 258
          },
          {
            "x": 173.0,
            "y": 257
          },
          {
            "x": 169,
            "y": 257
          },
          {
            "x": 168,
            "y": 256
          },
          {
            "x": 168,
            "y": 236
          },
          {
            "x": 169,
            "y": 235
          },
          {
            "x": 169,
            "y": 234
          },
          {
            "x": 171.0,
            "y": 232
          },
          {
            "x": 171.0,
            "y": 227.0
          },
          {
            "x": 170,
            "y": 226
          },
          {
            "x": 170,
            "y": 224
          },
          {
            "x": 169,
            "y": 223
          },
          {
            "x": 169,
            "y": 214
          },
          {
            "x": 168,
            "y": 213
          },
          {
            "x": 168,
            "y": 205.0
          },
          {
            "x": 167,
            "y": 204
          },
          {
            "x": 167,
            "y": 200
          },
          {
            "x": 166,
            "y": 199
          },
          {
            "x": 166,
            "y": 193
          },
          {
            "x": 165,
            "y": 192
          },
          {
            "x": 165,
            "y": 172
          },
          {
            "x": 166,
            "y": 171
          },
          {
            "x": 166,
            "y": 170
          },
          {
            "x": 167,
            "y": 169
          },
          {
            "x": 167,
            "y": 163
          },
          {
            "x": 168,
            "y": 162
          },
          {
            "x": 168,
            "y": 147
          },
          {
            "x": 167,
            "y": 146
          },
          {
            "x": 167,
            "y": 145
          },
          {
            "x": 166,
            "y": 145
          },
          {
            "x": 164,
            "y": 143
          },
          {
            "x": 163.0,
            "y": 143
          },
          {
            "x": 162.0,
            "y": 142
          },
          {
            "x": 161.0,
            "y": 142
          },
          {
            "x": 159,
            "y": 140
          },
          {
            "x": 159,
            "y": 137
          },
          {
            "x": 160.0,
            "y": 136
          },
          {
            "x": 160.0,
            "y": 135
          },
          {
            "x": 161.0,
            "y": 134
          },
          {
            "x": 161.0,
            "y": 133
          },
          {
            "x": 164.94,
            "y": 128.5
          }
        ]
      }
    }
  ]
}