{
  "image": {
    "width": 267,
    "height": 400,
    "filename": "00000757.jpg",
    "original_filename": "000157.jpg",
    "url": "https://darwin.v7labs.com/api/images/1212068/original?token=5cea58b9-0f48-4f62-9905-01f97ea9945c",
    "thumbnail_url": "https://darwin.v7labs.com/api/images/1212068/thumbnail?token=5cea58b9-0f48-4f62-9905-01f97ea9945c",
    "workview_url": "https://darwin.v7labs.com/workview?dataset=1161&image=757"
  },
  "dataset": "Fashion retail",
  "annotated": true,
  "annotations": [
    {
      "name": "Dress Polygon ",
      "polygon": {
        "path": [
          {
            "x": 106.0,
            "y": 119
          },
          {
            "x": 103.0,
            "y": 122
          },
          {
            "x": 103.0,
            "y": 124
          },
          {
            "x": 102.0,
            "y": 125
          },
          {
            "x": 102.0,
            "y": 126
          },
          {
            "x": 101.0,
            "y": 127
          },
          {
            "x": 101.0,
            "y": 128
          },
          {
            "x": 100,
            "y": 129
          },
          {
            "x": 100,
            "y": 130
          },
          {
            "x": 98.0,
            "y": 132
          },
          {
            "x": 98.0,
            "y": 133
          },
          {
            "x": 96,
            "y": 135
          },
          {
            "x": 96,
            "y": 136
          },
          {
            "x": 93.0,
            "y": 139
          },
          {
            "x": 93.0,
            "y": 141
          },
          {
            "x": 94.0,
            "y": 142
          },
          {
            "x": 94.0,
            "y": 143
          },
          {
            "x": 95.0,
            "y": 144
          },
          {
            "x": 95.0,
            "y": 147
          },
          {
            "x": 96,
            "y": 148
          },
          {
            "x": 96,
            "y": 149
          },
          {
            "x": 98.0,
            "y": 151.0
          },
          {
            "x": 98.0,
            "y": 152
          },
          {
            "x": 102.0,
            "y": 156
          },
          {
            "x": 102.0,
            "y": 157.0
          },
          {
            "x": 103.0,
            "y": 158
          },
          {
            "x": 103.0,
            "y": 159
          },
          {
            "x": 104,
            "y": 160
          },
          {
            "x": 104,
            "y": 164
          },
          {
            "x": 103.0,
            "y": 165
          },
          {
            "x": 103.0,
            "y": 173
          },
          {
            "x": 102.0,
            "y": 174
          },
          {
            "x": 102.0,
            "y": 178.0
          },
          {
            "x": 103.0,
            "y": 179
          },
          {
            "x": 103.0,
            "y": 183
          },
          {
            "x": 104,
            "y": 184
          },
          {
            "x": 104,
            "y": 186
          },
          {
            "x": 105.0,
            "y": 186
          },
          {
            "x": 107.0,
            "y": 188
          },
          {
            "x": 107.0,
            "y": 189
          },
          {
            "x": 108,
            "y": 190
          },
          {
            "x": 108,
            "y": 191
          },
          {
            "x": 109.0,
            "y": 192
          },
          {
            "x": 110.0,
            "y": 192
          },
          {
            "x": 111.0,
            "y": 193
          },
          {
            "x": 111.0,
            "y": 194
          },
          {
            "x": 112,
            "y": 195
          },
          {
            "x": 112,
            "y": 203.0
          },
          {
            "x": 113.0,
            "y": 204
          },
          {
            "x": 113.0,
            "y": 217
          },
          {
            "x": 114.0,
            "y": 218
          },
          {
            "x": 114.0,
            "y": 219
          },
          {
            "x": 115.0,
            "y": 220
          },
          {
            "x": 115.0,
            "y": 223
          },
          {
            "x": 114.0,
            "y": 224
          },
          {
            "x": 114.0,
            "y": 229
          },
          {
            "x": 113.0,
            "y": 230.0
          },
          {
            "x": 113.0,
            "y": 244
          },
          {
            "x": 114.0,
            "y": 244
          },
          {
            "x": 117,
            "y": 241
          },
          {
            "x": 129,
            "y": 241
          },
          {
            "x": 130.0,
            "y": 242
          },
          {
            "x": 132.0,
            "y": 242
          },
          {
            "x": 133,
            "y": 243
          },
          {
            "x": 134,
            "y": 243
          },
          {
            "x": 139.0,
            "y": 248
          },
          {
            "x": 140.0,
            "y": 248
          },
          {
            "x": 141,
            "y": 249
          },
          {
            "x": 145,
            "y": 249
          },
          {
            "x": 146,
            "y": 248
          },
          {
            "x": 146,
            "y": 247
          },
          {
            "x": 149,
            "y": 244
          },
          {
            "x": 159,
            "y": 244
          },
          {
            "x": 160.0,
            "y": 245
          },
          {
            "x": 163,
            "y": 245
          },
          {
            "x": 164.0,
            "y": 246
          },
          {
            "x": 165.0,
            "y": 246
          },
          {
            "x": 166,
            "y": 247
          },
          {
            "x": 171,
            "y": 247
          },
          {
            "x": 172.0,
            "y": 246
          },
          {
            "x": 175,
            "y": 246
          },
          {
            "x": 176.0,
            "y": 245
          },
          {
            "x": 176.0,
            "y": 242
          },
          {
            "x": 175,
            "y": 241
          },
          {
            "x": 175,
            "y": 237
          },
          {
            "x": 174,
            "y": 236
          },
          {
            "x": 174,
            "y": 228.0
          },
          {
            "x": 173.0,
            "y": 227
          },
          {
            "x": 173.0,
            "y": 216
          },
          {
            "x": 172.0,
            "y": 215
          },
          {
            "x": 172.0,
            "y": 211
          },
          {
            "x": 174,
            "y": 209
          },
          {
            "x": 176.0,
            "y": 209
          },
          {
            "x": 177.0,
            "y": 208
          },
          {
            "x": 177.0,
            "y": 205.0
          },
          {
            "x": 175,
            "y": 203.0
          },
          {
            "x": 173.0,
            "y": 203.0
          },
          {
            "x": 172.0,
            "y": 204
          },
          {
            "x": 170,
            "y": 204
          },
          {
            "x": 169.0,
            "y": 203.0
          },
          {
            "x": 169.0,
            "y": 201
          },
          {
            "x": 170,
            "y": 200
          },
          {
            "x": 170,
            "y": 198
          },
          {
            "x": 172.0,
            "y": 196
          },
          {
            "x": 173.0,
            "y": 196
          },
          {
            "x": 174,
            "y": 195
          },
          {
            "x": 174,
            "y": 193
          },
          {
            "x": 171,
            "y": 190
          },
          {
            "x": 171,
            "y": 189
          },
          {
            "x": 170,
            "y": 188
          },
          {
            "x": 170,
            "y": 180.0
          },
          {
            "x": 169.0,
            "y": 179
          },
          {
            "x": 169.0,
            "y": 163
          },
          {
            "x": 170,
            "y": 162
          },
          {
            "x": 170,
            "y": 149
          },
          {
            "x": 171,
            "y": 148
          },
          {
            "x": 170,
            "y": 147
          },
          {
            "x": 170,
            "y": 144
          },
          {
            "x": 168.0,
            "y": 142
          },
          {
            "x": 165.0,
            "y": 142
          },
          {
            "x": 164.0,
            "y": 141
          },
          {
            "x": 162,
            "y": 141
          },
          {
            "x": 158,
            "y": 137
          },
          {
            "x": 158,
            "y": 136
          },
          {
            "x": 157.0,
            "y": 135
          },
          {
            "x": 157.0,
            "y": 133
          },
          {
            "x": 156.0,
            "y": 132
          },
          {
            "x": 156.0,
            "y": 123
          },
          {
            "x": 157.0,
            "y": 122
          },
          {
            "x": 157.0,
            "y": 121
          },
          {
            "x": 160.0,
            "y": 118
          },
          {
            "x": 159,
            "y": 118
          },
          {
            "x": 158,
            "y": 117
          },
          {
            "x": 154,
            "y": 117
          },
          {
            "x": 153.0,
            "y": 116.0
          },
          {
            "x": 148.0,
            "y": 116.0
          },
          {
            "x": 146,
            "y": 118
          },
          {
            "x": 146,
            "y": 119
          },
          {
            "x": 148.0,
            "y": 121
          },
          {
            "x": 148.0,
            "y": 125
          },
          {
            "x": 147.0,
            "y": 126
          },
          {
            "x": 147.0,
            "y": 127
          },
          {
            "x": 145,
            "y": 129
          },
          {
            "x": 145,
            "y": 130
          },
          {
            "x": 144.0,
            "y": 131
          },
          {
            "x": 144.0,
            "y": 132
          },
          {
            "x": 142,
            "y": 134
          },
          {
            "x": 142,
            "y": 139
          },
          {
            "x": 143.0,
            "y": 140
          },
          {
            "x": 143.0,
            "y": 141
          },
          {
            "x": 145,
            "y": 143
          },
          {
            "x": 145,
            "y": 144
          },
          {
            "x": 147.0,
            "y": 146
          },
          {
            "x": 147.0,
            "y": 147
          },
          {
            "x": 150,
            "y": 150
          },
          {
            "x": 150,
            "y": 151.0
          },
          {
            "x": 152.0,
            "y": 153.0
          },
          {
            "x": 152.0,
            "y": 154
          },
          {
            "x": 161.0,
            "y": 163
          },
          {
            "x": 161.0,
            "y": 164
          },
          {
            "x": 162,
            "y": 165
          },
          {
            "x": 162,
            "y": 166
          },
          {
            "x": 163,
            "y": 167
          },
          {
            "x": 163,
            "y": 168
          },
          {
            "x": 165.0,
            "y": 170
          },
          {
            "x": 165.0,
            "y": 171
          },
          {
            "x": 166,
            "y": 172
          },
          {
            "x": 166,
            "y": 174
          },
          {
            "x": 165.0,
            "y": 175
          },
          {
            "x": 165.0,
            "y": 176.0
          },
          {
            "x": 161.0,
            "y": 180.0
          },
          {
            "x": 158,
            "y": 180.0
          },
          {
            "x": 153.0,
            "y": 175
          },
          {
            "x": 153.0,
            "y": 174
          },
          {
            "x": 150,
            "y": 171
          },
          {
            "x": 150,
            "y": 170
          },
          {
            "x": 147.0,
            "y": 167
          },
          {
            "x": 147.0,
            "y": 166
          },
          {
            "x": 145,
            "y": 164
          },
          {
            "x": 145,
            "y": 163
          },
          {
            "x": 144.0,
            "y": 162
          },
          {
            "x": 144.0,
            "y": 161
          },
          {
            "x": 143.0,
            "y": 160
          },
          {
            "x": 143.0,
            "y": 159
          },
          {
            "x": 141,
            "y": 157.0
          },
          {
            "x": 141,
            "y": 156
          },
          {
            "x": 140.0,
            "y": 155.0
          },
          {
            "x": 140.0,
            "y": 154
          },
          {
            "x": 136.0,
            "y": 150
          },
          {
            "x": 136.0,
            "y": 148
          },
          {
            "x": 135.0,
            "y": 147
          },
          {
            "x": 135.0,
            "y": 145
          },
          {
            "x": 134,
            "y": 144
          },
          {
            "x": 134,
            "y": 143
          },
          {
            "x": 132.0,
            "y": 141
          },
          {
            "x": 132.0,
            "y": 139
          },
          {
            "x": 131.0,
            "y": 138
          },
          {
            "x": 131.0,
            "y": 129
          },
          {
            "x": 132.0,
            "y": 128
          },
          {
            "x": 132.0,
            "y": 126
          },
          {
            "x": 134,
            "y": 124
          },
          {
            "x": 134,
            "y": 122
          },
          {
            "x": 131.0,
            "y": 119
          },
          {
            "x": 131.0,
            "y": 118
          },
          {
            "x": 127.0,
            "y": 114.0
          },
          {
            "x": 120.0,
            "y": 114.0
          },
          {
            "x": 119.0,
            "y": 115.0
          },
          {
            "x": 117,
            "y": 115.0
          },
          {
            "x": 116.0,
            "y": 116.0
          },
          {
            "x": 113.0,
            "y": 116.0
          },
          {
            "x": 112,
            "y": 117
          },
          {
            "x": 111.0,
            "y": 117
          },
          {
            "x": 110.0,
            "y": 118
          },
          {
            "x": 108,
            "y": 118
          },
          {
            "x": 107.0,
            "y": 119
          }
        ]
      }
    }
  ]
}