{
  "image": {
    "width": 266,
    "height": 400,
    "filename": "00000118.jpg",
    "original_filename": "000358.jpg",
    "url": "https://darwin.v7labs.com/api/images/1212260/original?token=16d6037d-33e8-4c8d-8cb7-761abbebab61",
    "thumbnail_url": "https://darwin.v7labs.com/api/images/1212260/thumbnail?token=16d6037d-33e8-4c8d-8cb7-761abbebab61",
    "workview_url": "https://darwin.v7labs.com/workview?dataset=1176&image=118"
  },
  "dataset": "Fashion_2",
  "annotated": true,
  "annotations": [
    {
      "bounding_box": {
        "h": 129.18,
        "w": 90.65,
        "x": 81.96,
        "y": 90.82
      },
      "name": "Coat "
    },
    {
      "bounding_box": {
        "h": 47.85,
        "w": 49.49,
        "x": 97.98,
        "y": 345.43
      },
      "name": "Shoes "
    }
  ]
}