{
  "image": {
    "width": 266,
    "height": 400,
    "filename": "00000197.jpg",
    "original_filename": "000437.jpg",
    "url": "https://darwin.v7labs.com/api/images/1212339/original?token=16d6037d-33e8-4c8d-8cb7-761abbebab61",
    "thumbnail_url": "https://darwin.v7labs.com/api/images/1212339/thumbnail?token=16d6037d-33e8-4c8d-8cb7-761abbebab61",
    "workview_url": "https://darwin.v7labs.com/workview?dataset=1176&image=197"
  },
  "dataset": "Fashion_2",
  "annotated": true,
  "annotations": [
    {
      "name": "Coat Polygon ",
      "polygon": {
        "path": [
          {
            "x": 123,
            "y": 126
          },
          {
            "x": 122.0,
            "y": 127
          },
          {
            "x": 121,
            "y": 127
          },
          {
            "x": 120.0,
            "y": 128
          },
          {
            "x": 119.0,
            "y": 128
          },
          {
            "x": 115.0,
            "y": 132
          },
          {
            "x": 115.0,
            "y": 133
          },
          {
            "x": 114,
            "y": 134
          },
          {
            "x": 114,
            "y": 135
          },
          {
            "x": 113,
            "y": 136
          },
          {
            "x": 113,
            "y": 138
          },
          {
            "x": 112.0,
            "y": 139
          },
          {
            "x": 112.0,
            "y": 142
          },
          {
            "x": 111,
            "y": 143
          },
          {
            "x": 111,
            "y": 144
          },
          {
            "x": 110.0,
            "y": 145
          },
          {
            "x": 110.0,
            "y": 148
          },
          {
            "x": 109,
            "y": 149
          },
          {
            "x": 109,
            "y": 150
          },
          {
            "x": 108.0,
            "y": 151.0
          },
          {
            "x": 108.0,
            "y": 153
          },
          {
            "x": 107.0,
            "y": 154
          },
          {
            "x": 107.0,
            "y": 155
          },
          {
            "x": 106,
            "y": 156
          },
          {
            "x": 106,
            "y": 157
          },
          {
            "x": 105.0,
            "y": 158
          },
          {
            "x": 105.0,
            "y": 161
          },
          {
            "x": 104,
            "y": 162
          },
          {
            "x": 104,
            "y": 173
          },
          {
            "x": 105.0,
            "y": 174
          },
          {
            "x": 105.0,
            "y": 177.0
          },
          {
            "x": 107.0,
            "y": 177.0
          },
          {
            "x": 109,
            "y": 179
          },
          {
            "x": 108.0,
            "y": 180.0
          },
          {
            "x": 109,
            "y": 181.0
          },
          {
            "x": 109,
            "y": 182.0
          },
          {
            "x": 111,
            "y": 182.0
          },
          {
            "x": 113,
            "y": 184
          },
          {
            "x": 114,
            "y": 184
          },
          {
            "x": 117.0,
            "y": 187.0
          },
          {
            "x": 117.0,
            "y": 192.0
          },
          {
            "x": 116,
            "y": 193
          },
          {
            "x": 116,
            "y": 195.0
          },
          {
            "x": 115.0,
            "y": 196.0
          },
          {
            "x": 115.0,
            "y": 199
          },
          {
            "x": 114,
            "y": 200.0
          },
          {
            "x": 114,
            "y": 202
          },
          {
            "x": 113,
            "y": 203
          },
          {
            "x": 113,
            "y": 206.0
          },
          {
            "x": 112.0,
            "y": 207
          },
          {
            "x": 112.0,
            "y": 215.0
          },
          {
            "x": 111,
            "y": 216.0
          },
          {
            "x": 111,
            "y": 222
          },
          {
            "x": 110.0,
            "y": 223
          },
          {
            "x": 110.0,
            "y": 240.0
          },
          {
            "x": 109,
            "y": 241
          },
          {
            "x": 109,
            "y": 244.0
          },
          {
            "x": 108.0,
            "y": 245.0
          },
          {
            "x": 108.0,
            "y": 252
          },
          {
            "x": 107.0,
            "y": 253.0
          },
          {
            "x": 107.0,
            "y": 264.0
          },
          {
            "x": 108.0,
            "y": 265
          },
          {
            "x": 108.0,
            "y": 266
          },
          {
            "x": 110.0,
            "y": 268.0
          },
          {
            "x": 111,
            "y": 268.0
          },
          {
            "x": 112.0,
            "y": 269.0
          },
          {
            "x": 113,
            "y": 269.0
          },
          {
            "x": 114,
            "y": 270
          },
          {
            "x": 126,
            "y": 270
          },
          {
            "x": 127.0,
            "y": 269.0
          },
          {
            "x": 129.0,
            "y": 269.0
          },
          {
            "x": 130,
            "y": 268.0
          },
          {
            "x": 132.0,
            "y": 268.0
          },
          {
            "x": 133,
            "y": 267
          },
          {
            "x": 136,
            "y": 267
          },
          {
            "x": 137,
            "y": 266
          },
          {
            "x": 138,
            "y": 266
          },
          {
            "x": 139,
            "y": 265
          },
          {
            "x": 140,
            "y": 265
          },
          {
            "x": 141,
            "y": 264.0
          },
          {
            "x": 143,
            "y": 264.0
          },
          {
            "x": 144,
            "y": 263
          },
          {
            "x": 148,
            "y": 263
          },
          {
            "x": 149,
            "y": 264.0
          },
          {
            "x": 153.0,
            "y": 264.0
          },
          {
            "x": 154,
            "y": 265
          },
          {
            "x": 158.0,
            "y": 265
          },
          {
            "x": 159,
            "y": 266
          },
          {
            "x": 176.0,
            "y": 266
          },
          {
            "x": 177.0,
            "y": 265
          },
          {
            "x": 178,
            "y": 265
          },
          {
            "x": 180.0,
            "y": 263
          },
          {
            "x": 180.0,
            "y": 256
          },
          {
            "x": 179,
            "y": 255
          },
          {
            "x": 179,
            "y": 248.0
          },
          {
            "x": 178,
            "y": 247
          },
          {
            "x": 178,
            "y": 235.0
          },
          {
            "x": 177.0,
            "y": 234.0
          },
          {
            "x": 177.0,
            "y": 231
          },
          {
            "x": 178,
            "y": 230.0
          },
          {
            "x": 178,
            "y": 229.0
          },
          {
            "x": 177.0,
            "y": 228
          },
          {
            "x": 177.0,
            "y": 226
          },
          {
            "x": 176.0,
            "y": 225.0
          },
          {
            "x": 175,
            "y": 225.0
          },
          {
            "x": 169,
            "y": 219.0
          },
          {
            "x": 169,
            "y": 217
          },
          {
            "x": 168,
            "y": 216.0
          },
          {
            "x": 168,
            "y": 214.0
          },
          {
            "x": 167.0,
            "y": 213
          },
          {
            "x": 167.0,
            "y": 210.0
          },
          {
            "x": 166.0,
            "y": 209.0
          },
          {
            "x": 166.0,
            "y": 207
          },
          {
            "x": 165,
            "y": 206.0
          },
          {
            "x": 165,
            "y": 201.0
          },
          {
            "x": 164,
            "y": 200.0
          },
          {
            "x": 164,
            "y": 199
          },
          {
            "x": 165,
            "y": 198
          },
          {
            "x": 165,
            "y": 197
          },
          {
            "x": 166.0,
            "y": 196.0
          },
          {
            "x": 166.0,
            "y": 195.0
          },
          {
            "x": 168,
            "y": 193
          },
          {
            "x": 169,
            "y": 193
          },
          {
            "x": 169,
            "y": 192.0
          },
          {
            "x": 170,
            "y": 191.0
          },
          {
            "x": 171.0,
            "y": 191.0
          },
          {
            "x": 171.0,
            "y": 190.0
          },
          {
            "x": 174,
            "y": 187.0
          },
          {
            "x": 175,
            "y": 187.0
          },
          {
            "x": 175,
            "y": 186.0
          },
          {
            "x": 176.0,
            "y": 185.0
          },
          {
            "x": 176.0,
            "y": 184
          },
          {
            "x": 178,
            "y": 182.0
          },
          {
            "x": 178,
            "y": 179
          },
          {
            "x": 179,
            "y": 178
          },
          {
            "x": 179,
            "y": 176.0
          },
          {
            "x": 180.0,
            "y": 175
          },
          {
            "x": 180.0,
            "y": 171.0
          },
          {
            "x": 181.0,
            "y": 170
          },
          {
            "x": 181.0,
            "y": 142
          },
          {
            "x": 180.0,
            "y": 141
          },
          {
            "x": 180.0,
            "y": 136
          },
          {
            "x": 179,
            "y": 135
          },
          {
            "x": 179,
            "y": 134
          },
          {
            "x": 178,
            "y": 133
          },
          {
            "x": 178,
            "y": 132
          },
          {
            "x": 176.0,
            "y": 130
          },
          {
            "x": 176.0,
            "y": 129
          },
          {
            "x": 173,
            "y": 129
          },
          {
            "x": 172.0,
            "y": 130
          },
          {
            "x": 170,
            "y": 130
          },
          {
            "x": 168,
            "y": 128
          },
          {
            "x": 163.0,
            "y": 128
          },
          {
            "x": 163.0,
            "y": 129
          },
          {
            "x": 159,
            "y": 133
          },
          {
            "x": 158.0,
            "y": 133
          },
          {
            "x": 158.0,
            "y": 134
          },
          {
            "x": 154,
            "y": 138
          },
          {
            "x": 155,
            "y": 139
          },
          {
            "x": 155,
            "y": 142
          },
          {
            "x": 156.0,
            "y": 143
          },
          {
            "x": 156.0,
            "y": 151.0
          },
          {
            "x": 155,
            "y": 152
          },
          {
            "x": 155,
            "y": 158
          },
          {
            "x": 153.0,
            "y": 160
          },
          {
            "x": 151.0,
            "y": 160
          },
          {
            "x": 150,
            "y": 161
          },
          {
            "x": 148,
            "y": 161
          },
          {
            "x": 147,
            "y": 162
          },
          {
            "x": 140,
            "y": 162
          },
          {
            "x": 139,
            "y": 161
          },
          {
            "x": 138,
            "y": 161
          },
          {
            "x": 137,
            "y": 160
          },
          {
            "x": 137,
            "y": 155
          },
          {
            "x": 136,
            "y": 154
          },
          {
            "x": 136,
            "y": 150
          },
          {
            "x": 135,
            "y": 149
          },
          {
            "x": 135,
            "y": 144
          },
          {
            "x": 134.0,
            "y": 143
          },
          {
            "x": 134.0,
            "y": 137
          },
          {
            "x": 133,
            "y": 136
          },
          {
            "x": 133,
            "y": 135
          },
          {
            "x": 132.0,
            "y": 134
          },
          {
            "x": 132.0,
            "y": 133
          },
          {
            "x": 129.0,
            "y": 130
          },
          {
            "x": 129.0,
            "y": 129
          },
          {
            "x": 127.0,
            "y": 127
          },
          {
            "x": 127.0,
            "y": 126
          }
        ]
      }
    },
    {
      "bounding_box": {
        "h": 115.51,
        "w": 58.2,
        "x": 116.45,
        "y": 263.65
      },
      "name": "Trousers "
    }
  ]
}