{
  "image": {
    "width": 500,
    "height": 818,
    "filename": "00000036.jpg",
    "original_filename": "000276.jpg",
    "url": "https://darwin.v7labs.com/api/images/1212178/original?token=16d6037d-33e8-4c8d-8cb7-761abbebab61",
    "thumbnail_url": "https://darwin.v7labs.com/api/images/1212178/thumbnail?token=16d6037d-33e8-4c8d-8cb7-761abbebab61",
    "workview_url": "https://darwin.v7labs.com/workview?dataset=1176&image=36"
  },
  "dataset": "Fashion_2",
  "annotated": true,
  "annotations": [
    {
      "name": "Sarafan Polygon ",
      "polygon": {
        "path": [
          {
            "x": 355.78,
            "y": 144.82
          },
          {
            "x": 352.6,
            "y": 144.82
          },
          {
            "x": 348.17,
            "y": 144.61
          },
          {
            "x": 344.76,
            "y": 144.4
          },
          {
            "x": 340.55,
            "y": 140.78
          },
          {
            "x": 346,
            "y": 147
          },
          {
            "x": 345.0,
            "y": 147
          },
          {
            "x": 345.0,
            "y": 150
          },
          {
            "x": 344,
            "y": 151
          },
          {
            "x": 344,
            "y": 156
          },
          {
            "x": 342,
            "y": 158
          },
          {
            "x": 340.0,
            "y": 158
          },
          {
            "x": 339,
            "y": 159
          },
          {
            "x": 331,
            "y": 159
          },
          {
            "x": 330.0,
            "y": 158
          },
          {
            "x": 322.0,
            "y": 158
          },
          {
            "x": 321,
            "y": 159
          },
          {
            "x": 315,
            "y": 159
          },
          {
            "x": 315,
            "y": 160
          },
          {
            "x": 314.0,
            "y": 161
          },
          {
            "x": 302,
            "y": 161
          },
          {
            "x": 301.0,
            "y": 162
          },
          {
            "x": 288.0,
            "y": 162
          },
          {
            "x": 287,
            "y": 163
          },
          {
            "x": 282,
            "y": 163
          },
          {
            "x": 281.0,
            "y": 164
          },
          {
            "x": 277,
            "y": 164
          },
          {
            "x": 274,
            "y": 161
          },
          {
            "x": 274,
            "y": 151
          },
          {
            "x": 275.0,
            "y": 150
          },
          {
            "x": 275.0,
            "y": 149
          },
          {
            "x": 276.0,
            "y": 148
          },
          {
            "x": 276.0,
            "y": 146
          },
          {
            "x": 277,
            "y": 145
          },
          {
            "x": 278.0,
            "y": 145
          },
          {
            "x": 278.0,
            "y": 144
          },
          {
            "x": 279,
            "y": 143
          },
          {
            "x": 279,
            "y": 142
          },
          {
            "x": 281.0,
            "y": 140
          },
          {
            "x": 267,
            "y": 140
          },
          {
            "x": 266,
            "y": 141
          },
          {
            "x": 262,
            "y": 141
          },
          {
            "x": 261,
            "y": 142
          },
          {
            "x": 260.0,
            "y": 142
          },
          {
            "x": 260.0,
            "y": 143
          },
          {
            "x": 259,
            "y": 144
          },
          {
            "x": 258,
            "y": 144
          },
          {
            "x": 257.0,
            "y": 145
          },
          {
            "x": 256,
            "y": 145
          },
          {
            "x": 255.0,
            "y": 146
          },
          {
            "x": 254.0,
            "y": 146
          },
          {
            "x": 253,
            "y": 147
          },
          {
            "x": 252.0,
            "y": 147
          },
          {
            "x": 252.0,
            "y": 148
          },
          {
            "x": 251,
            "y": 149
          },
          {
            "x": 250.0,
            "y": 149
          },
          {
            "x": 249.0,
            "y": 150
          },
          {
            "x": 247.0,
            "y": 150
          },
          {
            "x": 246,
            "y": 151
          },
          {
            "x": 242.0,
            "y": 151
          },
          {
            "x": 242.0,
            "y": 152
          },
          {
            "x": 241.0,
            "y": 153
          },
          {
            "x": 239.0,
            "y": 153
          },
          {
            "x": 237.0,
            "y": 155
          },
          {
            "x": 237.0,
            "y": 156
          },
          {
            "x": 236.0,
            "y": 157
          },
          {
            "x": 235,
            "y": 157
          },
          {
            "x": 233,
            "y": 159
          },
          {
            "x": 233,
            "y": 160
          },
          {
            "x": 232.0,
            "y": 161
          },
          {
            "x": 231.0,
            "y": 161
          },
          {
            "x": 230,
            "y": 162
          },
          {
            "x": 229.0,
            "y": 162
          },
          {
            "x": 228.0,
            "y": 163
          },
          {
            "x": 227.0,
            "y": 163
          },
          {
            "x": 226.0,
            "y": 164
          },
          {
            "x": 226.0,
            "y": 165
          },
          {
            "x": 225,
            "y": 166
          },
          {
            "x": 225,
            "y": 167
          },
          {
            "x": 224.0,
            "y": 168
          },
          {
            "x": 224.0,
            "y": 169
          },
          {
            "x": 223.0,
            "y": 170
          },
          {
            "x": 222,
            "y": 170
          },
          {
            "x": 222,
            "y": 171
          },
          {
            "x": 221.0,
            "y": 172
          },
          {
            "x": 221.0,
            "y": 174
          },
          {
            "x": 220,
            "y": 175
          },
          {
            "x": 220,
            "y": 177
          },
          {
            "x": 219.0,
            "y": 178
          },
          {
            "x": 218.0,
            "y": 178
          },
          {
            "x": 218.0,
            "y": 179
          },
          {
            "x": 216.0,
            "y": 181
          },
          {
            "x": 216.0,
            "y": 183
          },
          {
            "x": 215,
            "y": 184
          },
          {
            "x": 214.0,
            "y": 184
          },
          {
            "x": 213.0,
            "y": 185
          },
          {
            "x": 213.0,
            "y": 186
          },
          {
            "x": 212,
            "y": 187
          },
          {
            "x": 212,
            "y": 188
          },
          {
            "x": 211.0,
            "y": 189
          },
          {
            "x": 210.0,
            "y": 189
          },
          {
            "x": 210.0,
            "y": 191
          },
          {
            "x": 209.0,
            "y": 192
          },
          {
            "x": 209.0,
            "y": 194
          },
          {
            "x": 208.0,
            "y": 195
          },
          {
            "x": 208.0,
            "y": 196
          },
          {
            "x": 206.0,
            "y": 198
          },
          {
            "x": 205.0,
            "y": 198
          },
          {
            "x": 205.0,
            "y": 200
          },
          {
            "x": 204,
            "y": 201.0
          },
          {
            "x": 204,
            "y": 203
          },
          {
            "x": 203.0,
            "y": 204
          },
          {
            "x": 203.0,
            "y": 207
          },
          {
            "x": 202,
            "y": 208
          },
          {
            "x": 201.0,
            "y": 208
          },
          {
            "x": 201.0,
            "y": 209.0
          },
          {
            "x": 200.0,
            "y": 210.0
          },
          {
            "x": 200.0,
            "y": 213
          },
          {
            "x": 199.0,
            "y": 214.0
          },
          {
            "x": 199.0,
            "y": 217
          },
          {
            "x": 198.0,
            "y": 218.0
          },
          {
            "x": 197,
            "y": 218.0
          },
          {
            "x": 197,
            "y": 221
          },
          {
            "x": 196,
            "y": 222
          },
          {
            "x": 196,
            "y": 228.0
          },
          {
            "x": 195,
            "y": 229
          },
          {
            "x": 195,
            "y": 234
          },
          {
            "x": 194.0,
            "y": 235
          },
          {
            "x": 193,
            "y": 235
          },
          {
            "x": 193,
            "y": 239
          },
          {
            "x": 192,
            "y": 240.0
          },
          {
            "x": 192,
            "y": 243
          },
          {
            "x": 191,
            "y": 244
          },
          {
            "x": 191,
            "y": 246
          },
          {
            "x": 190.0,
            "y": 247
          },
          {
            "x": 190.0,
            "y": 250.0
          },
          {
            "x": 189,
            "y": 251
          },
          {
            "x": 188,
            "y": 251
          },
          {
            "x": 188,
            "y": 254.0
          },
          {
            "x": 187,
            "y": 255
          },
          {
            "x": 187,
            "y": 260
          },
          {
            "x": 186.0,
            "y": 261
          },
          {
            "x": 186.0,
            "y": 266
          },
          {
            "x": 185.0,
            "y": 267.0
          },
          {
            "x": 184,
            "y": 267.0
          },
          {
            "x": 184,
            "y": 268.0
          },
          {
            "x": 183,
            "y": 269
          },
          {
            "x": 183,
            "y": 272
          },
          {
            "x": 182,
            "y": 273.0
          },
          {
            "x": 182,
            "y": 276
          },
          {
            "x": 181.0,
            "y": 277
          },
          {
            "x": 180.0,
            "y": 277
          },
          {
            "x": 180.0,
            "y": 281.0
          },
          {
            "x": 179,
            "y": 282
          },
          {
            "x": 179,
            "y": 286.0
          },
          {
            "x": 178,
            "y": 287
          },
          {
            "x": 178,
            "y": 294
          },
          {
            "x": 177.0,
            "y": 295
          },
          {
            "x": 176.0,
            "y": 295
          },
          {
            "x": 176.0,
            "y": 305
          },
          {
            "x": 175,
            "y": 306.0
          },
          {
            "x": 175,
            "y": 311.0
          },
          {
            "x": 174,
            "y": 312.0
          },
          {
            "x": 174,
            "y": 315
          },
          {
            "x": 173.0,
            "y": 316
          },
          {
            "x": 173.0,
            "y": 322.0
          },
          {
            "x": 172.0,
            "y": 323
          },
          {
            "x": 171,
            "y": 323
          },
          {
            "x": 171,
            "y": 330.0
          },
          {
            "x": 170,
            "y": 331
          },
          {
            "x": 170,
            "y": 339
          },
          {
            "x": 169,
            "y": 340.0
          },
          {
            "x": 169,
            "y": 345.0
          },
          {
            "x": 168.0,
            "y": 346
          },
          {
            "x": 167.0,
            "y": 346
          },
          {
            "x": 167.0,
            "y": 352
          },
          {
            "x": 166,
            "y": 353.0
          },
          {
            "x": 166,
            "y": 360
          },
          {
            "x": 165,
            "y": 361.0
          },
          {
            "x": 165,
            "y": 366.0
          },
          {
            "x": 164.0,
            "y": 367
          },
          {
            "x": 163.0,
            "y": 367
          },
          {
            "x": 163.0,
            "y": 382
          },
          {
            "x": 164.0,
            "y": 382
          },
          {
            "x": 165,
            "y": 383
          },
          {
            "x": 165,
            "y": 391
          },
          {
            "x": 164.0,
            "y": 392.0
          },
          {
            "x": 163.0,
            "y": 392.0
          },
          {
            "x": 163.0,
            "y": 406
          },
          {
            "x": 162,
            "y": 407.0
          },
          {
            "x": 162,
            "y": 424
          },
          {
            "x": 163.0,
            "y": 425.0
          },
          {
            "x": 163.0,
            "y": 428.0
          },
          {
            "x": 164.0,
            "y": 428.0
          },
          {
            "x": 165,
            "y": 429
          },
          {
            "x": 165,
            "y": 430
          },
          {
            "x": 166,
            "y": 431.0
          },
          {
            "x": 166,
            "y": 432
          },
          {
            "x": 167.0,
            "y": 433.0
          },
          {
            "x": 167.0,
            "y": 434
          },
          {
            "x": 168.0,
            "y": 434
          },
          {
            "x": 169,
            "y": 435
          },
          {
            "x": 169,
            "y": 437
          },
          {
            "x": 170,
            "y": 437
          },
          {
            "x": 171,
            "y": 438.0
          },
          {
            "x": 171,
            "y": 440
          },
          {
            "x": 172.0,
            "y": 440
          },
          {
            "x": 174,
            "y": 442
          },
          {
            "x": 174,
            "y": 444
          },
          {
            "x": 175,
            "y": 444
          },
          {
            "x": 176.0,
            "y": 445
          },
          {
            "x": 176.0,
            "y": 447
          },
          {
            "x": 177.0,
            "y": 447
          },
          {
            "x": 178,
            "y": 448
          },
          {
            "x": 178,
            "y": 450
          },
          {
            "x": 179,
            "y": 451.0
          },
          {
            "x": 179,
            "y": 453
          },
          {
            "x": 180.0,
            "y": 454.0
          },
          {
            "x": 180.0,
            "y": 458
          },
          {
            "x": 178,
            "y": 460
          },
          {
            "x": 178,
            "y": 462.0
          },
          {
            "x": 177.0,
            "y": 463
          },
          {
            "x": 176.0,
            "y": 463
          },
          {
            "x": 174,
            "y": 465
          },
          {
            "x": 174,
            "y": 466
          },
          {
            "x": 173.0,
            "y": 467.0
          },
          {
            "x": 171,
            "y": 467.0
          },
          {
            "x": 169,
            "y": 469.0
          },
          {
            "x": 169,
            "y": 470
          },
          {
            "x": 168.0,
            "y": 471
          },
          {
            "x": 167.0,
            "y": 471
          },
          {
            "x": 166,
            "y": 472.0
          },
          {
            "x": 166,
            "y": 474
          },
          {
            "x": 164.0,
            "y": 476
          },
          {
            "x": 163.0,
            "y": 476
          },
          {
            "x": 163.0,
            "y": 478
          },
          {
            "x": 161,
            "y": 480.0
          },
          {
            "x": 161,
            "y": 481
          },
          {
            "x": 160.0,
            "y": 482.0
          },
          {
            "x": 159.0,
            "y": 482.0
          },
          {
            "x": 159.0,
            "y": 485.0
          },
          {
            "x": 158,
            "y": 486
          },
          {
            "x": 158,
            "y": 488
          },
          {
            "x": 157,
            "y": 489
          },
          {
            "x": 157,
            "y": 493.0
          },
          {
            "x": 156,
            "y": 494
          },
          {
            "x": 156,
            "y": 501
          },
          {
            "x": 155.0,
            "y": 502
          },
          {
            "x": 154.0,
            "y": 502
          },
          {
            "x": 154.0,
            "y": 512
          },
          {
            "x": 153,
            "y": 513
          },
          {
            "x": 153,
            "y": 516
          },
          {
            "x": 152,
            "y": 517
          },
          {
            "x": 152,
            "y": 519
          },
          {
            "x": 151,
            "y": 520
          },
          {
            "x": 150.0,
            "y": 520
          },
          {
            "x": 150.0,
            "y": 525
          },
          {
            "x": 149.0,
            "y": 526
          },
          {
            "x": 149.0,
            "y": 530
          },
          {
            "x": 148,
            "y": 531
          },
          {
            "x": 148,
            "y": 535
          },
          {
            "x": 147,
            "y": 536
          },
          {
            "x": 146.0,
            "y": 536
          },
          {
            "x": 146.0,
            "y": 542
          },
          {
            "x": 145.0,
            "y": 543
          },
          {
            "x": 145.0,
            "y": 550
          },
          {
            "x": 144,
            "y": 551
          },
          {
            "x": 144,
            "y": 565
          },
          {
            "x": 143,
            "y": 566
          },
          {
            "x": 142.0,
            "y": 566
          },
          {
            "x": 142.0,
            "y": 572
          },
          {
            "x": 141.0,
            "y": 573
          },
          {
            "x": 141.0,
            "y": 576
          },
          {
            "x": 140,
            "y": 577
          },
          {
            "x": 140,
            "y": 580
          },
          {
            "x": 139,
            "y": 581
          },
          {
            "x": 138,
            "y": 581
          },
          {
            "x": 138,
            "y": 586
          },
          {
            "x": 137.0,
            "y": 587
          },
          {
            "x": 137.0,
            "y": 595
          },
          {
            "x": 136.0,
            "y": 596
          },
          {
            "x": 136.0,
            "y": 603
          },
          {
            "x": 135,
            "y": 604
          },
          {
            "x": 135,
            "y": 612
          },
          {
            "x": 134,
            "y": 613
          },
          {
            "x": 133.0,
            "y": 613
          },
          {
            "x": 133.0,
            "y": 620
          },
          {
            "x": 132.0,
            "y": 621
          },
          {
            "x": 132.0,
            "y": 629
          },
          {
            "x": 131,
            "y": 630
          },
          {
            "x": 131,
            "y": 637
          },
          {
            "x": 130,
            "y": 638
          },
          {
            "x": 129.0,
            "y": 638
          },
          {
            "x": 129.0,
            "y": 646
          },
          {
            "x": 128.0,
            "y": 647
          },
          {
            "x": 128.0,
            "y": 656
          },
          {
            "x": 127.0,
            "y": 657
          },
          {
            "x": 127.0,
            "y": 661
          },
          {
            "x": 126,
            "y": 662
          },
          {
            "x": 125.0,
            "y": 662
          },
          {
            "x": 125.0,
            "y": 667
          },
          {
            "x": 124.0,
            "y": 668
          },
          {
            "x": 124.0,
            "y": 677
          },
          {
            "x": 123.0,
            "y": 678
          },
          {
            "x": 123.0,
            "y": 716
          },
          {
            "x": 122,
            "y": 717
          },
          {
            "x": 121,
            "y": 717
          },
          {
            "x": 121,
            "y": 725
          },
          {
            "x": 122,
            "y": 725
          },
          {
            "x": 123.0,
            "y": 726
          },
          {
            "x": 123.0,
            "y": 731
          },
          {
            "x": 124.0,
            "y": 732
          },
          {
            "x": 124.0,
            "y": 746
          },
          {
            "x": 123.0,
            "y": 747
          },
          {
            "x": 123.0,
            "y": 750
          },
          {
            "x": 122,
            "y": 751
          },
          {
            "x": 121,
            "y": 751
          },
          {
            "x": 121,
            "y": 762
          },
          {
            "x": 123.0,
            "y": 762
          },
          {
            "x": 124.0,
            "y": 763
          },
          {
            "x": 128.0,
            "y": 763
          },
          {
            "x": 129.0,
            "y": 764
          },
          {
            "x": 135,
            "y": 764
          },
          {
            "x": 136.0,
            "y": 765
          },
          {
            "x": 136.0,
            "y": 766
          },
          {
            "x": 149.0,
            "y": 766
          },
          {
            "x": 149.0,
            "y": 765
          },
          {
            "x": 150.0,
            "y": 764
          },
          {
            "x": 152,
            "y": 764
          },
          {
            "x": 154.0,
            "y": 762
          },
          {
            "x": 155.0,
            "y": 762
          },
          {
            "x": 155.0,
            "y": 761
          },
          {
            "x": 158,
            "y": 758
          },
          {
            "x": 158,
            "y": 757
          },
          {
            "x": 159.0,
            "y": 756
          },
          {
            "x": 160.0,
            "y": 756
          },
          {
            "x": 162,
            "y": 754
          },
          {
            "x": 162,
            "y": 753
          },
          {
            "x": 163.0,
            "y": 752
          },
          {
            "x": 164.0,
            "y": 752
          },
          {
            "x": 166,
            "y": 750
          },
          {
            "x": 168.0,
            "y": 750
          },
          {
            "x": 168.0,
            "y": 749
          },
          {
            "x": 169,
            "y": 748
          },
          {
            "x": 172.0,
            "y": 748
          },
          {
            "x": 173.0,
            "y": 747
          },
          {
            "x": 177.0,
            "y": 747
          },
          {
            "x": 178,
            "y": 746
          },
          {
            "x": 185.0,
            "y": 746
          },
          {
            "x": 186.0,
            "y": 745
          },
          {
            "x": 191,
            "y": 745
          },
          {
            "x": 191,
            "y": 744
          },
          {
            "x": 192,
            "y": 743
          },
          {
            "x": 198.0,
            "y": 743
          },
          {
            "x": 199.0,
            "y": 742
          },
          {
            "x": 204,
            "y": 742
          },
          {
            "x": 205.0,
            "y": 741
          },
          {
            "x": 211.0,
            "y": 741
          },
          {
            "x": 211.0,
            "y": 740
          },
          {
            "x": 212,
            "y": 739
          },
          {
            "x": 217,
            "y": 739
          },
          {
            "x": 218.0,
            "y": 738
          },
          {
            "x": 224.0,
            "y": 738
          },
          {
            "x": 225,
            "y": 737
          },
          {
            "x": 229.0,
            "y": 737
          },
          {
            "x": 229.0,
            "y": 736
          },
          {
            "x": 230,
            "y": 735
          },
          {
            "x": 236.0,
            "y": 735
          },
          {
            "x": 237.0,
            "y": 734
          },
          {
            "x": 241.0,
            "y": 734
          },
          {
            "x": 242.0,
            "y": 733
          },
          {
            "x": 245.0,
            "y": 733
          },
          {
            "x": 245.0,
            "y": 732
          },
          {
            "x": 246,
            "y": 731
          },
          {
            "x": 249.0,
            "y": 731
          },
          {
            "x": 250.0,
            "y": 730
          },
          {
            "x": 254.0,
            "y": 730
          },
          {
            "x": 255.0,
            "y": 729
          },
          {
            "x": 257.0,
            "y": 729
          },
          {
            "x": 258,
            "y": 728
          },
          {
            "x": 258,
            "y": 727
          },
          {
            "x": 259,
            "y": 726
          },
          {
            "x": 259,
            "y": 725
          },
          {
            "x": 260.0,
            "y": 724
          },
          {
            "x": 261,
            "y": 724
          },
          {
            "x": 261,
            "y": 719
          },
          {
            "x": 262,
            "y": 718
          },
          {
            "x": 262,
            "y": 713
          },
          {
            "x": 263.0,
            "y": 712
          },
          {
            "x": 263.0,
            "y": 706
          },
          {
            "x": 264,
            "y": 705
          },
          {
            "x": 264,
            "y": 701
          },
          {
            "x": 265.0,
            "y": 700
          },
          {
            "x": 266,
            "y": 700
          },
          {
            "x": 266,
            "y": 696
          },
          {
            "x": 267,
            "y": 695
          },
          {
            "x": 267,
            "y": 692
          },
          {
            "x": 268.0,
            "y": 691
          },
          {
            "x": 268.0,
            "y": 687
          },
          {
            "x": 269,
            "y": 686
          },
          {
            "x": 270.0,
            "y": 686
          },
          {
            "x": 270.0,
            "y": 681
          },
          {
            "x": 271,
            "y": 680
          },
          {
            "x": 271,
            "y": 676
          },
          {
            "x": 272,
            "y": 675
          },
          {
            "x": 272,
            "y": 670
          },
          {
            "x": 273.0,
            "y": 669
          },
          {
            "x": 274,
            "y": 669
          },
          {
            "x": 274,
            "y": 658
          },
          {
            "x": 273.0,
            "y": 658
          },
          {
            "x": 272,
            "y": 657
          },
          {
            "x": 272,
            "y": 630
          },
          {
            "x": 271,
            "y": 629
          },
          {
            "x": 271,
            "y": 623
          },
          {
            "x": 270.0,
            "y": 622
          },
          {
            "x": 270.0,
            "y": 617
          },
          {
            "x": 269,
            "y": 617
          },
          {
            "x": 268.0,
            "y": 616
          },
          {
            "x": 268.0,
            "y": 612
          },
          {
            "x": 267,
            "y": 611
          },
          {
            "x": 267,
            "y": 607
          },
          {
            "x": 266,
            "y": 606
          },
          {
            "x": 266,
            "y": 602
          },
          {
            "x": 265.0,
            "y": 602
          },
          {
            "x": 264,
            "y": 601
          },
          {
            "x": 264,
            "y": 596
          },
          {
            "x": 263.0,
            "y": 595
          },
          {
            "x": 263.0,
            "y": 587
          },
          {
            "x": 262,
            "y": 586
          },
          {
            "x": 262,
            "y": 582
          },
          {
            "x": 263.0,
            "y": 581
          },
          {
            "x": 263.0,
            "y": 574
          },
          {
            "x": 264,
            "y": 573
          },
          {
            "x": 264,
            "y": 569
          },
          {
            "x": 265.0,
            "y": 568
          },
          {
            "x": 266,
            "y": 568
          },
          {
            "x": 266,
            "y": 561
          },
          {
            "x": 267,
            "y": 560
          },
          {
            "x": 267,
            "y": 554
          },
          {
            "x": 268.0,
            "y": 553
          },
          {
            "x": 268.0,
            "y": 551
          },
          {
            "x": 269,
            "y": 550
          },
          {
            "x": 270.0,
            "y": 550
          },
          {
            "x": 270.0,
            "y": 545
          },
          {
            "x": 271,
            "y": 544
          },
          {
            "x": 271,
            "y": 540
          },
          {
            "x": 272,
            "y": 539
          },
          {
            "x": 272,
            "y": 536
          },
          {
            "x": 273.0,
            "y": 535
          },
          {
            "x": 274,
            "y": 535
          },
          {
            "x": 274,
            "y": 532
          },
          {
            "x": 275.0,
            "y": 531
          },
          {
            "x": 275.0,
            "y": 528
          },
          {
            "x": 276.0,
            "y": 527
          },
          {
            "x": 276.0,
            "y": 523
          },
          {
            "x": 277,
            "y": 522
          },
          {
            "x": 278.0,
            "y": 522
          },
          {
            "x": 278.0,
            "y": 517
          },
          {
            "x": 279,
            "y": 516
          },
          {
            "x": 279,
            "y": 510
          },
          {
            "x": 280,
            "y": 509
          },
          {
            "x": 280,
            "y": 505
          },
          {
            "x": 281.0,
            "y": 504
          },
          {
            "x": 281.0,
            "y": 500.0
          },
          {
            "x": 282,
            "y": 499
          },
          {
            "x": 283.0,
            "y": 499
          },
          {
            "x": 283.0,
            "y": 496
          },
          {
            "x": 284,
            "y": 495.0
          },
          {
            "x": 284,
            "y": 493.0
          },
          {
            "x": 286.0,
            "y": 491
          },
          {
            "x": 287,
            "y": 491
          },
          {
            "x": 287,
            "y": 488
          },
          {
            "x": 288.0,
            "y": 487.0
          },
          {
            "x": 288.0,
            "y": 485.0
          },
          {
            "x": 289,
            "y": 484
          },
          {
            "x": 289,
            "y": 481
          },
          {
            "x": 290,
            "y": 480.0
          },
          {
            "x": 291.0,
            "y": 480.0
          },
          {
            "x": 291.0,
            "y": 476
          },
          {
            "x": 292,
            "y": 475
          },
          {
            "x": 292,
            "y": 471
          },
          {
            "x": 293,
            "y": 470
          },
          {
            "x": 293,
            "y": 468
          },
          {
            "x": 294.0,
            "y": 467.0
          },
          {
            "x": 295,
            "y": 467.0
          },
          {
            "x": 295,
            "y": 463
          },
          {
            "x": 296.0,
            "y": 462.0
          },
          {
            "x": 296.0,
            "y": 455
          },
          {
            "x": 297,
            "y": 454.0
          },
          {
            "x": 297,
            "y": 445
          },
          {
            "x": 298,
            "y": 444
          },
          {
            "x": 298,
            "y": 438.0
          },
          {
            "x": 299.0,
            "y": 437
          },
          {
            "x": 300,
            "y": 437
          },
          {
            "x": 300,
            "y": 430
          },
          {
            "x": 301.0,
            "y": 429
          },
          {
            "x": 301.0,
            "y": 424
          },
          {
            "x": 302,
            "y": 423.0
          },
          {
            "x": 302,
            "y": 414
          },
          {
            "x": 303,
            "y": 413
          },
          {
            "x": 304.0,
            "y": 413
          },
          {
            "x": 304.0,
            "y": 403
          },
          {
            "x": 305,
            "y": 402.0
          },
          {
            "x": 305,
            "y": 391
          },
          {
            "x": 306.0,
            "y": 390
          },
          {
            "x": 306.0,
            "y": 386.0
          },
          {
            "x": 307.0,
            "y": 385
          },
          {
            "x": 308,
            "y": 385
          },
          {
            "x": 308,
            "y": 379.0
          },
          {
            "x": 309.0,
            "y": 378
          },
          {
            "x": 309.0,
            "y": 371.0
          },
          {
            "x": 310,
            "y": 370
          },
          {
            "x": 310,
            "y": 348.0
          },
          {
            "x": 311,
            "y": 347
          },
          {
            "x": 312.0,
            "y": 347
          },
          {
            "x": 312.0,
            "y": 346
          },
          {
            "x": 314.0,
            "y": 344
          },
          {
            "x": 316,
            "y": 346
          },
          {
            "x": 316,
            "y": 347
          },
          {
            "x": 317.0,
            "y": 347
          },
          {
            "x": 320,
            "y": 350.0
          },
          {
            "x": 320,
            "y": 351
          },
          {
            "x": 321,
            "y": 351
          },
          {
            "x": 322.0,
            "y": 352
          },
          {
            "x": 322.0,
            "y": 353.0
          },
          {
            "x": 323,
            "y": 354
          },
          {
            "x": 323,
            "y": 355.0
          },
          {
            "x": 324,
            "y": 356.0
          },
          {
            "x": 325.0,
            "y": 356.0
          },
          {
            "x": 328,
            "y": 359
          },
          {
            "x": 328,
            "y": 360
          },
          {
            "x": 329,
            "y": 360
          },
          {
            "x": 331,
            "y": 362
          },
          {
            "x": 331,
            "y": 364
          },
          {
            "x": 333,
            "y": 366.0
          },
          {
            "x": 334,
            "y": 366.0
          },
          {
            "x": 335.0,
            "y": 367
          },
          {
            "x": 335.0,
            "y": 368.0
          },
          {
            "x": 337.0,
            "y": 370
          },
          {
            "x": 338.0,
            "y": 370
          },
          {
            "x": 339,
            "y": 371.0
          },
          {
            "x": 339,
            "y": 372
          },
          {
            "x": 341,
            "y": 374.0
          },
          {
            "x": 342,
            "y": 374.0
          },
          {
            "x": 344,
            "y": 376.0
          },
          {
            "x": 344,
            "y": 377
          },
          {
            "x": 345.0,
            "y": 378
          },
          {
            "x": 346,
            "y": 378
          },
          {
            "x": 348.0,
            "y": 380
          },
          {
            "x": 348.0,
            "y": 381.0
          },
          {
            "x": 349,
            "y": 382
          },
          {
            "x": 350.0,
            "y": 382
          },
          {
            "x": 351.0,
            "y": 383
          },
          {
            "x": 351.0,
            "y": 385
          },
          {
            "x": 354,
            "y": 388
          },
          {
            "x": 354,
            "y": 389.0
          },
          {
            "x": 355,
            "y": 389.0
          },
          {
            "x": 358.0,
            "y": 392.0
          },
          {
            "x": 358.0,
            "y": 393
          },
          {
            "x": 359,
            "y": 393
          },
          {
            "x": 362,
            "y": 396
          },
          {
            "x": 362,
            "y": 398
          },
          {
            "x": 363.0,
            "y": 398
          },
          {
            "x": 366.0,
            "y": 401
          },
          {
            "x": 366.0,
            "y": 402.0
          },
          {
            "x": 367,
            "y": 402.0
          },
          {
            "x": 369.0,
            "y": 404
          },
          {
            "x": 369.0,
            "y": 406
          },
          {
            "x": 371.0,
            "y": 408
          },
          {
            "x": 371.0,
            "y": 410.0
          },
          {
            "x": 372,
            "y": 410.0
          },
          {
            "x": 373,
            "y": 411
          },
          {
            "x": 373,
            "y": 412.0
          },
          {
            "x": 374.0,
            "y": 413
          },
          {
            "x": 374.0,
            "y": 415.0
          },
          {
            "x": 375,
            "y": 416
          },
          {
            "x": 375,
            "y": 429
          },
          {
            "x": 374.0,
            "y": 430
          },
          {
            "x": 374.0,
            "y": 433.0
          },
          {
            "x": 373,
            "y": 434
          },
          {
            "x": 373,
            "y": 436.0
          },
          {
            "x": 372,
            "y": 437
          },
          {
            "x": 371.0,
            "y": 437
          },
          {
            "x": 371.0,
            "y": 440
          },
          {
            "x": 370,
            "y": 441.0
          },
          {
            "x": 370,
            "y": 442
          },
          {
            "x": 369.0,
            "y": 443
          },
          {
            "x": 369.0,
            "y": 446.0
          },
          {
            "x": 368,
            "y": 447
          },
          {
            "x": 368,
            "y": 450
          },
          {
            "x": 367,
            "y": 451.0
          },
          {
            "x": 366.0,
            "y": 451.0
          },
          {
            "x": 366.0,
            "y": 454.0
          },
          {
            "x": 365,
            "y": 455
          },
          {
            "x": 365,
            "y": 458
          },
          {
            "x": 364,
            "y": 459.0
          },
          {
            "x": 364,
            "y": 462.0
          },
          {
            "x": 363.0,
            "y": 463
          },
          {
            "x": 362,
            "y": 463
          },
          {
            "x": 362,
            "y": 466
          },
          {
            "x": 361.0,
            "y": 467.0
          },
          {
            "x": 361.0,
            "y": 470
          },
          {
            "x": 360,
            "y": 471
          },
          {
            "x": 360,
            "y": 474
          },
          {
            "x": 359,
            "y": 475
          },
          {
            "x": 358.0,
            "y": 475
          },
          {
            "x": 358.0,
            "y": 479
          },
          {
            "x": 357,
            "y": 480.0
          },
          {
            "x": 357,
            "y": 484
          },
          {
            "x": 356.0,
            "y": 485.0
          },
          {
            "x": 356.0,
            "y": 487.0
          },
          {
            "x": 355,
            "y": 488
          },
          {
            "x": 354,
            "y": 488
          },
          {
            "x": 354,
            "y": 491
          },
          {
            "x": 353.0,
            "y": 492
          },
          {
            "x": 353.0,
            "y": 493.0
          },
          {
            "x": 352,
            "y": 494
          },
          {
            "x": 352,
            "y": 496
          },
          {
            "x": 351.0,
            "y": 497
          },
          {
            "x": 351.0,
            "y": 500.0
          },
          {
            "x": 350.0,
            "y": 501
          },
          {
            "x": 349,
            "y": 501
          },
          {
            "x": 349,
            "y": 508.0
          },
          {
            "x": 348.0,
            "y": 509
          },
          {
            "x": 348.0,
            "y": 514
          },
          {
            "x": 347,
            "y": 515
          },
          {
            "x": 347,
            "y": 523
          },
          {
            "x": 346,
            "y": 524
          },
          {
            "x": 345.0,
            "y": 524
          },
          {
            "x": 345.0,
            "y": 534
          },
          {
            "x": 344,
            "y": 535
          },
          {
            "x": 344,
            "y": 539
          },
          {
            "x": 343.0,
            "y": 540
          },
          {
            "x": 343.0,
            "y": 544
          },
          {
            "x": 342,
            "y": 545
          },
          {
            "x": 341,
            "y": 545
          },
          {
            "x": 341,
            "y": 552
          },
          {
            "x": 340.0,
            "y": 553
          },
          {
            "x": 340.0,
            "y": 563
          },
          {
            "x": 339,
            "y": 564
          },
          {
            "x": 339,
            "y": 570
          },
          {
            "x": 338.0,
            "y": 571
          },
          {
            "x": 337.0,
            "y": 571
          },
          {
            "x": 337.0,
            "y": 578
          },
          {
            "x": 336,
            "y": 579
          },
          {
            "x": 336,
            "y": 586
          },
          {
            "x": 335.0,
            "y": 587
          },
          {
            "x": 335.0,
            "y": 594
          },
          {
            "x": 334,
            "y": 595
          },
          {
            "x": 333,
            "y": 595
          },
          {
            "x": 333,
            "y": 601
          },
          {
            "x": 332.0,
            "y": 602
          },
          {
            "x": 332.0,
            "y": 606
          },
          {
            "x": 331,
            "y": 607
          },
          {
            "x": 331,
            "y": 612
          },
          {
            "x": 330.0,
            "y": 613
          },
          {
            "x": 330.0,
            "y": 619
          },
          {
            "x": 329,
            "y": 620
          },
          {
            "x": 328,
            "y": 620
          },
          {
            "x": 328,
            "y": 625
          },
          {
            "x": 327.0,
            "y": 626
          },
          {
            "x": 327.0,
            "y": 632
          },
          {
            "x": 326,
            "y": 633
          },
          {
            "x": 326,
            "y": 639
          },
          {
            "x": 325.0,
            "y": 640
          },
          {
            "x": 324,
            "y": 640
          },
          {
            "x": 324,
            "y": 645
          },
          {
            "x": 323,
            "y": 646
          },
          {
            "x": 323,
            "y": 652
          },
          {
            "x": 322.0,
            "y": 653
          },
          {
            "x": 322.0,
            "y": 658
          },
          {
            "x": 321,
            "y": 659
          },
          {
            "x": 320,
            "y": 659
          },
          {
            "x": 320,
            "y": 675
          },
          {
            "x": 321,
            "y": 675
          },
          {
            "x": 322.0,
            "y": 676
          },
          {
            "x": 322.0,
            "y": 682
          },
          {
            "x": 323,
            "y": 683
          },
          {
            "x": 323,
            "y": 688
          },
          {
            "x": 324,
            "y": 689
          },
          {
            "x": 324,
            "y": 711
          },
          {
            "x": 325.0,
            "y": 711
          },
          {
            "x": 326,
            "y": 712
          },
          {
            "x": 332.0,
            "y": 712
          },
          {
            "x": 333,
            "y": 711
          },
          {
            "x": 338.0,
            "y": 711
          },
          {
            "x": 338.0,
            "y": 710
          },
          {
            "x": 339,
            "y": 709
          },
          {
            "x": 343.0,
            "y": 709
          },
          {
            "x": 344,
            "y": 708
          },
          {
            "x": 348.0,
            "y": 708
          },
          {
            "x": 349,
            "y": 707
          },
          {
            "x": 353.0,
            "y": 707
          },
          {
            "x": 353.0,
            "y": 706
          },
          {
            "x": 354,
            "y": 705
          },
          {
            "x": 357,
            "y": 705
          },
          {
            "x": 358.0,
            "y": 704
          },
          {
            "x": 361.0,
            "y": 704
          },
          {
            "x": 362,
            "y": 703
          },
          {
            "x": 367,
            "y": 703
          },
          {
            "x": 367,
            "y": 702
          },
          {
            "x": 368,
            "y": 701
          },
          {
            "x": 372,
            "y": 701
          },
          {
            "x": 373,
            "y": 700
          },
          {
            "x": 377,
            "y": 700
          },
          {
            "x": 378,
            "y": 699
          },
          {
            "x": 382.0,
            "y": 699
          },
          {
            "x": 382.0,
            "y": 698
          },
          {
            "x": 383,
            "y": 697
          },
          {
            "x": 386,
            "y": 697
          },
          {
            "x": 387.0,
            "y": 696
          },
          {
            "x": 391,
            "y": 696
          },
          {
            "x": 392.0,
            "y": 695
          },
          {
            "x": 398,
            "y": 695
          },
          {
            "x": 399,
            "y": 694
          },
          {
            "x": 404,
            "y": 694
          },
          {
            "x": 404,
            "y": 693
          },
          {
            "x": 405.0,
            "y": 692
          },
          {
            "x": 411,
            "y": 692
          },
          {
            "x": 412.0,
            "y": 691
          },
          {
            "x": 425.0,
            "y": 691
          },
          {
            "x": 426,
            "y": 692
          },
          {
            "x": 429,
            "y": 692
          },
          {
            "x": 430,
            "y": 693
          },
          {
            "x": 430,
            "y": 694
          },
          {
            "x": 432,
            "y": 694
          },
          {
            "x": 434,
            "y": 696
          },
          {
            "x": 435,
            "y": 696
          },
          {
            "x": 437,
            "y": 698
          },
          {
            "x": 437,
            "y": 701
          },
          {
            "x": 438.0,
            "y": 702
          },
          {
            "x": 438.0,
            "y": 704
          },
          {
            "x": 439,
            "y": 704
          },
          {
            "x": 440,
            "y": 705
          },
          {
            "x": 440,
            "y": 707
          },
          {
            "x": 441.0,
            "y": 708
          },
          {
            "x": 441.0,
            "y": 711
          },
          {
            "x": 442,
            "y": 712
          },
          {
            "x": 442,
            "y": 713
          },
          {
            "x": 443,
            "y": 714
          },
          {
            "x": 444,
            "y": 714
          },
          {
            "x": 445,
            "y": 715
          },
          {
            "x": 445,
            "y": 716
          },
          {
            "x": 446.0,
            "y": 716
          },
          {
            "x": 447,
            "y": 717
          },
          {
            "x": 453,
            "y": 717
          },
          {
            "x": 454.0,
            "y": 716
          },
          {
            "x": 456.0,
            "y": 716
          },
          {
            "x": 456.0,
            "y": 715
          },
          {
            "x": 457,
            "y": 714
          },
          {
            "x": 458,
            "y": 714
          },
          {
            "x": 460,
            "y": 712
          },
          {
            "x": 461,
            "y": 712
          },
          {
            "x": 462.0,
            "y": 711
          },
          {
            "x": 462.0,
            "y": 709
          },
          {
            "x": 464.0,
            "y": 707
          },
          {
            "x": 465,
            "y": 707
          },
          {
            "x": 465,
            "y": 704
          },
          {
            "x": 466,
            "y": 703
          },
          {
            "x": 466,
            "y": 700
          },
          {
            "x": 467.0,
            "y": 699
          },
          {
            "x": 467.0,
            "y": 695
          },
          {
            "x": 468,
            "y": 694
          },
          {
            "x": 469.0,
            "y": 694
          },
          {
            "x": 469.0,
            "y": 691
          },
          {
            "x": 470,
            "y": 690
          },
          {
            "x": 470,
            "y": 687
          },
          {
            "x": 471,
            "y": 686
          },
          {
            "x": 471,
            "y": 684
          },
          {
            "x": 472.0,
            "y": 683
          },
          {
            "x": 473,
            "y": 683
          },
          {
            "x": 473,
            "y": 681
          },
          {
            "x": 475,
            "y": 679
          },
          {
            "x": 475,
            "y": 678
          },
          {
            "x": 476,
            "y": 677
          },
          {
            "x": 476,
            "y": 676
          },
          {
            "x": 477.0,
            "y": 675
          },
          {
            "x": 478,
            "y": 675
          },
          {
            "x": 478,
            "y": 674
          },
          {
            "x": 479,
            "y": 673
          },
          {
            "x": 479,
            "y": 672
          },
          {
            "x": 480.0,
            "y": 671
          },
          {
            "x": 480.0,
            "y": 668
          },
          {
            "x": 481,
            "y": 667
          },
          {
            "x": 482.0,
            "y": 667
          },
          {
            "x": 482.0,
            "y": 666
          },
          {
            "x": 481,
            "y": 666
          },
          {
            "x": 480.0,
            "y": 665
          },
          {
            "x": 480.0,
            "y": 662
          },
          {
            "x": 479,
            "y": 661
          },
          {
            "x": 479,
            "y": 659
          },
          {
            "x": 478,
            "y": 658
          },
          {
            "x": 477.0,
            "y": 658
          },
          {
            "x": 476,
            "y": 657
          },
          {
            "x": 476,
            "y": 655
          },
          {
            "x": 475,
            "y": 654
          },
          {
            "x": 475,
            "y": 653
          },
          {
            "x": 474,
            "y": 652
          },
          {
            "x": 474,
            "y": 649
          },
          {
            "x": 473,
            "y": 648
          },
          {
            "x": 473,
            "y": 646
          },
          {
            "x": 472.0,
            "y": 646
          },
          {
            "x": 471,
            "y": 645
          },
          {
            "x": 471,
            "y": 643
          },
          {
            "x": 470,
            "y": 642
          },
          {
            "x": 470,
            "y": 641
          },
          {
            "x": 469.0,
            "y": 640
          },
          {
            "x": 469.0,
            "y": 638
          },
          {
            "x": 468,
            "y": 638
          },
          {
            "x": 466,
            "y": 636
          },
          {
            "x": 466,
            "y": 634
          },
          {
            "x": 465,
            "y": 633
          },
          {
            "x": 464.0,
            "y": 633
          },
          {
            "x": 463,
            "y": 632
          },
          {
            "x": 463,
            "y": 630
          },
          {
            "x": 462.0,
            "y": 629
          },
          {
            "x": 462.0,
            "y": 628
          },
          {
            "x": 461,
            "y": 627
          },
          {
            "x": 461,
            "y": 624
          },
          {
            "x": 460,
            "y": 624
          },
          {
            "x": 459.0,
            "y": 623
          },
          {
            "x": 459.0,
            "y": 619
          },
          {
            "x": 458,
            "y": 618
          },
          {
            "x": 458,
            "y": 612
          },
          {
            "x": 457,
            "y": 611
          },
          {
            "x": 457,
            "y": 608
          },
          {
            "x": 456.0,
            "y": 607
          },
          {
            "x": 456.0,
            "y": 604
          },
          {
            "x": 455,
            "y": 604
          },
          {
            "x": 454.0,
            "y": 603
          },
          {
            "x": 454.0,
            "y": 600
          },
          {
            "x": 453,
            "y": 599
          },
          {
            "x": 453,
            "y": 595
          },
          {
            "x": 452,
            "y": 594
          },
          {
            "x": 452,
            "y": 591
          },
          {
            "x": 451.0,
            "y": 591
          },
          {
            "x": 450,
            "y": 590
          },
          {
            "x": 450,
            "y": 589
          },
          {
            "x": 449.0,
            "y": 588
          },
          {
            "x": 449.0,
            "y": 585
          },
          {
            "x": 448,
            "y": 584
          },
          {
            "x": 448,
            "y": 582
          },
          {
            "x": 447,
            "y": 582
          },
          {
            "x": 446.0,
            "y": 581
          },
          {
            "x": 446.0,
            "y": 579
          },
          {
            "x": 445,
            "y": 578
          },
          {
            "x": 445,
            "y": 575
          },
          {
            "x": 444,
            "y": 574
          },
          {
            "x": 444,
            "y": 571
          },
          {
            "x": 443,
            "y": 571
          },
          {
            "x": 442,
            "y": 570
          },
          {
            "x": 442,
            "y": 568
          },
          {
            "x": 441.0,
            "y": 567
          },
          {
            "x": 441.0,
            "y": 562
          },
          {
            "x": 440,
            "y": 561
          },
          {
            "x": 440,
            "y": 557
          },
          {
            "x": 439,
            "y": 556
          },
          {
            "x": 439,
            "y": 554
          },
          {
            "x": 438.0,
            "y": 554
          },
          {
            "x": 437,
            "y": 553
          },
          {
            "x": 437,
            "y": 552
          },
          {
            "x": 436.0,
            "y": 551
          },
          {
            "x": 436.0,
            "y": 548
          },
          {
            "x": 435,
            "y": 547
          },
          {
            "x": 435,
            "y": 545
          },
          {
            "x": 434,
            "y": 545
          },
          {
            "x": 433.0,
            "y": 544
          },
          {
            "x": 433.0,
            "y": 541
          },
          {
            "x": 432,
            "y": 540
          },
          {
            "x": 432,
            "y": 537
          },
          {
            "x": 431.0,
            "y": 536
          },
          {
            "x": 431.0,
            "y": 534
          },
          {
            "x": 430,
            "y": 534
          },
          {
            "x": 429,
            "y": 533
          },
          {
            "x": 429,
            "y": 530
          },
          {
            "x": 428.0,
            "y": 529
          },
          {
            "x": 428.0,
            "y": 526
          },
          {
            "x": 427,
            "y": 525
          },
          {
            "x": 427,
            "y": 520
          },
          {
            "x": 426,
            "y": 520
          },
          {
            "x": 425.0,
            "y": 519
          },
          {
            "x": 425.0,
            "y": 517
          },
          {
            "x": 424,
            "y": 516
          },
          {
            "x": 424,
            "y": 511.0
          },
          {
            "x": 423.0,
            "y": 510
          },
          {
            "x": 423.0,
            "y": 507
          },
          {
            "x": 422,
            "y": 507
          },
          {
            "x": 421,
            "y": 506
          },
          {
            "x": 421,
            "y": 503.0
          },
          {
            "x": 420.0,
            "y": 502
          },
          {
            "x": 420.0,
            "y": 501
          },
          {
            "x": 419,
            "y": 500.0
          },
          {
            "x": 419,
            "y": 497
          },
          {
            "x": 418.0,
            "y": 496
          },
          {
            "x": 418.0,
            "y": 492
          },
          {
            "x": 417,
            "y": 492
          },
          {
            "x": 416,
            "y": 491
          },
          {
            "x": 416,
            "y": 488
          },
          {
            "x": 415.0,
            "y": 487.0
          },
          {
            "x": 415.0,
            "y": 484
          },
          {
            "x": 414,
            "y": 483
          },
          {
            "x": 414,
            "y": 480.0
          },
          {
            "x": 413,
            "y": 480.0
          },
          {
            "x": 412.0,
            "y": 479
          },
          {
            "x": 412.0,
            "y": 476
          },
          {
            "x": 411,
            "y": 475
          },
          {
            "x": 411,
            "y": 471
          },
          {
            "x": 410.0,
            "y": 470
          },
          {
            "x": 410.0,
            "y": 464.0
          },
          {
            "x": 409,
            "y": 464.0
          },
          {
            "x": 408,
            "y": 463
          },
          {
            "x": 408,
            "y": 455
          },
          {
            "x": 407.0,
            "y": 454.0
          },
          {
            "x": 407.0,
            "y": 447
          },
          {
            "x": 408,
            "y": 446.0
          },
          {
            "x": 408,
            "y": 441.0
          },
          {
            "x": 409,
            "y": 440
          },
          {
            "x": 410.0,
            "y": 440
          },
          {
            "x": 410.0,
            "y": 387.0
          },
          {
            "x": 409,
            "y": 387.0
          },
          {
            "x": 408,
            "y": 386.0
          },
          {
            "x": 408,
            "y": 356.0
          },
          {
            "x": 407.0,
            "y": 355.0
          },
          {
            "x": 407.0,
            "y": 329
          },
          {
            "x": 406,
            "y": 328
          },
          {
            "x": 406,
            "y": 305
          },
          {
            "x": 405.0,
            "y": 305
          },
          {
            "x": 404,
            "y": 304.0
          },
          {
            "x": 404,
            "y": 280.0
          },
          {
            "x": 403,
            "y": 279
          },
          {
            "x": 403,
            "y": 257
          },
          {
            "x": 402.0,
            "y": 256
          },
          {
            "x": 402.0,
            "y": 202
          },
          {
            "x": 401,
            "y": 201.0
          },
          {
            "x": 401,
            "y": 193
          },
          {
            "x": 400,
            "y": 193
          },
          {
            "x": 399,
            "y": 192
          },
          {
            "x": 399,
            "y": 188
          },
          {
            "x": 398,
            "y": 187
          },
          {
            "x": 398,
            "y": 185
          },
          {
            "x": 397.0,
            "y": 184
          },
          {
            "x": 397.0,
            "y": 183
          },
          {
            "x": 396,
            "y": 183
          },
          {
            "x": 395,
            "y": 182
          },
          {
            "x": 395,
            "y": 180
          },
          {
            "x": 393,
            "y": 178
          },
          {
            "x": 393,
            "y": 176
          },
          {
            "x": 392.0,
            "y": 176
          },
          {
            "x": 389.0,
            "y": 173
          },
          {
            "x": 389.0,
            "y": 172
          },
          {
            "x": 388,
            "y": 172
          },
          {
            "x": 385,
            "y": 169
          },
          {
            "x": 385,
            "y": 168
          },
          {
            "x": 384.0,
            "y": 167
          },
          {
            "x": 383,
            "y": 167
          },
          {
            "x": 381.0,
            "y": 165
          },
          {
            "x": 381.0,
            "y": 164
          },
          {
            "x": 380,
            "y": 163
          },
          {
            "x": 378,
            "y": 163
          },
          {
            "x": 376.0,
            "y": 161
          },
          {
            "x": 376.0,
            "y": 159
          },
          {
            "x": 375,
            "y": 159
          },
          {
            "x": 372,
            "y": 156
          },
          {
            "x": 372,
            "y": 155
          },
          {
            "x": 371.0,
            "y": 155
          },
          {
            "x": 368,
            "y": 152
          },
          {
            "x": 368,
            "y": 151
          },
          {
            "x": 367,
            "y": 150
          },
          {
            "x": 367,
            "y": 149
          },
          {
            "x": 366.0,
            "y": 149
          },
          {
            "x": 365,
            "y": 148
          },
          {
            "x": 365,
            "y": 147
          },
          {
            "x": 363.0,
            "y": 145
          },
          {
            "x": 362,
            "y": 145
          },
          {
            "x": 361.0,
            "y": 146.01
          },
          {
            "x": 360,
            "y": 144
          },
          {
            "x": 359,
            "y": 146.22
          }
        ]
      }
    },
    {
      "name": "Trousers Polygon ",
      "polygon": {
        "path": [
          {
            "x": 318.89,
            "y": 351.55
          },
          {
            "x": 320.0,
            "y": 357
          },
          {
            "x": 314.33,
            "y": 346.32
          },
          {
            "x": 307.21,
            "y": 353.33
          },
          {
            "x": 312.66,
            "y": 350.44
          },
          {
            "x": 312.0,
            "y": 356.55
          },
          {
            "x": 312.0,
            "y": 365
          },
          {
            "x": 311,
            "y": 366.0
          },
          {
            "x": 311,
            "y": 367
          },
          {
            "x": 310,
            "y": 368
          },
          {
            "x": 310,
            "y": 371.0
          },
          {
            "x": 309.0,
            "y": 372
          },
          {
            "x": 309.0,
            "y": 378
          },
          {
            "x": 308.0,
            "y": 379.0
          },
          {
            "x": 308.0,
            "y": 384
          },
          {
            "x": 307.0,
            "y": 385.0
          },
          {
            "x": 307.0,
            "y": 391
          },
          {
            "x": 306,
            "y": 392
          },
          {
            "x": 306,
            "y": 399
          },
          {
            "x": 305,
            "y": 400
          },
          {
            "x": 305,
            "y": 412
          },
          {
            "x": 304.0,
            "y": 413
          },
          {
            "x": 304.0,
            "y": 415
          },
          {
            "x": 303.0,
            "y": 416
          },
          {
            "x": 303.0,
            "y": 417.0
          },
          {
            "x": 302.0,
            "y": 418
          },
          {
            "x": 302.0,
            "y": 427
          },
          {
            "x": 301,
            "y": 428
          },
          {
            "x": 301,
            "y": 430.0
          },
          {
            "x": 300,
            "y": 431
          },
          {
            "x": 300,
            "y": 432
          },
          {
            "x": 299.0,
            "y": 433.0
          },
          {
            "x": 299.0,
            "y": 434
          },
          {
            "x": 298.0,
            "y": 435
          },
          {
            "x": 298.0,
            "y": 439
          },
          {
            "x": 297.0,
            "y": 440
          },
          {
            "x": 297.0,
            "y": 447
          },
          {
            "x": 296.0,
            "y": 448
          },
          {
            "x": 296.0,
            "y": 449.0
          },
          {
            "x": 295,
            "y": 450
          },
          {
            "x": 295,
            "y": 452.0
          },
          {
            "x": 293.0,
            "y": 454
          },
          {
            "x": 293.0,
            "y": 471
          },
          {
            "x": 292.0,
            "y": 472
          },
          {
            "x": 292.0,
            "y": 474
          },
          {
            "x": 291.0,
            "y": 475
          },
          {
            "x": 291.0,
            "y": 477
          },
          {
            "x": 290,
            "y": 478
          },
          {
            "x": 290,
            "y": 479
          },
          {
            "x": 289,
            "y": 480
          },
          {
            "x": 289,
            "y": 483
          },
          {
            "x": 288.0,
            "y": 484.0
          },
          {
            "x": 288.0,
            "y": 487
          },
          {
            "x": 287.0,
            "y": 488
          },
          {
            "x": 287.0,
            "y": 493
          },
          {
            "x": 286.0,
            "y": 494
          },
          {
            "x": 286.0,
            "y": 497.0
          },
          {
            "x": 285,
            "y": 498
          },
          {
            "x": 285,
            "y": 501
          },
          {
            "x": 284,
            "y": 502
          },
          {
            "x": 284,
            "y": 504
          },
          {
            "x": 283.0,
            "y": 505.0
          },
          {
            "x": 283.0,
            "y": 513
          },
          {
            "x": 282.0,
            "y": 514
          },
          {
            "x": 282.0,
            "y": 519
          },
          {
            "x": 281.0,
            "y": 520
          },
          {
            "x": 281.0,
            "y": 522
          },
          {
            "x": 279,
            "y": 524
          },
          {
            "x": 279,
            "y": 527
          },
          {
            "x": 278,
            "y": 528
          },
          {
            "x": 278,
            "y": 531
          },
          {
            "x": 277.0,
            "y": 532
          },
          {
            "x": 277.0,
            "y": 536
          },
          {
            "x": 276.0,
            "y": 537
          },
          {
            "x": 276.0,
            "y": 538
          },
          {
            "x": 275.0,
            "y": 539
          },
          {
            "x": 275.0,
            "y": 540
          },
          {
            "x": 274,
            "y": 541
          },
          {
            "x": 274,
            "y": 543
          },
          {
            "x": 272.0,
            "y": 545
          },
          {
            "x": 272.0,
            "y": 548
          },
          {
            "x": 271.0,
            "y": 549
          },
          {
            "x": 271.0,
            "y": 551
          },
          {
            "x": 270.0,
            "y": 552
          },
          {
            "x": 270.0,
            "y": 554
          },
          {
            "x": 269,
            "y": 555
          },
          {
            "x": 269,
            "y": 558
          },
          {
            "x": 268,
            "y": 559
          },
          {
            "x": 268,
            "y": 562
          },
          {
            "x": 267.0,
            "y": 563
          },
          {
            "x": 267.0,
            "y": 569
          },
          {
            "x": 266.0,
            "y": 570
          },
          {
            "x": 266.0,
            "y": 571
          },
          {
            "x": 265.0,
            "y": 572
          },
          {
            "x": 265.0,
            "y": 574
          },
          {
            "x": 264.0,
            "y": 575
          },
          {
            "x": 264.0,
            "y": 578
          },
          {
            "x": 263,
            "y": 579
          },
          {
            "x": 263,
            "y": 583
          },
          {
            "x": 262,
            "y": 584
          },
          {
            "x": 262,
            "y": 587
          },
          {
            "x": 263,
            "y": 588
          },
          {
            "x": 263,
            "y": 592
          },
          {
            "x": 264.0,
            "y": 593
          },
          {
            "x": 264.0,
            "y": 596
          },
          {
            "x": 265.0,
            "y": 597
          },
          {
            "x": 265.0,
            "y": 599
          },
          {
            "x": 266.0,
            "y": 600
          },
          {
            "x": 266.0,
            "y": 602
          },
          {
            "x": 267.0,
            "y": 603
          },
          {
            "x": 267.0,
            "y": 611
          },
          {
            "x": 268,
            "y": 612
          },
          {
            "x": 268,
            "y": 615
          },
          {
            "x": 269,
            "y": 616
          },
          {
            "x": 269,
            "y": 619
          },
          {
            "x": 270.0,
            "y": 620
          },
          {
            "x": 270.0,
            "y": 623
          },
          {
            "x": 271.0,
            "y": 624
          },
          {
            "x": 271.0,
            "y": 626
          },
          {
            "x": 272.0,
            "y": 627
          },
          {
            "x": 272.0,
            "y": 650
          },
          {
            "x": 273,
            "y": 651
          },
          {
            "x": 273,
            "y": 661
          },
          {
            "x": 274,
            "y": 662
          },
          {
            "x": 274,
            "y": 671
          },
          {
            "x": 273,
            "y": 672
          },
          {
            "x": 273,
            "y": 675
          },
          {
            "x": 272.0,
            "y": 676
          },
          {
            "x": 272.0,
            "y": 681
          },
          {
            "x": 271.0,
            "y": 682
          },
          {
            "x": 271.0,
            "y": 684.0
          },
          {
            "x": 270.0,
            "y": 685
          },
          {
            "x": 270.0,
            "y": 687
          },
          {
            "x": 269,
            "y": 688
          },
          {
            "x": 269,
            "y": 690
          },
          {
            "x": 268,
            "y": 691
          },
          {
            "x": 268,
            "y": 694.0
          },
          {
            "x": 267.0,
            "y": 695
          },
          {
            "x": 267.0,
            "y": 700.0
          },
          {
            "x": 266.0,
            "y": 701
          },
          {
            "x": 266.0,
            "y": 703
          },
          {
            "x": 265.0,
            "y": 704
          },
          {
            "x": 265.0,
            "y": 707
          },
          {
            "x": 264.0,
            "y": 708
          },
          {
            "x": 264.0,
            "y": 710.0
          },
          {
            "x": 263,
            "y": 711.0
          },
          {
            "x": 263,
            "y": 714
          },
          {
            "x": 262,
            "y": 715
          },
          {
            "x": 262,
            "y": 724
          },
          {
            "x": 261.0,
            "y": 725
          },
          {
            "x": 261.0,
            "y": 728
          },
          {
            "x": 260.0,
            "y": 729
          },
          {
            "x": 260.0,
            "y": 731
          },
          {
            "x": 259.0,
            "y": 732.0
          },
          {
            "x": 259.0,
            "y": 736
          },
          {
            "x": 258,
            "y": 737.0
          },
          {
            "x": 258,
            "y": 739
          },
          {
            "x": 257,
            "y": 740
          },
          {
            "x": 257,
            "y": 748.0
          },
          {
            "x": 256.0,
            "y": 749
          },
          {
            "x": 256.0,
            "y": 752
          },
          {
            "x": 255.0,
            "y": 753.0
          },
          {
            "x": 255.0,
            "y": 765
          },
          {
            "x": 256.0,
            "y": 766
          },
          {
            "x": 259.0,
            "y": 766
          },
          {
            "x": 262,
            "y": 763
          },
          {
            "x": 264.0,
            "y": 763
          },
          {
            "x": 265.0,
            "y": 762
          },
          {
            "x": 271.0,
            "y": 762
          },
          {
            "x": 272.0,
            "y": 763
          },
          {
            "x": 276.0,
            "y": 763
          },
          {
            "x": 277.0,
            "y": 764.0
          },
          {
            "x": 279,
            "y": 764.0
          },
          {
            "x": 280.0,
            "y": 765
          },
          {
            "x": 282.0,
            "y": 765
          },
          {
            "x": 283.0,
            "y": 766
          },
          {
            "x": 287.0,
            "y": 766
          },
          {
            "x": 288.0,
            "y": 767
          },
          {
            "x": 290,
            "y": 767
          },
          {
            "x": 291.0,
            "y": 768
          },
          {
            "x": 293.0,
            "y": 768
          },
          {
            "x": 294,
            "y": 767
          },
          {
            "x": 295,
            "y": 767
          },
          {
            "x": 296.0,
            "y": 766
          },
          {
            "x": 296.0,
            "y": 763
          },
          {
            "x": 297.0,
            "y": 762
          },
          {
            "x": 297.0,
            "y": 761
          },
          {
            "x": 298.0,
            "y": 760
          },
          {
            "x": 298.0,
            "y": 758.0
          },
          {
            "x": 300,
            "y": 756
          },
          {
            "x": 300,
            "y": 754
          },
          {
            "x": 301,
            "y": 753.0
          },
          {
            "x": 301,
            "y": 747
          },
          {
            "x": 302.0,
            "y": 746
          },
          {
            "x": 302.0,
            "y": 745
          },
          {
            "x": 303.0,
            "y": 744
          },
          {
            "x": 303.0,
            "y": 736
          },
          {
            "x": 304.0,
            "y": 735
          },
          {
            "x": 304.0,
            "y": 732.0
          },
          {
            "x": 305,
            "y": 731
          },
          {
            "x": 305,
            "y": 729
          },
          {
            "x": 306,
            "y": 728
          },
          {
            "x": 306,
            "y": 720
          },
          {
            "x": 307.0,
            "y": 719
          },
          {
            "x": 307.0,
            "y": 714
          },
          {
            "x": 308.0,
            "y": 713
          },
          {
            "x": 308.0,
            "y": 711.0
          },
          {
            "x": 309.0,
            "y": 710.0
          },
          {
            "x": 309.0,
            "y": 708
          },
          {
            "x": 310,
            "y": 707
          },
          {
            "x": 310,
            "y": 704
          },
          {
            "x": 311,
            "y": 703
          },
          {
            "x": 311,
            "y": 701
          },
          {
            "x": 312.0,
            "y": 700.0
          },
          {
            "x": 312.0,
            "y": 696
          },
          {
            "x": 313.0,
            "y": 695
          },
          {
            "x": 313.0,
            "y": 692
          },
          {
            "x": 314.0,
            "y": 691
          },
          {
            "x": 314.0,
            "y": 689.0
          },
          {
            "x": 315.0,
            "y": 688
          },
          {
            "x": 315.0,
            "y": 687
          },
          {
            "x": 316,
            "y": 686
          },
          {
            "x": 316,
            "y": 685
          },
          {
            "x": 317,
            "y": 684.0
          },
          {
            "x": 317,
            "y": 680
          },
          {
            "x": 318.0,
            "y": 679
          },
          {
            "x": 318.0,
            "y": 678
          },
          {
            "x": 319.0,
            "y": 677
          },
          {
            "x": 319.0,
            "y": 674
          },
          {
            "x": 320.0,
            "y": 673
          },
          {
            "x": 320.0,
            "y": 665
          },
          {
            "x": 321,
            "y": 664
          },
          {
            "x": 321,
            "y": 660
          },
          {
            "x": 322,
            "y": 659
          },
          {
            "x": 322,
            "y": 651
          },
          {
            "x": 323.0,
            "y": 650
          },
          {
            "x": 323.0,
            "y": 646
          },
          {
            "x": 324.0,
            "y": 645
          },
          {
            "x": 324.0,
            "y": 643
          },
          {
            "x": 325.0,
            "y": 642
          },
          {
            "x": 325.0,
            "y": 639
          },
          {
            "x": 326.0,
            "y": 638
          },
          {
            "x": 326.0,
            "y": 635
          },
          {
            "x": 327,
            "y": 634
          },
          {
            "x": 327,
            "y": 627
          },
          {
            "x": 328,
            "y": 626
          },
          {
            "x": 328,
            "y": 623
          },
          {
            "x": 329.0,
            "y": 622
          },
          {
            "x": 329.0,
            "y": 619
          },
          {
            "x": 330.0,
            "y": 618
          },
          {
            "x": 330.0,
            "y": 615
          },
          {
            "x": 331.0,
            "y": 614
          },
          {
            "x": 331.0,
            "y": 610
          },
          {
            "x": 332,
            "y": 609
          },
          {
            "x": 332,
            "y": 600
          },
          {
            "x": 333,
            "y": 599
          },
          {
            "x": 333,
            "y": 597
          },
          {
            "x": 334.0,
            "y": 596
          },
          {
            "x": 334.0,
            "y": 594
          },
          {
            "x": 335.0,
            "y": 593
          },
          {
            "x": 335.0,
            "y": 590
          },
          {
            "x": 336.0,
            "y": 589
          },
          {
            "x": 336.0,
            "y": 584
          },
          {
            "x": 337,
            "y": 583
          },
          {
            "x": 337,
            "y": 574
          },
          {
            "x": 338,
            "y": 573
          },
          {
            "x": 338,
            "y": 568
          },
          {
            "x": 339.0,
            "y": 567
          },
          {
            "x": 339.0,
            "y": 562
          },
          {
            "x": 340.0,
            "y": 561
          },
          {
            "x": 340.0,
            "y": 557
          },
          {
            "x": 341.0,
            "y": 556
          },
          {
            "x": 341.0,
            "y": 552
          },
          {
            "x": 342.0,
            "y": 551
          },
          {
            "x": 342.0,
            "y": 541
          },
          {
            "x": 343,
            "y": 540
          },
          {
            "x": 343,
            "y": 534
          },
          {
            "x": 344,
            "y": 533
          },
          {
            "x": 344,
            "y": 531
          },
          {
            "x": 345.0,
            "y": 530
          },
          {
            "x": 345.0,
            "y": 528
          },
          {
            "x": 346.0,
            "y": 527
          },
          {
            "x": 346.0,
            "y": 524
          },
          {
            "x": 347.0,
            "y": 523
          },
          {
            "x": 347.0,
            "y": 514
          },
          {
            "x": 348,
            "y": 513
          },
          {
            "x": 348,
            "y": 510
          },
          {
            "x": 349,
            "y": 509
          },
          {
            "x": 349,
            "y": 505.0
          },
          {
            "x": 350.0,
            "y": 504
          },
          {
            "x": 350.0,
            "y": 500.0
          },
          {
            "x": 351.0,
            "y": 499
          },
          {
            "x": 351.0,
            "y": 498
          },
          {
            "x": 352.0,
            "y": 497.0
          },
          {
            "x": 352.0,
            "y": 494
          },
          {
            "x": 354,
            "y": 492.0
          },
          {
            "x": 354,
            "y": 490
          },
          {
            "x": 356.0,
            "y": 488
          },
          {
            "x": 356.0,
            "y": 485
          },
          {
            "x": 357.0,
            "y": 484.0
          },
          {
            "x": 357.0,
            "y": 480
          },
          {
            "x": 358.0,
            "y": 479
          },
          {
            "x": 358.0,
            "y": 476.0
          },
          {
            "x": 359,
            "y": 475
          },
          {
            "x": 359,
            "y": 472
          },
          {
            "x": 360,
            "y": 471
          },
          {
            "x": 360,
            "y": 469
          },
          {
            "x": 361.0,
            "y": 468.0
          },
          {
            "x": 361.0,
            "y": 467
          },
          {
            "x": 362.0,
            "y": 466
          },
          {
            "x": 362.0,
            "y": 463
          },
          {
            "x": 363.0,
            "y": 462
          },
          {
            "x": 363.0,
            "y": 461
          },
          {
            "x": 364,
            "y": 460.0
          },
          {
            "x": 364,
            "y": 458
          },
          {
            "x": 365,
            "y": 457.0
          },
          {
            "x": 365,
            "y": 456
          },
          {
            "x": 366.0,
            "y": 455
          },
          {
            "x": 366.0,
            "y": 453
          },
          {
            "x": 367.0,
            "y": 452.0
          },
          {
            "x": 367.0,
            "y": 448
          },
          {
            "x": 368.0,
            "y": 447
          },
          {
            "x": 368.0,
            "y": 446.0
          },
          {
            "x": 369,
            "y": 445
          },
          {
            "x": 369,
            "y": 444
          },
          {
            "x": 370,
            "y": 443
          },
          {
            "x": 370,
            "y": 442
          },
          {
            "x": 371.0,
            "y": 441.0
          },
          {
            "x": 371.0,
            "y": 440
          },
          {
            "x": 372.0,
            "y": 439
          },
          {
            "x": 372.0,
            "y": 435
          },
          {
            "x": 373.0,
            "y": 434
          },
          {
            "x": 373.0,
            "y": 433.0
          },
          {
            "x": 374.0,
            "y": 432
          },
          {
            "x": 374.0,
            "y": 430.0
          },
          {
            "x": 375,
            "y": 429
          },
          {
            "x": 375,
            "y": 419
          },
          {
            "x": 374.0,
            "y": 418
          },
          {
            "x": 374.0,
            "y": 417.0
          },
          {
            "x": 373.0,
            "y": 416
          },
          {
            "x": 373.0,
            "y": 414.0
          },
          {
            "x": 372.0,
            "y": 413
          },
          {
            "x": 372.0,
            "y": 411
          },
          {
            "x": 367.0,
            "y": 406.0
          },
          {
            "x": 367.0,
            "y": 404
          },
          {
            "x": 365,
            "y": 402
          },
          {
            "x": 364,
            "y": 402
          },
          {
            "x": 362.0,
            "y": 400
          },
          {
            "x": 362.0,
            "y": 398.0
          },
          {
            "x": 361.0,
            "y": 397
          },
          {
            "x": 360,
            "y": 397
          },
          {
            "x": 359,
            "y": 396
          },
          {
            "x": 359,
            "y": 395
          },
          {
            "x": 357.0,
            "y": 393.0
          },
          {
            "x": 357.0,
            "y": 392
          },
          {
            "x": 356.0,
            "y": 392
          },
          {
            "x": 352.0,
            "y": 388
          },
          {
            "x": 352.0,
            "y": 387
          },
          {
            "x": 351.0,
            "y": 387
          },
          {
            "x": 347.0,
            "y": 383
          },
          {
            "x": 347.0,
            "y": 382.0
          },
          {
            "x": 346.0,
            "y": 382.0
          },
          {
            "x": 342.0,
            "y": 378
          },
          {
            "x": 342.0,
            "y": 377
          },
          {
            "x": 341.0,
            "y": 377
          },
          {
            "x": 340.0,
            "y": 376
          },
          {
            "x": 340.0,
            "y": 375
          },
          {
            "x": 335.0,
            "y": 370
          },
          {
            "x": 335.0,
            "y": 369
          },
          {
            "x": 332,
            "y": 366.0
          },
          {
            "x": 332,
            "y": 365
          },
          {
            "x": 331.0,
            "y": 365
          },
          {
            "x": 329.0,
            "y": 363.0
          },
          {
            "x": 329.0,
            "y": 362
          },
          {
            "x": 328,
            "y": 362
          },
          {
            "x": 324.0,
            "y": 358.0
          },
          {
            "x": 323.0,
            "y": 358.0
          }
        ]
      }
    }
  ]
}