{
  "image": {
    "width": 267,
    "height": 400,
    "filename": "00000735.jpg",
    "original_filename": "000135.jpg",
    "url": "https://darwin.v7labs.com/api/images/1212046/original?token=5cea58b9-0f48-4f62-9905-01f97ea9945c",
    "thumbnail_url": "https://darwin.v7labs.com/api/images/1212046/thumbnail?token=5cea58b9-0f48-4f62-9905-01f97ea9945c",
    "workview_url": "https://darwin.v7labs.com/workview?dataset=1161&image=735"
  },
  "dataset": "Fashion retail",
  "annotated": true,
  "annotations": [
    {
      "name": "Shirt Polygon ",
      "polygon": {
        "path": [
          {
            "x": 85.0,
            "y": 110
          },
          {
            "x": 79,
            "y": 116.0
          },
          {
            "x": 79,
            "y": 117
          },
          {
            "x": 78.0,
            "y": 118
          },
          {
            "x": 78.0,
            "y": 120
          },
          {
            "x": 77.0,
            "y": 121
          },
          {
            "x": 77.0,
            "y": 123
          },
          {
            "x": 76.0,
            "y": 124
          },
          {
            "x": 76.0,
            "y": 141
          },
          {
            "x": 75,
            "y": 142
          },
          {
            "x": 75,
            "y": 167
          },
          {
            "x": 74.0,
            "y": 168
          },
          {
            "x": 74.0,
            "y": 203.0
          },
          {
            "x": 73.0,
            "y": 204
          },
          {
            "x": 73.0,
            "y": 220
          },
          {
            "x": 72.0,
            "y": 221
          },
          {
            "x": 72.0,
            "y": 241
          },
          {
            "x": 73.0,
            "y": 242
          },
          {
            "x": 73.0,
            "y": 245
          },
          {
            "x": 74.0,
            "y": 246
          },
          {
            "x": 74.0,
            "y": 250
          },
          {
            "x": 75,
            "y": 251
          },
          {
            "x": 75,
            "y": 253.0
          },
          {
            "x": 76.0,
            "y": 254
          },
          {
            "x": 76.0,
            "y": 255.0
          },
          {
            "x": 77.0,
            "y": 256
          },
          {
            "x": 77.0,
            "y": 259
          },
          {
            "x": 78.0,
            "y": 260
          },
          {
            "x": 78.0,
            "y": 265
          },
          {
            "x": 79,
            "y": 266
          },
          {
            "x": 79,
            "y": 276
          },
          {
            "x": 80.0,
            "y": 277
          },
          {
            "x": 80.0,
            "y": 278
          },
          {
            "x": 81.0,
            "y": 279
          },
          {
            "x": 86.0,
            "y": 279
          },
          {
            "x": 86.0,
            "y": 267
          },
          {
            "x": 87,
            "y": 266
          },
          {
            "x": 87,
            "y": 265
          },
          {
            "x": 89.0,
            "y": 263
          },
          {
            "x": 90.0,
            "y": 264
          },
          {
            "x": 91.0,
            "y": 264
          },
          {
            "x": 92,
            "y": 265
          },
          {
            "x": 93.0,
            "y": 265
          },
          {
            "x": 94.0,
            "y": 266
          },
          {
            "x": 95.0,
            "y": 266
          },
          {
            "x": 96,
            "y": 267
          },
          {
            "x": 97.0,
            "y": 267
          },
          {
            "x": 98.0,
            "y": 268
          },
          {
            "x": 99.0,
            "y": 268
          },
          {
            "x": 100,
            "y": 269
          },
          {
            "x": 102.0,
            "y": 269
          },
          {
            "x": 103.0,
            "y": 270
          },
          {
            "x": 105.0,
            "y": 270
          },
          {
            "x": 106.0,
            "y": 271
          },
          {
            "x": 109.0,
            "y": 271
          },
          {
            "x": 110.0,
            "y": 272
          },
          {
            "x": 112,
            "y": 272
          },
          {
            "x": 113.0,
            "y": 273
          },
          {
            "x": 114.0,
            "y": 273
          },
          {
            "x": 115.0,
            "y": 274
          },
          {
            "x": 117,
            "y": 274
          },
          {
            "x": 118.0,
            "y": 275
          },
          {
            "x": 120.0,
            "y": 275
          },
          {
            "x": 121,
            "y": 276
          },
          {
            "x": 122.0,
            "y": 276
          },
          {
            "x": 123.0,
            "y": 277
          },
          {
            "x": 126.0,
            "y": 277
          },
          {
            "x": 127.0,
            "y": 278
          },
          {
            "x": 130.0,
            "y": 278
          },
          {
            "x": 131.0,
            "y": 279
          },
          {
            "x": 142,
            "y": 279
          },
          {
            "x": 144.0,
            "y": 277
          },
          {
            "x": 144.0,
            "y": 268
          },
          {
            "x": 145,
            "y": 267
          },
          {
            "x": 145,
            "y": 265
          },
          {
            "x": 146,
            "y": 264
          },
          {
            "x": 147.0,
            "y": 264
          },
          {
            "x": 148.0,
            "y": 265
          },
          {
            "x": 150,
            "y": 265
          },
          {
            "x": 153.0,
            "y": 268
          },
          {
            "x": 154,
            "y": 268
          },
          {
            "x": 156.0,
            "y": 270
          },
          {
            "x": 156.0,
            "y": 274
          },
          {
            "x": 157.0,
            "y": 275
          },
          {
            "x": 157.0,
            "y": 277
          },
          {
            "x": 158,
            "y": 278
          },
          {
            "x": 159,
            "y": 278
          },
          {
            "x": 160.0,
            "y": 279
          },
          {
            "x": 161.0,
            "y": 279
          },
          {
            "x": 162,
            "y": 278
          },
          {
            "x": 164.0,
            "y": 278
          },
          {
            "x": 165.0,
            "y": 277
          },
          {
            "x": 166,
            "y": 277
          },
          {
            "x": 168.0,
            "y": 275
          },
          {
            "x": 169.0,
            "y": 275
          },
          {
            "x": 170,
            "y": 276
          },
          {
            "x": 172.0,
            "y": 276
          },
          {
            "x": 173.0,
            "y": 277
          },
          {
            "x": 174,
            "y": 277
          },
          {
            "x": 175,
            "y": 278
          },
          {
            "x": 177.0,
            "y": 278
          },
          {
            "x": 178.0,
            "y": 279
          },
          {
            "x": 179,
            "y": 279
          },
          {
            "x": 181.0,
            "y": 281
          },
          {
            "x": 182.0,
            "y": 281
          },
          {
            "x": 184,
            "y": 283
          },
          {
            "x": 185.0,
            "y": 283
          },
          {
            "x": 186.0,
            "y": 284
          },
          {
            "x": 187,
            "y": 284
          },
          {
            "x": 189.0,
            "y": 286
          },
          {
            "x": 190.0,
            "y": 286
          },
          {
            "x": 191,
            "y": 287
          },
          {
            "x": 193.0,
            "y": 287
          },
          {
            "x": 194.0,
            "y": 288
          },
          {
            "x": 199,
            "y": 288
          },
          {
            "x": 200,
            "y": 287
          },
          {
            "x": 203.0,
            "y": 287
          },
          {
            "x": 205.0,
            "y": 285
          },
          {
            "x": 207.0,
            "y": 285
          },
          {
            "x": 208,
            "y": 284
          },
          {
            "x": 209,
            "y": 284
          },
          {
            "x": 209,
            "y": 283
          },
          {
            "x": 210.0,
            "y": 282
          },
          {
            "x": 210.0,
            "y": 280
          },
          {
            "x": 211.0,
            "y": 279
          },
          {
            "x": 211.0,
            "y": 278
          },
          {
            "x": 212,
            "y": 277
          },
          {
            "x": 212,
            "y": 273
          },
          {
            "x": 211.0,
            "y": 272
          },
          {
            "x": 211.0,
            "y": 264
          },
          {
            "x": 212,
            "y": 263
          },
          {
            "x": 212,
            "y": 260
          },
          {
            "x": 213,
            "y": 259
          },
          {
            "x": 213,
            "y": 255.0
          },
          {
            "x": 214.0,
            "y": 254
          },
          {
            "x": 214.0,
            "y": 252
          },
          {
            "x": 215.0,
            "y": 251
          },
          {
            "x": 216,
            "y": 252
          },
          {
            "x": 216,
            "y": 257
          },
          {
            "x": 215.0,
            "y": 258
          },
          {
            "x": 215.0,
            "y": 272
          },
          {
            "x": 214.0,
            "y": 273
          },
          {
            "x": 214.0,
            "y": 286
          },
          {
            "x": 213,
            "y": 287
          },
          {
            "x": 213,
            "y": 288
          },
          {
            "x": 212,
            "y": 289
          },
          {
            "x": 209,
            "y": 289
          },
          {
            "x": 209,
            "y": 290
          },
          {
            "x": 207.0,
            "y": 292
          },
          {
            "x": 207.0,
            "y": 304
          },
          {
            "x": 208,
            "y": 305
          },
          {
            "x": 208,
            "y": 307
          },
          {
            "x": 210.0,
            "y": 309
          },
          {
            "x": 212,
            "y": 309
          },
          {
            "x": 213,
            "y": 310.0
          },
          {
            "x": 215.0,
            "y": 310.0
          },
          {
            "x": 216,
            "y": 311
          },
          {
            "x": 218.0,
            "y": 311
          },
          {
            "x": 219.0,
            "y": 312
          },
          {
            "x": 221,
            "y": 312
          },
          {
            "x": 222.0,
            "y": 313
          },
          {
            "x": 228.0,
            "y": 313
          },
          {
            "x": 229,
            "y": 314.0
          },
          {
            "x": 231.0,
            "y": 314.0
          },
          {
            "x": 232.0,
            "y": 313
          },
          {
            "x": 236.0,
            "y": 313
          },
          {
            "x": 237,
            "y": 312
          },
          {
            "x": 237,
            "y": 301
          },
          {
            "x": 238,
            "y": 300
          },
          {
            "x": 238,
            "y": 297
          },
          {
            "x": 239.0,
            "y": 296
          },
          {
            "x": 239.0,
            "y": 291
          },
          {
            "x": 240.0,
            "y": 290
          },
          {
            "x": 240.0,
            "y": 285
          },
          {
            "x": 241,
            "y": 284
          },
          {
            "x": 241,
            "y": 276
          },
          {
            "x": 242,
            "y": 275
          },
          {
            "x": 242,
            "y": 269
          },
          {
            "x": 243.0,
            "y": 268
          },
          {
            "x": 243.0,
            "y": 259
          },
          {
            "x": 244.0,
            "y": 258
          },
          {
            "x": 244.0,
            "y": 256
          },
          {
            "x": 245,
            "y": 255.0
          },
          {
            "x": 245,
            "y": 253.0
          },
          {
            "x": 246,
            "y": 252
          },
          {
            "x": 246,
            "y": 224
          },
          {
            "x": 247.0,
            "y": 223
          },
          {
            "x": 247.0,
            "y": 213
          },
          {
            "x": 246,
            "y": 212
          },
          {
            "x": 246,
            "y": 204
          },
          {
            "x": 245,
            "y": 203.0
          },
          {
            "x": 245,
            "y": 197
          },
          {
            "x": 244.0,
            "y": 196
          },
          {
            "x": 244.0,
            "y": 192
          },
          {
            "x": 243.0,
            "y": 191
          },
          {
            "x": 243.0,
            "y": 175
          },
          {
            "x": 242,
            "y": 174
          },
          {
            "x": 242,
            "y": 165
          },
          {
            "x": 241,
            "y": 164
          },
          {
            "x": 241,
            "y": 161
          },
          {
            "x": 240.0,
            "y": 160
          },
          {
            "x": 240.0,
            "y": 155.0
          },
          {
            "x": 239.0,
            "y": 154
          },
          {
            "x": 239.0,
            "y": 149
          },
          {
            "x": 238,
            "y": 148
          },
          {
            "x": 238,
            "y": 143
          },
          {
            "x": 237,
            "y": 142
          },
          {
            "x": 237,
            "y": 138
          },
          {
            "x": 236.0,
            "y": 137
          },
          {
            "x": 236.0,
            "y": 135
          },
          {
            "x": 235.0,
            "y": 134
          },
          {
            "x": 235.0,
            "y": 133
          },
          {
            "x": 234,
            "y": 132
          },
          {
            "x": 234,
            "y": 131
          },
          {
            "x": 233,
            "y": 130
          },
          {
            "x": 233,
            "y": 129
          },
          {
            "x": 231.0,
            "y": 127
          },
          {
            "x": 231.0,
            "y": 126
          },
          {
            "x": 230.0,
            "y": 125
          },
          {
            "x": 230.0,
            "y": 124
          },
          {
            "x": 229,
            "y": 123
          },
          {
            "x": 229,
            "y": 122
          },
          {
            "x": 223.0,
            "y": 116.0
          },
          {
            "x": 222.0,
            "y": 116.0
          },
          {
            "x": 221,
            "y": 115.0
          },
          {
            "x": 220,
            "y": 115.0
          },
          {
            "x": 218.0,
            "y": 113
          },
          {
            "x": 216,
            "y": 113
          },
          {
            "x": 215.0,
            "y": 112
          },
          {
            "x": 214.0,
            "y": 112
          },
          {
            "x": 213,
            "y": 111
          },
          {
            "x": 212,
            "y": 111
          },
          {
            "x": 211.0,
            "y": 110
          },
          {
            "x": 209,
            "y": 110
          },
          {
            "x": 208,
            "y": 109
          },
          {
            "x": 206.0,
            "y": 109
          },
          {
            "x": 205.0,
            "y": 108
          },
          {
            "x": 204,
            "y": 108
          },
          {
            "x": 203.0,
            "y": 107
          },
          {
            "x": 202.0,
            "y": 107
          },
          {
            "x": 201.0,
            "y": 106
          },
          {
            "x": 200,
            "y": 106
          },
          {
            "x": 199,
            "y": 105
          },
          {
            "x": 198.0,
            "y": 105
          },
          {
            "x": 197.0,
            "y": 104
          },
          {
            "x": 196,
            "y": 104
          },
          {
            "x": 195,
            "y": 103
          },
          {
            "x": 194.0,
            "y": 103
          },
          {
            "x": 193.0,
            "y": 102
          },
          {
            "x": 192,
            "y": 102
          },
          {
            "x": 191,
            "y": 103
          },
          {
            "x": 190.0,
            "y": 103
          },
          {
            "x": 190.0,
            "y": 104
          },
          {
            "x": 189.0,
            "y": 105
          },
          {
            "x": 189.0,
            "y": 111
          },
          {
            "x": 190.0,
            "y": 112
          },
          {
            "x": 190.0,
            "y": 114.0
          },
          {
            "x": 189.0,
            "y": 115.0
          },
          {
            "x": 184,
            "y": 115.0
          },
          {
            "x": 183,
            "y": 116.0
          },
          {
            "x": 182.0,
            "y": 116.0
          },
          {
            "x": 181.0,
            "y": 117
          },
          {
            "x": 181.0,
            "y": 119
          },
          {
            "x": 179,
            "y": 121
          },
          {
            "x": 175,
            "y": 121
          },
          {
            "x": 168.0,
            "y": 114.0
          },
          {
            "x": 167,
            "y": 114.0
          },
          {
            "x": 166,
            "y": 115.0
          },
          {
            "x": 166,
            "y": 116.0
          },
          {
            "x": 165.0,
            "y": 117
          },
          {
            "x": 165.0,
            "y": 118
          },
          {
            "x": 164.0,
            "y": 119
          },
          {
            "x": 164.0,
            "y": 121
          },
          {
            "x": 162,
            "y": 123
          },
          {
            "x": 162,
            "y": 125
          },
          {
            "x": 160.0,
            "y": 127
          },
          {
            "x": 160.0,
            "y": 128
          },
          {
            "x": 159,
            "y": 129
          },
          {
            "x": 159,
            "y": 130
          },
          {
            "x": 158,
            "y": 131
          },
          {
            "x": 158,
            "y": 136
          },
          {
            "x": 157.0,
            "y": 137
          },
          {
            "x": 157.0,
            "y": 139
          },
          {
            "x": 156.0,
            "y": 140
          },
          {
            "x": 156.0,
            "y": 141
          },
          {
            "x": 155.0,
            "y": 142
          },
          {
            "x": 155.0,
            "y": 143
          },
          {
            "x": 154,
            "y": 144
          },
          {
            "x": 154,
            "y": 145
          },
          {
            "x": 153.0,
            "y": 146
          },
          {
            "x": 153.0,
            "y": 147
          },
          {
            "x": 152.0,
            "y": 148
          },
          {
            "x": 152.0,
            "y": 149
          },
          {
            "x": 151.0,
            "y": 150
          },
          {
            "x": 151.0,
            "y": 151.0
          },
          {
            "x": 150,
            "y": 152
          },
          {
            "x": 150,
            "y": 154
          },
          {
            "x": 149,
            "y": 155.0
          },
          {
            "x": 149,
            "y": 156
          },
          {
            "x": 148.0,
            "y": 157.0
          },
          {
            "x": 148.0,
            "y": 158
          },
          {
            "x": 145,
            "y": 161
          },
          {
            "x": 145,
            "y": 162
          },
          {
            "x": 144.0,
            "y": 163
          },
          {
            "x": 144.0,
            "y": 164
          },
          {
            "x": 143.0,
            "y": 165
          },
          {
            "x": 143.0,
            "y": 168
          },
          {
            "x": 142,
            "y": 169
          },
          {
            "x": 142,
            "y": 170
          },
          {
            "x": 141,
            "y": 171
          },
          {
            "x": 141,
            "y": 173
          },
          {
            "x": 140.0,
            "y": 174
          },
          {
            "x": 140.0,
            "y": 176.0
          },
          {
            "x": 138,
            "y": 178.0
          },
          {
            "x": 138,
            "y": 180.0
          },
          {
            "x": 137,
            "y": 181
          },
          {
            "x": 137,
            "y": 183
          },
          {
            "x": 135.0,
            "y": 185
          },
          {
            "x": 135.0,
            "y": 186
          },
          {
            "x": 134,
            "y": 187
          },
          {
            "x": 134,
            "y": 188
          },
          {
            "x": 133,
            "y": 189
          },
          {
            "x": 133,
            "y": 193
          },
          {
            "x": 132.0,
            "y": 194
          },
          {
            "x": 132.0,
            "y": 195
          },
          {
            "x": 131.0,
            "y": 196
          },
          {
            "x": 131.0,
            "y": 204
          },
          {
            "x": 132.0,
            "y": 205.0
          },
          {
            "x": 132.0,
            "y": 212
          },
          {
            "x": 131.0,
            "y": 213
          },
          {
            "x": 131.0,
            "y": 225
          },
          {
            "x": 128.0,
            "y": 228.0
          },
          {
            "x": 127.0,
            "y": 227
          },
          {
            "x": 127.0,
            "y": 200
          },
          {
            "x": 128.0,
            "y": 199
          },
          {
            "x": 128.0,
            "y": 196
          },
          {
            "x": 129,
            "y": 195
          },
          {
            "x": 129,
            "y": 190
          },
          {
            "x": 130.0,
            "y": 189
          },
          {
            "x": 130.0,
            "y": 180.0
          },
          {
            "x": 129,
            "y": 179
          },
          {
            "x": 129,
            "y": 166
          },
          {
            "x": 128.0,
            "y": 165
          },
          {
            "x": 128.0,
            "y": 159
          },
          {
            "x": 127.0,
            "y": 158
          },
          {
            "x": 127.0,
            "y": 153.0
          },
          {
            "x": 126.0,
            "y": 152
          },
          {
            "x": 126.0,
            "y": 147
          },
          {
            "x": 125,
            "y": 146
          },
          {
            "x": 125,
            "y": 144
          },
          {
            "x": 124.0,
            "y": 143
          },
          {
            "x": 124.0,
            "y": 137
          },
          {
            "x": 123.0,
            "y": 136
          },
          {
            "x": 123.0,
            "y": 133
          },
          {
            "x": 122.0,
            "y": 132
          },
          {
            "x": 122.0,
            "y": 127
          },
          {
            "x": 121,
            "y": 126
          },
          {
            "x": 121,
            "y": 123
          },
          {
            "x": 120.0,
            "y": 122
          },
          {
            "x": 120.0,
            "y": 118
          },
          {
            "x": 119.0,
            "y": 117
          },
          {
            "x": 119.0,
            "y": 116.0
          },
          {
            "x": 118.0,
            "y": 115.0
          },
          {
            "x": 117,
            "y": 115.0
          },
          {
            "x": 117,
            "y": 116.0
          },
          {
            "x": 116.0,
            "y": 117
          },
          {
            "x": 116.0,
            "y": 118
          },
          {
            "x": 115.0,
            "y": 119
          },
          {
            "x": 115.0,
            "y": 120
          },
          {
            "x": 114.0,
            "y": 121
          },
          {
            "x": 114.0,
            "y": 124
          },
          {
            "x": 112,
            "y": 126
          },
          {
            "x": 112,
            "y": 127
          },
          {
            "x": 111.0,
            "y": 128
          },
          {
            "x": 109.0,
            "y": 128
          },
          {
            "x": 108,
            "y": 127
          },
          {
            "x": 107.0,
            "y": 127
          },
          {
            "x": 104,
            "y": 124
          },
          {
            "x": 103.0,
            "y": 124
          },
          {
            "x": 101.0,
            "y": 122
          },
          {
            "x": 100,
            "y": 122
          },
          {
            "x": 96,
            "y": 118
          },
          {
            "x": 96,
            "y": 117
          },
          {
            "x": 94.0,
            "y": 115.0
          },
          {
            "x": 94.0,
            "y": 113
          },
          {
            "x": 95.0,
            "y": 112
          },
          {
            "x": 95.0,
            "y": 111
          },
          {
            "x": 96,
            "y": 110
          },
          {
            "x": 96,
            "y": 108
          },
          {
            "x": 94.0,
            "y": 106
          },
          {
            "x": 93.0,
            "y": 106
          },
          {
            "x": 92,
            "y": 107
          },
          {
            "x": 90.0,
            "y": 107
          },
          {
            "x": 89.0,
            "y": 108
          },
          {
            "x": 88.0,
            "y": 108
          },
          {
            "x": 86.0,
            "y": 110
          }
        ]
      }
    },
    {
      "name": "Trousers Polygon ",
      "polygon": {
        "path": [
          {
            "x": 88.0,
            "y": 264.0
          },
          {
            "x": 87.0,
            "y": 265
          },
          {
            "x": 87.0,
            "y": 281.0
          },
          {
            "x": 88.0,
            "y": 282
          },
          {
            "x": 88.0,
            "y": 283
          },
          {
            "x": 89.0,
            "y": 284
          },
          {
            "x": 89.0,
            "y": 294.0
          },
          {
            "x": 88.0,
            "y": 295.0
          },
          {
            "x": 88.0,
            "y": 298
          },
          {
            "x": 87.0,
            "y": 299
          },
          {
            "x": 87.0,
            "y": 304.0
          },
          {
            "x": 86.0,
            "y": 305.0
          },
          {
            "x": 86.0,
            "y": 307
          },
          {
            "x": 85.0,
            "y": 308
          },
          {
            "x": 85.0,
            "y": 312.0
          },
          {
            "x": 84.0,
            "y": 313.0
          },
          {
            "x": 84.0,
            "y": 316
          },
          {
            "x": 83,
            "y": 317
          },
          {
            "x": 83,
            "y": 344.0
          },
          {
            "x": 82.0,
            "y": 345.0
          },
          {
            "x": 82.0,
            "y": 350
          },
          {
            "x": 81.0,
            "y": 351
          },
          {
            "x": 81.0,
            "y": 358
          },
          {
            "x": 80.0,
            "y": 359
          },
          {
            "x": 80.0,
            "y": 362.0
          },
          {
            "x": 79.0,
            "y": 363.0
          },
          {
            "x": 79.0,
            "y": 367
          },
          {
            "x": 78.0,
            "y": 368
          },
          {
            "x": 78.0,
            "y": 373
          },
          {
            "x": 77.0,
            "y": 374
          },
          {
            "x": 77.0,
            "y": 381.0
          },
          {
            "x": 76.0,
            "y": 382
          },
          {
            "x": 76.0,
            "y": 389.0
          },
          {
            "x": 75,
            "y": 390
          },
          {
            "x": 75,
            "y": 398
          },
          {
            "x": 121.0,
            "y": 398
          },
          {
            "x": 121.0,
            "y": 395.0
          },
          {
            "x": 122.0,
            "y": 394.0
          },
          {
            "x": 122.0,
            "y": 390
          },
          {
            "x": 123.0,
            "y": 389.0
          },
          {
            "x": 123.0,
            "y": 387.0
          },
          {
            "x": 124.0,
            "y": 386.0
          },
          {
            "x": 124.0,
            "y": 382
          },
          {
            "x": 125,
            "y": 381.0
          },
          {
            "x": 125,
            "y": 378.0
          },
          {
            "x": 126.0,
            "y": 377.0
          },
          {
            "x": 126.0,
            "y": 375
          },
          {
            "x": 125,
            "y": 374
          },
          {
            "x": 125,
            "y": 373
          },
          {
            "x": 126.0,
            "y": 372.0
          },
          {
            "x": 126.0,
            "y": 369.0
          },
          {
            "x": 127.0,
            "y": 368
          },
          {
            "x": 127.0,
            "y": 367
          },
          {
            "x": 128.0,
            "y": 366
          },
          {
            "x": 128.0,
            "y": 364.0
          },
          {
            "x": 129.0,
            "y": 363.0
          },
          {
            "x": 129.0,
            "y": 361.0
          },
          {
            "x": 130.0,
            "y": 360.0
          },
          {
            "x": 130.0,
            "y": 356.0
          },
          {
            "x": 131.0,
            "y": 355.0
          },
          {
            "x": 131.0,
            "y": 354.0
          },
          {
            "x": 132.0,
            "y": 353.0
          },
          {
            "x": 132.0,
            "y": 352.0
          },
          {
            "x": 133,
            "y": 351
          },
          {
            "x": 133,
            "y": 350
          },
          {
            "x": 134,
            "y": 349
          },
          {
            "x": 134,
            "y": 347.0
          },
          {
            "x": 135.0,
            "y": 346.0
          },
          {
            "x": 135.0,
            "y": 343
          },
          {
            "x": 136.0,
            "y": 342
          },
          {
            "x": 136.0,
            "y": 339.0
          },
          {
            "x": 137.0,
            "y": 338.0
          },
          {
            "x": 137.0,
            "y": 336.0
          },
          {
            "x": 138.0,
            "y": 335.0
          },
          {
            "x": 138.0,
            "y": 334
          },
          {
            "x": 139.0,
            "y": 333
          },
          {
            "x": 139.0,
            "y": 328.0
          },
          {
            "x": 140.0,
            "y": 327.0
          },
          {
            "x": 140.0,
            "y": 326
          },
          {
            "x": 143.0,
            "y": 323
          },
          {
            "x": 145.0,
            "y": 325
          },
          {
            "x": 146.0,
            "y": 325
          },
          {
            "x": 147.0,
            "y": 326
          },
          {
            "x": 147.0,
            "y": 329.0
          },
          {
            "x": 148.0,
            "y": 330.0
          },
          {
            "x": 148.0,
            "y": 335.0
          },
          {
            "x": 147.0,
            "y": 336.0
          },
          {
            "x": 147.0,
            "y": 365
          },
          {
            "x": 146.0,
            "y": 366
          },
          {
            "x": 146.0,
            "y": 371.0
          },
          {
            "x": 145.0,
            "y": 372.0
          },
          {
            "x": 145.0,
            "y": 376
          },
          {
            "x": 144.0,
            "y": 377.0
          },
          {
            "x": 144.0,
            "y": 384
          },
          {
            "x": 143.0,
            "y": 385.0
          },
          {
            "x": 143.0,
            "y": 388.0
          },
          {
            "x": 142,
            "y": 389.0
          },
          {
            "x": 142,
            "y": 394.0
          },
          {
            "x": 141,
            "y": 395.0
          },
          {
            "x": 141,
            "y": 398
          },
          {
            "x": 186.0,
            "y": 398
          },
          {
            "x": 187.0,
            "y": 397.0
          },
          {
            "x": 187.0,
            "y": 392
          },
          {
            "x": 188.0,
            "y": 391
          },
          {
            "x": 188.0,
            "y": 389.0
          },
          {
            "x": 189.0,
            "y": 388.0
          },
          {
            "x": 189.0,
            "y": 385.0
          },
          {
            "x": 190.0,
            "y": 384
          },
          {
            "x": 190.0,
            "y": 382
          },
          {
            "x": 191,
            "y": 381.0
          },
          {
            "x": 191,
            "y": 377.0
          },
          {
            "x": 192,
            "y": 376
          },
          {
            "x": 192,
            "y": 372.0
          },
          {
            "x": 193.0,
            "y": 371.0
          },
          {
            "x": 193.0,
            "y": 369.0
          },
          {
            "x": 194.0,
            "y": 368
          },
          {
            "x": 194.0,
            "y": 363.0
          },
          {
            "x": 195.0,
            "y": 362.0
          },
          {
            "x": 195.0,
            "y": 358
          },
          {
            "x": 196.0,
            "y": 357
          },
          {
            "x": 196.0,
            "y": 354.0
          },
          {
            "x": 197.0,
            "y": 353.0
          },
          {
            "x": 197.0,
            "y": 351
          },
          {
            "x": 198.0,
            "y": 350
          },
          {
            "x": 198.0,
            "y": 347.0
          },
          {
            "x": 199,
            "y": 346.0
          },
          {
            "x": 199,
            "y": 344.0
          },
          {
            "x": 200,
            "y": 343
          },
          {
            "x": 200,
            "y": 339.0
          },
          {
            "x": 201.0,
            "y": 338.0
          },
          {
            "x": 201.0,
            "y": 337.0
          },
          {
            "x": 202.0,
            "y": 336.0
          },
          {
            "x": 202.0,
            "y": 331.0
          },
          {
            "x": 203.0,
            "y": 330.0
          },
          {
            "x": 203.0,
            "y": 326
          },
          {
            "x": 204.0,
            "y": 325
          },
          {
            "x": 204.0,
            "y": 312.0
          },
          {
            "x": 205.0,
            "y": 311.0
          },
          {
            "x": 205.0,
            "y": 306.0
          },
          {
            "x": 206.0,
            "y": 305.0
          },
          {
            "x": 206.0,
            "y": 293
          },
          {
            "x": 203.0,
            "y": 290
          },
          {
            "x": 203.0,
            "y": 289.0
          },
          {
            "x": 202.0,
            "y": 288.0
          },
          {
            "x": 200,
            "y": 288.0
          },
          {
            "x": 199,
            "y": 289.0
          },
          {
            "x": 197.0,
            "y": 289.0
          },
          {
            "x": 196.0,
            "y": 290
          },
          {
            "x": 195.0,
            "y": 289.0
          },
          {
            "x": 193.0,
            "y": 289.0
          },
          {
            "x": 192,
            "y": 288.0
          },
          {
            "x": 191,
            "y": 288.0
          },
          {
            "x": 190.0,
            "y": 287.0
          },
          {
            "x": 189.0,
            "y": 287.0
          },
          {
            "x": 188.0,
            "y": 286.0
          },
          {
            "x": 187.0,
            "y": 286.0
          },
          {
            "x": 185.0,
            "y": 284
          },
          {
            "x": 184,
            "y": 284
          },
          {
            "x": 183,
            "y": 283
          },
          {
            "x": 182.0,
            "y": 283
          },
          {
            "x": 180.0,
            "y": 281.0
          },
          {
            "x": 179.0,
            "y": 281.0
          },
          {
            "x": 178.0,
            "y": 280.0
          },
          {
            "x": 176.0,
            "y": 280.0
          },
          {
            "x": 174,
            "y": 278
          },
          {
            "x": 172.0,
            "y": 278
          },
          {
            "x": 171.0,
            "y": 277.0
          },
          {
            "x": 169.0,
            "y": 277.0
          },
          {
            "x": 168.0,
            "y": 278
          },
          {
            "x": 167,
            "y": 278
          },
          {
            "x": 166,
            "y": 279
          },
          {
            "x": 165.0,
            "y": 279
          },
          {
            "x": 164.0,
            "y": 280.0
          },
          {
            "x": 162.0,
            "y": 280.0
          },
          {
            "x": 161.0,
            "y": 281.0
          },
          {
            "x": 159,
            "y": 281.0
          },
          {
            "x": 157.0,
            "y": 279
          },
          {
            "x": 157.0,
            "y": 278
          },
          {
            "x": 155.0,
            "y": 276
          },
          {
            "x": 155.0,
            "y": 275
          },
          {
            "x": 154.0,
            "y": 274
          },
          {
            "x": 154.0,
            "y": 271
          },
          {
            "x": 153.0,
            "y": 270
          },
          {
            "x": 152.0,
            "y": 270
          },
          {
            "x": 151.0,
            "y": 269.0
          },
          {
            "x": 146.0,
            "y": 269.0
          },
          {
            "x": 145.0,
            "y": 270
          },
          {
            "x": 145.0,
            "y": 271
          },
          {
            "x": 144.0,
            "y": 272.0
          },
          {
            "x": 144.0,
            "y": 279
          },
          {
            "x": 142,
            "y": 281.0
          },
          {
            "x": 136.0,
            "y": 281.0
          },
          {
            "x": 135.0,
            "y": 282
          },
          {
            "x": 133,
            "y": 282
          },
          {
            "x": 132.0,
            "y": 281.0
          },
          {
            "x": 130.0,
            "y": 281.0
          },
          {
            "x": 129.0,
            "y": 280.0
          },
          {
            "x": 127.0,
            "y": 280.0
          },
          {
            "x": 126.0,
            "y": 279
          },
          {
            "x": 125,
            "y": 279
          },
          {
            "x": 124.0,
            "y": 278
          },
          {
            "x": 122.0,
            "y": 278
          },
          {
            "x": 121.0,
            "y": 277.0
          },
          {
            "x": 119.0,
            "y": 277.0
          },
          {
            "x": 118.0,
            "y": 276
          },
          {
            "x": 116.0,
            "y": 276
          },
          {
            "x": 115.0,
            "y": 275
          },
          {
            "x": 113.0,
            "y": 275
          },
          {
            "x": 112.0,
            "y": 274
          },
          {
            "x": 111.0,
            "y": 274
          },
          {
            "x": 110.0,
            "y": 273
          },
          {
            "x": 107.0,
            "y": 273
          },
          {
            "x": 106.0,
            "y": 272.0
          },
          {
            "x": 105.0,
            "y": 272.0
          },
          {
            "x": 104.0,
            "y": 271
          },
          {
            "x": 102.0,
            "y": 271
          },
          {
            "x": 101.0,
            "y": 270
          },
          {
            "x": 100,
            "y": 270
          },
          {
            "x": 99.0,
            "y": 269.0
          },
          {
            "x": 97.0,
            "y": 269.0
          },
          {
            "x": 95.0,
            "y": 267
          },
          {
            "x": 94.0,
            "y": 267
          },
          {
            "x": 93.0,
            "y": 266
          },
          {
            "x": 92,
            "y": 266
          },
          {
            "x": 91.0,
            "y": 265
          },
          {
            "x": 91.0,
            "y": 264.0
          }
        ]
      }
    },
    {
      "name": "Glasses",
      "polygon": {
        "path": [
          {
            "x": 111.0,
            "y": 70.0
          },
          {
            "x": 112,
            "y": 71
          },
          {
            "x": 112,
            "y": 72.0
          },
          {
            "x": 116,
            "y": 76.0
          },
          {
            "x": 128,
            "y": 76.0
          },
          {
            "x": 129,
            "y": 75
          },
          {
            "x": 130.0,
            "y": 75
          },
          {
            "x": 130.0,
            "y": 74.0
          },
          {
            "x": 133.0,
            "y": 71
          },
          {
            "x": 133.0,
            "y": 70.0
          },
          {
            "x": 134.0,
            "y": 69
          },
          {
            "x": 134.0,
            "y": 68.0
          },
          {
            "x": 135,
            "y": 67
          },
          {
            "x": 135,
            "y": 66.0
          },
          {
            "x": 136,
            "y": 65
          },
          {
            "x": 136,
            "y": 64.0
          },
          {
            "x": 137,
            "y": 63
          },
          {
            "x": 140,
            "y": 66.0
          },
          {
            "x": 140,
            "y": 67
          },
          {
            "x": 144,
            "y": 71
          },
          {
            "x": 144,
            "y": 72.0
          },
          {
            "x": 145,
            "y": 72.0
          },
          {
            "x": 147,
            "y": 74.0
          },
          {
            "x": 156,
            "y": 74.0
          },
          {
            "x": 157,
            "y": 73
          },
          {
            "x": 160.0,
            "y": 73
          },
          {
            "x": 163.0,
            "y": 70.0
          },
          {
            "x": 163.0,
            "y": 68.0
          },
          {
            "x": 164,
            "y": 67
          },
          {
            "x": 164,
            "y": 65
          },
          {
            "x": 166,
            "y": 63
          },
          {
            "x": 166,
            "y": 62
          },
          {
            "x": 167,
            "y": 61
          },
          {
            "x": 167,
            "y": 58
          },
          {
            "x": 166,
            "y": 57
          },
          {
            "x": 165,
            "y": 58
          },
          {
            "x": 162.0,
            "y": 58
          },
          {
            "x": 160.0,
            "y": 56
          },
          {
            "x": 160.0,
            "y": 54
          },
          {
            "x": 144,
            "y": 54
          },
          {
            "x": 143,
            "y": 55
          },
          {
            "x": 141.0,
            "y": 55
          },
          {
            "x": 140,
            "y": 56
          },
          {
            "x": 139,
            "y": 56
          },
          {
            "x": 137,
            "y": 58
          },
          {
            "x": 135,
            "y": 58
          },
          {
            "x": 133.0,
            "y": 56
          },
          {
            "x": 131,
            "y": 56
          },
          {
            "x": 130.0,
            "y": 55
          },
          {
            "x": 125.0,
            "y": 55
          },
          {
            "x": 124,
            "y": 54
          },
          {
            "x": 119.0,
            "y": 54
          },
          {
            "x": 118.0,
            "y": 53
          },
          {
            "x": 116,
            "y": 55
          },
          {
            "x": 115.0,
            "y": 55
          },
          {
            "x": 113,
            "y": 57
          },
          {
            "x": 113,
            "y": 59
          },
          {
            "x": 112,
            "y": 60
          },
          {
            "x": 112,
            "y": 64.0
          },
          {
            "x": 111.0,
            "y": 65
          }
        ]
      }
    }
  ]
}