{
  "image": {
    "width": 309,
    "height": 400,
    "filename": "00000046.jpg",
    "original_filename": "000525.jpg",
    "url": "https://darwin.v7labs.com/api/images/1212418/original?token=cd62f37c-afe4-4d19-9fa3-5be62f6a54a9",
    "thumbnail_url": "https://darwin.v7labs.com/api/images/1212418/thumbnail?token=cd62f37c-afe4-4d19-9fa3-5be62f6a54a9",
    "workview_url": "https://darwin.v7labs.com/workview?dataset=1177&image=46"
  },
  "dataset": "Fashion_3",
  "annotated": true,
  "annotations": [
    {
      "name": "Dress Polygon ",
      "polygon": {
        "path": [
          {
            "x": 137,
            "y": 109
          },
          {
            "x": 135.0,
            "y": 111.0
          },
          {
            "x": 135.0,
            "y": 112
          },
          {
            "x": 134.0,
            "y": 113
          },
          {
            "x": 134.0,
            "y": 116
          },
          {
            "x": 133.0,
            "y": 117.0
          },
          {
            "x": 133.0,
            "y": 138
          },
          {
            "x": 132.0,
            "y": 139
          },
          {
            "x": 132.0,
            "y": 147
          },
          {
            "x": 131.0,
            "y": 148
          },
          {
            "x": 131.0,
            "y": 150
          },
          {
            "x": 130.0,
            "y": 151
          },
          {
            "x": 130.0,
            "y": 158
          },
          {
            "x": 129.0,
            "y": 159
          },
          {
            "x": 129.0,
            "y": 160
          },
          {
            "x": 128.0,
            "y": 161
          },
          {
            "x": 128.0,
            "y": 166
          },
          {
            "x": 129.0,
            "y": 167
          },
          {
            "x": 129.0,
            "y": 171
          },
          {
            "x": 127.0,
            "y": 173
          },
          {
            "x": 127.0,
            "y": 178
          },
          {
            "x": 126.0,
            "y": 179
          },
          {
            "x": 126.0,
            "y": 183
          },
          {
            "x": 125,
            "y": 184
          },
          {
            "x": 125,
            "y": 186
          },
          {
            "x": 124,
            "y": 187
          },
          {
            "x": 124,
            "y": 191
          },
          {
            "x": 123.0,
            "y": 192
          },
          {
            "x": 123.0,
            "y": 194
          },
          {
            "x": 122.0,
            "y": 195
          },
          {
            "x": 122.0,
            "y": 198
          },
          {
            "x": 121.0,
            "y": 199
          },
          {
            "x": 121.0,
            "y": 211
          },
          {
            "x": 120.0,
            "y": 212
          },
          {
            "x": 120.0,
            "y": 223
          },
          {
            "x": 121.0,
            "y": 224
          },
          {
            "x": 121.0,
            "y": 227.0
          },
          {
            "x": 122.0,
            "y": 228.0
          },
          {
            "x": 122.0,
            "y": 229.0
          },
          {
            "x": 121.0,
            "y": 230
          },
          {
            "x": 121.0,
            "y": 234.0
          },
          {
            "x": 122.0,
            "y": 235.0
          },
          {
            "x": 123.0,
            "y": 235.0
          },
          {
            "x": 124,
            "y": 236
          },
          {
            "x": 125,
            "y": 236
          },
          {
            "x": 126.0,
            "y": 237
          },
          {
            "x": 128.0,
            "y": 237
          },
          {
            "x": 129.0,
            "y": 238
          },
          {
            "x": 131.0,
            "y": 238
          },
          {
            "x": 132.0,
            "y": 239
          },
          {
            "x": 139,
            "y": 239
          },
          {
            "x": 140.0,
            "y": 240.0
          },
          {
            "x": 145.0,
            "y": 240.0
          },
          {
            "x": 147.0,
            "y": 238
          },
          {
            "x": 148,
            "y": 238
          },
          {
            "x": 149,
            "y": 237
          },
          {
            "x": 155.0,
            "y": 237
          },
          {
            "x": 156.0,
            "y": 238
          },
          {
            "x": 161,
            "y": 238
          },
          {
            "x": 162,
            "y": 239
          },
          {
            "x": 165.0,
            "y": 239
          },
          {
            "x": 166.0,
            "y": 240.0
          },
          {
            "x": 168.0,
            "y": 240.0
          },
          {
            "x": 169.0,
            "y": 241.0
          },
          {
            "x": 172.0,
            "y": 241.0
          },
          {
            "x": 173,
            "y": 242
          },
          {
            "x": 180.0,
            "y": 242
          },
          {
            "x": 180.0,
            "y": 239
          },
          {
            "x": 179.0,
            "y": 238
          },
          {
            "x": 179.0,
            "y": 228.0
          },
          {
            "x": 178.0,
            "y": 227.0
          },
          {
            "x": 178.0,
            "y": 217
          },
          {
            "x": 177.0,
            "y": 216.0
          },
          {
            "x": 177.0,
            "y": 207
          },
          {
            "x": 178.0,
            "y": 206
          },
          {
            "x": 178.0,
            "y": 199
          },
          {
            "x": 177.0,
            "y": 198
          },
          {
            "x": 177.0,
            "y": 194
          },
          {
            "x": 176,
            "y": 193
          },
          {
            "x": 176,
            "y": 192
          },
          {
            "x": 175,
            "y": 191
          },
          {
            "x": 175,
            "y": 190
          },
          {
            "x": 174,
            "y": 189
          },
          {
            "x": 174,
            "y": 188
          },
          {
            "x": 172.0,
            "y": 186
          },
          {
            "x": 172.0,
            "y": 184
          },
          {
            "x": 171.0,
            "y": 183
          },
          {
            "x": 171.0,
            "y": 178
          },
          {
            "x": 170.0,
            "y": 177
          },
          {
            "x": 170.0,
            "y": 174
          },
          {
            "x": 169.0,
            "y": 173
          },
          {
            "x": 169.0,
            "y": 170
          },
          {
            "x": 168.0,
            "y": 169
          },
          {
            "x": 168.0,
            "y": 168
          },
          {
            "x": 167.0,
            "y": 167
          },
          {
            "x": 167.0,
            "y": 165
          },
          {
            "x": 166.0,
            "y": 164
          },
          {
            "x": 166.0,
            "y": 158
          },
          {
            "x": 165.0,
            "y": 157
          },
          {
            "x": 165.0,
            "y": 138
          },
          {
            "x": 164,
            "y": 137
          },
          {
            "x": 164,
            "y": 134
          },
          {
            "x": 163,
            "y": 133
          },
          {
            "x": 163,
            "y": 128
          },
          {
            "x": 161,
            "y": 126.0
          },
          {
            "x": 160.0,
            "y": 126.0
          },
          {
            "x": 159.0,
            "y": 127.0
          },
          {
            "x": 158.0,
            "y": 126.0
          },
          {
            "x": 157.0,
            "y": 126.0
          },
          {
            "x": 155.0,
            "y": 124
          },
          {
            "x": 155.0,
            "y": 122
          },
          {
            "x": 154.0,
            "y": 121
          },
          {
            "x": 154.0,
            "y": 120.0
          },
          {
            "x": 153.0,
            "y": 119
          },
          {
            "x": 153.0,
            "y": 117.0
          },
          {
            "x": 154.0,
            "y": 116
          },
          {
            "x": 154.0,
            "y": 115
          },
          {
            "x": 153.0,
            "y": 114.0
          },
          {
            "x": 152.0,
            "y": 114.0
          },
          {
            "x": 151,
            "y": 113
          },
          {
            "x": 146.0,
            "y": 113
          },
          {
            "x": 145.0,
            "y": 112
          },
          {
            "x": 142.0,
            "y": 112
          },
          {
            "x": 141.0,
            "y": 111.0
          },
          {
            "x": 139,
            "y": 111.0
          }
        ]
      }
    },
    {
      "bounding_box": {
        "h": 99.5,
        "w": 27.77,
        "x": 130.81,
        "y": 297.0
      },
      "name": "Boots Polygon "
    },
    {
      "bounding_box": {
        "h": 100.07,
        "w": 38.76,
        "x": 157.42,
        "y": 294.69
      },
      "name": "Boots Polygon "
    }
  ]
}