{
  "image": {
    "width": 266,
    "height": 400,
    "filename": "00000144.jpg",
    "original_filename": "000384.jpg",
    "url": "https://darwin.v7labs.com/api/images/1212286/original?token=16d6037d-33e8-4c8d-8cb7-761abbebab61",
    "thumbnail_url": "https://darwin.v7labs.com/api/images/1212286/thumbnail?token=16d6037d-33e8-4c8d-8cb7-761abbebab61",
    "workview_url": "https://darwin.v7labs.com/workview?dataset=1176&image=144"
  },
  "dataset": "Fashion_2",
  "annotated": true,
  "annotations": [
    {
      "name": "Sarafan Polygon ",
      "polygon": {
        "path": [
          {
            "x": 108.0,
            "y": 120
          },
          {
            "x": 106,
            "y": 120
          },
          {
            "x": 104.0,
            "y": 122
          },
          {
            "x": 103.0,
            "y": 122
          },
          {
            "x": 97,
            "y": 128
          },
          {
            "x": 97,
            "y": 129
          },
          {
            "x": 95.0,
            "y": 131
          },
          {
            "x": 95.0,
            "y": 132
          },
          {
            "x": 94.0,
            "y": 133
          },
          {
            "x": 94.0,
            "y": 134
          },
          {
            "x": 93.0,
            "y": 135
          },
          {
            "x": 93.0,
            "y": 137
          },
          {
            "x": 92,
            "y": 138
          },
          {
            "x": 92,
            "y": 141
          },
          {
            "x": 91.0,
            "y": 142
          },
          {
            "x": 91.0,
            "y": 147
          },
          {
            "x": 90.0,
            "y": 148
          },
          {
            "x": 90.0,
            "y": 155
          },
          {
            "x": 89,
            "y": 156
          },
          {
            "x": 89,
            "y": 160
          },
          {
            "x": 88.0,
            "y": 161
          },
          {
            "x": 88.0,
            "y": 198
          },
          {
            "x": 87,
            "y": 199
          },
          {
            "x": 87,
            "y": 202
          },
          {
            "x": 86.0,
            "y": 203
          },
          {
            "x": 86.0,
            "y": 205
          },
          {
            "x": 85,
            "y": 206
          },
          {
            "x": 85,
            "y": 208
          },
          {
            "x": 84,
            "y": 209
          },
          {
            "x": 84,
            "y": 211
          },
          {
            "x": 83.0,
            "y": 212
          },
          {
            "x": 83.0,
            "y": 220
          },
          {
            "x": 82,
            "y": 221.0
          },
          {
            "x": 82,
            "y": 263
          },
          {
            "x": 83.0,
            "y": 264
          },
          {
            "x": 83.0,
            "y": 272
          },
          {
            "x": 84,
            "y": 273.0
          },
          {
            "x": 84,
            "y": 276
          },
          {
            "x": 85,
            "y": 277
          },
          {
            "x": 85,
            "y": 284
          },
          {
            "x": 86.0,
            "y": 285
          },
          {
            "x": 86.0,
            "y": 292
          },
          {
            "x": 87,
            "y": 293
          },
          {
            "x": 87,
            "y": 296
          },
          {
            "x": 88.0,
            "y": 297.0
          },
          {
            "x": 88.0,
            "y": 298
          },
          {
            "x": 89,
            "y": 298
          },
          {
            "x": 90.0,
            "y": 299
          },
          {
            "x": 93.0,
            "y": 299
          },
          {
            "x": 94.0,
            "y": 300
          },
          {
            "x": 96.0,
            "y": 300
          },
          {
            "x": 97,
            "y": 301
          },
          {
            "x": 115.0,
            "y": 301
          },
          {
            "x": 116,
            "y": 300
          },
          {
            "x": 120.0,
            "y": 300
          },
          {
            "x": 121,
            "y": 299
          },
          {
            "x": 126,
            "y": 299
          },
          {
            "x": 127.0,
            "y": 298
          },
          {
            "x": 131,
            "y": 298
          },
          {
            "x": 136,
            "y": 293
          },
          {
            "x": 140,
            "y": 293
          },
          {
            "x": 141,
            "y": 292
          },
          {
            "x": 146,
            "y": 292
          },
          {
            "x": 147.0,
            "y": 291
          },
          {
            "x": 148.0,
            "y": 291
          },
          {
            "x": 148.0,
            "y": 287
          },
          {
            "x": 146,
            "y": 285
          },
          {
            "x": 146,
            "y": 284
          },
          {
            "x": 147.0,
            "y": 283
          },
          {
            "x": 147.0,
            "y": 282
          },
          {
            "x": 148.0,
            "y": 281
          },
          {
            "x": 148.0,
            "y": 277
          },
          {
            "x": 146,
            "y": 275
          },
          {
            "x": 146,
            "y": 262
          },
          {
            "x": 145,
            "y": 261
          },
          {
            "x": 145,
            "y": 259
          },
          {
            "x": 144,
            "y": 258
          },
          {
            "x": 144,
            "y": 257
          },
          {
            "x": 145,
            "y": 256
          },
          {
            "x": 145,
            "y": 246
          },
          {
            "x": 144,
            "y": 245
          },
          {
            "x": 144,
            "y": 233.0
          },
          {
            "x": 143.0,
            "y": 232
          },
          {
            "x": 143.0,
            "y": 222
          },
          {
            "x": 142.0,
            "y": 221.0
          },
          {
            "x": 142.0,
            "y": 208
          },
          {
            "x": 141,
            "y": 207
          },
          {
            "x": 141,
            "y": 203
          },
          {
            "x": 140,
            "y": 202
          },
          {
            "x": 141,
            "y": 201
          },
          {
            "x": 141,
            "y": 190
          },
          {
            "x": 140,
            "y": 189
          },
          {
            "x": 136,
            "y": 189
          },
          {
            "x": 135,
            "y": 188
          },
          {
            "x": 135,
            "y": 186
          },
          {
            "x": 134.0,
            "y": 185
          },
          {
            "x": 134.0,
            "y": 181
          },
          {
            "x": 135,
            "y": 180
          },
          {
            "x": 135,
            "y": 179
          },
          {
            "x": 136,
            "y": 178
          },
          {
            "x": 140,
            "y": 178
          },
          {
            "x": 141,
            "y": 177
          },
          {
            "x": 149,
            "y": 177
          },
          {
            "x": 150,
            "y": 176
          },
          {
            "x": 151.0,
            "y": 176
          },
          {
            "x": 153.0,
            "y": 174
          },
          {
            "x": 154,
            "y": 174
          },
          {
            "x": 155,
            "y": 173
          },
          {
            "x": 158.0,
            "y": 173
          },
          {
            "x": 159,
            "y": 172
          },
          {
            "x": 160,
            "y": 172
          },
          {
            "x": 161.0,
            "y": 173
          },
          {
            "x": 164,
            "y": 173
          },
          {
            "x": 164,
            "y": 172
          },
          {
            "x": 165,
            "y": 171
          },
          {
            "x": 165,
            "y": 170
          },
          {
            "x": 163.0,
            "y": 168
          },
          {
            "x": 163.0,
            "y": 167
          },
          {
            "x": 162.0,
            "y": 167
          },
          {
            "x": 161.0,
            "y": 166
          },
          {
            "x": 160,
            "y": 166
          },
          {
            "x": 158.0,
            "y": 164
          },
          {
            "x": 157.0,
            "y": 164
          },
          {
            "x": 153.0,
            "y": 160
          },
          {
            "x": 153.0,
            "y": 159
          },
          {
            "x": 151.0,
            "y": 157
          },
          {
            "x": 151.0,
            "y": 156
          },
          {
            "x": 146,
            "y": 151.0
          },
          {
            "x": 146,
            "y": 150
          },
          {
            "x": 145,
            "y": 149
          },
          {
            "x": 145,
            "y": 147
          },
          {
            "x": 144,
            "y": 146
          },
          {
            "x": 144,
            "y": 145
          },
          {
            "x": 143.0,
            "y": 144
          },
          {
            "x": 143.0,
            "y": 143
          },
          {
            "x": 142.0,
            "y": 142
          },
          {
            "x": 142.0,
            "y": 140
          },
          {
            "x": 140,
            "y": 138
          },
          {
            "x": 140,
            "y": 137
          },
          {
            "x": 138.0,
            "y": 135
          },
          {
            "x": 138.0,
            "y": 133
          },
          {
            "x": 134.0,
            "y": 129
          },
          {
            "x": 134.0,
            "y": 128
          },
          {
            "x": 133.0,
            "y": 128
          },
          {
            "x": 131,
            "y": 126
          },
          {
            "x": 130,
            "y": 126
          },
          {
            "x": 129.0,
            "y": 125.0
          },
          {
            "x": 127.0,
            "y": 125.0
          },
          {
            "x": 127.0,
            "y": 128
          },
          {
            "x": 128.0,
            "y": 129
          },
          {
            "x": 128.0,
            "y": 132
          },
          {
            "x": 127.0,
            "y": 133
          },
          {
            "x": 126,
            "y": 133
          },
          {
            "x": 125.0,
            "y": 134
          },
          {
            "x": 123.0,
            "y": 134
          },
          {
            "x": 117.0,
            "y": 128
          },
          {
            "x": 116,
            "y": 128
          },
          {
            "x": 113.0,
            "y": 125.0
          },
          {
            "x": 112.0,
            "y": 125.0
          },
          {
            "x": 109.0,
            "y": 122
          },
          {
            "x": 109.0,
            "y": 121
          }
        ]
      }
    }
  ]
}