{
  "image": {
    "width": 267,
    "height": 400,
    "filename": "00000096.jpg",
    "original_filename": "000336.jpg",
    "url": "https://darwin.v7labs.com/api/images/1212238/original?token=16d6037d-33e8-4c8d-8cb7-761abbebab61",
    "thumbnail_url": "https://darwin.v7labs.com/api/images/1212238/thumbnail?token=16d6037d-33e8-4c8d-8cb7-761abbebab61",
    "workview_url": "https://darwin.v7labs.com/workview?dataset=1176&image=96"
  },
  "dataset": "Fashion_2",
  "annotated": true,
  "annotations": [
    {
      "name": "Trousers Polygon ",
      "polygon": {
        "path": [
          {
            "x": 95.77,
            "y": 220.16
          },
          {
            "x": 94.38,
            "y": 220.14
          },
          {
            "x": 93.3,
            "y": 220.68
          },
          {
            "x": 92.84,
            "y": 224.22
          },
          {
            "x": 93.22,
            "y": 226.15
          },
          {
            "x": 93.22,
            "y": 228.07
          },
          {
            "x": 93.15,
            "y": 229.77
          },
          {
            "x": 93.15,
            "y": 253.92
          },
          {
            "x": 93.77,
            "y": 258.16
          },
          {
            "x": 93.77,
            "y": 263.16
          },
          {
            "x": 93.84,
            "y": 266.24
          },
          {
            "x": 94.77,
            "y": 268.16
          },
          {
            "x": 95.54,
            "y": 271.7
          },
          {
            "x": 95.77,
            "y": 276.16
          },
          {
            "x": 96.07,
            "y": 278.78
          },
          {
            "x": 96.77,
            "y": 282.16
          },
          {
            "x": 97.31,
            "y": 285.01
          },
          {
            "x": 97.77,
            "y": 287.16
          },
          {
            "x": 98.54,
            "y": 292.09
          },
          {
            "x": 98.77,
            "y": 297.16
          },
          {
            "x": 98.84,
            "y": 301.39
          },
          {
            "x": 99.77,
            "y": 305.16
          },
          {
            "x": 99.84,
            "y": 311.01
          },
          {
            "x": 100.77,
            "y": 317.16
          },
          {
            "x": 100.84,
            "y": 323.48
          },
          {
            "x": 101.77,
            "y": 336.16
          },
          {
            "x": 104.77,
            "y": 339.16
          },
          {
            "x": 105.77,
            "y": 339.16
          },
          {
            "x": 106.77,
            "y": 340.16
          },
          {
            "x": 113.77,
            "y": 340.16
          },
          {
            "x": 114.77,
            "y": 339.16
          },
          {
            "x": 116.77,
            "y": 339.16
          },
          {
            "x": 117.77,
            "y": 338.16
          },
          {
            "x": 117.77,
            "y": 335.16
          },
          {
            "x": 118.77,
            "y": 334.16
          },
          {
            "x": 118.77,
            "y": 327.16
          },
          {
            "x": 119.77,
            "y": 326.16
          },
          {
            "x": 119.77,
            "y": 316.16
          },
          {
            "x": 120.77,
            "y": 315.16
          },
          {
            "x": 120.77,
            "y": 306.16
          },
          {
            "x": 121.77,
            "y": 305.16
          },
          {
            "x": 121.77,
            "y": 292.16
          },
          {
            "x": 122.77,
            "y": 291.16
          },
          {
            "x": 122.77,
            "y": 289.16
          },
          {
            "x": 123.77,
            "y": 288.16
          },
          {
            "x": 124.77,
            "y": 289.16
          },
          {
            "x": 124.77,
            "y": 325.16
          },
          {
            "x": 125.77,
            "y": 326.16
          },
          {
            "x": 125.77,
            "y": 345.16
          },
          {
            "x": 126.77,
            "y": 346.16
          },
          {
            "x": 126.77,
            "y": 366.16
          },
          {
            "x": 127.77,
            "y": 367.16
          },
          {
            "x": 138.77,
            "y": 367.16
          },
          {
            "x": 139.77,
            "y": 368.16
          },
          {
            "x": 142.77,
            "y": 368.16
          },
          {
            "x": 144.77,
            "y": 366.16
          },
          {
            "x": 144.77,
            "y": 353.16
          },
          {
            "x": 145.77,
            "y": 352.16
          },
          {
            "x": 146.0,
            "y": 337.94
          },
          {
            "x": 145.84,
            "y": 332.31
          },
          {
            "x": 146.07,
            "y": 323.01
          },
          {
            "x": 145.77,
            "y": 320.16
          },
          {
            "x": 145.54,
            "y": 311.32
          },
          {
            "x": 144.77,
            "y": 306.16
          },
          {
            "x": 144.77,
            "y": 297.16
          },
          {
            "x": 145.77,
            "y": 296.16
          },
          {
            "x": 145.77,
            "y": 293.16
          },
          {
            "x": 146.77,
            "y": 292.16
          },
          {
            "x": 146.77,
            "y": 289.16
          },
          {
            "x": 147.77,
            "y": 288.16
          },
          {
            "x": 147.77,
            "y": 284.16
          },
          {
            "x": 148.77,
            "y": 283.16
          },
          {
            "x": 148.77,
            "y": 279.16
          },
          {
            "x": 149.77,
            "y": 278.16
          },
          {
            "x": 149.77,
            "y": 275.16
          },
          {
            "x": 150.77,
            "y": 274.16
          },
          {
            "x": 150.77,
            "y": 271.16
          },
          {
            "x": 151.77,
            "y": 270.16
          },
          {
            "x": 151.77,
            "y": 266.16
          },
          {
            "x": 152.77,
            "y": 265.16
          },
          {
            "x": 152.77,
            "y": 264.16
          },
          {
            "x": 153.77,
            "y": 263.16
          },
          {
            "x": 153.77,
            "y": 255.16
          },
          {
            "x": 154.77,
            "y": 254.16
          },
          {
            "x": 154.77,
            "y": 244.16
          },
          {
            "x": 155.77,
            "y": 243.16
          },
          {
            "x": 155.77,
            "y": 242.16
          },
          {
            "x": 156.77,
            "y": 241.16
          },
          {
            "x": 156.77,
            "y": 239.16
          },
          {
            "x": 157.77,
            "y": 238.16
          },
          {
            "x": 157.77,
            "y": 235.16
          },
          {
            "x": 151.77,
            "y": 229.16
          },
          {
            "x": 150.77,
            "y": 229.16
          },
          {
            "x": 147.77,
            "y": 226.16
          },
          {
            "x": 146.77,
            "y": 226.16
          },
          {
            "x": 145.77,
            "y": 225.16
          },
          {
            "x": 143.77,
            "y": 225.16
          },
          {
            "x": 141.84,
            "y": 223.69
          },
          {
            "x": 121.54,
            "y": 222.54
          },
          {
            "x": 115.46,
            "y": 222.93
          },
          {
            "x": 105.77,
            "y": 223.16
          },
          {
            "x": 103.77,
            "y": 221.16
          },
          {
            "x": 101.77,
            "y": 221.16
          },
          {
            "x": 100.77,
            "y": 220.16
          }
        ]
      }
    },
    {
      "bounding_box": {
        "h": 23.86,
        "w": 25.7,
        "x": 124.32,
        "y": 374.54
      },
      "name": "Sneakers"
    },
    {
      "bounding_box": {
        "h": 31.66,
        "w": 25.7,
        "x": 99.55,
        "y": 336.45
      },
      "name": "Sneakers"
    }
  ]
}