{
  "image": {
    "width": 266,
    "height": 400,
    "filename": "00000076.jpg",
    "original_filename": "000555.jpg",
    "url": "https://darwin.v7labs.com/api/images/1212448/original?token=cd62f37c-afe4-4d19-9fa3-5be62f6a54a9",
    "thumbnail_url": "https://darwin.v7labs.com/api/images/1212448/thumbnail?token=cd62f37c-afe4-4d19-9fa3-5be62f6a54a9",
    "workview_url": "https://darwin.v7labs.com/workview?dataset=1177&image=76"
  },
  "dataset": "Fashion_3",
  "annotated": true,
  "annotations": [
    {
      "name": "Dress Polygon ",
      "polygon": {
        "path": [
          {
            "x": 153,
            "y": 70
          },
          {
            "x": 153,
            "y": 75
          },
          {
            "x": 152,
            "y": 76
          },
          {
            "x": 152,
            "y": 80
          },
          {
            "x": 151.0,
            "y": 81
          },
          {
            "x": 148.0,
            "y": 81
          },
          {
            "x": 138,
            "y": 91
          },
          {
            "x": 136,
            "y": 91
          },
          {
            "x": 134,
            "y": 89
          },
          {
            "x": 134,
            "y": 88
          },
          {
            "x": 135,
            "y": 87
          },
          {
            "x": 135,
            "y": 85
          },
          {
            "x": 134,
            "y": 84
          },
          {
            "x": 134,
            "y": 82
          },
          {
            "x": 133,
            "y": 81
          },
          {
            "x": 133,
            "y": 80
          },
          {
            "x": 131,
            "y": 78
          },
          {
            "x": 131,
            "y": 85
          },
          {
            "x": 130,
            "y": 86
          },
          {
            "x": 130,
            "y": 88
          },
          {
            "x": 131,
            "y": 89
          },
          {
            "x": 131,
            "y": 97
          },
          {
            "x": 129,
            "y": 99
          },
          {
            "x": 128,
            "y": 99
          },
          {
            "x": 127.0,
            "y": 100
          },
          {
            "x": 126,
            "y": 100
          },
          {
            "x": 125,
            "y": 101
          },
          {
            "x": 123,
            "y": 101
          },
          {
            "x": 121,
            "y": 103
          },
          {
            "x": 120,
            "y": 103
          },
          {
            "x": 115,
            "y": 108
          },
          {
            "x": 112.0,
            "y": 108
          },
          {
            "x": 111,
            "y": 109.0
          },
          {
            "x": 109.0,
            "y": 109.0
          },
          {
            "x": 108,
            "y": 110
          },
          {
            "x": 106,
            "y": 110
          },
          {
            "x": 104.0,
            "y": 108
          },
          {
            "x": 104.0,
            "y": 112.0
          },
          {
            "x": 103,
            "y": 113
          },
          {
            "x": 103,
            "y": 115
          },
          {
            "x": 102.0,
            "y": 116
          },
          {
            "x": 102.0,
            "y": 126
          },
          {
            "x": 103,
            "y": 127.0
          },
          {
            "x": 103,
            "y": 132
          },
          {
            "x": 104.0,
            "y": 133
          },
          {
            "x": 104.0,
            "y": 134
          },
          {
            "x": 109.0,
            "y": 134
          },
          {
            "x": 110,
            "y": 135
          },
          {
            "x": 111,
            "y": 135
          },
          {
            "x": 112.0,
            "y": 136
          },
          {
            "x": 113,
            "y": 135
          },
          {
            "x": 114.0,
            "y": 135
          },
          {
            "x": 115,
            "y": 136
          },
          {
            "x": 116,
            "y": 135
          },
          {
            "x": 117.0,
            "y": 135
          },
          {
            "x": 117.0,
            "y": 133
          },
          {
            "x": 119.0,
            "y": 131
          },
          {
            "x": 119.0,
            "y": 130
          },
          {
            "x": 120,
            "y": 129
          },
          {
            "x": 122.0,
            "y": 131
          },
          {
            "x": 122.0,
            "y": 136
          },
          {
            "x": 121,
            "y": 137
          },
          {
            "x": 121,
            "y": 141
          },
          {
            "x": 122.0,
            "y": 142
          },
          {
            "x": 122.0,
            "y": 143
          },
          {
            "x": 124.0,
            "y": 145
          },
          {
            "x": 124.0,
            "y": 147
          },
          {
            "x": 120,
            "y": 151
          },
          {
            "x": 120,
            "y": 152
          },
          {
            "x": 118,
            "y": 154
          },
          {
            "x": 118,
            "y": 156
          },
          {
            "x": 116,
            "y": 158
          },
          {
            "x": 116,
            "y": 159
          },
          {
            "x": 115,
            "y": 160
          },
          {
            "x": 115,
            "y": 161
          },
          {
            "x": 114.0,
            "y": 162
          },
          {
            "x": 114.0,
            "y": 163
          },
          {
            "x": 113,
            "y": 164
          },
          {
            "x": 113,
            "y": 165
          },
          {
            "x": 112.0,
            "y": 166
          },
          {
            "x": 112.0,
            "y": 169
          },
          {
            "x": 111,
            "y": 170
          },
          {
            "x": 111,
            "y": 172
          },
          {
            "x": 110,
            "y": 173
          },
          {
            "x": 110,
            "y": 180
          },
          {
            "x": 109.0,
            "y": 181
          },
          {
            "x": 109.0,
            "y": 189
          },
          {
            "x": 108,
            "y": 190
          },
          {
            "x": 108,
            "y": 198
          },
          {
            "x": 107.0,
            "y": 199
          },
          {
            "x": 107.0,
            "y": 201
          },
          {
            "x": 108,
            "y": 202
          },
          {
            "x": 108,
            "y": 207
          },
          {
            "x": 109.0,
            "y": 208
          },
          {
            "x": 109.0,
            "y": 209
          },
          {
            "x": 110,
            "y": 210
          },
          {
            "x": 110,
            "y": 213
          },
          {
            "x": 111,
            "y": 214.0
          },
          {
            "x": 111,
            "y": 216
          },
          {
            "x": 112.0,
            "y": 217
          },
          {
            "x": 112.0,
            "y": 219
          },
          {
            "x": 114.0,
            "y": 221.0
          },
          {
            "x": 114.0,
            "y": 222
          },
          {
            "x": 115,
            "y": 223
          },
          {
            "x": 115,
            "y": 225.0
          },
          {
            "x": 116,
            "y": 226
          },
          {
            "x": 116,
            "y": 228.0
          },
          {
            "x": 115,
            "y": 229
          },
          {
            "x": 115,
            "y": 230
          },
          {
            "x": 116,
            "y": 231.0
          },
          {
            "x": 116,
            "y": 249
          },
          {
            "x": 117.0,
            "y": 249
          },
          {
            "x": 118,
            "y": 250
          },
          {
            "x": 119.0,
            "y": 250
          },
          {
            "x": 120,
            "y": 251.0
          },
          {
            "x": 123,
            "y": 251.0
          },
          {
            "x": 124.0,
            "y": 252
          },
          {
            "x": 128,
            "y": 252
          },
          {
            "x": 129,
            "y": 253
          },
          {
            "x": 135,
            "y": 253
          },
          {
            "x": 136,
            "y": 254.0
          },
          {
            "x": 140,
            "y": 254.0
          },
          {
            "x": 141,
            "y": 255
          },
          {
            "x": 149,
            "y": 255
          },
          {
            "x": 150,
            "y": 256
          },
          {
            "x": 158.0,
            "y": 256
          },
          {
            "x": 159,
            "y": 257
          },
          {
            "x": 160,
            "y": 257
          },
          {
            "x": 161.0,
            "y": 258
          },
          {
            "x": 169,
            "y": 258
          },
          {
            "x": 170,
            "y": 257
          },
          {
            "x": 188.0,
            "y": 257
          },
          {
            "x": 188.0,
            "y": 208
          },
          {
            "x": 187,
            "y": 207
          },
          {
            "x": 187,
            "y": 205
          },
          {
            "x": 186,
            "y": 204
          },
          {
            "x": 186,
            "y": 201
          },
          {
            "x": 185.0,
            "y": 200
          },
          {
            "x": 185.0,
            "y": 195
          },
          {
            "x": 184.0,
            "y": 194
          },
          {
            "x": 184.0,
            "y": 173
          },
          {
            "x": 183,
            "y": 172
          },
          {
            "x": 183,
            "y": 166
          },
          {
            "x": 182.0,
            "y": 165
          },
          {
            "x": 182.0,
            "y": 160
          },
          {
            "x": 181.0,
            "y": 160
          },
          {
            "x": 180,
            "y": 159
          },
          {
            "x": 180,
            "y": 158
          },
          {
            "x": 179,
            "y": 157
          },
          {
            "x": 179,
            "y": 156
          },
          {
            "x": 176,
            "y": 153
          },
          {
            "x": 175.0,
            "y": 153
          },
          {
            "x": 173,
            "y": 151
          },
          {
            "x": 173,
            "y": 150
          },
          {
            "x": 172,
            "y": 149
          },
          {
            "x": 173,
            "y": 148
          },
          {
            "x": 173,
            "y": 146
          },
          {
            "x": 174.0,
            "y": 145
          },
          {
            "x": 174.0,
            "y": 142
          },
          {
            "x": 175.0,
            "y": 141
          },
          {
            "x": 175.0,
            "y": 139
          },
          {
            "x": 176,
            "y": 138
          },
          {
            "x": 176,
            "y": 137
          },
          {
            "x": 177,
            "y": 136
          },
          {
            "x": 178.0,
            "y": 136
          },
          {
            "x": 181.0,
            "y": 133
          },
          {
            "x": 181.0,
            "y": 128
          },
          {
            "x": 182.0,
            "y": 127.0
          },
          {
            "x": 182.0,
            "y": 120
          },
          {
            "x": 183,
            "y": 119.0
          },
          {
            "x": 183,
            "y": 110
          },
          {
            "x": 180,
            "y": 107.0
          },
          {
            "x": 180,
            "y": 94
          },
          {
            "x": 179,
            "y": 93
          },
          {
            "x": 179,
            "y": 91
          },
          {
            "x": 178.0,
            "y": 90
          },
          {
            "x": 178.0,
            "y": 84
          },
          {
            "x": 177,
            "y": 83
          },
          {
            "x": 177,
            "y": 76
          },
          {
            "x": 176,
            "y": 75
          },
          {
            "x": 175.0,
            "y": 75
          },
          {
            "x": 174.0,
            "y": 74
          },
          {
            "x": 162.0,
            "y": 74
          },
          {
            "x": 161.0,
            "y": 73
          },
          {
            "x": 158.0,
            "y": 73
          },
          {
            "x": 157,
            "y": 72
          },
          {
            "x": 156,
            "y": 72
          },
          {
            "x": 155.0,
            "y": 71
          },
          {
            "x": 155.0,
            "y": 70
          }
        ]
      }
    }
  ]
}