{
  "image": {
    "width": 500,
    "height": 750,
    "filename": "00000037.jpg",
    "original_filename": "000277.jpg",
    "url": "https://darwin.v7labs.com/api/images/1212179/original?token=16d6037d-33e8-4c8d-8cb7-761abbebab61",
    "thumbnail_url": "https://darwin.v7labs.com/api/images/1212179/thumbnail?token=16d6037d-33e8-4c8d-8cb7-761abbebab61",
    "workview_url": "https://darwin.v7labs.com/workview?dataset=1176&image=37"
  },
  "dataset": "Fashion_2",
  "annotated": true,
  "annotations": [
    {
      "name": "Trousers Polygon ",
      "polygon": {
        "path": [
          {
            "x": 291,
            "y": 397
          },
          {
            "x": 289,
            "y": 397
          },
          {
            "x": 288,
            "y": 396
          },
          {
            "x": 284,
            "y": 396
          },
          {
            "x": 283,
            "y": 397
          },
          {
            "x": 245,
            "y": 397
          },
          {
            "x": 244.0,
            "y": 396
          },
          {
            "x": 214,
            "y": 396
          },
          {
            "x": 213,
            "y": 397
          },
          {
            "x": 205,
            "y": 397
          },
          {
            "x": 204,
            "y": 398
          },
          {
            "x": 203,
            "y": 398
          },
          {
            "x": 202,
            "y": 399
          },
          {
            "x": 196,
            "y": 399
          },
          {
            "x": 195,
            "y": 400
          },
          {
            "x": 190,
            "y": 400
          },
          {
            "x": 189,
            "y": 401
          },
          {
            "x": 188,
            "y": 401
          },
          {
            "x": 186,
            "y": 403
          },
          {
            "x": 185,
            "y": 403
          },
          {
            "x": 184,
            "y": 404
          },
          {
            "x": 183,
            "y": 404
          },
          {
            "x": 182,
            "y": 405
          },
          {
            "x": 182,
            "y": 418
          },
          {
            "x": 183,
            "y": 419
          },
          {
            "x": 183,
            "y": 428
          },
          {
            "x": 184,
            "y": 429
          },
          {
            "x": 184,
            "y": 439
          },
          {
            "x": 185,
            "y": 440
          },
          {
            "x": 185,
            "y": 444
          },
          {
            "x": 186,
            "y": 445
          },
          {
            "x": 186,
            "y": 455
          },
          {
            "x": 187,
            "y": 456.0
          },
          {
            "x": 187,
            "y": 464
          },
          {
            "x": 188,
            "y": 465
          },
          {
            "x": 188,
            "y": 482.0
          },
          {
            "x": 189,
            "y": 483.0
          },
          {
            "x": 189,
            "y": 504.0
          },
          {
            "x": 188,
            "y": 505.0
          },
          {
            "x": 188,
            "y": 509.0
          },
          {
            "x": 189,
            "y": 510.0
          },
          {
            "x": 189,
            "y": 524
          },
          {
            "x": 190,
            "y": 525
          },
          {
            "x": 190,
            "y": 528
          },
          {
            "x": 191,
            "y": 529
          },
          {
            "x": 191,
            "y": 536
          },
          {
            "x": 192,
            "y": 537
          },
          {
            "x": 192,
            "y": 538
          },
          {
            "x": 193,
            "y": 539
          },
          {
            "x": 193,
            "y": 541
          },
          {
            "x": 194,
            "y": 542
          },
          {
            "x": 194,
            "y": 543
          },
          {
            "x": 195,
            "y": 544
          },
          {
            "x": 195,
            "y": 549
          },
          {
            "x": 191,
            "y": 553
          },
          {
            "x": 191,
            "y": 554
          },
          {
            "x": 189,
            "y": 556
          },
          {
            "x": 189,
            "y": 561
          },
          {
            "x": 188,
            "y": 562
          },
          {
            "x": 188,
            "y": 565
          },
          {
            "x": 186,
            "y": 567
          },
          {
            "x": 186,
            "y": 570
          },
          {
            "x": 184,
            "y": 572
          },
          {
            "x": 184,
            "y": 575
          },
          {
            "x": 183,
            "y": 576
          },
          {
            "x": 183,
            "y": 577
          },
          {
            "x": 182,
            "y": 578
          },
          {
            "x": 182,
            "y": 582
          },
          {
            "x": 181,
            "y": 583
          },
          {
            "x": 181,
            "y": 584
          },
          {
            "x": 180,
            "y": 585
          },
          {
            "x": 180,
            "y": 588
          },
          {
            "x": 179,
            "y": 589
          },
          {
            "x": 179,
            "y": 590
          },
          {
            "x": 177,
            "y": 592
          },
          {
            "x": 177,
            "y": 595
          },
          {
            "x": 176,
            "y": 596
          },
          {
            "x": 176,
            "y": 598
          },
          {
            "x": 175,
            "y": 599
          },
          {
            "x": 175,
            "y": 603
          },
          {
            "x": 174,
            "y": 604
          },
          {
            "x": 174,
            "y": 614
          },
          {
            "x": 175,
            "y": 615
          },
          {
            "x": 175,
            "y": 619
          },
          {
            "x": 176,
            "y": 620
          },
          {
            "x": 176,
            "y": 624
          },
          {
            "x": 175,
            "y": 625
          },
          {
            "x": 175,
            "y": 628
          },
          {
            "x": 174,
            "y": 629
          },
          {
            "x": 174,
            "y": 630
          },
          {
            "x": 173,
            "y": 631
          },
          {
            "x": 173,
            "y": 638
          },
          {
            "x": 172,
            "y": 639
          },
          {
            "x": 171,
            "y": 639
          },
          {
            "x": 169,
            "y": 641
          },
          {
            "x": 168,
            "y": 641
          },
          {
            "x": 168,
            "y": 642
          },
          {
            "x": 167,
            "y": 643
          },
          {
            "x": 166,
            "y": 643
          },
          {
            "x": 166,
            "y": 645
          },
          {
            "x": 165,
            "y": 646
          },
          {
            "x": 165,
            "y": 649
          },
          {
            "x": 166,
            "y": 650
          },
          {
            "x": 166,
            "y": 651
          },
          {
            "x": 167,
            "y": 651
          },
          {
            "x": 169,
            "y": 653
          },
          {
            "x": 171,
            "y": 653
          },
          {
            "x": 172,
            "y": 654
          },
          {
            "x": 190,
            "y": 654
          },
          {
            "x": 191,
            "y": 653
          },
          {
            "x": 203,
            "y": 653
          },
          {
            "x": 205,
            "y": 651
          },
          {
            "x": 206,
            "y": 651
          },
          {
            "x": 206,
            "y": 650
          },
          {
            "x": 207,
            "y": 649
          },
          {
            "x": 208,
            "y": 649
          },
          {
            "x": 208,
            "y": 648
          },
          {
            "x": 209,
            "y": 647
          },
          {
            "x": 210,
            "y": 647
          },
          {
            "x": 210,
            "y": 646
          },
          {
            "x": 211,
            "y": 645
          },
          {
            "x": 211,
            "y": 643
          },
          {
            "x": 212,
            "y": 642
          },
          {
            "x": 212,
            "y": 641
          },
          {
            "x": 213,
            "y": 640
          },
          {
            "x": 213,
            "y": 638
          },
          {
            "x": 214,
            "y": 637
          },
          {
            "x": 214,
            "y": 636
          },
          {
            "x": 217,
            "y": 633
          },
          {
            "x": 220,
            "y": 633
          },
          {
            "x": 221,
            "y": 632
          },
          {
            "x": 225,
            "y": 632
          },
          {
            "x": 226,
            "y": 633
          },
          {
            "x": 231.0,
            "y": 633
          },
          {
            "x": 232,
            "y": 634
          },
          {
            "x": 234.0,
            "y": 634
          },
          {
            "x": 235,
            "y": 635
          },
          {
            "x": 245,
            "y": 635
          },
          {
            "x": 245,
            "y": 634
          },
          {
            "x": 247.0,
            "y": 632
          },
          {
            "x": 247.0,
            "y": 627
          },
          {
            "x": 246,
            "y": 626
          },
          {
            "x": 246,
            "y": 625
          },
          {
            "x": 245,
            "y": 625
          },
          {
            "x": 243,
            "y": 623
          },
          {
            "x": 243,
            "y": 622
          },
          {
            "x": 242.0,
            "y": 621
          },
          {
            "x": 244.0,
            "y": 619
          },
          {
            "x": 245,
            "y": 619
          },
          {
            "x": 248,
            "y": 616
          },
          {
            "x": 248,
            "y": 613
          },
          {
            "x": 249.0,
            "y": 612
          },
          {
            "x": 249.0,
            "y": 611
          },
          {
            "x": 250,
            "y": 610
          },
          {
            "x": 250,
            "y": 606
          },
          {
            "x": 251,
            "y": 605
          },
          {
            "x": 251,
            "y": 602
          },
          {
            "x": 252.0,
            "y": 601
          },
          {
            "x": 252.0,
            "y": 592
          },
          {
            "x": 253,
            "y": 591
          },
          {
            "x": 253,
            "y": 572
          },
          {
            "x": 254,
            "y": 571
          },
          {
            "x": 254,
            "y": 569
          },
          {
            "x": 255.0,
            "y": 568
          },
          {
            "x": 255.0,
            "y": 565
          },
          {
            "x": 257,
            "y": 563
          },
          {
            "x": 257,
            "y": 562
          },
          {
            "x": 260,
            "y": 559
          },
          {
            "x": 260,
            "y": 558
          },
          {
            "x": 264,
            "y": 554
          },
          {
            "x": 264,
            "y": 553
          },
          {
            "x": 267,
            "y": 550
          },
          {
            "x": 267,
            "y": 549
          },
          {
            "x": 269,
            "y": 547
          },
          {
            "x": 269,
            "y": 546
          },
          {
            "x": 270,
            "y": 545
          },
          {
            "x": 270,
            "y": 544
          },
          {
            "x": 271,
            "y": 543
          },
          {
            "x": 271,
            "y": 541
          },
          {
            "x": 272,
            "y": 540
          },
          {
            "x": 272,
            "y": 539
          },
          {
            "x": 273,
            "y": 538
          },
          {
            "x": 273,
            "y": 536
          },
          {
            "x": 274,
            "y": 535
          },
          {
            "x": 274,
            "y": 534
          },
          {
            "x": 275,
            "y": 533
          },
          {
            "x": 275,
            "y": 532
          },
          {
            "x": 276,
            "y": 531
          },
          {
            "x": 276,
            "y": 530
          },
          {
            "x": 277,
            "y": 529
          },
          {
            "x": 277,
            "y": 526
          },
          {
            "x": 278,
            "y": 525
          },
          {
            "x": 278,
            "y": 522
          },
          {
            "x": 279,
            "y": 521
          },
          {
            "x": 279,
            "y": 519
          },
          {
            "x": 280,
            "y": 518
          },
          {
            "x": 280,
            "y": 516
          },
          {
            "x": 281,
            "y": 515
          },
          {
            "x": 281,
            "y": 514
          },
          {
            "x": 282,
            "y": 513
          },
          {
            "x": 282,
            "y": 510.0
          },
          {
            "x": 284,
            "y": 508
          },
          {
            "x": 284,
            "y": 505.0
          },
          {
            "x": 285,
            "y": 504.0
          },
          {
            "x": 285,
            "y": 502
          },
          {
            "x": 286,
            "y": 501
          },
          {
            "x": 286,
            "y": 500
          },
          {
            "x": 287,
            "y": 499.0
          },
          {
            "x": 287,
            "y": 497
          },
          {
            "x": 289,
            "y": 495
          },
          {
            "x": 289,
            "y": 492
          },
          {
            "x": 291,
            "y": 490
          },
          {
            "x": 291,
            "y": 487
          },
          {
            "x": 292,
            "y": 486
          },
          {
            "x": 292,
            "y": 485
          },
          {
            "x": 293,
            "y": 484.0
          },
          {
            "x": 293,
            "y": 481
          },
          {
            "x": 294,
            "y": 480
          },
          {
            "x": 294,
            "y": 477.0
          },
          {
            "x": 295,
            "y": 476
          },
          {
            "x": 295,
            "y": 475
          },
          {
            "x": 296,
            "y": 474
          },
          {
            "x": 296,
            "y": 471
          },
          {
            "x": 297,
            "y": 470
          },
          {
            "x": 297,
            "y": 469
          },
          {
            "x": 298,
            "y": 468.0
          },
          {
            "x": 298,
            "y": 466.0
          },
          {
            "x": 300,
            "y": 464
          },
          {
            "x": 300,
            "y": 463.0
          },
          {
            "x": 301,
            "y": 462.0
          },
          {
            "x": 301,
            "y": 459
          },
          {
            "x": 302,
            "y": 458
          },
          {
            "x": 302,
            "y": 443
          },
          {
            "x": 303,
            "y": 442
          },
          {
            "x": 303,
            "y": 429
          },
          {
            "x": 302,
            "y": 428
          },
          {
            "x": 302,
            "y": 426
          },
          {
            "x": 301,
            "y": 425
          },
          {
            "x": 301,
            "y": 421
          },
          {
            "x": 300,
            "y": 420
          },
          {
            "x": 300,
            "y": 417
          },
          {
            "x": 299,
            "y": 416
          },
          {
            "x": 299,
            "y": 415
          },
          {
            "x": 298,
            "y": 414
          },
          {
            "x": 298,
            "y": 412
          },
          {
            "x": 296,
            "y": 410
          },
          {
            "x": 296,
            "y": 408
          },
          {
            "x": 294,
            "y": 406
          },
          {
            "x": 294,
            "y": 403
          },
          {
            "x": 293,
            "y": 402
          },
          {
            "x": 293,
            "y": 399
          },
          {
            "x": 292,
            "y": 399
          },
          {
            "x": 291,
            "y": 398
          }
        ]
      }
    },
    {
      "name": "Sweater Polygon ",
      "polygon": {
        "path": [
          {
            "x": 174,
            "y": 188
          },
          {
            "x": 172,
            "y": 190
          },
          {
            "x": 171,
            "y": 190
          },
          {
            "x": 164,
            "y": 197
          },
          {
            "x": 164,
            "y": 199
          },
          {
            "x": 163,
            "y": 200
          },
          {
            "x": 163,
            "y": 204
          },
          {
            "x": 162,
            "y": 205.0
          },
          {
            "x": 162,
            "y": 209
          },
          {
            "x": 161,
            "y": 210
          },
          {
            "x": 161,
            "y": 213
          },
          {
            "x": 160,
            "y": 214.0
          },
          {
            "x": 160,
            "y": 215
          },
          {
            "x": 161,
            "y": 216
          },
          {
            "x": 161,
            "y": 228
          },
          {
            "x": 162,
            "y": 229
          },
          {
            "x": 162,
            "y": 246.0
          },
          {
            "x": 163,
            "y": 247
          },
          {
            "x": 163,
            "y": 251
          },
          {
            "x": 164,
            "y": 252
          },
          {
            "x": 164,
            "y": 255
          },
          {
            "x": 165,
            "y": 256
          },
          {
            "x": 165,
            "y": 261
          },
          {
            "x": 166,
            "y": 262
          },
          {
            "x": 166,
            "y": 270
          },
          {
            "x": 167,
            "y": 271
          },
          {
            "x": 167,
            "y": 273
          },
          {
            "x": 168,
            "y": 274
          },
          {
            "x": 168,
            "y": 284
          },
          {
            "x": 169,
            "y": 285
          },
          {
            "x": 169,
            "y": 294
          },
          {
            "x": 170.0,
            "y": 295
          },
          {
            "x": 170.0,
            "y": 308
          },
          {
            "x": 171,
            "y": 309
          },
          {
            "x": 171,
            "y": 315
          },
          {
            "x": 172,
            "y": 316
          },
          {
            "x": 172,
            "y": 321
          },
          {
            "x": 173.0,
            "y": 322
          },
          {
            "x": 173.0,
            "y": 329
          },
          {
            "x": 174,
            "y": 330
          },
          {
            "x": 174,
            "y": 335
          },
          {
            "x": 175,
            "y": 336
          },
          {
            "x": 175,
            "y": 343.0
          },
          {
            "x": 176.0,
            "y": 344
          },
          {
            "x": 176.0,
            "y": 348
          },
          {
            "x": 177,
            "y": 349.0
          },
          {
            "x": 177,
            "y": 354
          },
          {
            "x": 178,
            "y": 355.0
          },
          {
            "x": 178,
            "y": 367.0
          },
          {
            "x": 177,
            "y": 368
          },
          {
            "x": 177,
            "y": 386
          },
          {
            "x": 178,
            "y": 387
          },
          {
            "x": 178,
            "y": 388
          },
          {
            "x": 179.0,
            "y": 389
          },
          {
            "x": 179.0,
            "y": 391
          },
          {
            "x": 180,
            "y": 392
          },
          {
            "x": 180,
            "y": 393
          },
          {
            "x": 181,
            "y": 394
          },
          {
            "x": 181,
            "y": 396
          },
          {
            "x": 182.0,
            "y": 397
          },
          {
            "x": 182.0,
            "y": 400
          },
          {
            "x": 183,
            "y": 401.0
          },
          {
            "x": 183,
            "y": 402
          },
          {
            "x": 184,
            "y": 403
          },
          {
            "x": 190,
            "y": 403
          },
          {
            "x": 191,
            "y": 402
          },
          {
            "x": 194,
            "y": 402
          },
          {
            "x": 195,
            "y": 401.0
          },
          {
            "x": 199,
            "y": 401.0
          },
          {
            "x": 200,
            "y": 400
          },
          {
            "x": 202.0,
            "y": 400
          },
          {
            "x": 203,
            "y": 399
          },
          {
            "x": 207,
            "y": 399
          },
          {
            "x": 208.0,
            "y": 398
          },
          {
            "x": 218,
            "y": 398
          },
          {
            "x": 219,
            "y": 397
          },
          {
            "x": 241,
            "y": 397
          },
          {
            "x": 242,
            "y": 398
          },
          {
            "x": 289,
            "y": 398
          },
          {
            "x": 290,
            "y": 399
          },
          {
            "x": 291,
            "y": 399
          },
          {
            "x": 294,
            "y": 402
          },
          {
            "x": 294,
            "y": 403
          },
          {
            "x": 295,
            "y": 404.0
          },
          {
            "x": 295,
            "y": 405
          },
          {
            "x": 296,
            "y": 406
          },
          {
            "x": 296,
            "y": 410.0
          },
          {
            "x": 297,
            "y": 411
          },
          {
            "x": 297,
            "y": 412
          },
          {
            "x": 300,
            "y": 415
          },
          {
            "x": 303,
            "y": 415
          },
          {
            "x": 303,
            "y": 414
          },
          {
            "x": 304,
            "y": 413.0
          },
          {
            "x": 304,
            "y": 407.0
          },
          {
            "x": 303,
            "y": 406
          },
          {
            "x": 303,
            "y": 400
          },
          {
            "x": 302,
            "y": 399
          },
          {
            "x": 302,
            "y": 391
          },
          {
            "x": 301,
            "y": 390
          },
          {
            "x": 301,
            "y": 389
          },
          {
            "x": 300,
            "y": 388
          },
          {
            "x": 300,
            "y": 387
          },
          {
            "x": 299,
            "y": 386
          },
          {
            "x": 299,
            "y": 380
          },
          {
            "x": 298,
            "y": 379
          },
          {
            "x": 298,
            "y": 374
          },
          {
            "x": 297,
            "y": 373
          },
          {
            "x": 297,
            "y": 362
          },
          {
            "x": 296,
            "y": 361.0
          },
          {
            "x": 296,
            "y": 353
          },
          {
            "x": 295,
            "y": 352.0
          },
          {
            "x": 295,
            "y": 350
          },
          {
            "x": 294,
            "y": 349.0
          },
          {
            "x": 294,
            "y": 346.0
          },
          {
            "x": 293,
            "y": 345
          },
          {
            "x": 293,
            "y": 337.0
          },
          {
            "x": 292,
            "y": 336
          },
          {
            "x": 292,
            "y": 323
          },
          {
            "x": 291,
            "y": 322
          },
          {
            "x": 291,
            "y": 318
          },
          {
            "x": 290,
            "y": 317
          },
          {
            "x": 288,
            "y": 319
          },
          {
            "x": 288,
            "y": 321
          },
          {
            "x": 287,
            "y": 322
          },
          {
            "x": 287,
            "y": 323
          },
          {
            "x": 284,
            "y": 326
          },
          {
            "x": 283,
            "y": 326
          },
          {
            "x": 282,
            "y": 327
          },
          {
            "x": 275,
            "y": 327
          },
          {
            "x": 274,
            "y": 328
          },
          {
            "x": 271.0,
            "y": 328
          },
          {
            "x": 267,
            "y": 324
          },
          {
            "x": 267,
            "y": 323
          },
          {
            "x": 265.0,
            "y": 321
          },
          {
            "x": 265.0,
            "y": 320
          },
          {
            "x": 262.0,
            "y": 317
          },
          {
            "x": 262.0,
            "y": 305
          },
          {
            "x": 263,
            "y": 304
          },
          {
            "x": 262.0,
            "y": 303
          },
          {
            "x": 262.0,
            "y": 291
          },
          {
            "x": 261,
            "y": 290
          },
          {
            "x": 261,
            "y": 284
          },
          {
            "x": 260,
            "y": 283
          },
          {
            "x": 260,
            "y": 282
          },
          {
            "x": 259.0,
            "y": 281
          },
          {
            "x": 259.0,
            "y": 280
          },
          {
            "x": 258,
            "y": 279
          },
          {
            "x": 258,
            "y": 278
          },
          {
            "x": 257,
            "y": 277
          },
          {
            "x": 257,
            "y": 276
          },
          {
            "x": 256.0,
            "y": 275
          },
          {
            "x": 256.0,
            "y": 274
          },
          {
            "x": 255,
            "y": 273
          },
          {
            "x": 255,
            "y": 272
          },
          {
            "x": 254,
            "y": 271
          },
          {
            "x": 254,
            "y": 269
          },
          {
            "x": 253,
            "y": 268
          },
          {
            "x": 253,
            "y": 266
          },
          {
            "x": 252,
            "y": 265
          },
          {
            "x": 252,
            "y": 263
          },
          {
            "x": 251,
            "y": 262
          },
          {
            "x": 251,
            "y": 248
          },
          {
            "x": 250,
            "y": 247
          },
          {
            "x": 250,
            "y": 242
          },
          {
            "x": 249,
            "y": 241
          },
          {
            "x": 249,
            "y": 239
          },
          {
            "x": 248,
            "y": 238
          },
          {
            "x": 248,
            "y": 230
          },
          {
            "x": 247,
            "y": 229
          },
          {
            "x": 247,
            "y": 227
          },
          {
            "x": 246.0,
            "y": 226
          },
          {
            "x": 246.0,
            "y": 225
          },
          {
            "x": 245,
            "y": 224
          },
          {
            "x": 245,
            "y": 223
          },
          {
            "x": 243.0,
            "y": 221
          },
          {
            "x": 243.0,
            "y": 220
          },
          {
            "x": 242,
            "y": 219
          },
          {
            "x": 242,
            "y": 218
          },
          {
            "x": 241,
            "y": 217
          },
          {
            "x": 241,
            "y": 216
          },
          {
            "x": 240.0,
            "y": 215
          },
          {
            "x": 240.0,
            "y": 211.0
          },
          {
            "x": 239,
            "y": 210
          },
          {
            "x": 239,
            "y": 209
          },
          {
            "x": 236,
            "y": 206
          },
          {
            "x": 235,
            "y": 206
          },
          {
            "x": 234.0,
            "y": 205.0
          },
          {
            "x": 226,
            "y": 205.0
          },
          {
            "x": 225,
            "y": 206
          },
          {
            "x": 224,
            "y": 206
          },
          {
            "x": 223,
            "y": 207
          },
          {
            "x": 221,
            "y": 207
          },
          {
            "x": 220,
            "y": 208.0
          },
          {
            "x": 219,
            "y": 208.0
          },
          {
            "x": 218,
            "y": 207
          },
          {
            "x": 218,
            "y": 206
          },
          {
            "x": 217,
            "y": 205.0
          },
          {
            "x": 217,
            "y": 195
          },
          {
            "x": 215,
            "y": 193
          },
          {
            "x": 213,
            "y": 193
          },
          {
            "x": 212,
            "y": 192
          },
          {
            "x": 211.0,
            "y": 192
          },
          {
            "x": 210,
            "y": 191
          },
          {
            "x": 209,
            "y": 191
          },
          {
            "x": 208.0,
            "y": 190
          },
          {
            "x": 206,
            "y": 190
          },
          {
            "x": 205.0,
            "y": 189
          },
          {
            "x": 204,
            "y": 189
          },
          {
            "x": 202.0,
            "y": 187
          },
          {
            "x": 201,
            "y": 187
          },
          {
            "x": 200,
            "y": 186
          },
          {
            "x": 199,
            "y": 186
          },
          {
            "x": 198,
            "y": 185
          },
          {
            "x": 196,
            "y": 185
          },
          {
            "x": 195,
            "y": 186
          },
          {
            "x": 191,
            "y": 186
          },
          {
            "x": 190,
            "y": 187
          },
          {
            "x": 188,
            "y": 187
          },
          {
            "x": 187,
            "y": 188
          },
          {
            "x": 186,
            "y": 187
          },
          {
            "x": 182.0,
            "y": 187
          },
          {
            "x": 181,
            "y": 186
          },
          {
            "x": 178,
            "y": 186
          },
          {
            "x": 177,
            "y": 187
          },
          {
            "x": 176.0,
            "y": 187
          },
          {
            "x": 175,
            "y": 188
          }
        ]
      }
    },
    {
      "name": "Coat Polygon ",
      "polygon": {
        "path": [
          {
            "x": 423.0,
            "y": 151
          },
          {
            "x": 422,
            "y": 152
          },
          {
            "x": 422,
            "y": 153
          },
          {
            "x": 421,
            "y": 154
          },
          {
            "x": 421,
            "y": 156
          },
          {
            "x": 420,
            "y": 157
          },
          {
            "x": 420,
            "y": 159
          },
          {
            "x": 419,
            "y": 160
          },
          {
            "x": 419,
            "y": 161
          },
          {
            "x": 418,
            "y": 162
          },
          {
            "x": 418,
            "y": 163
          },
          {
            "x": 416,
            "y": 165
          },
          {
            "x": 416,
            "y": 166
          },
          {
            "x": 414.0,
            "y": 168
          },
          {
            "x": 413.0,
            "y": 168
          },
          {
            "x": 411,
            "y": 170
          },
          {
            "x": 410,
            "y": 170
          },
          {
            "x": 409,
            "y": 171
          },
          {
            "x": 407,
            "y": 171
          },
          {
            "x": 407,
            "y": 172
          },
          {
            "x": 401.0,
            "y": 178
          },
          {
            "x": 401.0,
            "y": 179
          },
          {
            "x": 400.0,
            "y": 180
          },
          {
            "x": 399,
            "y": 180
          },
          {
            "x": 396,
            "y": 183
          },
          {
            "x": 395,
            "y": 183
          },
          {
            "x": 393,
            "y": 185
          },
          {
            "x": 392,
            "y": 185
          },
          {
            "x": 390.0,
            "y": 187
          },
          {
            "x": 389.0,
            "y": 187
          },
          {
            "x": 388.0,
            "y": 188
          },
          {
            "x": 386,
            "y": 188
          },
          {
            "x": 384,
            "y": 190
          },
          {
            "x": 383,
            "y": 190
          },
          {
            "x": 383,
            "y": 191
          },
          {
            "x": 382,
            "y": 192
          },
          {
            "x": 382,
            "y": 193
          },
          {
            "x": 378,
            "y": 197
          },
          {
            "x": 375,
            "y": 197
          },
          {
            "x": 374,
            "y": 198
          },
          {
            "x": 371,
            "y": 198
          },
          {
            "x": 370,
            "y": 199
          },
          {
            "x": 367,
            "y": 199
          },
          {
            "x": 366,
            "y": 200.0
          },
          {
            "x": 361,
            "y": 200.0
          },
          {
            "x": 360,
            "y": 199
          },
          {
            "x": 360,
            "y": 198
          },
          {
            "x": 359,
            "y": 197
          },
          {
            "x": 359,
            "y": 196
          },
          {
            "x": 358,
            "y": 195.0
          },
          {
            "x": 358,
            "y": 192
          },
          {
            "x": 359,
            "y": 191
          },
          {
            "x": 358,
            "y": 190
          },
          {
            "x": 358,
            "y": 187
          },
          {
            "x": 357,
            "y": 186
          },
          {
            "x": 357,
            "y": 185
          },
          {
            "x": 356,
            "y": 184
          },
          {
            "x": 356,
            "y": 183
          },
          {
            "x": 354,
            "y": 181
          },
          {
            "x": 353,
            "y": 181
          },
          {
            "x": 349,
            "y": 185
          },
          {
            "x": 348,
            "y": 185
          },
          {
            "x": 347,
            "y": 186
          },
          {
            "x": 346,
            "y": 186
          },
          {
            "x": 344,
            "y": 188
          },
          {
            "x": 343,
            "y": 188
          },
          {
            "x": 337,
            "y": 194.0
          },
          {
            "x": 337,
            "y": 195.0
          },
          {
            "x": 336,
            "y": 196
          },
          {
            "x": 336,
            "y": 197
          },
          {
            "x": 335,
            "y": 198
          },
          {
            "x": 335,
            "y": 199
          },
          {
            "x": 334,
            "y": 200.0
          },
          {
            "x": 334,
            "y": 202
          },
          {
            "x": 333,
            "y": 203
          },
          {
            "x": 333,
            "y": 208
          },
          {
            "x": 332,
            "y": 209
          },
          {
            "x": 332,
            "y": 213.0
          },
          {
            "x": 331,
            "y": 214
          },
          {
            "x": 331,
            "y": 229.0
          },
          {
            "x": 332,
            "y": 230.0
          },
          {
            "x": 332,
            "y": 252
          },
          {
            "x": 331,
            "y": 253.0
          },
          {
            "x": 331,
            "y": 258
          },
          {
            "x": 330,
            "y": 259
          },
          {
            "x": 330,
            "y": 268
          },
          {
            "x": 329,
            "y": 269
          },
          {
            "x": 329,
            "y": 274
          },
          {
            "x": 328,
            "y": 275
          },
          {
            "x": 328,
            "y": 277
          },
          {
            "x": 326,
            "y": 279
          },
          {
            "x": 326,
            "y": 281
          },
          {
            "x": 325,
            "y": 282
          },
          {
            "x": 325,
            "y": 285
          },
          {
            "x": 324,
            "y": 286
          },
          {
            "x": 324,
            "y": 287
          },
          {
            "x": 322,
            "y": 289
          },
          {
            "x": 322,
            "y": 290
          },
          {
            "x": 320,
            "y": 292
          },
          {
            "x": 320,
            "y": 294
          },
          {
            "x": 319,
            "y": 295
          },
          {
            "x": 319,
            "y": 296
          },
          {
            "x": 315,
            "y": 300
          },
          {
            "x": 315,
            "y": 302
          },
          {
            "x": 314,
            "y": 303
          },
          {
            "x": 314,
            "y": 305
          },
          {
            "x": 312,
            "y": 307
          },
          {
            "x": 312,
            "y": 308
          },
          {
            "x": 309,
            "y": 311
          },
          {
            "x": 308,
            "y": 311
          },
          {
            "x": 304,
            "y": 315
          },
          {
            "x": 304,
            "y": 318
          },
          {
            "x": 303,
            "y": 319
          },
          {
            "x": 303,
            "y": 320
          },
          {
            "x": 302,
            "y": 321
          },
          {
            "x": 302,
            "y": 322
          },
          {
            "x": 298,
            "y": 326
          },
          {
            "x": 298,
            "y": 327
          },
          {
            "x": 297,
            "y": 328
          },
          {
            "x": 297,
            "y": 329
          },
          {
            "x": 296,
            "y": 330
          },
          {
            "x": 296,
            "y": 334
          },
          {
            "x": 298,
            "y": 336
          },
          {
            "x": 302,
            "y": 336
          },
          {
            "x": 303,
            "y": 337
          },
          {
            "x": 304,
            "y": 337
          },
          {
            "x": 305,
            "y": 338
          },
          {
            "x": 307,
            "y": 338
          },
          {
            "x": 308,
            "y": 339
          },
          {
            "x": 309,
            "y": 339
          },
          {
            "x": 310,
            "y": 340
          },
          {
            "x": 311,
            "y": 340
          },
          {
            "x": 317,
            "y": 346
          },
          {
            "x": 318,
            "y": 346
          },
          {
            "x": 319,
            "y": 345
          },
          {
            "x": 320,
            "y": 345
          },
          {
            "x": 320,
            "y": 344
          },
          {
            "x": 325,
            "y": 339
          },
          {
            "x": 326,
            "y": 339
          },
          {
            "x": 330,
            "y": 335
          },
          {
            "x": 331,
            "y": 335
          },
          {
            "x": 334,
            "y": 332
          },
          {
            "x": 334,
            "y": 331
          },
          {
            "x": 338,
            "y": 327
          },
          {
            "x": 339,
            "y": 327
          },
          {
            "x": 340,
            "y": 326
          },
          {
            "x": 340,
            "y": 325
          },
          {
            "x": 343,
            "y": 322
          },
          {
            "x": 343,
            "y": 321
          },
          {
            "x": 351,
            "y": 313
          },
          {
            "x": 351,
            "y": 306
          },
          {
            "x": 352,
            "y": 305
          },
          {
            "x": 353,
            "y": 306
          },
          {
            "x": 353,
            "y": 311
          },
          {
            "x": 354,
            "y": 312
          },
          {
            "x": 354,
            "y": 317
          },
          {
            "x": 355,
            "y": 318
          },
          {
            "x": 355,
            "y": 355
          },
          {
            "x": 354,
            "y": 356
          },
          {
            "x": 354,
            "y": 362
          },
          {
            "x": 353,
            "y": 363
          },
          {
            "x": 353,
            "y": 367
          },
          {
            "x": 352,
            "y": 368
          },
          {
            "x": 352,
            "y": 373
          },
          {
            "x": 351,
            "y": 374
          },
          {
            "x": 351,
            "y": 377
          },
          {
            "x": 350,
            "y": 378
          },
          {
            "x": 350,
            "y": 380
          },
          {
            "x": 351,
            "y": 381
          },
          {
            "x": 351,
            "y": 382
          },
          {
            "x": 352,
            "y": 383
          },
          {
            "x": 363,
            "y": 383
          },
          {
            "x": 364,
            "y": 382
          },
          {
            "x": 364,
            "y": 381
          },
          {
            "x": 365,
            "y": 380
          },
          {
            "x": 365,
            "y": 379
          },
          {
            "x": 366,
            "y": 378
          },
          {
            "x": 366,
            "y": 376
          },
          {
            "x": 367,
            "y": 375
          },
          {
            "x": 367,
            "y": 372
          },
          {
            "x": 368,
            "y": 371
          },
          {
            "x": 368,
            "y": 369
          },
          {
            "x": 369,
            "y": 368
          },
          {
            "x": 369,
            "y": 367
          },
          {
            "x": 370,
            "y": 366
          },
          {
            "x": 370,
            "y": 364
          },
          {
            "x": 371,
            "y": 363
          },
          {
            "x": 371,
            "y": 361
          },
          {
            "x": 372,
            "y": 360
          },
          {
            "x": 372,
            "y": 354
          },
          {
            "x": 373,
            "y": 353
          },
          {
            "x": 373,
            "y": 342
          },
          {
            "x": 374,
            "y": 341
          },
          {
            "x": 374,
            "y": 322
          },
          {
            "x": 373,
            "y": 321
          },
          {
            "x": 373,
            "y": 317
          },
          {
            "x": 374,
            "y": 316
          },
          {
            "x": 374,
            "y": 314
          },
          {
            "x": 373,
            "y": 313
          },
          {
            "x": 373,
            "y": 295
          },
          {
            "x": 372,
            "y": 294
          },
          {
            "x": 372,
            "y": 289
          },
          {
            "x": 373,
            "y": 288
          },
          {
            "x": 373,
            "y": 275
          },
          {
            "x": 374,
            "y": 274
          },
          {
            "x": 374,
            "y": 272
          },
          {
            "x": 375,
            "y": 271
          },
          {
            "x": 375,
            "y": 268
          },
          {
            "x": 376,
            "y": 267
          },
          {
            "x": 376,
            "y": 265
          },
          {
            "x": 378,
            "y": 263
          },
          {
            "x": 379,
            "y": 264
          },
          {
            "x": 380,
            "y": 264
          },
          {
            "x": 384,
            "y": 268
          },
          {
            "x": 384,
            "y": 270
          },
          {
            "x": 385,
            "y": 271
          },
          {
            "x": 385,
            "y": 275
          },
          {
            "x": 386,
            "y": 276
          },
          {
            "x": 386,
            "y": 279
          },
          {
            "x": 387,
            "y": 280
          },
          {
            "x": 387,
            "y": 285
          },
          {
            "x": 388.0,
            "y": 286
          },
          {
            "x": 388.0,
            "y": 289
          },
          {
            "x": 389.0,
            "y": 290
          },
          {
            "x": 389.0,
            "y": 293
          },
          {
            "x": 390.0,
            "y": 294
          },
          {
            "x": 390.0,
            "y": 296
          },
          {
            "x": 391.0,
            "y": 297
          },
          {
            "x": 391.0,
            "y": 300
          },
          {
            "x": 392,
            "y": 301
          },
          {
            "x": 392,
            "y": 304
          },
          {
            "x": 393,
            "y": 305
          },
          {
            "x": 393,
            "y": 310
          },
          {
            "x": 394,
            "y": 311
          },
          {
            "x": 394,
            "y": 314
          },
          {
            "x": 395,
            "y": 315
          },
          {
            "x": 395,
            "y": 316
          },
          {
            "x": 396,
            "y": 317
          },
          {
            "x": 396,
            "y": 318
          },
          {
            "x": 398,
            "y": 320
          },
          {
            "x": 398,
            "y": 321
          },
          {
            "x": 399,
            "y": 322
          },
          {
            "x": 399,
            "y": 329
          },
          {
            "x": 400.0,
            "y": 330
          },
          {
            "x": 400.0,
            "y": 331
          },
          {
            "x": 402.0,
            "y": 333
          },
          {
            "x": 402.0,
            "y": 334
          },
          {
            "x": 403.0,
            "y": 335
          },
          {
            "x": 403.0,
            "y": 336
          },
          {
            "x": 404,
            "y": 337
          },
          {
            "x": 404,
            "y": 339
          },
          {
            "x": 405,
            "y": 340
          },
          {
            "x": 405,
            "y": 342
          },
          {
            "x": 406,
            "y": 343
          },
          {
            "x": 406,
            "y": 345
          },
          {
            "x": 407,
            "y": 346
          },
          {
            "x": 407,
            "y": 347
          },
          {
            "x": 408,
            "y": 348
          },
          {
            "x": 408,
            "y": 351
          },
          {
            "x": 409,
            "y": 352
          },
          {
            "x": 409,
            "y": 353
          },
          {
            "x": 410,
            "y": 354
          },
          {
            "x": 410,
            "y": 355
          },
          {
            "x": 411,
            "y": 356
          },
          {
            "x": 411,
            "y": 357
          },
          {
            "x": 412.0,
            "y": 358
          },
          {
            "x": 412.0,
            "y": 359
          },
          {
            "x": 413.0,
            "y": 360
          },
          {
            "x": 413.0,
            "y": 361
          },
          {
            "x": 415,
            "y": 363
          },
          {
            "x": 415,
            "y": 364
          },
          {
            "x": 416,
            "y": 365
          },
          {
            "x": 416,
            "y": 366
          },
          {
            "x": 417,
            "y": 367
          },
          {
            "x": 417,
            "y": 368
          },
          {
            "x": 418,
            "y": 369
          },
          {
            "x": 418,
            "y": 370
          },
          {
            "x": 420,
            "y": 372
          },
          {
            "x": 420,
            "y": 373
          },
          {
            "x": 421,
            "y": 374
          },
          {
            "x": 421,
            "y": 375
          },
          {
            "x": 423.0,
            "y": 377
          },
          {
            "x": 423.0,
            "y": 378
          },
          {
            "x": 424.0,
            "y": 379
          },
          {
            "x": 429,
            "y": 379
          },
          {
            "x": 430,
            "y": 378
          },
          {
            "x": 431,
            "y": 378
          },
          {
            "x": 432,
            "y": 377
          },
          {
            "x": 433,
            "y": 377
          },
          {
            "x": 435.0,
            "y": 375
          },
          {
            "x": 436.0,
            "y": 375
          },
          {
            "x": 437.0,
            "y": 374
          },
          {
            "x": 438.0,
            "y": 374
          },
          {
            "x": 440,
            "y": 372
          },
          {
            "x": 441,
            "y": 372
          },
          {
            "x": 442,
            "y": 371
          },
          {
            "x": 443,
            "y": 371
          },
          {
            "x": 444,
            "y": 370
          },
          {
            "x": 445,
            "y": 370
          },
          {
            "x": 446,
            "y": 369
          },
          {
            "x": 447.0,
            "y": 369
          },
          {
            "x": 448.0,
            "y": 368
          },
          {
            "x": 449.0,
            "y": 368
          },
          {
            "x": 450,
            "y": 367
          },
          {
            "x": 451,
            "y": 367
          },
          {
            "x": 452,
            "y": 366
          },
          {
            "x": 452,
            "y": 365
          },
          {
            "x": 453,
            "y": 364
          },
          {
            "x": 453,
            "y": 362
          },
          {
            "x": 454,
            "y": 361
          },
          {
            "x": 454,
            "y": 358
          },
          {
            "x": 457,
            "y": 355
          },
          {
            "x": 458.0,
            "y": 355
          },
          {
            "x": 461.0,
            "y": 352
          },
          {
            "x": 461.0,
            "y": 351
          },
          {
            "x": 462,
            "y": 350
          },
          {
            "x": 462,
            "y": 345
          },
          {
            "x": 463,
            "y": 344
          },
          {
            "x": 463,
            "y": 339
          },
          {
            "x": 462,
            "y": 338
          },
          {
            "x": 462,
            "y": 327
          },
          {
            "x": 461.0,
            "y": 326
          },
          {
            "x": 461.0,
            "y": 320
          },
          {
            "x": 460.0,
            "y": 319
          },
          {
            "x": 460.0,
            "y": 315
          },
          {
            "x": 459.0,
            "y": 314
          },
          {
            "x": 459.0,
            "y": 308
          },
          {
            "x": 458.0,
            "y": 307
          },
          {
            "x": 458.0,
            "y": 300
          },
          {
            "x": 457,
            "y": 299
          },
          {
            "x": 457,
            "y": 290
          },
          {
            "x": 456,
            "y": 289
          },
          {
            "x": 456,
            "y": 286
          },
          {
            "x": 455,
            "y": 285
          },
          {
            "x": 455,
            "y": 283
          },
          {
            "x": 454,
            "y": 282
          },
          {
            "x": 455,
            "y": 281
          },
          {
            "x": 457,
            "y": 281
          },
          {
            "x": 458.0,
            "y": 282
          },
          {
            "x": 459.0,
            "y": 282
          },
          {
            "x": 460.0,
            "y": 283
          },
          {
            "x": 461.0,
            "y": 283
          },
          {
            "x": 462,
            "y": 284
          },
          {
            "x": 464,
            "y": 284
          },
          {
            "x": 465,
            "y": 285
          },
          {
            "x": 467,
            "y": 285
          },
          {
            "x": 468,
            "y": 286
          },
          {
            "x": 469,
            "y": 286
          },
          {
            "x": 470.0,
            "y": 287
          },
          {
            "x": 472.0,
            "y": 287
          },
          {
            "x": 473.0,
            "y": 288
          },
          {
            "x": 475,
            "y": 288
          },
          {
            "x": 476,
            "y": 289
          },
          {
            "x": 489,
            "y": 289
          },
          {
            "x": 490,
            "y": 288
          },
          {
            "x": 491,
            "y": 288
          },
          {
            "x": 492,
            "y": 287
          },
          {
            "x": 493.0,
            "y": 287
          },
          {
            "x": 498,
            "y": 282
          },
          {
            "x": 498,
            "y": 256
          },
          {
            "x": 497,
            "y": 255
          },
          {
            "x": 497,
            "y": 254.0
          },
          {
            "x": 496.0,
            "y": 253.0
          },
          {
            "x": 496.0,
            "y": 252
          },
          {
            "x": 495.0,
            "y": 251
          },
          {
            "x": 495.0,
            "y": 250
          },
          {
            "x": 491,
            "y": 246
          },
          {
            "x": 491,
            "y": 245
          },
          {
            "x": 490,
            "y": 244
          },
          {
            "x": 490,
            "y": 243
          },
          {
            "x": 489,
            "y": 242.0
          },
          {
            "x": 489,
            "y": 241.0
          },
          {
            "x": 488,
            "y": 240
          },
          {
            "x": 488,
            "y": 239
          },
          {
            "x": 487,
            "y": 238
          },
          {
            "x": 487,
            "y": 236.0
          },
          {
            "x": 486,
            "y": 235.0
          },
          {
            "x": 486,
            "y": 233
          },
          {
            "x": 485,
            "y": 232
          },
          {
            "x": 485,
            "y": 231
          },
          {
            "x": 483.0,
            "y": 229.0
          },
          {
            "x": 483.0,
            "y": 228
          },
          {
            "x": 482.0,
            "y": 227
          },
          {
            "x": 482.0,
            "y": 226
          },
          {
            "x": 479,
            "y": 223
          },
          {
            "x": 479,
            "y": 222
          },
          {
            "x": 478,
            "y": 221
          },
          {
            "x": 478,
            "y": 217
          },
          {
            "x": 477,
            "y": 216
          },
          {
            "x": 477,
            "y": 213.0
          },
          {
            "x": 476,
            "y": 212.0
          },
          {
            "x": 476,
            "y": 211
          },
          {
            "x": 475,
            "y": 210
          },
          {
            "x": 475,
            "y": 209
          },
          {
            "x": 474,
            "y": 208
          },
          {
            "x": 474,
            "y": 205
          },
          {
            "x": 473.0,
            "y": 204
          },
          {
            "x": 473.0,
            "y": 203
          },
          {
            "x": 472.0,
            "y": 202
          },
          {
            "x": 472.0,
            "y": 201.0
          },
          {
            "x": 470.0,
            "y": 199
          },
          {
            "x": 470.0,
            "y": 198
          },
          {
            "x": 469,
            "y": 197
          },
          {
            "x": 469,
            "y": 196
          },
          {
            "x": 468,
            "y": 195.0
          },
          {
            "x": 468,
            "y": 194.0
          },
          {
            "x": 467,
            "y": 193
          },
          {
            "x": 467,
            "y": 192
          },
          {
            "x": 466,
            "y": 191
          },
          {
            "x": 466,
            "y": 189
          },
          {
            "x": 465,
            "y": 188
          },
          {
            "x": 465,
            "y": 187
          },
          {
            "x": 463,
            "y": 185
          },
          {
            "x": 463,
            "y": 184
          },
          {
            "x": 457,
            "y": 178
          },
          {
            "x": 456,
            "y": 178
          },
          {
            "x": 453,
            "y": 175
          },
          {
            "x": 452,
            "y": 175
          },
          {
            "x": 451,
            "y": 174
          },
          {
            "x": 449.0,
            "y": 174
          },
          {
            "x": 448.0,
            "y": 173
          },
          {
            "x": 444,
            "y": 173
          },
          {
            "x": 443,
            "y": 172
          },
          {
            "x": 439,
            "y": 172
          },
          {
            "x": 438.0,
            "y": 171
          },
          {
            "x": 437.0,
            "y": 171
          },
          {
            "x": 436.0,
            "y": 170
          },
          {
            "x": 434,
            "y": 170
          },
          {
            "x": 433,
            "y": 169
          },
          {
            "x": 432,
            "y": 169
          },
          {
            "x": 431,
            "y": 168
          },
          {
            "x": 430,
            "y": 168
          },
          {
            "x": 428,
            "y": 166
          },
          {
            "x": 428,
            "y": 165
          },
          {
            "x": 427,
            "y": 164
          },
          {
            "x": 427,
            "y": 155
          }
        ]
      }
    },
    {
      "name": "Trousers Polygon ",
      "polygon": {
        "path": [
          {
            "x": 387.0,
            "y": 352
          },
          {
            "x": 386.0,
            "y": 353
          },
          {
            "x": 385,
            "y": 353
          },
          {
            "x": 385,
            "y": 354
          },
          {
            "x": 384,
            "y": 355
          },
          {
            "x": 384,
            "y": 375
          },
          {
            "x": 383,
            "y": 376
          },
          {
            "x": 383,
            "y": 378
          },
          {
            "x": 382.0,
            "y": 379
          },
          {
            "x": 383,
            "y": 380
          },
          {
            "x": 383,
            "y": 382
          },
          {
            "x": 382.0,
            "y": 383
          },
          {
            "x": 382.0,
            "y": 384
          },
          {
            "x": 381.0,
            "y": 385
          },
          {
            "x": 381.0,
            "y": 386
          },
          {
            "x": 380.0,
            "y": 387
          },
          {
            "x": 379,
            "y": 386
          },
          {
            "x": 379,
            "y": 385
          },
          {
            "x": 378,
            "y": 384
          },
          {
            "x": 378,
            "y": 383
          },
          {
            "x": 377,
            "y": 382
          },
          {
            "x": 377,
            "y": 370
          },
          {
            "x": 376,
            "y": 369
          },
          {
            "x": 376,
            "y": 364
          },
          {
            "x": 375.0,
            "y": 363
          },
          {
            "x": 375.0,
            "y": 362
          },
          {
            "x": 374.0,
            "y": 361
          },
          {
            "x": 370,
            "y": 365
          },
          {
            "x": 370,
            "y": 367
          },
          {
            "x": 369.0,
            "y": 368
          },
          {
            "x": 369.0,
            "y": 369
          },
          {
            "x": 368.0,
            "y": 370
          },
          {
            "x": 368.0,
            "y": 378
          },
          {
            "x": 367.0,
            "y": 379
          },
          {
            "x": 367.0,
            "y": 380
          },
          {
            "x": 366,
            "y": 381
          },
          {
            "x": 366,
            "y": 387
          },
          {
            "x": 365,
            "y": 388
          },
          {
            "x": 365,
            "y": 390
          },
          {
            "x": 364,
            "y": 391
          },
          {
            "x": 363.0,
            "y": 391
          },
          {
            "x": 362.0,
            "y": 390
          },
          {
            "x": 360,
            "y": 390
          },
          {
            "x": 359,
            "y": 391
          },
          {
            "x": 358,
            "y": 391
          },
          {
            "x": 358,
            "y": 392
          },
          {
            "x": 357,
            "y": 393
          },
          {
            "x": 357,
            "y": 395
          },
          {
            "x": 356.0,
            "y": 396
          },
          {
            "x": 355.0,
            "y": 396
          },
          {
            "x": 354.0,
            "y": 397
          },
          {
            "x": 352,
            "y": 397
          },
          {
            "x": 351,
            "y": 398
          },
          {
            "x": 350.0,
            "y": 398
          },
          {
            "x": 349.0,
            "y": 399
          },
          {
            "x": 349.0,
            "y": 400
          },
          {
            "x": 348.0,
            "y": 401
          },
          {
            "x": 348.0,
            "y": 402
          },
          {
            "x": 347,
            "y": 403
          },
          {
            "x": 346,
            "y": 403
          },
          {
            "x": 346,
            "y": 404
          },
          {
            "x": 344,
            "y": 406
          },
          {
            "x": 344,
            "y": 407
          },
          {
            "x": 342.0,
            "y": 409
          },
          {
            "x": 342.0,
            "y": 416
          },
          {
            "x": 343.0,
            "y": 417
          },
          {
            "x": 343.0,
            "y": 422
          },
          {
            "x": 344,
            "y": 422
          },
          {
            "x": 345,
            "y": 423
          },
          {
            "x": 349.0,
            "y": 423
          },
          {
            "x": 350.0,
            "y": 424
          },
          {
            "x": 350.0,
            "y": 427
          },
          {
            "x": 351,
            "y": 428
          },
          {
            "x": 349.0,
            "y": 430
          },
          {
            "x": 350.0,
            "y": 430
          },
          {
            "x": 351,
            "y": 429
          },
          {
            "x": 351,
            "y": 428
          },
          {
            "x": 353,
            "y": 426
          },
          {
            "x": 353,
            "y": 425
          },
          {
            "x": 356.0,
            "y": 422
          },
          {
            "x": 356.0,
            "y": 421
          },
          {
            "x": 357,
            "y": 420
          },
          {
            "x": 357,
            "y": 419
          },
          {
            "x": 359,
            "y": 417
          },
          {
            "x": 360,
            "y": 417
          },
          {
            "x": 361.0,
            "y": 418
          },
          {
            "x": 362.0,
            "y": 418
          },
          {
            "x": 364,
            "y": 420
          },
          {
            "x": 364,
            "y": 421
          },
          {
            "x": 363.0,
            "y": 422
          },
          {
            "x": 363.0,
            "y": 431
          },
          {
            "x": 364,
            "y": 432
          },
          {
            "x": 364,
            "y": 433
          },
          {
            "x": 365,
            "y": 434
          },
          {
            "x": 365,
            "y": 435
          },
          {
            "x": 366,
            "y": 436
          },
          {
            "x": 366,
            "y": 439
          },
          {
            "x": 367.0,
            "y": 440
          },
          {
            "x": 367.0,
            "y": 441
          },
          {
            "x": 368.0,
            "y": 442
          },
          {
            "x": 368.0,
            "y": 452
          },
          {
            "x": 369.0,
            "y": 453
          },
          {
            "x": 369.0,
            "y": 460
          },
          {
            "x": 368.0,
            "y": 461
          },
          {
            "x": 368.0,
            "y": 473
          },
          {
            "x": 369.0,
            "y": 474
          },
          {
            "x": 369.0,
            "y": 478
          },
          {
            "x": 370,
            "y": 479
          },
          {
            "x": 370,
            "y": 482
          },
          {
            "x": 371,
            "y": 483
          },
          {
            "x": 371,
            "y": 485
          },
          {
            "x": 372,
            "y": 486
          },
          {
            "x": 372,
            "y": 488
          },
          {
            "x": 373.0,
            "y": 489
          },
          {
            "x": 373.0,
            "y": 490
          },
          {
            "x": 374.0,
            "y": 491
          },
          {
            "x": 374.0,
            "y": 492
          },
          {
            "x": 378,
            "y": 496
          },
          {
            "x": 379,
            "y": 496
          },
          {
            "x": 382.0,
            "y": 499
          },
          {
            "x": 383,
            "y": 499
          },
          {
            "x": 384,
            "y": 500
          },
          {
            "x": 384,
            "y": 503
          },
          {
            "x": 385,
            "y": 504
          },
          {
            "x": 385,
            "y": 507
          },
          {
            "x": 386.0,
            "y": 508
          },
          {
            "x": 386.0,
            "y": 509
          },
          {
            "x": 387.0,
            "y": 510
          },
          {
            "x": 387.0,
            "y": 512
          },
          {
            "x": 388.0,
            "y": 513
          },
          {
            "x": 388.0,
            "y": 515
          },
          {
            "x": 389,
            "y": 516
          },
          {
            "x": 389,
            "y": 521
          },
          {
            "x": 390,
            "y": 522
          },
          {
            "x": 390,
            "y": 527
          },
          {
            "x": 391,
            "y": 528
          },
          {
            "x": 391,
            "y": 532
          },
          {
            "x": 392,
            "y": 533
          },
          {
            "x": 392,
            "y": 539
          },
          {
            "x": 393.0,
            "y": 540
          },
          {
            "x": 393.0,
            "y": 547
          },
          {
            "x": 394.0,
            "y": 548
          },
          {
            "x": 394.0,
            "y": 558
          },
          {
            "x": 393.0,
            "y": 559
          },
          {
            "x": 393.0,
            "y": 564
          },
          {
            "x": 392,
            "y": 565
          },
          {
            "x": 392,
            "y": 575
          },
          {
            "x": 393.0,
            "y": 576
          },
          {
            "x": 393.0,
            "y": 577
          },
          {
            "x": 394.0,
            "y": 578
          },
          {
            "x": 394.0,
            "y": 580
          },
          {
            "x": 395.0,
            "y": 581
          },
          {
            "x": 395.0,
            "y": 582
          },
          {
            "x": 396,
            "y": 583
          },
          {
            "x": 396,
            "y": 584
          },
          {
            "x": 399.0,
            "y": 587
          },
          {
            "x": 399.0,
            "y": 588
          },
          {
            "x": 401.0,
            "y": 590
          },
          {
            "x": 401.0,
            "y": 591
          },
          {
            "x": 399.0,
            "y": 593
          },
          {
            "x": 399.0,
            "y": 596
          },
          {
            "x": 400.0,
            "y": 597
          },
          {
            "x": 401.0,
            "y": 597
          },
          {
            "x": 404,
            "y": 600
          },
          {
            "x": 405.0,
            "y": 600
          },
          {
            "x": 408,
            "y": 603
          },
          {
            "x": 410,
            "y": 603
          },
          {
            "x": 411,
            "y": 604
          },
          {
            "x": 412.0,
            "y": 604
          },
          {
            "x": 413.0,
            "y": 605
          },
          {
            "x": 417,
            "y": 605
          },
          {
            "x": 418.0,
            "y": 606
          },
          {
            "x": 425.0,
            "y": 606
          },
          {
            "x": 426.0,
            "y": 605
          },
          {
            "x": 430,
            "y": 605
          },
          {
            "x": 432.0,
            "y": 603
          },
          {
            "x": 435,
            "y": 603
          },
          {
            "x": 436,
            "y": 602
          },
          {
            "x": 439.0,
            "y": 602
          },
          {
            "x": 441,
            "y": 600
          },
          {
            "x": 441,
            "y": 598
          },
          {
            "x": 440,
            "y": 597
          },
          {
            "x": 440,
            "y": 592
          },
          {
            "x": 439.0,
            "y": 591
          },
          {
            "x": 439.0,
            "y": 586
          },
          {
            "x": 438.0,
            "y": 585
          },
          {
            "x": 438.0,
            "y": 581
          },
          {
            "x": 439.0,
            "y": 580
          },
          {
            "x": 439.0,
            "y": 579
          },
          {
            "x": 440,
            "y": 578
          },
          {
            "x": 440,
            "y": 576
          },
          {
            "x": 441,
            "y": 575
          },
          {
            "x": 441,
            "y": 574
          },
          {
            "x": 440,
            "y": 573
          },
          {
            "x": 440,
            "y": 569
          },
          {
            "x": 439.0,
            "y": 568
          },
          {
            "x": 439.0,
            "y": 555
          },
          {
            "x": 438.0,
            "y": 554
          },
          {
            "x": 438.0,
            "y": 548
          },
          {
            "x": 437.0,
            "y": 547
          },
          {
            "x": 437.0,
            "y": 541
          },
          {
            "x": 436,
            "y": 540
          },
          {
            "x": 436,
            "y": 536
          },
          {
            "x": 435,
            "y": 535
          },
          {
            "x": 435,
            "y": 533
          },
          {
            "x": 434,
            "y": 532
          },
          {
            "x": 434,
            "y": 527
          },
          {
            "x": 433.0,
            "y": 526
          },
          {
            "x": 433.0,
            "y": 522
          },
          {
            "x": 432.0,
            "y": 521
          },
          {
            "x": 432.0,
            "y": 518
          },
          {
            "x": 431.0,
            "y": 517
          },
          {
            "x": 431.0,
            "y": 515
          },
          {
            "x": 430,
            "y": 514
          },
          {
            "x": 430,
            "y": 512
          },
          {
            "x": 429,
            "y": 511
          },
          {
            "x": 429,
            "y": 508
          },
          {
            "x": 428,
            "y": 507
          },
          {
            "x": 428,
            "y": 504
          },
          {
            "x": 427.0,
            "y": 503
          },
          {
            "x": 427.0,
            "y": 500
          },
          {
            "x": 426.0,
            "y": 499
          },
          {
            "x": 426.0,
            "y": 497
          },
          {
            "x": 425.0,
            "y": 496
          },
          {
            "x": 425.0,
            "y": 494
          },
          {
            "x": 424,
            "y": 493
          },
          {
            "x": 424,
            "y": 490
          },
          {
            "x": 423,
            "y": 489
          },
          {
            "x": 423,
            "y": 487
          },
          {
            "x": 422,
            "y": 486
          },
          {
            "x": 422,
            "y": 484
          },
          {
            "x": 421,
            "y": 483
          },
          {
            "x": 421,
            "y": 481
          },
          {
            "x": 420.0,
            "y": 480
          },
          {
            "x": 420.0,
            "y": 477
          },
          {
            "x": 419.0,
            "y": 476
          },
          {
            "x": 419.0,
            "y": 469
          },
          {
            "x": 418.0,
            "y": 468
          },
          {
            "x": 418.0,
            "y": 464
          },
          {
            "x": 419.0,
            "y": 463
          },
          {
            "x": 419.0,
            "y": 459
          },
          {
            "x": 420.0,
            "y": 458
          },
          {
            "x": 420.0,
            "y": 455
          },
          {
            "x": 421,
            "y": 454
          },
          {
            "x": 421,
            "y": 451
          },
          {
            "x": 422,
            "y": 450
          },
          {
            "x": 422,
            "y": 448
          },
          {
            "x": 423,
            "y": 447
          },
          {
            "x": 423,
            "y": 444
          },
          {
            "x": 424,
            "y": 443
          },
          {
            "x": 424,
            "y": 441
          },
          {
            "x": 425.0,
            "y": 440
          },
          {
            "x": 425.0,
            "y": 439
          },
          {
            "x": 426.0,
            "y": 438
          },
          {
            "x": 426.0,
            "y": 437
          },
          {
            "x": 427.0,
            "y": 436
          },
          {
            "x": 427.0,
            "y": 435
          },
          {
            "x": 428,
            "y": 434
          },
          {
            "x": 428,
            "y": 433
          },
          {
            "x": 429,
            "y": 432
          },
          {
            "x": 429,
            "y": 431
          },
          {
            "x": 430,
            "y": 430
          },
          {
            "x": 430,
            "y": 429
          },
          {
            "x": 431.0,
            "y": 428
          },
          {
            "x": 431.0,
            "y": 426
          },
          {
            "x": 432.0,
            "y": 425
          },
          {
            "x": 432.0,
            "y": 422
          },
          {
            "x": 433.0,
            "y": 421
          },
          {
            "x": 433.0,
            "y": 419
          },
          {
            "x": 434,
            "y": 418
          },
          {
            "x": 434,
            "y": 417
          },
          {
            "x": 436,
            "y": 415
          },
          {
            "x": 436,
            "y": 414
          },
          {
            "x": 437.0,
            "y": 413
          },
          {
            "x": 437.0,
            "y": 411
          },
          {
            "x": 438.0,
            "y": 410
          },
          {
            "x": 438.0,
            "y": 407
          },
          {
            "x": 439.0,
            "y": 406
          },
          {
            "x": 439.0,
            "y": 404
          },
          {
            "x": 440,
            "y": 403
          },
          {
            "x": 440,
            "y": 400
          },
          {
            "x": 441,
            "y": 399
          },
          {
            "x": 441,
            "y": 397
          },
          {
            "x": 442,
            "y": 396
          },
          {
            "x": 442,
            "y": 395
          },
          {
            "x": 443,
            "y": 394
          },
          {
            "x": 443,
            "y": 393
          },
          {
            "x": 444.0,
            "y": 392
          },
          {
            "x": 444.0,
            "y": 390
          },
          {
            "x": 445.0,
            "y": 389
          },
          {
            "x": 445.0,
            "y": 386
          },
          {
            "x": 446.0,
            "y": 385
          },
          {
            "x": 446.0,
            "y": 382
          },
          {
            "x": 447,
            "y": 381
          },
          {
            "x": 447,
            "y": 380
          },
          {
            "x": 448,
            "y": 379
          },
          {
            "x": 448,
            "y": 378
          },
          {
            "x": 449,
            "y": 377
          },
          {
            "x": 449,
            "y": 372
          },
          {
            "x": 450.0,
            "y": 371
          },
          {
            "x": 450.0,
            "y": 370
          },
          {
            "x": 449,
            "y": 369
          },
          {
            "x": 446.0,
            "y": 369
          },
          {
            "x": 445.0,
            "y": 370
          },
          {
            "x": 444.0,
            "y": 370
          },
          {
            "x": 443,
            "y": 371
          },
          {
            "x": 442,
            "y": 371
          },
          {
            "x": 441,
            "y": 372
          },
          {
            "x": 440,
            "y": 372
          },
          {
            "x": 439.0,
            "y": 373
          },
          {
            "x": 438.0,
            "y": 373
          },
          {
            "x": 438.0,
            "y": 374
          },
          {
            "x": 437.0,
            "y": 375
          },
          {
            "x": 435,
            "y": 375
          },
          {
            "x": 433.0,
            "y": 377
          },
          {
            "x": 432.0,
            "y": 377
          },
          {
            "x": 431.0,
            "y": 378
          },
          {
            "x": 430,
            "y": 378
          },
          {
            "x": 429,
            "y": 379
          },
          {
            "x": 424,
            "y": 379
          },
          {
            "x": 422,
            "y": 377
          },
          {
            "x": 422,
            "y": 376
          },
          {
            "x": 420.0,
            "y": 374
          },
          {
            "x": 420.0,
            "y": 373
          },
          {
            "x": 419.0,
            "y": 372
          },
          {
            "x": 419.0,
            "y": 371
          },
          {
            "x": 418.0,
            "y": 370
          },
          {
            "x": 418.0,
            "y": 369
          },
          {
            "x": 416,
            "y": 367
          },
          {
            "x": 416,
            "y": 365
          },
          {
            "x": 414.0,
            "y": 363
          },
          {
            "x": 414.0,
            "y": 362
          },
          {
            "x": 410,
            "y": 358
          },
          {
            "x": 410,
            "y": 357
          },
          {
            "x": 408,
            "y": 357
          },
          {
            "x": 407.0,
            "y": 356
          },
          {
            "x": 405.0,
            "y": 356
          },
          {
            "x": 404,
            "y": 357
          },
          {
            "x": 399.0,
            "y": 357
          },
          {
            "x": 398,
            "y": 356
          },
          {
            "x": 397,
            "y": 356
          },
          {
            "x": 394.0,
            "y": 353
          },
          {
            "x": 393.0,
            "y": 353
          },
          {
            "x": 392,
            "y": 352
          }
        ]
      }
    }
  ]
}