{
  "image": {
    "width": 267,
    "height": 400,
    "filename": "00000066.jpg",
    "original_filename": "000306.jpg",
    "url": "https://darwin.v7labs.com/api/images/1212208/original?token=16d6037d-33e8-4c8d-8cb7-761abbebab61",
    "thumbnail_url": "https://darwin.v7labs.com/api/images/1212208/thumbnail?token=16d6037d-33e8-4c8d-8cb7-761abbebab61",
    "workview_url": "https://darwin.v7labs.com/workview?dataset=1176&image=66"
  },
  "dataset": "Fashion_2",
  "annotated": true,
  "annotations": [
    {
      "name": "Trousers Polygon ",
      "polygon": {
        "path": [
          {
            "x": 112,
            "y": 203
          },
          {
            "x": 111.0,
            "y": 204
          },
          {
            "x": 110.0,
            "y": 204
          },
          {
            "x": 108.0,
            "y": 206
          },
          {
            "x": 108.0,
            "y": 207
          },
          {
            "x": 107,
            "y": 208
          },
          {
            "x": 107,
            "y": 209
          },
          {
            "x": 105.0,
            "y": 211
          },
          {
            "x": 105.0,
            "y": 214
          },
          {
            "x": 104,
            "y": 215
          },
          {
            "x": 104,
            "y": 216
          },
          {
            "x": 103.0,
            "y": 217
          },
          {
            "x": 103.0,
            "y": 220
          },
          {
            "x": 101.0,
            "y": 222
          },
          {
            "x": 101.0,
            "y": 223
          },
          {
            "x": 100.0,
            "y": 224
          },
          {
            "x": 100.0,
            "y": 226
          },
          {
            "x": 99,
            "y": 227
          },
          {
            "x": 99,
            "y": 228
          },
          {
            "x": 96,
            "y": 231
          },
          {
            "x": 95.0,
            "y": 231
          },
          {
            "x": 94,
            "y": 232
          },
          {
            "x": 94,
            "y": 233
          },
          {
            "x": 96,
            "y": 235.0
          },
          {
            "x": 97,
            "y": 235.0
          },
          {
            "x": 99,
            "y": 237.0
          },
          {
            "x": 100.0,
            "y": 237.0
          },
          {
            "x": 101.0,
            "y": 238.0
          },
          {
            "x": 102,
            "y": 238.0
          },
          {
            "x": 104,
            "y": 240
          },
          {
            "x": 105.0,
            "y": 240
          },
          {
            "x": 114,
            "y": 249
          },
          {
            "x": 115.0,
            "y": 249
          },
          {
            "x": 117,
            "y": 251.0
          },
          {
            "x": 118.0,
            "y": 251.0
          },
          {
            "x": 119.0,
            "y": 252
          },
          {
            "x": 122.0,
            "y": 252
          },
          {
            "x": 123,
            "y": 253
          },
          {
            "x": 122.0,
            "y": 254.0
          },
          {
            "x": 122.0,
            "y": 256
          },
          {
            "x": 123,
            "y": 257
          },
          {
            "x": 122.0,
            "y": 258
          },
          {
            "x": 122.0,
            "y": 265
          },
          {
            "x": 121.0,
            "y": 266
          },
          {
            "x": 121.0,
            "y": 270
          },
          {
            "x": 120,
            "y": 271
          },
          {
            "x": 120,
            "y": 273
          },
          {
            "x": 119.0,
            "y": 274
          },
          {
            "x": 119.0,
            "y": 281
          },
          {
            "x": 118.0,
            "y": 282
          },
          {
            "x": 118.0,
            "y": 285
          },
          {
            "x": 117,
            "y": 286
          },
          {
            "x": 118.0,
            "y": 287
          },
          {
            "x": 118.0,
            "y": 289
          },
          {
            "x": 119.0,
            "y": 289
          },
          {
            "x": 120,
            "y": 290
          },
          {
            "x": 124.0,
            "y": 290
          },
          {
            "x": 125.0,
            "y": 291
          },
          {
            "x": 131.0,
            "y": 291
          },
          {
            "x": 132.0,
            "y": 292
          },
          {
            "x": 133,
            "y": 292
          },
          {
            "x": 137,
            "y": 296
          },
          {
            "x": 137,
            "y": 306
          },
          {
            "x": 138.0,
            "y": 307
          },
          {
            "x": 138.33,
            "y": 318.93
          },
          {
            "x": 138.67,
            "y": 312.39
          },
          {
            "x": 138.02,
            "y": 322.57
          },
          {
            "x": 138.03,
            "y": 318.98
          },
          {
            "x": 139.67,
            "y": 322.62
          },
          {
            "x": 137.72,
            "y": 324.28
          },
          {
            "x": 140.67,
            "y": 328.57
          },
          {
            "x": 138.07,
            "y": 325.97
          },
          {
            "x": 142.33,
            "y": 327.95
          },
          {
            "x": 141.98,
            "y": 327.31
          },
          {
            "x": 140,
            "y": 326
          },
          {
            "x": 139,
            "y": 327
          },
          {
            "x": 139,
            "y": 328
          },
          {
            "x": 142.0,
            "y": 328
          },
          {
            "x": 143,
            "y": 327
          },
          {
            "x": 145.31,
            "y": 328.97
          },
          {
            "x": 150.57,
            "y": 328.98
          },
          {
            "x": 155.0,
            "y": 328
          },
          {
            "x": 156,
            "y": 329
          },
          {
            "x": 157,
            "y": 329
          },
          {
            "x": 158.0,
            "y": 330
          },
          {
            "x": 159,
            "y": 329
          },
          {
            "x": 160,
            "y": 329
          },
          {
            "x": 160,
            "y": 326
          },
          {
            "x": 161.0,
            "y": 325
          },
          {
            "x": 161.0,
            "y": 318
          },
          {
            "x": 160,
            "y": 317
          },
          {
            "x": 160,
            "y": 286
          },
          {
            "x": 161.0,
            "y": 285
          },
          {
            "x": 161.0,
            "y": 279
          },
          {
            "x": 162.0,
            "y": 278
          },
          {
            "x": 162.0,
            "y": 274
          },
          {
            "x": 163,
            "y": 273
          },
          {
            "x": 163,
            "y": 264
          },
          {
            "x": 164.0,
            "y": 263
          },
          {
            "x": 164.0,
            "y": 260
          },
          {
            "x": 165.0,
            "y": 259
          },
          {
            "x": 165.0,
            "y": 258
          },
          {
            "x": 166,
            "y": 257
          },
          {
            "x": 166,
            "y": 256
          },
          {
            "x": 165.0,
            "y": 255.0
          },
          {
            "x": 165.0,
            "y": 249
          },
          {
            "x": 164.0,
            "y": 248.0
          },
          {
            "x": 164.0,
            "y": 247.0
          },
          {
            "x": 163,
            "y": 246
          },
          {
            "x": 163,
            "y": 245.0
          },
          {
            "x": 160,
            "y": 242
          },
          {
            "x": 160,
            "y": 240
          },
          {
            "x": 159,
            "y": 239
          },
          {
            "x": 160,
            "y": 238.0
          },
          {
            "x": 160,
            "y": 235.0
          },
          {
            "x": 161.0,
            "y": 234
          },
          {
            "x": 161.0,
            "y": 226
          },
          {
            "x": 162.0,
            "y": 225
          },
          {
            "x": 162.0,
            "y": 219
          },
          {
            "x": 163,
            "y": 218
          },
          {
            "x": 163,
            "y": 215
          },
          {
            "x": 162.0,
            "y": 214
          },
          {
            "x": 162.0,
            "y": 212
          },
          {
            "x": 161.0,
            "y": 211
          },
          {
            "x": 161.0,
            "y": 208
          },
          {
            "x": 160,
            "y": 207
          },
          {
            "x": 160,
            "y": 204
          },
          {
            "x": 159,
            "y": 203
          },
          {
            "x": 159,
            "y": 202
          },
          {
            "x": 158.0,
            "y": 202
          },
          {
            "x": 157,
            "y": 201
          },
          {
            "x": 151.0,
            "y": 201
          },
          {
            "x": 150,
            "y": 200
          },
          {
            "x": 145.0,
            "y": 200
          },
          {
            "x": 144.0,
            "y": 201
          },
          {
            "x": 139,
            "y": 201
          },
          {
            "x": 138.0,
            "y": 202
          },
          {
            "x": 136,
            "y": 202
          },
          {
            "x": 134.0,
            "y": 204
          },
          {
            "x": 122.0,
            "y": 204
          },
          {
            "x": 121.0,
            "y": 203
          }
        ]
      }
    },
    {
      "bounding_box": {
        "h": 48.84,
        "w": 34.41,
        "x": 102.12,
        "y": 289.68
      },
      "name": "Shoes "
    },
    {
      "bounding_box": {
        "h": 32.78,
        "w": 60.31,
        "x": 129.98,
        "y": 336.55
      },
      "name": "Shoes "
    }
  ]
}