{
  "image": {
    "width": 500,
    "height": 792,
    "filename": "00000167.jpg",
    "original_filename": "000407.jpg",
    "url": "https://darwin.v7labs.com/api/images/1212309/original?token=16d6037d-33e8-4c8d-8cb7-761abbebab61",
    "thumbnail_url": "https://darwin.v7labs.com/api/images/1212309/thumbnail?token=16d6037d-33e8-4c8d-8cb7-761abbebab61",
    "workview_url": "https://darwin.v7labs.com/workview?dataset=1176&image=167"
  },
  "dataset": "Fashion_2",
  "annotated": true,
  "annotations": [
    {
      "bounding_box": {
        "h": 610.22,
        "w": 281.65,
        "x": 149.59,
        "y": 119.16
      },
      "name": "Dress "
    }
  ]
}