{
  "image": {
    "width": 500,
    "height": 750,
    "filename": "00000117.jpg",
    "original_filename": "000357.jpg",
    "url": "https://darwin.v7labs.com/api/images/1212259/original?token=16d6037d-33e8-4c8d-8cb7-761abbebab61",
    "thumbnail_url": "https://darwin.v7labs.com/api/images/1212259/thumbnail?token=16d6037d-33e8-4c8d-8cb7-761abbebab61",
    "workview_url": "https://darwin.v7labs.com/workview?dataset=1176&image=117"
  },
  "dataset": "Fashion_2",
  "annotated": true,
  "annotations": [
    {
      "name": "Dress Polygon ",
      "polygon": {
        "path": [
          {
            "x": 346,
            "y": 211.0
          },
          {
            "x": 339,
            "y": 211.0
          },
          {
            "x": 338,
            "y": 212.0
          },
          {
            "x": 337,
            "y": 212.0
          },
          {
            "x": 337,
            "y": 213.0
          },
          {
            "x": 335,
            "y": 215
          },
          {
            "x": 335,
            "y": 216
          },
          {
            "x": 334,
            "y": 217
          },
          {
            "x": 333,
            "y": 217
          },
          {
            "x": 333,
            "y": 218
          },
          {
            "x": 332,
            "y": 219
          },
          {
            "x": 332,
            "y": 222
          },
          {
            "x": 331,
            "y": 223
          },
          {
            "x": 331,
            "y": 225
          },
          {
            "x": 330,
            "y": 226.0
          },
          {
            "x": 330,
            "y": 227.0
          },
          {
            "x": 329.0,
            "y": 228.0
          },
          {
            "x": 329.0,
            "y": 229.0
          },
          {
            "x": 328,
            "y": 230.0
          },
          {
            "x": 328,
            "y": 231.0
          },
          {
            "x": 327,
            "y": 232.0
          },
          {
            "x": 327,
            "y": 233.0
          },
          {
            "x": 325,
            "y": 235.0
          },
          {
            "x": 324,
            "y": 235.0
          },
          {
            "x": 321,
            "y": 238
          },
          {
            "x": 321,
            "y": 240
          },
          {
            "x": 316,
            "y": 245
          },
          {
            "x": 315,
            "y": 245
          },
          {
            "x": 313,
            "y": 247
          },
          {
            "x": 313,
            "y": 248
          },
          {
            "x": 311,
            "y": 250.0
          },
          {
            "x": 310,
            "y": 250.0
          },
          {
            "x": 308,
            "y": 252.0
          },
          {
            "x": 307,
            "y": 252.0
          },
          {
            "x": 306,
            "y": 253.0
          },
          {
            "x": 305.0,
            "y": 253.0
          },
          {
            "x": 303,
            "y": 255.0
          },
          {
            "x": 302,
            "y": 255.0
          },
          {
            "x": 301,
            "y": 256.0
          },
          {
            "x": 301,
            "y": 257.0
          },
          {
            "x": 299,
            "y": 259.0
          },
          {
            "x": 298,
            "y": 259.0
          },
          {
            "x": 297,
            "y": 260.0
          },
          {
            "x": 296,
            "y": 260.0
          },
          {
            "x": 295,
            "y": 261.0
          },
          {
            "x": 291,
            "y": 261.0
          },
          {
            "x": 290,
            "y": 260.0
          },
          {
            "x": 289,
            "y": 260.0
          },
          {
            "x": 288,
            "y": 259.0
          },
          {
            "x": 287,
            "y": 259.0
          },
          {
            "x": 285,
            "y": 257.0
          },
          {
            "x": 285,
            "y": 256.0
          },
          {
            "x": 284,
            "y": 255.0
          },
          {
            "x": 283,
            "y": 255.0
          },
          {
            "x": 281,
            "y": 253.0
          },
          {
            "x": 280.0,
            "y": 253.0
          },
          {
            "x": 278,
            "y": 251.0
          },
          {
            "x": 277,
            "y": 251.0
          },
          {
            "x": 274,
            "y": 248
          },
          {
            "x": 274,
            "y": 247
          },
          {
            "x": 273,
            "y": 246
          },
          {
            "x": 271,
            "y": 246
          },
          {
            "x": 267,
            "y": 242
          },
          {
            "x": 266,
            "y": 242
          },
          {
            "x": 264,
            "y": 240
          },
          {
            "x": 263,
            "y": 240
          },
          {
            "x": 262,
            "y": 239
          },
          {
            "x": 262,
            "y": 238
          },
          {
            "x": 261,
            "y": 237.0
          },
          {
            "x": 261,
            "y": 236.0
          },
          {
            "x": 257,
            "y": 232.0
          },
          {
            "x": 256,
            "y": 232.0
          },
          {
            "x": 255,
            "y": 231.0
          },
          {
            "x": 255,
            "y": 230.0
          },
          {
            "x": 254,
            "y": 230.0
          },
          {
            "x": 253,
            "y": 229.0
          },
          {
            "x": 252,
            "y": 229.0
          },
          {
            "x": 251,
            "y": 228.0
          },
          {
            "x": 250.0,
            "y": 228.0
          },
          {
            "x": 249,
            "y": 227.0
          },
          {
            "x": 248,
            "y": 227.0
          },
          {
            "x": 247,
            "y": 226.0
          },
          {
            "x": 245,
            "y": 226.0
          },
          {
            "x": 244,
            "y": 227.0
          },
          {
            "x": 242,
            "y": 227.0
          },
          {
            "x": 242,
            "y": 228.0
          },
          {
            "x": 241,
            "y": 229.0
          },
          {
            "x": 241,
            "y": 233.0
          },
          {
            "x": 240,
            "y": 234.0
          },
          {
            "x": 240,
            "y": 237.0
          },
          {
            "x": 239,
            "y": 238
          },
          {
            "x": 239,
            "y": 240
          },
          {
            "x": 238,
            "y": 241
          },
          {
            "x": 237,
            "y": 241
          },
          {
            "x": 237,
            "y": 242
          },
          {
            "x": 236,
            "y": 243
          },
          {
            "x": 236,
            "y": 244
          },
          {
            "x": 235,
            "y": 245
          },
          {
            "x": 235,
            "y": 249
          },
          {
            "x": 234,
            "y": 250.0
          },
          {
            "x": 234,
            "y": 254.0
          },
          {
            "x": 233,
            "y": 255.0
          },
          {
            "x": 233,
            "y": 271
          },
          {
            "x": 232,
            "y": 272
          },
          {
            "x": 232,
            "y": 278
          },
          {
            "x": 231,
            "y": 279
          },
          {
            "x": 231,
            "y": 298
          },
          {
            "x": 230,
            "y": 299
          },
          {
            "x": 230,
            "y": 307
          },
          {
            "x": 229,
            "y": 308
          },
          {
            "x": 228,
            "y": 308
          },
          {
            "x": 228,
            "y": 311
          },
          {
            "x": 227,
            "y": 312
          },
          {
            "x": 227,
            "y": 315
          },
          {
            "x": 226,
            "y": 316
          },
          {
            "x": 226,
            "y": 324
          },
          {
            "x": 225,
            "y": 325
          },
          {
            "x": 225,
            "y": 335
          },
          {
            "x": 224,
            "y": 336
          },
          {
            "x": 224,
            "y": 341
          },
          {
            "x": 223,
            "y": 342
          },
          {
            "x": 223,
            "y": 346
          },
          {
            "x": 222,
            "y": 347
          },
          {
            "x": 222,
            "y": 350
          },
          {
            "x": 221,
            "y": 351
          },
          {
            "x": 220,
            "y": 351
          },
          {
            "x": 220,
            "y": 355
          },
          {
            "x": 219,
            "y": 356
          },
          {
            "x": 219,
            "y": 359
          },
          {
            "x": 218,
            "y": 360
          },
          {
            "x": 218,
            "y": 363
          },
          {
            "x": 217,
            "y": 364
          },
          {
            "x": 217,
            "y": 367
          },
          {
            "x": 216,
            "y": 368
          },
          {
            "x": 216,
            "y": 371
          },
          {
            "x": 215,
            "y": 372
          },
          {
            "x": 215,
            "y": 373
          },
          {
            "x": 214,
            "y": 374
          },
          {
            "x": 214,
            "y": 375
          },
          {
            "x": 212,
            "y": 377
          },
          {
            "x": 211,
            "y": 377
          },
          {
            "x": 211,
            "y": 379
          },
          {
            "x": 207,
            "y": 383
          },
          {
            "x": 206,
            "y": 383
          },
          {
            "x": 203,
            "y": 386
          },
          {
            "x": 202,
            "y": 386
          },
          {
            "x": 202,
            "y": 387
          },
          {
            "x": 196,
            "y": 393
          },
          {
            "x": 196,
            "y": 394
          },
          {
            "x": 195,
            "y": 395
          },
          {
            "x": 195,
            "y": 397
          },
          {
            "x": 194,
            "y": 398
          },
          {
            "x": 193,
            "y": 398
          },
          {
            "x": 193,
            "y": 400
          },
          {
            "x": 192,
            "y": 401
          },
          {
            "x": 192,
            "y": 405
          },
          {
            "x": 191,
            "y": 406
          },
          {
            "x": 191,
            "y": 408
          },
          {
            "x": 190,
            "y": 409
          },
          {
            "x": 190,
            "y": 411
          },
          {
            "x": 189.0,
            "y": 412
          },
          {
            "x": 189.0,
            "y": 416
          },
          {
            "x": 188,
            "y": 417
          },
          {
            "x": 188,
            "y": 422
          },
          {
            "x": 187,
            "y": 423
          },
          {
            "x": 187,
            "y": 427.0
          },
          {
            "x": 186,
            "y": 428
          },
          {
            "x": 185,
            "y": 428
          },
          {
            "x": 185,
            "y": 432
          },
          {
            "x": 184,
            "y": 433
          },
          {
            "x": 184,
            "y": 437
          },
          {
            "x": 183,
            "y": 438
          },
          {
            "x": 183,
            "y": 445
          },
          {
            "x": 182,
            "y": 446
          },
          {
            "x": 182,
            "y": 454
          },
          {
            "x": 181,
            "y": 455
          },
          {
            "x": 181,
            "y": 460
          },
          {
            "x": 180,
            "y": 461
          },
          {
            "x": 180,
            "y": 466
          },
          {
            "x": 179,
            "y": 467
          },
          {
            "x": 179,
            "y": 475
          },
          {
            "x": 178,
            "y": 476
          },
          {
            "x": 178,
            "y": 486
          },
          {
            "x": 177,
            "y": 487
          },
          {
            "x": 176,
            "y": 487
          },
          {
            "x": 176,
            "y": 495
          },
          {
            "x": 175,
            "y": 496
          },
          {
            "x": 175,
            "y": 505
          },
          {
            "x": 174,
            "y": 506
          },
          {
            "x": 174,
            "y": 518
          },
          {
            "x": 173,
            "y": 519
          },
          {
            "x": 173,
            "y": 525
          },
          {
            "x": 172,
            "y": 526
          },
          {
            "x": 172,
            "y": 532
          },
          {
            "x": 171,
            "y": 533
          },
          {
            "x": 171,
            "y": 541
          },
          {
            "x": 170,
            "y": 542
          },
          {
            "x": 170,
            "y": 550
          },
          {
            "x": 169,
            "y": 551
          },
          {
            "x": 169,
            "y": 557
          },
          {
            "x": 168,
            "y": 558
          },
          {
            "x": 167,
            "y": 558
          },
          {
            "x": 167,
            "y": 564
          },
          {
            "x": 166,
            "y": 565
          },
          {
            "x": 166,
            "y": 571
          },
          {
            "x": 165,
            "y": 572
          },
          {
            "x": 165,
            "y": 579
          },
          {
            "x": 164,
            "y": 580
          },
          {
            "x": 164,
            "y": 585
          },
          {
            "x": 163,
            "y": 586
          },
          {
            "x": 163,
            "y": 592
          },
          {
            "x": 162,
            "y": 593
          },
          {
            "x": 162,
            "y": 600
          },
          {
            "x": 161,
            "y": 601
          },
          {
            "x": 161,
            "y": 609.0
          },
          {
            "x": 160,
            "y": 610.0
          },
          {
            "x": 159,
            "y": 610.0
          },
          {
            "x": 159,
            "y": 615
          },
          {
            "x": 158,
            "y": 616
          },
          {
            "x": 158,
            "y": 620
          },
          {
            "x": 157,
            "y": 621
          },
          {
            "x": 157,
            "y": 628
          },
          {
            "x": 156,
            "y": 629
          },
          {
            "x": 156,
            "y": 635
          },
          {
            "x": 155,
            "y": 636
          },
          {
            "x": 155,
            "y": 642
          },
          {
            "x": 154,
            "y": 643
          },
          {
            "x": 154,
            "y": 647
          },
          {
            "x": 153,
            "y": 648
          },
          {
            "x": 153,
            "y": 654
          },
          {
            "x": 152,
            "y": 655
          },
          {
            "x": 152,
            "y": 661
          },
          {
            "x": 151,
            "y": 662
          },
          {
            "x": 150,
            "y": 662
          },
          {
            "x": 150,
            "y": 666
          },
          {
            "x": 149,
            "y": 667
          },
          {
            "x": 149,
            "y": 669
          },
          {
            "x": 148,
            "y": 670
          },
          {
            "x": 148,
            "y": 676
          },
          {
            "x": 147,
            "y": 677
          },
          {
            "x": 147,
            "y": 681
          },
          {
            "x": 146,
            "y": 682
          },
          {
            "x": 146,
            "y": 687
          },
          {
            "x": 145,
            "y": 688
          },
          {
            "x": 145,
            "y": 692
          },
          {
            "x": 144,
            "y": 693
          },
          {
            "x": 144,
            "y": 699
          },
          {
            "x": 143,
            "y": 700
          },
          {
            "x": 143,
            "y": 705
          },
          {
            "x": 146,
            "y": 708
          },
          {
            "x": 146,
            "y": 709
          },
          {
            "x": 147,
            "y": 709
          },
          {
            "x": 148,
            "y": 710
          },
          {
            "x": 154,
            "y": 710
          },
          {
            "x": 155,
            "y": 711
          },
          {
            "x": 157,
            "y": 711
          },
          {
            "x": 158,
            "y": 710
          },
          {
            "x": 177,
            "y": 710
          },
          {
            "x": 178,
            "y": 711
          },
          {
            "x": 181,
            "y": 711
          },
          {
            "x": 182,
            "y": 712
          },
          {
            "x": 188,
            "y": 712
          },
          {
            "x": 189.0,
            "y": 713
          },
          {
            "x": 196,
            "y": 713
          },
          {
            "x": 197,
            "y": 714
          },
          {
            "x": 203,
            "y": 714
          },
          {
            "x": 204,
            "y": 715
          },
          {
            "x": 207,
            "y": 715
          },
          {
            "x": 208,
            "y": 716
          },
          {
            "x": 216,
            "y": 716
          },
          {
            "x": 217,
            "y": 715
          },
          {
            "x": 218,
            "y": 715
          },
          {
            "x": 220,
            "y": 713
          },
          {
            "x": 221,
            "y": 713
          },
          {
            "x": 224,
            "y": 710
          },
          {
            "x": 229,
            "y": 710
          },
          {
            "x": 233,
            "y": 714
          },
          {
            "x": 233,
            "y": 715
          },
          {
            "x": 234,
            "y": 716
          },
          {
            "x": 234,
            "y": 719
          },
          {
            "x": 235,
            "y": 720
          },
          {
            "x": 235,
            "y": 724
          },
          {
            "x": 236,
            "y": 725
          },
          {
            "x": 236,
            "y": 727
          },
          {
            "x": 237,
            "y": 728
          },
          {
            "x": 239,
            "y": 728
          },
          {
            "x": 240,
            "y": 729
          },
          {
            "x": 241,
            "y": 729
          },
          {
            "x": 242,
            "y": 730
          },
          {
            "x": 243,
            "y": 730
          },
          {
            "x": 244,
            "y": 729
          },
          {
            "x": 262,
            "y": 729
          },
          {
            "x": 263,
            "y": 728
          },
          {
            "x": 265,
            "y": 728
          },
          {
            "x": 266,
            "y": 727
          },
          {
            "x": 267,
            "y": 727
          },
          {
            "x": 267,
            "y": 726
          },
          {
            "x": 268,
            "y": 725
          },
          {
            "x": 269,
            "y": 725
          },
          {
            "x": 270,
            "y": 724
          },
          {
            "x": 271,
            "y": 724
          },
          {
            "x": 272,
            "y": 723
          },
          {
            "x": 275,
            "y": 723
          },
          {
            "x": 276,
            "y": 722
          },
          {
            "x": 278,
            "y": 722
          },
          {
            "x": 280.0,
            "y": 720
          },
          {
            "x": 282,
            "y": 720
          },
          {
            "x": 284,
            "y": 718
          },
          {
            "x": 285,
            "y": 718
          },
          {
            "x": 285,
            "y": 717
          },
          {
            "x": 286,
            "y": 716
          },
          {
            "x": 291,
            "y": 716
          },
          {
            "x": 292,
            "y": 715
          },
          {
            "x": 303,
            "y": 715
          },
          {
            "x": 304,
            "y": 714
          },
          {
            "x": 306,
            "y": 714
          },
          {
            "x": 307,
            "y": 713
          },
          {
            "x": 309,
            "y": 713
          },
          {
            "x": 310,
            "y": 712
          },
          {
            "x": 311,
            "y": 712
          },
          {
            "x": 312,
            "y": 711
          },
          {
            "x": 313,
            "y": 711
          },
          {
            "x": 314,
            "y": 710
          },
          {
            "x": 317,
            "y": 710
          },
          {
            "x": 318,
            "y": 709
          },
          {
            "x": 320,
            "y": 709
          },
          {
            "x": 320,
            "y": 708
          },
          {
            "x": 321,
            "y": 707.0
          },
          {
            "x": 325,
            "y": 707.0
          },
          {
            "x": 326,
            "y": 706
          },
          {
            "x": 334,
            "y": 706
          },
          {
            "x": 335,
            "y": 705
          },
          {
            "x": 337,
            "y": 705
          },
          {
            "x": 338,
            "y": 704
          },
          {
            "x": 338,
            "y": 702
          },
          {
            "x": 339,
            "y": 701
          },
          {
            "x": 339,
            "y": 700
          },
          {
            "x": 338,
            "y": 699
          },
          {
            "x": 338,
            "y": 693
          },
          {
            "x": 337,
            "y": 692
          },
          {
            "x": 337,
            "y": 679
          },
          {
            "x": 338,
            "y": 678
          },
          {
            "x": 338,
            "y": 667
          },
          {
            "x": 339,
            "y": 666
          },
          {
            "x": 339,
            "y": 656
          },
          {
            "x": 340,
            "y": 655
          },
          {
            "x": 340,
            "y": 645
          },
          {
            "x": 341,
            "y": 644
          },
          {
            "x": 342,
            "y": 644
          },
          {
            "x": 342,
            "y": 637
          },
          {
            "x": 343,
            "y": 636
          },
          {
            "x": 343,
            "y": 628
          },
          {
            "x": 344,
            "y": 627
          },
          {
            "x": 344,
            "y": 617
          },
          {
            "x": 345,
            "y": 616
          },
          {
            "x": 345,
            "y": 608
          },
          {
            "x": 346,
            "y": 607
          },
          {
            "x": 346,
            "y": 598
          },
          {
            "x": 347,
            "y": 597
          },
          {
            "x": 347,
            "y": 589
          },
          {
            "x": 348,
            "y": 588
          },
          {
            "x": 348,
            "y": 576
          },
          {
            "x": 349,
            "y": 575
          },
          {
            "x": 349,
            "y": 566
          },
          {
            "x": 350,
            "y": 565
          },
          {
            "x": 351,
            "y": 565
          },
          {
            "x": 351,
            "y": 558
          },
          {
            "x": 352,
            "y": 557
          },
          {
            "x": 352,
            "y": 551
          },
          {
            "x": 353,
            "y": 550
          },
          {
            "x": 353,
            "y": 536
          },
          {
            "x": 352,
            "y": 535
          },
          {
            "x": 352,
            "y": 523
          },
          {
            "x": 351,
            "y": 522
          },
          {
            "x": 351,
            "y": 511
          },
          {
            "x": 350,
            "y": 511
          },
          {
            "x": 349,
            "y": 510
          },
          {
            "x": 349,
            "y": 499
          },
          {
            "x": 348,
            "y": 498
          },
          {
            "x": 348,
            "y": 484
          },
          {
            "x": 347,
            "y": 483
          },
          {
            "x": 347,
            "y": 473
          },
          {
            "x": 346,
            "y": 472
          },
          {
            "x": 346,
            "y": 467
          },
          {
            "x": 345,
            "y": 466
          },
          {
            "x": 345,
            "y": 461
          },
          {
            "x": 344,
            "y": 460
          },
          {
            "x": 344,
            "y": 458
          },
          {
            "x": 343,
            "y": 457
          },
          {
            "x": 343,
            "y": 454
          },
          {
            "x": 342,
            "y": 453
          },
          {
            "x": 342,
            "y": 449
          },
          {
            "x": 341,
            "y": 449
          },
          {
            "x": 340,
            "y": 448
          },
          {
            "x": 340,
            "y": 430
          },
          {
            "x": 339,
            "y": 429
          },
          {
            "x": 339,
            "y": 424
          },
          {
            "x": 338,
            "y": 423
          },
          {
            "x": 338,
            "y": 408
          },
          {
            "x": 337,
            "y": 407
          },
          {
            "x": 337,
            "y": 394
          },
          {
            "x": 336,
            "y": 393
          },
          {
            "x": 336,
            "y": 389
          },
          {
            "x": 335,
            "y": 388
          },
          {
            "x": 335,
            "y": 383
          },
          {
            "x": 334,
            "y": 382
          },
          {
            "x": 334,
            "y": 377
          },
          {
            "x": 333,
            "y": 377
          },
          {
            "x": 332,
            "y": 376
          },
          {
            "x": 332,
            "y": 347
          },
          {
            "x": 331,
            "y": 346
          },
          {
            "x": 331,
            "y": 339
          },
          {
            "x": 330,
            "y": 338
          },
          {
            "x": 330,
            "y": 331
          },
          {
            "x": 329.0,
            "y": 330
          },
          {
            "x": 329.0,
            "y": 322
          },
          {
            "x": 330,
            "y": 321
          },
          {
            "x": 330,
            "y": 314
          },
          {
            "x": 331,
            "y": 313
          },
          {
            "x": 331,
            "y": 311
          },
          {
            "x": 332,
            "y": 310
          },
          {
            "x": 332,
            "y": 307
          },
          {
            "x": 333,
            "y": 306
          },
          {
            "x": 334,
            "y": 306
          },
          {
            "x": 334,
            "y": 305.0
          },
          {
            "x": 335,
            "y": 304
          },
          {
            "x": 335,
            "y": 302
          },
          {
            "x": 336,
            "y": 301
          },
          {
            "x": 336,
            "y": 297
          },
          {
            "x": 337,
            "y": 296
          },
          {
            "x": 337,
            "y": 291
          },
          {
            "x": 338,
            "y": 290
          },
          {
            "x": 338,
            "y": 286
          },
          {
            "x": 339,
            "y": 285
          },
          {
            "x": 339,
            "y": 280.0
          },
          {
            "x": 340,
            "y": 279
          },
          {
            "x": 340,
            "y": 276
          },
          {
            "x": 341,
            "y": 275
          },
          {
            "x": 342,
            "y": 275
          },
          {
            "x": 342,
            "y": 260.0
          },
          {
            "x": 343,
            "y": 259.0
          },
          {
            "x": 343,
            "y": 244
          },
          {
            "x": 344,
            "y": 243
          },
          {
            "x": 344,
            "y": 241
          },
          {
            "x": 345,
            "y": 240
          },
          {
            "x": 345,
            "y": 238
          },
          {
            "x": 347,
            "y": 236.0
          },
          {
            "x": 346,
            "y": 235.0
          },
          {
            "x": 346,
            "y": 227.0
          },
          {
            "x": 347,
            "y": 226.0
          },
          {
            "x": 347,
            "y": 220
          },
          {
            "x": 348,
            "y": 219
          },
          {
            "x": 348,
            "y": 216
          },
          {
            "x": 347,
            "y": 215
          },
          {
            "x": 347,
            "y": 212.0
          }
        ]
      }
    }
  ]
}