{
  "image": {
    "width": 266,
    "height": 400,
    "filename": "00000196.jpg",
    "original_filename": "000436.jpg",
    "url": "https://darwin.v7labs.com/api/images/1212338/original?token=16d6037d-33e8-4c8d-8cb7-761abbebab61",
    "thumbnail_url": "https://darwin.v7labs.com/api/images/1212338/thumbnail?token=16d6037d-33e8-4c8d-8cb7-761abbebab61",
    "workview_url": "https://darwin.v7labs.com/workview?dataset=1176&image=196"
  },
  "dataset": "Fashion_2",
  "annotated": true,
  "annotations": [
    {
      "bounding_box": {
        "h": 283.18,
        "w": 205.97,
        "x": 35.13,
        "y": 117.91
      },
      "name": "Sarafan "
    }
  ]
}