{
  "image": {
    "width": 266,
    "height": 400,
    "filename": "00000078.jpg",
    "original_filename": "000318.jpg",
    "url": "https://darwin.v7labs.com/api/images/1212220/original?token=16d6037d-33e8-4c8d-8cb7-761abbebab61",
    "thumbnail_url": "https://darwin.v7labs.com/api/images/1212220/thumbnail?token=16d6037d-33e8-4c8d-8cb7-761abbebab61",
    "workview_url": "https://darwin.v7labs.com/workview?dataset=1176&image=78"
  },
  "dataset": "Fashion_2",
  "annotated": true,
  "annotations": [
    {
      "name": "Skirt Polygon ",
      "polygon": {
        "path": [
          {
            "x": 177.0,
            "y": 206.0
          },
          {
            "x": 176,
            "y": 206.0
          },
          {
            "x": 175,
            "y": 205.0
          },
          {
            "x": 174,
            "y": 206.0
          },
          {
            "x": 172,
            "y": 206.0
          },
          {
            "x": 171,
            "y": 207.0
          },
          {
            "x": 170,
            "y": 207.0
          },
          {
            "x": 166.0,
            "y": 211
          },
          {
            "x": 159,
            "y": 211
          },
          {
            "x": 158.0,
            "y": 212
          },
          {
            "x": 154.0,
            "y": 212
          },
          {
            "x": 153,
            "y": 213
          },
          {
            "x": 152,
            "y": 213
          },
          {
            "x": 149,
            "y": 216.0
          },
          {
            "x": 146.0,
            "y": 216.0
          },
          {
            "x": 145.0,
            "y": 217.0
          },
          {
            "x": 145.0,
            "y": 220
          },
          {
            "x": 143.0,
            "y": 222
          },
          {
            "x": 140,
            "y": 222
          },
          {
            "x": 139,
            "y": 223
          },
          {
            "x": 137,
            "y": 223
          },
          {
            "x": 136,
            "y": 224
          },
          {
            "x": 133,
            "y": 224
          },
          {
            "x": 132,
            "y": 225
          },
          {
            "x": 127,
            "y": 225
          },
          {
            "x": 126.0,
            "y": 224
          },
          {
            "x": 125.0,
            "y": 224
          },
          {
            "x": 124,
            "y": 223
          },
          {
            "x": 124,
            "y": 222
          },
          {
            "x": 122,
            "y": 220
          },
          {
            "x": 122,
            "y": 219
          },
          {
            "x": 121,
            "y": 218.0
          },
          {
            "x": 121,
            "y": 217.0
          },
          {
            "x": 120.0,
            "y": 216.0
          },
          {
            "x": 119.0,
            "y": 216.0
          },
          {
            "x": 115.0,
            "y": 212
          },
          {
            "x": 115.0,
            "y": 211
          },
          {
            "x": 115.0,
            "y": 212
          },
          {
            "x": 114.0,
            "y": 213
          },
          {
            "x": 114.0,
            "y": 223
          },
          {
            "x": 113,
            "y": 224
          },
          {
            "x": 113,
            "y": 228.0
          },
          {
            "x": 112,
            "y": 229.0
          },
          {
            "x": 112,
            "y": 232
          },
          {
            "x": 111,
            "y": 233
          },
          {
            "x": 111,
            "y": 236
          },
          {
            "x": 110,
            "y": 237
          },
          {
            "x": 110,
            "y": 240.0
          },
          {
            "x": 109.0,
            "y": 241.0
          },
          {
            "x": 109.0,
            "y": 242
          },
          {
            "x": 108.0,
            "y": 243
          },
          {
            "x": 108.0,
            "y": 245
          },
          {
            "x": 107,
            "y": 246
          },
          {
            "x": 107,
            "y": 247
          },
          {
            "x": 105,
            "y": 249.0
          },
          {
            "x": 105,
            "y": 252.0
          },
          {
            "x": 104,
            "y": 253
          },
          {
            "x": 104,
            "y": 254
          },
          {
            "x": 103.0,
            "y": 255
          },
          {
            "x": 103.0,
            "y": 256
          },
          {
            "x": 101,
            "y": 258
          },
          {
            "x": 101,
            "y": 260
          },
          {
            "x": 100,
            "y": 261
          },
          {
            "x": 100,
            "y": 262
          },
          {
            "x": 99,
            "y": 263
          },
          {
            "x": 99,
            "y": 264
          },
          {
            "x": 98.0,
            "y": 265
          },
          {
            "x": 98.0,
            "y": 266
          },
          {
            "x": 97.0,
            "y": 267
          },
          {
            "x": 97.0,
            "y": 269
          },
          {
            "x": 96,
            "y": 270
          },
          {
            "x": 96,
            "y": 273
          },
          {
            "x": 95,
            "y": 274
          },
          {
            "x": 95,
            "y": 276
          },
          {
            "x": 94,
            "y": 277
          },
          {
            "x": 94,
            "y": 278
          },
          {
            "x": 93,
            "y": 279
          },
          {
            "x": 93,
            "y": 280
          },
          {
            "x": 92.0,
            "y": 281
          },
          {
            "x": 92.0,
            "y": 286
          },
          {
            "x": 91.0,
            "y": 287
          },
          {
            "x": 91.0,
            "y": 291
          },
          {
            "x": 90,
            "y": 292
          },
          {
            "x": 90,
            "y": 296
          },
          {
            "x": 94,
            "y": 296
          },
          {
            "x": 95,
            "y": 295
          },
          {
            "x": 100,
            "y": 295
          },
          {
            "x": 102,
            "y": 293
          },
          {
            "x": 103.0,
            "y": 294
          },
          {
            "x": 104,
            "y": 294
          },
          {
            "x": 105,
            "y": 295
          },
          {
            "x": 106,
            "y": 295
          },
          {
            "x": 107,
            "y": 296
          },
          {
            "x": 108.0,
            "y": 296
          },
          {
            "x": 111,
            "y": 299
          },
          {
            "x": 111,
            "y": 302
          },
          {
            "x": 112,
            "y": 302
          },
          {
            "x": 113,
            "y": 303
          },
          {
            "x": 112,
            "y": 304
          },
          {
            "x": 118,
            "y": 310
          },
          {
            "x": 119.0,
            "y": 310
          },
          {
            "x": 122,
            "y": 313
          },
          {
            "x": 124,
            "y": 313
          },
          {
            "x": 125.0,
            "y": 314
          },
          {
            "x": 126.0,
            "y": 314
          },
          {
            "x": 127,
            "y": 315
          },
          {
            "x": 130,
            "y": 315
          },
          {
            "x": 131,
            "y": 316
          },
          {
            "x": 147.0,
            "y": 316
          },
          {
            "x": 148,
            "y": 315
          },
          {
            "x": 148,
            "y": 313
          },
          {
            "x": 148,
            "y": 314
          },
          {
            "x": 147.0,
            "y": 315
          },
          {
            "x": 144.0,
            "y": 315
          },
          {
            "x": 143.0,
            "y": 314
          },
          {
            "x": 141,
            "y": 314
          },
          {
            "x": 138,
            "y": 311
          },
          {
            "x": 138,
            "y": 310
          },
          {
            "x": 139,
            "y": 309
          },
          {
            "x": 141,
            "y": 309
          },
          {
            "x": 142.0,
            "y": 308
          },
          {
            "x": 147.0,
            "y": 308
          },
          {
            "x": 148,
            "y": 309
          },
          {
            "x": 149,
            "y": 309
          },
          {
            "x": 150,
            "y": 308
          },
          {
            "x": 157.0,
            "y": 308
          },
          {
            "x": 158.0,
            "y": 309
          },
          {
            "x": 176,
            "y": 309
          },
          {
            "x": 177.0,
            "y": 308
          },
          {
            "x": 179.0,
            "y": 308
          },
          {
            "x": 180.0,
            "y": 307
          },
          {
            "x": 183,
            "y": 307
          },
          {
            "x": 183,
            "y": 289
          },
          {
            "x": 182,
            "y": 288
          },
          {
            "x": 182,
            "y": 280
          },
          {
            "x": 186,
            "y": 276
          },
          {
            "x": 186,
            "y": 272
          },
          {
            "x": 187,
            "y": 271
          },
          {
            "x": 187,
            "y": 265
          },
          {
            "x": 188.0,
            "y": 264
          },
          {
            "x": 188.0,
            "y": 258
          },
          {
            "x": 189.0,
            "y": 257
          },
          {
            "x": 188.0,
            "y": 256
          },
          {
            "x": 188.0,
            "y": 243
          },
          {
            "x": 187,
            "y": 242
          },
          {
            "x": 187,
            "y": 236
          },
          {
            "x": 186,
            "y": 235
          },
          {
            "x": 186,
            "y": 227.0
          },
          {
            "x": 185,
            "y": 226
          },
          {
            "x": 185,
            "y": 224
          },
          {
            "x": 184,
            "y": 223
          },
          {
            "x": 184,
            "y": 221
          },
          {
            "x": 183,
            "y": 220
          },
          {
            "x": 183,
            "y": 218.0
          },
          {
            "x": 182,
            "y": 217.0
          },
          {
            "x": 182,
            "y": 216.0
          },
          {
            "x": 181,
            "y": 215
          },
          {
            "x": 181,
            "y": 214
          },
          {
            "x": 179.0,
            "y": 212
          },
          {
            "x": 179.0,
            "y": 210
          },
          {
            "x": 178.0,
            "y": 209
          },
          {
            "x": 178.0,
            "y": 208
          },
          {
            "x": 177.0,
            "y": 207.0
          }
        ]
      }
    },
    {
      "name": "Shirt Polygon ",
      "polygon": {
        "path": [
          {
            "x": 159,
            "y": 111
          },
          {
            "x": 156.0,
            "y": 111
          },
          {
            "x": 157.0,
            "y": 112
          },
          {
            "x": 157.0,
            "y": 115
          },
          {
            "x": 158,
            "y": 116
          },
          {
            "x": 158,
            "y": 117.0
          },
          {
            "x": 159,
            "y": 118
          },
          {
            "x": 159,
            "y": 129
          },
          {
            "x": 158,
            "y": 130
          },
          {
            "x": 158,
            "y": 132
          },
          {
            "x": 157.0,
            "y": 133
          },
          {
            "x": 157.0,
            "y": 138
          },
          {
            "x": 156.0,
            "y": 139
          },
          {
            "x": 156.0,
            "y": 141
          },
          {
            "x": 155,
            "y": 142
          },
          {
            "x": 155,
            "y": 147
          },
          {
            "x": 154,
            "y": 148
          },
          {
            "x": 154,
            "y": 154
          },
          {
            "x": 153.0,
            "y": 155
          },
          {
            "x": 152.0,
            "y": 155
          },
          {
            "x": 151,
            "y": 154
          },
          {
            "x": 151,
            "y": 153
          },
          {
            "x": 150,
            "y": 152
          },
          {
            "x": 150,
            "y": 151
          },
          {
            "x": 147,
            "y": 148
          },
          {
            "x": 147,
            "y": 147
          },
          {
            "x": 144.0,
            "y": 144
          },
          {
            "x": 144.0,
            "y": 142
          },
          {
            "x": 143,
            "y": 141
          },
          {
            "x": 143,
            "y": 140
          },
          {
            "x": 142,
            "y": 139
          },
          {
            "x": 142,
            "y": 138
          },
          {
            "x": 140.0,
            "y": 136
          },
          {
            "x": 140.0,
            "y": 135
          },
          {
            "x": 139,
            "y": 134
          },
          {
            "x": 139,
            "y": 133
          },
          {
            "x": 138,
            "y": 132
          },
          {
            "x": 138,
            "y": 131
          },
          {
            "x": 137.0,
            "y": 130
          },
          {
            "x": 137.0,
            "y": 129
          },
          {
            "x": 135,
            "y": 127.0
          },
          {
            "x": 135,
            "y": 126
          },
          {
            "x": 134,
            "y": 125.0
          },
          {
            "x": 134,
            "y": 119.0
          },
          {
            "x": 133,
            "y": 118
          },
          {
            "x": 133,
            "y": 117.0
          },
          {
            "x": 132.0,
            "y": 116
          },
          {
            "x": 130,
            "y": 116
          },
          {
            "x": 129.0,
            "y": 115
          },
          {
            "x": 128.0,
            "y": 116
          },
          {
            "x": 128.0,
            "y": 117.0
          },
          {
            "x": 127.0,
            "y": 118
          },
          {
            "x": 127.0,
            "y": 123.0
          },
          {
            "x": 128.0,
            "y": 124
          },
          {
            "x": 128.0,
            "y": 127.0
          },
          {
            "x": 127.0,
            "y": 128
          },
          {
            "x": 127.0,
            "y": 129
          },
          {
            "x": 128.0,
            "y": 130
          },
          {
            "x": 127.0,
            "y": 131
          },
          {
            "x": 127.0,
            "y": 134
          },
          {
            "x": 126,
            "y": 135
          },
          {
            "x": 126,
            "y": 136
          },
          {
            "x": 125.0,
            "y": 137
          },
          {
            "x": 125.0,
            "y": 139
          },
          {
            "x": 124.0,
            "y": 140
          },
          {
            "x": 124.0,
            "y": 143
          },
          {
            "x": 123.0,
            "y": 144
          },
          {
            "x": 123.0,
            "y": 145
          },
          {
            "x": 122,
            "y": 146
          },
          {
            "x": 122,
            "y": 149
          },
          {
            "x": 121.0,
            "y": 150
          },
          {
            "x": 121.0,
            "y": 151
          },
          {
            "x": 120.0,
            "y": 152
          },
          {
            "x": 120.0,
            "y": 155
          },
          {
            "x": 119.0,
            "y": 156
          },
          {
            "x": 119.0,
            "y": 159
          },
          {
            "x": 118,
            "y": 160
          },
          {
            "x": 118,
            "y": 162
          },
          {
            "x": 117.0,
            "y": 163
          },
          {
            "x": 117.0,
            "y": 166
          },
          {
            "x": 116,
            "y": 167
          },
          {
            "x": 116,
            "y": 170
          },
          {
            "x": 115.0,
            "y": 171
          },
          {
            "x": 115.0,
            "y": 174
          },
          {
            "x": 114,
            "y": 175
          },
          {
            "x": 114,
            "y": 180.0
          },
          {
            "x": 113.0,
            "y": 181.0
          },
          {
            "x": 113.0,
            "y": 191
          },
          {
            "x": 114,
            "y": 192
          },
          {
            "x": 114,
            "y": 195
          },
          {
            "x": 115.0,
            "y": 196
          },
          {
            "x": 115.0,
            "y": 197.0
          },
          {
            "x": 119.0,
            "y": 201.0
          },
          {
            "x": 120.0,
            "y": 201.0
          },
          {
            "x": 121.0,
            "y": 202.0
          },
          {
            "x": 122,
            "y": 202.0
          },
          {
            "x": 123.0,
            "y": 203
          },
          {
            "x": 125.0,
            "y": 203
          },
          {
            "x": 126,
            "y": 204
          },
          {
            "x": 129.0,
            "y": 204
          },
          {
            "x": 130,
            "y": 203
          },
          {
            "x": 132.0,
            "y": 203
          },
          {
            "x": 132.0,
            "y": 201.0
          },
          {
            "x": 137.0,
            "y": 196
          },
          {
            "x": 138,
            "y": 196
          },
          {
            "x": 139,
            "y": 195
          },
          {
            "x": 140.0,
            "y": 195
          },
          {
            "x": 141.0,
            "y": 196
          },
          {
            "x": 142,
            "y": 195
          },
          {
            "x": 143,
            "y": 195
          },
          {
            "x": 145.0,
            "y": 193.0
          },
          {
            "x": 146,
            "y": 193.0
          },
          {
            "x": 147,
            "y": 192
          },
          {
            "x": 149.0,
            "y": 192
          },
          {
            "x": 150,
            "y": 193.0
          },
          {
            "x": 150,
            "y": 202.0
          },
          {
            "x": 149.0,
            "y": 203
          },
          {
            "x": 149.0,
            "y": 205.0
          },
          {
            "x": 148.0,
            "y": 206.0
          },
          {
            "x": 148.0,
            "y": 209.0
          },
          {
            "x": 149.0,
            "y": 210.0
          },
          {
            "x": 149.0,
            "y": 211
          },
          {
            "x": 154,
            "y": 211
          },
          {
            "x": 155,
            "y": 210.0
          },
          {
            "x": 158,
            "y": 210.0
          },
          {
            "x": 159,
            "y": 209.0
          },
          {
            "x": 162,
            "y": 209.0
          },
          {
            "x": 163,
            "y": 208
          },
          {
            "x": 166,
            "y": 208
          },
          {
            "x": 169.0,
            "y": 205.0
          },
          {
            "x": 171,
            "y": 205.0
          },
          {
            "x": 172.0,
            "y": 204
          },
          {
            "x": 173.0,
            "y": 204
          },
          {
            "x": 175,
            "y": 202.0
          },
          {
            "x": 175,
            "y": 201.0
          },
          {
            "x": 176.0,
            "y": 200
          },
          {
            "x": 176.0,
            "y": 199
          },
          {
            "x": 177.0,
            "y": 198
          },
          {
            "x": 177.0,
            "y": 195
          },
          {
            "x": 175,
            "y": 193.0
          },
          {
            "x": 175,
            "y": 192
          },
          {
            "x": 174,
            "y": 191
          },
          {
            "x": 174,
            "y": 189.0
          },
          {
            "x": 173.0,
            "y": 188.0
          },
          {
            "x": 173.0,
            "y": 183
          },
          {
            "x": 172.0,
            "y": 182
          },
          {
            "x": 172.0,
            "y": 179
          },
          {
            "x": 171,
            "y": 178
          },
          {
            "x": 171,
            "y": 175
          },
          {
            "x": 172.0,
            "y": 174
          },
          {
            "x": 174,
            "y": 174
          },
          {
            "x": 175,
            "y": 173.0
          },
          {
            "x": 176.0,
            "y": 173.0
          },
          {
            "x": 177.0,
            "y": 172.0
          },
          {
            "x": 178,
            "y": 172.0
          },
          {
            "x": 179,
            "y": 171
          },
          {
            "x": 180.0,
            "y": 171
          },
          {
            "x": 180.0,
            "y": 170
          },
          {
            "x": 181.0,
            "y": 169.0
          },
          {
            "x": 181.0,
            "y": 166
          },
          {
            "x": 180.0,
            "y": 165.0
          },
          {
            "x": 180.0,
            "y": 160
          },
          {
            "x": 179,
            "y": 159
          },
          {
            "x": 179,
            "y": 154
          },
          {
            "x": 178,
            "y": 153
          },
          {
            "x": 178,
            "y": 149
          },
          {
            "x": 177.0,
            "y": 148
          },
          {
            "x": 177.0,
            "y": 144
          },
          {
            "x": 176.0,
            "y": 143
          },
          {
            "x": 176.0,
            "y": 140
          },
          {
            "x": 175,
            "y": 139
          },
          {
            "x": 175,
            "y": 134
          },
          {
            "x": 173.0,
            "y": 132
          },
          {
            "x": 173.0,
            "y": 131
          },
          {
            "x": 169.0,
            "y": 127.0
          },
          {
            "x": 169.0,
            "y": 126
          },
          {
            "x": 170,
            "y": 125.0
          },
          {
            "x": 171,
            "y": 125.0
          },
          {
            "x": 172.0,
            "y": 124
          },
          {
            "x": 173.0,
            "y": 124
          },
          {
            "x": 173.0,
            "y": 123.0
          },
          {
            "x": 166,
            "y": 116
          },
          {
            "x": 165.0,
            "y": 116
          },
          {
            "x": 161.0,
            "y": 112
          },
          {
            "x": 160.0,
            "y": 112
          }
        ]
      }
    }
  ]
}