{
  "image": {
    "width": 267,
    "height": 400,
    "filename": "00000803.jpg",
    "original_filename": "000203.jpg",
    "url": "https://darwin.v7labs.com/api/images/1212114/original?token=5cea58b9-0f48-4f62-9905-01f97ea9945c",
    "thumbnail_url": "https://darwin.v7labs.com/api/images/1212114/thumbnail?token=5cea58b9-0f48-4f62-9905-01f97ea9945c",
    "workview_url": "https://darwin.v7labs.com/workview?dataset=1161&image=803"
  },
  "dataset": "Fashion retail",
  "annotated": true,
  "annotations": [
    {
      "name": "Sarafan Polygon ",
      "polygon": {
        "path": [
          {
            "x": 170,
            "y": 145
          },
          {
            "x": 166,
            "y": 145
          },
          {
            "x": 165,
            "y": 144
          },
          {
            "x": 163,
            "y": 144
          },
          {
            "x": 162,
            "y": 143
          },
          {
            "x": 158,
            "y": 143
          },
          {
            "x": 158,
            "y": 145
          },
          {
            "x": 156,
            "y": 147
          },
          {
            "x": 155,
            "y": 147
          },
          {
            "x": 154,
            "y": 148
          },
          {
            "x": 152,
            "y": 148
          },
          {
            "x": 152,
            "y": 149
          },
          {
            "x": 151,
            "y": 150
          },
          {
            "x": 151,
            "y": 151
          },
          {
            "x": 149,
            "y": 153
          },
          {
            "x": 149,
            "y": 154
          },
          {
            "x": 146,
            "y": 157
          },
          {
            "x": 145,
            "y": 157
          },
          {
            "x": 143,
            "y": 159
          },
          {
            "x": 141,
            "y": 159
          },
          {
            "x": 140,
            "y": 160
          },
          {
            "x": 139,
            "y": 159
          },
          {
            "x": 138,
            "y": 159
          },
          {
            "x": 136,
            "y": 157
          },
          {
            "x": 135,
            "y": 157
          },
          {
            "x": 133,
            "y": 155
          },
          {
            "x": 133,
            "y": 154
          },
          {
            "x": 131,
            "y": 154
          },
          {
            "x": 130,
            "y": 153
          },
          {
            "x": 129,
            "y": 153
          },
          {
            "x": 126,
            "y": 150
          },
          {
            "x": 125.0,
            "y": 150
          },
          {
            "x": 123.0,
            "y": 148
          },
          {
            "x": 122,
            "y": 148
          },
          {
            "x": 121.0,
            "y": 147
          },
          {
            "x": 120,
            "y": 147
          },
          {
            "x": 119.0,
            "y": 146
          },
          {
            "x": 117.0,
            "y": 146
          },
          {
            "x": 116,
            "y": 145
          },
          {
            "x": 114,
            "y": 145
          },
          {
            "x": 111,
            "y": 148
          },
          {
            "x": 110,
            "y": 148
          },
          {
            "x": 110,
            "y": 149
          },
          {
            "x": 109,
            "y": 150
          },
          {
            "x": 108,
            "y": 150
          },
          {
            "x": 105,
            "y": 153
          },
          {
            "x": 104,
            "y": 153
          },
          {
            "x": 103,
            "y": 154
          },
          {
            "x": 103,
            "y": 155
          },
          {
            "x": 101,
            "y": 157
          },
          {
            "x": 101,
            "y": 159
          },
          {
            "x": 100,
            "y": 160
          },
          {
            "x": 100,
            "y": 161
          },
          {
            "x": 99,
            "y": 162
          },
          {
            "x": 99,
            "y": 163
          },
          {
            "x": 98,
            "y": 164
          },
          {
            "x": 98,
            "y": 165
          },
          {
            "x": 97,
            "y": 166
          },
          {
            "x": 97,
            "y": 168
          },
          {
            "x": 96,
            "y": 169
          },
          {
            "x": 96,
            "y": 171.0
          },
          {
            "x": 95,
            "y": 172
          },
          {
            "x": 95,
            "y": 176
          },
          {
            "x": 94,
            "y": 177
          },
          {
            "x": 94,
            "y": 179.0
          },
          {
            "x": 93,
            "y": 180
          },
          {
            "x": 93,
            "y": 184
          },
          {
            "x": 92,
            "y": 185
          },
          {
            "x": 92,
            "y": 187.0
          },
          {
            "x": 91,
            "y": 188
          },
          {
            "x": 91,
            "y": 189
          },
          {
            "x": 90,
            "y": 190
          },
          {
            "x": 90,
            "y": 192
          },
          {
            "x": 89,
            "y": 193
          },
          {
            "x": 89,
            "y": 195.0
          },
          {
            "x": 88,
            "y": 196
          },
          {
            "x": 88,
            "y": 197
          },
          {
            "x": 87,
            "y": 198
          },
          {
            "x": 87,
            "y": 201
          },
          {
            "x": 86,
            "y": 202
          },
          {
            "x": 86,
            "y": 204
          },
          {
            "x": 85,
            "y": 205
          },
          {
            "x": 85,
            "y": 210
          },
          {
            "x": 88,
            "y": 213
          },
          {
            "x": 89,
            "y": 213
          },
          {
            "x": 90,
            "y": 214
          },
          {
            "x": 90,
            "y": 215
          },
          {
            "x": 91,
            "y": 215
          },
          {
            "x": 92,
            "y": 216
          },
          {
            "x": 93,
            "y": 216
          },
          {
            "x": 97,
            "y": 220
          },
          {
            "x": 97,
            "y": 228
          },
          {
            "x": 98,
            "y": 229
          },
          {
            "x": 98,
            "y": 231
          },
          {
            "x": 99,
            "y": 232
          },
          {
            "x": 99,
            "y": 239
          },
          {
            "x": 98,
            "y": 240
          },
          {
            "x": 98,
            "y": 246.0
          },
          {
            "x": 99,
            "y": 247
          },
          {
            "x": 99,
            "y": 249
          },
          {
            "x": 100,
            "y": 250.0
          },
          {
            "x": 100,
            "y": 251
          },
          {
            "x": 101,
            "y": 252
          },
          {
            "x": 101,
            "y": 256
          },
          {
            "x": 102,
            "y": 257
          },
          {
            "x": 102,
            "y": 260
          },
          {
            "x": 104,
            "y": 262
          },
          {
            "x": 104,
            "y": 263
          },
          {
            "x": 112,
            "y": 271
          },
          {
            "x": 112,
            "y": 272
          },
          {
            "x": 113,
            "y": 273
          },
          {
            "x": 113,
            "y": 306
          },
          {
            "x": 114,
            "y": 307
          },
          {
            "x": 114,
            "y": 311.0
          },
          {
            "x": 115,
            "y": 312
          },
          {
            "x": 116,
            "y": 312
          },
          {
            "x": 117.0,
            "y": 313
          },
          {
            "x": 118,
            "y": 313
          },
          {
            "x": 119.0,
            "y": 312
          },
          {
            "x": 121.0,
            "y": 312
          },
          {
            "x": 122,
            "y": 311.0
          },
          {
            "x": 124,
            "y": 311.0
          },
          {
            "x": 124,
            "y": 310
          },
          {
            "x": 126,
            "y": 308
          },
          {
            "x": 127.0,
            "y": 308
          },
          {
            "x": 127.0,
            "y": 307
          },
          {
            "x": 128,
            "y": 306
          },
          {
            "x": 128,
            "y": 302
          },
          {
            "x": 129,
            "y": 301
          },
          {
            "x": 129,
            "y": 295
          },
          {
            "x": 130,
            "y": 294
          },
          {
            "x": 130,
            "y": 291
          },
          {
            "x": 131,
            "y": 290
          },
          {
            "x": 131,
            "y": 288
          },
          {
            "x": 133,
            "y": 286
          },
          {
            "x": 133,
            "y": 284
          },
          {
            "x": 134,
            "y": 283
          },
          {
            "x": 134,
            "y": 282
          },
          {
            "x": 136,
            "y": 280
          },
          {
            "x": 136,
            "y": 279
          },
          {
            "x": 137,
            "y": 278
          },
          {
            "x": 137,
            "y": 276
          },
          {
            "x": 139,
            "y": 274
          },
          {
            "x": 139,
            "y": 272
          },
          {
            "x": 140,
            "y": 271
          },
          {
            "x": 140,
            "y": 269
          },
          {
            "x": 142,
            "y": 267
          },
          {
            "x": 142,
            "y": 266
          },
          {
            "x": 143,
            "y": 265
          },
          {
            "x": 143,
            "y": 264
          },
          {
            "x": 144,
            "y": 263
          },
          {
            "x": 145,
            "y": 263
          },
          {
            "x": 148,
            "y": 260
          },
          {
            "x": 149,
            "y": 260
          },
          {
            "x": 152,
            "y": 257
          },
          {
            "x": 153,
            "y": 257
          },
          {
            "x": 154,
            "y": 256
          },
          {
            "x": 156,
            "y": 256
          },
          {
            "x": 158,
            "y": 254.0
          },
          {
            "x": 159,
            "y": 254.0
          },
          {
            "x": 162,
            "y": 251
          },
          {
            "x": 163,
            "y": 251
          },
          {
            "x": 167,
            "y": 247
          },
          {
            "x": 168,
            "y": 247
          },
          {
            "x": 170,
            "y": 245
          },
          {
            "x": 171.0,
            "y": 245
          },
          {
            "x": 172,
            "y": 244
          },
          {
            "x": 174,
            "y": 244
          },
          {
            "x": 178.0,
            "y": 248
          },
          {
            "x": 178.0,
            "y": 236
          },
          {
            "x": 177.0,
            "y": 235
          },
          {
            "x": 177.0,
            "y": 232
          },
          {
            "x": 176.0,
            "y": 231
          },
          {
            "x": 176.0,
            "y": 230
          },
          {
            "x": 175.0,
            "y": 229
          },
          {
            "x": 175.0,
            "y": 227
          },
          {
            "x": 174,
            "y": 226
          },
          {
            "x": 174,
            "y": 225
          },
          {
            "x": 173,
            "y": 225
          },
          {
            "x": 171.0,
            "y": 223
          },
          {
            "x": 170,
            "y": 223
          },
          {
            "x": 169,
            "y": 222
          },
          {
            "x": 168,
            "y": 222
          },
          {
            "x": 167,
            "y": 221
          },
          {
            "x": 166,
            "y": 221
          },
          {
            "x": 165,
            "y": 220
          },
          {
            "x": 165,
            "y": 215
          },
          {
            "x": 164,
            "y": 215
          },
          {
            "x": 163,
            "y": 214
          },
          {
            "x": 164,
            "y": 213
          },
          {
            "x": 165,
            "y": 213
          },
          {
            "x": 166,
            "y": 212
          },
          {
            "x": 166,
            "y": 211.0
          },
          {
            "x": 167,
            "y": 210
          },
          {
            "x": 171.0,
            "y": 210
          },
          {
            "x": 173,
            "y": 208
          },
          {
            "x": 176.0,
            "y": 208
          },
          {
            "x": 178.0,
            "y": 206
          },
          {
            "x": 179.0,
            "y": 206
          },
          {
            "x": 181,
            "y": 204
          },
          {
            "x": 183.0,
            "y": 204
          },
          {
            "x": 184.0,
            "y": 203.0
          },
          {
            "x": 188,
            "y": 203.0
          },
          {
            "x": 189,
            "y": 202
          },
          {
            "x": 190,
            "y": 202
          },
          {
            "x": 193.0,
            "y": 199.0
          },
          {
            "x": 193.0,
            "y": 198
          },
          {
            "x": 194.0,
            "y": 197
          },
          {
            "x": 194.0,
            "y": 196
          },
          {
            "x": 193.0,
            "y": 195.0
          },
          {
            "x": 193.0,
            "y": 192
          },
          {
            "x": 192.0,
            "y": 191.0
          },
          {
            "x": 192.0,
            "y": 189
          },
          {
            "x": 191.0,
            "y": 188
          },
          {
            "x": 191.0,
            "y": 187.0
          },
          {
            "x": 190,
            "y": 186
          },
          {
            "x": 190,
            "y": 184
          },
          {
            "x": 189,
            "y": 183.0
          },
          {
            "x": 189,
            "y": 180
          },
          {
            "x": 188,
            "y": 179.0
          },
          {
            "x": 188,
            "y": 178
          },
          {
            "x": 187.0,
            "y": 177
          },
          {
            "x": 187.0,
            "y": 174
          },
          {
            "x": 186.0,
            "y": 173
          },
          {
            "x": 186.0,
            "y": 169
          },
          {
            "x": 185.0,
            "y": 168
          },
          {
            "x": 185.0,
            "y": 167
          },
          {
            "x": 184.0,
            "y": 166
          },
          {
            "x": 184.0,
            "y": 163
          },
          {
            "x": 183.0,
            "y": 162
          },
          {
            "x": 183.0,
            "y": 159
          },
          {
            "x": 182,
            "y": 158
          },
          {
            "x": 182,
            "y": 157
          },
          {
            "x": 181,
            "y": 156
          },
          {
            "x": 181,
            "y": 155
          },
          {
            "x": 180,
            "y": 154
          },
          {
            "x": 180,
            "y": 152
          },
          {
            "x": 176.0,
            "y": 148
          },
          {
            "x": 175.0,
            "y": 148
          },
          {
            "x": 174,
            "y": 147
          },
          {
            "x": 172,
            "y": 147
          }
        ]
      }
    }
  ]
}