{
  "image": {
    "width": 266,
    "height": 400,
    "filename": "00000118.jpg",
    "original_filename": "000597.jpg",
    "url": "https://darwin.v7labs.com/api/images/1212490/original?token=cd62f37c-afe4-4d19-9fa3-5be62f6a54a9",
    "thumbnail_url": "https://darwin.v7labs.com/api/images/1212490/thumbnail?token=cd62f37c-afe4-4d19-9fa3-5be62f6a54a9",
    "workview_url": "https://darwin.v7labs.com/workview?dataset=1177&image=118"
  },
  "dataset": "Fashion_3",
  "annotated": true,
  "annotations": [
    {
      "name": "Coat Polygon ",
      "polygon": {
        "path": [
          {
            "x": 114.0,
            "y": 106
          },
          {
            "x": 112,
            "y": 108.0
          },
          {
            "x": 112,
            "y": 111.0
          },
          {
            "x": 111.0,
            "y": 112
          },
          {
            "x": 111.0,
            "y": 113
          },
          {
            "x": 110.0,
            "y": 114.0
          },
          {
            "x": 110.0,
            "y": 115
          },
          {
            "x": 108.0,
            "y": 117.0
          },
          {
            "x": 108.0,
            "y": 118
          },
          {
            "x": 107.0,
            "y": 119
          },
          {
            "x": 107.0,
            "y": 120.0
          },
          {
            "x": 106,
            "y": 121
          },
          {
            "x": 106,
            "y": 122
          },
          {
            "x": 105.0,
            "y": 123.0
          },
          {
            "x": 105.0,
            "y": 126.0
          },
          {
            "x": 104.0,
            "y": 127.0
          },
          {
            "x": 104.0,
            "y": 128
          },
          {
            "x": 103.0,
            "y": 129
          },
          {
            "x": 103.0,
            "y": 132
          },
          {
            "x": 102.0,
            "y": 133
          },
          {
            "x": 102.0,
            "y": 135
          },
          {
            "x": 101.0,
            "y": 136
          },
          {
            "x": 101.0,
            "y": 137
          },
          {
            "x": 100,
            "y": 138
          },
          {
            "x": 100,
            "y": 139
          },
          {
            "x": 99,
            "y": 140
          },
          {
            "x": 99,
            "y": 143
          },
          {
            "x": 98.0,
            "y": 144
          },
          {
            "x": 98.0,
            "y": 148
          },
          {
            "x": 97.0,
            "y": 149
          },
          {
            "x": 97.0,
            "y": 152
          },
          {
            "x": 96.0,
            "y": 153
          },
          {
            "x": 96.0,
            "y": 154
          },
          {
            "x": 95.0,
            "y": 155
          },
          {
            "x": 95.0,
            "y": 156
          },
          {
            "x": 93,
            "y": 158
          },
          {
            "x": 93,
            "y": 172
          },
          {
            "x": 94,
            "y": 173
          },
          {
            "x": 94,
            "y": 175
          },
          {
            "x": 95.0,
            "y": 176
          },
          {
            "x": 95.0,
            "y": 178
          },
          {
            "x": 97.0,
            "y": 180
          },
          {
            "x": 97.0,
            "y": 181
          },
          {
            "x": 99,
            "y": 183
          },
          {
            "x": 99,
            "y": 184
          },
          {
            "x": 101.0,
            "y": 186
          },
          {
            "x": 101.0,
            "y": 188
          },
          {
            "x": 102.0,
            "y": 189
          },
          {
            "x": 102.0,
            "y": 195
          },
          {
            "x": 104.0,
            "y": 197
          },
          {
            "x": 106,
            "y": 197
          },
          {
            "x": 110.0,
            "y": 201
          },
          {
            "x": 110.0,
            "y": 211
          },
          {
            "x": 109.0,
            "y": 212
          },
          {
            "x": 109.0,
            "y": 214
          },
          {
            "x": 108.0,
            "y": 215.0
          },
          {
            "x": 108.0,
            "y": 218
          },
          {
            "x": 107.0,
            "y": 219
          },
          {
            "x": 107.0,
            "y": 224
          },
          {
            "x": 106,
            "y": 225
          },
          {
            "x": 106,
            "y": 230
          },
          {
            "x": 105.0,
            "y": 231
          },
          {
            "x": 105.0,
            "y": 239
          },
          {
            "x": 104.0,
            "y": 240.0
          },
          {
            "x": 104.0,
            "y": 246.0
          },
          {
            "x": 103.0,
            "y": 247.0
          },
          {
            "x": 103.0,
            "y": 252.0
          },
          {
            "x": 104.0,
            "y": 253.0
          },
          {
            "x": 105.0,
            "y": 253.0
          },
          {
            "x": 106,
            "y": 254.0
          },
          {
            "x": 109.0,
            "y": 254.0
          },
          {
            "x": 110.0,
            "y": 255
          },
          {
            "x": 113,
            "y": 255
          },
          {
            "x": 114.0,
            "y": 256
          },
          {
            "x": 119.0,
            "y": 256
          },
          {
            "x": 120.0,
            "y": 257
          },
          {
            "x": 130.0,
            "y": 257
          },
          {
            "x": 131.0,
            "y": 258
          },
          {
            "x": 148,
            "y": 258
          },
          {
            "x": 149,
            "y": 257
          },
          {
            "x": 149,
            "y": 255
          },
          {
            "x": 150,
            "y": 254.0
          },
          {
            "x": 150,
            "y": 252.0
          },
          {
            "x": 151,
            "y": 251
          },
          {
            "x": 152.0,
            "y": 252.0
          },
          {
            "x": 152.0,
            "y": 253.0
          },
          {
            "x": 153.0,
            "y": 254.0
          },
          {
            "x": 153.0,
            "y": 257
          },
          {
            "x": 154.0,
            "y": 258
          },
          {
            "x": 159.0,
            "y": 258
          },
          {
            "x": 160.0,
            "y": 257
          },
          {
            "x": 163,
            "y": 257
          },
          {
            "x": 164,
            "y": 256
          },
          {
            "x": 167.0,
            "y": 256
          },
          {
            "x": 168.0,
            "y": 255
          },
          {
            "x": 171.0,
            "y": 255
          },
          {
            "x": 172.0,
            "y": 254.0
          },
          {
            "x": 176,
            "y": 254.0
          },
          {
            "x": 177.0,
            "y": 253.0
          },
          {
            "x": 180.0,
            "y": 253.0
          },
          {
            "x": 181.0,
            "y": 252.0
          },
          {
            "x": 182.0,
            "y": 252.0
          },
          {
            "x": 183.0,
            "y": 251
          },
          {
            "x": 184.0,
            "y": 251
          },
          {
            "x": 184.0,
            "y": 245
          },
          {
            "x": 183.0,
            "y": 244
          },
          {
            "x": 183.0,
            "y": 241.0
          },
          {
            "x": 182.0,
            "y": 240.0
          },
          {
            "x": 182.0,
            "y": 235.0
          },
          {
            "x": 181.0,
            "y": 234.0
          },
          {
            "x": 181.0,
            "y": 230
          },
          {
            "x": 180.0,
            "y": 229.0
          },
          {
            "x": 180.0,
            "y": 223
          },
          {
            "x": 179.0,
            "y": 222.0
          },
          {
            "x": 179.0,
            "y": 212
          },
          {
            "x": 178.0,
            "y": 211
          },
          {
            "x": 178.0,
            "y": 204.0
          },
          {
            "x": 179.0,
            "y": 203
          },
          {
            "x": 182.0,
            "y": 203
          },
          {
            "x": 183.0,
            "y": 202
          },
          {
            "x": 184.0,
            "y": 202
          },
          {
            "x": 184.0,
            "y": 201
          },
          {
            "x": 185.0,
            "y": 200
          },
          {
            "x": 185.0,
            "y": 198
          },
          {
            "x": 186,
            "y": 197
          },
          {
            "x": 186,
            "y": 192
          },
          {
            "x": 187,
            "y": 191
          },
          {
            "x": 187,
            "y": 189
          },
          {
            "x": 186,
            "y": 188
          },
          {
            "x": 186,
            "y": 185
          },
          {
            "x": 185.0,
            "y": 184
          },
          {
            "x": 186,
            "y": 183
          },
          {
            "x": 186,
            "y": 181
          },
          {
            "x": 187,
            "y": 180
          },
          {
            "x": 187,
            "y": 179
          },
          {
            "x": 188,
            "y": 178
          },
          {
            "x": 188,
            "y": 175
          },
          {
            "x": 187,
            "y": 174
          },
          {
            "x": 187,
            "y": 172
          },
          {
            "x": 188,
            "y": 171
          },
          {
            "x": 188,
            "y": 170
          },
          {
            "x": 189,
            "y": 169
          },
          {
            "x": 189,
            "y": 163
          },
          {
            "x": 188,
            "y": 162
          },
          {
            "x": 188,
            "y": 159
          },
          {
            "x": 187,
            "y": 158
          },
          {
            "x": 187,
            "y": 149
          },
          {
            "x": 186,
            "y": 148
          },
          {
            "x": 186,
            "y": 142
          },
          {
            "x": 185.0,
            "y": 141
          },
          {
            "x": 185.0,
            "y": 137
          },
          {
            "x": 184.0,
            "y": 136
          },
          {
            "x": 184.0,
            "y": 133
          },
          {
            "x": 183.0,
            "y": 132
          },
          {
            "x": 183.0,
            "y": 131
          },
          {
            "x": 182.0,
            "y": 130
          },
          {
            "x": 182.0,
            "y": 126.0
          },
          {
            "x": 181.0,
            "y": 125
          },
          {
            "x": 181.0,
            "y": 123.0
          },
          {
            "x": 180.0,
            "y": 122
          },
          {
            "x": 180.0,
            "y": 120.0
          },
          {
            "x": 179.0,
            "y": 119
          },
          {
            "x": 179.0,
            "y": 117.0
          },
          {
            "x": 178.0,
            "y": 116
          },
          {
            "x": 178.0,
            "y": 115
          },
          {
            "x": 176,
            "y": 113
          },
          {
            "x": 176,
            "y": 107
          },
          {
            "x": 175,
            "y": 107
          },
          {
            "x": 174,
            "y": 106
          },
          {
            "x": 170.0,
            "y": 106
          },
          {
            "x": 169.0,
            "y": 107
          },
          {
            "x": 165.0,
            "y": 107
          },
          {
            "x": 164,
            "y": 106
          },
          {
            "x": 161,
            "y": 106
          },
          {
            "x": 160.0,
            "y": 105.0
          },
          {
            "x": 159.0,
            "y": 105.0
          },
          {
            "x": 158.0,
            "y": 106
          },
          {
            "x": 156.0,
            "y": 106
          },
          {
            "x": 155.0,
            "y": 107
          },
          {
            "x": 154.0,
            "y": 107
          },
          {
            "x": 153.0,
            "y": 108.0
          },
          {
            "x": 152.0,
            "y": 108.0
          },
          {
            "x": 151,
            "y": 109
          },
          {
            "x": 150,
            "y": 109
          },
          {
            "x": 149,
            "y": 110
          },
          {
            "x": 148,
            "y": 110
          },
          {
            "x": 147.0,
            "y": 111.0
          },
          {
            "x": 146.0,
            "y": 111.0
          },
          {
            "x": 145.0,
            "y": 110
          },
          {
            "x": 144.0,
            "y": 110
          },
          {
            "x": 143.0,
            "y": 109
          },
          {
            "x": 142.0,
            "y": 109
          },
          {
            "x": 138,
            "y": 105.0
          },
          {
            "x": 137,
            "y": 105.0
          },
          {
            "x": 136,
            "y": 104
          },
          {
            "x": 130.0,
            "y": 104
          },
          {
            "x": 128.0,
            "y": 106
          }
        ]
      }
    },
    {
      "name": "Dress Polygon ",
      "polygon": {
        "path": [
          {
            "x": 188,
            "y": 281
          },
          {
            "x": 187,
            "y": 280
          },
          {
            "x": 187,
            "y": 278
          },
          {
            "x": 186,
            "y": 277
          },
          {
            "x": 186,
            "y": 274
          },
          {
            "x": 185.0,
            "y": 273
          },
          {
            "x": 185.0,
            "y": 270
          },
          {
            "x": 184.0,
            "y": 269
          },
          {
            "x": 184.0,
            "y": 265
          },
          {
            "x": 183.0,
            "y": 264
          },
          {
            "x": 183.0,
            "y": 261
          },
          {
            "x": 182.0,
            "y": 260
          },
          {
            "x": 182.0,
            "y": 255
          },
          {
            "x": 180.0,
            "y": 253.0
          },
          {
            "x": 178.0,
            "y": 253.0
          },
          {
            "x": 177.0,
            "y": 254.0
          },
          {
            "x": 175,
            "y": 254.0
          },
          {
            "x": 174,
            "y": 255
          },
          {
            "x": 170.0,
            "y": 255
          },
          {
            "x": 169.0,
            "y": 256
          },
          {
            "x": 166.0,
            "y": 256
          },
          {
            "x": 165.0,
            "y": 257
          },
          {
            "x": 160.0,
            "y": 257
          },
          {
            "x": 159.0,
            "y": 258
          },
          {
            "x": 156.0,
            "y": 258
          },
          {
            "x": 155.0,
            "y": 259
          },
          {
            "x": 153.0,
            "y": 259
          },
          {
            "x": 152.0,
            "y": 258
          },
          {
            "x": 152.0,
            "y": 257
          },
          {
            "x": 151,
            "y": 256
          },
          {
            "x": 151,
            "y": 253.0
          },
          {
            "x": 150,
            "y": 252.0
          },
          {
            "x": 149,
            "y": 253.0
          },
          {
            "x": 149,
            "y": 256
          },
          {
            "x": 148,
            "y": 257
          },
          {
            "x": 148,
            "y": 258
          },
          {
            "x": 147.0,
            "y": 259
          },
          {
            "x": 132.0,
            "y": 259
          },
          {
            "x": 131.0,
            "y": 258
          },
          {
            "x": 123.0,
            "y": 258
          },
          {
            "x": 122.0,
            "y": 257
          },
          {
            "x": 115.0,
            "y": 257
          },
          {
            "x": 114.0,
            "y": 256
          },
          {
            "x": 110.0,
            "y": 256
          },
          {
            "x": 109.0,
            "y": 255
          },
          {
            "x": 104.0,
            "y": 255
          },
          {
            "x": 104.0,
            "y": 256
          },
          {
            "x": 103.0,
            "y": 257
          },
          {
            "x": 103.0,
            "y": 264
          },
          {
            "x": 102.0,
            "y": 265
          },
          {
            "x": 102.0,
            "y": 267
          },
          {
            "x": 101.0,
            "y": 268
          },
          {
            "x": 101.0,
            "y": 275
          },
          {
            "x": 100,
            "y": 276
          },
          {
            "x": 100,
            "y": 282
          },
          {
            "x": 101.0,
            "y": 283
          },
          {
            "x": 107.0,
            "y": 283
          },
          {
            "x": 108.0,
            "y": 284
          },
          {
            "x": 110.0,
            "y": 284
          },
          {
            "x": 111.0,
            "y": 285
          },
          {
            "x": 111.0,
            "y": 286
          },
          {
            "x": 113,
            "y": 288
          },
          {
            "x": 115.0,
            "y": 288
          },
          {
            "x": 117.0,
            "y": 290
          },
          {
            "x": 125,
            "y": 290
          },
          {
            "x": 126.0,
            "y": 291
          },
          {
            "x": 129.0,
            "y": 291
          },
          {
            "x": 130.0,
            "y": 290
          },
          {
            "x": 133.0,
            "y": 290
          },
          {
            "x": 134.0,
            "y": 289
          },
          {
            "x": 136,
            "y": 289
          },
          {
            "x": 137,
            "y": 288
          },
          {
            "x": 143.0,
            "y": 288
          },
          {
            "x": 144.0,
            "y": 289
          },
          {
            "x": 144.0,
            "y": 292
          },
          {
            "x": 157.0,
            "y": 292
          },
          {
            "x": 157.0,
            "y": 290
          },
          {
            "x": 158.0,
            "y": 289
          },
          {
            "x": 164,
            "y": 289
          },
          {
            "x": 165.0,
            "y": 290
          },
          {
            "x": 171.0,
            "y": 290
          },
          {
            "x": 172.0,
            "y": 289
          },
          {
            "x": 180.0,
            "y": 289
          },
          {
            "x": 180.0,
            "y": 287
          },
          {
            "x": 182.0,
            "y": 285
          },
          {
            "x": 184.0,
            "y": 285
          },
          {
            "x": 185.0,
            "y": 284
          },
          {
            "x": 186,
            "y": 284
          },
          {
            "x": 188,
            "y": 282
          }
        ]
      }
    }
  ]
}