{
  "image": {
    "width": 266,
    "height": 400,
    "filename": "00000124.jpg",
    "original_filename": "000603.jpg",
    "url": "https://darwin.v7labs.com/api/images/1212496/original?token=cd62f37c-afe4-4d19-9fa3-5be62f6a54a9",
    "thumbnail_url": "https://darwin.v7labs.com/api/images/1212496/thumbnail?token=cd62f37c-afe4-4d19-9fa3-5be62f6a54a9",
    "workview_url": "https://darwin.v7labs.com/workview?dataset=1177&image=124"
  },
  "dataset": "Fashion_3",
  "annotated": true,
  "annotations": [
    {
      "name": "Coat Polygon ",
      "polygon": {
        "path": [
          {
            "x": 73.0,
            "y": 65
          },
          {
            "x": 71.0,
            "y": 67
          },
          {
            "x": 71.0,
            "y": 70
          },
          {
            "x": 70.0,
            "y": 71
          },
          {
            "x": 70.0,
            "y": 72
          },
          {
            "x": 69,
            "y": 73
          },
          {
            "x": 69,
            "y": 75
          },
          {
            "x": 68,
            "y": 76
          },
          {
            "x": 67.0,
            "y": 76
          },
          {
            "x": 67.0,
            "y": 77
          },
          {
            "x": 61.0,
            "y": 83
          },
          {
            "x": 61.0,
            "y": 84
          },
          {
            "x": 56,
            "y": 89
          },
          {
            "x": 56,
            "y": 90
          },
          {
            "x": 55.0,
            "y": 91
          },
          {
            "x": 55.0,
            "y": 92
          },
          {
            "x": 54.0,
            "y": 93
          },
          {
            "x": 54.0,
            "y": 95
          },
          {
            "x": 53.0,
            "y": 96
          },
          {
            "x": 53.0,
            "y": 101.0
          },
          {
            "x": 52.0,
            "y": 102.0
          },
          {
            "x": 52.0,
            "y": 132
          },
          {
            "x": 51.0,
            "y": 133
          },
          {
            "x": 51.0,
            "y": 142
          },
          {
            "x": 52.0,
            "y": 143
          },
          {
            "x": 52.0,
            "y": 155
          },
          {
            "x": 53.0,
            "y": 156
          },
          {
            "x": 53.0,
            "y": 166
          },
          {
            "x": 54.0,
            "y": 167
          },
          {
            "x": 54.0,
            "y": 171
          },
          {
            "x": 55.0,
            "y": 172
          },
          {
            "x": 55.0,
            "y": 178
          },
          {
            "x": 56,
            "y": 179
          },
          {
            "x": 56,
            "y": 183
          },
          {
            "x": 57.0,
            "y": 184
          },
          {
            "x": 57.0,
            "y": 193
          },
          {
            "x": 58.0,
            "y": 194
          },
          {
            "x": 58.0,
            "y": 235.0
          },
          {
            "x": 59.0,
            "y": 234.0
          },
          {
            "x": 59.0,
            "y": 233.0
          },
          {
            "x": 64.0,
            "y": 228.0
          },
          {
            "x": 64.0,
            "y": 218
          },
          {
            "x": 67.0,
            "y": 215.0
          },
          {
            "x": 70.0,
            "y": 215.0
          },
          {
            "x": 71.0,
            "y": 214
          },
          {
            "x": 77.0,
            "y": 214
          },
          {
            "x": 79.0,
            "y": 216.0
          },
          {
            "x": 79.0,
            "y": 218
          },
          {
            "x": 80.0,
            "y": 219
          },
          {
            "x": 80.0,
            "y": 225
          },
          {
            "x": 79.0,
            "y": 226
          },
          {
            "x": 79.0,
            "y": 228.0
          },
          {
            "x": 78.0,
            "y": 229.0
          },
          {
            "x": 78.0,
            "y": 231
          },
          {
            "x": 77.0,
            "y": 232
          },
          {
            "x": 77.0,
            "y": 233.0
          },
          {
            "x": 76.0,
            "y": 234.0
          },
          {
            "x": 76.0,
            "y": 235.0
          },
          {
            "x": 75,
            "y": 236
          },
          {
            "x": 75,
            "y": 237
          },
          {
            "x": 74,
            "y": 238
          },
          {
            "x": 74,
            "y": 239
          },
          {
            "x": 75,
            "y": 240.0
          },
          {
            "x": 75,
            "y": 243
          },
          {
            "x": 76.0,
            "y": 244
          },
          {
            "x": 76.0,
            "y": 248
          },
          {
            "x": 77.0,
            "y": 249
          },
          {
            "x": 77.0,
            "y": 254.0
          },
          {
            "x": 78.0,
            "y": 255
          },
          {
            "x": 78.0,
            "y": 256
          },
          {
            "x": 79.0,
            "y": 257
          },
          {
            "x": 80.0,
            "y": 257
          },
          {
            "x": 81,
            "y": 258
          },
          {
            "x": 82,
            "y": 258
          },
          {
            "x": 83.0,
            "y": 259
          },
          {
            "x": 107.0,
            "y": 259
          },
          {
            "x": 109.0,
            "y": 257
          },
          {
            "x": 112,
            "y": 257
          },
          {
            "x": 113,
            "y": 256
          },
          {
            "x": 117.0,
            "y": 256
          },
          {
            "x": 118.0,
            "y": 255
          },
          {
            "x": 119.0,
            "y": 255
          },
          {
            "x": 120.0,
            "y": 254.0
          },
          {
            "x": 120.0,
            "y": 253.0
          },
          {
            "x": 121.0,
            "y": 252.0
          },
          {
            "x": 121.0,
            "y": 218
          },
          {
            "x": 122.0,
            "y": 217
          },
          {
            "x": 122.0,
            "y": 201
          },
          {
            "x": 123.0,
            "y": 200
          },
          {
            "x": 123.0,
            "y": 177
          },
          {
            "x": 122.0,
            "y": 176
          },
          {
            "x": 122.0,
            "y": 150
          },
          {
            "x": 121.0,
            "y": 149
          },
          {
            "x": 121.0,
            "y": 145
          },
          {
            "x": 118.0,
            "y": 142
          },
          {
            "x": 118.0,
            "y": 141
          },
          {
            "x": 116.0,
            "y": 139
          },
          {
            "x": 116.0,
            "y": 129
          },
          {
            "x": 115.0,
            "y": 128
          },
          {
            "x": 115.0,
            "y": 119
          },
          {
            "x": 114.0,
            "y": 118
          },
          {
            "x": 114.0,
            "y": 112
          },
          {
            "x": 113,
            "y": 111.0
          },
          {
            "x": 113,
            "y": 108.0
          },
          {
            "x": 112,
            "y": 107
          },
          {
            "x": 112,
            "y": 105.0
          },
          {
            "x": 111.0,
            "y": 104
          },
          {
            "x": 111.0,
            "y": 103
          },
          {
            "x": 110.0,
            "y": 102.0
          },
          {
            "x": 110.0,
            "y": 101.0
          },
          {
            "x": 109.0,
            "y": 100
          },
          {
            "x": 109.0,
            "y": 99
          },
          {
            "x": 108.0,
            "y": 98.0
          },
          {
            "x": 108.0,
            "y": 97
          },
          {
            "x": 107.0,
            "y": 96
          },
          {
            "x": 107.0,
            "y": 95
          },
          {
            "x": 106.0,
            "y": 94
          },
          {
            "x": 106.0,
            "y": 91
          },
          {
            "x": 105.0,
            "y": 90
          },
          {
            "x": 105.0,
            "y": 88
          },
          {
            "x": 104.0,
            "y": 87
          },
          {
            "x": 104.0,
            "y": 84
          },
          {
            "x": 103.0,
            "y": 83
          },
          {
            "x": 103.0,
            "y": 82
          },
          {
            "x": 100,
            "y": 79
          },
          {
            "x": 100,
            "y": 78
          },
          {
            "x": 97.0,
            "y": 75
          },
          {
            "x": 97.0,
            "y": 74
          },
          {
            "x": 96.0,
            "y": 73
          },
          {
            "x": 93,
            "y": 73
          },
          {
            "x": 92.0,
            "y": 74
          },
          {
            "x": 92.0,
            "y": 78
          },
          {
            "x": 91.0,
            "y": 79
          },
          {
            "x": 90.0,
            "y": 79
          },
          {
            "x": 89.0,
            "y": 78
          },
          {
            "x": 88,
            "y": 78
          },
          {
            "x": 87,
            "y": 77
          },
          {
            "x": 87,
            "y": 76
          },
          {
            "x": 86.0,
            "y": 76
          },
          {
            "x": 83.0,
            "y": 73
          },
          {
            "x": 82,
            "y": 73
          },
          {
            "x": 79.0,
            "y": 70
          },
          {
            "x": 78.0,
            "y": 70
          },
          {
            "x": 77.0,
            "y": 69
          },
          {
            "x": 77.0,
            "y": 68
          },
          {
            "x": 76.0,
            "y": 68
          },
          {
            "x": 75,
            "y": 67
          },
          {
            "x": 75,
            "y": 66
          },
          {
            "x": 74,
            "y": 65
          }
        ]
      }
    },
    {
      "name": "Jacket Polygon ",
      "polygon": {
        "path": [
          {
            "x": 160.0,
            "y": 91
          },
          {
            "x": 159.0,
            "y": 92
          },
          {
            "x": 159.0,
            "y": 93
          },
          {
            "x": 158.0,
            "y": 94
          },
          {
            "x": 158.0,
            "y": 96
          },
          {
            "x": 157.0,
            "y": 97
          },
          {
            "x": 156.0,
            "y": 97
          },
          {
            "x": 155.0,
            "y": 98.0
          },
          {
            "x": 155.0,
            "y": 153
          },
          {
            "x": 156.0,
            "y": 154
          },
          {
            "x": 156.0,
            "y": 159
          },
          {
            "x": 157.0,
            "y": 160
          },
          {
            "x": 157.0,
            "y": 163
          },
          {
            "x": 158.0,
            "y": 164
          },
          {
            "x": 158.0,
            "y": 168
          },
          {
            "x": 159.0,
            "y": 169
          },
          {
            "x": 159.0,
            "y": 171
          },
          {
            "x": 160.0,
            "y": 172
          },
          {
            "x": 160.0,
            "y": 175
          },
          {
            "x": 161,
            "y": 176
          },
          {
            "x": 161,
            "y": 178
          },
          {
            "x": 162,
            "y": 179
          },
          {
            "x": 162,
            "y": 184
          },
          {
            "x": 163,
            "y": 185
          },
          {
            "x": 163,
            "y": 186
          },
          {
            "x": 164,
            "y": 187
          },
          {
            "x": 164,
            "y": 190
          },
          {
            "x": 165.0,
            "y": 191
          },
          {
            "x": 165.0,
            "y": 193
          },
          {
            "x": 168.0,
            "y": 196
          },
          {
            "x": 171.0,
            "y": 196
          },
          {
            "x": 172.0,
            "y": 195
          },
          {
            "x": 174,
            "y": 195
          },
          {
            "x": 175,
            "y": 194
          },
          {
            "x": 178.0,
            "y": 194
          },
          {
            "x": 179.0,
            "y": 193
          },
          {
            "x": 181.0,
            "y": 193
          },
          {
            "x": 182.0,
            "y": 192
          },
          {
            "x": 183.0,
            "y": 192
          },
          {
            "x": 185.0,
            "y": 190
          },
          {
            "x": 186,
            "y": 190
          },
          {
            "x": 187,
            "y": 189
          },
          {
            "x": 192.0,
            "y": 189
          },
          {
            "x": 193.0,
            "y": 188
          },
          {
            "x": 198,
            "y": 188
          },
          {
            "x": 200,
            "y": 186
          },
          {
            "x": 200,
            "y": 183
          },
          {
            "x": 199,
            "y": 182
          },
          {
            "x": 199,
            "y": 175
          },
          {
            "x": 198,
            "y": 174
          },
          {
            "x": 198,
            "y": 172
          },
          {
            "x": 197.0,
            "y": 171
          },
          {
            "x": 198,
            "y": 170
          },
          {
            "x": 198,
            "y": 165
          },
          {
            "x": 197.0,
            "y": 164
          },
          {
            "x": 197.0,
            "y": 163
          },
          {
            "x": 195.0,
            "y": 161
          },
          {
            "x": 194.0,
            "y": 161
          },
          {
            "x": 192.0,
            "y": 159
          },
          {
            "x": 192.0,
            "y": 158
          },
          {
            "x": 191.0,
            "y": 157
          },
          {
            "x": 191.0,
            "y": 152
          },
          {
            "x": 190.0,
            "y": 151
          },
          {
            "x": 190.0,
            "y": 144
          },
          {
            "x": 189,
            "y": 143
          },
          {
            "x": 189,
            "y": 140
          },
          {
            "x": 188,
            "y": 139
          },
          {
            "x": 188,
            "y": 136
          },
          {
            "x": 187,
            "y": 135
          },
          {
            "x": 187,
            "y": 132
          },
          {
            "x": 186,
            "y": 131
          },
          {
            "x": 186,
            "y": 128
          },
          {
            "x": 185.0,
            "y": 127.0
          },
          {
            "x": 185.0,
            "y": 124
          },
          {
            "x": 184.0,
            "y": 123.0
          },
          {
            "x": 184.0,
            "y": 120.0
          },
          {
            "x": 183.0,
            "y": 119
          },
          {
            "x": 183.0,
            "y": 115
          },
          {
            "x": 182.0,
            "y": 114.0
          },
          {
            "x": 182.0,
            "y": 108.0
          },
          {
            "x": 181.0,
            "y": 107
          },
          {
            "x": 181.0,
            "y": 105.0
          },
          {
            "x": 180.0,
            "y": 104
          },
          {
            "x": 180.0,
            "y": 102.0
          },
          {
            "x": 179.0,
            "y": 101.0
          },
          {
            "x": 178.0,
            "y": 101.0
          },
          {
            "x": 175,
            "y": 98.0
          },
          {
            "x": 174,
            "y": 98.0
          },
          {
            "x": 173,
            "y": 97
          },
          {
            "x": 172.0,
            "y": 97
          },
          {
            "x": 170.0,
            "y": 95
          },
          {
            "x": 169.0,
            "y": 95
          },
          {
            "x": 167.0,
            "y": 93
          },
          {
            "x": 166.0,
            "y": 93
          },
          {
            "x": 165.0,
            "y": 92
          },
          {
            "x": 164,
            "y": 92
          },
          {
            "x": 163,
            "y": 91
          }
        ]
      }
    },
    {
      "name": "Blouse Polygon ",
      "polygon": {
        "path": [
          {
            "x": 135,
            "y": 122
          },
          {
            "x": 134,
            "y": 123
          },
          {
            "x": 134,
            "y": 124
          },
          {
            "x": 133,
            "y": 125
          },
          {
            "x": 132.25,
            "y": 125.5
          },
          {
            "x": 130,
            "y": 129
          },
          {
            "x": 130.0,
            "y": 129
          },
          {
            "x": 130.74,
            "y": 131
          },
          {
            "x": 131,
            "y": 133
          },
          {
            "x": 131,
            "y": 140
          },
          {
            "x": 131.25,
            "y": 141
          },
          {
            "x": 131,
            "y": 142
          },
          {
            "x": 131,
            "y": 143
          },
          {
            "x": 130,
            "y": 144
          },
          {
            "x": 130,
            "y": 152
          },
          {
            "x": 131,
            "y": 153
          },
          {
            "x": 131,
            "y": 161
          },
          {
            "x": 130.75,
            "y": 162
          },
          {
            "x": 131.0,
            "y": 167.25
          },
          {
            "x": 131,
            "y": 168
          },
          {
            "x": 131,
            "y": 170
          },
          {
            "x": 132,
            "y": 171
          },
          {
            "x": 132,
            "y": 172
          },
          {
            "x": 131.25,
            "y": 172.75
          },
          {
            "x": 131.5,
            "y": 180.25
          },
          {
            "x": 132,
            "y": 181
          },
          {
            "x": 132,
            "y": 192
          },
          {
            "x": 131,
            "y": 193
          },
          {
            "x": 131,
            "y": 194
          },
          {
            "x": 128,
            "y": 197
          },
          {
            "x": 128,
            "y": 198
          },
          {
            "x": 127,
            "y": 199
          },
          {
            "x": 127,
            "y": 203
          },
          {
            "x": 128,
            "y": 204
          },
          {
            "x": 128,
            "y": 205
          },
          {
            "x": 127,
            "y": 206
          },
          {
            "x": 128,
            "y": 207
          },
          {
            "x": 130,
            "y": 207
          },
          {
            "x": 131,
            "y": 208
          },
          {
            "x": 138,
            "y": 208
          },
          {
            "x": 139.0,
            "y": 209
          },
          {
            "x": 148.0,
            "y": 209
          },
          {
            "x": 150.0,
            "y": 207
          },
          {
            "x": 151.0,
            "y": 207
          },
          {
            "x": 154.0,
            "y": 204
          },
          {
            "x": 155.0,
            "y": 204
          },
          {
            "x": 158,
            "y": 201
          },
          {
            "x": 159,
            "y": 201
          },
          {
            "x": 160,
            "y": 200
          },
          {
            "x": 160,
            "y": 192
          },
          {
            "x": 159,
            "y": 191
          },
          {
            "x": 159,
            "y": 189
          },
          {
            "x": 158,
            "y": 188
          },
          {
            "x": 158,
            "y": 185
          },
          {
            "x": 157.0,
            "y": 184
          },
          {
            "x": 157.0,
            "y": 182
          },
          {
            "x": 156.0,
            "y": 181
          },
          {
            "x": 156.0,
            "y": 178
          },
          {
            "x": 155.0,
            "y": 177
          },
          {
            "x": 155.0,
            "y": 176
          },
          {
            "x": 154.0,
            "y": 175
          },
          {
            "x": 154.0,
            "y": 173
          },
          {
            "x": 153.0,
            "y": 172
          },
          {
            "x": 153.0,
            "y": 170
          },
          {
            "x": 152.0,
            "y": 169
          },
          {
            "x": 152.0,
            "y": 167
          },
          {
            "x": 151.0,
            "y": 166
          },
          {
            "x": 151.0,
            "y": 163
          },
          {
            "x": 150.0,
            "y": 162
          },
          {
            "x": 150.0,
            "y": 156
          },
          {
            "x": 149.0,
            "y": 155
          },
          {
            "x": 149.0,
            "y": 139
          },
          {
            "x": 148.0,
            "y": 138
          },
          {
            "x": 148.0,
            "y": 136
          },
          {
            "x": 147.0,
            "y": 135
          },
          {
            "x": 147.0,
            "y": 124
          },
          {
            "x": 146.0,
            "y": 124
          },
          {
            "x": 146.0,
            "y": 127
          },
          {
            "x": 144.0,
            "y": 129
          },
          {
            "x": 142.0,
            "y": 129
          },
          {
            "x": 141.0,
            "y": 128
          },
          {
            "x": 141.0,
            "y": 126
          },
          {
            "x": 140.0,
            "y": 126
          },
          {
            "x": 138,
            "y": 124
          },
          {
            "x": 138,
            "y": 123
          },
          {
            "x": 137,
            "y": 122
          }
        ]
      }
    }
  ]
}