{
  "image": {
    "width": 266,
    "height": 400,
    "filename": "00000023.jpg",
    "original_filename": "000263.jpg",
    "url": "https://darwin.v7labs.com/api/images/1212165/original?token=16d6037d-33e8-4c8d-8cb7-761abbebab61",
    "thumbnail_url": "https://darwin.v7labs.com/api/images/1212165/thumbnail?token=16d6037d-33e8-4c8d-8cb7-761abbebab61",
    "workview_url": "https://darwin.v7labs.com/workview?dataset=1176&image=23"
  },
  "dataset": "Fashion_2",
  "annotated": true,
  "annotations": [
    {
      "name": "Coat Polygon ",
      "polygon": {
        "path": [
          {
            "x": 159.0,
            "y": 118.0
          },
          {
            "x": 155.0,
            "y": 118.0
          },
          {
            "x": 154,
            "y": 119.0
          },
          {
            "x": 137.0,
            "y": 119.0
          },
          {
            "x": 136,
            "y": 120
          },
          {
            "x": 121.0,
            "y": 120
          },
          {
            "x": 120.0,
            "y": 119.0
          },
          {
            "x": 119.0,
            "y": 119.0
          },
          {
            "x": 118.0,
            "y": 120
          },
          {
            "x": 117.0,
            "y": 120
          },
          {
            "x": 115,
            "y": 122
          },
          {
            "x": 114.0,
            "y": 122
          },
          {
            "x": 113.0,
            "y": 123.0
          },
          {
            "x": 111.0,
            "y": 123.0
          },
          {
            "x": 110.0,
            "y": 124
          },
          {
            "x": 107.0,
            "y": 124
          },
          {
            "x": 104.0,
            "y": 127
          },
          {
            "x": 104.0,
            "y": 128.0
          },
          {
            "x": 103.0,
            "y": 129
          },
          {
            "x": 103.0,
            "y": 130.0
          },
          {
            "x": 102.0,
            "y": 131
          },
          {
            "x": 102.0,
            "y": 132
          },
          {
            "x": 100.0,
            "y": 134
          },
          {
            "x": 100.0,
            "y": 135.0
          },
          {
            "x": 99.0,
            "y": 136
          },
          {
            "x": 99.0,
            "y": 137.0
          },
          {
            "x": 98.0,
            "y": 138
          },
          {
            "x": 98.0,
            "y": 140
          },
          {
            "x": 97.0,
            "y": 141
          },
          {
            "x": 97.0,
            "y": 143
          },
          {
            "x": 96.0,
            "y": 144
          },
          {
            "x": 96.0,
            "y": 146
          },
          {
            "x": 95.0,
            "y": 147
          },
          {
            "x": 95.0,
            "y": 149
          },
          {
            "x": 94,
            "y": 150
          },
          {
            "x": 94,
            "y": 153
          },
          {
            "x": 93.0,
            "y": 154
          },
          {
            "x": 93.0,
            "y": 157
          },
          {
            "x": 92.0,
            "y": 158
          },
          {
            "x": 92.0,
            "y": 162
          },
          {
            "x": 91.0,
            "y": 163
          },
          {
            "x": 91.0,
            "y": 167
          },
          {
            "x": 90.0,
            "y": 168.0
          },
          {
            "x": 90.0,
            "y": 173
          },
          {
            "x": 89.0,
            "y": 174
          },
          {
            "x": 89.0,
            "y": 179
          },
          {
            "x": 88.0,
            "y": 180
          },
          {
            "x": 88.0,
            "y": 185
          },
          {
            "x": 87,
            "y": 186
          },
          {
            "x": 87,
            "y": 193
          },
          {
            "x": 86.0,
            "y": 194
          },
          {
            "x": 86.0,
            "y": 200
          },
          {
            "x": 85,
            "y": 201
          },
          {
            "x": 85,
            "y": 206
          },
          {
            "x": 84.0,
            "y": 207
          },
          {
            "x": 84.0,
            "y": 215
          },
          {
            "x": 83.0,
            "y": 216
          },
          {
            "x": 83.0,
            "y": 224
          },
          {
            "x": 82,
            "y": 225
          },
          {
            "x": 82,
            "y": 238
          },
          {
            "x": 81.0,
            "y": 239
          },
          {
            "x": 81.0,
            "y": 246
          },
          {
            "x": 80,
            "y": 247
          },
          {
            "x": 80,
            "y": 255
          },
          {
            "x": 79.0,
            "y": 256
          },
          {
            "x": 79.0,
            "y": 262
          },
          {
            "x": 78,
            "y": 263
          },
          {
            "x": 78,
            "y": 271
          },
          {
            "x": 77,
            "y": 272
          },
          {
            "x": 77,
            "y": 278
          },
          {
            "x": 76.0,
            "y": 279
          },
          {
            "x": 76.0,
            "y": 286
          },
          {
            "x": 75,
            "y": 287
          },
          {
            "x": 75,
            "y": 293
          },
          {
            "x": 74.0,
            "y": 294
          },
          {
            "x": 74.0,
            "y": 301
          },
          {
            "x": 73,
            "y": 302
          },
          {
            "x": 73,
            "y": 307
          },
          {
            "x": 72.0,
            "y": 308
          },
          {
            "x": 72.0,
            "y": 314
          },
          {
            "x": 73,
            "y": 315
          },
          {
            "x": 76.0,
            "y": 315
          },
          {
            "x": 77,
            "y": 316
          },
          {
            "x": 83.0,
            "y": 316
          },
          {
            "x": 84.0,
            "y": 315
          },
          {
            "x": 88.0,
            "y": 315
          },
          {
            "x": 89.0,
            "y": 314
          },
          {
            "x": 94,
            "y": 314
          },
          {
            "x": 95.0,
            "y": 315
          },
          {
            "x": 96.0,
            "y": 315
          },
          {
            "x": 97.0,
            "y": 316
          },
          {
            "x": 110.0,
            "y": 316
          },
          {
            "x": 111.0,
            "y": 315
          },
          {
            "x": 114.0,
            "y": 315
          },
          {
            "x": 115,
            "y": 314
          },
          {
            "x": 121.0,
            "y": 314
          },
          {
            "x": 122,
            "y": 313
          },
          {
            "x": 124.0,
            "y": 313
          },
          {
            "x": 125,
            "y": 314
          },
          {
            "x": 136,
            "y": 314
          },
          {
            "x": 137.0,
            "y": 315
          },
          {
            "x": 154,
            "y": 315
          },
          {
            "x": 155.0,
            "y": 316
          },
          {
            "x": 164,
            "y": 316
          },
          {
            "x": 165.0,
            "y": 315
          },
          {
            "x": 179.0,
            "y": 315
          },
          {
            "x": 180.0,
            "y": 316
          },
          {
            "x": 190.0,
            "y": 316
          },
          {
            "x": 191,
            "y": 315
          },
          {
            "x": 192,
            "y": 315
          },
          {
            "x": 193.0,
            "y": 314
          },
          {
            "x": 193.0,
            "y": 312
          },
          {
            "x": 194.0,
            "y": 311
          },
          {
            "x": 195,
            "y": 311
          },
          {
            "x": 196.0,
            "y": 310
          },
          {
            "x": 200.0,
            "y": 310
          },
          {
            "x": 202,
            "y": 308
          },
          {
            "x": 202,
            "y": 303
          },
          {
            "x": 201.0,
            "y": 302
          },
          {
            "x": 201.0,
            "y": 292
          },
          {
            "x": 200.0,
            "y": 291
          },
          {
            "x": 200.0,
            "y": 285
          },
          {
            "x": 199,
            "y": 284
          },
          {
            "x": 199,
            "y": 277.0
          },
          {
            "x": 198,
            "y": 276
          },
          {
            "x": 198,
            "y": 269
          },
          {
            "x": 197.0,
            "y": 268
          },
          {
            "x": 197.0,
            "y": 261
          },
          {
            "x": 198,
            "y": 260
          },
          {
            "x": 198,
            "y": 257
          },
          {
            "x": 197.0,
            "y": 256
          },
          {
            "x": 197.0,
            "y": 250
          },
          {
            "x": 196.0,
            "y": 249
          },
          {
            "x": 196.0,
            "y": 243.0
          },
          {
            "x": 195,
            "y": 242
          },
          {
            "x": 195,
            "y": 236.0
          },
          {
            "x": 194.0,
            "y": 235
          },
          {
            "x": 194.0,
            "y": 229.0
          },
          {
            "x": 193.0,
            "y": 228
          },
          {
            "x": 193.0,
            "y": 221
          },
          {
            "x": 192,
            "y": 220
          },
          {
            "x": 192,
            "y": 212
          },
          {
            "x": 191,
            "y": 211
          },
          {
            "x": 191,
            "y": 201
          },
          {
            "x": 190.0,
            "y": 200
          },
          {
            "x": 190.0,
            "y": 197
          },
          {
            "x": 189.0,
            "y": 196
          },
          {
            "x": 189.0,
            "y": 193
          },
          {
            "x": 188,
            "y": 192
          },
          {
            "x": 188,
            "y": 190
          },
          {
            "x": 187.0,
            "y": 189.0
          },
          {
            "x": 187.0,
            "y": 184
          },
          {
            "x": 186.0,
            "y": 183
          },
          {
            "x": 186.0,
            "y": 180
          },
          {
            "x": 185,
            "y": 179
          },
          {
            "x": 185,
            "y": 174
          },
          {
            "x": 184,
            "y": 173
          },
          {
            "x": 184,
            "y": 168.0
          },
          {
            "x": 183.0,
            "y": 167
          },
          {
            "x": 183.0,
            "y": 161
          },
          {
            "x": 182.0,
            "y": 160
          },
          {
            "x": 182.0,
            "y": 157
          },
          {
            "x": 181,
            "y": 156
          },
          {
            "x": 181,
            "y": 151
          },
          {
            "x": 180.0,
            "y": 150
          },
          {
            "x": 180.0,
            "y": 146
          },
          {
            "x": 179.0,
            "y": 145
          },
          {
            "x": 179.0,
            "y": 142
          },
          {
            "x": 178,
            "y": 141
          },
          {
            "x": 178,
            "y": 139
          },
          {
            "x": 177,
            "y": 138
          },
          {
            "x": 177,
            "y": 137.0
          },
          {
            "x": 176.0,
            "y": 136
          },
          {
            "x": 176.0,
            "y": 135.0
          },
          {
            "x": 175.0,
            "y": 134
          },
          {
            "x": 175.0,
            "y": 133
          },
          {
            "x": 173.0,
            "y": 131
          },
          {
            "x": 173.0,
            "y": 130.0
          },
          {
            "x": 171,
            "y": 128.0
          },
          {
            "x": 171,
            "y": 127
          },
          {
            "x": 168.0,
            "y": 124
          },
          {
            "x": 167,
            "y": 124
          },
          {
            "x": 163,
            "y": 120
          },
          {
            "x": 162.0,
            "y": 120
          },
          {
            "x": 161,
            "y": 119.0
          },
          {
            "x": 160,
            "y": 119.0
          }
        ]
      }
    },
    {
      "bounding_box": {
        "h": 33.5,
        "w": 21.57,
        "x": 141.6,
        "y": 345.53
      },
      "name": "Shoes "
    },
    {
      "bounding_box": {
        "h": 42.41,
        "w": 33.69,
        "x": 96.17,
        "y": 333.14
      },
      "name": "Shoes "
    }
  ]
}