{
  "image": {
    "width": 500,
    "height": 750,
    "filename": "00000710.jpg",
    "original_filename": "000110.jpg",
    "url": "https://darwin.v7labs.com/api/images/1212021/original?token=5cea58b9-0f48-4f62-9905-01f97ea9945c",
    "thumbnail_url": "https://darwin.v7labs.com/api/images/1212021/thumbnail?token=5cea58b9-0f48-4f62-9905-01f97ea9945c",
    "workview_url": "https://darwin.v7labs.com/workview?dataset=1161&image=710"
  },
  "dataset": "Fashion retail",
  "annotated": true,
  "annotations": [
    {
      "name": "Jacket",
      "polygon": {
        "path": [
          {
            "x": 193.0,
            "y": 153
          },
          {
            "x": 192.0,
            "y": 154
          },
          {
            "x": 190.0,
            "y": 154
          },
          {
            "x": 182.0,
            "y": 162
          },
          {
            "x": 181,
            "y": 162
          },
          {
            "x": 179.0,
            "y": 164
          },
          {
            "x": 178.0,
            "y": 164
          },
          {
            "x": 174.0,
            "y": 168
          },
          {
            "x": 173,
            "y": 168
          },
          {
            "x": 173,
            "y": 169
          },
          {
            "x": 172.0,
            "y": 170
          },
          {
            "x": 172.0,
            "y": 174.0
          },
          {
            "x": 173,
            "y": 175
          },
          {
            "x": 173,
            "y": 178
          },
          {
            "x": 174.0,
            "y": 178
          },
          {
            "x": 175.0,
            "y": 179
          },
          {
            "x": 175.0,
            "y": 181
          },
          {
            "x": 176.0,
            "y": 182
          },
          {
            "x": 176.0,
            "y": 186
          },
          {
            "x": 175.0,
            "y": 187
          },
          {
            "x": 173,
            "y": 187
          },
          {
            "x": 172.0,
            "y": 188
          },
          {
            "x": 171.0,
            "y": 188
          },
          {
            "x": 170.0,
            "y": 189
          },
          {
            "x": 168.0,
            "y": 189
          },
          {
            "x": 167.0,
            "y": 190
          },
          {
            "x": 165.0,
            "y": 190
          },
          {
            "x": 164.0,
            "y": 191
          },
          {
            "x": 161.0,
            "y": 191
          },
          {
            "x": 160.0,
            "y": 192.0
          },
          {
            "x": 159,
            "y": 192.0
          },
          {
            "x": 158,
            "y": 193
          },
          {
            "x": 156.0,
            "y": 193
          },
          {
            "x": 155.0,
            "y": 194
          },
          {
            "x": 154.0,
            "y": 194
          },
          {
            "x": 153.0,
            "y": 195
          },
          {
            "x": 151,
            "y": 195
          },
          {
            "x": 150.0,
            "y": 196
          },
          {
            "x": 148.0,
            "y": 196
          },
          {
            "x": 147.0,
            "y": 197
          },
          {
            "x": 142.0,
            "y": 197
          },
          {
            "x": 141.0,
            "y": 198
          },
          {
            "x": 136.0,
            "y": 198
          },
          {
            "x": 135.0,
            "y": 199
          },
          {
            "x": 133.0,
            "y": 199
          },
          {
            "x": 132.0,
            "y": 200
          },
          {
            "x": 130,
            "y": 200
          },
          {
            "x": 129,
            "y": 201.0
          },
          {
            "x": 126.0,
            "y": 201.0
          },
          {
            "x": 125.0,
            "y": 202
          },
          {
            "x": 122.0,
            "y": 202
          },
          {
            "x": 121.0,
            "y": 203
          },
          {
            "x": 117.0,
            "y": 203
          },
          {
            "x": 116.0,
            "y": 204
          },
          {
            "x": 113.0,
            "y": 204
          },
          {
            "x": 112.0,
            "y": 205
          },
          {
            "x": 111.0,
            "y": 205
          },
          {
            "x": 110.0,
            "y": 206
          },
          {
            "x": 108,
            "y": 206
          },
          {
            "x": 107.0,
            "y": 207
          },
          {
            "x": 106.0,
            "y": 207
          },
          {
            "x": 105.0,
            "y": 208
          },
          {
            "x": 104.0,
            "y": 208
          },
          {
            "x": 103.0,
            "y": 209
          },
          {
            "x": 102.0,
            "y": 209
          },
          {
            "x": 97.0,
            "y": 214
          },
          {
            "x": 97.0,
            "y": 215
          },
          {
            "x": 96.0,
            "y": 216
          },
          {
            "x": 96.0,
            "y": 217
          },
          {
            "x": 94,
            "y": 219.0
          },
          {
            "x": 94,
            "y": 221
          },
          {
            "x": 93.0,
            "y": 222
          },
          {
            "x": 93.0,
            "y": 224
          },
          {
            "x": 92.0,
            "y": 225
          },
          {
            "x": 92.0,
            "y": 227
          },
          {
            "x": 91.0,
            "y": 228.0
          },
          {
            "x": 91.0,
            "y": 230
          },
          {
            "x": 90.0,
            "y": 231
          },
          {
            "x": 90.0,
            "y": 233
          },
          {
            "x": 89.0,
            "y": 234
          },
          {
            "x": 89.0,
            "y": 237.0
          },
          {
            "x": 88.0,
            "y": 238
          },
          {
            "x": 88.0,
            "y": 240
          },
          {
            "x": 87.0,
            "y": 241
          },
          {
            "x": 87.0,
            "y": 243
          },
          {
            "x": 86.0,
            "y": 244
          },
          {
            "x": 86.0,
            "y": 248
          },
          {
            "x": 85.0,
            "y": 249
          },
          {
            "x": 85.0,
            "y": 251
          },
          {
            "x": 84.0,
            "y": 252
          },
          {
            "x": 84.0,
            "y": 254
          },
          {
            "x": 83.0,
            "y": 255
          },
          {
            "x": 83.0,
            "y": 257
          },
          {
            "x": 82.0,
            "y": 258
          },
          {
            "x": 82.0,
            "y": 260
          },
          {
            "x": 81.0,
            "y": 261
          },
          {
            "x": 81.0,
            "y": 264
          },
          {
            "x": 80.0,
            "y": 265
          },
          {
            "x": 80.0,
            "y": 268
          },
          {
            "x": 79,
            "y": 269
          },
          {
            "x": 79,
            "y": 271
          },
          {
            "x": 78.0,
            "y": 272
          },
          {
            "x": 77.0,
            "y": 272
          },
          {
            "x": 77.0,
            "y": 276
          },
          {
            "x": 76.0,
            "y": 277
          },
          {
            "x": 76.0,
            "y": 280
          },
          {
            "x": 75.0,
            "y": 281
          },
          {
            "x": 75.0,
            "y": 285
          },
          {
            "x": 74.0,
            "y": 286
          },
          {
            "x": 74.0,
            "y": 289
          },
          {
            "x": 73.0,
            "y": 290
          },
          {
            "x": 73.0,
            "y": 294.0
          },
          {
            "x": 72,
            "y": 295
          },
          {
            "x": 72,
            "y": 298
          },
          {
            "x": 71.0,
            "y": 299
          },
          {
            "x": 71.0,
            "y": 303
          },
          {
            "x": 70.0,
            "y": 304
          },
          {
            "x": 70.0,
            "y": 308
          },
          {
            "x": 69.0,
            "y": 309
          },
          {
            "x": 69.0,
            "y": 313
          },
          {
            "x": 68.0,
            "y": 314
          },
          {
            "x": 68.0,
            "y": 317
          },
          {
            "x": 67.0,
            "y": 318
          },
          {
            "x": 67.0,
            "y": 322
          },
          {
            "x": 66.0,
            "y": 323
          },
          {
            "x": 66.0,
            "y": 326
          },
          {
            "x": 65,
            "y": 327
          },
          {
            "x": 65,
            "y": 331
          },
          {
            "x": 64.0,
            "y": 332
          },
          {
            "x": 64.0,
            "y": 335
          },
          {
            "x": 63.0,
            "y": 336
          },
          {
            "x": 63.0,
            "y": 339
          },
          {
            "x": 62.0,
            "y": 340
          },
          {
            "x": 62.0,
            "y": 344
          },
          {
            "x": 61.0,
            "y": 345
          },
          {
            "x": 61.0,
            "y": 349
          },
          {
            "x": 60.0,
            "y": 350
          },
          {
            "x": 60.0,
            "y": 353
          },
          {
            "x": 59.0,
            "y": 354
          },
          {
            "x": 59.0,
            "y": 357
          },
          {
            "x": 58.0,
            "y": 358
          },
          {
            "x": 58.0,
            "y": 362
          },
          {
            "x": 57.0,
            "y": 363
          },
          {
            "x": 57.0,
            "y": 366.0
          },
          {
            "x": 56.0,
            "y": 367
          },
          {
            "x": 56.0,
            "y": 369
          },
          {
            "x": 55.0,
            "y": 370
          },
          {
            "x": 55.0,
            "y": 373
          },
          {
            "x": 54.0,
            "y": 374
          },
          {
            "x": 54.0,
            "y": 377
          },
          {
            "x": 53.0,
            "y": 378
          },
          {
            "x": 53.0,
            "y": 382
          },
          {
            "x": 52.0,
            "y": 383
          },
          {
            "x": 52.0,
            "y": 388
          },
          {
            "x": 51.0,
            "y": 389
          },
          {
            "x": 51.0,
            "y": 394
          },
          {
            "x": 50.0,
            "y": 395
          },
          {
            "x": 50.0,
            "y": 397
          },
          {
            "x": 49.0,
            "y": 398
          },
          {
            "x": 49.0,
            "y": 400
          },
          {
            "x": 48.0,
            "y": 401
          },
          {
            "x": 48.0,
            "y": 402.0
          },
          {
            "x": 47.0,
            "y": 403
          },
          {
            "x": 47.0,
            "y": 405
          },
          {
            "x": 46.0,
            "y": 406
          },
          {
            "x": 46.0,
            "y": 407
          },
          {
            "x": 45.0,
            "y": 408
          },
          {
            "x": 45.0,
            "y": 414
          },
          {
            "x": 44.0,
            "y": 415
          },
          {
            "x": 44.0,
            "y": 417
          },
          {
            "x": 45.0,
            "y": 418
          },
          {
            "x": 45.0,
            "y": 455
          },
          {
            "x": 46.0,
            "y": 456.0
          },
          {
            "x": 46.0,
            "y": 462
          },
          {
            "x": 47.0,
            "y": 463
          },
          {
            "x": 47.0,
            "y": 468
          },
          {
            "x": 48.0,
            "y": 469
          },
          {
            "x": 48.0,
            "y": 478
          },
          {
            "x": 49.0,
            "y": 479
          },
          {
            "x": 49.0,
            "y": 508
          },
          {
            "x": 50.0,
            "y": 509
          },
          {
            "x": 50.0,
            "y": 514
          },
          {
            "x": 51.0,
            "y": 515
          },
          {
            "x": 51.0,
            "y": 518
          },
          {
            "x": 52.0,
            "y": 519
          },
          {
            "x": 52.0,
            "y": 522
          },
          {
            "x": 53.0,
            "y": 523
          },
          {
            "x": 53.0,
            "y": 531
          },
          {
            "x": 54.0,
            "y": 532
          },
          {
            "x": 54.0,
            "y": 538
          },
          {
            "x": 53.0,
            "y": 539
          },
          {
            "x": 53.0,
            "y": 547
          },
          {
            "x": 52.0,
            "y": 548
          },
          {
            "x": 52.0,
            "y": 550
          },
          {
            "x": 51.0,
            "y": 551
          },
          {
            "x": 51.0,
            "y": 553
          },
          {
            "x": 50.0,
            "y": 554
          },
          {
            "x": 50.0,
            "y": 555
          },
          {
            "x": 49.0,
            "y": 556
          },
          {
            "x": 49.0,
            "y": 558
          },
          {
            "x": 48.0,
            "y": 559.0
          },
          {
            "x": 48.0,
            "y": 560
          },
          {
            "x": 47.0,
            "y": 561
          },
          {
            "x": 47.0,
            "y": 562
          },
          {
            "x": 46.0,
            "y": 563
          },
          {
            "x": 46.0,
            "y": 565
          },
          {
            "x": 45.0,
            "y": 566.0
          },
          {
            "x": 45.0,
            "y": 568
          },
          {
            "x": 44.0,
            "y": 569
          },
          {
            "x": 44.0,
            "y": 572
          },
          {
            "x": 45.0,
            "y": 573.0
          },
          {
            "x": 45.0,
            "y": 574
          },
          {
            "x": 46.0,
            "y": 575
          },
          {
            "x": 46.0,
            "y": 576
          },
          {
            "x": 48.0,
            "y": 578
          },
          {
            "x": 50.0,
            "y": 578
          },
          {
            "x": 51.0,
            "y": 579
          },
          {
            "x": 55.0,
            "y": 579
          },
          {
            "x": 56.0,
            "y": 580
          },
          {
            "x": 58.0,
            "y": 580
          },
          {
            "x": 59.0,
            "y": 579
          },
          {
            "x": 66.0,
            "y": 579
          },
          {
            "x": 67.0,
            "y": 578
          },
          {
            "x": 68.0,
            "y": 578
          },
          {
            "x": 69.0,
            "y": 577
          },
          {
            "x": 70.0,
            "y": 577
          },
          {
            "x": 72,
            "y": 575
          },
          {
            "x": 72,
            "y": 574
          },
          {
            "x": 77.0,
            "y": 569
          },
          {
            "x": 78.0,
            "y": 569
          },
          {
            "x": 79,
            "y": 568
          },
          {
            "x": 80.0,
            "y": 568
          },
          {
            "x": 81.0,
            "y": 567
          },
          {
            "x": 82.0,
            "y": 567
          },
          {
            "x": 83.0,
            "y": 566.0
          },
          {
            "x": 84.0,
            "y": 566.0
          },
          {
            "x": 85.0,
            "y": 565
          },
          {
            "x": 87.0,
            "y": 565
          },
          {
            "x": 88.0,
            "y": 564
          },
          {
            "x": 90.0,
            "y": 564
          },
          {
            "x": 91.0,
            "y": 563
          },
          {
            "x": 92.0,
            "y": 563
          },
          {
            "x": 93.0,
            "y": 562
          },
          {
            "x": 94,
            "y": 562
          },
          {
            "x": 95.0,
            "y": 561
          },
          {
            "x": 96.0,
            "y": 561
          },
          {
            "x": 100.0,
            "y": 557
          },
          {
            "x": 101,
            "y": 557
          },
          {
            "x": 101,
            "y": 554
          },
          {
            "x": 102.0,
            "y": 553
          },
          {
            "x": 102.0,
            "y": 552
          },
          {
            "x": 107.0,
            "y": 547
          },
          {
            "x": 107.0,
            "y": 546
          },
          {
            "x": 109.0,
            "y": 544
          },
          {
            "x": 110.0,
            "y": 544
          },
          {
            "x": 112.0,
            "y": 542
          },
          {
            "x": 112.0,
            "y": 541
          },
          {
            "x": 113.0,
            "y": 540
          },
          {
            "x": 114.0,
            "y": 540
          },
          {
            "x": 115,
            "y": 539
          },
          {
            "x": 116.0,
            "y": 539
          },
          {
            "x": 119.0,
            "y": 536
          },
          {
            "x": 119.0,
            "y": 535
          },
          {
            "x": 125.0,
            "y": 529
          },
          {
            "x": 126.0,
            "y": 529
          },
          {
            "x": 133.0,
            "y": 522
          },
          {
            "x": 134.0,
            "y": 522
          },
          {
            "x": 143.0,
            "y": 513
          },
          {
            "x": 143.0,
            "y": 512
          },
          {
            "x": 145,
            "y": 510
          },
          {
            "x": 146.0,
            "y": 510
          },
          {
            "x": 157.0,
            "y": 499
          },
          {
            "x": 158,
            "y": 499
          },
          {
            "x": 160.0,
            "y": 497
          },
          {
            "x": 160.0,
            "y": 496
          },
          {
            "x": 162.0,
            "y": 494
          },
          {
            "x": 162.0,
            "y": 493
          },
          {
            "x": 164.0,
            "y": 491
          },
          {
            "x": 164.0,
            "y": 490
          },
          {
            "x": 172.0,
            "y": 482
          },
          {
            "x": 172.0,
            "y": 481
          },
          {
            "x": 173,
            "y": 480
          },
          {
            "x": 174.0,
            "y": 480
          },
          {
            "x": 176.0,
            "y": 478
          },
          {
            "x": 176.0,
            "y": 477
          },
          {
            "x": 179.0,
            "y": 474.0
          },
          {
            "x": 179.0,
            "y": 473
          },
          {
            "x": 180,
            "y": 472
          },
          {
            "x": 180,
            "y": 471
          },
          {
            "x": 185.0,
            "y": 466
          },
          {
            "x": 185.0,
            "y": 465
          },
          {
            "x": 188,
            "y": 462
          },
          {
            "x": 188,
            "y": 461
          },
          {
            "x": 190.0,
            "y": 459
          },
          {
            "x": 190.0,
            "y": 458
          },
          {
            "x": 192.0,
            "y": 456.0
          },
          {
            "x": 192.0,
            "y": 455
          },
          {
            "x": 194,
            "y": 453
          },
          {
            "x": 195,
            "y": 454
          },
          {
            "x": 196.0,
            "y": 454
          },
          {
            "x": 197.0,
            "y": 455
          },
          {
            "x": 198.0,
            "y": 455
          },
          {
            "x": 199.0,
            "y": 456.0
          },
          {
            "x": 200.0,
            "y": 456.0
          },
          {
            "x": 202,
            "y": 458
          },
          {
            "x": 203.0,
            "y": 458
          },
          {
            "x": 207.0,
            "y": 462
          },
          {
            "x": 207.0,
            "y": 463
          },
          {
            "x": 208.0,
            "y": 464
          },
          {
            "x": 208.0,
            "y": 466
          },
          {
            "x": 209,
            "y": 467.0
          },
          {
            "x": 209,
            "y": 469
          },
          {
            "x": 210.0,
            "y": 470
          },
          {
            "x": 210.0,
            "y": 472
          },
          {
            "x": 217,
            "y": 479
          },
          {
            "x": 217,
            "y": 480
          },
          {
            "x": 223,
            "y": 486
          },
          {
            "x": 223,
            "y": 487
          },
          {
            "x": 228.0,
            "y": 492
          },
          {
            "x": 228.0,
            "y": 493
          },
          {
            "x": 229.0,
            "y": 494
          },
          {
            "x": 229.0,
            "y": 495
          },
          {
            "x": 231,
            "y": 497
          },
          {
            "x": 231,
            "y": 499
          },
          {
            "x": 232.0,
            "y": 500
          },
          {
            "x": 232.0,
            "y": 501
          },
          {
            "x": 234.0,
            "y": 503.0
          },
          {
            "x": 234.0,
            "y": 504
          },
          {
            "x": 235.0,
            "y": 505
          },
          {
            "x": 235.0,
            "y": 507
          },
          {
            "x": 236.0,
            "y": 507
          },
          {
            "x": 248.0,
            "y": 519
          },
          {
            "x": 249.0,
            "y": 519
          },
          {
            "x": 250.0,
            "y": 520
          },
          {
            "x": 250.0,
            "y": 521
          },
          {
            "x": 252,
            "y": 523
          },
          {
            "x": 253,
            "y": 523
          },
          {
            "x": 256.0,
            "y": 526
          },
          {
            "x": 257.0,
            "y": 526
          },
          {
            "x": 259,
            "y": 528
          },
          {
            "x": 259,
            "y": 529
          },
          {
            "x": 265.0,
            "y": 535
          },
          {
            "x": 265.0,
            "y": 536
          },
          {
            "x": 266,
            "y": 536
          },
          {
            "x": 267,
            "y": 537
          },
          {
            "x": 267,
            "y": 538
          },
          {
            "x": 268,
            "y": 539
          },
          {
            "x": 268,
            "y": 540
          },
          {
            "x": 269.0,
            "y": 541
          },
          {
            "x": 269.0,
            "y": 545
          },
          {
            "x": 270.0,
            "y": 545
          },
          {
            "x": 274,
            "y": 549
          },
          {
            "x": 273,
            "y": 550
          },
          {
            "x": 273,
            "y": 554
          },
          {
            "x": 272.0,
            "y": 555
          },
          {
            "x": 272.0,
            "y": 557
          },
          {
            "x": 273,
            "y": 558
          },
          {
            "x": 273,
            "y": 559.0
          },
          {
            "x": 274,
            "y": 560
          },
          {
            "x": 274,
            "y": 561
          },
          {
            "x": 280,
            "y": 567
          },
          {
            "x": 281,
            "y": 567
          },
          {
            "x": 293.0,
            "y": 579
          },
          {
            "x": 293.0,
            "y": 580
          },
          {
            "x": 296,
            "y": 583
          },
          {
            "x": 297,
            "y": 583
          },
          {
            "x": 301.0,
            "y": 587
          },
          {
            "x": 302,
            "y": 587
          },
          {
            "x": 306.0,
            "y": 591
          },
          {
            "x": 307.0,
            "y": 591
          },
          {
            "x": 310,
            "y": 594
          },
          {
            "x": 311,
            "y": 594
          },
          {
            "x": 314.0,
            "y": 597
          },
          {
            "x": 315.0,
            "y": 597
          },
          {
            "x": 317,
            "y": 599
          },
          {
            "x": 321.0,
            "y": 599
          },
          {
            "x": 322.0,
            "y": 598
          },
          {
            "x": 323,
            "y": 598
          },
          {
            "x": 323,
            "y": 597
          },
          {
            "x": 325,
            "y": 595.0
          },
          {
            "x": 325,
            "y": 594
          },
          {
            "x": 327.0,
            "y": 592
          },
          {
            "x": 327.0,
            "y": 591
          },
          {
            "x": 328.0,
            "y": 590
          },
          {
            "x": 328.0,
            "y": 589
          },
          {
            "x": 329.0,
            "y": 588.0
          },
          {
            "x": 329.0,
            "y": 587
          },
          {
            "x": 330.0,
            "y": 586
          },
          {
            "x": 330.0,
            "y": 585
          },
          {
            "x": 331,
            "y": 584
          },
          {
            "x": 331,
            "y": 583
          },
          {
            "x": 332,
            "y": 582
          },
          {
            "x": 332,
            "y": 581
          },
          {
            "x": 333,
            "y": 580
          },
          {
            "x": 333,
            "y": 579
          },
          {
            "x": 334.0,
            "y": 578
          },
          {
            "x": 334.0,
            "y": 577
          },
          {
            "x": 335.0,
            "y": 576
          },
          {
            "x": 335.0,
            "y": 575
          },
          {
            "x": 336.0,
            "y": 574
          },
          {
            "x": 336.0,
            "y": 573.0
          },
          {
            "x": 337.0,
            "y": 572
          },
          {
            "x": 337.0,
            "y": 571
          },
          {
            "x": 338,
            "y": 570
          },
          {
            "x": 338,
            "y": 569
          },
          {
            "x": 339,
            "y": 568
          },
          {
            "x": 339,
            "y": 567
          },
          {
            "x": 340,
            "y": 566.0
          },
          {
            "x": 340,
            "y": 565
          },
          {
            "x": 341.0,
            "y": 564
          },
          {
            "x": 341.0,
            "y": 563
          },
          {
            "x": 342.0,
            "y": 562
          },
          {
            "x": 342.0,
            "y": 561
          },
          {
            "x": 343.0,
            "y": 560
          },
          {
            "x": 343.0,
            "y": 559.0
          },
          {
            "x": 344.0,
            "y": 558
          },
          {
            "x": 344.0,
            "y": 557
          },
          {
            "x": 346,
            "y": 555
          },
          {
            "x": 346,
            "y": 553
          },
          {
            "x": 347,
            "y": 552
          },
          {
            "x": 347,
            "y": 551
          },
          {
            "x": 348.0,
            "y": 550
          },
          {
            "x": 348.0,
            "y": 549
          },
          {
            "x": 349.0,
            "y": 548
          },
          {
            "x": 349.0,
            "y": 547
          },
          {
            "x": 350.0,
            "y": 546
          },
          {
            "x": 350.0,
            "y": 544
          },
          {
            "x": 351.0,
            "y": 543
          },
          {
            "x": 351.0,
            "y": 542
          },
          {
            "x": 352,
            "y": 541
          },
          {
            "x": 352,
            "y": 540
          },
          {
            "x": 353,
            "y": 539
          },
          {
            "x": 353,
            "y": 538
          },
          {
            "x": 354,
            "y": 537
          },
          {
            "x": 354,
            "y": 535
          },
          {
            "x": 355,
            "y": 534
          },
          {
            "x": 355,
            "y": 533
          },
          {
            "x": 356.0,
            "y": 532
          },
          {
            "x": 356.0,
            "y": 530
          },
          {
            "x": 357.0,
            "y": 529
          },
          {
            "x": 357.0,
            "y": 528
          },
          {
            "x": 358.0,
            "y": 527
          },
          {
            "x": 358.0,
            "y": 525
          },
          {
            "x": 359,
            "y": 524
          },
          {
            "x": 359,
            "y": 523
          },
          {
            "x": 360,
            "y": 522
          },
          {
            "x": 360,
            "y": 521
          },
          {
            "x": 361,
            "y": 520
          },
          {
            "x": 361,
            "y": 519
          },
          {
            "x": 362,
            "y": 518
          },
          {
            "x": 362,
            "y": 517
          },
          {
            "x": 363.0,
            "y": 516
          },
          {
            "x": 363.0,
            "y": 514
          },
          {
            "x": 364.0,
            "y": 513
          },
          {
            "x": 364.0,
            "y": 512
          },
          {
            "x": 365.0,
            "y": 511
          },
          {
            "x": 366.0,
            "y": 511
          },
          {
            "x": 366.0,
            "y": 510
          },
          {
            "x": 367,
            "y": 509
          },
          {
            "x": 367,
            "y": 507
          },
          {
            "x": 368,
            "y": 506
          },
          {
            "x": 368,
            "y": 504
          },
          {
            "x": 369,
            "y": 503.0
          },
          {
            "x": 369,
            "y": 502
          },
          {
            "x": 370.0,
            "y": 501
          },
          {
            "x": 370.0,
            "y": 500
          },
          {
            "x": 371.0,
            "y": 499
          },
          {
            "x": 371.0,
            "y": 497
          },
          {
            "x": 372.0,
            "y": 496
          },
          {
            "x": 372.0,
            "y": 495
          },
          {
            "x": 376,
            "y": 491
          },
          {
            "x": 377.0,
            "y": 491
          },
          {
            "x": 380.0,
            "y": 488
          },
          {
            "x": 381,
            "y": 488
          },
          {
            "x": 383,
            "y": 486
          },
          {
            "x": 384.0,
            "y": 486
          },
          {
            "x": 387.0,
            "y": 483
          },
          {
            "x": 387.0,
            "y": 482
          },
          {
            "x": 389,
            "y": 480
          },
          {
            "x": 389,
            "y": 478
          },
          {
            "x": 390,
            "y": 477
          },
          {
            "x": 390,
            "y": 475
          },
          {
            "x": 391,
            "y": 474.0
          },
          {
            "x": 391,
            "y": 472
          },
          {
            "x": 392.0,
            "y": 471
          },
          {
            "x": 392.0,
            "y": 469
          },
          {
            "x": 393.0,
            "y": 468
          },
          {
            "x": 393.0,
            "y": 466
          },
          {
            "x": 394.0,
            "y": 465
          },
          {
            "x": 394.0,
            "y": 463
          },
          {
            "x": 395,
            "y": 462
          },
          {
            "x": 395,
            "y": 460
          },
          {
            "x": 396,
            "y": 459
          },
          {
            "x": 396,
            "y": 456.0
          },
          {
            "x": 397,
            "y": 455
          },
          {
            "x": 397,
            "y": 450
          },
          {
            "x": 398,
            "y": 449.0
          },
          {
            "x": 398,
            "y": 444
          },
          {
            "x": 399.0,
            "y": 443
          },
          {
            "x": 399.0,
            "y": 437
          },
          {
            "x": 400.0,
            "y": 436
          },
          {
            "x": 400.0,
            "y": 426
          },
          {
            "x": 399.0,
            "y": 425
          },
          {
            "x": 399.0,
            "y": 419
          },
          {
            "x": 398,
            "y": 418
          },
          {
            "x": 398,
            "y": 413
          },
          {
            "x": 397,
            "y": 412
          },
          {
            "x": 397,
            "y": 398
          },
          {
            "x": 396,
            "y": 397
          },
          {
            "x": 396,
            "y": 389
          },
          {
            "x": 395,
            "y": 388
          },
          {
            "x": 395,
            "y": 383
          },
          {
            "x": 394.0,
            "y": 382
          },
          {
            "x": 394.0,
            "y": 375
          },
          {
            "x": 393.0,
            "y": 374
          },
          {
            "x": 393.0,
            "y": 368
          },
          {
            "x": 392.0,
            "y": 367
          },
          {
            "x": 392.0,
            "y": 363
          },
          {
            "x": 391,
            "y": 362
          },
          {
            "x": 391,
            "y": 356
          },
          {
            "x": 390,
            "y": 355
          },
          {
            "x": 390,
            "y": 345
          },
          {
            "x": 389,
            "y": 344
          },
          {
            "x": 389,
            "y": 333
          },
          {
            "x": 388,
            "y": 332
          },
          {
            "x": 388,
            "y": 322
          },
          {
            "x": 387.0,
            "y": 321
          },
          {
            "x": 387.0,
            "y": 316
          },
          {
            "x": 386.0,
            "y": 315
          },
          {
            "x": 386.0,
            "y": 308
          },
          {
            "x": 385.0,
            "y": 307
          },
          {
            "x": 385.0,
            "y": 296
          },
          {
            "x": 384.0,
            "y": 295
          },
          {
            "x": 384.0,
            "y": 291
          },
          {
            "x": 383,
            "y": 290
          },
          {
            "x": 383,
            "y": 287
          },
          {
            "x": 382,
            "y": 286
          },
          {
            "x": 382,
            "y": 285
          },
          {
            "x": 381,
            "y": 284
          },
          {
            "x": 381,
            "y": 282
          },
          {
            "x": 380.0,
            "y": 281
          },
          {
            "x": 380.0,
            "y": 279
          },
          {
            "x": 379.0,
            "y": 278
          },
          {
            "x": 379.0,
            "y": 276
          },
          {
            "x": 378.0,
            "y": 275
          },
          {
            "x": 378.0,
            "y": 272
          },
          {
            "x": 377.0,
            "y": 271
          },
          {
            "x": 377.0,
            "y": 269
          },
          {
            "x": 376,
            "y": 268
          },
          {
            "x": 376,
            "y": 266
          },
          {
            "x": 375,
            "y": 265
          },
          {
            "x": 375,
            "y": 263
          },
          {
            "x": 374,
            "y": 262
          },
          {
            "x": 374,
            "y": 259
          },
          {
            "x": 373.0,
            "y": 258
          },
          {
            "x": 373.0,
            "y": 256
          },
          {
            "x": 372.0,
            "y": 255
          },
          {
            "x": 372.0,
            "y": 253
          },
          {
            "x": 371.0,
            "y": 252
          },
          {
            "x": 371.0,
            "y": 250
          },
          {
            "x": 370.0,
            "y": 249
          },
          {
            "x": 370.0,
            "y": 245
          },
          {
            "x": 369,
            "y": 244
          },
          {
            "x": 369,
            "y": 241
          },
          {
            "x": 368,
            "y": 240
          },
          {
            "x": 368,
            "y": 235
          },
          {
            "x": 367,
            "y": 234
          },
          {
            "x": 367,
            "y": 230
          },
          {
            "x": 366.0,
            "y": 229
          },
          {
            "x": 365.0,
            "y": 229
          },
          {
            "x": 363.0,
            "y": 227
          },
          {
            "x": 363.0,
            "y": 226
          },
          {
            "x": 362,
            "y": 226
          },
          {
            "x": 361,
            "y": 225
          },
          {
            "x": 360,
            "y": 225
          },
          {
            "x": 359,
            "y": 224
          },
          {
            "x": 358.0,
            "y": 224
          },
          {
            "x": 356.0,
            "y": 222
          },
          {
            "x": 354,
            "y": 222
          },
          {
            "x": 353,
            "y": 221
          },
          {
            "x": 352,
            "y": 221
          },
          {
            "x": 351.0,
            "y": 220
          },
          {
            "x": 350.0,
            "y": 220
          },
          {
            "x": 349.0,
            "y": 219.0
          },
          {
            "x": 348.0,
            "y": 219.0
          },
          {
            "x": 347,
            "y": 218
          },
          {
            "x": 345,
            "y": 218
          },
          {
            "x": 344.0,
            "y": 217
          },
          {
            "x": 343.0,
            "y": 217
          },
          {
            "x": 342.0,
            "y": 216
          },
          {
            "x": 341.0,
            "y": 216
          },
          {
            "x": 340,
            "y": 215
          },
          {
            "x": 339,
            "y": 215
          },
          {
            "x": 338,
            "y": 214
          },
          {
            "x": 337.0,
            "y": 214
          },
          {
            "x": 335.0,
            "y": 212
          },
          {
            "x": 334.0,
            "y": 212
          },
          {
            "x": 333,
            "y": 211
          },
          {
            "x": 332,
            "y": 211
          },
          {
            "x": 331,
            "y": 210.0
          },
          {
            "x": 330.0,
            "y": 210.0
          },
          {
            "x": 329.0,
            "y": 209
          },
          {
            "x": 328.0,
            "y": 209
          },
          {
            "x": 327.0,
            "y": 208
          },
          {
            "x": 325,
            "y": 208
          },
          {
            "x": 324,
            "y": 207
          },
          {
            "x": 323,
            "y": 207
          },
          {
            "x": 322.0,
            "y": 206
          },
          {
            "x": 321.0,
            "y": 206
          },
          {
            "x": 319.0,
            "y": 204
          },
          {
            "x": 318,
            "y": 204
          },
          {
            "x": 315.0,
            "y": 201.0
          },
          {
            "x": 314.0,
            "y": 201.0
          },
          {
            "x": 313.0,
            "y": 200
          },
          {
            "x": 312.0,
            "y": 200
          },
          {
            "x": 311,
            "y": 199
          },
          {
            "x": 310,
            "y": 199
          },
          {
            "x": 309,
            "y": 198
          },
          {
            "x": 308.0,
            "y": 198
          },
          {
            "x": 306.0,
            "y": 196
          },
          {
            "x": 305.0,
            "y": 196
          },
          {
            "x": 304,
            "y": 195
          },
          {
            "x": 303,
            "y": 195
          },
          {
            "x": 302,
            "y": 194
          },
          {
            "x": 301.0,
            "y": 194
          },
          {
            "x": 300.0,
            "y": 193
          },
          {
            "x": 298.0,
            "y": 193
          },
          {
            "x": 297,
            "y": 192.0
          },
          {
            "x": 296,
            "y": 192.0
          },
          {
            "x": 295,
            "y": 191
          },
          {
            "x": 293.0,
            "y": 191
          },
          {
            "x": 292.0,
            "y": 190
          },
          {
            "x": 291.0,
            "y": 190
          },
          {
            "x": 289,
            "y": 188
          },
          {
            "x": 288,
            "y": 188
          },
          {
            "x": 286.0,
            "y": 186
          },
          {
            "x": 285.0,
            "y": 186
          },
          {
            "x": 280,
            "y": 181
          },
          {
            "x": 280,
            "y": 180
          },
          {
            "x": 279.0,
            "y": 179
          },
          {
            "x": 279.0,
            "y": 177
          },
          {
            "x": 278.0,
            "y": 176
          },
          {
            "x": 278.0,
            "y": 174.0
          },
          {
            "x": 277.0,
            "y": 173
          },
          {
            "x": 277.0,
            "y": 171
          },
          {
            "x": 276.0,
            "y": 170
          },
          {
            "x": 276.0,
            "y": 169
          },
          {
            "x": 275,
            "y": 168
          },
          {
            "x": 275,
            "y": 167
          },
          {
            "x": 274,
            "y": 166
          },
          {
            "x": 274,
            "y": 165.0
          },
          {
            "x": 273,
            "y": 164
          },
          {
            "x": 273,
            "y": 163
          },
          {
            "x": 271.0,
            "y": 161
          },
          {
            "x": 271.0,
            "y": 160
          },
          {
            "x": 270.0,
            "y": 159
          },
          {
            "x": 269.0,
            "y": 159
          },
          {
            "x": 268,
            "y": 160
          },
          {
            "x": 268,
            "y": 161
          },
          {
            "x": 264.0,
            "y": 165.0
          },
          {
            "x": 264.0,
            "y": 166
          },
          {
            "x": 263.0,
            "y": 167
          },
          {
            "x": 263.0,
            "y": 168
          },
          {
            "x": 261,
            "y": 170
          },
          {
            "x": 261,
            "y": 171
          },
          {
            "x": 260,
            "y": 172
          },
          {
            "x": 260,
            "y": 174.0
          },
          {
            "x": 259,
            "y": 175
          },
          {
            "x": 259,
            "y": 177
          },
          {
            "x": 258,
            "y": 178
          },
          {
            "x": 258,
            "y": 191
          },
          {
            "x": 257.0,
            "y": 192.0
          },
          {
            "x": 257.0,
            "y": 195
          },
          {
            "x": 256.0,
            "y": 196
          },
          {
            "x": 256.0,
            "y": 197
          },
          {
            "x": 255.0,
            "y": 198
          },
          {
            "x": 255.0,
            "y": 200
          },
          {
            "x": 254.0,
            "y": 201.0
          },
          {
            "x": 254.0,
            "y": 202
          },
          {
            "x": 253,
            "y": 203
          },
          {
            "x": 253,
            "y": 204
          },
          {
            "x": 252,
            "y": 205
          },
          {
            "x": 252,
            "y": 206
          },
          {
            "x": 251.0,
            "y": 207
          },
          {
            "x": 251.0,
            "y": 208
          },
          {
            "x": 250.0,
            "y": 209
          },
          {
            "x": 250.0,
            "y": 210.0
          },
          {
            "x": 249.0,
            "y": 211
          },
          {
            "x": 249.0,
            "y": 212
          },
          {
            "x": 248.0,
            "y": 213
          },
          {
            "x": 248.0,
            "y": 214
          },
          {
            "x": 246,
            "y": 216
          },
          {
            "x": 246,
            "y": 217
          },
          {
            "x": 244.0,
            "y": 219.0
          },
          {
            "x": 244.0,
            "y": 220
          },
          {
            "x": 242.0,
            "y": 222
          },
          {
            "x": 242.0,
            "y": 223
          },
          {
            "x": 241.0,
            "y": 224
          },
          {
            "x": 241.0,
            "y": 225
          },
          {
            "x": 238,
            "y": 228.0
          },
          {
            "x": 238,
            "y": 229
          },
          {
            "x": 237.0,
            "y": 230
          },
          {
            "x": 237.0,
            "y": 231
          },
          {
            "x": 236.0,
            "y": 232
          },
          {
            "x": 236.0,
            "y": 233
          },
          {
            "x": 234.0,
            "y": 235
          },
          {
            "x": 234.0,
            "y": 236
          },
          {
            "x": 231,
            "y": 239
          },
          {
            "x": 231,
            "y": 240
          },
          {
            "x": 229.0,
            "y": 242
          },
          {
            "x": 229.0,
            "y": 244
          },
          {
            "x": 228.0,
            "y": 245
          },
          {
            "x": 228.0,
            "y": 248
          },
          {
            "x": 227.0,
            "y": 249
          },
          {
            "x": 227.0,
            "y": 252
          },
          {
            "x": 226.0,
            "y": 253
          },
          {
            "x": 226.0,
            "y": 255
          },
          {
            "x": 225.0,
            "y": 256
          },
          {
            "x": 225.0,
            "y": 257
          },
          {
            "x": 224,
            "y": 258
          },
          {
            "x": 224,
            "y": 259
          },
          {
            "x": 223,
            "y": 260
          },
          {
            "x": 223,
            "y": 261
          },
          {
            "x": 222.0,
            "y": 262
          },
          {
            "x": 222.0,
            "y": 263
          },
          {
            "x": 221.0,
            "y": 264
          },
          {
            "x": 221.0,
            "y": 266
          },
          {
            "x": 220.0,
            "y": 267
          },
          {
            "x": 220.0,
            "y": 269
          },
          {
            "x": 219.0,
            "y": 270
          },
          {
            "x": 219.0,
            "y": 273
          },
          {
            "x": 218.0,
            "y": 274
          },
          {
            "x": 218.0,
            "y": 275
          },
          {
            "x": 217,
            "y": 276
          },
          {
            "x": 217,
            "y": 277
          },
          {
            "x": 216,
            "y": 278
          },
          {
            "x": 216,
            "y": 279
          },
          {
            "x": 215.0,
            "y": 280
          },
          {
            "x": 215.0,
            "y": 281
          },
          {
            "x": 214.0,
            "y": 282
          },
          {
            "x": 214.0,
            "y": 283.0
          },
          {
            "x": 213.0,
            "y": 284
          },
          {
            "x": 213.0,
            "y": 285
          },
          {
            "x": 212.0,
            "y": 286
          },
          {
            "x": 212.0,
            "y": 287
          },
          {
            "x": 210.0,
            "y": 289
          },
          {
            "x": 209,
            "y": 289
          },
          {
            "x": 208.0,
            "y": 288
          },
          {
            "x": 207.0,
            "y": 288
          },
          {
            "x": 206.0,
            "y": 287
          },
          {
            "x": 206.0,
            "y": 286
          },
          {
            "x": 205.0,
            "y": 285
          },
          {
            "x": 205.0,
            "y": 282
          },
          {
            "x": 204.0,
            "y": 281
          },
          {
            "x": 204.0,
            "y": 278
          },
          {
            "x": 203.0,
            "y": 277
          },
          {
            "x": 203.0,
            "y": 274
          },
          {
            "x": 202,
            "y": 273
          },
          {
            "x": 202,
            "y": 271
          },
          {
            "x": 201.0,
            "y": 270
          },
          {
            "x": 201.0,
            "y": 266
          },
          {
            "x": 200.0,
            "y": 265
          },
          {
            "x": 200.0,
            "y": 256
          },
          {
            "x": 199.0,
            "y": 255
          },
          {
            "x": 199.0,
            "y": 239
          },
          {
            "x": 198.0,
            "y": 238
          },
          {
            "x": 198.0,
            "y": 230
          },
          {
            "x": 197.0,
            "y": 229
          },
          {
            "x": 197.0,
            "y": 226
          },
          {
            "x": 196.0,
            "y": 225
          },
          {
            "x": 196.0,
            "y": 217
          },
          {
            "x": 195,
            "y": 216
          },
          {
            "x": 195,
            "y": 213
          },
          {
            "x": 196.0,
            "y": 212
          },
          {
            "x": 196.0,
            "y": 203
          },
          {
            "x": 195,
            "y": 202
          },
          {
            "x": 195,
            "y": 198
          },
          {
            "x": 194,
            "y": 197
          },
          {
            "x": 194,
            "y": 165.0
          },
          {
            "x": 195,
            "y": 164
          },
          {
            "x": 195,
            "y": 155
          }
        ]
      }
    }
  ]
}