{
  "image": {
    "width": 266,
    "height": 400,
    "filename": "00000207.jpg",
    "original_filename": "000447.jpg",
    "url": "https://darwin.v7labs.com/api/images/1212349/original?token=16d6037d-33e8-4c8d-8cb7-761abbebab61",
    "thumbnail_url": "https://darwin.v7labs.com/api/images/1212349/thumbnail?token=16d6037d-33e8-4c8d-8cb7-761abbebab61",
    "workview_url": "https://darwin.v7labs.com/workview?dataset=1176&image=207"
  },
  "dataset": "Fashion_2",
  "annotated": true,
  "annotations": [
    {
      "name": "Skirt Polygon ",
      "polygon": {
        "path": [
          {
            "x": 156.74,
            "y": 205.56
          },
          {
            "x": 155.74,
            "y": 205.56
          },
          {
            "x": 154.74,
            "y": 206.56
          },
          {
            "x": 147.74,
            "y": 206.56
          },
          {
            "x": 146.13,
            "y": 207.04
          },
          {
            "x": 144.74,
            "y": 207.56
          },
          {
            "x": 143.48,
            "y": 207.69
          },
          {
            "x": 141.4,
            "y": 207.6
          },
          {
            "x": 138.74,
            "y": 207.56
          },
          {
            "x": 117.74,
            "y": 207.56
          },
          {
            "x": 116.74,
            "y": 208.56
          },
          {
            "x": 115.74,
            "y": 208.56
          },
          {
            "x": 115.74,
            "y": 210.56
          },
          {
            "x": 114.74,
            "y": 211.56
          },
          {
            "x": 114.74,
            "y": 212.56
          },
          {
            "x": 113.74,
            "y": 213.56
          },
          {
            "x": 113.74,
            "y": 214.56
          },
          {
            "x": 114.74,
            "y": 214.56
          },
          {
            "x": 115.74,
            "y": 215.56
          },
          {
            "x": 114.74,
            "y": 216.56
          },
          {
            "x": 115.74,
            "y": 217.56
          },
          {
            "x": 115.74,
            "y": 219.56
          },
          {
            "x": 116.74,
            "y": 220.56
          },
          {
            "x": 116.74,
            "y": 221.56
          },
          {
            "x": 117.74,
            "y": 222.56
          },
          {
            "x": 117.74,
            "y": 227.56
          },
          {
            "x": 118.74,
            "y": 228.56
          },
          {
            "x": 118.74,
            "y": 232.56
          },
          {
            "x": 119.74,
            "y": 233.56
          },
          {
            "x": 119.74,
            "y": 239.56
          },
          {
            "x": 120.74,
            "y": 240.56
          },
          {
            "x": 120.74,
            "y": 249.56
          },
          {
            "x": 121.74,
            "y": 250.56
          },
          {
            "x": 121.74,
            "y": 256.56
          },
          {
            "x": 122.74,
            "y": 257.56
          },
          {
            "x": 122.74,
            "y": 265.56
          },
          {
            "x": 119.74,
            "y": 268.56
          },
          {
            "x": 103.74,
            "y": 268.56
          },
          {
            "x": 102.74,
            "y": 267.56
          },
          {
            "x": 94.74,
            "y": 267.56
          },
          {
            "x": 93.74,
            "y": 266.56
          },
          {
            "x": 93.74,
            "y": 279.56
          },
          {
            "x": 94.74,
            "y": 280.56
          },
          {
            "x": 110.74,
            "y": 280.56
          },
          {
            "x": 111.74,
            "y": 279.56
          },
          {
            "x": 112.74,
            "y": 279.56
          },
          {
            "x": 114.74,
            "y": 281.56
          },
          {
            "x": 115.74,
            "y": 281.56
          },
          {
            "x": 116.74,
            "y": 280.56
          },
          {
            "x": 120.74,
            "y": 280.56
          },
          {
            "x": 121.74,
            "y": 281.56
          },
          {
            "x": 122.74,
            "y": 281.56
          },
          {
            "x": 123.74,
            "y": 280.56
          },
          {
            "x": 132.74,
            "y": 280.56
          },
          {
            "x": 133.74,
            "y": 279.56
          },
          {
            "x": 138.74,
            "y": 279.56
          },
          {
            "x": 139.74,
            "y": 278.56
          },
          {
            "x": 141.74,
            "y": 278.56
          },
          {
            "x": 143.74,
            "y": 276.56
          },
          {
            "x": 144.74,
            "y": 276.56
          },
          {
            "x": 148.74,
            "y": 272.56
          },
          {
            "x": 152.74,
            "y": 272.56
          },
          {
            "x": 153.74,
            "y": 271.56
          },
          {
            "x": 153.74,
            "y": 270.56
          },
          {
            "x": 154.74,
            "y": 269.56
          },
          {
            "x": 163.74,
            "y": 269.56
          },
          {
            "x": 164.74,
            "y": 268.56
          },
          {
            "x": 167.74,
            "y": 268.56
          },
          {
            "x": 168.74,
            "y": 267.56
          },
          {
            "x": 168.74,
            "y": 265.56
          },
          {
            "x": 167.74,
            "y": 264.56
          },
          {
            "x": 167.74,
            "y": 261.56
          },
          {
            "x": 166.74,
            "y": 260.56
          },
          {
            "x": 166.74,
            "y": 256.56
          },
          {
            "x": 165.74,
            "y": 255.56
          },
          {
            "x": 165.74,
            "y": 251.56
          },
          {
            "x": 164.74,
            "y": 250.56
          },
          {
            "x": 164.74,
            "y": 247.56
          },
          {
            "x": 163.74,
            "y": 246.56
          },
          {
            "x": 163.3,
            "y": 243.35
          },
          {
            "x": 162.74,
            "y": 241.56
          },
          {
            "x": 162.3,
            "y": 236.74
          },
          {
            "x": 162.26,
            "y": 234.96
          },
          {
            "x": 161.86,
            "y": 230.28
          },
          {
            "x": 161.6,
            "y": 228.15
          },
          {
            "x": 161.56,
            "y": 226.49
          },
          {
            "x": 161.17,
            "y": 226.27
          },
          {
            "x": 161.21,
            "y": 225.45
          },
          {
            "x": 161.08,
            "y": 225.36
          },
          {
            "x": 161.25,
            "y": 225.23
          },
          {
            "x": 160.78,
            "y": 223.8
          },
          {
            "x": 160.39,
            "y": 221.83
          },
          {
            "x": 159.74,
            "y": 220.56
          },
          {
            "x": 159.39,
            "y": 217.26
          },
          {
            "x": 158.74,
            "y": 215.56
          },
          {
            "x": 158.3,
            "y": 212.7
          },
          {
            "x": 157.74,
            "y": 210.56
          },
          {
            "x": 157.74,
            "y": 208.56
          },
          {
            "x": 156.74,
            "y": 207.56
          }
        ]
      }
    },
    {
      "bounding_box": {
        "h": 83.4,
        "w": 32.38,
        "x": 86.24,
        "y": 309.23
      },
      "name": "Shoes "
    },
    {
      "bounding_box": {
        "h": 78.29,
        "w": 27.49,
        "x": 122.63,
        "y": 294.57
      },
      "name": "Shoes "
    }
  ]
}