{
  "image": {
    "width": 266,
    "height": 400,
    "filename": "00000111.jpg",
    "original_filename": "000590.jpg",
    "url": "https://darwin.v7labs.com/api/images/1212483/original?token=cd62f37c-afe4-4d19-9fa3-5be62f6a54a9",
    "thumbnail_url": "https://darwin.v7labs.com/api/images/1212483/thumbnail?token=cd62f37c-afe4-4d19-9fa3-5be62f6a54a9",
    "workview_url": "https://darwin.v7labs.com/workview?dataset=1177&image=111"
  },
  "dataset": "Fashion_3",
  "annotated": true,
  "annotations": [
    {
      "name": "Trousers Polygon ",
      "polygon": {
        "path": [
          {
            "x": 112,
            "y": 253.0
          },
          {
            "x": 111.0,
            "y": 254.0
          },
          {
            "x": 111.0,
            "y": 261
          },
          {
            "x": 110.0,
            "y": 262
          },
          {
            "x": 110.0,
            "y": 277
          },
          {
            "x": 109.0,
            "y": 278
          },
          {
            "x": 109.0,
            "y": 287
          },
          {
            "x": 110.0,
            "y": 288
          },
          {
            "x": 110.0,
            "y": 291
          },
          {
            "x": 109.0,
            "y": 292
          },
          {
            "x": 109.0,
            "y": 299
          },
          {
            "x": 108.0,
            "y": 300
          },
          {
            "x": 108.0,
            "y": 303
          },
          {
            "x": 107.0,
            "y": 304
          },
          {
            "x": 107.0,
            "y": 306
          },
          {
            "x": 106,
            "y": 307
          },
          {
            "x": 106,
            "y": 310
          },
          {
            "x": 105.0,
            "y": 311
          },
          {
            "x": 105.0,
            "y": 314
          },
          {
            "x": 104.0,
            "y": 315
          },
          {
            "x": 104.0,
            "y": 325
          },
          {
            "x": 105.0,
            "y": 326
          },
          {
            "x": 105.0,
            "y": 331
          },
          {
            "x": 106,
            "y": 332
          },
          {
            "x": 106,
            "y": 344
          },
          {
            "x": 107.0,
            "y": 345
          },
          {
            "x": 107.0,
            "y": 346
          },
          {
            "x": 108.0,
            "y": 347
          },
          {
            "x": 107.0,
            "y": 348
          },
          {
            "x": 107.0,
            "y": 352
          },
          {
            "x": 110.0,
            "y": 352
          },
          {
            "x": 111.0,
            "y": 351
          },
          {
            "x": 112,
            "y": 351
          },
          {
            "x": 113,
            "y": 350
          },
          {
            "x": 119.0,
            "y": 350
          },
          {
            "x": 120.0,
            "y": 349
          },
          {
            "x": 121.0,
            "y": 349
          },
          {
            "x": 121.0,
            "y": 339
          },
          {
            "x": 120.0,
            "y": 338
          },
          {
            "x": 120.0,
            "y": 332
          },
          {
            "x": 121.0,
            "y": 331
          },
          {
            "x": 121.0,
            "y": 323
          },
          {
            "x": 122.0,
            "y": 322
          },
          {
            "x": 122.0,
            "y": 305
          },
          {
            "x": 123.0,
            "y": 304
          },
          {
            "x": 123.0,
            "y": 302
          },
          {
            "x": 124,
            "y": 301
          },
          {
            "x": 124,
            "y": 299
          },
          {
            "x": 125,
            "y": 298
          },
          {
            "x": 125,
            "y": 296
          },
          {
            "x": 126.0,
            "y": 295
          },
          {
            "x": 126.0,
            "y": 294
          },
          {
            "x": 127.0,
            "y": 293
          },
          {
            "x": 127.0,
            "y": 291
          },
          {
            "x": 128.0,
            "y": 290
          },
          {
            "x": 128.0,
            "y": 289
          },
          {
            "x": 129.0,
            "y": 288
          },
          {
            "x": 129.0,
            "y": 286
          },
          {
            "x": 130.0,
            "y": 285
          },
          {
            "x": 130.0,
            "y": 284
          },
          {
            "x": 132.0,
            "y": 282
          },
          {
            "x": 132.0,
            "y": 281
          },
          {
            "x": 133.0,
            "y": 280
          },
          {
            "x": 133.0,
            "y": 279
          },
          {
            "x": 134.0,
            "y": 278
          },
          {
            "x": 134.0,
            "y": 277
          },
          {
            "x": 137,
            "y": 274
          },
          {
            "x": 138,
            "y": 274
          },
          {
            "x": 139,
            "y": 273
          },
          {
            "x": 140.0,
            "y": 274
          },
          {
            "x": 141.0,
            "y": 274
          },
          {
            "x": 143.0,
            "y": 276
          },
          {
            "x": 144.0,
            "y": 276
          },
          {
            "x": 145.0,
            "y": 277
          },
          {
            "x": 145.0,
            "y": 278
          },
          {
            "x": 147.0,
            "y": 280
          },
          {
            "x": 147.0,
            "y": 281
          },
          {
            "x": 148,
            "y": 282
          },
          {
            "x": 148,
            "y": 283
          },
          {
            "x": 149,
            "y": 284
          },
          {
            "x": 149,
            "y": 285
          },
          {
            "x": 150,
            "y": 286
          },
          {
            "x": 150,
            "y": 287
          },
          {
            "x": 151,
            "y": 288
          },
          {
            "x": 151,
            "y": 289
          },
          {
            "x": 152.0,
            "y": 290
          },
          {
            "x": 152.0,
            "y": 291
          },
          {
            "x": 153.0,
            "y": 292
          },
          {
            "x": 153.0,
            "y": 293
          },
          {
            "x": 154.0,
            "y": 294
          },
          {
            "x": 154.0,
            "y": 295
          },
          {
            "x": 155.0,
            "y": 296
          },
          {
            "x": 155.0,
            "y": 297
          },
          {
            "x": 157.0,
            "y": 299
          },
          {
            "x": 157.0,
            "y": 301
          },
          {
            "x": 158.0,
            "y": 302
          },
          {
            "x": 158.0,
            "y": 303
          },
          {
            "x": 159.0,
            "y": 304
          },
          {
            "x": 159.0,
            "y": 307
          },
          {
            "x": 160.0,
            "y": 308
          },
          {
            "x": 160.0,
            "y": 311
          },
          {
            "x": 161,
            "y": 312
          },
          {
            "x": 161,
            "y": 319
          },
          {
            "x": 162,
            "y": 320
          },
          {
            "x": 162,
            "y": 324
          },
          {
            "x": 163,
            "y": 325
          },
          {
            "x": 163,
            "y": 340
          },
          {
            "x": 164,
            "y": 341
          },
          {
            "x": 164,
            "y": 343
          },
          {
            "x": 165.0,
            "y": 344
          },
          {
            "x": 165.0,
            "y": 348
          },
          {
            "x": 166.0,
            "y": 349
          },
          {
            "x": 166.0,
            "y": 351
          },
          {
            "x": 167.0,
            "y": 352
          },
          {
            "x": 167.0,
            "y": 354
          },
          {
            "x": 168.0,
            "y": 355
          },
          {
            "x": 170.0,
            "y": 355
          },
          {
            "x": 172.0,
            "y": 353
          },
          {
            "x": 175,
            "y": 353
          },
          {
            "x": 176,
            "y": 352
          },
          {
            "x": 177.0,
            "y": 353
          },
          {
            "x": 180.0,
            "y": 353
          },
          {
            "x": 181.0,
            "y": 352
          },
          {
            "x": 181.0,
            "y": 345
          },
          {
            "x": 180.0,
            "y": 344
          },
          {
            "x": 180.0,
            "y": 343
          },
          {
            "x": 179.0,
            "y": 343
          },
          {
            "x": 177.0,
            "y": 341
          },
          {
            "x": 177.0,
            "y": 340
          },
          {
            "x": 178.0,
            "y": 339
          },
          {
            "x": 178.0,
            "y": 338
          },
          {
            "x": 179.0,
            "y": 337
          },
          {
            "x": 179.0,
            "y": 333
          },
          {
            "x": 178.0,
            "y": 332
          },
          {
            "x": 178.0,
            "y": 324
          },
          {
            "x": 177.0,
            "y": 323
          },
          {
            "x": 177.0,
            "y": 315
          },
          {
            "x": 176,
            "y": 314
          },
          {
            "x": 176,
            "y": 307
          },
          {
            "x": 175,
            "y": 306
          },
          {
            "x": 175,
            "y": 305
          },
          {
            "x": 174,
            "y": 304
          },
          {
            "x": 174,
            "y": 300
          },
          {
            "x": 173,
            "y": 299
          },
          {
            "x": 173,
            "y": 294
          },
          {
            "x": 172.0,
            "y": 293
          },
          {
            "x": 172.0,
            "y": 292
          },
          {
            "x": 171.0,
            "y": 291
          },
          {
            "x": 171.0,
            "y": 288
          },
          {
            "x": 170.0,
            "y": 287
          },
          {
            "x": 170.0,
            "y": 284
          },
          {
            "x": 169.0,
            "y": 283
          },
          {
            "x": 169.0,
            "y": 279
          },
          {
            "x": 168.0,
            "y": 278
          },
          {
            "x": 168.0,
            "y": 272
          },
          {
            "x": 167.0,
            "y": 271
          },
          {
            "x": 167.0,
            "y": 264
          },
          {
            "x": 166.0,
            "y": 263
          },
          {
            "x": 166.0,
            "y": 257
          },
          {
            "x": 165.0,
            "y": 256
          },
          {
            "x": 165.0,
            "y": 254.0
          },
          {
            "x": 164,
            "y": 253.0
          },
          {
            "x": 164,
            "y": 251
          },
          {
            "x": 163,
            "y": 250
          },
          {
            "x": 156.0,
            "y": 250
          },
          {
            "x": 155.0,
            "y": 249
          },
          {
            "x": 154.0,
            "y": 249
          },
          {
            "x": 153.0,
            "y": 248
          },
          {
            "x": 150,
            "y": 248
          },
          {
            "x": 149,
            "y": 249
          },
          {
            "x": 147.0,
            "y": 249
          },
          {
            "x": 146.0,
            "y": 248
          },
          {
            "x": 146.0,
            "y": 247.0
          },
          {
            "x": 145.0,
            "y": 246.0
          },
          {
            "x": 143.0,
            "y": 246.0
          },
          {
            "x": 142.0,
            "y": 247.0
          },
          {
            "x": 140.0,
            "y": 247.0
          },
          {
            "x": 139,
            "y": 246.0
          },
          {
            "x": 136,
            "y": 246.0
          },
          {
            "x": 135.0,
            "y": 245
          },
          {
            "x": 134.0,
            "y": 246.0
          },
          {
            "x": 133.0,
            "y": 246.0
          },
          {
            "x": 132.0,
            "y": 247.0
          },
          {
            "x": 131.0,
            "y": 247.0
          },
          {
            "x": 130.0,
            "y": 248
          },
          {
            "x": 126.0,
            "y": 248
          },
          {
            "x": 125,
            "y": 247.0
          },
          {
            "x": 124,
            "y": 248
          },
          {
            "x": 124,
            "y": 251
          },
          {
            "x": 123.0,
            "y": 252.0
          },
          {
            "x": 121.0,
            "y": 252.0
          },
          {
            "x": 120.0,
            "y": 253.0
          }
        ]
      }
    },
    {
      "bounding_box": {
        "h": 53.22,
        "w": 8.1,
        "x": 131.85,
        "y": 154.24
      },
      "name": "Tie"
    },
    {
      "bounding_box": {
        "h": 8.39,
        "w": 24.87,
        "x": 123.17,
        "y": 127.35
      },
      "name": "Glasses "
    }
  ]
}