{
  "image": {
    "width": 500,
    "height": 750,
    "filename": "00000704.jpg",
    "original_filename": "000104.jpg",
    "url": "https://darwin.v7labs.com/api/images/1212015/original?token=5cea58b9-0f48-4f62-9905-01f97ea9945c",
    "thumbnail_url": "https://darwin.v7labs.com/api/images/1212015/thumbnail?token=5cea58b9-0f48-4f62-9905-01f97ea9945c",
    "workview_url": "https://darwin.v7labs.com/workview?dataset=1161&image=704"
  },
  "dataset": "Fashion retail",
  "annotated": true,
  "annotations": [
    {
      "name": "T-Shirt Polygon ",
      "polygon": {
        "path": [
          {
            "x": 58.0,
            "y": 191
          },
          {
            "x": 58.0,
            "y": 192.0
          },
          {
            "x": 57.0,
            "y": 193
          },
          {
            "x": 56.0,
            "y": 193
          },
          {
            "x": 54.0,
            "y": 195
          },
          {
            "x": 53.0,
            "y": 195
          },
          {
            "x": 47.0,
            "y": 201.0
          },
          {
            "x": 46.0,
            "y": 201.0
          },
          {
            "x": 46.0,
            "y": 202
          },
          {
            "x": 39.0,
            "y": 209
          },
          {
            "x": 38.0,
            "y": 209
          },
          {
            "x": 33.0,
            "y": 214
          },
          {
            "x": 32.0,
            "y": 214
          },
          {
            "x": 31.0,
            "y": 215
          },
          {
            "x": 30.0,
            "y": 215
          },
          {
            "x": 27.0,
            "y": 218
          },
          {
            "x": 27.0,
            "y": 219.0
          },
          {
            "x": 26.0,
            "y": 220
          },
          {
            "x": 25.0,
            "y": 220
          },
          {
            "x": 24.0,
            "y": 221
          },
          {
            "x": 24.0,
            "y": 222
          },
          {
            "x": 22.0,
            "y": 224
          },
          {
            "x": 22.0,
            "y": 225
          },
          {
            "x": 21.0,
            "y": 226
          },
          {
            "x": 20.0,
            "y": 226
          },
          {
            "x": 20.0,
            "y": 227
          },
          {
            "x": 18,
            "y": 229
          },
          {
            "x": 18,
            "y": 230
          },
          {
            "x": 17.0,
            "y": 231
          },
          {
            "x": 17.0,
            "y": 232
          },
          {
            "x": 15.0,
            "y": 234
          },
          {
            "x": 15.0,
            "y": 235
          },
          {
            "x": 14.0,
            "y": 236
          },
          {
            "x": 14.0,
            "y": 238
          },
          {
            "x": 13.0,
            "y": 239
          },
          {
            "x": 13.0,
            "y": 241
          },
          {
            "x": 12.0,
            "y": 242
          },
          {
            "x": 12.0,
            "y": 246
          },
          {
            "x": 11.0,
            "y": 247
          },
          {
            "x": 11.0,
            "y": 258
          },
          {
            "x": 12.0,
            "y": 259
          },
          {
            "x": 12.0,
            "y": 269
          },
          {
            "x": 13.0,
            "y": 270
          },
          {
            "x": 13.0,
            "y": 275
          },
          {
            "x": 14.0,
            "y": 276
          },
          {
            "x": 14.0,
            "y": 279
          },
          {
            "x": 15.0,
            "y": 280
          },
          {
            "x": 15.0,
            "y": 283.0
          },
          {
            "x": 16.0,
            "y": 284
          },
          {
            "x": 16.0,
            "y": 285
          },
          {
            "x": 17.0,
            "y": 286
          },
          {
            "x": 17.0,
            "y": 287
          },
          {
            "x": 18,
            "y": 288
          },
          {
            "x": 18,
            "y": 289
          },
          {
            "x": 19.0,
            "y": 290
          },
          {
            "x": 19.0,
            "y": 291
          },
          {
            "x": 22.0,
            "y": 288
          },
          {
            "x": 22.0,
            "y": 287
          },
          {
            "x": 25.0,
            "y": 284
          },
          {
            "x": 27.0,
            "y": 284
          },
          {
            "x": 28.0,
            "y": 283.0
          },
          {
            "x": 30.0,
            "y": 283.0
          },
          {
            "x": 31.0,
            "y": 282
          },
          {
            "x": 48.0,
            "y": 282
          },
          {
            "x": 49.0,
            "y": 283.0
          },
          {
            "x": 58.0,
            "y": 283.0
          },
          {
            "x": 59.0,
            "y": 284
          },
          {
            "x": 64.0,
            "y": 284
          },
          {
            "x": 65,
            "y": 285
          },
          {
            "x": 66.0,
            "y": 285
          },
          {
            "x": 67.0,
            "y": 286
          },
          {
            "x": 68.0,
            "y": 286
          },
          {
            "x": 69.0,
            "y": 287
          },
          {
            "x": 69.0,
            "y": 289
          },
          {
            "x": 70.0,
            "y": 290
          },
          {
            "x": 70.0,
            "y": 331
          },
          {
            "x": 69.0,
            "y": 332
          },
          {
            "x": 69.0,
            "y": 340
          },
          {
            "x": 71.0,
            "y": 342
          },
          {
            "x": 74.0,
            "y": 342
          },
          {
            "x": 75.0,
            "y": 343
          },
          {
            "x": 79,
            "y": 343
          },
          {
            "x": 80.0,
            "y": 344
          },
          {
            "x": 81.0,
            "y": 344
          },
          {
            "x": 82.0,
            "y": 345
          },
          {
            "x": 84.0,
            "y": 345
          },
          {
            "x": 85.0,
            "y": 346
          },
          {
            "x": 88.0,
            "y": 346
          },
          {
            "x": 89.0,
            "y": 347
          },
          {
            "x": 91.0,
            "y": 347
          },
          {
            "x": 92.0,
            "y": 348.0
          },
          {
            "x": 95.0,
            "y": 348.0
          },
          {
            "x": 96.0,
            "y": 349
          },
          {
            "x": 98.0,
            "y": 349
          },
          {
            "x": 99.0,
            "y": 350
          },
          {
            "x": 100.0,
            "y": 350
          },
          {
            "x": 101,
            "y": 351
          },
          {
            "x": 104.0,
            "y": 351
          },
          {
            "x": 105.0,
            "y": 352
          },
          {
            "x": 108,
            "y": 352
          },
          {
            "x": 109.0,
            "y": 353
          },
          {
            "x": 112.0,
            "y": 353
          },
          {
            "x": 113.0,
            "y": 354
          },
          {
            "x": 114.0,
            "y": 354
          },
          {
            "x": 115,
            "y": 355
          },
          {
            "x": 120.0,
            "y": 355
          },
          {
            "x": 121.0,
            "y": 356
          },
          {
            "x": 125.0,
            "y": 356
          },
          {
            "x": 126.0,
            "y": 357
          },
          {
            "x": 131.0,
            "y": 357
          },
          {
            "x": 132.0,
            "y": 358
          },
          {
            "x": 137,
            "y": 358
          },
          {
            "x": 138.0,
            "y": 359
          },
          {
            "x": 140.0,
            "y": 359
          },
          {
            "x": 141.0,
            "y": 360
          },
          {
            "x": 146.0,
            "y": 360
          },
          {
            "x": 147.0,
            "y": 361
          },
          {
            "x": 163.0,
            "y": 361
          },
          {
            "x": 164.0,
            "y": 362
          },
          {
            "x": 174.0,
            "y": 362
          },
          {
            "x": 175.0,
            "y": 361
          },
          {
            "x": 175.0,
            "y": 359
          },
          {
            "x": 174.0,
            "y": 358
          },
          {
            "x": 173,
            "y": 358
          },
          {
            "x": 171.0,
            "y": 356
          },
          {
            "x": 171.0,
            "y": 352
          },
          {
            "x": 170.0,
            "y": 351
          },
          {
            "x": 170.0,
            "y": 347
          },
          {
            "x": 169.0,
            "y": 346
          },
          {
            "x": 169.0,
            "y": 344
          },
          {
            "x": 168.0,
            "y": 343
          },
          {
            "x": 168.0,
            "y": 342
          },
          {
            "x": 167.0,
            "y": 341
          },
          {
            "x": 167.0,
            "y": 340
          },
          {
            "x": 166,
            "y": 339
          },
          {
            "x": 166,
            "y": 338
          },
          {
            "x": 165.0,
            "y": 337.0
          },
          {
            "x": 165.0,
            "y": 336
          },
          {
            "x": 164.0,
            "y": 335
          },
          {
            "x": 163.0,
            "y": 335
          },
          {
            "x": 162.0,
            "y": 334
          },
          {
            "x": 162.0,
            "y": 333
          },
          {
            "x": 161.0,
            "y": 333
          },
          {
            "x": 159,
            "y": 331
          },
          {
            "x": 158,
            "y": 331
          },
          {
            "x": 156.0,
            "y": 329
          },
          {
            "x": 156.0,
            "y": 328
          },
          {
            "x": 154.0,
            "y": 326
          },
          {
            "x": 154.0,
            "y": 324
          },
          {
            "x": 153.0,
            "y": 323
          },
          {
            "x": 153.0,
            "y": 322
          },
          {
            "x": 152,
            "y": 321
          },
          {
            "x": 152,
            "y": 320
          },
          {
            "x": 153.0,
            "y": 319.0
          },
          {
            "x": 153.0,
            "y": 318
          },
          {
            "x": 154.0,
            "y": 317
          },
          {
            "x": 154.0,
            "y": 316
          },
          {
            "x": 155.0,
            "y": 315
          },
          {
            "x": 155.0,
            "y": 313
          },
          {
            "x": 156.0,
            "y": 312.0
          },
          {
            "x": 156.0,
            "y": 309
          },
          {
            "x": 155.0,
            "y": 308
          },
          {
            "x": 155.0,
            "y": 294.0
          },
          {
            "x": 158,
            "y": 291
          },
          {
            "x": 159,
            "y": 291
          },
          {
            "x": 160.0,
            "y": 290
          },
          {
            "x": 160.0,
            "y": 285
          },
          {
            "x": 159,
            "y": 284
          },
          {
            "x": 159,
            "y": 282
          },
          {
            "x": 157.0,
            "y": 280
          },
          {
            "x": 157.0,
            "y": 274
          },
          {
            "x": 156.0,
            "y": 273
          },
          {
            "x": 156.0,
            "y": 266
          },
          {
            "x": 155.0,
            "y": 265
          },
          {
            "x": 155.0,
            "y": 249
          },
          {
            "x": 154.0,
            "y": 248
          },
          {
            "x": 154.0,
            "y": 241
          },
          {
            "x": 153.0,
            "y": 240
          },
          {
            "x": 153.0,
            "y": 236
          },
          {
            "x": 152,
            "y": 235
          },
          {
            "x": 152,
            "y": 233
          },
          {
            "x": 151,
            "y": 232
          },
          {
            "x": 151,
            "y": 229
          },
          {
            "x": 150.0,
            "y": 228.0
          },
          {
            "x": 150.0,
            "y": 226
          },
          {
            "x": 149.0,
            "y": 225
          },
          {
            "x": 149.0,
            "y": 224
          },
          {
            "x": 148.0,
            "y": 224
          },
          {
            "x": 146.0,
            "y": 222
          },
          {
            "x": 146.0,
            "y": 221
          },
          {
            "x": 145,
            "y": 221
          },
          {
            "x": 144,
            "y": 220
          },
          {
            "x": 143.0,
            "y": 220
          },
          {
            "x": 141.0,
            "y": 218
          },
          {
            "x": 140.0,
            "y": 218
          },
          {
            "x": 139.0,
            "y": 217
          },
          {
            "x": 139.0,
            "y": 216
          },
          {
            "x": 137,
            "y": 216
          },
          {
            "x": 135.0,
            "y": 214
          },
          {
            "x": 134.0,
            "y": 214
          },
          {
            "x": 133.0,
            "y": 213
          },
          {
            "x": 131.0,
            "y": 213
          },
          {
            "x": 129,
            "y": 211
          },
          {
            "x": 127.0,
            "y": 211
          },
          {
            "x": 126.0,
            "y": 210.0
          },
          {
            "x": 125.0,
            "y": 210.0
          },
          {
            "x": 124.0,
            "y": 209
          },
          {
            "x": 123,
            "y": 209
          },
          {
            "x": 122.0,
            "y": 208
          },
          {
            "x": 120.0,
            "y": 208
          },
          {
            "x": 118.0,
            "y": 206
          },
          {
            "x": 116.0,
            "y": 206
          },
          {
            "x": 114.0,
            "y": 204
          },
          {
            "x": 112.0,
            "y": 204
          },
          {
            "x": 112.0,
            "y": 210.0
          },
          {
            "x": 114.0,
            "y": 212
          },
          {
            "x": 114.0,
            "y": 213
          },
          {
            "x": 115,
            "y": 214
          },
          {
            "x": 115,
            "y": 216
          },
          {
            "x": 113.0,
            "y": 218
          },
          {
            "x": 111.0,
            "y": 218
          },
          {
            "x": 110.0,
            "y": 217
          },
          {
            "x": 109.0,
            "y": 217
          },
          {
            "x": 108,
            "y": 216
          },
          {
            "x": 105.0,
            "y": 216
          },
          {
            "x": 104.0,
            "y": 215
          },
          {
            "x": 101,
            "y": 215
          },
          {
            "x": 100.0,
            "y": 214
          },
          {
            "x": 99.0,
            "y": 214
          },
          {
            "x": 98.0,
            "y": 213
          },
          {
            "x": 96.0,
            "y": 213
          },
          {
            "x": 94,
            "y": 211
          },
          {
            "x": 92.0,
            "y": 211
          },
          {
            "x": 91.0,
            "y": 210.0
          },
          {
            "x": 90.0,
            "y": 210.0
          },
          {
            "x": 88.0,
            "y": 208
          },
          {
            "x": 87.0,
            "y": 208
          },
          {
            "x": 85.0,
            "y": 206
          },
          {
            "x": 84.0,
            "y": 206
          },
          {
            "x": 83.0,
            "y": 205
          },
          {
            "x": 82.0,
            "y": 205
          },
          {
            "x": 80.0,
            "y": 203
          },
          {
            "x": 79,
            "y": 203
          },
          {
            "x": 78.0,
            "y": 202
          },
          {
            "x": 78.0,
            "y": 201.0
          },
          {
            "x": 77.0,
            "y": 201.0
          },
          {
            "x": 76.0,
            "y": 200
          },
          {
            "x": 75.0,
            "y": 200
          },
          {
            "x": 73.0,
            "y": 198
          },
          {
            "x": 72,
            "y": 198
          },
          {
            "x": 69.0,
            "y": 195
          },
          {
            "x": 68.0,
            "y": 195
          },
          {
            "x": 67.0,
            "y": 194
          },
          {
            "x": 66.0,
            "y": 194
          },
          {
            "x": 65,
            "y": 193
          },
          {
            "x": 64.0,
            "y": 193
          },
          {
            "x": 63.0,
            "y": 192.0
          },
          {
            "x": 63.0,
            "y": 191
          },
          {
            "x": 62.0,
            "y": 191
          },
          {
            "x": 61.0,
            "y": 190
          },
          {
            "x": 60.0,
            "y": 191
          }
        ]
      }
    },
    {
      "name": "Trousers Polygon ",
      "polygon": {
        "path": [
          {
            "x": 76,
            "y": 438
          },
          {
            "x": 76,
            "y": 440
          },
          {
            "x": 77,
            "y": 441.0
          },
          {
            "x": 77,
            "y": 442
          },
          {
            "x": 79,
            "y": 444
          },
          {
            "x": 79,
            "y": 445
          },
          {
            "x": 80,
            "y": 446
          },
          {
            "x": 81,
            "y": 446
          },
          {
            "x": 84,
            "y": 449.0
          },
          {
            "x": 85,
            "y": 449.0
          },
          {
            "x": 86,
            "y": 450
          },
          {
            "x": 88,
            "y": 450
          },
          {
            "x": 90,
            "y": 452
          },
          {
            "x": 91,
            "y": 452
          },
          {
            "x": 92,
            "y": 453
          },
          {
            "x": 94,
            "y": 453
          },
          {
            "x": 95,
            "y": 454
          },
          {
            "x": 97,
            "y": 454
          },
          {
            "x": 98,
            "y": 455
          },
          {
            "x": 101,
            "y": 455
          },
          {
            "x": 102,
            "y": 456
          },
          {
            "x": 104,
            "y": 456
          },
          {
            "x": 105,
            "y": 457.0
          },
          {
            "x": 108,
            "y": 457.0
          },
          {
            "x": 109,
            "y": 458
          },
          {
            "x": 110,
            "y": 458
          },
          {
            "x": 111,
            "y": 459
          },
          {
            "x": 114,
            "y": 459
          },
          {
            "x": 115,
            "y": 460
          },
          {
            "x": 118,
            "y": 460
          },
          {
            "x": 119.0,
            "y": 461
          },
          {
            "x": 121.0,
            "y": 461
          },
          {
            "x": 122,
            "y": 462
          },
          {
            "x": 123.0,
            "y": 462
          },
          {
            "x": 125.0,
            "y": 464
          },
          {
            "x": 128,
            "y": 464
          },
          {
            "x": 129,
            "y": 465.0
          },
          {
            "x": 130,
            "y": 465.0
          },
          {
            "x": 131,
            "y": 466
          },
          {
            "x": 132,
            "y": 466
          },
          {
            "x": 133,
            "y": 467
          },
          {
            "x": 134,
            "y": 467
          },
          {
            "x": 135,
            "y": 468
          },
          {
            "x": 139,
            "y": 468
          },
          {
            "x": 140,
            "y": 469
          },
          {
            "x": 142,
            "y": 469
          },
          {
            "x": 143,
            "y": 470
          },
          {
            "x": 146,
            "y": 470
          },
          {
            "x": 147,
            "y": 471
          },
          {
            "x": 157,
            "y": 471
          },
          {
            "x": 158,
            "y": 472
          },
          {
            "x": 162,
            "y": 472
          },
          {
            "x": 163,
            "y": 473.0
          },
          {
            "x": 176,
            "y": 473.0
          },
          {
            "x": 177,
            "y": 474
          },
          {
            "x": 180,
            "y": 474
          },
          {
            "x": 181,
            "y": 475
          },
          {
            "x": 187.0,
            "y": 475
          },
          {
            "x": 188,
            "y": 476.0
          },
          {
            "x": 192.0,
            "y": 476.0
          },
          {
            "x": 193,
            "y": 477
          },
          {
            "x": 200.0,
            "y": 477
          },
          {
            "x": 201,
            "y": 478
          },
          {
            "x": 205.0,
            "y": 478
          },
          {
            "x": 206,
            "y": 479
          },
          {
            "x": 207.0,
            "y": 479
          },
          {
            "x": 208.0,
            "y": 480
          },
          {
            "x": 209,
            "y": 480
          },
          {
            "x": 210.0,
            "y": 481.0
          },
          {
            "x": 211.0,
            "y": 481.0
          },
          {
            "x": 212,
            "y": 482
          },
          {
            "x": 217,
            "y": 482
          },
          {
            "x": 218.0,
            "y": 483
          },
          {
            "x": 220,
            "y": 483
          },
          {
            "x": 221.0,
            "y": 484.0
          },
          {
            "x": 222,
            "y": 484.0
          },
          {
            "x": 223,
            "y": 485
          },
          {
            "x": 225,
            "y": 485
          },
          {
            "x": 226.0,
            "y": 486
          },
          {
            "x": 229.0,
            "y": 486
          },
          {
            "x": 230,
            "y": 487
          },
          {
            "x": 232.0,
            "y": 487
          },
          {
            "x": 233,
            "y": 488
          },
          {
            "x": 234.0,
            "y": 488
          },
          {
            "x": 235.0,
            "y": 489
          },
          {
            "x": 238.0,
            "y": 489
          },
          {
            "x": 240.0,
            "y": 491
          },
          {
            "x": 242.0,
            "y": 491
          },
          {
            "x": 244,
            "y": 493
          },
          {
            "x": 248.0,
            "y": 493
          },
          {
            "x": 249,
            "y": 494
          },
          {
            "x": 250.0,
            "y": 494
          },
          {
            "x": 251.0,
            "y": 495
          },
          {
            "x": 252,
            "y": 495
          },
          {
            "x": 253.0,
            "y": 496
          },
          {
            "x": 257,
            "y": 496
          },
          {
            "x": 258,
            "y": 497
          },
          {
            "x": 259,
            "y": 497
          },
          {
            "x": 260,
            "y": 498
          },
          {
            "x": 261.0,
            "y": 498
          },
          {
            "x": 262,
            "y": 499
          },
          {
            "x": 264.0,
            "y": 499
          },
          {
            "x": 265,
            "y": 500.0
          },
          {
            "x": 268,
            "y": 500.0
          },
          {
            "x": 269.0,
            "y": 501
          },
          {
            "x": 271,
            "y": 501
          },
          {
            "x": 273,
            "y": 503
          },
          {
            "x": 275,
            "y": 503
          },
          {
            "x": 276,
            "y": 504
          },
          {
            "x": 279,
            "y": 504
          },
          {
            "x": 281,
            "y": 506
          },
          {
            "x": 283.0,
            "y": 506
          },
          {
            "x": 284,
            "y": 507
          },
          {
            "x": 286,
            "y": 507
          },
          {
            "x": 287,
            "y": 508.0
          },
          {
            "x": 288.0,
            "y": 508.0
          },
          {
            "x": 289,
            "y": 509
          },
          {
            "x": 290,
            "y": 509
          },
          {
            "x": 292,
            "y": 511
          },
          {
            "x": 294,
            "y": 511
          },
          {
            "x": 295,
            "y": 512
          },
          {
            "x": 296.0,
            "y": 512
          },
          {
            "x": 297,
            "y": 513
          },
          {
            "x": 298,
            "y": 513
          },
          {
            "x": 299.0,
            "y": 514
          },
          {
            "x": 301.0,
            "y": 514
          },
          {
            "x": 302,
            "y": 515
          },
          {
            "x": 303,
            "y": 515
          },
          {
            "x": 304,
            "y": 516
          },
          {
            "x": 305,
            "y": 516
          },
          {
            "x": 306,
            "y": 517
          },
          {
            "x": 307.0,
            "y": 517
          },
          {
            "x": 308,
            "y": 518
          },
          {
            "x": 311,
            "y": 518
          },
          {
            "x": 312,
            "y": 519
          },
          {
            "x": 313,
            "y": 519
          },
          {
            "x": 314,
            "y": 520
          },
          {
            "x": 315.0,
            "y": 520
          },
          {
            "x": 317,
            "y": 522
          },
          {
            "x": 319,
            "y": 522
          },
          {
            "x": 321,
            "y": 524
          },
          {
            "x": 322,
            "y": 524
          },
          {
            "x": 323.0,
            "y": 525
          },
          {
            "x": 326,
            "y": 525
          },
          {
            "x": 328,
            "y": 527
          },
          {
            "x": 329,
            "y": 527
          },
          {
            "x": 331.0,
            "y": 529
          },
          {
            "x": 333,
            "y": 529
          },
          {
            "x": 334,
            "y": 530
          },
          {
            "x": 335,
            "y": 530
          },
          {
            "x": 336,
            "y": 531
          },
          {
            "x": 337,
            "y": 531
          },
          {
            "x": 338,
            "y": 532
          },
          {
            "x": 342,
            "y": 532
          },
          {
            "x": 343,
            "y": 533
          },
          {
            "x": 344,
            "y": 533
          },
          {
            "x": 345,
            "y": 534
          },
          {
            "x": 346,
            "y": 534
          },
          {
            "x": 347.0,
            "y": 535
          },
          {
            "x": 348,
            "y": 535
          },
          {
            "x": 349,
            "y": 536
          },
          {
            "x": 352,
            "y": 536
          },
          {
            "x": 353,
            "y": 537
          },
          {
            "x": 355.0,
            "y": 537
          },
          {
            "x": 356,
            "y": 538
          },
          {
            "x": 357,
            "y": 538
          },
          {
            "x": 358.0,
            "y": 539
          },
          {
            "x": 359,
            "y": 539
          },
          {
            "x": 360,
            "y": 540
          },
          {
            "x": 364,
            "y": 540
          },
          {
            "x": 366.0,
            "y": 542
          },
          {
            "x": 368,
            "y": 542
          },
          {
            "x": 369,
            "y": 543
          },
          {
            "x": 371,
            "y": 543
          },
          {
            "x": 375,
            "y": 547
          },
          {
            "x": 376,
            "y": 547
          },
          {
            "x": 378,
            "y": 549
          },
          {
            "x": 379,
            "y": 549
          },
          {
            "x": 380,
            "y": 550
          },
          {
            "x": 382.0,
            "y": 550
          },
          {
            "x": 384,
            "y": 552
          },
          {
            "x": 385,
            "y": 552
          },
          {
            "x": 386,
            "y": 553
          },
          {
            "x": 387,
            "y": 553
          },
          {
            "x": 388,
            "y": 554
          },
          {
            "x": 395,
            "y": 554
          },
          {
            "x": 398.0,
            "y": 551
          },
          {
            "x": 397,
            "y": 550
          },
          {
            "x": 397,
            "y": 549
          },
          {
            "x": 396,
            "y": 548
          },
          {
            "x": 395,
            "y": 548
          },
          {
            "x": 394,
            "y": 547
          },
          {
            "x": 394,
            "y": 545
          },
          {
            "x": 393,
            "y": 544
          },
          {
            "x": 392,
            "y": 544
          },
          {
            "x": 390.0,
            "y": 542
          },
          {
            "x": 390.0,
            "y": 537
          },
          {
            "x": 391,
            "y": 536
          },
          {
            "x": 391,
            "y": 535
          },
          {
            "x": 392,
            "y": 534
          },
          {
            "x": 392,
            "y": 533
          },
          {
            "x": 393,
            "y": 532
          },
          {
            "x": 394,
            "y": 532
          },
          {
            "x": 394,
            "y": 530
          },
          {
            "x": 396,
            "y": 528
          },
          {
            "x": 396,
            "y": 527
          },
          {
            "x": 397,
            "y": 526
          },
          {
            "x": 397,
            "y": 525
          },
          {
            "x": 398.0,
            "y": 524
          },
          {
            "x": 398.0,
            "y": 522
          },
          {
            "x": 399,
            "y": 521
          },
          {
            "x": 399,
            "y": 516
          },
          {
            "x": 398.0,
            "y": 515
          },
          {
            "x": 398.0,
            "y": 505
          },
          {
            "x": 399,
            "y": 504
          },
          {
            "x": 399,
            "y": 501
          },
          {
            "x": 400,
            "y": 500.0
          },
          {
            "x": 400,
            "y": 494
          },
          {
            "x": 401,
            "y": 493
          },
          {
            "x": 401,
            "y": 489
          },
          {
            "x": 402,
            "y": 488
          },
          {
            "x": 402,
            "y": 482
          },
          {
            "x": 403,
            "y": 481.0
          },
          {
            "x": 403,
            "y": 479
          },
          {
            "x": 404,
            "y": 478
          },
          {
            "x": 404,
            "y": 471
          },
          {
            "x": 401,
            "y": 468
          },
          {
            "x": 399,
            "y": 468
          },
          {
            "x": 397,
            "y": 466
          },
          {
            "x": 396,
            "y": 466
          },
          {
            "x": 395,
            "y": 465.0
          },
          {
            "x": 392,
            "y": 465.0
          },
          {
            "x": 391,
            "y": 464
          },
          {
            "x": 390.0,
            "y": 464
          },
          {
            "x": 389,
            "y": 463
          },
          {
            "x": 386,
            "y": 463
          },
          {
            "x": 385,
            "y": 462
          },
          {
            "x": 381,
            "y": 462
          },
          {
            "x": 380,
            "y": 461
          },
          {
            "x": 373,
            "y": 461
          },
          {
            "x": 372,
            "y": 460
          },
          {
            "x": 371,
            "y": 460
          },
          {
            "x": 370,
            "y": 459
          },
          {
            "x": 368,
            "y": 459
          },
          {
            "x": 367,
            "y": 458
          },
          {
            "x": 364,
            "y": 458
          },
          {
            "x": 360,
            "y": 454
          },
          {
            "x": 356,
            "y": 454
          },
          {
            "x": 355.0,
            "y": 453
          },
          {
            "x": 354,
            "y": 453
          },
          {
            "x": 353,
            "y": 452
          },
          {
            "x": 351,
            "y": 452
          },
          {
            "x": 350.0,
            "y": 451
          },
          {
            "x": 334,
            "y": 451
          },
          {
            "x": 329,
            "y": 446
          },
          {
            "x": 329,
            "y": 445
          },
          {
            "x": 327,
            "y": 443
          },
          {
            "x": 326,
            "y": 443
          },
          {
            "x": 324,
            "y": 441.0
          },
          {
            "x": 323.0,
            "y": 441.0
          },
          {
            "x": 322,
            "y": 440
          },
          {
            "x": 320,
            "y": 440
          },
          {
            "x": 318,
            "y": 438
          },
          {
            "x": 317,
            "y": 438
          },
          {
            "x": 315.0,
            "y": 436
          },
          {
            "x": 314,
            "y": 436
          },
          {
            "x": 307.0,
            "y": 429
          },
          {
            "x": 304,
            "y": 429
          },
          {
            "x": 303,
            "y": 428
          },
          {
            "x": 302,
            "y": 428
          },
          {
            "x": 300,
            "y": 426
          },
          {
            "x": 299.0,
            "y": 426
          },
          {
            "x": 298,
            "y": 425.0
          },
          {
            "x": 296.0,
            "y": 425.0
          },
          {
            "x": 295,
            "y": 424
          },
          {
            "x": 294,
            "y": 424
          },
          {
            "x": 293.0,
            "y": 423
          },
          {
            "x": 291.0,
            "y": 423
          },
          {
            "x": 290,
            "y": 422.0
          },
          {
            "x": 279,
            "y": 422.0
          },
          {
            "x": 278,
            "y": 421
          },
          {
            "x": 276,
            "y": 421
          },
          {
            "x": 275,
            "y": 420
          },
          {
            "x": 273,
            "y": 420
          },
          {
            "x": 272.0,
            "y": 419
          },
          {
            "x": 270,
            "y": 419
          },
          {
            "x": 269.0,
            "y": 418
          },
          {
            "x": 266,
            "y": 418
          },
          {
            "x": 265,
            "y": 417.0
          },
          {
            "x": 264.0,
            "y": 417.0
          },
          {
            "x": 263,
            "y": 416
          },
          {
            "x": 262,
            "y": 416
          },
          {
            "x": 261.0,
            "y": 415
          },
          {
            "x": 257,
            "y": 415
          },
          {
            "x": 256.0,
            "y": 414.0
          },
          {
            "x": 255,
            "y": 414.0
          },
          {
            "x": 253.0,
            "y": 412
          },
          {
            "x": 252,
            "y": 412
          },
          {
            "x": 251.0,
            "y": 411
          },
          {
            "x": 248.0,
            "y": 411
          },
          {
            "x": 247,
            "y": 410
          },
          {
            "x": 244,
            "y": 410
          },
          {
            "x": 243.0,
            "y": 409.0
          },
          {
            "x": 239,
            "y": 409.0
          },
          {
            "x": 238.0,
            "y": 408
          },
          {
            "x": 237.0,
            "y": 408
          },
          {
            "x": 236,
            "y": 407
          },
          {
            "x": 232.0,
            "y": 407
          },
          {
            "x": 231,
            "y": 406.0
          },
          {
            "x": 230,
            "y": 406.0
          },
          {
            "x": 229.0,
            "y": 405
          },
          {
            "x": 227.0,
            "y": 405
          },
          {
            "x": 226.0,
            "y": 404
          },
          {
            "x": 223,
            "y": 404
          },
          {
            "x": 222,
            "y": 403
          },
          {
            "x": 220,
            "y": 403
          },
          {
            "x": 219.0,
            "y": 402
          },
          {
            "x": 218.0,
            "y": 402
          },
          {
            "x": 217,
            "y": 401
          },
          {
            "x": 216.0,
            "y": 401
          },
          {
            "x": 215,
            "y": 400
          },
          {
            "x": 211.0,
            "y": 400
          },
          {
            "x": 210.0,
            "y": 399
          },
          {
            "x": 208.0,
            "y": 399
          },
          {
            "x": 206,
            "y": 397
          },
          {
            "x": 198,
            "y": 397
          },
          {
            "x": 197.0,
            "y": 396
          },
          {
            "x": 191.0,
            "y": 396
          },
          {
            "x": 190,
            "y": 395
          },
          {
            "x": 188,
            "y": 395
          },
          {
            "x": 187.0,
            "y": 394
          },
          {
            "x": 185,
            "y": 394
          },
          {
            "x": 184,
            "y": 393
          },
          {
            "x": 179.0,
            "y": 393
          },
          {
            "x": 178,
            "y": 392
          },
          {
            "x": 176,
            "y": 392
          },
          {
            "x": 175.0,
            "y": 391
          },
          {
            "x": 174,
            "y": 391
          },
          {
            "x": 173,
            "y": 390.0
          },
          {
            "x": 170,
            "y": 390.0
          },
          {
            "x": 169,
            "y": 389
          },
          {
            "x": 157,
            "y": 389
          },
          {
            "x": 156,
            "y": 388
          },
          {
            "x": 153,
            "y": 388
          },
          {
            "x": 152,
            "y": 387
          },
          {
            "x": 146,
            "y": 387
          },
          {
            "x": 145,
            "y": 388
          },
          {
            "x": 138,
            "y": 388
          },
          {
            "x": 137,
            "y": 389
          },
          {
            "x": 132,
            "y": 389
          },
          {
            "x": 131,
            "y": 390.0
          },
          {
            "x": 129,
            "y": 390.0
          },
          {
            "x": 128,
            "y": 391
          },
          {
            "x": 125.0,
            "y": 391
          },
          {
            "x": 124,
            "y": 392
          },
          {
            "x": 123.0,
            "y": 392
          },
          {
            "x": 122,
            "y": 391
          },
          {
            "x": 120,
            "y": 391
          },
          {
            "x": 118,
            "y": 389
          },
          {
            "x": 115,
            "y": 389
          },
          {
            "x": 114,
            "y": 390.0
          },
          {
            "x": 113,
            "y": 390.0
          },
          {
            "x": 112,
            "y": 391
          },
          {
            "x": 111,
            "y": 391
          },
          {
            "x": 110,
            "y": 392
          },
          {
            "x": 109,
            "y": 392
          },
          {
            "x": 108,
            "y": 393
          },
          {
            "x": 107,
            "y": 393
          },
          {
            "x": 104,
            "y": 396
          },
          {
            "x": 104,
            "y": 397
          },
          {
            "x": 103,
            "y": 398.0
          },
          {
            "x": 103,
            "y": 399
          },
          {
            "x": 101,
            "y": 401
          },
          {
            "x": 101,
            "y": 402
          },
          {
            "x": 100,
            "y": 403
          },
          {
            "x": 100,
            "y": 404
          },
          {
            "x": 99,
            "y": 405
          },
          {
            "x": 99,
            "y": 406.0
          },
          {
            "x": 97,
            "y": 408
          },
          {
            "x": 97,
            "y": 410
          },
          {
            "x": 95,
            "y": 412
          },
          {
            "x": 95,
            "y": 413
          },
          {
            "x": 93,
            "y": 415
          },
          {
            "x": 93,
            "y": 418
          },
          {
            "x": 92,
            "y": 419
          },
          {
            "x": 92,
            "y": 420
          },
          {
            "x": 90,
            "y": 422.0
          },
          {
            "x": 89,
            "y": 422.0
          },
          {
            "x": 86,
            "y": 425.0
          },
          {
            "x": 85,
            "y": 425.0
          },
          {
            "x": 81,
            "y": 429
          },
          {
            "x": 81,
            "y": 430
          },
          {
            "x": 80,
            "y": 431
          },
          {
            "x": 80,
            "y": 432
          },
          {
            "x": 79,
            "y": 433.0
          },
          {
            "x": 79,
            "y": 434
          },
          {
            "x": 77,
            "y": 436
          },
          {
            "x": 77,
            "y": 437
          }
        ]
      }
    },
    {
      "name": "Blouse Polygon ",
      "polygon": {
        "path": [
          {
            "x": 324.0,
            "y": 213
          },
          {
            "x": 322,
            "y": 213
          },
          {
            "x": 321,
            "y": 214
          },
          {
            "x": 321,
            "y": 216
          },
          {
            "x": 323.0,
            "y": 218
          },
          {
            "x": 323.0,
            "y": 227
          },
          {
            "x": 322,
            "y": 228
          },
          {
            "x": 322,
            "y": 232
          },
          {
            "x": 321,
            "y": 233
          },
          {
            "x": 321,
            "y": 236
          },
          {
            "x": 320.0,
            "y": 237
          },
          {
            "x": 320.0,
            "y": 238
          },
          {
            "x": 319,
            "y": 239
          },
          {
            "x": 319,
            "y": 240.0
          },
          {
            "x": 318,
            "y": 241
          },
          {
            "x": 318,
            "y": 242
          },
          {
            "x": 316.0,
            "y": 244
          },
          {
            "x": 310.0,
            "y": 244
          },
          {
            "x": 309,
            "y": 243
          },
          {
            "x": 306.0,
            "y": 243
          },
          {
            "x": 305,
            "y": 242
          },
          {
            "x": 304.0,
            "y": 242
          },
          {
            "x": 303.0,
            "y": 241
          },
          {
            "x": 302,
            "y": 241
          },
          {
            "x": 300.0,
            "y": 239
          },
          {
            "x": 299,
            "y": 239
          },
          {
            "x": 295,
            "y": 235
          },
          {
            "x": 294.0,
            "y": 235
          },
          {
            "x": 293.0,
            "y": 234
          },
          {
            "x": 292,
            "y": 234
          },
          {
            "x": 291.0,
            "y": 233
          },
          {
            "x": 291.0,
            "y": 232
          },
          {
            "x": 290.0,
            "y": 232
          },
          {
            "x": 287.0,
            "y": 229
          },
          {
            "x": 287.0,
            "y": 228
          },
          {
            "x": 283,
            "y": 224
          },
          {
            "x": 283,
            "y": 223
          },
          {
            "x": 281,
            "y": 221
          },
          {
            "x": 281,
            "y": 220
          },
          {
            "x": 280,
            "y": 219
          },
          {
            "x": 280,
            "y": 218
          },
          {
            "x": 279.0,
            "y": 217.0
          },
          {
            "x": 279.0,
            "y": 216
          },
          {
            "x": 278,
            "y": 215
          },
          {
            "x": 278,
            "y": 214
          },
          {
            "x": 276.0,
            "y": 212
          },
          {
            "x": 276.0,
            "y": 211
          },
          {
            "x": 275,
            "y": 210
          },
          {
            "x": 275,
            "y": 209
          },
          {
            "x": 274.0,
            "y": 208.0
          },
          {
            "x": 274.0,
            "y": 207
          },
          {
            "x": 273,
            "y": 206
          },
          {
            "x": 273,
            "y": 203
          },
          {
            "x": 272,
            "y": 202
          },
          {
            "x": 270,
            "y": 202
          },
          {
            "x": 269,
            "y": 201
          },
          {
            "x": 267,
            "y": 201
          },
          {
            "x": 266.0,
            "y": 200
          },
          {
            "x": 263,
            "y": 200
          },
          {
            "x": 262,
            "y": 199.0
          },
          {
            "x": 259,
            "y": 199.0
          },
          {
            "x": 258,
            "y": 200
          },
          {
            "x": 256.0,
            "y": 200
          },
          {
            "x": 255,
            "y": 201
          },
          {
            "x": 250,
            "y": 201
          },
          {
            "x": 249.0,
            "y": 202
          },
          {
            "x": 245,
            "y": 202
          },
          {
            "x": 244,
            "y": 203
          },
          {
            "x": 241,
            "y": 203
          },
          {
            "x": 240.0,
            "y": 204
          },
          {
            "x": 239,
            "y": 204
          },
          {
            "x": 238,
            "y": 205
          },
          {
            "x": 236,
            "y": 205
          },
          {
            "x": 235,
            "y": 206
          },
          {
            "x": 234,
            "y": 206
          },
          {
            "x": 232,
            "y": 208.0
          },
          {
            "x": 231.0,
            "y": 208.0
          },
          {
            "x": 231.0,
            "y": 209
          },
          {
            "x": 230,
            "y": 210
          },
          {
            "x": 229,
            "y": 210
          },
          {
            "x": 227,
            "y": 212
          },
          {
            "x": 227,
            "y": 213
          },
          {
            "x": 224,
            "y": 216
          },
          {
            "x": 224,
            "y": 217.0
          },
          {
            "x": 223,
            "y": 218
          },
          {
            "x": 223,
            "y": 219
          },
          {
            "x": 222,
            "y": 220
          },
          {
            "x": 222,
            "y": 221
          },
          {
            "x": 221,
            "y": 222
          },
          {
            "x": 221,
            "y": 223
          },
          {
            "x": 220,
            "y": 224
          },
          {
            "x": 220,
            "y": 225
          },
          {
            "x": 219,
            "y": 226
          },
          {
            "x": 219,
            "y": 229
          },
          {
            "x": 218,
            "y": 230
          },
          {
            "x": 218,
            "y": 234
          },
          {
            "x": 217.0,
            "y": 235
          },
          {
            "x": 217.0,
            "y": 248
          },
          {
            "x": 216,
            "y": 249.0
          },
          {
            "x": 216,
            "y": 254
          },
          {
            "x": 215,
            "y": 255
          },
          {
            "x": 215,
            "y": 261
          },
          {
            "x": 214,
            "y": 262
          },
          {
            "x": 214,
            "y": 270
          },
          {
            "x": 213,
            "y": 271
          },
          {
            "x": 213,
            "y": 272
          },
          {
            "x": 212,
            "y": 273
          },
          {
            "x": 212,
            "y": 274
          },
          {
            "x": 211,
            "y": 275
          },
          {
            "x": 211,
            "y": 276
          },
          {
            "x": 210,
            "y": 277
          },
          {
            "x": 210,
            "y": 279
          },
          {
            "x": 209,
            "y": 280
          },
          {
            "x": 209,
            "y": 281
          },
          {
            "x": 206,
            "y": 284
          },
          {
            "x": 206,
            "y": 285
          },
          {
            "x": 204,
            "y": 287
          },
          {
            "x": 204,
            "y": 288.0
          },
          {
            "x": 203,
            "y": 289
          },
          {
            "x": 203,
            "y": 290
          },
          {
            "x": 202,
            "y": 291
          },
          {
            "x": 202,
            "y": 309
          },
          {
            "x": 203,
            "y": 310
          },
          {
            "x": 203,
            "y": 311.0
          },
          {
            "x": 204,
            "y": 312
          },
          {
            "x": 204,
            "y": 315
          },
          {
            "x": 203,
            "y": 316
          },
          {
            "x": 203,
            "y": 318
          },
          {
            "x": 202,
            "y": 319
          },
          {
            "x": 202,
            "y": 327
          },
          {
            "x": 201,
            "y": 328
          },
          {
            "x": 201,
            "y": 329.0
          },
          {
            "x": 198,
            "y": 332
          },
          {
            "x": 198,
            "y": 333
          },
          {
            "x": 194,
            "y": 337
          },
          {
            "x": 194,
            "y": 338
          },
          {
            "x": 191,
            "y": 341
          },
          {
            "x": 190,
            "y": 341
          },
          {
            "x": 190,
            "y": 342
          },
          {
            "x": 189,
            "y": 343
          },
          {
            "x": 189,
            "y": 345
          },
          {
            "x": 192,
            "y": 348
          },
          {
            "x": 193,
            "y": 348
          },
          {
            "x": 194,
            "y": 349
          },
          {
            "x": 194,
            "y": 350
          },
          {
            "x": 195,
            "y": 351
          },
          {
            "x": 196,
            "y": 351
          },
          {
            "x": 202,
            "y": 357.0
          },
          {
            "x": 203,
            "y": 357.0
          },
          {
            "x": 206,
            "y": 360
          },
          {
            "x": 207,
            "y": 360
          },
          {
            "x": 208.0,
            "y": 361
          },
          {
            "x": 209,
            "y": 361
          },
          {
            "x": 210,
            "y": 362
          },
          {
            "x": 226,
            "y": 362
          },
          {
            "x": 227,
            "y": 361
          },
          {
            "x": 238,
            "y": 361
          },
          {
            "x": 239,
            "y": 362
          },
          {
            "x": 239,
            "y": 363
          },
          {
            "x": 240.0,
            "y": 364
          },
          {
            "x": 240.0,
            "y": 371
          },
          {
            "x": 241,
            "y": 372
          },
          {
            "x": 241,
            "y": 373
          },
          {
            "x": 242,
            "y": 373
          },
          {
            "x": 243,
            "y": 374
          },
          {
            "x": 244,
            "y": 374
          },
          {
            "x": 247,
            "y": 377
          },
          {
            "x": 248,
            "y": 377
          },
          {
            "x": 249.0,
            "y": 378
          },
          {
            "x": 252,
            "y": 378
          },
          {
            "x": 254.0,
            "y": 380
          },
          {
            "x": 254.0,
            "y": 382
          },
          {
            "x": 253.0,
            "y": 383
          },
          {
            "x": 253.0,
            "y": 384
          },
          {
            "x": 251.0,
            "y": 386.0
          },
          {
            "x": 251.0,
            "y": 387
          },
          {
            "x": 250,
            "y": 388
          },
          {
            "x": 250,
            "y": 394
          },
          {
            "x": 246,
            "y": 398.0
          },
          {
            "x": 240.0,
            "y": 398.0
          },
          {
            "x": 239,
            "y": 399.0
          },
          {
            "x": 239,
            "y": 402.0
          },
          {
            "x": 241,
            "y": 404
          },
          {
            "x": 242,
            "y": 404
          },
          {
            "x": 244,
            "y": 406.0
          },
          {
            "x": 246,
            "y": 406.0
          },
          {
            "x": 247,
            "y": 407
          },
          {
            "x": 248,
            "y": 406.0
          },
          {
            "x": 249.0,
            "y": 406.0
          },
          {
            "x": 250,
            "y": 405.0
          },
          {
            "x": 250,
            "y": 404
          },
          {
            "x": 252,
            "y": 402.0
          },
          {
            "x": 253.0,
            "y": 402.0
          },
          {
            "x": 257,
            "y": 398.0
          },
          {
            "x": 258,
            "y": 398.0
          },
          {
            "x": 267,
            "y": 389.0
          },
          {
            "x": 267,
            "y": 388
          },
          {
            "x": 279.0,
            "y": 376
          },
          {
            "x": 279.0,
            "y": 375.0
          },
          {
            "x": 281,
            "y": 373
          },
          {
            "x": 282,
            "y": 373
          },
          {
            "x": 283,
            "y": 372
          },
          {
            "x": 283,
            "y": 371
          },
          {
            "x": 285,
            "y": 369
          },
          {
            "x": 286,
            "y": 369
          },
          {
            "x": 288.0,
            "y": 367
          },
          {
            "x": 289,
            "y": 367
          },
          {
            "x": 291.0,
            "y": 365
          },
          {
            "x": 293.0,
            "y": 365
          },
          {
            "x": 295,
            "y": 363
          },
          {
            "x": 296,
            "y": 363
          },
          {
            "x": 294.0,
            "y": 363
          },
          {
            "x": 293.0,
            "y": 362
          },
          {
            "x": 287.0,
            "y": 362
          },
          {
            "x": 286,
            "y": 361
          },
          {
            "x": 284,
            "y": 361
          },
          {
            "x": 283,
            "y": 360
          },
          {
            "x": 282,
            "y": 360
          },
          {
            "x": 281,
            "y": 359
          },
          {
            "x": 278,
            "y": 359
          },
          {
            "x": 277.0,
            "y": 358
          },
          {
            "x": 275,
            "y": 358
          },
          {
            "x": 274.0,
            "y": 357.0
          },
          {
            "x": 272,
            "y": 357.0
          },
          {
            "x": 271,
            "y": 356
          },
          {
            "x": 270,
            "y": 356
          },
          {
            "x": 269,
            "y": 355
          },
          {
            "x": 268,
            "y": 355
          },
          {
            "x": 267,
            "y": 354
          },
          {
            "x": 266.0,
            "y": 354
          },
          {
            "x": 265,
            "y": 353
          },
          {
            "x": 263,
            "y": 353
          },
          {
            "x": 262,
            "y": 352.0
          },
          {
            "x": 261.0,
            "y": 352.0
          },
          {
            "x": 259,
            "y": 350
          },
          {
            "x": 258,
            "y": 350
          },
          {
            "x": 257,
            "y": 349
          },
          {
            "x": 255,
            "y": 349
          },
          {
            "x": 254.0,
            "y": 348
          },
          {
            "x": 253.0,
            "y": 348
          },
          {
            "x": 252,
            "y": 347.0
          },
          {
            "x": 251.0,
            "y": 347.0
          },
          {
            "x": 250,
            "y": 346
          },
          {
            "x": 249.0,
            "y": 346
          },
          {
            "x": 248,
            "y": 345
          },
          {
            "x": 246,
            "y": 345
          },
          {
            "x": 245,
            "y": 344
          },
          {
            "x": 243,
            "y": 344
          },
          {
            "x": 241,
            "y": 342
          },
          {
            "x": 240.0,
            "y": 342
          },
          {
            "x": 236,
            "y": 338
          },
          {
            "x": 236,
            "y": 337
          },
          {
            "x": 235,
            "y": 336
          },
          {
            "x": 237,
            "y": 334.0
          },
          {
            "x": 238,
            "y": 334.0
          },
          {
            "x": 239,
            "y": 333
          },
          {
            "x": 245,
            "y": 333
          },
          {
            "x": 246,
            "y": 332
          },
          {
            "x": 250,
            "y": 332
          },
          {
            "x": 252,
            "y": 330
          },
          {
            "x": 254.0,
            "y": 330
          },
          {
            "x": 256.0,
            "y": 328
          },
          {
            "x": 259,
            "y": 328
          },
          {
            "x": 261.0,
            "y": 326
          },
          {
            "x": 262,
            "y": 326
          },
          {
            "x": 264.0,
            "y": 324
          },
          {
            "x": 266.0,
            "y": 324
          },
          {
            "x": 267,
            "y": 323
          },
          {
            "x": 268,
            "y": 324
          },
          {
            "x": 271,
            "y": 324
          },
          {
            "x": 272,
            "y": 325
          },
          {
            "x": 274.0,
            "y": 325
          },
          {
            "x": 275,
            "y": 326
          },
          {
            "x": 276.0,
            "y": 326
          },
          {
            "x": 277.0,
            "y": 327
          },
          {
            "x": 279.0,
            "y": 327
          },
          {
            "x": 280,
            "y": 328
          },
          {
            "x": 281,
            "y": 328
          },
          {
            "x": 282,
            "y": 329.0
          },
          {
            "x": 283,
            "y": 329.0
          },
          {
            "x": 284,
            "y": 330
          },
          {
            "x": 285,
            "y": 330
          },
          {
            "x": 286,
            "y": 331
          },
          {
            "x": 287.0,
            "y": 331
          },
          {
            "x": 288.0,
            "y": 332
          },
          {
            "x": 290.0,
            "y": 332
          },
          {
            "x": 291.0,
            "y": 333
          },
          {
            "x": 292,
            "y": 333
          },
          {
            "x": 293.0,
            "y": 334.0
          },
          {
            "x": 294.0,
            "y": 334.0
          },
          {
            "x": 295,
            "y": 335
          },
          {
            "x": 296,
            "y": 335
          },
          {
            "x": 297.0,
            "y": 336
          },
          {
            "x": 299,
            "y": 336
          },
          {
            "x": 301.0,
            "y": 338
          },
          {
            "x": 302,
            "y": 338
          },
          {
            "x": 303.0,
            "y": 339
          },
          {
            "x": 305,
            "y": 339
          },
          {
            "x": 306.0,
            "y": 340
          },
          {
            "x": 308,
            "y": 340
          },
          {
            "x": 309,
            "y": 341
          },
          {
            "x": 310.0,
            "y": 341
          },
          {
            "x": 311.0,
            "y": 342
          },
          {
            "x": 312,
            "y": 342
          },
          {
            "x": 313.0,
            "y": 343
          },
          {
            "x": 315,
            "y": 343
          },
          {
            "x": 316.0,
            "y": 344
          },
          {
            "x": 320.0,
            "y": 344
          },
          {
            "x": 321,
            "y": 345
          },
          {
            "x": 323.0,
            "y": 345
          },
          {
            "x": 324.0,
            "y": 346
          },
          {
            "x": 326.0,
            "y": 346
          },
          {
            "x": 327.0,
            "y": 347.0
          },
          {
            "x": 328,
            "y": 347.0
          },
          {
            "x": 329.0,
            "y": 348
          },
          {
            "x": 333.0,
            "y": 348
          },
          {
            "x": 334.0,
            "y": 349
          },
          {
            "x": 336.0,
            "y": 349
          },
          {
            "x": 337.0,
            "y": 348
          },
          {
            "x": 338,
            "y": 348
          },
          {
            "x": 338,
            "y": 345
          },
          {
            "x": 339.0,
            "y": 344
          },
          {
            "x": 339.0,
            "y": 334.0
          },
          {
            "x": 340.0,
            "y": 333
          },
          {
            "x": 340.0,
            "y": 323
          },
          {
            "x": 341,
            "y": 322
          },
          {
            "x": 341,
            "y": 317
          },
          {
            "x": 342,
            "y": 316
          },
          {
            "x": 342,
            "y": 313
          },
          {
            "x": 343.0,
            "y": 312
          },
          {
            "x": 343.0,
            "y": 310
          },
          {
            "x": 344,
            "y": 309
          },
          {
            "x": 344,
            "y": 307
          },
          {
            "x": 345,
            "y": 306.0
          },
          {
            "x": 345,
            "y": 303
          },
          {
            "x": 346.0,
            "y": 302
          },
          {
            "x": 346.0,
            "y": 299
          },
          {
            "x": 347.0,
            "y": 298
          },
          {
            "x": 347.0,
            "y": 296
          },
          {
            "x": 348,
            "y": 295
          },
          {
            "x": 348,
            "y": 292
          },
          {
            "x": 349.0,
            "y": 291
          },
          {
            "x": 349.0,
            "y": 288.0
          },
          {
            "x": 350.0,
            "y": 287
          },
          {
            "x": 350.0,
            "y": 284
          },
          {
            "x": 351,
            "y": 283
          },
          {
            "x": 351,
            "y": 281
          },
          {
            "x": 352.0,
            "y": 280
          },
          {
            "x": 352.0,
            "y": 278
          },
          {
            "x": 353.0,
            "y": 277
          },
          {
            "x": 353.0,
            "y": 274
          },
          {
            "x": 354,
            "y": 273
          },
          {
            "x": 354,
            "y": 271
          },
          {
            "x": 355,
            "y": 270
          },
          {
            "x": 355,
            "y": 269
          },
          {
            "x": 356.0,
            "y": 268
          },
          {
            "x": 356.0,
            "y": 264
          },
          {
            "x": 357.0,
            "y": 263
          },
          {
            "x": 357.0,
            "y": 249.0
          },
          {
            "x": 358,
            "y": 248
          },
          {
            "x": 358,
            "y": 242
          },
          {
            "x": 357.0,
            "y": 241
          },
          {
            "x": 357.0,
            "y": 237
          },
          {
            "x": 356.0,
            "y": 236
          },
          {
            "x": 356.0,
            "y": 234
          },
          {
            "x": 355,
            "y": 233
          },
          {
            "x": 355,
            "y": 232
          },
          {
            "x": 354,
            "y": 232
          },
          {
            "x": 353.0,
            "y": 231.0
          },
          {
            "x": 352.0,
            "y": 231.0
          },
          {
            "x": 351,
            "y": 230
          },
          {
            "x": 349.0,
            "y": 230
          },
          {
            "x": 348,
            "y": 229
          },
          {
            "x": 347.0,
            "y": 229
          },
          {
            "x": 344,
            "y": 226
          },
          {
            "x": 343.0,
            "y": 226
          },
          {
            "x": 340.0,
            "y": 223
          },
          {
            "x": 339.0,
            "y": 223
          },
          {
            "x": 338,
            "y": 222
          },
          {
            "x": 337.0,
            "y": 222
          },
          {
            "x": 335,
            "y": 220
          },
          {
            "x": 334.0,
            "y": 220
          },
          {
            "x": 332,
            "y": 218
          },
          {
            "x": 331,
            "y": 218
          },
          {
            "x": 328,
            "y": 215
          },
          {
            "x": 327.0,
            "y": 215
          },
          {
            "x": 326.0,
            "y": 214
          },
          {
            "x": 325,
            "y": 214
          }
        ]
      }
    }
  ]
}