{
  "image": {
    "width": 266,
    "height": 400,
    "filename": "00000068.jpg",
    "original_filename": "000308.jpg",
    "url": "https://darwin.v7labs.com/api/images/1212210/original?token=16d6037d-33e8-4c8d-8cb7-761abbebab61",
    "thumbnail_url": "https://darwin.v7labs.com/api/images/1212210/thumbnail?token=16d6037d-33e8-4c8d-8cb7-761abbebab61",
    "workview_url": "https://darwin.v7labs.com/workview?dataset=1176&image=68"
  },
  "dataset": "Fashion_2",
  "annotated": true,
  "annotations": [
    {
      "name": "Dress Polygon ",
      "polygon": {
        "path": [
          {
            "x": 104,
            "y": 130
          },
          {
            "x": 100,
            "y": 134
          },
          {
            "x": 100,
            "y": 135
          },
          {
            "x": 99.0,
            "y": 136
          },
          {
            "x": 99.0,
            "y": 137
          },
          {
            "x": 98.0,
            "y": 138
          },
          {
            "x": 98.0,
            "y": 139
          },
          {
            "x": 97.0,
            "y": 140
          },
          {
            "x": 97.0,
            "y": 141
          },
          {
            "x": 96.0,
            "y": 142
          },
          {
            "x": 96.0,
            "y": 144
          },
          {
            "x": 95.0,
            "y": 145
          },
          {
            "x": 95.0,
            "y": 148
          },
          {
            "x": 94.0,
            "y": 149
          },
          {
            "x": 94.0,
            "y": 154
          },
          {
            "x": 93.0,
            "y": 155
          },
          {
            "x": 93.0,
            "y": 160.0
          },
          {
            "x": 92,
            "y": 161
          },
          {
            "x": 92,
            "y": 162
          },
          {
            "x": 90,
            "y": 164
          },
          {
            "x": 90,
            "y": 167
          },
          {
            "x": 89,
            "y": 168
          },
          {
            "x": 89,
            "y": 169
          },
          {
            "x": 88,
            "y": 170
          },
          {
            "x": 88,
            "y": 177
          },
          {
            "x": 90,
            "y": 179
          },
          {
            "x": 90,
            "y": 180
          },
          {
            "x": 92,
            "y": 180
          },
          {
            "x": 93.0,
            "y": 179
          },
          {
            "x": 94.0,
            "y": 179
          },
          {
            "x": 95.0,
            "y": 178
          },
          {
            "x": 99.0,
            "y": 178
          },
          {
            "x": 100,
            "y": 177
          },
          {
            "x": 101,
            "y": 178
          },
          {
            "x": 102,
            "y": 178
          },
          {
            "x": 103,
            "y": 179
          },
          {
            "x": 103,
            "y": 180
          },
          {
            "x": 106.0,
            "y": 183
          },
          {
            "x": 106.0,
            "y": 184
          },
          {
            "x": 107.0,
            "y": 185
          },
          {
            "x": 107.0,
            "y": 186.0
          },
          {
            "x": 108.0,
            "y": 187
          },
          {
            "x": 108.0,
            "y": 188
          },
          {
            "x": 110.0,
            "y": 190
          },
          {
            "x": 110.0,
            "y": 191
          },
          {
            "x": 111.0,
            "y": 192
          },
          {
            "x": 111.0,
            "y": 193
          },
          {
            "x": 113,
            "y": 195
          },
          {
            "x": 113,
            "y": 196
          },
          {
            "x": 115,
            "y": 198.0
          },
          {
            "x": 115,
            "y": 199
          },
          {
            "x": 116,
            "y": 200
          },
          {
            "x": 116,
            "y": 201
          },
          {
            "x": 118,
            "y": 203
          },
          {
            "x": 118,
            "y": 204
          },
          {
            "x": 121.0,
            "y": 207
          },
          {
            "x": 121.0,
            "y": 208
          },
          {
            "x": 122.0,
            "y": 208
          },
          {
            "x": 123.0,
            "y": 209
          },
          {
            "x": 123.0,
            "y": 210
          },
          {
            "x": 125.0,
            "y": 212
          },
          {
            "x": 125.0,
            "y": 213
          },
          {
            "x": 126,
            "y": 213
          },
          {
            "x": 133,
            "y": 220
          },
          {
            "x": 133,
            "y": 221
          },
          {
            "x": 136.0,
            "y": 224.0
          },
          {
            "x": 136.0,
            "y": 225
          },
          {
            "x": 138,
            "y": 227
          },
          {
            "x": 138,
            "y": 233
          },
          {
            "x": 137.0,
            "y": 234
          },
          {
            "x": 137.0,
            "y": 237.0
          },
          {
            "x": 136.0,
            "y": 238
          },
          {
            "x": 136.0,
            "y": 242
          },
          {
            "x": 135.0,
            "y": 243
          },
          {
            "x": 136.0,
            "y": 244
          },
          {
            "x": 136.0,
            "y": 245
          },
          {
            "x": 144,
            "y": 245
          },
          {
            "x": 145,
            "y": 246
          },
          {
            "x": 149,
            "y": 246
          },
          {
            "x": 150,
            "y": 245
          },
          {
            "x": 160.0,
            "y": 245
          },
          {
            "x": 161.0,
            "y": 244
          },
          {
            "x": 165.0,
            "y": 244
          },
          {
            "x": 167.0,
            "y": 242
          },
          {
            "x": 167.0,
            "y": 239
          },
          {
            "x": 168.0,
            "y": 238
          },
          {
            "x": 168.0,
            "y": 232
          },
          {
            "x": 167.0,
            "y": 231
          },
          {
            "x": 167.0,
            "y": 227
          },
          {
            "x": 166.0,
            "y": 226
          },
          {
            "x": 166.0,
            "y": 223
          },
          {
            "x": 165.0,
            "y": 222
          },
          {
            "x": 165.0,
            "y": 221
          },
          {
            "x": 164.0,
            "y": 220
          },
          {
            "x": 164.0,
            "y": 219
          },
          {
            "x": 163.0,
            "y": 218
          },
          {
            "x": 163.0,
            "y": 217
          },
          {
            "x": 166.0,
            "y": 214
          },
          {
            "x": 168.0,
            "y": 214
          },
          {
            "x": 168.0,
            "y": 209
          },
          {
            "x": 167.0,
            "y": 208
          },
          {
            "x": 167.0,
            "y": 207
          },
          {
            "x": 166.0,
            "y": 206
          },
          {
            "x": 166.0,
            "y": 204
          },
          {
            "x": 165.0,
            "y": 203
          },
          {
            "x": 165.0,
            "y": 202
          },
          {
            "x": 164.0,
            "y": 201
          },
          {
            "x": 164.0,
            "y": 199
          },
          {
            "x": 163.0,
            "y": 198.0
          },
          {
            "x": 163.0,
            "y": 196
          },
          {
            "x": 162.0,
            "y": 195
          },
          {
            "x": 162.0,
            "y": 193
          },
          {
            "x": 161.0,
            "y": 192
          },
          {
            "x": 161.0,
            "y": 188
          },
          {
            "x": 160.0,
            "y": 187
          },
          {
            "x": 160.0,
            "y": 186.0
          },
          {
            "x": 159,
            "y": 185
          },
          {
            "x": 159,
            "y": 178
          },
          {
            "x": 161.0,
            "y": 176
          },
          {
            "x": 165.0,
            "y": 176
          },
          {
            "x": 166.0,
            "y": 177
          },
          {
            "x": 168.0,
            "y": 177
          },
          {
            "x": 168.0,
            "y": 172
          },
          {
            "x": 167.0,
            "y": 171
          },
          {
            "x": 167.0,
            "y": 167
          },
          {
            "x": 168.0,
            "y": 166
          },
          {
            "x": 168.0,
            "y": 156
          },
          {
            "x": 166.0,
            "y": 154
          },
          {
            "x": 166.0,
            "y": 143
          },
          {
            "x": 165.0,
            "y": 142
          },
          {
            "x": 165.0,
            "y": 141
          },
          {
            "x": 164.0,
            "y": 141
          },
          {
            "x": 163.0,
            "y": 140
          },
          {
            "x": 162.0,
            "y": 140
          },
          {
            "x": 161.0,
            "y": 139
          },
          {
            "x": 160.0,
            "y": 139
          },
          {
            "x": 159,
            "y": 138
          },
          {
            "x": 158,
            "y": 138
          },
          {
            "x": 157,
            "y": 137
          },
          {
            "x": 156,
            "y": 137
          },
          {
            "x": 155,
            "y": 138
          },
          {
            "x": 155,
            "y": 139
          },
          {
            "x": 154,
            "y": 140
          },
          {
            "x": 154,
            "y": 143
          },
          {
            "x": 153.81,
            "y": 143.75
          },
          {
            "x": 151.97,
            "y": 145.16
          },
          {
            "x": 149,
            "y": 145
          },
          {
            "x": 149,
            "y": 144
          },
          {
            "x": 147.0,
            "y": 142
          },
          {
            "x": 147.0,
            "y": 141
          },
          {
            "x": 146,
            "y": 140
          },
          {
            "x": 146,
            "y": 139
          },
          {
            "x": 144,
            "y": 137
          },
          {
            "x": 144.0,
            "y": 134.88
          },
          {
            "x": 133.12,
            "y": 134.88
          },
          {
            "x": 131,
            "y": 135
          },
          {
            "x": 128,
            "y": 135
          },
          {
            "x": 126,
            "y": 137
          },
          {
            "x": 126,
            "y": 138
          },
          {
            "x": 125.0,
            "y": 139
          },
          {
            "x": 122.0,
            "y": 139
          },
          {
            "x": 121.0,
            "y": 138
          },
          {
            "x": 119.0,
            "y": 138
          },
          {
            "x": 117,
            "y": 136
          },
          {
            "x": 117,
            "y": 133
          },
          {
            "x": 116,
            "y": 132
          },
          {
            "x": 116,
            "y": 131
          },
          {
            "x": 114,
            "y": 129
          },
          {
            "x": 107.0,
            "y": 129
          },
          {
            "x": 106.0,
            "y": 130
          }
        ]
      }
    }
  ]
}