{
  "image": {
    "width": 266,
    "height": 400,
    "filename": "00000761.jpg",
    "original_filename": "000161.jpg",
    "url": "https://darwin.v7labs.com/api/images/1212072/original?token=5cea58b9-0f48-4f62-9905-01f97ea9945c",
    "thumbnail_url": "https://darwin.v7labs.com/api/images/1212072/thumbnail?token=5cea58b9-0f48-4f62-9905-01f97ea9945c",
    "workview_url": "https://darwin.v7labs.com/workview?dataset=1161&image=761"
  },
  "dataset": "Fashion retail",
  "annotated": true,
  "annotations": [
    {
      "name": "Dress Polygon ",
      "polygon": {
        "path": [
          {
            "x": 182.0,
            "y": 102
          },
          {
            "x": 181.0,
            "y": 103
          },
          {
            "x": 181.0,
            "y": 104
          },
          {
            "x": 179,
            "y": 106
          },
          {
            "x": 179,
            "y": 109
          },
          {
            "x": 178.0,
            "y": 110
          },
          {
            "x": 178.0,
            "y": 117
          },
          {
            "x": 177.0,
            "y": 118
          },
          {
            "x": 177.0,
            "y": 124
          },
          {
            "x": 178.0,
            "y": 125
          },
          {
            "x": 178.0,
            "y": 126
          },
          {
            "x": 179,
            "y": 127
          },
          {
            "x": 179,
            "y": 128
          },
          {
            "x": 180.0,
            "y": 129
          },
          {
            "x": 180.0,
            "y": 131
          },
          {
            "x": 181.0,
            "y": 132
          },
          {
            "x": 181.0,
            "y": 133
          },
          {
            "x": 182.0,
            "y": 134
          },
          {
            "x": 182.0,
            "y": 136
          },
          {
            "x": 183,
            "y": 137
          },
          {
            "x": 183,
            "y": 141
          },
          {
            "x": 182.0,
            "y": 142
          },
          {
            "x": 182.0,
            "y": 143
          },
          {
            "x": 181.0,
            "y": 144
          },
          {
            "x": 180.0,
            "y": 144
          },
          {
            "x": 179,
            "y": 145
          },
          {
            "x": 177.0,
            "y": 145
          },
          {
            "x": 175,
            "y": 147.0
          },
          {
            "x": 174,
            "y": 146
          },
          {
            "x": 173.0,
            "y": 147.0
          },
          {
            "x": 171,
            "y": 147.0
          },
          {
            "x": 170,
            "y": 148
          },
          {
            "x": 167,
            "y": 148
          },
          {
            "x": 166,
            "y": 149
          },
          {
            "x": 165.0,
            "y": 149
          },
          {
            "x": 164.0,
            "y": 150
          },
          {
            "x": 162,
            "y": 150
          },
          {
            "x": 160.0,
            "y": 148
          },
          {
            "x": 160.0,
            "y": 147.0
          },
          {
            "x": 159,
            "y": 146
          },
          {
            "x": 159,
            "y": 138
          },
          {
            "x": 158,
            "y": 137
          },
          {
            "x": 158,
            "y": 135
          },
          {
            "x": 157.0,
            "y": 134
          },
          {
            "x": 155.0,
            "y": 134
          },
          {
            "x": 154,
            "y": 133
          },
          {
            "x": 154,
            "y": 130
          },
          {
            "x": 152.0,
            "y": 128
          },
          {
            "x": 149,
            "y": 128
          },
          {
            "x": 147.0,
            "y": 130
          },
          {
            "x": 147.0,
            "y": 131
          },
          {
            "x": 146,
            "y": 132
          },
          {
            "x": 146,
            "y": 133
          },
          {
            "x": 145,
            "y": 134
          },
          {
            "x": 145,
            "y": 135
          },
          {
            "x": 144.0,
            "y": 136
          },
          {
            "x": 144.0,
            "y": 148
          },
          {
            "x": 143.0,
            "y": 149
          },
          {
            "x": 143.0,
            "y": 151.0
          },
          {
            "x": 140.0,
            "y": 154
          },
          {
            "x": 140.0,
            "y": 157.0
          },
          {
            "x": 141,
            "y": 158
          },
          {
            "x": 140.0,
            "y": 159
          },
          {
            "x": 140.0,
            "y": 164
          },
          {
            "x": 141,
            "y": 165
          },
          {
            "x": 141,
            "y": 166
          },
          {
            "x": 142,
            "y": 167
          },
          {
            "x": 142,
            "y": 173
          },
          {
            "x": 138,
            "y": 177
          },
          {
            "x": 136.0,
            "y": 177
          },
          {
            "x": 134,
            "y": 179
          },
          {
            "x": 134,
            "y": 180.0
          },
          {
            "x": 133,
            "y": 181
          },
          {
            "x": 133,
            "y": 182.0
          },
          {
            "x": 132.0,
            "y": 183
          },
          {
            "x": 132.0,
            "y": 196
          },
          {
            "x": 131.0,
            "y": 197
          },
          {
            "x": 131.0,
            "y": 199
          },
          {
            "x": 130.0,
            "y": 200
          },
          {
            "x": 130.0,
            "y": 201
          },
          {
            "x": 128.0,
            "y": 203.0
          },
          {
            "x": 128.0,
            "y": 225
          },
          {
            "x": 129,
            "y": 226
          },
          {
            "x": 129,
            "y": 231
          },
          {
            "x": 128.0,
            "y": 232.0
          },
          {
            "x": 128.0,
            "y": 236
          },
          {
            "x": 127.0,
            "y": 237
          },
          {
            "x": 127.0,
            "y": 242
          },
          {
            "x": 128.0,
            "y": 243
          },
          {
            "x": 128.0,
            "y": 267
          },
          {
            "x": 129,
            "y": 268
          },
          {
            "x": 129,
            "y": 271
          },
          {
            "x": 130.0,
            "y": 272
          },
          {
            "x": 130.0,
            "y": 289
          },
          {
            "x": 129,
            "y": 290
          },
          {
            "x": 129,
            "y": 293
          },
          {
            "x": 130.0,
            "y": 294.0
          },
          {
            "x": 130.0,
            "y": 302.0
          },
          {
            "x": 131.0,
            "y": 303
          },
          {
            "x": 131.0,
            "y": 308
          },
          {
            "x": 132.0,
            "y": 309
          },
          {
            "x": 132.0,
            "y": 315
          },
          {
            "x": 133,
            "y": 316
          },
          {
            "x": 133,
            "y": 342
          },
          {
            "x": 134,
            "y": 343
          },
          {
            "x": 134,
            "y": 350
          },
          {
            "x": 135.0,
            "y": 351
          },
          {
            "x": 135.0,
            "y": 352.0
          },
          {
            "x": 136.0,
            "y": 353
          },
          {
            "x": 139.0,
            "y": 353
          },
          {
            "x": 141,
            "y": 351
          },
          {
            "x": 141,
            "y": 350
          },
          {
            "x": 143.0,
            "y": 348
          },
          {
            "x": 146,
            "y": 348
          },
          {
            "x": 149,
            "y": 351
          },
          {
            "x": 149,
            "y": 352.0
          },
          {
            "x": 150,
            "y": 353
          },
          {
            "x": 151.0,
            "y": 353
          },
          {
            "x": 152.0,
            "y": 354
          },
          {
            "x": 153.0,
            "y": 354
          },
          {
            "x": 154,
            "y": 355
          },
          {
            "x": 156.0,
            "y": 355
          },
          {
            "x": 157.0,
            "y": 356.0
          },
          {
            "x": 157.0,
            "y": 357
          },
          {
            "x": 160.0,
            "y": 360.0
          },
          {
            "x": 167,
            "y": 360.0
          },
          {
            "x": 168.0,
            "y": 361
          },
          {
            "x": 169.0,
            "y": 361
          },
          {
            "x": 170,
            "y": 362
          },
          {
            "x": 171,
            "y": 362
          },
          {
            "x": 172.0,
            "y": 363
          },
          {
            "x": 174,
            "y": 363
          },
          {
            "x": 175,
            "y": 364.0
          },
          {
            "x": 178.0,
            "y": 364.0
          },
          {
            "x": 179,
            "y": 365
          },
          {
            "x": 180.0,
            "y": 365
          },
          {
            "x": 181.0,
            "y": 366
          },
          {
            "x": 185.0,
            "y": 366
          },
          {
            "x": 186.0,
            "y": 367
          },
          {
            "x": 191,
            "y": 367
          },
          {
            "x": 192,
            "y": 366
          },
          {
            "x": 194.0,
            "y": 366
          },
          {
            "x": 196,
            "y": 364.0
          },
          {
            "x": 197.0,
            "y": 364.0
          },
          {
            "x": 198.0,
            "y": 363
          },
          {
            "x": 199,
            "y": 363
          },
          {
            "x": 199,
            "y": 362
          },
          {
            "x": 200,
            "y": 361
          },
          {
            "x": 200,
            "y": 359
          },
          {
            "x": 199,
            "y": 358
          },
          {
            "x": 199,
            "y": 355
          },
          {
            "x": 198.0,
            "y": 354
          },
          {
            "x": 198.0,
            "y": 353
          },
          {
            "x": 197.0,
            "y": 352.0
          },
          {
            "x": 197.0,
            "y": 345
          },
          {
            "x": 196,
            "y": 344
          },
          {
            "x": 196,
            "y": 337
          },
          {
            "x": 195,
            "y": 336
          },
          {
            "x": 195,
            "y": 331.0
          },
          {
            "x": 194.0,
            "y": 330
          },
          {
            "x": 194.0,
            "y": 324
          },
          {
            "x": 193.0,
            "y": 323
          },
          {
            "x": 193.0,
            "y": 322
          },
          {
            "x": 192,
            "y": 321
          },
          {
            "x": 192,
            "y": 316
          },
          {
            "x": 191,
            "y": 315
          },
          {
            "x": 191,
            "y": 310.0
          },
          {
            "x": 190.0,
            "y": 309
          },
          {
            "x": 190.0,
            "y": 305
          },
          {
            "x": 189.0,
            "y": 304
          },
          {
            "x": 189.0,
            "y": 300
          },
          {
            "x": 188,
            "y": 299
          },
          {
            "x": 188,
            "y": 297.0
          },
          {
            "x": 187,
            "y": 296
          },
          {
            "x": 187,
            "y": 292
          },
          {
            "x": 186.0,
            "y": 291
          },
          {
            "x": 186.0,
            "y": 287
          },
          {
            "x": 185.0,
            "y": 286
          },
          {
            "x": 185.0,
            "y": 282
          },
          {
            "x": 184,
            "y": 281
          },
          {
            "x": 184,
            "y": 269
          },
          {
            "x": 185.0,
            "y": 268
          },
          {
            "x": 185.0,
            "y": 257
          },
          {
            "x": 186.0,
            "y": 256
          },
          {
            "x": 186.0,
            "y": 247
          },
          {
            "x": 187,
            "y": 246
          },
          {
            "x": 187,
            "y": 241
          },
          {
            "x": 188,
            "y": 240
          },
          {
            "x": 188,
            "y": 239
          },
          {
            "x": 189.0,
            "y": 238
          },
          {
            "x": 189.0,
            "y": 228.0
          },
          {
            "x": 190.0,
            "y": 227
          },
          {
            "x": 190.0,
            "y": 226
          },
          {
            "x": 189.0,
            "y": 225
          },
          {
            "x": 189.0,
            "y": 209
          },
          {
            "x": 188,
            "y": 208
          },
          {
            "x": 188,
            "y": 199
          },
          {
            "x": 189.0,
            "y": 198
          },
          {
            "x": 189.0,
            "y": 196
          },
          {
            "x": 190.0,
            "y": 195
          },
          {
            "x": 190.0,
            "y": 193
          },
          {
            "x": 191,
            "y": 192
          },
          {
            "x": 191,
            "y": 191
          },
          {
            "x": 192,
            "y": 190
          },
          {
            "x": 192,
            "y": 188
          },
          {
            "x": 193.0,
            "y": 187
          },
          {
            "x": 193.0,
            "y": 186
          },
          {
            "x": 194.0,
            "y": 185
          },
          {
            "x": 194.0,
            "y": 183
          },
          {
            "x": 195,
            "y": 182.0
          },
          {
            "x": 195,
            "y": 181
          },
          {
            "x": 198.0,
            "y": 178.0
          },
          {
            "x": 202.0,
            "y": 178.0
          },
          {
            "x": 203.0,
            "y": 179
          },
          {
            "x": 206.0,
            "y": 179
          },
          {
            "x": 207.0,
            "y": 180.0
          },
          {
            "x": 208,
            "y": 180.0
          },
          {
            "x": 209,
            "y": 181
          },
          {
            "x": 215.0,
            "y": 181
          },
          {
            "x": 217,
            "y": 179
          },
          {
            "x": 217,
            "y": 150
          },
          {
            "x": 216,
            "y": 149
          },
          {
            "x": 216,
            "y": 148
          },
          {
            "x": 214.0,
            "y": 146
          },
          {
            "x": 214.0,
            "y": 145
          },
          {
            "x": 212,
            "y": 143
          },
          {
            "x": 212,
            "y": 142
          },
          {
            "x": 211.0,
            "y": 141
          },
          {
            "x": 211.0,
            "y": 139
          },
          {
            "x": 210.0,
            "y": 138
          },
          {
            "x": 210.0,
            "y": 134
          },
          {
            "x": 209,
            "y": 133
          },
          {
            "x": 209,
            "y": 132
          },
          {
            "x": 208,
            "y": 131
          },
          {
            "x": 208,
            "y": 128
          },
          {
            "x": 207.0,
            "y": 127
          },
          {
            "x": 207.0,
            "y": 126
          },
          {
            "x": 206.0,
            "y": 125
          },
          {
            "x": 206.0,
            "y": 124
          },
          {
            "x": 205.0,
            "y": 123
          },
          {
            "x": 205.0,
            "y": 122
          },
          {
            "x": 203.0,
            "y": 120
          },
          {
            "x": 203.0,
            "y": 118
          },
          {
            "x": 202.0,
            "y": 117
          },
          {
            "x": 202.0,
            "y": 116.0
          },
          {
            "x": 201.0,
            "y": 115.0
          },
          {
            "x": 201.0,
            "y": 114.0
          },
          {
            "x": 200,
            "y": 113
          },
          {
            "x": 200,
            "y": 112
          },
          {
            "x": 199,
            "y": 111
          },
          {
            "x": 199,
            "y": 110
          },
          {
            "x": 198.0,
            "y": 110
          },
          {
            "x": 195,
            "y": 107
          },
          {
            "x": 193.0,
            "y": 107
          },
          {
            "x": 192,
            "y": 106
          },
          {
            "x": 191,
            "y": 106
          },
          {
            "x": 189.0,
            "y": 104
          },
          {
            "x": 188,
            "y": 104
          },
          {
            "x": 186.0,
            "y": 102
          }
        ]
      }
    },
    {
      "name": "Boots Polygon ",
      "polygon": {
        "path": [
          {
            "x": 199,
            "y": 363
          },
          {
            "x": 198,
            "y": 363
          },
          {
            "x": 194,
            "y": 367
          },
          {
            "x": 193,
            "y": 367
          },
          {
            "x": 191,
            "y": 369.0
          },
          {
            "x": 185,
            "y": 369.0
          },
          {
            "x": 184,
            "y": 368
          },
          {
            "x": 181,
            "y": 368
          },
          {
            "x": 180,
            "y": 369.0
          },
          {
            "x": 180,
            "y": 371
          },
          {
            "x": 179,
            "y": 372
          },
          {
            "x": 179,
            "y": 374
          },
          {
            "x": 178,
            "y": 375
          },
          {
            "x": 178,
            "y": 377.0
          },
          {
            "x": 176,
            "y": 379
          },
          {
            "x": 176,
            "y": 380
          },
          {
            "x": 174,
            "y": 382
          },
          {
            "x": 174,
            "y": 383
          },
          {
            "x": 172,
            "y": 385.0
          },
          {
            "x": 171.0,
            "y": 385.0
          },
          {
            "x": 171.0,
            "y": 386
          },
          {
            "x": 170,
            "y": 387
          },
          {
            "x": 171.0,
            "y": 388
          },
          {
            "x": 173.0,
            "y": 388
          },
          {
            "x": 174,
            "y": 389.0
          },
          {
            "x": 177.0,
            "y": 389.0
          },
          {
            "x": 178,
            "y": 388
          },
          {
            "x": 189,
            "y": 388
          },
          {
            "x": 192,
            "y": 385.0
          },
          {
            "x": 193,
            "y": 385.0
          },
          {
            "x": 195,
            "y": 383
          },
          {
            "x": 196,
            "y": 383
          },
          {
            "x": 196,
            "y": 380
          },
          {
            "x": 197,
            "y": 379
          },
          {
            "x": 197,
            "y": 369.0
          },
          {
            "x": 198,
            "y": 368
          },
          {
            "x": 198,
            "y": 367
          },
          {
            "x": 199,
            "y": 366
          }
        ]
      }
    },
    {
      "name": "Boots Polygon ",
      "polygon": {
        "path": [
          {
            "x": 152,
            "y": 354.0
          },
          {
            "x": 151,
            "y": 354.0
          },
          {
            "x": 151,
            "y": 355
          },
          {
            "x": 149,
            "y": 357
          },
          {
            "x": 149,
            "y": 364
          },
          {
            "x": 148,
            "y": 365
          },
          {
            "x": 148,
            "y": 369.0
          },
          {
            "x": 147,
            "y": 370
          },
          {
            "x": 147,
            "y": 372
          },
          {
            "x": 146,
            "y": 373.0
          },
          {
            "x": 146,
            "y": 374
          },
          {
            "x": 144,
            "y": 376
          },
          {
            "x": 144,
            "y": 382
          },
          {
            "x": 145,
            "y": 383
          },
          {
            "x": 155,
            "y": 383
          },
          {
            "x": 156,
            "y": 382
          },
          {
            "x": 157,
            "y": 382
          },
          {
            "x": 158,
            "y": 381.0
          },
          {
            "x": 158,
            "y": 379
          },
          {
            "x": 162,
            "y": 375
          },
          {
            "x": 162,
            "y": 366
          },
          {
            "x": 163.0,
            "y": 365
          },
          {
            "x": 163.0,
            "y": 362
          },
          {
            "x": 162,
            "y": 361
          },
          {
            "x": 158,
            "y": 361
          },
          {
            "x": 157,
            "y": 360
          },
          {
            "x": 156,
            "y": 360
          },
          {
            "x": 155,
            "y": 359
          },
          {
            "x": 155,
            "y": 358
          },
          {
            "x": 152,
            "y": 355
          }
        ]
      }
    }
  ]
}