{
  "image": {
    "width": 266,
    "height": 400,
    "filename": "00000053.jpg",
    "original_filename": "000293.jpg",
    "url": "https://darwin.v7labs.com/api/images/1212195/original?token=16d6037d-33e8-4c8d-8cb7-761abbebab61",
    "thumbnail_url": "https://darwin.v7labs.com/api/images/1212195/thumbnail?token=16d6037d-33e8-4c8d-8cb7-761abbebab61",
    "workview_url": "https://darwin.v7labs.com/workview?dataset=1176&image=53"
  },
  "dataset": "Fashion_2",
  "annotated": true,
  "annotations": [
    {
      "name": "Jacket Polygon ",
      "polygon": {
        "path": [
          {
            "x": 114.26,
            "y": 185.95
          },
          {
            "x": 136.6,
            "y": 224.89
          },
          {
            "x": 138.64,
            "y": 221.5
          },
          {
            "x": 139.65,
            "y": 218.79
          },
          {
            "x": 144.02,
            "y": 223.11
          },
          {
            "x": 145.36,
            "y": 228.55
          },
          {
            "x": 147.1,
            "y": 221.16
          },
          {
            "x": 147.78,
            "y": 217.78
          },
          {
            "x": 150.15,
            "y": 213.71
          },
          {
            "x": 156.92,
            "y": 231.28
          },
          {
            "x": 164.6,
            "y": 297.01
          },
          {
            "x": 163.16,
            "y": 362.26
          },
          {
            "x": 156.44,
            "y": 366.1
          },
          {
            "x": 126.69,
            "y": 370.9
          },
          {
            "x": 125.8,
            "y": 278.5
          },
          {
            "x": 120.03,
            "y": 295.98
          },
          {
            "x": 115.18,
            "y": 333.0
          },
          {
            "x": 113.35,
            "y": 364.07
          },
          {
            "x": 91.07,
            "y": 364.07
          },
          {
            "x": 91.64,
            "y": 324.66
          },
          {
            "x": 93.36,
            "y": 280.67
          },
          {
            "x": 99.64,
            "y": 244.69
          },
          {
            "x": 105.35,
            "y": 212.13
          }
        ]
      }
    }
  ]
}