{
  "image": {
    "width": 500,
    "height": 750,
    "filename": "00000125.jpg",
    "original_filename": "000365.jpg",
    "url": "https://darwin.v7labs.com/api/images/1212267/original?token=16d6037d-33e8-4c8d-8cb7-761abbebab61",
    "thumbnail_url": "https://darwin.v7labs.com/api/images/1212267/thumbnail?token=16d6037d-33e8-4c8d-8cb7-761abbebab61",
    "workview_url": "https://darwin.v7labs.com/workview?dataset=1176&image=125"
  },
  "dataset": "Fashion_2",
  "annotated": true,
  "annotations": [
    {
      "name": "Blouse Polygon ",
      "polygon": {
        "path": [
          {
            "x": 216,
            "y": 230
          },
          {
            "x": 211,
            "y": 235.0
          },
          {
            "x": 211,
            "y": 236
          },
          {
            "x": 210,
            "y": 237
          },
          {
            "x": 210,
            "y": 238
          },
          {
            "x": 209.0,
            "y": 239
          },
          {
            "x": 209.0,
            "y": 240.0
          },
          {
            "x": 208,
            "y": 241
          },
          {
            "x": 208,
            "y": 242
          },
          {
            "x": 207,
            "y": 243.0
          },
          {
            "x": 207,
            "y": 245
          },
          {
            "x": 206.0,
            "y": 246.0
          },
          {
            "x": 206.0,
            "y": 249.0
          },
          {
            "x": 205,
            "y": 250
          },
          {
            "x": 205,
            "y": 252.0
          },
          {
            "x": 204,
            "y": 253
          },
          {
            "x": 204,
            "y": 254
          },
          {
            "x": 203.0,
            "y": 255.0
          },
          {
            "x": 203.0,
            "y": 260
          },
          {
            "x": 202,
            "y": 261
          },
          {
            "x": 202,
            "y": 263
          },
          {
            "x": 201,
            "y": 264
          },
          {
            "x": 201,
            "y": 268
          },
          {
            "x": 200,
            "y": 269
          },
          {
            "x": 200,
            "y": 274
          },
          {
            "x": 199,
            "y": 275
          },
          {
            "x": 199,
            "y": 281
          },
          {
            "x": 198.0,
            "y": 282
          },
          {
            "x": 198.0,
            "y": 287
          },
          {
            "x": 197,
            "y": 288
          },
          {
            "x": 197,
            "y": 294
          },
          {
            "x": 198.0,
            "y": 295
          },
          {
            "x": 198.0,
            "y": 297
          },
          {
            "x": 203.0,
            "y": 302
          },
          {
            "x": 205,
            "y": 302
          },
          {
            "x": 206.0,
            "y": 303
          },
          {
            "x": 208,
            "y": 303
          },
          {
            "x": 208,
            "y": 295
          },
          {
            "x": 206.0,
            "y": 293
          },
          {
            "x": 206.0,
            "y": 289
          },
          {
            "x": 205,
            "y": 288
          },
          {
            "x": 206.0,
            "y": 287
          },
          {
            "x": 208,
            "y": 287
          },
          {
            "x": 209.0,
            "y": 288
          },
          {
            "x": 210,
            "y": 288
          },
          {
            "x": 211,
            "y": 289
          },
          {
            "x": 212.0,
            "y": 289
          },
          {
            "x": 214,
            "y": 291
          },
          {
            "x": 215.0,
            "y": 291
          },
          {
            "x": 217,
            "y": 293
          },
          {
            "x": 218.0,
            "y": 293
          },
          {
            "x": 219,
            "y": 294
          },
          {
            "x": 220.0,
            "y": 294
          },
          {
            "x": 221,
            "y": 295
          },
          {
            "x": 222,
            "y": 295
          },
          {
            "x": 224,
            "y": 297
          },
          {
            "x": 225,
            "y": 297
          },
          {
            "x": 226.0,
            "y": 298
          },
          {
            "x": 226.0,
            "y": 300
          },
          {
            "x": 227,
            "y": 301
          },
          {
            "x": 227,
            "y": 309
          },
          {
            "x": 228,
            "y": 310
          },
          {
            "x": 228,
            "y": 318
          },
          {
            "x": 229.0,
            "y": 319
          },
          {
            "x": 229.0,
            "y": 323
          },
          {
            "x": 230,
            "y": 324
          },
          {
            "x": 230,
            "y": 327
          },
          {
            "x": 231,
            "y": 328
          },
          {
            "x": 231,
            "y": 345
          },
          {
            "x": 230,
            "y": 346
          },
          {
            "x": 230,
            "y": 351
          },
          {
            "x": 231,
            "y": 352
          },
          {
            "x": 231,
            "y": 360
          },
          {
            "x": 230,
            "y": 361
          },
          {
            "x": 230,
            "y": 365
          },
          {
            "x": 229.0,
            "y": 366
          },
          {
            "x": 229.0,
            "y": 369
          },
          {
            "x": 228,
            "y": 370
          },
          {
            "x": 228,
            "y": 374
          },
          {
            "x": 227,
            "y": 375
          },
          {
            "x": 227,
            "y": 377
          },
          {
            "x": 226.0,
            "y": 378.0
          },
          {
            "x": 226.0,
            "y": 379.0
          },
          {
            "x": 225,
            "y": 380
          },
          {
            "x": 225,
            "y": 381
          },
          {
            "x": 224,
            "y": 382
          },
          {
            "x": 224,
            "y": 383
          },
          {
            "x": 223.0,
            "y": 384.0
          },
          {
            "x": 223.0,
            "y": 385
          },
          {
            "x": 222,
            "y": 386
          },
          {
            "x": 222,
            "y": 387
          },
          {
            "x": 221,
            "y": 388
          },
          {
            "x": 222,
            "y": 389.0
          },
          {
            "x": 222,
            "y": 390.0
          },
          {
            "x": 224,
            "y": 392
          },
          {
            "x": 226.0,
            "y": 392
          },
          {
            "x": 227,
            "y": 393
          },
          {
            "x": 230,
            "y": 393
          },
          {
            "x": 231,
            "y": 392
          },
          {
            "x": 231,
            "y": 388
          },
          {
            "x": 232.0,
            "y": 387
          },
          {
            "x": 232.0,
            "y": 385
          },
          {
            "x": 233,
            "y": 384.0
          },
          {
            "x": 233,
            "y": 383
          },
          {
            "x": 237,
            "y": 379.0
          },
          {
            "x": 238,
            "y": 379.0
          },
          {
            "x": 239,
            "y": 378.0
          },
          {
            "x": 240.0,
            "y": 378.0
          },
          {
            "x": 243.0,
            "y": 375
          },
          {
            "x": 244,
            "y": 375
          },
          {
            "x": 245,
            "y": 374
          },
          {
            "x": 246.0,
            "y": 374
          },
          {
            "x": 248,
            "y": 372
          },
          {
            "x": 249.0,
            "y": 372
          },
          {
            "x": 251,
            "y": 370
          },
          {
            "x": 252.0,
            "y": 370
          },
          {
            "x": 252.0,
            "y": 369
          },
          {
            "x": 253,
            "y": 368
          },
          {
            "x": 253,
            "y": 367
          },
          {
            "x": 255.0,
            "y": 365
          },
          {
            "x": 255.0,
            "y": 364
          },
          {
            "x": 257,
            "y": 362
          },
          {
            "x": 258,
            "y": 362
          },
          {
            "x": 259,
            "y": 361
          },
          {
            "x": 260,
            "y": 361
          },
          {
            "x": 262,
            "y": 359
          },
          {
            "x": 264,
            "y": 359
          },
          {
            "x": 265,
            "y": 358
          },
          {
            "x": 267,
            "y": 358
          },
          {
            "x": 268,
            "y": 357
          },
          {
            "x": 278,
            "y": 357
          },
          {
            "x": 279,
            "y": 358
          },
          {
            "x": 289,
            "y": 358
          },
          {
            "x": 290,
            "y": 359
          },
          {
            "x": 300,
            "y": 359
          },
          {
            "x": 301,
            "y": 360
          },
          {
            "x": 306,
            "y": 360
          },
          {
            "x": 307,
            "y": 361
          },
          {
            "x": 312,
            "y": 361
          },
          {
            "x": 313,
            "y": 362
          },
          {
            "x": 317,
            "y": 362
          },
          {
            "x": 318,
            "y": 363
          },
          {
            "x": 328.0,
            "y": 363
          },
          {
            "x": 329,
            "y": 364
          },
          {
            "x": 335,
            "y": 364
          },
          {
            "x": 336,
            "y": 365
          },
          {
            "x": 337,
            "y": 365
          },
          {
            "x": 341,
            "y": 369
          },
          {
            "x": 341,
            "y": 370
          },
          {
            "x": 344.0,
            "y": 373.0
          },
          {
            "x": 344.0,
            "y": 374
          },
          {
            "x": 346,
            "y": 376
          },
          {
            "x": 346,
            "y": 384.0
          },
          {
            "x": 348,
            "y": 384.0
          },
          {
            "x": 349.0,
            "y": 383
          },
          {
            "x": 349.0,
            "y": 381
          },
          {
            "x": 350.0,
            "y": 380
          },
          {
            "x": 350.0,
            "y": 379.0
          },
          {
            "x": 349.0,
            "y": 378.0
          },
          {
            "x": 349.0,
            "y": 372
          },
          {
            "x": 348,
            "y": 371
          },
          {
            "x": 348,
            "y": 368
          },
          {
            "x": 347,
            "y": 367
          },
          {
            "x": 347,
            "y": 363
          },
          {
            "x": 351,
            "y": 359
          },
          {
            "x": 351,
            "y": 358
          },
          {
            "x": 352,
            "y": 357
          },
          {
            "x": 352,
            "y": 356
          },
          {
            "x": 353,
            "y": 355
          },
          {
            "x": 353,
            "y": 351
          },
          {
            "x": 352,
            "y": 350
          },
          {
            "x": 352,
            "y": 349
          },
          {
            "x": 351,
            "y": 348
          },
          {
            "x": 351,
            "y": 347
          },
          {
            "x": 348,
            "y": 344
          },
          {
            "x": 348,
            "y": 343
          },
          {
            "x": 345.0,
            "y": 340
          },
          {
            "x": 345.0,
            "y": 339
          },
          {
            "x": 344.0,
            "y": 338
          },
          {
            "x": 344.0,
            "y": 337
          },
          {
            "x": 342,
            "y": 335
          },
          {
            "x": 342,
            "y": 334
          },
          {
            "x": 341,
            "y": 333
          },
          {
            "x": 341,
            "y": 332
          },
          {
            "x": 340,
            "y": 331
          },
          {
            "x": 340,
            "y": 330
          },
          {
            "x": 339.0,
            "y": 329
          },
          {
            "x": 339.0,
            "y": 327
          },
          {
            "x": 338.0,
            "y": 326
          },
          {
            "x": 338.0,
            "y": 312
          },
          {
            "x": 339.0,
            "y": 311
          },
          {
            "x": 339.0,
            "y": 309
          },
          {
            "x": 343.0,
            "y": 305
          },
          {
            "x": 344.0,
            "y": 305
          },
          {
            "x": 345.0,
            "y": 304
          },
          {
            "x": 347,
            "y": 304
          },
          {
            "x": 348,
            "y": 305
          },
          {
            "x": 348,
            "y": 306
          },
          {
            "x": 349.0,
            "y": 307
          },
          {
            "x": 349.0,
            "y": 309
          },
          {
            "x": 350.0,
            "y": 310
          },
          {
            "x": 352,
            "y": 308
          },
          {
            "x": 353,
            "y": 308
          },
          {
            "x": 359,
            "y": 302
          },
          {
            "x": 360.0,
            "y": 302
          },
          {
            "x": 360.0,
            "y": 301
          },
          {
            "x": 363,
            "y": 298
          },
          {
            "x": 363,
            "y": 297
          },
          {
            "x": 364,
            "y": 296
          },
          {
            "x": 364,
            "y": 295
          },
          {
            "x": 363,
            "y": 294
          },
          {
            "x": 363,
            "y": 293
          },
          {
            "x": 362.0,
            "y": 292
          },
          {
            "x": 362.0,
            "y": 291
          },
          {
            "x": 361.0,
            "y": 290
          },
          {
            "x": 361.0,
            "y": 289
          },
          {
            "x": 360.0,
            "y": 288
          },
          {
            "x": 360.0,
            "y": 285
          },
          {
            "x": 359,
            "y": 284
          },
          {
            "x": 359,
            "y": 283
          },
          {
            "x": 358,
            "y": 282
          },
          {
            "x": 358,
            "y": 281
          },
          {
            "x": 357,
            "y": 280
          },
          {
            "x": 357,
            "y": 277
          },
          {
            "x": 356.0,
            "y": 276
          },
          {
            "x": 356.0,
            "y": 274
          },
          {
            "x": 355.0,
            "y": 273
          },
          {
            "x": 355.0,
            "y": 272
          },
          {
            "x": 354,
            "y": 271
          },
          {
            "x": 354,
            "y": 269
          },
          {
            "x": 353,
            "y": 268
          },
          {
            "x": 353,
            "y": 267
          },
          {
            "x": 351,
            "y": 265
          },
          {
            "x": 351,
            "y": 263
          },
          {
            "x": 350.0,
            "y": 262
          },
          {
            "x": 350.0,
            "y": 260
          },
          {
            "x": 349.0,
            "y": 259
          },
          {
            "x": 349.0,
            "y": 258
          },
          {
            "x": 348,
            "y": 257
          },
          {
            "x": 348,
            "y": 256
          },
          {
            "x": 347,
            "y": 255.0
          },
          {
            "x": 347,
            "y": 254
          },
          {
            "x": 345.0,
            "y": 252.0
          },
          {
            "x": 345.0,
            "y": 250
          },
          {
            "x": 343.0,
            "y": 248
          },
          {
            "x": 343.0,
            "y": 246.0
          },
          {
            "x": 342,
            "y": 245
          },
          {
            "x": 342,
            "y": 244
          },
          {
            "x": 341,
            "y": 243.0
          },
          {
            "x": 341,
            "y": 242
          },
          {
            "x": 340,
            "y": 241
          },
          {
            "x": 340,
            "y": 240.0
          },
          {
            "x": 337,
            "y": 237
          },
          {
            "x": 337,
            "y": 236
          },
          {
            "x": 334,
            "y": 233
          },
          {
            "x": 333.0,
            "y": 233
          },
          {
            "x": 331,
            "y": 231
          },
          {
            "x": 330,
            "y": 231
          },
          {
            "x": 329,
            "y": 230
          },
          {
            "x": 327.0,
            "y": 230
          },
          {
            "x": 326.0,
            "y": 229.0
          },
          {
            "x": 325,
            "y": 229.0
          },
          {
            "x": 324,
            "y": 228
          },
          {
            "x": 323,
            "y": 228
          },
          {
            "x": 322.0,
            "y": 227
          },
          {
            "x": 320,
            "y": 227
          },
          {
            "x": 319,
            "y": 226.0
          },
          {
            "x": 318,
            "y": 226.0
          },
          {
            "x": 317,
            "y": 225
          },
          {
            "x": 316.0,
            "y": 225
          },
          {
            "x": 315.0,
            "y": 224
          },
          {
            "x": 312,
            "y": 224
          },
          {
            "x": 311,
            "y": 223.0
          },
          {
            "x": 310.0,
            "y": 223.0
          },
          {
            "x": 308,
            "y": 221
          },
          {
            "x": 308,
            "y": 219
          },
          {
            "x": 306,
            "y": 217
          },
          {
            "x": 306,
            "y": 216
          },
          {
            "x": 302,
            "y": 212.0
          },
          {
            "x": 300,
            "y": 212.0
          },
          {
            "x": 299.0,
            "y": 211
          },
          {
            "x": 298.0,
            "y": 212.0
          },
          {
            "x": 298.0,
            "y": 215.0
          },
          {
            "x": 299.0,
            "y": 216
          },
          {
            "x": 299.0,
            "y": 219
          },
          {
            "x": 300,
            "y": 220.0
          },
          {
            "x": 300,
            "y": 221
          },
          {
            "x": 301,
            "y": 222
          },
          {
            "x": 303.0,
            "y": 222
          },
          {
            "x": 304.0,
            "y": 223.0
          },
          {
            "x": 306,
            "y": 223.0
          },
          {
            "x": 307,
            "y": 224
          },
          {
            "x": 307,
            "y": 225
          },
          {
            "x": 308,
            "y": 226.0
          },
          {
            "x": 309.0,
            "y": 226.0
          },
          {
            "x": 313,
            "y": 230
          },
          {
            "x": 313,
            "y": 231
          },
          {
            "x": 316.0,
            "y": 234
          },
          {
            "x": 316.0,
            "y": 235.0
          },
          {
            "x": 321.0,
            "y": 240.0
          },
          {
            "x": 321.0,
            "y": 241
          },
          {
            "x": 322.0,
            "y": 242
          },
          {
            "x": 322.0,
            "y": 243.0
          },
          {
            "x": 323,
            "y": 243.0
          },
          {
            "x": 332.0,
            "y": 252.0
          },
          {
            "x": 332.0,
            "y": 253
          },
          {
            "x": 333.0,
            "y": 254
          },
          {
            "x": 333.0,
            "y": 256
          },
          {
            "x": 332.0,
            "y": 257
          },
          {
            "x": 332.0,
            "y": 258
          },
          {
            "x": 331,
            "y": 259
          },
          {
            "x": 327.0,
            "y": 259
          },
          {
            "x": 326.0,
            "y": 258
          },
          {
            "x": 322.0,
            "y": 258
          },
          {
            "x": 319,
            "y": 255.0
          },
          {
            "x": 318,
            "y": 255.0
          },
          {
            "x": 317,
            "y": 254
          },
          {
            "x": 317,
            "y": 253
          },
          {
            "x": 315.0,
            "y": 251
          },
          {
            "x": 315.0,
            "y": 249.0
          },
          {
            "x": 314,
            "y": 248
          },
          {
            "x": 314,
            "y": 247
          },
          {
            "x": 313,
            "y": 247
          },
          {
            "x": 312,
            "y": 246.0
          },
          {
            "x": 312,
            "y": 245
          },
          {
            "x": 309.0,
            "y": 242
          },
          {
            "x": 309.0,
            "y": 241
          },
          {
            "x": 308,
            "y": 241
          },
          {
            "x": 306,
            "y": 239
          },
          {
            "x": 305.0,
            "y": 239
          },
          {
            "x": 300,
            "y": 234
          },
          {
            "x": 300,
            "y": 233
          },
          {
            "x": 298.0,
            "y": 231
          },
          {
            "x": 298.0,
            "y": 230
          },
          {
            "x": 297,
            "y": 229.0
          },
          {
            "x": 297,
            "y": 227
          },
          {
            "x": 296,
            "y": 226.0
          },
          {
            "x": 295,
            "y": 226.0
          },
          {
            "x": 294,
            "y": 225
          },
          {
            "x": 293.0,
            "y": 225
          },
          {
            "x": 292.0,
            "y": 224
          },
          {
            "x": 290,
            "y": 224
          },
          {
            "x": 288.0,
            "y": 222
          },
          {
            "x": 287.0,
            "y": 222
          },
          {
            "x": 286,
            "y": 221
          },
          {
            "x": 285,
            "y": 221
          },
          {
            "x": 283,
            "y": 219
          },
          {
            "x": 282,
            "y": 219
          },
          {
            "x": 281,
            "y": 218.0
          },
          {
            "x": 280,
            "y": 218.0
          },
          {
            "x": 278,
            "y": 216
          },
          {
            "x": 277,
            "y": 216
          },
          {
            "x": 275,
            "y": 214
          },
          {
            "x": 274,
            "y": 214
          },
          {
            "x": 272,
            "y": 212.0
          },
          {
            "x": 271,
            "y": 212.0
          },
          {
            "x": 269,
            "y": 210
          },
          {
            "x": 268,
            "y": 210
          },
          {
            "x": 266,
            "y": 208
          },
          {
            "x": 265,
            "y": 208
          },
          {
            "x": 263,
            "y": 206.0
          },
          {
            "x": 260,
            "y": 206.0
          },
          {
            "x": 259,
            "y": 207
          },
          {
            "x": 259,
            "y": 208
          },
          {
            "x": 257,
            "y": 210
          },
          {
            "x": 257,
            "y": 211
          },
          {
            "x": 256,
            "y": 212.0
          },
          {
            "x": 256,
            "y": 213
          },
          {
            "x": 253,
            "y": 216
          },
          {
            "x": 251,
            "y": 216
          },
          {
            "x": 250,
            "y": 217
          },
          {
            "x": 249.0,
            "y": 217
          },
          {
            "x": 248,
            "y": 218.0
          },
          {
            "x": 247,
            "y": 218.0
          },
          {
            "x": 246.0,
            "y": 219
          },
          {
            "x": 244,
            "y": 219
          },
          {
            "x": 243.0,
            "y": 220.0
          },
          {
            "x": 241,
            "y": 220.0
          },
          {
            "x": 240.0,
            "y": 221
          },
          {
            "x": 239,
            "y": 221
          },
          {
            "x": 238,
            "y": 222
          },
          {
            "x": 237,
            "y": 222
          },
          {
            "x": 236,
            "y": 223.0
          },
          {
            "x": 234,
            "y": 223.0
          },
          {
            "x": 233,
            "y": 224
          },
          {
            "x": 231,
            "y": 224
          },
          {
            "x": 230,
            "y": 225
          },
          {
            "x": 228,
            "y": 225
          },
          {
            "x": 227,
            "y": 226.0
          },
          {
            "x": 225,
            "y": 226.0
          },
          {
            "x": 224,
            "y": 227
          },
          {
            "x": 222,
            "y": 227
          },
          {
            "x": 221,
            "y": 228
          },
          {
            "x": 220.0,
            "y": 228
          },
          {
            "x": 219,
            "y": 229.0
          },
          {
            "x": 218.0,
            "y": 229.0
          },
          {
            "x": 217,
            "y": 230
          }
        ]
      }
    },
    {
      "name": "Sweater Polygon ",
      "polygon": {
        "path": [
          {
            "x": 266,
            "y": 358
          },
          {
            "x": 265,
            "y": 359
          },
          {
            "x": 264,
            "y": 359
          },
          {
            "x": 262,
            "y": 361
          },
          {
            "x": 261,
            "y": 361
          },
          {
            "x": 260,
            "y": 362
          },
          {
            "x": 259,
            "y": 362
          },
          {
            "x": 258,
            "y": 363
          },
          {
            "x": 257,
            "y": 363
          },
          {
            "x": 257,
            "y": 364
          },
          {
            "x": 254,
            "y": 367
          },
          {
            "x": 254,
            "y": 368
          },
          {
            "x": 253,
            "y": 369
          },
          {
            "x": 253,
            "y": 370
          },
          {
            "x": 252.0,
            "y": 371.0
          },
          {
            "x": 251,
            "y": 371.0
          },
          {
            "x": 249,
            "y": 373
          },
          {
            "x": 248,
            "y": 373
          },
          {
            "x": 245,
            "y": 376.0
          },
          {
            "x": 244.0,
            "y": 376.0
          },
          {
            "x": 243,
            "y": 377
          },
          {
            "x": 242,
            "y": 377
          },
          {
            "x": 241,
            "y": 378
          },
          {
            "x": 240,
            "y": 378
          },
          {
            "x": 238,
            "y": 380
          },
          {
            "x": 237,
            "y": 380
          },
          {
            "x": 234,
            "y": 383
          },
          {
            "x": 234,
            "y": 384
          },
          {
            "x": 233,
            "y": 385
          },
          {
            "x": 233,
            "y": 393
          },
          {
            "x": 234,
            "y": 394
          },
          {
            "x": 234,
            "y": 409
          },
          {
            "x": 233,
            "y": 410
          },
          {
            "x": 233,
            "y": 418
          },
          {
            "x": 232,
            "y": 419.0
          },
          {
            "x": 232,
            "y": 423
          },
          {
            "x": 231,
            "y": 424.0
          },
          {
            "x": 231,
            "y": 428
          },
          {
            "x": 232,
            "y": 429.0
          },
          {
            "x": 232,
            "y": 449
          },
          {
            "x": 233,
            "y": 450
          },
          {
            "x": 233,
            "y": 457
          },
          {
            "x": 234,
            "y": 458
          },
          {
            "x": 234,
            "y": 465
          },
          {
            "x": 235,
            "y": 466
          },
          {
            "x": 235,
            "y": 469
          },
          {
            "x": 234,
            "y": 470
          },
          {
            "x": 234,
            "y": 478
          },
          {
            "x": 235,
            "y": 479
          },
          {
            "x": 235,
            "y": 481
          },
          {
            "x": 236.0,
            "y": 482
          },
          {
            "x": 236.0,
            "y": 484
          },
          {
            "x": 237,
            "y": 485
          },
          {
            "x": 237,
            "y": 490
          },
          {
            "x": 235,
            "y": 492
          },
          {
            "x": 235,
            "y": 494
          },
          {
            "x": 234,
            "y": 495
          },
          {
            "x": 234,
            "y": 497
          },
          {
            "x": 233,
            "y": 498
          },
          {
            "x": 234,
            "y": 499.0
          },
          {
            "x": 234,
            "y": 504.0
          },
          {
            "x": 233,
            "y": 505
          },
          {
            "x": 233,
            "y": 511
          },
          {
            "x": 234,
            "y": 511
          },
          {
            "x": 235,
            "y": 512
          },
          {
            "x": 238,
            "y": 512
          },
          {
            "x": 239,
            "y": 513
          },
          {
            "x": 241,
            "y": 513
          },
          {
            "x": 242,
            "y": 514
          },
          {
            "x": 242,
            "y": 535
          },
          {
            "x": 245,
            "y": 535
          },
          {
            "x": 246,
            "y": 534
          },
          {
            "x": 247,
            "y": 534
          },
          {
            "x": 248,
            "y": 533
          },
          {
            "x": 249,
            "y": 533
          },
          {
            "x": 250,
            "y": 532
          },
          {
            "x": 252.0,
            "y": 532
          },
          {
            "x": 253,
            "y": 531
          },
          {
            "x": 254,
            "y": 531
          },
          {
            "x": 255,
            "y": 530
          },
          {
            "x": 258,
            "y": 530
          },
          {
            "x": 259,
            "y": 529
          },
          {
            "x": 260,
            "y": 529
          },
          {
            "x": 261,
            "y": 528
          },
          {
            "x": 263,
            "y": 528
          },
          {
            "x": 264,
            "y": 527
          },
          {
            "x": 265,
            "y": 527
          },
          {
            "x": 266,
            "y": 526
          },
          {
            "x": 268,
            "y": 526
          },
          {
            "x": 270,
            "y": 524
          },
          {
            "x": 272,
            "y": 524
          },
          {
            "x": 273,
            "y": 523
          },
          {
            "x": 274,
            "y": 523
          },
          {
            "x": 275,
            "y": 522
          },
          {
            "x": 276,
            "y": 522
          },
          {
            "x": 277,
            "y": 521
          },
          {
            "x": 278,
            "y": 521
          },
          {
            "x": 279,
            "y": 520
          },
          {
            "x": 280,
            "y": 520
          },
          {
            "x": 281,
            "y": 519
          },
          {
            "x": 283,
            "y": 519
          },
          {
            "x": 284,
            "y": 518
          },
          {
            "x": 285,
            "y": 518
          },
          {
            "x": 286,
            "y": 517
          },
          {
            "x": 287,
            "y": 517
          },
          {
            "x": 288,
            "y": 516
          },
          {
            "x": 289,
            "y": 516
          },
          {
            "x": 292,
            "y": 513
          },
          {
            "x": 293,
            "y": 513
          },
          {
            "x": 295,
            "y": 511
          },
          {
            "x": 296,
            "y": 511
          },
          {
            "x": 297,
            "y": 510
          },
          {
            "x": 298,
            "y": 510
          },
          {
            "x": 300,
            "y": 508
          },
          {
            "x": 301,
            "y": 508
          },
          {
            "x": 305,
            "y": 504.0
          },
          {
            "x": 306,
            "y": 504.0
          },
          {
            "x": 308,
            "y": 502
          },
          {
            "x": 309,
            "y": 502
          },
          {
            "x": 310,
            "y": 503
          },
          {
            "x": 310,
            "y": 505
          },
          {
            "x": 311,
            "y": 506
          },
          {
            "x": 311,
            "y": 523
          },
          {
            "x": 312.0,
            "y": 524
          },
          {
            "x": 312.0,
            "y": 527
          },
          {
            "x": 318,
            "y": 533
          },
          {
            "x": 318,
            "y": 535
          },
          {
            "x": 319,
            "y": 536
          },
          {
            "x": 319,
            "y": 537
          },
          {
            "x": 320,
            "y": 538
          },
          {
            "x": 320,
            "y": 539
          },
          {
            "x": 321,
            "y": 540
          },
          {
            "x": 321,
            "y": 542
          },
          {
            "x": 322,
            "y": 543
          },
          {
            "x": 322,
            "y": 544
          },
          {
            "x": 323.0,
            "y": 545
          },
          {
            "x": 323.0,
            "y": 548
          },
          {
            "x": 324,
            "y": 549
          },
          {
            "x": 324,
            "y": 550
          },
          {
            "x": 325,
            "y": 551
          },
          {
            "x": 325,
            "y": 552
          },
          {
            "x": 326,
            "y": 553
          },
          {
            "x": 326,
            "y": 554
          },
          {
            "x": 327,
            "y": 555
          },
          {
            "x": 327,
            "y": 558
          },
          {
            "x": 328.0,
            "y": 559
          },
          {
            "x": 328.0,
            "y": 560
          },
          {
            "x": 329,
            "y": 561
          },
          {
            "x": 331,
            "y": 561
          },
          {
            "x": 332,
            "y": 560
          },
          {
            "x": 333.0,
            "y": 560
          },
          {
            "x": 337,
            "y": 556
          },
          {
            "x": 338,
            "y": 556
          },
          {
            "x": 342,
            "y": 552
          },
          {
            "x": 342,
            "y": 549
          },
          {
            "x": 341,
            "y": 548
          },
          {
            "x": 341,
            "y": 545
          },
          {
            "x": 340,
            "y": 544
          },
          {
            "x": 340,
            "y": 542
          },
          {
            "x": 339.0,
            "y": 541
          },
          {
            "x": 339.0,
            "y": 538
          },
          {
            "x": 338,
            "y": 537
          },
          {
            "x": 338,
            "y": 535
          },
          {
            "x": 337,
            "y": 534
          },
          {
            "x": 337,
            "y": 531
          },
          {
            "x": 336,
            "y": 530
          },
          {
            "x": 336,
            "y": 528
          },
          {
            "x": 335,
            "y": 527
          },
          {
            "x": 335,
            "y": 512
          },
          {
            "x": 334,
            "y": 511
          },
          {
            "x": 334,
            "y": 507
          },
          {
            "x": 333.0,
            "y": 506
          },
          {
            "x": 333.0,
            "y": 495
          },
          {
            "x": 334,
            "y": 494
          },
          {
            "x": 334,
            "y": 492
          },
          {
            "x": 335,
            "y": 491
          },
          {
            "x": 335,
            "y": 488.0
          },
          {
            "x": 336,
            "y": 487
          },
          {
            "x": 336,
            "y": 485
          },
          {
            "x": 337,
            "y": 484
          },
          {
            "x": 337,
            "y": 481
          },
          {
            "x": 338,
            "y": 480
          },
          {
            "x": 338,
            "y": 479
          },
          {
            "x": 339.0,
            "y": 478
          },
          {
            "x": 339.0,
            "y": 477.0
          },
          {
            "x": 341,
            "y": 475
          },
          {
            "x": 341,
            "y": 474
          },
          {
            "x": 344.0,
            "y": 471
          },
          {
            "x": 344.0,
            "y": 469
          },
          {
            "x": 345,
            "y": 468
          },
          {
            "x": 345,
            "y": 466
          },
          {
            "x": 346,
            "y": 465
          },
          {
            "x": 346,
            "y": 463
          },
          {
            "x": 347,
            "y": 462
          },
          {
            "x": 347,
            "y": 458
          },
          {
            "x": 344.0,
            "y": 455
          },
          {
            "x": 344.0,
            "y": 445.0
          },
          {
            "x": 345,
            "y": 444
          },
          {
            "x": 345,
            "y": 443
          },
          {
            "x": 346,
            "y": 442
          },
          {
            "x": 346,
            "y": 435.0
          },
          {
            "x": 347,
            "y": 434
          },
          {
            "x": 347,
            "y": 433
          },
          {
            "x": 348,
            "y": 432
          },
          {
            "x": 348,
            "y": 428
          },
          {
            "x": 347,
            "y": 427
          },
          {
            "x": 347,
            "y": 426
          },
          {
            "x": 348,
            "y": 425
          },
          {
            "x": 348,
            "y": 423
          },
          {
            "x": 349.0,
            "y": 422
          },
          {
            "x": 349.0,
            "y": 420
          },
          {
            "x": 350,
            "y": 419.0
          },
          {
            "x": 350,
            "y": 399
          },
          {
            "x": 349.0,
            "y": 398
          },
          {
            "x": 349.0,
            "y": 396
          },
          {
            "x": 348,
            "y": 395
          },
          {
            "x": 348,
            "y": 391
          },
          {
            "x": 347,
            "y": 390
          },
          {
            "x": 347,
            "y": 389
          },
          {
            "x": 346,
            "y": 388
          },
          {
            "x": 346,
            "y": 385
          },
          {
            "x": 345,
            "y": 384
          },
          {
            "x": 346,
            "y": 383
          },
          {
            "x": 346,
            "y": 376.0
          },
          {
            "x": 345,
            "y": 375
          },
          {
            "x": 345,
            "y": 374
          },
          {
            "x": 344.0,
            "y": 373
          },
          {
            "x": 344.0,
            "y": 371.0
          },
          {
            "x": 341,
            "y": 368
          },
          {
            "x": 341,
            "y": 367
          },
          {
            "x": 340,
            "y": 367
          },
          {
            "x": 338,
            "y": 365.0
          },
          {
            "x": 337,
            "y": 365.0
          },
          {
            "x": 336,
            "y": 364
          },
          {
            "x": 321,
            "y": 364
          },
          {
            "x": 320,
            "y": 363
          },
          {
            "x": 315,
            "y": 363
          },
          {
            "x": 314,
            "y": 362
          },
          {
            "x": 311,
            "y": 362
          },
          {
            "x": 310,
            "y": 361
          },
          {
            "x": 303,
            "y": 361
          },
          {
            "x": 302,
            "y": 360.0
          },
          {
            "x": 296,
            "y": 360.0
          },
          {
            "x": 295,
            "y": 359
          },
          {
            "x": 288,
            "y": 359
          },
          {
            "x": 287,
            "y": 358
          },
          {
            "x": 278,
            "y": 358
          },
          {
            "x": 277,
            "y": 357
          },
          {
            "x": 271,
            "y": 357
          },
          {
            "x": 270,
            "y": 358
          }
        ]
      }
    },
    {
      "bounding_box": {
        "h": 84.66,
        "w": 105.31,
        "x": 218.58,
        "y": 646.12
      },
      "name": "Shoes "
    }
  ]
}